row_number
124
col_number
248
rank
124
ary
256
*****1's_location/per_row****
0   4  0   108     62   17     124   68     186   44   
1   4  1   215     63   116     125   66     187   213   
2   4  2   236     64   18     126   131     188   127   
3   4  3   45     65   140     127   112     189   31   
4   4  4   170     66   209     128   50     190   243   
5   4  5   4     67   162     129   197     191   119   
6   4  6   34     68   91     130   116     192   80   
7   4  7   188     69   81     131   253     193   30   
8   4  8   240     70   100     132   102     194   222   
9   4  9   96     71   146     133   158     195   66   
10   4  10   96     72   51     134   118     196   112   
11   4  11   77     73   217     135   158     197   201   
12   4  12   253     74   247     136   48     198   150   
13   4  13   17     75   169     137   214     199   200   
14   4  14   237     76   234     138   184     200   192   
15   4  15   191     77   250     139   156     201   104   
16   4  16   213     78   129     140   240     202   214   
17   4  17   238     79   115     141   80     203   105   
18   4  18   82     80   65     142   69     204   44   
19   4  19   7     81   142     143   252     205   235   
20   4  20   70     82   111     144   229     206   225   
21   4  21   78     83   122     145   48     207   200   
22   4  22   154     84   237     146   212     208   63   
23   4  23   38     85   162     147   222     209   136   
24   4  24   143     86   44     148   26     210   86   
25   4  25   82     87   115     149   94     211   34   
26   4  26   102     88   55     150   99     212   64   
27   4  27   84     89   147     151   136     213   179   
28   4  28   6     90   104     152   207     214   58   
29   4  29   93     91   183     153   148     215   245   
30   4  30   52     92   119     154   126     216   69   
31   4  61   227     121   145     181   4     241   93   
32   4  31   106     122   248     182   154     242   103   
33   4  32   143     123   49     183   242     243   147   
34   4  33   119     93   113     184   115     244   196   
35   4  34   247     94   31     185   115     245   155   
36   4  35   217     95   11     155   227     246   110   
37   4  36   29     96   241     156   60     247   90   
38   4  37   139     97   93     157   11     217   113   
39   4  38   248     98   133     158   211     218   206   
40   4  39   33     99   152     159   78     219   126   
41   4  40   83     100   38     160   60     220   220   
42   4  41   22     101   54     161   18     221   88   
43   4  42   248     102   8     162   74     222   47   
44   4  43   227     103   74     163   105     223   113   
45   4  44   111     104   82     164   26     224   48   
46   4  45   145     105   42     165   109     225   158   
47   4  46   35     106   6     166   224     226   100   
48   4  47   5     107   115     167   157     227   106   
49   4  48   97     108   96     168   201     228   106   
50   4  49   51     109   149     169   228     229   55   
51   4  50   129     110   230     170   14     230   46   
52   4  51   162     111   41     171   93     231   24   
53   4  52   83     112   231     172   35     232   245   
54   4  53   35     113   236     173   187     233   187   
55   4  54   101     114   103     174   112     234   248   
56   4  55   174     115   173     175   92     235   198   
57   4  56   249     116   126     176   178     236   235   
58   4  57   97     117   21     177   130     237   169   
59   4  58   198     118   28     178   106     238   48   
60   4  59   32     119   177     179   105     239   73   
61   4  60   25     120   135     180   205     240   103   
62   4  0   251     89   95     205   71     234   121   
63   4  1   82     90   112     206   102     235   249   
64   4  2   241     91   88     207   137     236   222   
65   4  3   251     92   205     208   131     237   54   
66   4  4   241     62   30     209   140     238   178   
67   4  5   167     63   40     210   247     239   58   
68   4  6   233     64   179     211   29     240   224   
69   4  7   193     65   13     212   74     241   225   
70   4  8   82     66   237     213   46     242   58   
71   4  9   66     67   156     214   56     243   44   
72   4  10   151     68   149     215   80     244   121   
73   4  11   79     69   243     216   153     245   58   
74   4  12   69     70   179     186   37     246   14   
75   4  13   235     71   245     187   59     247   88   
76   4  14   248     72   178     188   189     217   66   
77   4  15   79     73   28     189   246     218   16   
78   4  16   160     74   67     190   163     219   159   
79   4  17   253     75   157     191   110     220   122   
80   4  18   68     76   101     192   196     221   168   
81   4  19   21     77   251     193   105     222   10   
82   4  20   64     78   227     194   94     223   240   
83   4  21   145     79   124     195   16     224   239   
84   4  22   106     80   118     196   218     225   34   
85   4  23   230     81   97     197   89     226   218   
86   4  24   205     82   246     198   129     227   248   
87   4  25   125     83   86     199   36     228   227   
88   4  26   34     84   43     200   159     229   63   
89   4  27   41     85   20     201   161     230   75   
90   4  28   189     86   25     202   149     231   26   
91   4  29   50     87   50     203   13     232   46   
92   4  30   107     88   16     204   47     233   39   
93   4  59   164     115   94     143   14     171   96   
94   4  60   190     116   105     144   234     172   153   
95   4  61   184     117   72     145   157     173   162   
96   4  31   201     118   50     146   131     174   34   
97   4  32   101     119   156     147   9     175   130   
98   4  33   127     120   108     148   244     176   128   
99   4  34   19     121   99     149   146     177   175   
100   4  35   250     122   191     150   101     178   202   
101   4  36   78     123   78     151   192     179   76   
102   4  37   23     93   83     152   91     180   150   
103   4  38   125     94   38     153   58     181   181   
104   4  39   179     95   103     154   196     182   237   
105   4  40   31     96   46     124   97     183   42   
106   4  41   19     97   198     125   126     184   9   
107   4  42   44     98   56     126   10     185   167   
108   4  43   249     99   96     127   191     155   244   
109   4  44   19     100   184     128   82     156   74   
110   4  45   147     101   57     129   20     157   187   
111   4  46   2     102   95     130   224     158   66   
112   4  47   36     103   226     131   10     159   61   
113   4  48   130     104   111     132   206     160   14   
114   4  49   188     105   222     133   47     161   90   
115   4  50   75     106   131     134   113     162   89   
116   4  51   218     107   223     135   123     163   134   
117   4  52   233     108   69     136   63     164   210   
118   4  53   117     109   73     137   132     165   69   
119   4  54   146     110   123     138   18     166   40   
120   4  55   143     111   235     139   240     167   199   
121   4  56   33     112   122     140   173     168   245   
122   4  57   128     113   147     141   224     169   210   
123   4  58   93     114   25     142   232     170   157   
*****1's_location/per_col****
0   94  0   1     124   21     125   161     126   42     127   68     128   3     129   166     130   68     131   57     132   94     133   54     134   239     135   219     136   33     137   142     138   66     139   28     140   172     141   104     142   184     143   192     144   221     145   4     146   179     147   8     148   76     149   82     150   126     151   167     152   157     153   86     154   15     186   159     187   222     188   102     189   58     190   175     191   44     192   30     193   166     194   105     195   250     196   168     197   225     198   210     199   54     200   155     201   73     202   98     203   231     204   36     205   49     206   242     207   158     208   186     209   111     210   49     211   249     212   234     213   13     214   216     215   133     216   250     217   41     218   100     219   78     220   207     221   34     222   72     223   228     224   186     225   211     226   55     227   53     228   115     229   100     230   234     231   161     232   246     233   43     234   62     235   230     236   230     237   165     238   90     239   77     240   170     241   87     242   66     243   125     244   121     245   105     246   126     247   180   
1   94  1   1     124   196     125   8     126   211     127   181     128   194     129   41     130   181     131   113     132   129     133   87     134   114     135   237     136   150     137   50     138   240     139   132     140   128     141   35     142   101     143   72     144   207     145   141     146   206     147   7     148   105     149   254     150   104     151   77     152   137     153   115     154   38     186   254     187   4     188   97     189   221     190   66     191   150     192   76     193   41     194   17     195   149     196   107     197   48     198   34     199   87     200   213     201   91     202   18     203   117     204   145     205   118     206   1     207   60     208   173     209   47     210   83     211   57     212   155     213   209     214   243     215   153     216   149     217   127     218   169     219   30     220   110     221   212     222   63     223   7     224   173     225   234     226   51     227   231     228   134     229   169     230   155     231   26     232   31     233   183     234   80     235   112     236   17     237   133     238   111     239   214     240   163     241   23     242   49     243   196     244   73     245   71     246   162     247   239   
2   94  2   1     124   32     125   98     126   115     127   147     128   168     129   188     130   147     131   179     132   87     133   31     134   247     135   50     136   4     137   199     138   228     139   155     140   107     141   72     142   164     143   70     144   153     145   118     146   165     147   180     148   169     149   205     150   149     151   138     152   170     153   187     154   91     186   145     187   49     188   84     189   6     190   195     191   13     192   182     193   18     194   219     195   208     196   209     197   52     198   171     199   31     200   251     201   229     202   159     203   28     204   176     205   7     206   60     207   2     208   137     209   154     210   193     211   74     212   53     213   11     214   124     215   201     216   64     217   198     218   121     219   146     220   103     221   199     222   125     223   180     224   227     225   134     226   112     227   183     228   201     229   121     230   53     231   98     232   74     233   235     234   92     235   143     236   143     237   167     238   33     239   58     240   252     241   83     242   8     243   104     244   122     245   15     246   192     247   66   
3   94  3   1     124   13     125   6     126   26     127   43     128   125     129   215     130   190     131   38     132   39     133   121     134   171     135   148     136   34     137   155     138   68     139   111     140   196     141   94     142   226     143   41     144   126     145   172     146   218     147   147     148   251     149   206     150   46     151   97     152   108     153   98     154   148     186   58     187   3     188   225     189   51     190   185     191   224     192   53     193   153     194   117     195   166     196   104     197   167     198   234     199   121     200   150     201   135     202   77     203   238     204   165     205   181     206   227     207   17     208   180     209   233     210   168     211   219     212   122     213   211     214   249     215   163     216   168     217   103     218   93     219   173     220   162     221   95     222   127     223   147     224   180     225   193     226   159     227   4     228   236     229   183     230   33     231   6     232   79     233   49     234   244     235   197     236   197     237   170     238   139     239   208     240   62     241   5     242   68     243   83     244   255     245   241     246   46     247   11   
4   94  4   1     124   106     125   124     126   50     127   57     128   60     129   16     130   57     131   83     132   236     133   159     134   205     135   122     136   174     137   10     138   65     139   173     140   152     141   115     142   149     143   187     144   2     145   80     146   9     147   160     148   153     149   28     150   86     151   4     152   107     153   76     154   204     186   246     187   62     188   171     189   111     190   164     191   74     192   133     193   16     194   103     195   212     196   200     197   21     198   206     199   159     200   19     201   221     202   251     203   109     204   234     205   243     206   116     207   87     208   189     209   49     210   243     211   232     212   137     213   228     214   70     215   150     216   212     217   14     218   131     219   177     220   119     221   146     222   201     223   81     224   189     225   218     226   139     227   163     228   178     229   131     230   137     231   124     232   36     233   38     234   63     235   121     236   121     237   44     238   246     239   141     240   224     241   88     242   65     243   106     244   58     245   103     246   86     247   101   
5   94  5   1     124   65     125   31     126   223     127   5     128   15     129   114     130   5     131   68     132   59     133   141     134   99     135   51     136   165     137   112     138   127     139   82     140   38     141   160     142   253     143   251     144   142     145   167     146   147     147   83     148   97     149   217     150   124     151   146     152   211     153   126     154   201     186   217     187   24     188   137     189   121     190   41     191   165     192   143     193   114     194   208     195   130     196   91     197   74     198   189     199   141     200   145     201   17     202   247     203   48     204   246     205   23     206   29     207   214     208   32     209   60     210   245     211   191     212   36     213   229     214   88     215   30     216   130     217   226     218   84     219   107     220   50     221   140     222   241     223   83     224   32     225   96     226   109     227   225     228   104     229   84     230   36     231   31     232   118     233   63     234   222     235   89     236   208     237   79     238   47     239   100     240   134     241   158     242   87     243   65     244   230     245   64     246   155     247   9   
6   94  6   1     124   107     125   64     126   214     127   7     128   9     129   85     130   7     131   108     132   135     133   130     134   93     135   45     136   231     137   141     138   235     139   212     140   99     141   5     142   61     143   204     144   41     145   28     146   205     147   134     148   249     149   163     150   29     151   159     152   244     153   191     154   179     186   250     187   32     188   100     189   26     190   106     191   196     192   123     193   70     194   2     195   220     196   44     197   55     198   4     199   130     200   105     201   27     202   51     203   143     204   97     205   234     206   228     207   253     208   146     209   36     210   151     211   213     212   199     213   222     214   50     215   68     216   214     217   125     218   37     219   247     220   87     221   141     222   194     223   134     224   1     225   171     226   6     227   139     228   68     229   37     230   199     231   64     232   248     233   210     234   89     235   136     236   136     237   48     238   155     239   254     240   113     241   96     242   211     243   110     244   40     245   57     246   103     247   43   
7   94  7   1     124   184     125   80     126   109     127   182     128   76     129   7     130   182     131   119     132   111     133   44     134   83     135   97     136   23     137   233     138   46     139   225     140   178     141   67     142   197     143   255     144   100     145   27     146   191     147   41     148   128     149   66     150   183     151   113     152   201     153   89     154   97     186   74     187   40     188   237     189   87     190   254     191   245     192   194     193   217     194   140     195   235     196   169     197   243     198   5     199   44     200   81     201   212     202   246     203   101     204   195     205   94     206   221     207   133     208   70     209   45     210   123     211   167     212   135     213   103     214   176     215   147     216   123     217   33     218   107     219   3     220   139     221   91     222   124     223   41     224   70     225   202     226   137     227   96     228   85     229   110     230   63     231   80     232   198     233   162     234   8     235   170     236   170     237   75     238   116     239   79     240   42     241   150     242   46     243   251     244   224     245   112     246   183     247   232   
8   94  8   1     124   142     125   137     126   146     127   31     128   33     129   43     130   31     131   145     132   231     133   32     134   72     135   165     136   164     137   116     138   85     139   178     140   245     141   199     142   84     143   181     144   239     145   135     146   98     147   19     148   12     149   115     150   171     151   195     152   119     153   244     154   177     186   184     187   202     188   158     189   180     190   4     191   216     192   127     193   43     194   47     195   1     196   114     197   17     198   94     199   32     200   61     201   99     202   25     203   91     204   203     205   130     206   18     207   82     208   153     209   132     210   130     211   36     212   39     213   247     214   128     215   66     216   1     217   183     218   83     219   193     220   4     221   129     222   139     223   126     224   153     225   182     226   200     227   5     228   215     229   83     230   39     231   137     232   149     233   122     234   51     235   179     236   179     237   14     238   184     239   228     240   191     241   28     242   173     243   142     244   9     245   47     246   171     247   192   
9   94  9   1     124   169     125   186     126   78     127   54     128   90     129   56     130   54     131   159     132   95     133   21     134   104     135   47     136   184     137   154     138   192     139   91     140   249     141   142     142   143     143   171     144   7     145   164     146   161     147   85     148   116     149   106     150   210     151   175     152   6     153   206     154   138     186   106     187   144     188   45     189   228     190   163     191   148     192   9     193   134     194   20     195   79     196   37     197   203     198   40     199   21     200   189     201   238     202   227     203   61     204   237     205   202     206   166     207   48     208   221     209   117     210   255     211   52     212   229     213   31     214   233     215   180     216   79     217   53     218   127     219   24     220   33     221   27     222   199     223   85     224   221     225   122     226   60     227   39     228   10     229   127     230   229     231   186     232   190     233   103     234   64     235   57     236   20     237   253     238   135     239   66     240   119     241   231     242   109     243   139     244   13     245   167     246   209     247   126   
10   94  10   1     124   146     125   15     126   57     127   205     128   74     129   86     130   62     131   95     132   211     133   64     134   51     135   127     136   85     137   232     138   140     139   103     140   247     141   147     142   181     143   200     144   195     145   19     146   231     147   252     148   24     149   230     150   60     151   124     152   238     153   245     154   44     186   105     187   137     188   58     189   241     190   189     191   173     192   178     193   237     194   94     195   2     196   80     197   142     198   188     199   64     200   204     201   222     202   50     203   182     204   169     205   163     206   36     207   164     208   138     209   53     210   25     211   72     212   220     213   92     214   29     215   132     216   57     217   186     218   26     219   159     220   8     221   232     222   79     223   252     224   47     225   131     226   226     227   10     228   179     229   26     230   220     231   15     232   55     233   133     234   143     235   123     236   123     237   67     238   192     239   213     240   99     241   134     242   170     243   1     244   18     245   9     246   75     247   157   
11   94  11   1     124   91     125   19     126   182     127   40     128   245     129   183     130   40     131   26     132   117     133   28     134   63     135   6     136   225     137   167     138   223     139   140     140   179     141   105     142   187     143   169     144   114     145   81     146   236     147   104     148   138     149   134     150   199     151   80     152   11     153   215     154   6     186   173     187   135     188   60     189   164     190   70     191   65     192   12     193   241     194   58     195   100     196   226     197   25     198   116     199   28     200   252     201   2     202   109     203   157     204   227     205   96     206   198     207   254     208   29     209   243     210   184     211   145     212   61     213   94     214   112     215   240     216   100     217   67     218   238     219   44     220   141     221   20     222   15     223   104     224   29     225   39     226   78     227   233     228   103     229   154     230   102     231   19     232   151     233   229     234   43     235   206     236   206     237   66     238   36     239   217     240   68     241   132     242   223     243   50     244   99     245   58     246   199     247   72   
12   94  12   1     124   254     125   99     126   176     127   112     128   144     129   20     130   112     131   142     132   152     133   113     134   185     135   234     136   11     137   134     138   22     139   193     140   190     141   166     142   247     143   92     144   140     145   68     146   76     147   136     148   248     149   27     150   205     151   5     152   184     153   95     154   255     186   27     187   191     188   72     189   189     190   163     191   214     192   227     193   20     194   210     195   225     196   250     197   87     198   115     199   113     200   222     201   173     202   12     203   49     204   94     205   6     206   105     207   139     208   213     209   122     210   6     211   210     212   236     213   97     214   217     215   61     216   225     217   131     218   106     219   218     220   163     221   56     222   188     223   2     224   213     225   98     226   96     227   66     228   16     229   106     230   236     231   99     232   45     233   161     234   249     235   32     236   32     237   39     238   69     239   233     240   216     241   78     242   177     243   254     244   186     245   183     246   62     247   59   
13   94  13   1     124   29     125   55     126   191     127   236     128   41     129   137     130   236     131   241     132   130     133   248     134   235     135   141     136   32     137   90     138   115     139   172     140   127     141   204     142   73     143   10     144   188     145   234     146   65     147   201     148   33     149   252     150   220     151   36     152   57     153   22     154   226     186   252     187   149     188   154     189   48     190   86     191   63     192   217     193   144     194   150     195   177     196   198     197   189     198   49     199   19     200   139     201   123     202   140     203   34     204   233     205   56     206   253     207   213     208   60     209   164     210   70     211   251     212   181     213   88     214   199     215   82     216   58     217   126     218   239     219   228     220   232     221   118     222   207     223   201     224   60     225   68     226   167     227   209     228   75     229   239     230   181     231   55     232   25     233   11     234   218     235   12     236   150     237   81     238   21     239   205     240   179     241   162     242   64     243   103     244   247     245   120     246   78     247   42   
14   94  14   1     124   146     125   15     126   57     127   205     128   74     129   86     130   62     131   95     132   211     133   64     134   144     135   127     136   85     137   232     138   140     139   103     140   247     141   147     142   181     143   200     144   195     145   19     146   231     147   252     148   24     149   230     150   60     151   124     152   238     153   245     154   44     186   105     187   137     188   33     189   241     190   189     191   173     192   178     193   237     194   94     195   2     196   43     197   142     198   188     199   64     200   204     201   222     202   50     203   182     204   169     205   163     206   36     207   164     208   138     209   53     210   25     211   72     212   220     213   92     214   29     215   132     216   57     217   115     218   26     219   159     220   8     221   232     222   79     223   252     224   47     225   131     226   226     227   10     228   179     229   26     230   220     231   15     232   55     233   133     234   143     235   123     236   123     237   67     238   192     239   213     240   99     241   134     242   170     243   1     244   18     245   9     246   75     247   157   
15   94  15   1     124   167     125   204     126   83     127   63     128   225     129   76     130   63     131   43     132   218     133   105     134   143     135   88     136   112     137   161     138   224     139   191     140   48     141   179     142   200     143   27     144   135     145   97     146   235     147   172     148   253     149   121     150   245     151   126     152   217     153   24     154   66     186   103     187   102     188   174     189   202     190   209     191   140     192   132     193   157     194   236     195   40     196   81     197   197     198   197     199   105     200   6     201   62     202   207     203   77     204   78     205   84     206   234     207   56     208   118     209   163     210   233     211   201     212   177     213   196     214   185     215   130     216   40     217   178     218   16     219   67     220   160     221   145     222   165     223   172     224   118     225   154     226   41     227   136     228   9     229   16     230   22     231   204     232   139     233   12     234   30     235   18     236   18     237   173     238   187     239   162     240   239     241   71     242   224     243   20     244   117     245   236     246   245     247   107   
16   94  16   1     124   251     125   80     126   109     127   182     128   199     129   7     130   182     131   77     132   99     133   44     134   83     135   252     136   245     137   233     138   46     139   65     140   178     141   67     142   197     143   234     144   100     145   27     146   191     147   54     148   128     149   66     150   183     151   200     152   201     153   89     154   97     186   66     187   40     188   237     189   1     190   174     191   245     192   194     193   7     194   167     195   235     196   169     197   253     198   202     199   44     200   81     201   84     202   246     203   101     204   195     205   123     206   221     207   133     208   70     209   59     210   123     211   167     212   135     213   121     214   176     215   147     216   235     217   33     218   110     219   204     220   139     221   91     222   155     223   41     224   70     225   202     226   227     227   96     228   85     229   110     230   135     231   80     232   198     233   162     234   26     235   170     236   170     237   75     238   129     239   79     240   42     241   150     242   247     243   251     244   224     245   140     246   32     247   232   
17   94  17   1     124   150     125   68     126   240     127   53     128   95     129   207     130   53     131   163     132   189     133   39     134   73     135   62     136   219     137   148     138   30     139   158     140   16     141   238     142   47     143   9     144   125     145   50     146   208     147   100     148   160     149   214     150   13     151   42     152   188     153   228     154   205     186   214     187   34     188   161     189   56     190   79     191   143     192   135     193   168     194   175     195   8     196   231     197   6     198   67     199   233     200   57     201   225     202   69     203   45     204   191     205   199     206   173     207   137     208   54     209   97     210   172     211   170     212   249     213   183     214   156     215   190     216   49     217   107     218   184     219   202     220   96     221   148     222   99     223   100     224   54     225   90     226   236     227   120     228   217     229   184     230   249     231   68     232   103     233   114     234   10     235   14     236   175     237   51     238   105     239   149     240   254     241   102     242   171     243   12     244   164     245   108     246   83     247   210   
18   94  18   1     124   43     125   132     126   86     127   60     128   68     129   48     130   75     131   23     132   41     133   188     134   74     135   73     136   239     137   30     138   195     139   255     140   181     141   149     142   104     143   64     144   6     145   240     146   154     147   243     148   182     149   36     150   42     151   150     152   189     153   212     154   5     186   197     187   66     188   224     189   22     190   241     191   222     192   146     193   98     194   169     195   97     196   24     197   95     198   79     199   188     200   121     201   204     202   16     203   183     204   28     205   228     206   156     207   249     208   157     209   13     210   8     211   37     212   173     213   200     214   202     215   167     216   86     217   18     218   215     219   206     220   153     221   171     222   56     223   243     224   218     225   186     226   230     227   248     228   203     229   215     230   173     231   132     232   108     233   25     234   225     235   139     236   139     237   99     238   217     239   138     240   61     241   198     242   195     243   190     244   78     245   39     246   250     247   175   
19   94  19   1     124   195     125   33     126   155     127   219     128   17     129   12     130   219     131   122     132   77     133   47     134   156     135   173     136   242     137   137     138   249     139   180     140   106     141   98     142   166     143   16     144   143     145   60     146   207     147   245     148   163     149   9     150   176     151   171     152   104     153   53     154   85     186   118     187   158     188   56     189   107     190   123     191   185     192   170     193   12     194   109     195   95     196   86     197   218     198   218     199   47     200   74     201   129     202   4     203   228     204   193     205   57     206   39     207   121     208   184     209   68     210   2     211   78     212   175     213   50     214   188     215   224     216   95     217   138     218   38     219   189     220   97     221   227     222   159     223   245     224   184     225   213     226   183     227   62     228   251     229   38     230   108     231   33     232   27     233   148     234   127     235   235     236   235     237   29     238   113     239   172     240   72     241   58     242   249     243   161     244   157     245   109     246   176     247   226   
20   94  20   1     124   50     125   19     126   182     127   40     128   120     129   183     130   40     131   26     132   197     133   28     134   63     135   133     136   65     137   167     138   223     139   170     140   45     141   105     142   187     143   139     144   114     145   81     146   236     147   162     148   138     149   134     150   199     151   228     152   11     153   215     154   6     186   134     187   135     188   60     189   239     190   85     191   65     192   12     193   183     194   206     195   100     196   226     197   106     198   39     199   28     200   252     201   136     202   57     203   157     204   227     205   184     206   198     207   254     208   29     209   253     210   184     211   145     212   61     213   123     214   112     215   240     216   100     217   67     218   154     219   127     220   141     221   20     222   219     223   162     224   29     225   39     226   79     227   233     228   103     229   154     230   61     231   19     232   151     233   229     234   190     235   206     236   206     237   66     238   101     239   217     240   68     241   132     242   130     243   50     244   99     245   58     246   172     247   72   
21   94  21   1     124   38     125   130     126   229     127   23     128   57     129   231     130   23     131   49     132   14     133   197     134   176     135   221     136   205     137   133     138   63     139   144     140   113     141   203     142   115     143   105     144   120     145   48     146   7     147   96     148   77     149   255     150   50     151   247     152   209     153   207     154   68     186   255     187   65     188   146     189   37     190   72     191   62     192   136     193   251     194   220     195   199     196   179     197   248     198   165     199   253     200   250     201   75     202   93     203   221     204   173     205   81     206   127     207   198     208   107     209   228     210   160     211   88     212   140     213   27     214   51     215   114     216   76     217   241     218   138     219   99     220   59     221   133     222   71     223   96     224   110     225   189     226   121     227   252     228   110     229   138     230   140     231   130     232   28     233   233     234   21     235   78     236   220     237   239     238   82     239   90     240   171     241   195     242   135     243   237     244   22     245   214     246   212     247   164   
22   94  22   1     124   2     125   171     126   4     127   124     128   132     129   194     130   155     131   126     132   55     133   189     134   15     135   174     136   71     137   62     138   142     139   242     140   253     141   138     142   131     143   238     144   95     145   237     146   149     147   76     148   92     149   29     150   150     151   43     152   41     153   240     154   254     186   209     187   219     188   88     189   234     190   121     191   17     192   65     193   172     194   246     195   13     196   16     197   68     198   241     199   189     200   108     201   145     202   181     203   200     204   37     205   50     206   202     207   173     208   94     209   42     210   212     211   137     212   156     213   251     214   206     215   125     216   4     217   128     218   81     219   164     220   52     221   195     222   22     223   76     224   123     225   141     226   7     227   57     228   90     229   81     230   156     231   171     232   39     233   245     234   204     235   180     236   180     237   56     238   218     239   32     240   232     241   112     242   142     243   136     244   101     245   188     246   12     247   169   
23   94  23   1     124   97     125   125     126   194     127   12     128   167     129   184     130   12     131   240     132   108     133   241     134   132     135   68     136   161     137   75     138   95     139   51     140   77     141   157     142   186     143   178     144   23     145   98     146   217     147   231     148   200     149   202     150   91     151   24     152   121     153   168     154   1     186   72     187   176     188   10     189   87     190   234     191   145     192   2     193   184     194   11     195   229     196   47     197   19     198   22     199   241     200   42     201   155     202   104     203   64     204   85     205   58     206   33     207   222     208   139     209   166     210   52     211   66     212   112     213   238     214   227     215   40     216   229     217   101     218   59     219   249     220   179     221   6     222   170     223   231     224   139     225   128     226   103     227   86     228   107     229   59     230   17     231   125     232   67     233   84     234   130     235   214     236   214     237   31     238   14     239   94     240   30     241   62     242   95     243   252     244   158     245   11     246   91     247   28   
24   94  24   1     124   127     125   191     126   88     127   56     128   72     129   10     130   56     131   71     132   76     133   182     134   210     135   117     136   107     137   67     138   11     139   238     140   63     141   83     142   245     143   46     144   85     145   34     146   38     147   68     148   124     149   131     150   232     151   140     152   92     153   161     154   241     186   131     187   209     188   36     189   208     190   119     191   107     192   255     193   10     194   16     195   254     196   125     197   165     198   32     199   182     200   111     201   216     202   35     203   150     204   47     205   3     206   237     207   203     208   228     209   61     210   3     211   105     212   118     213   190     214   226     215   144     216   254     217   207     218   53     219   235     220   223     221   28     222   94     223   68     224   228     225   49     226   48     227   44     228   8     229   53     230   118     231   191     232   152     233   222     234   242     235   16     236   16     237   157     238   172     239   250     240   108     241   39     242   214     243   127     244   93     245   213     246   31     247   147   
25   94  25   1     124   10     125   61     126   167     127   145     128   174     129   237     130   145     131   155     132   235     133   115     134   201     135   44     136   70     137   198     138   112     139   29     140   46     141   152     142   100     143   113     144   62     145   126     146   251     147   97     148   49     149   178     150   244     151   135     152   141     153   12     154   33     186   178     187   144     188   87     189   101     190   128     191   85     192   66     193   38     194   9     195   57     196   166     197   73     198   18     199   115     200   3     201   239     202   91     203   44     204   39     205   250     206   197     207   27     208   59     209   130     210   163     211   234     212   214     213   48     214   209     215   65     216   20     217   89     218   8     219   14     220   228     221   198     222   78     223   97     224   138     225   77     226   27     227   221     228   47     229   8     230   214     231   61     232   203     233   6     234   219     235   94     236   9     237   216     238   149     239   160     240   249     241   173     242   140     243   146     244   180     245   118     246   60     247   55   
26   94  26   1     124   41     125   47     126   82     127   64     128   192     129   242     130   208     131   105     132   30     133   1     134   69     135   231     136   168     137   32     138   77     139   13     140   72     141   31     142   33     143   174     144   89     145   29     146   219     147   191     148   234     149   57     150   188     151   189     152   148     153   36     154   251     186   20     187   153     188   184     189   252     190   136     191   207     192   211     193   206     194   95     195   108     196   85     197   27     198   190     199   1     200   9     201   93     202   165     203   127     204   98     205   214     206   86     207   84     208   252     209   39     210   220     211   172     212   49     213   51     214   4     215   218     216   82     217   146     218   134     219   106     220   173     221   104     222   46     223   191     224   161     225   254     226   225     227   193     228   145     229   56     230   49     231   47     232   75     233   236     234   45     235   63     236   63     237   91     238   3     239   170     240   213     241   182     242   77     243   54     244   43     245   155     246   246     247   6   
27   94  27   1     124   157     125   162     126   39     127   27     128   179     129   67     130   27     131   193     132   195     133   132     134   52     135   153     136   48     137   77     138   96     139   163     140   206     141   71     142   201     143   219     144   226     145   82     146   222     147   164     148   191     149   53     150   105     151   54     152   171     153   103     154   69     186   130     187   81     188   152     189   114     190   125     191   92     192   138     193   67     194   221     195   169     196   156     197   235     198   167     199   132     200   208     201   119     202   202     203   144     204   248     205   244     206   13     207   24     208   224     209   166     210   101     211   26     212   252     213   116     214   42     215   90     216   169     217   148     218   177     219   150     220   158     221   131     222   237     223   35     224   224     225   61     226   30     227   55     228   5     229   177     230   252     231   162     232   95     233   189     234   183     235   10     236   10     237   240     238   145     239   37     240   181     241   253     242   96     243   218     244   136     245   221     246   105     247   63   
28   94  28   1     124   89     125   96     126   189     127   47     128   113     129   241     130   47     131   118     132   66     133   195     134   98     135   168     136   166     137   69     138   52     139   126     140   78     141   137     142   134     143   71     144   45     145   18     146   33     147   36     148   214     149   124     150   218     151   123     152   142     153   110     154   181     186   124     187   48     188   182     189   245     190   63     191   166     192   119     193   241     194   204     195   178     196   206     197   93     198   133     199   195     200   149     201   147     202   216     203   70     204   130     205   82     206   44     207   13     208   143     209   217     210   243     211   49     212   250     213   165     214   43     215   226     216   178     217   62     218   191     219   136     220   242     221   153     222   25     223   36     224   143     225   140     226   73     227   208     228   102     229   191     230   250     231   184     232   132     233   55     234   231     235   204     236   204     237   114     238   254     239   129     240   199     241   228     242   81     243   89     244   75     245   3     246   203     247   176   
29   94  29   1     124   106     125   155     126   50     127   57     128   75     129   52     130   57     131   83     132   18     133   82     134   205     135   122     136   74     137   146     138   65     139   173     140   147     141   64     142   149     143   187     144   136     145   228     146   9     147   160     148   215     149   35     150   86     151   4     152   110     153   76     154   204     186   28     187   195     188   171     189   111     190   216     191   66     192   133     193   16     194   121     195   84     196   200     197   21     198   242     199   82     200   19     201   221     202   231     203   235     204   234     205   243     206   129     207   139     208   189     209   49     210   253     211   101     212   137     213   45     214   85     215   150     216   212     217   14     218   131     219   165     220   77     221   146     222   201     223   160     224   178     225   218     226   139     227   25     228   105     229   131     230   137     231   155     232   101     233   38     234   63     235   210     236   121     237   44     238   246     239   238     240   224     241   88     242   148     243   42     244   58     245   103     246   97     247   241   
30   94  30   1     124   29     125   55     126   58     127   236     128   41     129   137     130   18     131   241     132   130     133   248     134   211     135   141     136   32     137   118     138   64     139   172     140   127     141   122     142   142     143   10     144   188     145   151     146   148     147   201     148   33     149   38     150   78     151   36     152   57     153   177     154   226     186   252     187   149     188   27     189   48     190   86     191   104     192   7     193   144     194   150     195   206     196   232     197   189     198   49     199   248     200   107     201   123     202   140     203   224     204   91     205   56     206   253     207   16     208   48     209   164     210   70     211   231     212   109     213   88     214   199     215   108     216   58     217   19     218   239     219   228     220   31     221   9     222   207     223   201     224   75     225   221     226   167     227   209     228   6     229   222     230   181     231   55     232   106     233   214     234   218     235   12     236   12     237   81     238   21     239   205     240   45     241   162     242   64     243   103     244   240     245   120     246   78     247   42   
31   94  31   1     124   116     125   179     126   123     127   240     128   158     129   49     130   184     131   224     132   132     133   247     134   232     135   105     136   46     137   6     138   200     139   186     140   104     141   97     142   203     143   25     144   145     145   64     146   124     147   213     148   29     149   214     150   224     151   230     152   186     153   30     154   253     155   53     156   241     157   155     158   236     159   101     160   249     161   106     162   192     163   171     164   234     165   171     166   178     167   212     168   26     169   175     170   192     171   99     172   183     173   195     174   19     175   97     176   131     177   232     178   8     179   133     180   65     181   97     182   138     183   213     184   91     185   57     217   83     218   5     219   175     220   148     221   180     222   210     223   140     224   72     225   172     226   120     227   129     228   100     229   53     230   62     231   113     232   251     233   7     234   229     235   245     236   19     237   50     238   154     239   156     240   51     241   88     242   157     243   34     244   32     245   110     246   89     247   241   
32   94  32   1     124   69     125   204     126   133     127   86     128   182     129   158     130   254     131   254     132   217     133   165     134   138     135   7     136   177     137   139     138   73     139   141     140   161     141   234     142   130     143   120     144   118     145   155     146   188     147   181     148   86     149   212     150   254     151   248     152   135     153   157     154   172     155   75     156   46     157   246     158   120     159   121     160   215     161   216     162   176     163   161     164   243     165   218     166   126     167   49     168   111     169   40     170   176     171   70     172   62     173   123     174   36     175   83     176   224     177   138     178   254     179   197     180   41     181   234     182   104     183   31     184   70     185   103     217   191     218   64     219   139     220   54     221   245     222   38     223   87     224   98     225   227     226   78     227   173     228   170     229   108     230   94     231   251     232   174     233   57     234   51     235   248     236   36     237   85     238   68     239   255     240   231     241   141     242   123     243   186     244   195     245   42     246   226     247   46   
33   94  33   1     124   37     125   135     126   19     127   26     128   99     129   201     130   122     131   122     132   63     133   137     134   208     135   107     136   228     137   197     138   148     139   187     140   109     141   99     142   120     143   86     144   65     145   136     146   121     147   196     148   78     149   98     150   122     151   110     152   57     153   246     154   52     155   190     156   28     157   210     158   86     159   67     160   44     161   158     162   133     163   221     164   70     165   180     166   40     167   194     168   92     169   50     170   133     171   87     172   149     173   105     174   206     175   91     176   45     177   208     178   122     179   57     180   152     181   99     182   27     183   196     184   87     185   216     217   70     218   41     219   197     220   95     221   237     222   228     223   15     224   173     225   222     226   255     227   33     228   69     229   79     230   178     231   59     232   32     233   106     234   232     235   4     236   106     237   37     238   125     239   111     240   170     241   187     242   105     243   204     244   68     245   24     246   203     247   28   
34   94  34   1     124   89     125   248     126   165     127   143     128   211     129   102     130   82     131   82     132   214     133   219     134   12     135   8     136   15     137   72     138   121     139   4     140   20     141   232     142   173     143   33     144   103     145   83     146   92     147   68     148   81     149   96     150   82     151   26     152   4     153   91     154   3     155   22     156   147     157   191     158   33     159   152     160   115     161   44     162   35     163   197     164   138     165   197     166   144     167   88     168   5     169   181     170   35     171   208     172   136     173   209     174   96     175   232     176   130     177   178     178   82     179   202     180   79     181   139     182   126     183   68     184   74     185   215     217   170     218   97     219   181     220   11     221   172     222   15     223   54     224   179     225   145     226   113     227   186     228   132     229   22     230   46     231   53     232   75     233   84     234   55     235   227     236   249     237   66     238   191     239   235     240   94     241   110     242   247     243   159     244   167     245   112     246   114     247   147   
35   94  35   1     124   104     125   135     126   19     127   227     128   251     129   201     130   122     131   193     132   139     133   137     134   208     135   114     136   144     137   197     138   148     139   57     140   221     141   99     142   120     143   156     144   128     145   136     146   121     147   142     148   26     149   98     150   122     151   4     152   57     153   246     154   219     155   79     156   76     157   210     158   86     159   229     160   93     161   158     162   133     163   180     164   147     165   180     166   40     167   33     168   112     169   50     170   133     171   32     172   1     173   105     174   206     175   99     176   225     177   208     178   122     179   36     180   39     181   99     182   191     183   142     184   87     185   216     217   70     218   41     219   50     220   169     221   237     222   228     223   154     224   153     225   222     226   255     227   162     228   74     229   79     230   178     231   65     232   30     233   106     234   232     235   202     236   206     237   37     238   125     239   184     240   138     241   187     242   105     243   7     244   68     245   24     246   20     247   76   
36   94  36   1     124   95     125   36     126   72     127   222     128   65     129   235     130   110     131   110     132   50     133   192     134   190     135   212     136   149     137   253     138   108     139   106     140   209     141   59     142   156     143   227     144   86     145   185     146   229     147   132     148   222     149   66     150   110     151   84     152   206     153   46     154   161     155   234     156   61     157   76     158   227     159   160     160   135     161   113     162   214     163   209     164   30     165   247     166   116     167   143     168   115     169   170     170   214     171   154     172   121     173   38     174   153     175   140     176   159     177   190     178   110     179   206     180   233     181   59     182   167     183   47     184   154     185   81     217   32     218   13     219   253     220   91     221   137     222   31     223   157     224   3     225   90     226   184     227   226     228   54     229   182     230   252     231   60     232   39     233   173     234   9     235   249     236   153     237   27     238   28     239   45     240   75     241   106     242   38     243   107     244   210     245   44     246   25     247   61   
37   94  37   1     124   222     125   53     126   106     127   92     128   87     129   140     130   1     131   1     132   130     133   17     134   218     135   103     136   98     137   164     138   95     139   189     140   115     141   87     142   13     143   233     144   155     145   23     146   11     147   162     148   185     149   81     150   1     151   121     152   189     153   14     154   184     155   163     156   72     157   214     158   233     159   151     160   232     161   99     162   57     163   244     164   137     165   159     166   240     167   182     168   213     169   172     170   57     171   239     172   89     173   107     174   158     175   199     176   238     177   218     178   1     179   150     180   125     181   87     182   90     183   162     184   197     185   234     217   137     218   246     219   164     220   223     221   84     222   98     223   34     224   201     225   254     226   56     227   198     228   131     229   191     230   139     231   154     232   192     233   97     234   74     235   24     236   97     237   222     238   19     239   127     240   219     241   189     242   107     243   146     244   186     245   80     246   128     247   72   
38   94  38   1     124   34     125   128     126   240     127   215     128   61     129   152     130   53     131   53     132   245     133   153     134   246     135   164     136   69     137   237     138   136     139   82     140   7     141   213     142   84     143   48     144   2     145   175     146   234     147   27     148   134     149   227     150   53     151   216     152   82     153   126     154   179     155   46     156   116     157   40     158   48     159   99     160   5     161   92     162   25     163   19     164   31     165   19     166   199     167   184     168   200     169   165     170   25     171   142     172   54     173   20     174   227     175   213     176   187     177   68     178   53     179   86     180   12     181   213     182   105     183   27     184   196     185   165     217   181     218   121     219   165     220   23     221   206     222   69     223   132     224   222     225   93     226   44     227   224     228   192     229   46     230   117     231   55     232   94     233   78     234   30     235   194     236   26     237   96     238   40     239   102     240   195     241   60     242   197     243   130     244   217     245   234     246   159     247   116   
39   94  39   1     124   115     125   190     126   97     127   61     128   192     129   15     130   6     131   175     132   78     133   102     134   230     135   166     136   143     137   255     138   223     139   83     140   2     141   239     142   46     143   127     144   210     145   114     146   58     147   10     148   213     149   251     150   6     151   80     152   83     153   36     154   183     155   29     156   153     157   206     158   76     159   69     160   208     161   87     162   150     163   101     164   179     165   101     166   26     167   174     168   142     169   207     170   150     171   186     172   20     173   103     174   99     175   239     176   21     177   230     178   6     179   234     180   214     181   239     182   193     183   10     184   88     185   70     217   17     218   14     219   207     220   220     221   229     222   81     223   7     224   59     225   62     226   144     227   64     228   225     229   165     230   29     231   125     232   133     233   91     234   161     235   51     236   99     237   254     238   106     239   149     240   90     241   169     242   103     243   108     244   57     245   253     246   39     247   153   
40   94  40   1     124   134     125   30     126   60     127   252     128   181     129   177     130   74     131   74     132   193     133   158     134   179     135   41     136   156     137   110     138   34     139   154     140   205     141   72     142   21     143   12     144   94     145   63     146   180     147   207     148   252     149   233     150   74     151   54     152   155     153   203     154   229     155   133     156   15     157   236     158   12     159   209     160   147     161   28     162   65     163   205     164   98     165   187     166   248     167   46     168   116     169   4     170   65     171   173     172   161     173   118     174   241     175   114     176   73     177   179     178   74     179   155     180   217     181   72     182   93     183   207     184   173     185   210     217   206     218   89     219   110     220   7     221   150     222   86     223   33     224   92     225   51     226   11     227   56     228   17     229   14     230   90     231   196     232   66     233   136     234   137     235   190     236   241     237   134     238   10     239   151     240   96     241   154     242   118     243   174     244   145     245   163     246   238     247   29   
41   94  41   1     124   33     125   238     126   248     127   166     128   116     129   51     130   30     131   30     132   135     133   227     134   89     135   110     136   8     137   36     138   132     139   55     140   235     141   116     142   150     143   97     144   148     145   167     146   210     147   96     148   79     149   48     150   30     151   39     152   55     153   180     154   81     155   126     156   35     157   237     158   97     159   28     160   127     161   22     162   244     163   10     164   85     165   236     166   114     167   229     168   243     169   212     170   244     171   37     172   192     173   230     174   242     175   50     176   59     177   89     178   30     179   2     180   95     181   116     182   226     183   96     184   172     185   67     217   240     218   54     219   36     220   63     221   86     222   8     223   219     224   134     225   198     226   234     227   44     228   153     229   11     230   105     231   138     232   104     233   42     234   31     235   13     236   42     237   33     238   223     239   99     240   71     241   55     242   230     243   122     244   109     245   46     246   187     247   35   
42   94  42   1     124   5     125   178     126   121     127   147     128   219     129   69     130   125     131   125     132   150     133   152     134   236     135   67     136   215     137   97     138   20     139   175     140   41     141   52     142   91     143   243     144   167     145   159     146   72     147   141     148   70     149   51     150   125     151   28     152   175     153   248     154   59     155   240     156   249     157   4     158   36     159   129     160   142     161   253     162   42     163   43     164   222     165   43     166   194     167   231     168   77     169   158     170   42     171   224     172   7     173   2     174   51     175   52     176   157     177   10     178   125     179   252     180   245     181   52     182   128     183   141     184   184     185   50     217   207     218   223     219   158     220   120     221   185     222   215     223   225     224   232     225   32     226   87     227   73     228   235     229   240     230   36     231   218     232   90     233   11     234   3     235   76     236   80     237   251     238   4     239   15     240   145     241   6     242   101     243   21     244   193     245   72     246   108     247   249   
43   94  43   1     124   217     125   4     126   8     127   113     128   9     129   205     130   43     131   78     132   72     133   161     134   175     135   168     136   195     137   129     138   12     139   84     140   25     141   73     142   194     143   143     144   216     145   91     146   56     147   125     148   113     149   179     150   43     151   207     152   84     153   191     154   226     155   80     156   32     157   70     158   81     159   73     160   193     161   102     162   237     163   58     164   208     165   58     166   181     167   204     168   65     169   196     170   237     171   54     172   250     173   35     174   17     175   73     176   120     177   175     178   43     179   249     180   234     181   73     182   139     183   125     184   171     185   44     217   74     218   79     219   129     220   151     221   52     222   77     223   169     224   186     225   10     226   198     227   7     228   6     229   51     230   28     231   150     232   190     233   48     234   1     235   222     236   17     237   3     238   247     239   118     240   178     241   101     242   35     243   220     244   163     245   152     246   36     247   32   
44   94  44   1     124   146     125   46     126   92     127   138     128   3     129   132     130   163     131   163     132   134     133   65     134   36     135   56     136   225     137   44     138   114     139   28     140   97     141   3     142   100     143   231     144   151     145   172     146   137     147   193     148   138     149   238     150   163     151   70     152   76     153   156     154   9     155   98     156   222     157   227     158   231     159   239     160   96     161   142     162   233     163   97     164   203     165   158     166   215     167   149     168   95     169   93     170   233     171   10     172   237     173   255     174   61     175   162     176   83     177   36     178   163     179   76     180   85     181   3     182   103     183   193     184   10     185   31     217   145     218   58     219   44     220   49     221   251     222   45     223   130     224   55     225   75     226   74     227   1     228   57     229   71     230   202     231   139     232   25     233   213     234   133     235   147     236   61     237   146     238   26     239   171     240   107     241   28     242   255     243   250     244   86     245   77     246   67     247   222   
45   94  45   1     124   99     125   47     126   21     127   247     128   156     129   240     130   34     131   34     132   148     133   56     134   235     135   178     136   24     137   108     138   145     139   89     140   32     141   156     142   167     143   163     144   161     145   244     146   107     147   160     148   209     149   80     150   34     151   105     152   89     153   193     154   243     155   130     156   101     157   124     158   163     159   36     160   129     161   78     162   1     163   30     164   255     165   41     166   150     167   50     168   8     169   97     170   1     171   111     172   93     173   55     174   11     175   86     176   77     177   235     178   34     179   6     180   225     181   156     182   59     183   160     184   233     185   197     217   13     218   90     219   108     220   65     221   246     222   24     223   112     224   151     225   87     226   35     227   116     228   182     229   29     230   187     231   131     232   184     233   126     234   33     235   23     236   126     237   99     238   124     239   165     240   201     241   89     242   55     243   142     244   183     245   114     246   208     247   101   
46   94  46   1     124   72     125   184     126   109     127   106     128   67     129   42     130   182     131   198     132   34     133   25     134   119     135   90     136   163     137   176     138   61     139   45     140   153     141   12     142   135     143   57     144   102     145   138     146   41     147   199     148   18     149   159     150   198     151   118     152   45     153   74     154   212     155   1     156   169     157   171     158   187     159   39     160   255     161   2     162   14     163   66     164   11     165   66     166   125     167   4     168   97     169   105     170   161     171   151     172   147     173   219     174   159     175   12     176   81     177   144     178   198     179   225     180   73     181   12     182   196     183   199     184   40     185   124     217   126     218   232     219   105     220   142     221   203     222   180     223   116     224   220     225   49     226   103     227   202     228   228     229   1     230   154     231   160     232   100     233   115     234   56     235   130     236   244     237   114     238   171     239   216     240   177     241   112     242   27     243   222     244   69     245   41     246   179     247   169   
47   94  47   1     124   26     125   232     126   205     127   136     128   247     129   117     130   144     131   144     132   235     133   101     134   52     135   146     136   36     137   118     138   37     139   73     140   112     141   209     142   30     143   39     144   32     145   34     146   89     147   173     148   136     149   150     150   144     151   1     152   73     153   179     154   13     155   161     156   19     157   186     158   155     159   217     160   80     161   169     162   102     163   183     164   237     165   45     166   10     167   79     168   28     169   130     170   102     171   8     172   71     173   93     174   189     175   209     176   127     177   52     178   144     179   9     180   192     181   209     182   207     183   173     184   220     185   54     217   159     218   77     219   118     220   109     221   124     222   57     223   202     224   97     225   185     226   246     227   166     228   156     229   218     230   162     231   87     232   137     233   148     234   58     235   188     236   189     237   78     238   88     239   46     240   172     241   231     242   93     243   200     244   17     245   6     246   251     247   19   
48   94  48   1     124   174     125   126     126   252     127   16     128   222     129   219     130   133     131   133     132   190     133   61     134   128     135   11     136   102     137   234     138   130     139   139     140   136     141   222     142   247     143   199     144   209     145   4     146   206     147   211     148   16     149   231     150   133     151   214     152   40     153   101     154   32     155   86     156   134     157   242     158   199     159   173     160   66     161   37     162   12     163   136     164   202     165   241     166   166     167   69     168   34     169   182     170   12     171   254     172   57     173   121     174   116     175   207     176   125     177   128     178   133     179   40     180   220     181   222     182   41     183   211     184   254     185   85     217   112     218   159     219   234     220   43     221   76     222   160     223   122     224   170     225   195     226   137     227   74     228   65     229   156     230   103     231   90     232   244     233   50     234   145     235   228     236   116     237   174     238   42     239   239     240   118     241   139     242   121     243   6     244   2     245   98     246   169     247   134   
49   94  49   1     124   219     125   187     126   114     127   207     128   140     129   182     130   124     131   124     132   20     133   168     134   54     135   36     136   181     137   58     138   75     139   18     140   90     141   140     142   86     143   26     144   60     145   250     146   67     147   47     148   255     149   153     150   124     151   101     152   18     153   210     154   131     155   83     156   177     157   23     158   26     159   22     160   102     161   166     162   19     163   223     164   87     165   90     166   50     167   81     168   152     169   253     170   19     171   15     172   94     173   14     174   173     175   243     176   115     177   54     178   124     179   106     180   136     181   140     182   218     183   47     184   16     185   158     217   199     218   39     219   58     220   167     221   220     222   181     223   195     224   33     225   184     226   111     227   143     228   104     229   234     230   175     231   64     232   154     233   49     234   73     235   84     236   49     237   219     238   23     239   112     240   74     241   18     242   14     243   135     244   123     245   229     246   236     247   177   
50   94  50   1     124   185     125   69     126   138     127   23     128   220     129   245     130   98     131   71     132   174     133   12     134   111     135   208     136   150     137   30     138   222     139   104     140   213     141   248     142   68     143   125     144   239     145   93     146   203     147   166     148   105     149   169     150   71     151   89     152   104     153   102     154   46     155   225     156   18     157   205     158   123     159   236     160   58     161   223     162   231     163   61     164   101     165   61     166   213     167   163     168   114     169   41     170   73     171   242     172   81     173   232     174   169     175   248     176   181     177   111     178   71     179   171     180   88     181   248     182   152     183   166     184   42     185   221     217   2     218   17     219   41     220   254     221   94     222   189     223   134     224   117     225   38     226   133     227   191     228   233     229   225     230   235     231   168     232   48     233   27     234   156     235   6     236   95     237   250     238   205     239   214     240   255     241   37     242   211     243   170     244   160     245   203     246   32     247   18   
51   94  51   1     124   166     125   31     126   62     127   167     128   240     129   197     130   137     131   137     132   211     133   241     134   81     135   149     136   101     137   9     138   33     139   142     140   140     141   29     142   171     143   169     144   104     145   224     146   186     147   134     148   167     149   12     150   137     151   68     152   142     153   45     154   83     155   145     156   248     157   115     158   95     159   7     160   228     161   139     162   61     163   140     164   86     165   59     166   146     167   96     168   35     169   53     170   61     171   26     172   17     173   183     174   178     175   29     176   87     177   81     178   137     179   94     180   109     181   29     182   182     183   134     184   78     185   217     217   82     218   131     219   9     220   235     221   155     222   2     223   255     224   252     225   191     226   180     227   11     228   158     229   203     230   93     231   37     232   227     233   132     234   206     235   246     236   178     237   79     238   254     239   247     240   194     241   196     242   183     243   119     244   112     245   133     246   231     247   248   
52   94  52   1     124   112     125   75     126   150     127   76     128   137     129   87     130   132     131   132     132   60     133   44     134   90     135   108     136   194     137   78     138   221     139   54     140   124     141   137     142   250     143   46     144   246     145   19     146   197     147   113     148   76     149   182     150   132     151   175     152   190     153   107     154   152     155   245     156   206     157   36     158   46     159   58     160   170     161   70     162   53     163   124     164   249     165   110     166   86     167   243     168   13     169   26     170   53     171   17     172   63     173   18     174   234     175   8     176   1     177   90     178   132     179   190     180   14     181   137     182   115     183   113     184   17     185   191     217   249     218   105     219   78     220   244     221   24     222   194     223   88     224   99     225   61     226   177     227   140     228   184     229   35     230   236     231   192     232   176     233   83     234   219     235   252     236   234     237   112     238   57     239   144     240   109     241   54     242   18     243   148     244   135     245   50     246   41     247   206   
53   94  53   1     124   54     125   114     126   144     127   161     128   118     129   145     130   220     131   220     132   151     133   195     134   97     135   181     136   62     137   116     138   216     139   212     140   163     141   118     142   37     143   219     144   164     145   111     146   215     147   21     148   131     149   132     150   220     151   168     152   212     153   92     154   95     155   201     156   183     157   56     158   219     159   93     160   7     161   143     162   177     163   191     164   64     165   191     166   232     167   3     168   225     169   193     170   177     171   41     172   42     173   76     174   47     175   5     176   245     177   97     178   220     179   129     180   255     181   118     182   83     183   21     184   30     185   162     217   174     218   26     219   231     220   234     221   16     222   62     223   39     224   89     225   221     226   109     227   217     228   75     229   201     230   229     231   120     232   43     233   71     234   18     235   239     236   71     237   54     238   56     239   90     240   189     241   212     242   76     243   214     244   250     245   88     246   50     247   183   
54   94  54   1     124   192     125   130     126   25     127   17     128   183     129   112     130   146     131   18     132   209     133   71     134   157     135   240     136   170     137   35     138   155     139   120     140   133     141   127     142   202     143   249     144   110     145   12     146   166     147   171     148   48     149   52     150   18     151   49     152   120     153   175     154   34     155   185     156   100     157   11     158   84     159   182     160   235     161   111     162   20     163   14     164   119     165   14     166   247     167   222     168   102     169   199     170   172     171   149     172   75     173   139     174   52     175   127     176   135     177   157     178   18     179   164     180   121     181   127     182   125     183   171     184   31     185   255     217   144     218   188     219   199     220   210     221   212     222   253     223   94     224   131     225   88     226   134     227   109     228   195     229   185     230   169     231   124     232   1     233   86     234   64     235   173     236   156     237   239     238   11     239   93     240   154     241   128     242   40     243   236     244   6     245   166     246   245     247   100   
55   94  55   1     124   36     125   92     126   184     127   9     128   175     129   21     130   91     131   91     132   17     133   130     134   72     135   112     136   223     137   88     138   228     139   56     140   194     141   6     142   200     143   146     144   51     145   69     146   15     147   237     148   9     149   193     150   91     151   59     152   152     153   37     154   18     155   196     156   218     157   219     158   211     159   195     160   241     161   1     162   207     163   194     164   139     165   33     166   179     167   55     168   190     169   186     170   207     171   254     172   199     173   227     174   122     175   6     176   166     177   72     178   91     179   254     180   170     181   6     182   206     183   237     184   20     185   62     217   63     218   116     219   88     220   71     221   235     222   90     223   25     224   110     225   150     226   148     227   2     228   114     229   142     230   137     231   11     232   50     233   183     234   23     235   65     236   122     237   57     238   52     239   108     240   214     241   56     242   227     243   111     244   172     245   154     246   134     247   218   
56   94  56   1     124   99     125   132     126   21     127   247     128   156     129   85     130   34     131   34     132   148     133   56     134   235     135   178     136   24     137   108     138   145     139   89     140   32     141   156     142   167     143   163     144   218     145   244     146   107     147   160     148   247     149   80     150   34     151   105     152   6     153   193     154   243     155   130     156   101     157   110     158   163     159   36     160   129     161   58     162   1     163   30     164   255     165   41     166   150     167   50     168   8     169   97     170   1     171   111     172   118     173   55     174   11     175   86     176   195     177   235     178   34     179   6     180   230     181   156     182   59     183   160     184   111     185   197     217   255     218   90     219   108     220   65     221   250     222   24     223   112     224   151     225   87     226   35     227   116     228   182     229   29     230   187     231   131     232   184     233   126     234   33     235   23     236   11     237   99     238   124     239   165     240   113     241   89     242   55     243   142     244   122     245   114     246   208     247   101   
57   94  57   1     124   192     125   130     126   58     127   17     128   183     129   112     130   18     131   18     132   209     133   71     134   136     135   240     136   170     137   35     138   39     139   120     140   133     141   127     142   202     143   249     144   110     145   67     146   166     147   171     148   48     149   219     150   18     151   49     152   120     153   252     154   34     155   185     156   100     157   11     158   249     159   182     160   235     161   111     162   197     163   14     164   119     165   14     166   70     167   222     168   102     169   199     170   197     171   149     172   75     173   226     174   52     175   127     176   135     177   136     178   18     179   164     180   121     181   183     182   125     183   171     184   31     185   207     217   144     218   42     219   199     220   210     221   212     222   170     223   94     224   131     225   88     226   215     227   109     228   195     229   185     230   83     231   124     232   1     233   86     234   64     235   173     236   156     237   192     238   11     239   93     240   154     241   120     242   40     243   236     244   6     245   201     246   245     247   100   
58   94  58   1     124   46     125   37     126   74     127   14     128   4     129   159     130   173     131   153     132   32     133   175     134   92     135   171     136   108     137   154     138   111     139   219     140   144     141   110     142   34     143   105     144   96     145   102     146   10     147   234     148   133     149   167     150   153     151   3     152   219     153   200     154   28     155   115     156   53     157   211     158   176     159   130     160   240     161   230     162   170     163   119     164   42     165   119     166   30     167   209     168   36     169   155     170   170     171   24     172   201     173   231     174   221     175   110     176   129     177   92     178   153     179   27     180   93     181   110     182   127     183   234     184   121     185   90     217   188     218   215     219   155     220   183     221   132     222   75     223   229     224   163     225   214     226   7     227   247     228   185     229   115     230   251     231   249     232   134     233   161     234   78     235   217     236   218     237   210     238   211     239   114     240   233     241   52     242   73     243   69     244   51     245   10     246   15     247   53   
59   94  59   1     124   107     125   233     126   207     127   211     128   178     129   1     130   83     131   83     132   249     133   10     134   214     135   111     136   221     137   17     138   38     139   185     140   49     141   132     142   160     143   200     144   22     145   253     146   87     147   245     148   211     149   115     150   83     151   251     152   92     153   85     154   187     155   181     156   27     157   37     158   200     159   15     160   39     161   62     162   26     163   49     164   217     165   173     166   96     167   238     168   75     169   179     170   26     171   63     172   247     173   156     174   254     175   36     176   97     177   214     178   83     179   112     180   116     181   132     182   36     183   245     184   63     185   61     217   3     218   151     219   17     220   129     221   113     222   109     223   20     224   193     225   53     226   73     227   124     228   19     229   31     230   165     231   175     232   40     233   152     234   125     235   251     236   254     237   135     238   172     239   189     240   14     241   185     242   156     243   255     244   240     245   32     246   242     247   27   
60   94  60   1     124   224     125   150     126   49     127   152     128   15     129   174     130   21     131   21     132   120     133   88     134   180     135   216     136   153     137   156     138   167     139   108     140   193     141   15     142   233     143   92     144   136     145   38     146   151     147   226     148   152     149   113     150   21     151   67     152   97     153   214     154   45     155   247     156   129     157   72     158   92     159   116     160   73     161   140     162   106     163   248     164   239     165   220     166   172     167   251     168   119     169   52     170   106     171   34     172   217     173   36     174   201     175   16     176   72     177   180     178   21     179   97     180   28     181   15     182   230     183   226     184   34     185   99     217   239     218   210     219   156     220   245     221   48     222   153     223   176     224   198     225   122     226   127     227   5     228   109     229   70     230   197     231   157     232   123     233   166     234   171     235   229     236   166     237   224     238   114     239   61     240   218     241   108     242   36     243   53     244   19     245   100     246   82     247   129   
61   94  61   1     124   5     125   178     126   24     127   147     128   219     129   69     130   125     131   125     132   150     133   152     134   236     135   67     136   215     137   97     138   20     139   175     140   41     141   52     142   91     143   243     144   167     145   159     146   72     147   141     148   70     149   200     150   125     151   28     152   175     153   220     154   59     155   240     156   249     157   4     158   243     159   129     160   142     161   253     162   42     163   43     164   222     165   43     166   194     167   231     168   77     169   158     170   42     171   224     172   7     173   2     174   51     175   52     176   157     177   161     178   125     179   252     180   245     181   219     182   128     183   141     184   184     185   116     217   207     218   209     219   158     220   120     221   185     222   215     223   225     224   232     225   32     226   87     227   73     228   235     229   240     230   36     231   218     232   90     233   11     234   3     235   76     236   80     237   251     238   4     239   15     240   145     241   175     242   101     243   21     244   193     245   181     246   108     247   249   
62   94  62   1     124   33     125   242     126   74     127   173     128   255     129   68     130   173     131   140     132   172     133   168     134   103     135   101     136   39     137   164     138   78     139   226     140   124     141   4     142   12     143   49     144   134     145   73     146   97     147   146     148   63     149   119     150   222     151   17     152   98     153   62     154   36     186   76     187   121     188   117     189   115     190   131     191   169     192   72     193   68     194   81     195   66     196   53     197   22     198   162     199   168     200   129     201   35     202   60     203   245     204   59     205   30     206   208     207   157     208   166     209   178     210   30     211   189     212   123     213   142     214   154     215   201     216   66     217   181     218   223     219   149     220   21     221   216     222   118     223   10     224   166     225   247     226   253     227   87     228   80     229   223     230   123     231   242     232   153     233   31     234   58     235   160     236   160     237   187     238   229     239   106     240   159     241   107     242   78     243   33     244   104     245   81     246   222     247   215   
63   94  63   1     124   254     125   116     126   176     127   112     128   144     129   20     130   112     131   142     132   152     133   113     134   185     135   234     136   214     137   134     138   22     139   193     140   126     141   166     142   247     143   92     144   170     145   68     146   76     147   136     148   43     149   27     150   205     151   5     152   251     153   95     154   255     186   27     187   150     188   72     189   189     190   238     191   214     192   227     193   20     194   32     195   225     196   250     197   87     198   64     199   113     200   222     201   173     202   23     203   49     204   94     205   6     206   230     207   139     208   213     209   122     210   206     211   210     212   236     213   97     214   33     215   61     216   225     217   131     218   106     219   203     220   163     221   56     222   188     223   136     224   213     225   98     226   96     227   88     228   16     229   106     230   236     231   116     232   45     233   161     234   249     235   104     236   32     237   39     238   69     239   233     240   216     241   78     242   177     243   254     244   186     245   183     246   62     247   59   
64   94  64   1     124   183     125   253     126   115     127   152     128   181     129   18     130   152     131   47     132   127     133   232     134   46     135   91     136   114     137   76     138   80     139   124     140   139     141   151     142   35     143   56     144   69     145   90     146   177     147   246     148   39     149   145     150   211     151   59     152   140     153   203     154   233     186   161     187   240     188   19     189   75     190   62     191   4     192   207     193   236     194   15     195   64     196   210     197   16     198   30     199   232     200   184     201   194     202   14     203   67     204   132     205   217     206   244     207   57     208   144     209   238     210   7     211   174     212   130     213   79     214   135     215   227     216   115     217   222     218   103     219   10     220   29     221   76     222   21     223   246     224   137     225   173     226   17     227   93     228   227     229   103     230   130     231   253     232   174     233   109     234   48     235   219     236   219     237   136     238   37     239   191     240   97     241   13     242   228     243   32     244   204     245   61     246   149     247   74   
65   94  65   1     124   202     125   108     126   137     127   78     128   121     129   66     130   78     131   22     132   4     133   49     134   41     135   128     136   94     137   110     138   188     139   96     140   73     141   53     142   95     143   248     144   79     145   87     146   136     147   254     148   224     149   253     150   134     151   156     152   86     153   170     154   128     186   243     187   54     188   105     189   46     190   48     191   123     192   29     193   74     194   233     195   227     196   30     197   241     198   207     199   49     200   164     201   139     202   62     203   135     204   213     205   232     206   77     207   47     208   250     209   249     210   31     211   154     212   7     213   10     214   196     215   185     216   31     217   240     218   3     219   69     220   171     221   39     222   93     223   254     224   250     225   19     226   38     227   72     228   163     229   204     230   104     231   108     232   26     233   85     234   14     235   91     236   91     237   59     238   83     239   60     240   187     241   90     242   188     243   255     244   168     245   84     246   134     247   166   
66   94  66   1     124   96     125   26     126   149     127   168     128   229     129   54     130   168     131   200     132   129     133   37     134   4     135   86     136   150     137   212     138   49     139   176     140   128     141   164     142   241     143   202     144   207     145   238     146   242     147   193     148   105     149   174     150   162     151   131     152   137     153   64     154   237     186   99     187   13     188   252     189   10     190   39     191   12     192   199     193   54     194   17     195   192     196   110     197   92     198   34     199   37     200   16     201   50     202   18     203   197     204   205     205   9     206   1     207   75     208   134     209   179     210   9     211   2     212   95     213   154     214   148     215   215     216   192     217   87     218   139     219   30     220   39     221   84     222   135     223   7     224   134     225   151     226   144     227   231     228   56     229   139     230   95     231   26     232   239     233   32     234   228     235   112     236   112     237   244     238   99     239   220     240   25     241   245     242   49     243   96     244   142     245   17     246   162     247   222   
67   94  67   1     124   22     125   209     126   33     127   67     128   197     129   5     130   67     131   85     132   252     133   233     134   178     135   246     136   203     137   108     138   169     139   200     140   161     141   136     142   133     143   12     144   35     145   71     146   126     147   142     148   62     149   168     150   99     151   56     152   46     153   239     154   188     186   168     187   30     188   236     189   32     190   100     191   42     192   101     193   224     194   228     195   44     196   132     197   214     198   213     199   233     200   242     201   82     202   3     203   60     204   69     205   219     206   93     207   109     208   40     209   51     210   143     211   89     212   45     213   155     214   78     215   151     216   44     217   84     218   65     219   184     220   176     221   175     222   138     223   142     224   40     225   120     226   49     227   158     228   114     229   65     230   45     231   209     232   229     233   249     234   103     235   8     236   228     237   149     238   237     239   125     240   41     241   55     242   139     243   22     244   81     245   80     246   116     247   76   
68   94  68   1     124   182     125   38     126   113     127   166     128   247     129   115     130   80     131   16     132   234     133   56     134   190     135   12     136   223     137   83     138   250     139   5     140   123     141   210     142   139     143   79     144   228     145   162     146   117     147   208     148   9     149   17     150   152     151   160     152   22     153   179     154   150     186   71     187   19     188   221     189   62     190   140     191   130     192   170     193   186     194   116     195   200     196   54     197   50     198   232     199   56     200   194     201   4     202   218     203   39     204   15     205   192     206   145     207   225     208   191     209   251     210   109     211   63     212   204     213   188     214   224     215   206     216   113     217   173     218   193     219   88     220   7     221   83     222   30     223   208     224   58     225   220     226   156     227   207     228   206     229   193     230   204     231   38     232   51     233   153     234   86     235   129     236   129     237   148     238   72     239   175     240   136     241   53     242   163     243   100     244   222     245   99     246   147     247   144   
69   94  69   1     124   108     125   123     126   216     127   178     128   218     129   111     130   178     131   29     132   75     133   136     134   47     135   149     136   131     137   208     138   27     139   166     140   137     141   195     142   88     143   148     144   105     145   206     146   3     147   116     148   51     149   4     150   117     151   121     152   21     153   202     154   149     186   114     187   179     188   235     189   20     190   83     191   113     192   55     193   60     194   126     195   67     196   71     197   217     198   252     199   136     200   188     201   115     202   37     203   174     204   240     205   165     206   194     207   207     208   63     209   79     210   156     211   153     212   92     213   61     214   26     215   139     216   156     217   2     218   112     219   84     220   17     221   89     222   243     223   116     224   63     225   65     226   130     227   82     228   135     229   140     230   48     231   123     232   12     233   101     234   118     235   19     236   19     237   181     238   133     239   142     240   32     241   119     242   27     243   175     244   97     245   190     246   117     247   23   
70   94  70   1     124   33     125   242     126   74     127   173     128   234     129   68     130   173     131   140     132   194     133   168     134   103     135   101     136   39     137   164     138   78     139   226     140   124     141   4     142   12     143   49     144   134     145   73     146   97     147   146     148   63     149   119     150   222     151   17     152   98     153   62     154   36     186   76     187   121     188   117     189   115     190   21     191   169     192   72     193   68     194   189     195   66     196   53     197   22     198   162     199   168     200   129     201   35     202   60     203   245     204   59     205   30     206   208     207   157     208   166     209   143     210   30     211   189     212   123     213   248     214   154     215   201     216   66     217   181     218   223     219   149     220   21     221   216     222   118     223   10     224   166     225   247     226   253     227   87     228   80     229   223     230   123     231   242     232   153     233   31     234   58     235   160     236   160     237   187     238   76     239   106     240   159     241   107     242   79     243   33     244   104     245   81     246   222     247   215   
71   94  71   1     124   205     125   87     126   63     127   102     128   170     129   120     130   102     131   171     132   200     133   59     134   22     135   56     136   58     137   201     138   99     139   18     140   163     141   92     142   228     143   160     144   15     145   6     146   100     147   12     148   42     149   123     150   65     151   122     152   183     153   125     154   134     186   123     187   13     188   85     189   39     190   9     191   215     192   17     193   245     194   149     195   223     196   252     197   31     198   55     199   45     200   88     201   227     202   40     203   26     204   54     205   167     206   107     207   209     208   231     209   146     210   20     211   11     212   159     213   233     214   236     215   73     216   135     217   179     218   86     219   230     220   38     221   51     222   108     223   12     224   231     225   52     226   162     227   145     228   196     229   86     230   159     231   87     232   141     233   176     234   33     235   192     236   149     237   121     238   77     239   76     240   255     241   242     242   116     243   62     244   203     245   211     246   148     247   238   
72   94  72   1     124   105     125   235     126   210     127   123     128   141     129   151     130   90     131   18     132   176     133   63     134   184     135   131     136   160     137   179     138   162     139   38     140   158     141   143     142   112     143   34     144   118     145   241     146   88     147   202     148   165     149   190     150   139     151   180     152   221     153   79     154   77     186   43     187   251     188   229     189   240     190   19     191   213     192   248     193   234     194   244     195   209     196   197     197   115     198   245     199   63     200   157     201   138     202   134     203   71     204   106     205   216     206   46     207   80     208   204     209   14     210   67     211   92     212   91     213   37     214   252     215   193     216   210     217   155     218   116     219   83     220   99     221   179     222   212     223   202     224   122     225   73     226   1     227   178     228   30     229   116     230   91     231   235     232   223     233   39     234   149     235   60     236   60     237   8     238   65     239   222     240   153     241   16     242   93     243   230     244   23     245   133     246   107     247   130   
73   94  73   1     124   21     125   161     126   42     127   68     128   3     129   166     130   68     131   57     132   94     133   54     134   239     135   219     136   33     137   142     138   66     139   67     140   172     141   104     142   184     143   149     144   221     145   4     146   179     147   228     148   76     149   82     150   126     151   136     152   157     153   86     154   15     186   159     187   222     188   102     189   7     190   175     191   44     192   30     193   9     194   105     195   250     196   168     197   210     198   210     199   54     200   155     201   5     202   98     203   231     204   36     205   240     206   242     207   158     208   186     209   12     210   49     211   249     212   234     213   147     214   216     215   133     216   250     217   41     218   182     219   78     220   207     221   34     222   151     223   228     224   186     225   211     226   187     227   53     228   115     229   100     230   255     231   161     232   246     233   43     234   205     235   230     236   230     237   165     238   90     239   77     240   170     241   87     242   66     243   125     244   121     245   105     246   126     247   180   
74   94  74   1     124   65     125   232     126   223     127   5     128   15     129   114     130   5     131   68     132   59     133   141     134   99     135   51     136   165     137   112     138   127     139   82     140   252     141   160     142   253     143   251     144   73     145   167     146   147     147   83     148   86     149   217     150   124     151   146     152   235     153   126     154   201     186   217     187   116     188   137     189   121     190   50     191   165     192   143     193   114     194   191     195   130     196   91     197   74     198   96     199   141     200   145     201   17     202   46     203   48     204   246     205   23     206   209     207   214     208   32     209   60     210   23     211   191     212   36     213   229     214   14     215   30     216   130     217   226     218   84     219   139     220   50     221   140     222   241     223   13     224   32     225   96     226   109     227   176     228   104     229   84     230   36     231   232     232   118     233   63     234   222     235   208     236   208     237   79     238   47     239   182     240   134     241   158     242   87     243   65     244   230     245   64     246   155     247   9   
75   94  75   1     124   61     125   85     126   204     127   127     128   129     129   53     130   127     131   66     132   213     133   231     134   28     135   191     136   36     137   177     138   151     139   55     140   20     141   91     142   237     143   76     144   37     145   176     146   228     147   125     148   136     149   109     150   73     151   174     152   147     153   221     154   185     186   109     187   164     188   206     189   54     190   149     191   92     192   111     193   130     194   77     195   10     196   23     197   137     198   154     199   148     200   112     201   158     202   19     203   97     204   89     205   63     206   193     207   236     208   181     209   62     210   135     211   14     212   128     213   83     214   187     215   31     216   122     217   184     218   150     219   118     220   245     221   177     222   178     223   125     224   181     225   194     226   215     227   102     228   168     229   150     230   128     231   85     232   183     233   224     234   134     235   131     236   77     237   246     238   52     239   247     240   79     241   241     242   72     243   15     244   141     245   119     246   142     247   104   
76   94  76   1     124   27     125   215     126   54     127   104     128   184     129   210     130   162     131   115     132   219     133   34     134   194     135   98     136   233     137   52     138   207     139   167     140   101     141   249     142   158     143   37     144   93     145   189     146   227     147   29     148   197     149   1     150   123     151   89     152   66     153   188     154   253     186   146     187   229     188   243     189   19     190   221     191   91     192   10     193   121     194   145     195   217     196   105     197   113     198   63     199   34     200   176     201   213     202   78     203   165     204   244     205   110     206   190     207   250     208   222     209   218     210   39     211   97     212   12     213   72     214   136     215   235     216   54     217   142     218   28     219   21     220   67     221   52     222   245     223   29     224   198     225   127     226   174     227   154     228   232     229   28     230   12     231   215     232   3     233   9     234   147     235   205     236   205     237   25     238   102     239   173     240   8     241   50     242   207     243   226     244   95     245   161     246   90     247   204   
77   94  77   1     124   197     125   193     126   151     127   107     128   128     129   87     130   107     131   79     132   20     133   245     134   141     135   115     136   59     137   203     138   118     139   98     140   112     141   225     142   62     143   63     144   110     145   22     146   146     147   33     148   71     149   46     150   164     151   214     152   19     153   56     154   186     186   24     187   238     188   208     189   207     190   240     191   138     192   105     193   167     194   106     195   72     196   102     197   212     198   212     199   245     200   14     201   90     202   198     203   161     204   166     205   111     206   100     207   147     208   53     209   58     210   99     211   200     212   16     213   34     214   243     215   103     216   72     217   23     218   219     219   76     220   61     221   187     222   52     223   33     224   53     225   95     226   190     227   117     228   21     229   219     230   213     231   193     232   114     233   28     234   54     235   42     236   42     237   215     238   2     239   204     240   109     241   179     242   118     243   36     244   50     245   106     246   164     247   4   
78   94  78   1     124   143     125   134     126   171     127   33     128   99     129   125     130   33     131   174     132   81     133   96     134   216     135   242     136   117     137   156     138   255     139   203     140   136     141   84     142   252     143   194     144   44     145   148     146   166     147   53     148   20     149   149     150   224     151   88     152   153     153   1     154   206     186   149     187   67     188   191     189   193     190   235     191   117     192   129     193   125     194   108     195   3     196   150     197   51     198   199     199   96     200   71     201   165     202   22     203   237     204   64     205   155     206   54     207   246     208   182     209   145     210   155     211   108     212   105     213   4     214   157     215   198     216   3     217   196     218   245     219   123     220   12     221   158     222   128     223   130     224   182     225   199     226   69     227   15     228   100     229   245     230   105     231   134     232   162     233   142     234   85     235   200     236   200     237   18     238   213     239   49     240   220     241   36     242   234     243   143     244   27     245   113     246   5     247   93   
79   94  79   1     124   190     125   176     126   86     127   75     128   221     129   92     130   75     131   245     132   54     133   246     134   74     135   142     136   222     137   171     138   195     139   234     140   168     141   192     142   162     143   208     144   133     145   240     146   27     147   253     148   100     149   36     150   250     151   12     152   178     153   212     154   73     186   36     187   88     188   224     189   177     190   117     191   198     192   146     193   48     194   139     195   84     196   69     197   63     198   11     199   46     200   53     201   122     202   52     203   142     204   35     205   8     206   158     207   249     208   218     209   83     210   26     211   37     212   134     213   119     214   255     215   167     216   97     217   18     218   152     219   242     220   215     221   171     222   70     223   253     224   218     225   115     226   128     227   43     228   203     229   152     230   134     231   176     232   108     233   106     234   65     235   107     236   139     237   116     238   7     239   47     240   61     241   232     242   161     243   126     244   78     245   169     246   163     247   14   
80   94  80   1     124   255     125   175     126   227     127   78     128   210     129   88     130   79     131   177     132   13     133   24     134   54     135   189     136   123     137   39     138   246     139   184     140   142     141   21     142   63     143   43     144   11     145   37     146   136     147   174     148   5     149   98     150   134     151   158     152   97     153   71     154   128     186   253     187   217     188   230     189   200     190   92     191   90     192   103     193   66     194   91     195   201     196   44     197   117     198   182     199   24     200   229     201   107     202   195     203   124     204   89     205   31     206   131     207   179     208   250     209   111     210   239     211   27     212   162     213   146     214   96     215   191     216   227     217   49     218   204     219   153     220   3     221   169     222   183     223   174     224   163     225   19     226   237     227   202     228   25     229   204     230   162     231   175     232   166     233   85     234   159     235   50     236   50     237   59     238   40     239   75     240   55     241   118     242   246     243   234     244   207     245   233     246   56     247   80   
81   94  81   1     124   230     125   211     126   209     127   118     128   238     129   72     130   118     131   246     132   225     133   135     134   251     135   200     136   213     137   45     138   183     139   86     140   22     141   102     142   170     143   5     144   9     145   117     146   174     147   255     148   156     149   126     150   110     151   236     152   10     153   11     154   113     186   190     187   231     188   77     189   24     190   248     191   16     192   226     193   72     194   60     195   29     196   99     197   120     198   120     199   135     200   203     201   93     202   56     203   17     204   250     205   136     206   247     207   228     208   30     209   159     210   28     211   243     212   212     213   33     214   38     215   41     216   29     217   63     218   249     219   40     220   116     221   59     222   233     223   255     224   30     225   34     226   68     227   105     228   171     229   249     230   50     231   211     232   130     233   139     234   192     235   75     236   75     237   166     238   148     239   198     240   215     241   81     242   183     243   128     244   245     245   60     246   110     247   53   
82   94  82   1     124   49     125   2     126   253     127   106     128   190     129   77     130   106     131   91     132   103     133   220     134   146     135   124     136   171     137   130     138   60     139   33     140   32     141   193     142   94     143   18     144   250     145   100     146   189     147   200     148   162     149   177     150   26     151   84     152   36     153   213     154   135     186   177     187   1     188   95     189   112     190   158     191   171     192   19     193   77     194   67     195   98     196   211     197   12     198   180     199   220     200   114     201   223     202   21     203   90     204   99     205   147     206   178     207   15     208   108     209   194     210   147     211   73     212   239     213   115     214   87     215   97     216   98     217   214     218   109     219   137     220   149     221   53     222   198     223   200     224   108     225   180     226   197     227   247     228   175     229   109     230   239     231   2     232   206     233   228     234   20     235   67     236   67     237   102     238   210     239   187     240   225     241   204     242   75     243   49     244   85     245   216     246   166     247   242   
83   94  83   1     124   15     125   173     126   122     127   87     128   249     129   21     130   87     131   88     132   16     133   196     134   35     135   58     136   101     137   165     138   72     139   157     140   57     141   212     142   86     143   199     144   33     145   65     146   8     147   223     148   167     149   235     150   142     151   74     152   69     153   10     154   191     186   235     187   216     188   242     189   217     190   192     191   241     192   99     193   53     194   131     195   171     196   245     197   227     198   27     199   132     200   140     201   22     202   248     203   58     204   186     205   135     206   41     207   152     208   168     209   195     210   124     211   159     212   189     213   40     214   55     215   239     216   30     217   251     218   12     219   9     220   150     221   165     222   105     223   223     224   207     225   229     226   152     227   61     228   207     229   12     230   189     231   173     232   32     233   5     234   56     235   113     236   131     237   180     238   81     239   240     240   11     241   117     242   202     243   219     244   238     245   77     246   34     247   162   
84   94  84   1     124   96     125   166     126   192     127   168     128   229     129   217     130   207     131   200     132   249     133   33     134   13     135   86     136   12     137   84     138   24     139   176     140   189     141   216     142   117     143   202     144   182     145   154     146   185     147   193     148   230     149   74     150   162     151   131     152   227     153   208     154   237     186   174     187   83     188   38     189   10     190   88     191   23     192   172     193   54     194   112     195   109     196   39     197   92     198   224     199   33     200   143     201   50     202   188     203   36     204   190     205   9     206   68     207   6     208   10     209   179     210   94     211   136     212   95     213   29     214   132     215   152     216   192     217   37     218   139     219   171     220   169     221   233     222   135     223   193     224   56     225   72     226   144     227   196     228   70     229   139     230   95     231   166     232   222     233   32     234   228     235   140     236   140     237   244     238   99     239   78     240   106     241   245     242   24     243   184     244   34     245   17     246   93     247   198   
85   94  85   1     124   204     125   140     126   133     127   254     128   232     129   25     130   254     131   132     132   93     133   235     134   56     135   99     136   151     137   44     138   51     139   110     140   83     141   182     142   199     143   152     144   174     145   125     146   213     147   250     148   4     149   218     150   146     151   225     152   45     153   167     154   111     186   157     187   70     188   129     189   108     190   187     191   72     192   222     193   25     194   238     195   244     196   46     197   15     198   193     199   235     200   224     201   201     202   252     203   194     204   178     205   94     206   14     207   197     208   119     209   35     210   126     211   28     212   29     213   26     214   139     215   62     216   244     217   109     218   49     219   180     220   247     221   127     222   121     223   42     224   119     225   153     226   179     227   3     228   77     229   49     230   209     231   140     232   115     233   221     234   71     235   154     236   154     237   241     238   32     239   92     240   158     241   255     242   51     243   122     244   7     245   238     246   146     247   64   
86   94  86   1     124   102     125   56     126   3     127   44     128   116     129   223     130   44     131   74     132   160     133   184     134   67     135   185     136   197     137   158     138   234     139   187     140   167     141   233     142   38     143   229     144   87     145   132     146   80     147   21     148   2     149   192     150   5     151   254     152   215     153   68     154   242     186   192     187   28     188   58     189   41     190   211     191   197     192   249     193   223     194   119     195   204     196   12     197   144     198   238     199   184     200   17     201   156     202   177     203   86     204   208     205   95     206   228     207   180     208   100     209   205     210   164     211   175     212   230     213   13     214   218     215   232     216   204     217   96     218   120     219   90     220   23     221   22     222   189     223   21     224   100     225   172     226   153     227   143     228   181     229   120     230   230     231   56     232   93     233   34     234   173     235   119     236   119     237   188     238   16     239   24     240   78     241   101     242   151     243   102     244   226     245   200     246   73     247   183   
87   94  87   1     124   106     125   155     126   50     127   57     128   75     129   52     130   57     131   83     132   18     133   82     134   205     135   122     136   74     137   146     138   65     139   173     140   147     141   64     142   149     143   187     144   136     145   228     146   9     147   160     148   215     149   35     150   86     151   4     152   110     153   76     154   204     186   28     187   195     188   171     189   111     190   216     191   66     192   133     193   16     194   121     195   84     196   200     197   21     198   242     199   82     200   19     201   221     202   231     203   122     204   234     205   243     206   129     207   139     208   189     209   49     210   253     211   101     212   137     213   45     214   85     215   150     216   212     217   14     218   131     219   165     220   77     221   146     222   201     223   160     224   178     225   218     226   139     227   25     228   105     229   131     230   137     231   155     232   36     233   38     234   63     235   210     236   121     237   44     238   246     239   238     240   224     241   88     242   148     243   42     244   58     245   103     246   97     247   241   
88   94  88   1     124   254     125   116     126   225     127   112     128   144     129   57     130   140     131   142     132   152     133   200     134   191     135   234     136   214     137   56     138   177     139   193     140   126     141   80     142   240     143   92     144   170     145   221     146   199     147   136     148   43     149   226     150   62     151   5     152   251     153   63     154   255     186   27     187   58     188   202     189   189     190   238     191   220     192   201     193   20     194   32     195   65     196   163     197   87     198   64     199   200     200   198     201   173     202   23     203   24     204   197     205   6     206   230     207   107     208   189     209   122     210   133     211   209     212   242     213   97     214   7     215   15     216   225     217   113     218   106     219   203     220   25     221   70     222   188     223   136     224   16     225   48     226   96     227   88     228   52     229   42     230   236     231   116     232   59     233   161     234   249     235   104     236   104     237   39     238   69     239   91     240   67     241   78     242   177     243   174     244   115     245   183     246   62     247   138   
89   94  89   1     124   93     125   243     126   186     127   152     128   100     129   236     130   152     131   47     132   44     133   198     134   46     135   91     136   40     137   229     138   80     139   124     140   169     141   234     142   35     143   56     144   147     145   123     146   177     147   246     148   110     149   161     150   211     151   59     152   112     153   218     154   233     186   195     187   247     188   212     189   75     190   205     191   114     192   207     193   236     194   61     195   115     196   210     197   16     198   122     199   198     200   184     201   194     202   175     203   216     204   132     205   142     206   133     207   20     208   144     209   245     210   217     211   23     212   130     213   90     214   63     215   119     216   115     217   222     218   103     219   221     220   209     221   76     222   21     223   188     224   144     225   173     226   17     227   162     228   137     229   103     230   130     231   243     232   254     233   109     234   98     235   15     236   15     237   136     238   87     239   185     240   97     241   13     242   80     243   183     244   204     245   61     246   211     247   174   
90   94  90   1     124   23     125   221     126   24     127   125     128   135     129   182     130   125     131   106     132   105     133   169     134   34     135   161     136   102     137   132     138   3     139   177     140   81     141   27     142   45     143   123     144   130     145   84     146   186     147   168     148   16     149   78     150   40     151   163     152   180     153   26     154   195     186   78     187   224     188   205     189   85     190   214     191   102     192   155     193   182     194   159     195   46     196   96     197   244     198   35     199   169     200   136     201   148     202   215     203   138     204   206     205   194     206   115     207   201     208   7     209   38     210   73     211   17     212   99     213   104     214   75     215   19     216   46     217   39     218   231     219   234     220   184     221   176     222   129     223   168     224   7     225   9     226   188     227   12     228   193     229   231     230   99     231   10     232   210     233   13     234   1     235   159     236   159     237   137     238   128     239   192     240   74     241   15     242   204     243   23     244   67     245   14     246   114     247   209   
91   94  91   1     124   25     125   124     126   91     127   20     128   60     129   16     130   20     131   13     132   236     133   159     134   145     135   204     136   174     137   10     138   225     139   85     140   152     141   115     142   211     143   203     144   2     145   80     146   118     147   81     148   153     149   28     150   237     151   114     152   107     153   76     154   3     186   67     187   62     188   30     189   249     190   164     191   74     192   6     193   213     194   103     195   212     196   113     197   53     198   206     199   159     200   126     201   68     202   251     203   109     204   255     205   92     206   116     207   169     208   128     209   240     210   243     211   36     212   144     213   179     214   70     215   178     216   50     217   175     218   77     219   177     220   119     221   10     222   227     223   81     224   189     225   157     226   169     227   163     228   178     229   77     230   144     231   124     232   36     233   252     234   95     235   121     236   103     237   33     238   188     239   141     240   34     241   66     242   65     243   106     244   191     245   29     246   86     247   101   
92   94  92   1     124   188     125   27     126   101     127   55     128   89     129   158     130   157     131   139     132   1     133   75     134   77     135   32     136   153     137   149     138   47     139   24     140   85     141   74     142   222     143   62     144   218     145   220     146   34     147   177     148   56     149   120     150   175     151   39     152   155     153   164     154   32     186   245     187   131     188   93     189   91     190   12     191   215     192   64     193   156     194   125     195   241     196   137     197   123     198   250     199   75     200   41     201   235     202   129     203   232     204   114     205   58     206   84     207   194     208   91     209   121     210   206     211   168     212   200     213   140     214   49     215   105     216   206     217   60     218   201     219   86     220   227     221   192     222   80     223   177     224   176     225   205     226   135     227   18     228   225     229   51     230   26     231   27     232   136     233   82     234   141     235   223     236   223     237   76     238   221     239   15     240   231     241   152     242   47     243   246     244   42     245   21     246   175     247   167   
93   94  93   1     124   44     125   155     126   43     127   80     128   129     129   144     130   171     131   171     132   124     133   201     134   186     135   39     136   26     137   101     138   176     139   157     140   211     141   129     142   12     143   252     144   132     145   20     146   209     147   184     148   11     149   92     150   171     151   169     152   136     153   236     154   160     155   19     156   164     157   29     158   252     159   35     160   87     161   177     162   60     163   146     164   173     165   18     166   4     167   76     168   253     169   84     170   60     171   33     172   109     173   128     174   185     175   212     176   138     177   186     178   171     179   136     180   69     181   129     182   141     183   184     184   159     185   28     217   173     218   217     219   101     220   135     221   97     222   26     223   143     224   56     225   232     226   151     227   127     228   215     229   214     230   230     231   47     232   162     233   250     234   239     235   83     236   250     237   44     238   130     239   116     240   17     241   157     242   128     243   30     244   235     245   247     246   55     247   164   
94   94  94   1     124   137     125   235     126   20     127   84     128   56     129   233     130   205     131   205     132   221     133   212     134   154     135   236     136   50     137   223     138   30     139   118     140   179     141   46     142   248     143   4     144   122     145   94     146   108     147   69     148   101     149   164     150   205     151   18     152   118     153   178     154   168     155   136     156   11     157   6     158   4     159   79     160   201     161   13     162   63     163   176     164   177     165   176     166   163     167   26     168   229     169   209     170   63     171   144     172   138     173   3     174   164     175   46     176   93     177   15     178   205     179   130     180   1     181   34     182   192     183   69     184   228     185   209     217   38     218   55     219   209     220   68     221   107     222   50     223   31     224   156     225   48     226   242     227   227     228   16     229   136     230   54     231   183     232   119     233   128     234   140     235   106     236   120     237   8     238   6     239   134     240   87     241   5     242   217     243   145     244   47     245   108     246   90     247   11   
95   94  95   1     124   172     125   102     126   204     127   78     128   91     129   79     130   127     131   183     132   226     133   220     134   69     135   135     136   214     137   203     138   170     139   205     140   222     141   117     142   65     143   82     144   59     145   195     146   94     147   129     148   43     149   106     150   127     151   124     152   205     153   192     154   156     155   47     156   23     157   123     158   60     159   12     160   229     161   108     162   88     163   109     164   247     165   109     166   63     167   216     168   185     169   20     170   88     171   199     172   31     173   179     174   18     175   117     176   112     177   69     178   127     179   187     180   154     181   117     182   180     183   129     184   35     185   189     217   209     218   32     219   20     220   27     221   244     222   19     223   16     224   49     225   255     226   39     227   194     228   85     229   54     230   47     231   140     232   87     233   146     234   151     235   110     236   18     237   164     238   34     239   233     240   253     241   200     242   179     243   93     244   239     245   21     246   113     247   23   
96   94  96   1     124   146     125   210     126   185     127   170     128   3     129   47     130   180     131   180     132   24     133   59     134   57     135   46     136   45     137   229     138   107     139   23     140   108     141   162     142   151     143   116     144   40     145   164     146   8     147   122     148   170     149   61     150   180     151   247     152   28     153   86     154   73     155   206     156   105     157   26     158   116     159   168     160   68     161   196     162   241     163   108     164   145     165   97     166   134     167   31     168   27     169   44     170   241     171   235     172   159     173   13     174   213     175   33     176   169     177   57     178   180     179   28     180   240     181   162     182   53     183   183     184   235     185   181     217   113     218   25     219   229     220   49     221   99     222   112     223   118     224   62     225   208     226   69     227   149     228   187     229   98     230   4     231   63     232   236     233   177     234   186     235   70     236   213     237   211     238   78     239   104     240   135     241   23     242   13     243   246     244   82     245   137     246   12     247   207   
97   94  97   1     124   125     125   172     126   69     127   186     128   124     129   244     130   49     131   49     132   199     133   6     134   185     135   37     136   208     137   15     138   233     139   156     140   214     141   124     142   96     143   179     144   84     145   160     146   198     147   169     148   88     149   218     150   49     151   33     152   156     153   51     154   105     155   152     156   73     157   138     158   179     159   5     160   130     161   225     162   253     163   228     164   1     165   144     166   32     167   90     168   187     169   154     170   253     171   21     172   79     173   116     174   161     175   238     176   36     177   185     178   49     179   52     180   229     181   124     182   28     183   169     184   140     185   224     217   149     218   134     219   15     220   76     221   47     222   208     223   12     224   221     225   19     226   204     227   223     228   246     229   254     230   99     231   101     232   121     233   131     234   43     235   162     236   131     237   125     238   100     239   135     240   136     241   156     242   116     243   240     244   11     245   235     246   165     247   73   
98   94  98   1     124   225     125   108     126   194     127   183     128   195     129   32     130   12     131   12     132   86     133   93     134   209     135   158     136   162     137   26     138   163     139   79     140   110     141   77     142   92     143   152     144   250     145   214     146   116     147   203     148   127     149   198     150   12     151   22     152   79     153   114     154   115     155   199     156   71     157   212     158   58     159   170     160   148     161   147     162   49     163   4     164   34     165   4     166   52     167   59     168   149     169   227     170   49     171   176     172   139     173   106     174   198     175   77     176   188     177   223     178   12     179   166     180   38     181   77     182   159     183   203     184   179     185   227     217   96     218   23     219   227     220   237     221   134     222   162     223   133     224   5     225   238     226   61     227   65     228   90     229   199     230   58     231   246     232   105     233   234     234   95     235   160     236   182     237   45     238   212     239   62     240   221     241   190     242   206     243   150     244   107     245   116     246   78     247   71   
99   94  99   1     124   3     125   110     126   220     127   113     128   73     129   200     130   41     131   43     132   114     133   131     134   6     135   202     136   77     137   212     138   178     139   101     140   236     141   231     142   216     143   81     144   150     145   117     146   46     147   123     148   201     149   17     150   41     151   255     152   101     153   163     154   143     155   23     156   87     157   247     158   158     159   231     160   122     161   160     162   159     163   25     164   74     165   25     166   72     167   93     168   59     169   129     170   159     171   171     172   246     173   245     174   48     175   231     176   128     177   6     178   41     179   84     180   83     181   231     182   63     183   123     184   104     185   229     217   69     218   190     219   212     220   40     221   156     222   137     223   95     224   88     225   235     226   182     227   204     228   89     229   80     230   23     231   189     232   54     233   242     234   149     235   207     236   48     237   162     238   209     239   5     240   132     241   2     242   245     243   248     244   180     245   56     246   57     247   87   
100   94  100   1     124   156     125   205     126   135     127   13     128   243     129   234     130   61     131   61     132   203     133   202     134   104     135   187     136   72     137   236     138   74     139   211     140   224     141   191     142   60     143   43     144   64     145   68     146   178     147   98     148   13     149   49     150   61     151   55     152   146     153   123     154   26     155   95     156   232     157   105     158   43     159   175     160   126     161   79     162   204     163   224     164   199     165   90     166   20     167   97     168   56     169   25     170   204     171   165     172   142     173   186     174   103     175   163     176   254     177   104     178   61     179   146     180   157     181   191     182   131     183   98     184   165     185   108     217   35     218   154     219   236     220   161     221   248     222   114     223   137     224   194     225   111     226   241     227   158     228   37     229   169     230   89     231   147     232   15     233   53     234   116     235   2     236   103     237   156     238   176     239   185     240   69     241   211     242   186     243   102     244   34     245   12     246   235     247   14   
101   94  101   1     124   133     125   78     126   52     127   141     128   1     129   124     130   97     131   97     132   8     133   63     134   28     135   227     136   27     137   239     138   46     139   255     140   36     141   1     142   215     143   93     144   24     145   100     146   140     147   180     148   102     149   90     150   97     151   201     152   255     153   116     154   7     155   213     156   74     157   104     158   93     159   174     160   60     161   142     162   172     163   212     164   132     165   129     166   77     167   115     168   9     169   192     170   172     171   6     172   117     173   85     174   224     175   149     176   103     177   28     178   97     179   207     180   80     181   1     182   214     183   180     184   89     185   254     217   47     218   22     219   239     220   228     221   33     222   27     223   126     224   225     225   57     226   205     227   244     228   105     229   61     230   70     231   121     232   175     233   184     234   136     235   113     236   184     237   133     238   253     239   146     240   125     241   255     242   85     243   86     244   197     245   59     246   202     247   74   
102   94  102   1     124   99     125   47     126   94     127   247     128   156     129   240     130   34     131   34     132   148     133   46     134   235     135   178     136   24     137   75     138   145     139   89     140   32     141   86     142   167     143   163     144   161     145   115     146   107     147   160     148   209     149   11     150   34     151   105     152   89     153   122     154   243     155   130     156   101     157   124     158   187     159   36     160   129     161   25     162   79     163   30     164   255     165   30     166   150     167   50     168   8     169   108     170   1     171   111     172   93     173   62     174   11     175   86     176   77     177   198     178   34     179   6     180   225     181   86     182   59     183   160     184   233     185   20     217   13     218   224     219   108     220   65     221   246     222   121     223   112     224   151     225   199     226   35     227   116     228   182     229   130     230   187     231   131     232   184     233   217     234   33     235   23     236   126     237   91     238   124     239   165     240   201     241   66     242   55     243   142     244   183     245   107     246   208     247   101   
103   94  103   1     124   235     125   21     126   42     127   243     128   104     129   170     130   68     131   246     132   103     133   112     134   203     135   24     136   17     137   216     138   63     139   12     140   60     141   37     142   83     143   99     144   169     145   245     146   214     147   204     148   243     149   160     150   68     151   46     152   12     153   159     154   251     155   25     156   168     157   220     158   91     159   37     160   149     161   116     162   2     163   39     164   131     165   82     166   49     167   232     168   15     169   194     170   2     171   109     172   133     173   110     174   22     175   37     176   155     177   203     178   68     179   67     180   209     181   37     182   118     183   204     184   222     185   151     217   227     218   180     219   216     220   29     221   233     222   48     223   224     224   200     225   174     226   70     227   211     228   145     229   58     230   107     231   95     232   221     233   252     234   66     235   56     236   22     237   198     238   248     239   32     240   226     241   178     242   110     243   188     244   244     245   228     246   189     247   168   
104   94  104   1     124   97     125   119     126   238     127   169     128   25     129   40     130   16     131   16     132   205     133   13     134   33     135   62     136   4     137   146     138   153     139   31     140   251     141   25     142   208     143   54     144   74     145   109     146   176     147   242     148   169     149   121     150   16     151   195     152   149     153   224     154   79     155   226     156   244     157   225     158   54     159   133     160   7     161   126     162   183     163   251     164   221     165   5     166   187     167   175     168   247     169   18     170   183     171   86     172   96     173   254     174   21     175   236     176   147     177   33     178   16     179   149     180   161     181   25     182   201     183   242     184   86     185   6     217   120     218   219     219   146     220   113     221   41     222   110     223   26     224   12     225   91     226   167     227   252     228   194     229   63     230   88     231   85     232   52     233   94     234   212     235   157     236   21     237   97     238   45     239   163     240   173     241   31     242   254     243   213     244   184     245   105     246   232     247   244   
105   94  105   1     124   110     125   91     126   198     127   1     128   105     129   68     130   151     131   151     132   111     133   18     134   8     135   251     136   10     137   45     138   165     139   243     140   24     141   105     142   61     143   62     144   177     145   71     146   104     147   120     148   149     149   60     150   151     151   231     152   243     153   153     154   2     155   239     156   226     157   33     158   62     159   27     160   169     161   186     162   201     163   134     164   7     165   24     166   224     167   155     168   6     169   225     170   201     171   107     172   240     173   81     174   64     175   176     176   252     177   8     178   151     179   140     180   129     181   105     182   84     183   120     184   135     185   154     217   204     218   181     219   45     220   249     221   200     222   10     223   36     224   41     225   21     226   94     227   39     228   248     229   192     230   52     231   38     232   114     233   174     234   209     235   73     236   174     237   110     238   33     239   178     240   159     241   243     242   81     243   234     244   49     245   171     246   92     247   226   
106   94  106   1     124   131     125   146     126   57     127   111     128   147     129   99     130   62     131   55     132   236     133   249     134   95     135   106     136   129     137   29     138   54     139   53     140   225     141   70     142   78     143   255     144   41     145   125     146   252     147   66     148   233     149   194     150   55     151   42     152   53     153   105     154   222     155   117     156   228     157   14     158   13     159   80     160   200     161   234     162   172     163   230     164   16     165   230     166   225     167   201     168   127     169   240     170   107     171   77     172   132     173   7     174   194     175   70     176   122     177   27     178   55     179   103     180   246     181   70     182   221     183   66     184   137     185   79     217   165     218   157     219   240     220   180     221   4     222   212     223   192     224   81     225   112     226   185     227   113     228   219     229   117     230   126     231   30     232   195     233   150     234   138     235   242     236   216     237   227     238   14     239   152     240   104     241   9     242   19     243   187     244   176     245   252     246   130     247   228   
107   94  107   1     124   216     125   213     126   183     127   54     128   197     129   126     130   199     131   199     132   102     133   43     134   173     135   238     136   248     137   205     138   98     139   119     140   182     141   20     142   138     143   75     144   170     145   131     146   34     147   84     148   54     149   188     150   199     151   154     152   119     153   222     154   108     155   162     156   230     157   224     158   208     159   176     160   28     161   6     162   152     163   140     164   29     165   198     166   141     167   137     168   163     169   187     170   152     171   164     172   168     173   112     174   1     175   20     176   243     177   173     178   199     179   62     180   219     181   20     182   158     183   84     184   120     185   132     217   130     218   37     219   205     220   143     221   64     222   193     223   86     224   121     225   83     226   95     227   12     228   49     229   3     230   17     231   253     232   172     233   149     234   114     235   155     236   1     237   150     238   184     239   117     240   206     241   144     242   112     243   127     244   207     245   123     246   51     247   230   
108   94  108   1     124   72     125   224     126   221     127   106     128   67     129   242     130   198     131   198     132   34     133   58     134   119     135   90     136   191     137   105     138   61     139   45     140   66     141   67     142   135     143   57     144   141     145   148     146   41     147   199     148   106     149   237     150   198     151   118     152   225     153   208     154   212     155   1     156   169     157   54     158   57     159   39     160   255     161   101     162   161     163   66     164   189     165   89     166   125     167   4     168   133     169   23     170   161     171   151     172   174     173   27     174   159     175   12     176   143     177   119     178   198     179   225     180   9     181   67     182   196     183   199     184   151     185   110     217   11     218   211     219   105     220   142     221   20     222   163     223   116     224   220     225   173     226   103     227   202     228   228     229   188     230   154     231   160     232   232     233   244     234   56     235   130     236   159     237   72     238   171     239   216     240   213     241   45     242   27     243   222     244   74     245   43     246   179     247   169   
109   94  109   1     124   199     125   143     126   217     127   220     128   233     129   78     130   93     131   93     132   27     133   214     134   174     135   63     136   11     137   167     138   59     139   145     140   239     141   233     142   230     143   159     144   45     145   55     146   53     147   116     148   248     149   58     150   93     151   135     152   145     153   1     154   165     155   41     156   12     157   94     158   159     159   150     160   194     161   82     162   89     163   192     164   46     165   239     166   169     167   164     168   242     169   229     170   89     171   76     172   232     173   132     174   25     175   241     176   17     177   174     178   93     179   203     180   238     181   233     182   15     183   116     184   28     185   120     217   210     218   122     219   167     220   154     221   133     222   11     223   213     224   240     225   202     226   4     227   172     228   70     229   41     230   148     231   112     232   127     233   236     234   182     235   107     236   236     237   199     238   94     239   84     240   243     241   145     242   132     243   162     244   31     245   103     246   161     247   12   
110   94  110   1     124   205     125   246     126   241     127   231     128   66     129   196     130   218     131   167     132   42     133   251     134   135     135   185     136   184     137   24     138   19     139   210     140   189     141   153     142   80     143   100     144   126     145   29     146   165     147   115     148   116     149   127     150   167     151   191     152   210     153   120     154   211     155   212     156   227     157   86     158   151     159   137     160   195     161   181     162   39     163   150     164   143     165   150     166   189     167   119     168   104     169   134     170   56     171   145     172   230     173   43     174   127     175   153     176   54     177   135     178   167     179   46     180   25     181   153     182   18     183   115     184   113     185   228     217   81     218   20     219   134     220   106     221   234     222   111     223   10     224   61     225   138     226   253     227   62     228   141     229   212     230   248     231   217     232   203     233   28     234   176     235   243     236   76     237   200     238   86     239   74     240   204     241   125     242   78     243   136     244   128     245   165     246   121     247   227   
111   94  111   1     124   19     125   255     126   227     127   205     128   21     129   55     130   79     131   79     132   168     133   203     134   38     135   207     136   218     137   96     138   28     139   111     140   206     141   94     142   44     143   141     144   229     145   116     146   147     147   209     148   205     149   225     150   79     151   198     152   111     153   253     154   135     155   144     156   171     157   69     158   102     159   32     160   43     161   238     162   156     163   206     164   6     165   98     166   239     167   91     168   189     169   34     170   156     171   184     172   191     173   172     174   45     175   94     176   216     177   38     178   79     179   184     180   100     181   94     182   114     183   209     184   217     185   183     217   89     218   80     219   96     220   181     221   143     222   161     223   139     224   244     225   18     226   211     227   193     228   14     229   119     230   199     231   12     232   11     233   112     234   246     235   235     236   45     237   7     238   85     239   53     240   23     241   233     242   172     243   26     244   58     245   174     246   84     247   171   
112   94  112   1     124   101     125   140     126   5     127   21     128   14     129   210     130   116     131   116     132   112     133   103     134   168     135   59     136   130     137   115     138   137     139   147     140   44     141   14     142   62     143   1     144   119     145   66     146   27     147   86     148   21     149   43     150   116     151   138     152   174     153   162     154   42     155   34     156   203     157   226     158   1     159   218     160   117     161   246     162   198     163   44     164   107     165   93     166   225     167   136     168   122     169   244     170   198     171   36     172   96     173   113     174   41     175   133     176   51     177   168     178   116     179   174     180   47     181   14     182   48     183   86     184   36     185   157     217   107     218   196     219   115     220   17     221   146     222   130     223   206     224   39     225   67     226   178     227   241     228   4     229   123     230   131     231   228     232   212     233   30     234   35     235   148     236   41     237   101     238   143     239   175     240   8     241   147     242   113     243   99     244   33     245   95     246   152     247   203   
113   94  113   1     124   241     125   253     126   73     127   125     128   159     129   223     130   129     131   129     132   140     133   21     134   207     135   138     136   53     137   174     138   227     139   69     140   76     141   159     142   195     143   68     144   137     145   88     146   226     147   97     148   123     149   190     150   129     151   47     152   69     153   93     154   250     155   224     156   187     157   102     158   68     159   203     160   197     161   221     162   232     163   127     164   110     165   127     166   65     167   167     168   19     169   36     170   232     171   101     172   194     173   11     174   54     175   244     176   228     177   207     178   129     179   74     180   17     181   159     182   92     183   97     184   2     185   218     217   124     218   96     219   64     220   112     221   149     222   53     223   242     224   169     225   23     226   105     227   117     228   13     229   224     230   113     231   8     232   84     233   104     234   164     235   132     236   171     237   241     238   102     239   14     240   78     241   69     242   200     243   116     244   229     245   63     246   147     247   187   
114   94  114   1     124   27     125   57     126   114     127   222     128   59     129   198     130   124     131   110     132   197     133   239     134   54     135   212     136   31     137   58     138   75     139   106     140   223     141   140     142   156     143   227     144   82     145   250     146   229     147   132     148   207     149   153     150   110     151   84     152   106     153   210     154   161     155   234     156   213     157   28     158   26     159   160     160   141     161   201     162   19     163   209     164   32     165   209     166   50     167   143     168   254     169   253     170   98     171   154     172   21     173   14     174   194     175   140     176   244     177   54     178   110     179   206     180   241     181   140     182   167     183   132     184   15     185   158     217   87     218   39     219   253     220   117     221   8     222   181     223   157     224   162     225   224     226   111     227   226     228   171     229   234     230   175     231   60     232   155     233   49     234   73     235   249     236   173     237   219     238   28     239   45     240   208     241   18     242   38     243   107     244   125     245   229     246   25     247   213   
115   94  115   1     124   99     125   47     126   94     127   209     128   156     129   240     130   96     131   96     132   148     133   46     134   198     135   132     136   24     137   75     138   113     139   66     140   32     141   86     142   218     143   163     144   161     145   115     146   135     147   160     148   209     149   11     150   96     151   105     152   89     153   122     154   191     155   118     156   101     157   124     158   180     159   57     160   129     161   25     162   149     163   32     164   255     165   30     166   189     167   197     168   8     169   108     170   149     171   6     172   93     173   62     174   126     175   140     176   77     177   198     178   96     179   6     180   225     181   86     182   140     183   160     184   233     185   20     217   13     218   224     219   75     220   65     221   246     222   121     223   92     224   151     225   199     226   245     227   50     228   182     229   130     230   205     231   227     232   184     233   217     234   194     235   105     236   126     237   91     238   238     239   165     240   201     241   66     242   62     243   142     244   183     245   107     246   74     247   101   
116   94  116   1     124   89     125   220     126   165     127   143     128   211     129   141     130   82     131   82     132   214     133   27     134   12     135   8     136   15     137   181     138   121     139   4     140   20     141   211     142   173     143   33     144   49     145   234     146   92     147   68     148   143     149   34     150   82     151   26     152   202     153   91     154   3     155   22     156   147     157   243     158   33     159   152     160   115     161   93     162   35     163   197     164   138     165   50     166   144     167   88     168   5     169   31     170   35     171   208     172   252     173   247     174   96     175   232     176   243     177   12     178   82     179   202     180   166     181   211     182   126     183   68     184   208     185   215     217   138     218   97     219   181     220   11     221   37     222   15     223   54     224   179     225   203     226   113     227   186     228   132     229   160     230   46     231   53     232   75     233   249     234   55     235   227     236   249     237   89     238   191     239   235     240   21     241   4     242   247     243   159     244   117     245   112     246   114     247   147   
117   94  117   1     124   178     125   237     126   87     127   3     128   187     129   204     130   164     131   164     132   177     133   171     134   24     135   16     136   30     137   144     138   242     139   8     140   40     141   205     142   71     143   66     144   206     145   201     146   184     147   136     148   162     149   68     150   164     151   52     152   8     153   182     154   6     155   44     156   59     157   99     158   66     159   45     160   230     161   88     162   70     163   151     164   9     165   151     166   61     167   176     168   10     169   119     170   70     171   189     172   13     173   180     174   192     175   205     176   25     177   18     178   164     179   137     180   158     181   187     182   252     183   136     184   148     185   179     217   73     218   194     219   119     220   22     221   69     222   30     223   108     224   123     225   63     226   226     227   105     228   21     229   44     230   92     231   106     232   150     233   168     234   110     235   219     236   239     237   132     238   99     239   203     240   188     241   8     242   243     243   35     244   83     245   224     246   228     247   59   
118   94  118   1     124   113     125   1     126   2     127   99     128   69     129   116     130   195     131   157     132   18     133   111     134   226     135   42     136   249     137   103     138   3     139   21     140   65     141   85     142   190     143   234     144   54     145   223     146   38     147   88     148   91     149   229     150   157     151   250     152   21     153   230     154   198     155   197     156   8     157   159     158   83     159   228     160   119     161   151     162   124     163   128     164   52     165   128     166   106     167   51     168   87     169   49     170   124     171   131     172   176     173   193     174   252     175   85     176   30     177   226     178   127     179   121     180   180     181   85     182   10     183   88     184   227     185   11     217   156     218   218     219   49     220   236     221   13     222   84     223   109     224   160     225   140     226   191     227   200     228   143     229   197     230   7     231   171     232   161     233   12     234   71     235   185     236   67     237   201     238   244     239   147     240   162     241   94     242   248     243   55     244   225     245   38     246   53     247   8   
119   94  119   1     124   8     125   198     126   145     127   2     128   46     129   241     130   51     131   51     132   109     133   36     134   16     135   235     136   197     137   90     138   87     139   251     140   17     141   210     142   122     143   124     144   183     145   142     146   208     147   85     148   2     149   120     150   51     151   146     152   5     153   47     154   4     155   195     156   126     157   89     158   124     159   54     160   166     161   39     162   143     163   17     164   38     165   179     166   221     167   43     168   67     169   223     170   143     171   214     172   170     173   162     174   128     175   168     176   44     177   16     178   51     179   230     180   149     181   210     182   168     183   85     184   214     185   41     217   14     218   119     219   90     220   192     221   135     222   20     223   72     224   86     225   242     226   188     227   78     228   165     229   157     230   104     231   76     232   144     233   65     234   191     235   146     236   128     237   220     238   66     239   121     240   199     241   251     242   162     243   113     244   71     245   75     246   184     247   126   
120   94  120   1     124   133     125   26     126   52     127   141     128   1     129   124     130   97     131   97     132   8     133   63     134   28     135   227     136   27     137   239     138   46     139   255     140   36     141   1     142   215     143   93     144   24     145   100     146   140     147   180     148   141     149   90     150   97     151   201     152   207     153   116     154   7     155   213     156   74     157   170     158   93     159   174     160   60     161   122     162   172     163   212     164   132     165   129     166   77     167   115     168   9     169   192     170   172     171   6     172   117     173   85     174   224     175   149     176   170     177   28     178   97     179   207     180   189     181   1     182   214     183   180     184   6     185   254     217   132     218   22     219   239     220   228     221   162     222   27     223   126     224   225     225   57     226   205     227   244     228   105     229   61     230   70     231   121     232   175     233   184     234   136     235   113     236   184     237   133     238   253     239   146     240   125     241   255     242   85     243   86     244   50     245   59     246   202     247   74   
121   94  121   1     124   111     125   138     126   53     127   46     128   165     129   247     130   142     131   142     132   65     133   24     134   109     135   189     136   49     137   60     138   161     139   208     140   183     141   237     142   136     143   250     144   195     145   186     146   139     147   81     148   210     149   166     150   142     151   178     152   208     153   7     154   92     155   223     156   36     157   135     158   250     159   197     160   116     161   163     162   146     163   122     164   202     165   122     166   120     167   91     168   228     169   82     170   146     171   249     172   162     173   205     174   79     175   237     176   119     177   137     178   142     179   75     180   176     181   254     182   45     183   81     184   84     185   117     217   4     218   123     219   82     220   225     221   188     222   49     223   17     224   234     225   76     226   28     227   99     228   207     229   223     230   203     231   77     232   96     233   54     234   37     235   12     236   190     237   233     238   135     239   177     240   227     241   74     242   187     243   73     244   93     245   40     246   64     247   36   
122   94  122   1     124   87     125   226     126   217     127   8     128   111     129   26     130   93     131   204     132   95     133   228     134   174     135   139     136   80     137   167     138   59     139   203     140   192     141   233     142   230     143   237     144   225     145   55     146   53     147   231     148   220     149   58     150   204     151   107     152   203     153   1     154   16     155   43     156   67     157   21     158   159     159   216     160   33     161   86     162   89     163   68     164   56     165   68     166   169     167   172     168   48     169   117     170   89     171   127     172   211     173   132     174   25     175   233     176   179     177   174     178   98     179   20     180   124     181   233     182   250     183   231     184   76     185   120     217   46     218   122     219   117     220   155     221   14     222   11     223   61     224   85     225   168     226   4     227   37     228   147     229   43     230   148     231   45     232   183     233   236     234   182     235   114     236   25     237   199     238   94     239   249     240   140     241   145     242   132     243   3     244   149     245   103     246   218     247   67   
123   94  123   1     124   95     125   36     126   72     127   222     128   65     129   235     130   110     131   110     132   50     133   192     134   190     135   212     136   149     137   253     138   108     139   106     140   209     141   59     142   156     143   227     144   86     145   185     146   229     147   132     148   222     149   66     150   110     151   249     152   206     153   46     154   161     155   234     156   61     157   76     158   227     159   160     160   135     161   113     162   214     163   209     164   30     165   247     166   116     167   143     168   115     169   170     170   214     171   154     172   121     173   38     174   153     175   140     176   159     177   190     178   110     179   69     180   233     181   59     182   167     183   47     184   154     185   81     217   32     218   13     219   253     220   91     221   137     222   31     223   157     224   3     225   90     226   184     227   226     228   54     229   182     230   252     231   60     232   39     233   173     234   9     235   249     236   153     237   27     238   28     239   45     240   75     241   106     242   38     243   107     244   210     245   44     246   25     247   61   
