row_number
122
col_number
244
rank
122
ary
256
*****1's_location/per_row****
0   4  0   108     61   58     122   33     183   219   
1   4  1   215     62   34     123   196     184   23   
2   4  2   236     63   17     124   20     185   213   
3   4  3   45     64   116     125   207     186   159   
4   4  4   170     65   18     126   68     187   104   
5   4  5   4     66   140     127   66     188   169   
6   4  6   34     67   209     128   131     189   44   
7   4  7   188     68   162     129   112     190   213   
8   4  8   240     69   91     130   50     191   127   
9   4  9   96     70   81     131   197     192   31   
10   4  10   96     71   100     132   116     193   243   
11   4  11   77     72   146     133   253     194   119   
12   4  12   253     73   51     134   102     195   80   
13   4  13   17     74   217     135   158     196   30   
14   4  14   237     75   247     136   118     197   222   
15   4  15   191     76   169     137   158     198   66   
16   4  16   213     77   234     138   48     199   112   
17   4  17   238     78   250     139   214     200   201   
18   4  18   82     79   129     140   184     201   150   
19   4  19   7     80   115     141   156     202   200   
20   4  20   70     81   65     142   240     203   192   
21   4  21   78     82   142     143   80     204   104   
22   4  22   154     83   111     144   69     205   214   
23   4  23   38     84   122     145   252     206   105   
24   4  24   143     85   237     146   229     207   44   
25   4  25   82     86   162     147   48     208   235   
26   4  26   102     87   44     148   212     209   225   
27   4  27   84     88   115     149   222     210   200   
28   4  28   6     89   55     150   26     211   63   
29   4  29   93     90   147     151   94     212   136   
30   4  30   52     91   104     152   99     213   86   
31   4  31   237     92   183     153   136     214   34   
32   4  32   64     93   119     154   207     215   64   
33   4  33   85     94   54     155   148     216   179   
34   4  34   23     95   43     156   126     217   58   
35   4  35   168     96   235     157   71     218   245   
36   4  36   35     97   222     158   240     219   69   
37   4  37   206     98   244     159   85     220   54   
38   4  38   205     99   6     160   138     221   211   
39   4  39   144     100   50     161   129     222   199   
40   4  40   97     101   79     162   109     223   244   
41   4  41   213     102   10     163   56     224   181   
42   4  42   244     103   241     164   217     225   162   
43   4  43   79     104   208     165   33     226   9   
44   4  44   75     105   12     166   126     227   237   
45   4  45   97     106   54     167   92     228   210   
46   4  46   62     107   202     168   237     229   144   
47   4  47   204     108   177     169   195     230   215   
48   4  48   239     109   186     170   56     231   128   
49   4  49   48     110   150     171   7     232   73   
50   4  50   105     111   203     172   52     233   163   
51   4  51   23     112   151     173   64     234   179   
52   4  52   118     113   220     174   250     235   53   
53   4  53   148     114   3     175   34     236   174   
54   4  54   110     115   19     176   5     237   210   
55   4  55   54     116   253     177   122     238   86   
56   4  56   52     117   193     178   145     239   78   
57   4  57   245     118   17     179   54     240   54   
58   4  58   14     119   31     180   215     241   72   
59   4  59   77     120   237     181   154     242   181   
60   4  60   231     121   22     182   144     243   194   
61   4  0   239     118   237     133   30     193   156   
62   4  1   175     119   82     134   40     194   57   
63   4  2   180     120   25     135   244     195   206   
64   4  3   131     121   25     136   77     196   104   
65   4  4   202     61   194     137   203     197   104   
66   4  5   66     62   162     138   29     198   178   
67   4  6   253     63   165     139   85     199   42   
68   4  7   4     64   203     140   52     200   87   
69   4  8   32     65   200     141   38     201   151   
70   4  9   248     66   209     142   234     202   182   
71   4  10   241     67   123     143   182     203   83   
72   4  11   143     68   156     144   136     204   16   
73   4  12   178     69   219     145   169     205   246   
74   4  13   75     70   243     146   161     206   26   
75   4  14   197     71   176     147   25     207   83   
76   4  15   243     72   22     148   128     208   11   
77   4  16   23     73   202     149   82     209   156   
78   4  17   80     74   25     150   32     210   92   
79   4  18   112     75   99     151   25     211   37   
80   4  19   226     76   198     152   82     212   191   
81   4  20   52     77   242     153   27     213   40   
82   4  21   155     78   204     154   240     214   60   
83   4  22   151     79   183     155   111     215   240   
84   4  23   252     80   21     156   10     216   186   
85   4  24   180     81   82     157   252     217   33   
86   4  25   182     82   184     158   147     218   232   
87   4  26   68     83   20     159   38     219   152   
88   4  27   250     84   235     160   186     220   85   
89   4  28   172     85   159     161   234     221   81   
90   4  29   3     86   155     162   212     222   198   
91   4  30   67     87   197     163   22     223   113   
92   4  31   105     88   142     164   206     224   197   
93   4  32   218     89   79     165   127     225   167   
94   4  33   186     90   30     166   32     226   14   
95   4  34   174     91   9     167   140     227   246   
96   4  35   88     92   208     168   241     228   97   
97   4  36   200     93   125     169   73     229   1   
98   4  37   242     94   85     170   232     230   76   
99   4  38   131     95   42     171   159     231   93   
100   4  39   96     96   140     172   90     232   62   
101   4  40   44     97   174     173   235     233   94   
102   4  41   182     98   215     174   141     234   9   
103   4  42   212     99   175     175   138     235   180   
104   4  43   98     100   110     176   138     236   4   
105   4  44   75     101   221     177   17     237   106   
106   4  45   174     102   218     178   96     238   136   
107   4  46   111     103   62     179   172     239   29   
108   4  47   113     104   17     180   38     240   178   
109   4  48   215     105   78     181   210     241   81   
110   4  49   234     106   33     182   182     242   11   
111   4  50   255     107   56     122   106     243   54   
112   4  51   38     108   2     123   139     183   151   
113   4  52   100     109   139     124   148     184   217   
114   4  53   68     110   51     125   27     185   234   
115   4  54   143     111   58     126   167     186   191   
116   4  55   121     112   11     127   84     187   193   
117   4  56   254     113   18     128   20     188   45   
118   4  57   95     114   195     129   15     189   245   
119   4  58   112     115   118     130   6     190   39   
120   4  59   83     116   120     131   206     191   48   
121   4  60   20     117   157     132   122     192   200   
*****1's_location/per_col****
0   123  0   1     122   39     123   13     124   77     125   66     126   185     127   33     128   228     129   87     130   75     131   41     132   110     133   105     134   197     135   23     136   84     137   214     138   39     139   224     140   96     141   238     142   235     143   210     144   171     145   21     146   45     147   173     148   164     149   73     150   90     151   134     152   222     153   160     154   175     155   87     156   243     157   32     158   1     159   205     160   120     161   147     162   88     163   81     164   220     165   85     166   51     167   128     168   153     169   255     170   45     171   150     172   193     173   58     174   124     175   22     176   66     177   111     178   53     179   115     180   3     181   236     182   34     183   162     184   189     185   150     186   150     187   121     188   129     189   170     190   63     191   137     192   161     193   160     194   57     195   228     196   70     197   250     198   117     199   82     200   163     201   16     202   4     203   160     204   89     205   159     206   62     207   244     208   214     209   21     210   249     211   52     212   80     213   16     214   40     215   102     216   200     217   87     218   124     219   235     220   226     221   200     222   69     223   229     224   109     225   232     226   160     227   255     228   52     229   18     230   23     231   237     232   169     233   65     234   17     235   135     236   165     237   155     238   223     239   2     240   161     241   4     242   23     243   184   
1   123  1   1     122   213     123   186     124   19     125   239     126   149     127   199     128   3     129   149     130   70     131   254     132   160     133   78     134   131     135   200     136   205     137   162     138   249     139   225     140   57     141   252     142   130     143   253     144   35     145   116     146   76     147   190     148   45     149   117     150   81     151   14     152   110     153   75     154   157     155   145     156   68     157   23     158   38     159   190     160   112     161   125     162   123     163   121     164   93     165   90     166   213     167   222     168   130     169   238     170   143     171   92     172   229     173   109     174   16     175   254     176   29     177   55     178   233     179   231     180   164     181   207     182   80     183   120     184   10     185   60     186   140     187   231     188   253     189   155     190   156     191   7     192   228     193   69     194   201     195   3     196   80     197   31     198   232     199   152     200   151     201   133     202   132     203   75     204   86     205   215     206   247     207   134     208   139     209   116     210   88     211   244     212   94     213   133     214   237     215   108     216   136     217   105     218   229     219   13     220   123     221   190     222   70     223   148     224   218     225   169     226   55     227   238     228   207     229   182     230   94     231   88     232   206     233   185     234   6     235   158     236   236     237   177     238   147     239   51     240   35     241   102     242   53     243   2   
2   123  2   1     122   244     123   211     124   2     125   44     126   233     127   84     128   73     129   162     130   146     131   31     132   131     133   210     134   83     135   69     136   193     137   251     138   22     139   90     140   179     141   25     142   155     143   46     144   251     145   156     146   212     147   153     148   250     149   159     150   243     151   215     152   68     153   221     154   186     155   32     156   32     157   57     158   106     159   187     160   99     161   135     162   141     163   143     164   163     165   238     166   98     167   120     168   181     169   47     170   140     171   216     172   226     173   183     174   48     175   160     176   202     177   89     178   38     179   244     180   156     181   76     182   240     183   136     184   30     185   216     186   198     187   52     188   26     189   138     190   162     191   9     192   49     193   102     194   149     195   5     196   240     197   138     198   37     199   105     200   164     201   84     202   145     203   139     204   250     205   102     206   4     207   248     208   128     209   117     210   232     211   68     212   226     213   232     214   42     215   44     216   133     217   237     218   50     219   154     220   141     221   105     222   202     223   32     224   115     225   9     226   89     227   237     228   76     229   235     230   226     231   151     232   79     233   96     234   10     235   80     236   41     237   168     238   168     239   220     240   101     241   253     242   95     243   220   
3   123  3   1     122   98     123   204     124   81     125   191     126   141     127   209     128   13     129   121     130   26     131   215     132   14     133   231     134   183     135   73     136   173     137   131     138   65     139   72     140   40     141   108     142   229     143   211     144   56     145   108     146   27     147   180     148   123     149   164     150   55     151   236     152   214     153   69     154   58     155   121     156   2     157   46     158   131     159   156     160   34     161   253     162   164     163   245     164   89     165   255     166   218     167   96     168   163     169   196     170   2     171   224     172   153     173   35     174   203     175   128     176   191     177   78     178   138     179   98     180   70     181   48     182   192     183   80     184   24     185   224     186   224     187   101     188   186     189   241     190   87     191   10     192   109     193   120     194   219     195   115     196   192     197   241     198   238     199   116     200   62     201   226     202   3     203   87     204   243     205   120     206   158     207   153     208   208     209   61     210   139     211   80     212   60     213   43     214   30     215   130     216   86     217   47     218   33     219   67     220   199     221   116     222   250     223   121     224   228     225   255     226   120     227   47     228   23     229   220     230   73     231   30     232   183     233   139     234   197     235   64     236   178     237   217     238   31     239   66     240   177     241   157     242   73     243   66   
4   123  4   1     122   66     123   107     124   51     125   147     126   106     127   199     128   79     129   229     130   115     131   204     132   63     133   148     134   136     135   189     136   197     137   221     138   135     139   196     140   116     141   143     142   239     143   53     144   183     145   118     146   71     147   247     148   23     149   184     150   142     151   240     152   181     153   156     154   60     155   229     156   242     157   44     158   235     159   131     160   105     161   134     162   69     163   165     164   126     165   46     166   26     167   176     168   70     169   114     170   71     171   230     172   3     173   250     174   226     175   86     176   147     177   212     178   90     179   66     180   32     181   68     182   231     183   232     184   225     185   230     186   230     187   130     188   91     189   92     190   154     191   80     192   119     193   156     194   218     195   79     196   24     197   92     198   2     199   133     200   188     201   22     202   139     203   156     204   174     205   6     206   113     207   89     208   190     209   118     210   50     211   177     212   78     213   22     214   39     215   52     216   227     217   229     218   226     219   239     220   15     221   227     222   56     223   164     224   31     225   207     226   156     227   114     228   177     229   221     230   189     231   175     232   124     233   179     234   253     235   27     236   252     237   141     238   94     239   203     240   119     241   139     242   189     243   129   
5   123  5   1     122   212     123   129     124   146     125   134     126   153     127   4     128   198     129   153     130   220     131   144     132   50     133   246     134   92     135   253     136   170     137   182     138   212     139   61     140   148     141   20     142   30     143   86     144   110     145   164     146   114     147   221     148   213     149   230     150   91     151   187     152   94     153   161     154   179     155   140     156   88     157   135     158   57     159   221     160   177     161   204     162   93     163   217     164   100     165   183     166   212     167   56     168   30     169   196     170   99     171   38     172   40     173   152     174   84     175   144     176   41     177   47     178   23     179   172     180   39     181   46     182   25     183   155     184   237     185   195     186   165     187   172     188   86     189   34     190   241     191   211     192   106     193   26     194   191     195   198     196   25     197   173     198   48     199   228     200   29     201   205     202   143     203   161     204   136     205   80     206   248     207   11     208   118     209   164     210   51     211   62     212   162     213   205     214   2     215   218     216   176     217   141     218   40     219   125     220   93     221   221     222   220     223   219     224   45     225   90     226   47     227   196     228   46     229   247     230   162     231   51     232   108     233   14     234   145     235   117     236   64     237   36     238   8     239   58     240   110     241   116     242   171     243   132   
6   123  6   1     122   26     123   121     124   229     125   124     126   59     127   45     128   12     129   107     130   24     131   125     132   236     133   87     134   231     135   217     136   255     137   189     138   62     139   250     140   159     141   153     142   91     143   32     144   189     145   145     146   179     147   7     148   147     149   227     150   208     151   193     152   247     153   240     154   220     155   169     156   169     157   48     158   215     159   242     160   148     161   84     162   101     163   57     164   69     165   241     166   186     167   81     168   123     169   14     170   75     171   102     172   36     173   39     174   115     175   55     176   224     177   214     178   77     179   26     180   145     181   154     182   162     183   243     184   83     185   247     186   53     187   203     188   235     189   175     190   107     191   67     192   93     193   2     194   210     195   150     196   162     197   175     198   63     199   123     200   143     201   45     202   106     203   129     204   147     205   2     206   184     207   207     208   158     209   170     210   21     211   247     212   36     213   21     214   152     215   124     216   8     217   131     218   47     219   117     220   101     221   165     222   224     223   169     224   78     225   67     226   214     227   131     228   154     229   103     230   36     231   142     232   232     233   230     234   49     235   149     236   234     237   90     238   90     239   222     240   112     241   89     242   50     243   222   
7   123  7   1     122   229     123   62     124   100     125   75     126   149     127   82     128   163     129   14     130   91     131   213     132   110     133   153     134   77     135   66     136   22     137   251     138   171     139   242     140   103     141   139     142   228     143   47     144   165     145   139     146   235     147   128     148   115     149   79     150   123     151   189     152   101     153   81     154   216     155   14     156   125     157   237     158   251     159   234     160   254     161   194     162   79     163   43     164   141     165   191     166   118     167   152     168   120     169   215     170   125     171   174     172   160     173   78     174   9     175   54     176   164     177   117     178   162     179   229     180   156     181   76     182   45     183   212     184   38     185   174     186   136     187   210     188   238     189   209     190   227     191   148     192   59     193   190     194   198     195   154     196   45     197   209     198   192     199   173     200   254     201   211     202   205     203   227     204   172     205   190     206   151     207   160     208   226     209   239     210   18     211   212     212   95     213   167     214   161     215   75     216   83     217   93     218   51     219   214     220   26     221   173     222   245     223   14     224   84     225   191     226   190     227   93     228   248     229   241     230   66     231   161     232   77     233   18     234   103     235   27     236   7     237   187     238   17     239   102     240   202     241   90     242   66     243   102   
8   123  8   1     122   4     123   112     124   125     125   139     126   152     127   203     128   142     129   157     130   234     131   233     132   48     133   228     134   69     135   144     136   88     137   194     138   92     139   159     140   133     141   94     142   120     143   213     144   117     145   22     146   248     147   226     148   131     149   108     150   237     151   141     152   230     153   146     154   100     155   157     156   30     157   136     158   67     159   103     160   227     161   155     162   107     163   10     164   96     165   27     166   9     167   26     168   63     169   45     170   248     171   201     172   84     173   104     174   242     175   211     176   139     177   115     178   158     179   4     180   197     181   172     182   14     183   23     184   166     185   201     186   201     187   41     188   89     189   54     190   58     191   123     192   209     193   146     194   173     195   142     196   154     197   54     198   147     199   207     200   87     201   215     202   17     203   146     204   40     205   168     206   121     207   202     208   196     209   22     210   186     211   221     212   73     213   68     214   170     215   18     216   53     217   157     218   242     219   120     220   25     221   53     222   95     223   205     224   245     225   189     226   146     227   45     228   221     229   194     230   144     231   239     232   243     233   78     234   7     235   206     236   192     237   185     238   165     239   134     240   209     241   17     242   144     243   244   
9   123  9   1     122   53     123   103     124   170     125   175     126   97     127   168     128   191     129   97     130   55     131   36     132   130     133   179     134   23     135   120     136   164     137   163     138   53     139   72     140   37     141   5     142   88     143   155     144   149     145   41     146   146     147   112     148   114     149   183     150   223     151   231     152   153     153   111     154   229     155   35     156   22     157   232     158   73     159   112     160   107     161   51     162   80     163   113     164   25     165   228     166   53     167   14     168   137     169   49     170   209     171   135     172   10     173   38     174   21     175   36     176   77     177   194     178   204     179   43     180   192     181   133     182   65     183   239     184   124     185   249     186   110     187   43     188   199     189   134     190   123     191   253     192   148     193   136     194   230     195   191     196   65     197   108     198   12     199   57     200   64     201   116     202   29     203   111     204   34     205   20     206   62     207   203     208   147     209   41     210   197     211   129     212   166     213   116     214   142     215   184     216   44     217   100     218   10     219   88     220   80     221   112     222   55     223   255     224   76     225   152     226   194     227   49     228   133     229   244     230   166     231   197     232   27     233   141     234   99     235   90     236   16     237   9     238   2     239   128     240   149     241   29     242   227     243   33   
10   123  10   1     122   119     123   85     124   104     125   40     126   105     127   178     128   199     129   234     130   69     131   49     132   185     133   204     134   90     135   78     136   31     137   35     138   20     139   98     140   22     141   64     142   96     143   246     144   35     145   136     146   189     147   79     148   186     149   62     150   159     151   11     152   215     153   152     154   51     155   202     156   202     157   138     158   208     159   170     160   245     161   231     162   116     163   91     164   115     165   129     166   108     167   154     168   103     169   158     170   237     171   95     172   99     173   72     174   175     175   197     176   21     177   201     178   187     179   119     180   136     181   107     182   41     183   179     184   168     185   215     186   247     187   241     188   246     189   160     190   234     191   37     192   54     193   50     194   173     195   199     196   41     197   156     198   13     199   103     200   155     201   178     202   243     203   152     204   186     205   50     206   94     207   149     208   15     209   225     210   240     211   215     212   99     213   240     214   89     215   40     216   200     217   55     218   128     219   249     220   116     221   102     222   21     223   202     224   144     225   37     226   201     227   55     228   107     229   70     230   99     231   130     232   221     233   67     234   147     235   236     236   239     237   121     238   121     239   1     240   132     241   82     242   184     243   1   
11   123  11   1     122   181     123   176     124   153     125   20     126   186     127   117     128   86     129   117     130   172     131   96     132   210     133   200     134   45     135   205     136   129     137   104     138   10     139   177     140   11     141   103     142   48     143   141     144   159     145   103     146   208     147   169     148   157     149   58     150   193     151   139     152   28     153   231     154   151     155   101     156   248     157   233     158   104     159   85     160   195     161   100     162   58     163   163     164   94     165   156     166   54     167   77     168   83     169   119     170   248     171   161     172   196     173   191     174   217     175   236     176   234     177   164     178   211     179   181     180   99     181   168     182   154     183   229     184   84     185   161     186   245     187   220     188   123     189   78     190   117     191   63     192   27     193   25     194   74     195   90     196   154     197   78     198   115     199   51     200   195     201   89     202   132     203   140     204   93     205   25     206   173     207   196     208   9     209   254     210   175     211   229     212   130     213   120     214   65     215   20     216   240     217   149     218   71     219   242     220   243     221   51     222   13     223   101     224   76     225   156     226   25     227   149     228   250     229   35     230   205     231   65     232   45     233   175     234   11     235   118     236   188     237   178     238   61     239   142     240   56     241   41     242   205     243   142   
12   123  12   1     122   89     123   114     124   200     125   174     126   36     127   87     128   166     129   44     130   109     131   7     132   139     133   189     134   241     135   150     136   50     137   180     138   107     139   142     140   231     141   201     142   192     143   103     144   122     145   201     146   47     147   70     148   28     149   224     150   94     151   85     152   31     153   52     154   82     155   44     156   48     157   93     158   10     159   161     160   23     161   215     162   74     163   16     164   11     165   56     166   227     167   105     168   147     169   72     170   47     171   245     172   217     173   185     174   63     175   156     176   174     177   129     178   223     179   89     180   30     181   246     182   73     183   211     184   230     185   245     186   245     187   17     188   99     189   112     190   155     191   240     192   62     193   52     194   167     195   166     196   134     197   112     198   101     199   14     200   42     201   197     202   40     203   52     204   64     205   52     206   145     207   6     208   79     209   130     210   116     211   213     212   26     213   160     214   13     215   219     216   131     217   44     218   63     219   192     220   154     221   131     222   152     223   172     224   149     225   222     226   52     227   72     228   213     229   180     230   150     231   252     232   110     233   176     234   170     235   95     236   22     237   135     238   21     239   20     240   62     241   40     242   150     243   196   
13   123  13   1     122   215     123   88     124   12     125   61     126   141     127   180     128   148     129   141     130   111     131   48     132   153     133   35     134   32     135   162     136   3     137   138     138   215     139   68     140   126     141   49     142   237     143   182     144   185     145   201     146   114     147   120     148   192     149   78     150   69     151   121     152   14     153   130     154   193     155   171     156   124     157   42     158   24     159   120     160   239     161   2     162   55     163   36     164   47     165   157     166   215     167   15     168   167     169   186     170   74     171   168     172   98     173   154     174   152     175   34     176   117     177   7     178   8     179   113     180   191     181   16     182   194     183   163     184   207     185   223     186   222     187   113     188   54     189   244     190   70     191   178     192   28     193   251     194   37     195   148     196   194     197   102     198   183     199   96     200   158     201   21     202   66     203   130     204   247     205   196     206   216     207   129     208   108     209   201     210   142     211   125     212   187     213   21     214   46     215   29     216   248     217   188     218   98     219   237     220   55     221   120     222   111     223   10     224   41     225   82     226   7     227   186     228   16     229   52     230   187     231   142     232   151     233   202     234   53     235   85     236   169     237   134     238   184     239   33     240   185     241   66     242   20     243   19   
14   123  14   1     122   173     123   13     124   111     125   128     126   205     127   145     128   101     129   245     130   255     131   169     132   68     133   231     134   61     135   125     136   194     137   2     138   64     139   79     140   25     141   239     142   22     143   204     144   2     145   186     146   161     147   129     148   232     149   153     150   1     151   130     152   151     153   72     154   240     155   12     156   12     157   227     158   222     159   26     160   55     161   156     162   86     163   159     164   31     165   97     166   221     167   17     168   95     169   163     170   188     171   45     172   237     173   150     174   10     175   60     176   226     177   247     178   74     179   173     180   186     181   148     182   34     183   51     184   67     185   151     186   110     187   133     188   204     189   58     190   245     191   233     192   224     193   135     194   83     195   101     196   34     197   250     198   105     199   95     200   179     201   145     202   220     203   72     204   232     205   82     206   143     207   154     208   48     209   119     210   39     211   151     212   237     213   39     214   198     215   128     216   85     217   66     218   195     219   252     220   86     221   253     222   226     223   12     224   49     225   233     226   247     227   66     228   148     229   4     230   237     231   154     232   183     233   20     234   202     235   30     236   229     237   63     238   63     239   162     240   113     241   68     242   177     243   162   
15   123  15   1     122   106     123   44     124   97     125   5     126   160     127   90     128   155     129   90     130   43     131   24     132   186     133   151     134   76     135   116     136   103     137   26     138   140     139   107     140   203     141   208     142   12     143   100     144   238     145   208     146   52     147   109     148   80     149   128     150   119     151   235     152   7     153   240     154   236     155   94     156   62     157   125     158   26     159   82     160   249     161   25     162   128     163   225     164   153     165   39     166   131     167   84     168   221     169   212     170   62     171   111     172   49     173   230     174   113     175   59     176   180     177   41     178   253     179   106     180   209     181   42     182   168     183   126     184   21     185   111     186   122     187   55     188   215     189   157     190   90     191   198     192   207     193   65     194   54     195   152     196   168     197   157     198   213     199   197     200   249     201   81     202   33     203   35     204   80     205   65     206   108     207   49     208   101     209   177     210   226     211   126     212   174     213   30     214   87     215   5     216   60     217   98     218   216     219   178     220   245     221   197     222   68     223   94     224   19     225   39     226   65     227   98     228   176     229   193     230   116     231   87     232   76     233   226     234   203     235   147     236   47     237   162     238   72     239   173     240   14     241   77     242   116     243   173   
16   123  16   1     122   189     123   80     124   226     125   225     126   151     127   254     128   52     129   66     130   157     131   175     132   79     133   29     134   214     135   240     136   182     137   241     138   11     139   146     140   235     141   219     142   55     143   58     144   133     145   219     146   9     147   112     148   134     149   30     150   18     151   140     152   205     153   32     154   35     155   66     156   196     157   89     158   167     159   155     160   24     161   47     162   65     163   183     164   158     165   17     166   15     167   121     168   45     169   51     170   9     171   46     172   108     173   249     174   190     175   87     176   225     177   232     178   250     179   189     180   244     181   101     182   10     183   203     184   210     185   46     186   46     187   142     188   222     189   34     190   248     191   243     192   135     193   32     194   13     195   177     196   71     197   34     198   72     199   67     200   212     201   234     202   166     203   32     204   230     205   32     206   95     207   150     208   156     209   114     210   198     211   93     212   16     213   162     214   8     215   30     216   154     217   66     218   190     219   55     220   193     221   154     222   179     223   147     224   187     225   195     226   32     227   51     228   93     229   241     230   240     231   194     232   214     233   21     234   5     235   43     236   33     237   126     238   106     239   83     240   135     241   166     242   240     243   211   
17   123  17   1     122   105     123   23     124   215     125   248     126   214     127   99     128   49     129   214     130   221     131   123     132   178     133   174     134   82     135   57     136   252     137   103     138   105     139   233     140   160     141   47     142   32     143   203     144   224     145   63     146   119     147   69     148   241     149   219     150   238     151   17     152   127     153   253     154   165     155   97     156   8     157   96     158   179     159   69     160   136     161   168     162   202     163   31     164   121     165   255     166   105     167   43     168   182     169   28     170   150     171   157     172   94     173   78     174   230     175   250     176   198     177   177     178   154     179   139     180   5     181   41     182   89     183   251     184   218     185   243     186   167     187   139     188   158     189   199     190   65     191   134     192   254     193   236     194   75     195   49     196   202     197   19     198   159     199   246     200   3     201   48     202   12     203   253     204   59     205   188     206   66     207   1     208   33     209   63     210   22     211   92     212   72     213   48     214   45     215   170     216   16     217   249     218   94     219   32     220   202     221   69     222   221     223   50     224   156     225   37     226   177     227   28     228   41     229   54     230   72     231   42     232   205     233   195     234   98     235   148     236   201     237   176     238   180     239   6     240   224     241   12     242   100     243   213   
18   123  18   1     122   67     123   167     124   191     125   208     126   31     127   232     128   246     129   60     130   117     131   203     132   224     133   98     134   137     135   225     136   230     137   68     138   104     139   139     140   53     141   111     142   214     143   61     144   68     145   183     146   198     147   242     148   129     149   229     150   34     151   91     152   36     153   101     154   150     155   133     156   133     157   234     158   99     159   83     160   192     161   79     162   190     163   41     164   249     165   126     166   5     167   56     168   145     169   130     170   123     171   147     172   43     173   6     174   73     175   171     176   200     177   120     178   33     179   67     180   183     181   66     182   112     183   72     184   14     185   36     186   157     187   122     188   61     189   103     190   60     191   163     192   140     193   62     194   20     195   246     196   112     197   64     198   115     199   145     200   152     201   232     202   39     203   101     204   129     205   54     206   51     207   131     208   46     209   168     210   218     211   197     212   43     213   218     214   116     215   208     216   216     217   44     218   222     219   19     220   190     221   49     222   200     223   133     224   12     225   163     226   120     227   44     228   66     229   136     230   43     231   131     232   16     233   146     234   241     235   219     236   38     237   205     238   205     239   160     240   100     241   224     242   220     243   160   
19   123  19   1     122   79     123   231     124   191     125   154     126   170     127   124     128   105     129   124     130   210     131   151     132   146     133   172     134   129     135   52     136   83     137   132     138   77     139   150     140   60     141   221     142   197     143   37     144   132     145   221     146   112     147   122     148   85     149   136     150   66     151   30     152   29     153   255     154   43     155   63     156   89     157   107     158   56     159   250     160   160     161   78     162   136     163   55     164   198     165   23     166   254     167   22     168   193     169   158     170   89     171   213     172   234     173   2     174   174     175   195     176   248     177   125     178   227     179   79     180   4     181   11     182   44     183   29     184   139     185   213     186   94     187   6     188   232     189   133     190   124     191   32     192   127     193   157     194   223     195   31     196   44     197   133     198   141     199   86     200   160     201   140     202   251     203   84     204   85     205   157     206   163     207   234     208   252     209   98     210   65     211   29     212   2     213   123     214   96     215   154     216   246     217   201     218   91     219   20     220   101     221   86     222   7     223   63     224   103     225   23     226   157     227   201     228   187     229   21     230   52     231   96     232   129     233   65     234   60     235   239     236   145     237   5     238   194     239   182     240   106     241   88     242   52     243   182   
20   123  20   1     122   217     123   212     124   211     125   30     126   206     127   15     128   182     129   102     130   90     131   107     132   197     133   108     134   101     135   97     136   253     137   209     138   26     139   132     140   138     141   198     142   123     143   216     144   124     145   198     146   89     147   87     148   177     149   161     150   178     151   37     152   142     153   169     154   78     155   102     156   215     157   141     158   130     159   221     160   38     161   93     162   171     163   77     164   151     165   127     166   222     167   14     168   32     169   129     170   89     171   237     172   139     173   56     174   20     175   227     176   30     177   71     178   245     179   217     180   155     181   210     182   148     183   9     184   159     185   237     186   237     187   88     188   140     189   254     190   136     191   172     192   1     193   131     194   163     195   202     196   44     197   254     198   242     199   75     200   24     201   58     202   50     203   131     204   41     205   131     206   10     207   126     208   234     209   42     210   170     211   119     212   207     213   184     214   233     215   161     216   109     217   102     218   20     219   123     220   157     221   109     222   183     223   52     224   94     225   224     226   131     227   129     228   119     229   209     230   97     231   80     232   101     233   133     234   74     235   167     236   51     237   57     238   12     239   25     240   1     241   50     242   97     243   47   
21   123  21   1     122   201     123   113     124   169     125   231     126   5     127   133     128   154     129   5     130   229     131   158     132   227     133   114     134   31     135   147     136   109     137   15     138   201     139   25     140   180     141   78     142   36     143   56     144   252     145   92     146   29     147   110     148   66     149   42     150   58     151   190     152   20     153   193     154   127     155   192     156   9     157   108     158   79     159   110     160   153     161   189     162   148     163   120     164   219     165   132     166   201     167   196     168   105     169   145     170   77     171   173     172   156     173   142     174   51     175   162     176   23     177   10     178   206     179   112     180   38     181   129     182   255     183   14     184   134     185   7     186   215     187   112     188   68     189   187     190   228     191   95     192   40     193   127     194   168     195   154     196   148     197   251     198   232     199   33     200   231     201   54     202   131     203   193     204   214     205   37     206   13     207   172     208   136     209   92     210   221     211   217     212   65     213   54     214   119     215   248     216   18     217   75     218   156     219   36     220   148     221   110     222   229     223   115     224   1     225   2     226   10     227   145     228   129     229   249     230   65     231   104     232   247     233   49     234   41     235   8     236   125     237   166     238   44     239   207     240   252     241   131     242   230     243   236   
22   123  22   1     122   252     123   180     124   247     125   171     126   196     127   231     128   125     129   41     130   163     131   10     132   45     133   173     134   168     135   115     136   244     137   123     138   219     139   20     140   237     141   92     142   114     143   119     144   123     145   61     146   251     147   24     148   98     149   22     150   179     151   191     152   106     153   42     154   108     155   133     156   7     157   91     158   243     159   117     160   34     161   83     162   169     163   155     164   48     165   139     166   59     167   76     168   235     169   128     170   176     171   87     172   39     173   217     174   138     175   27     176   232     177   82     178   81     179   252     180   61     181   162     182   152     183   212     184   19     185   106     186   68     187   238     188   119     189   150     190   41     191   209     192   147     193   149     194   236     195   125     196   152     197   30     198   122     199   235     200   127     201   163     202   136     203   42     204   98     205   95     206   100     207   222     208   28     209   249     210   221     211   25     212   39     213   221     214   253     215   242     216   97     217   160     218   184     219   107     220   169     221   216     222   232     223   7     224   175     225   209     226   82     227   160     228   162     229   246     230   39     231   222     232   137     233   9     234   250     235   131     236   214     237   211     238   211     239   51     240   116     241   45     242   4     243   51   
23   123  23   1     122   82     123   182     124   241     125   183     126   99     127   204     128   94     129   204     130   188     131   79     132   145     133   247     134   151     135   199     136   43     137   73     138   213     139   130     140   225     141   206     142   169     143   70     144   73     145   195     146   249     147   88     148   191     149   124     150   170     151   254     152   180     153   220     154   244     155   171     156   171     157   217     158   242     159   2     160   194     161   159     162   124     163   141     164   227     165   21     166   17     167   216     168   186     169   164     170   138     171   229     172   78     173   135     174   112     175   61     176   133     177   1     178   165     179   82     180   19     181   108     182   173     183   180     184   54     185   229     186   211     187   148     188   201     189   132     190   204     191   152     192   134     193   238     194   68     195   51     196   173     197   132     198   162     199   245     200   194     201   111     202   187     203   114     204   191     205   238     206   136     207   78     208   150     209   50     210   224     211   180     212   135     213   149     214   181     215   183     216   159     217   156     218   13     219   95     220   107     221   245     222   89     223   171     224   236     225   21     226   238     227   156     228   226     229   146     230   199     231   181     232   151     233   224     234   225     235   144     236   219     237   222     238   240     239   26     240   20     241   71     242   199     243   26   
24   123  24   1     122   231     123   6     124   194     125   111     126   217     127   185     128   120     129   206     130   16     131   47     132   208     133   235     134   186     135   10     136   190     137   154     138   223     139   51     140   166     141   164     142   153     143   203     144   17     145   164     146   100     147   241     148   188     149   70     150   200     151   117     152   22     153   59     154   90     155   206     156   114     157   48     158   219     159   87     160   1     161   212     162   99     163   46     164   189     165   101     166   35     167   149     168   233     169   175     170   100     171   68     172   138     173   110     174   74     175   209     176   111     177   11     178   195     179   231     180   112     181   238     182   201     183   81     184   192     185   68     186   68     187   72     188   78     189   202     190   254     191   167     192   44     193   247     194   30     195   105     196   36     197   202     198   7     199   198     200   135     201   54     202   75     203   254     204   184     205   247     206   37     207   73     208   128     209   204     210   79     211   24     212   245     213   237     214   244     215   70     216   199     217   9     218   74     219   213     220   152     221   199     222   84     223   163     224   160     225   165     226   247     227   175     228   24     229   154     230   10     231   53     232   186     233   31     234   234     235   174     236   103     237   66     238   205     239   171     240   44     241   75     242   10     243   80   
25   123  25   1     122   175     123   252     124   162     125   114     126   151     127   112     128   172     129   151     130   125     131   178     132   108     133   122     134   220     135   25     136   166     137   164     138   175     139   205     140   113     141   208     142   238     143   197     144   176     145   167     146   211     147   32     148   242     149   195     150   187     151   66     152   102     153   147     154   209     155   26     156   181     157   47     158   95     159   32     160   42     161   196     162   129     163   73     164   216     165   249     166   175     167   4     168   184     169   22     170   86     171   188     172   189     173   202     174   14     175   24     176   224     177   51     178   55     179   117     180   225     181   110     182   54     183   45     184   246     185   152     186   250     187   117     188   227     189   213     190   244     191   33     192   204     193   209     194   43     195   172     196   129     197   40     198   214     199   121     200   114     201   153     202   97     203   147     204   90     205   103     206   171     207   53     208   219     209   167     210   201     211   215     212   116     213   153     214   237     215   174     216   119     217   71     218   75     219   238     220   129     221   32     222   125     223   243     224   137     225   15     226   51     227   22     228   110     229   39     230   116     231   49     232   10     233   1     234   69     235   60     236   222     237   6     238   210     239   190     240   176     241   97     242   251     243   200   
26   123  26   1     122   224     123   160     124   205     125   242     126   43     127   248     128   201     129   98     130   102     131   177     132   40     133   157     134   75     135   50     136   116     137   166     138   121     139   127     140   73     141   63     142   174     143   120     144   193     145   29     146   19     147   161     148   155     149   90     150   83     151   141     152   15     153   219     154   96     155   99     156   243     157   204     158   135     159   161     160   79     161   88     162   215     163   173     164   95     165   152     166   114     167   10     168   38     169   181     170   234     171   18     172   153     173   92     174   4     175   24     176   159     177   196     178   125     179   224     180   29     181   250     182   20     183   30     184   140     185   15     186   158     187   240     188   120     189   239     190   98     191   200     192   57     193   86     194   213     195   201     196   20     197   206     198   58     199   38     200   236     201   102     202   33     203   219     204   155     205   252     206   244     207   175     208   235     209   54     210   22     211   61     212   153     213   22     214   124     215   27     216   34     217   223     218   126     219   68     220   215     221   192     222   159     223   243     224   184     225   200     226   196     227   223     228   250     229   81     230   153     231   175     232   189     233   8     234   143     235   12     236   59     237   237     238   237     239   230     240   193     241   40     242   74     243   230   
27   123  27   1     122   150     123   51     124   83     125   174     126   100     127   115     128   68     129   115     130   136     131   252     132   141     133   58     134   228     135   85     136   108     137   149     138   87     139   18     140   118     141   84     142   126     143   253     144   149     145   44     146   207     147   45     148   50     149   41     150   196     151   59     152   20     153   86     154   128     155   89     156   89     157   133     158   233     159   39     160   31     161   120     162   41     163   122     164   81     165   246     166   184     167   24     168   225     169   49     170   142     171   56     172   97     173   193     174   251     175   32     176   230     177   157     178   172     179   150     180   159     181   12     182   48     183   20     184   6     185   56     186   62     187   94     188   160     189   123     190   115     191   140     192   92     193   30     194   218     195   213     196   48     197   123     198   88     199   29     200   134     201   182     202   124     203   220     204   50     205   30     206   166     207   97     208   121     209   72     210   235     211   20     212   193     213   195     214   137     215   174     216   120     217   194     218   79     219   217     220   41     221   29     222   176     223   89     224   57     225   246     226   30     227   194     228   204     229   55     230   85     231   137     232   228     233   235     234   118     235   16     236   162     237   113     238   206     239   158     240   107     241   96     242   85     243   158   
28   123  28   1     122   47     123   19     124   160     125   140     126   107     127   70     128   97     129   134     130   131     131   186     132   217     133   9     134   193     135   53     136   40     137   218     138   120     139   31     140   100     141   158     142   93     143   18     144   254     145   158     146   169     147   191     148   210     149   37     150   149     151   58     152   144     153   208     154   128     155   134     156   84     157   152     158   145     159   219     160   125     161   138     162   170     163   199     164   175     165   185     166   156     167   123     168   243     169   214     170   196     171   223     172   89     173   241     174   3     175   164     176   140     177   72     178   221     179   47     180   174     181   157     182   232     183   200     184   90     185   223     186   223     187   249     188   234     189   111     190   30     191   25     192   61     193   172     194   95     195   159     196   242     197   111     198   110     199   73     200   2     201   139     202   126     203   30     204   59     205   172     206   143     207   89     208   108     209   124     210   151     211   76     212   86     213   26     214   43     215   37     216   52     217   178     218   3     219   77     220   32     221   73     222   92     223   240     224   119     225   227     226   172     227   214     228   76     229   218     230   53     231   12     232   193     233   34     234   116     235   171     236   67     237   204     238   1     239   63     240   61     241   126     242   53     243   181   
29   123  29   1     122   61     123   238     124   214     125   192     126   1     127   120     128   217     129   1     130   147     131   127     132   102     133   26     134   161     135   47     136   187     137   3     138   61     139   84     140   36     141   22     142   255     143   142     144   199     145   231     146   242     147   130     148   225     149   91     150   249     151   38     152   4     153   108     154   74     155   203     156   246     157   28     158   100     159   79     160   45     161   210     162   49     163   24     164   204     165   223     166   61     167   109     168   29     169   124     170   226     171   112     172   44     173   221     174   15     175   115     176   240     177   2     178   111     179   73     180   172     181   222     182   51     183   164     184   140     185   82     186   59     187   73     188   20     189   39     190   52     191   19     192   8     193   74     194   113     195   217     196   125     197   149     198   195     199   254     200   192     201   14     202   141     203   108     204   85     205   88     206   80     207   215     208   3     209   231     210   57     211   159     212   21     213   14     214   27     215   97     216   241     217   23     218   160     219   255     220   125     221   79     222   209     223   189     224   167     225   83     226   2     227   124     228   222     229   198     230   21     231   186     232   98     233   92     234   175     235   81     236   25     237   213     238   174     239   200     240   199     241   141     242   103     243   101   
30   123  30   1     122   62     123   69     124   171     125   151     126   23     127   12     128   87     129   182     130   74     131   173     132   86     133   7     134   223     135   26     136   227     137   199     138   197     139   71     140   161     141   60     142   34     143   250     144   178     145   241     146   150     147   122     148   98     149   55     150   237     151   208     152   88     153   254     154   200     155   137     156   168     157   148     158   75     159   122     160   35     161   73     162   231     163   118     164   244     165   196     166   97     167   155     168   49     169   81     170   165     171   169     172   251     173   181     174   252     175   50     176   121     177   113     178   57     179   62     180   241     181   114     182   43     183   176     184   239     185   88     186   70     187   233     188   250     189   102     190   182     191   104     192   190     193   46     194   153     195   87     196   43     197   234     198   255     199   49     200   39     201   74     202   140     203   254     204   133     205   240     206   21     207   29     208   154     209   241     210   85     211   66     212   251     213   85     214   6     215   115     216   205     217   2     218   120     219   135     220   231     221   141     222   121     223   112     224   119     225   104     226   113     227   2     228   114     229   147     230   251     231   29     232   180     233   229     234   174     235   25     236   192     237   24     238   24     239   188     240   178     241   86     242   224     243   188   
31   123  31   1     122   26     123   5     124   92     125   124     126   59     127   107     128   12     129   107     130   24     131   182     132   236     133   87     134   231     135   15     136   255     137   189     138   62     139   164     140   159     141   153     142   91     143   32     144   189     145   145     146   179     147   7     148   147     149   227     150   208     151   193     152   247     153   168     154   220     155   169     156   169     157   40     158   215     159   242     160   148     161   8     162   101     163   57     164   69     165   67     166   186     167   81     168   19     169   52     170   75     171   102     172   207     173   36     174   115     175   55     176   214     177   121     178   77     179   26     180   72     181   166     182   162     183   247     184   83     185   102     186   53     187   108     188   235     189   175     190   107     191   122     192   93     193   2     194   210     195   211     196   162     197   175     198   63     199   165     200   143     201   45     202   106     203   129     204   147     205   2     206   184     207   207     208   158     209   170     210   21     211   247     212   36     213   21     214   142     215   124     216   8     217   131     218   111     219   117     220   101     221   165     222   126     223   169     224   78     225   67     226   2     227   131     228   20     229   103     230   15     231   142     232   231     233   230     234   159     235   149     236   218     237   90     238   37     239   222     240   58     241   89     242   15     243   222   
32   123  32   1     122   126     123   129     124   146     125   41     126   98     127   154     128   198     129   141     130   223     131   114     132   50     133   97     134   84     135   158     136   170     137   247     138   227     139   178     140   148     141   235     142   57     143   194     144   110     145   235     146   243     147   32     148   213     149   218     150   215     151   104     152   94     153   83     154   26     155   141     156   88     157   124     158   29     159   180     160   177     161   190     162   54     163   195     164   100     165   230     166   109     167   38     168   30     169   196     170   6     171   165     172   40     173   152     174   197     175   131     176   41     177   47     178   35     179   126     180   39     181   46     182   189     183   53     184   237     185   165     186   165     187   186     188   59     189   115     190   241     191   37     192   188     193   161     194   191     195   168     196   93     197   115     198   48     199   108     200   134     201   253     202   116     203   241     204   43     205   161     206   236     207   40     208   182     209   242     210   138     211   53     212   222     213   224     214   111     215   218     216   221     217   80     218   197     219   125     220   136     221   108     222   122     223   219     224   21     225   230     226   161     227   196     228   62     229   247     230   158     231   51     232   84     233   14     234   208     235   117     236   200     237   36     238   67     239   58     240   188     241   116     242   158     243   132   
33   123  33   1     122   149     123   1     124   212     125   176     126   178     127   78     128   20     129   178     130   15     131   119     132   211     133   111     134   90     135   3     136   53     137   203     138   149     139   134     140   49     141   100     142   92     143   89     144   137     145   74     146   229     147   82     148   193     149   70     150   215     151   108     152   242     153   83     154   27     155   130     156   23     157   228     158   170     159   91     160   122     161   38     162   158     163   22     164   187     165   159     166   117     167   225     168   86     169   188     170   10     171   183     172   200     173   230     174   192     175   124     176   156     177   121     178   152     179   208     180   227     181   45     182   231     183   26     184   32     185   13     186   30     187   208     188   29     189   250     190   222     191   36     192   249     193   27     194   5     195   20     196   14     197   132     198   123     199   238     200   176     201   114     202   146     203   83     204   52     205   141     206   116     207   102     208   203     209   74     210   103     211   4     212   167     213   114     214   221     215   234     216   46     217   214     218   232     219   92     220   14     221   91     222   237     223   190     224   209     225   191     226   83     227   188     228   45     229   59     230   175     231   135     232   33     233   127     234   40     235   198     236   164     237   31     238   154     239   73     240   137     241   146     242   97     243   24   
34   123  34   1     122   154     123   71     124   89     125   228     126   209     127   210     128   69     129   51     130   47     131   48     132   216     133   244     134   236     135   158     136   81     137   85     138   114     139   96     140   226     141   189     142   109     143   117     144   125     145   83     146   121     147   64     148   249     149   155     150   164     151   132     152   204     153   59     154   61     155   52     156   227     157   94     158   178     159   64     160   240     161   149     162   31     163   146     164   128     165   239     166   67     167   8     168   242     169   44     170   172     171   126     172   232     173   137     174   28     175   72     176   250     177   102     178   110     179   154     180   83     181   220     182   108     183   90     184   131     185   45     186   253     187   234     188   117     189   183     190   51     191   66     192   175     193   191     194   17     195   69     196   108     197   80     198   166     199   242     200   190     201   47     202   231     203   59     204   230     205   206     206   246     207   106     208   171     209   83     210   98     211   179     212   232     213   47     214   105     215   65     216   238     217   39     218   103     219   193     220   31     221   122     222   250     223   251     224   15     225   66     226   102     227   44     228   220     229   170     230   232     231   106     232   20     233   56     234   138     235   36     236   161     237   185     238   185     239   136     240   125     241   216     242   235     243   136   
35   123  35   1     122   110     123   92     124   121     125   200     126   56     127   145     128   208     129   145     130   189     131   241     132   224     133   38     134   191     135   228     136   2     137   174     138   100     139   244     140   204     141   164     142   246     143   177     144   174     145   207     146   173     147   143     148   28     149   4     150   87     151   102     152   105     153   230     154   135     155   195     156   195     157   218     158   216     159   53     160   147     161   107     162   146     163   235     164   35     165   75     166   33     167   78     168   71     169   220     170   32     171   166     172   101     173   10     174   44     175   232     176   63     177   148     178   72     179   110     180   20     181   39     182   156     183   105     184   157     185   166     186   59     187   30     188   111     189   171     190   145     191   160     192   158     193   211     194   132     195   99     196   156     197   171     198   131     199   19     200   26     201   134     202   118     203   25     204   28     205   211     206   242     207   101     208   43     209   247     210   138     211   105     212   10     213   138     214   67     215   200     216   107     217   202     218   42     219   68     220   146     221   19     222   27     223   195     224   124     225   75     226   211     227   202     228   144     229   65     230   228     231   253     232   191     233   88     234   204     235   116     236   239     237   17     238   237     239   84     240   223     241   37     242   228     243   84   
36   123  36   1     122   219     123   236     124   99     125   213     126   130     127   228     128   241     129   166     130   17     131   145     132   221     133   30     134   146     135   41     136   209     137   176     138   110     139   69     140   70     141   233     142   198     143   60     144   200     145   233     146   125     147   38     148   126     149   168     150   150     151   237     152   253     153   195     154   16     155   166     156   216     157   51     158   45     159   96     160   217     161   15     162   16     163   72     164   167     165   215     166   84     167   3     168   177     169   171     170   37     171   7     172   161     173   12     174   109     175   4     176   213     177   240     178   186     179   219     180   119     181   132     182   147     183   140     184   204     185   7     186   7     187   194     188   46     189   229     190   149     191   159     192   231     193   202     194   123     195   57     196   97     197   229     198   53     199   32     200   189     201   223     202   180     203   149     204   61     205   202     206   184     207   161     208   136     209   9     210   247     211   140     212   101     213   242     214   188     215   220     216   249     217   95     218   109     219   71     220   31     221   32     222   22     223   220     224   170     225   215     226   202     227   25     228   151     229   98     230   41     231   169     232   146     233   162     234   199     235   192     236   83     237   235     238   208     239   90     240   231     241   180     242   41     243   85   
37   123  37   1     122   234     123   182     124   218     125   253     126   140     127   204     128   77     129   140     130   252     131   79     132   255     133   57     134   129     135   199     136   184     137   137     138   234     139   130     140   90     141   39     142   18     143   70     144   126     145   46     146   128     147   88     148   33     149   21     150   29     151   254     152   10     153   238     154   177     155   171     156   138     157   54     158   250     159   55     160   194     161   208     162   244     163   60     164   227     165   66     166   62     167   98     168   186     169   198     170   128     171   216     172   78     173   71     174   151     175   81     176   133     177   5     178   103     179   56     180   19     181   206     182   241     183   7     184   67     185   141     186   229     187   56     188   34     189   211     190   114     191   161     192   20     193   177     194   84     195   77     196   74     197   243     198   116     199   158     200   253     201   27     202   207     203   238     204   14     205   156     206   136     207   86     208   137     209   46     210   224     211   226     212   119     213   27     214   181     215   124     216   55     217   171     218   13     219   18     220   74     221   55     222   89     223   183     224   142     225   1     226   238     227   198     228   206     229   242     230   199     231   52     232   245     233   150     234   154     235   4     236   176     237   83     238   22     239   233     240   126     241   207     242   115     243   118   
38   123  38   1     122   166     123   210     124   76     125   155     126   138     127   59     128   12     129   110     130   46     131   223     132   186     133   37     134   196     135   7     136   19     137   178     138   195     139   163     140   228     141   215     142   50     143   211     144   140     145   205     146   45     147   194     148   180     149   201     150   89     151   56     152   165     153   49     154   78     155   126     156   13     157   92     158   152     159   194     160   132     161   233     162   241     163   249     164   153     165   117     166   115     167   95     168   90     169   159     170   6     171   109     172   101     173   169     174   64     175   157     176   5     177   220     178   131     179   166     180   205     181   27     182   93     183   253     184   40     185   240     186   21     187   187     188   211     189   86     190   110     191   28     192   183     193   9     194   209     195   12     196   93     197   124     198   135     199   90     200   102     201   46     202   42     203   49     204   69     205   123     206   251     207   34     208   22     209   205     210   125     211   247     212   101     213   46     214   147     215   173     216   26     217   185     218   179     219   52     220   241     221   156     222   5     223   106     224   79     225   28     226   220     227   159     228   27     229   121     230   101     231   125     232   31     233   128     234   24     235   192     236   151     237   118     238   118     239   198     240   140     241   186     242   212     243   198   
39   123  39   1     122   62     123   210     124   132     125   151     126   23     127   182     128   37     129   182     130   74     131   68     132   92     133   7     134   223     135   107     136   149     137   199     138   197     139   183     140   160     141   60     142   34     143   19     144   199     145   241     146   150     147   166     148   133     149   55     150   237     151   80     152   88     153   254     154   200     155   168     156   168     157   148     158   75     159   138     160   35     161   205     162   231     163   99     164   244     165   104     166   97     167   155     168   49     169   124     170   165     171   169     172   251     173   251     174   252     175   50     176   113     177   69     178   57     179   62     180   235     181   195     182   43     183   88     184   239     185   169     186   70     187   16     188   250     189   52     190   182     191   11     192   190     193   116     194   153     195   163     196   43     197   52     198   255     199   141     200   39     201   12     202   140     203   118     204   133     205   116     206   21     207   1     208   154     209   230     210   85     211   88     212   251     213   85     214   6     215   151     216   205     217   2     218   120     219   96     220   231     221   141     222   227     223   168     224   119     225   104     226   116     227   2     228   114     229   147     230   107     231   29     232   180     233   229     234   160     235   25     236   84     237   24     238   193     239   188     240   45     241   86     242   107     243   188   
40   123  40   1     122   129     123   186     124   67     125   91     126   204     127   163     128   189     129   42     130   156     131   17     132   66     133   232     134   254     135   211     136   217     137   219     138   118     139   228     140   11     141   150     142   134     143   205     144   92     145   150     146   171     147   167     148   68     149   240     150   124     151   20     152   38     153   170     154   50     155   42     156   110     157   185     158   219     159   172     160   192     161   116     162   50     163   209     164   132     165   26     166   120     167   239     168   117     169   31     170   72     171   109     172   71     173   247     174   153     175   130     176   91     177   19     178   131     179   129     180   243     181   15     182   80     183   22     184   222     185   109     186   109     187   4     188   190     189   13     190   147     191   203     192   76     193   29     194   104     195   225     196   2     197   13     198   122     199   100     200   238     201   3     202   89     203   147     204   99     205   29     206   194     207   71     208   148     209   183     210   126     211   22     212   128     213   82     214   64     215   236     216   164     217   142     218   153     219   24     220   70     221   100     222   241     223   236     224   177     225   26     226   29     227   133     228   210     229   237     230   211     231   94     232   254     233   126     234   40     235   69     236   21     237   215     238   119     239   162     240   76     241   89     242   211     243   214   
41   123  41   1     122   235     123   10     124   91     125   148     126   128     127   214     128   136     129   128     130   102     131   113     132   109     133   129     134   94     135   30     136   223     137   157     138   235     139   85     140   247     141   207     142   98     143   64     144   51     145   254     146   172     147   14     148   217     149   134     150   69     151   159     152   58     153   4     154   238     155   79     156   150     157   166     158   112     159   249     160   3     161   97     162   165     163   156     164   218     165   175     166   101     167   132     168   38     169   236     170   172     171   162     172   131     173   178     174   222     175   63     176   177     177   29     178   153     179   115     180   144     181   47     182   184     183   228     184   93     185   114     186   204     187   115     188   210     189   106     190   31     191   117     192   116     193   238     194   34     195   136     196   108     197   65     198   9     199   226     200   148     201   83     202   221     203   4     204   213     205   27     206   111     207   219     208   157     209   254     210   209     211   40     212   2     213   83     214   1     215   202     216   84     217   79     218   222     219   98     220   181     221   84     222   252     223   248     224   121     225   242     226   4     227   236     228   47     229   179     230   30     231   95     232   87     233   33     234   35     235   239     236   28     237   198     238   141     239   224     240   51     241   221     242   237     243   240   
42   123  42   1     122   54     123   34     124   105     125   16     126   58     127   191     128   47     129   61     130   123     131   184     132   134     133   120     134   36     135   44     136   93     137   71     138   8     139   109     140   7     141   121     142   203     143   151     144   163     145   80     146   185     147   189     148   222     149   190     150   173     151   125     152   244     153   9     154   30     155   162     156   154     157   246     158   210     159   189     160   207     161   157     162   195     163   2     164   103     165   161     166   56     167   52     168   111     169   254     170   153     171   255     172   62     173   219     174   70     175   184     176   91     177   122     178   78     179   54     180   80     181   156     182   67     183   236     184   226     185   118     186   196     187   51     188   151     189   64     190   61     191   176     192   28     193   116     194   224     195   47     196   67     197   213     198   160     199   111     200   252     201   123     202   149     203   9     204   29     205   249     206   117     207   84     208   6     209   80     210   96     211   90     212   62     213   123     214   209     215   53     216   41     217   68     218   242     219   82     220   195     221   189     222   91     223   211     224   171     225   176     226   122     227   254     228   156     229   142     230   62     231   96     232   114     233   140     234   94     235   49     236   63     237   99     238   99     239   83     240   163     241   134     242   187     243   83   
43   123  43   1     122   170     123   217     124   219     125   209     126   63     127   46     128   202     129   46     130   137     131   66     132   252     133   235     134   204     135   118     136   69     137   114     138   230     139   100     140   91     141   62     142   33     143   10     144   114     145   178     146   155     147   250     148   145     149   138     150   57     151   163     152   201     153   51     154   243     155   49     156   49     157   15     158   195     159   16     160   107     161   87     162   199     163   28     164   205     165   168     166   136     167   142     168   43     169   73     170   36     171   123     172   76     173   76     174   167     175   245     176   54     177   8     178   65     179   170     180   152     181   71     182   1     183   201     184   173     185   123     186   214     187   212     188   6     189   84     190   46     191   180     192   68     193   35     194   26     195   133     196   1     197   84     198   121     199   251     200   94     201   95     202   177     203   183     204   145     205   35     206   171     207   74     208   196     209   141     210   220     211   201     212   76     213   220     214   161     215   209     216   140     217   148     218   124     219   194     220   199     221   251     222   54     223   49     224   253     225   168     226   35     227   148     228   130     229   228     230   118     231   193     232   186     233   83     234   91     235   244     236   153     237   190     238   211     239   208     240   160     241   2     242   118     243   208   
44   123  44   1     122   194     123   205     124   40     125   35     126   211     127   159     128   95     129   175     130   233     131   160     132   113     133   69     134   119     135   74     136   10     137   184     138   30     139   206     140   25     141   169     142   80     143   138     144   177     145   169     146   109     147   230     148   186     149   78     150   94     151   128     152   36     153   52     154   164     155   175     156   21     157   38     158   184     159   255     160   88     161   172     162   78     163   248     164   226     165   185     166   39     167   215     168   245     169   153     170   49     171   254     172   81     173   220     174   201     175   41     176   35     177   241     178   112     179   194     180   165     181   96     182   58     183   50     184   152     185   254     186   254     187   121     188   180     189   210     190   137     191   65     192   72     193   43     194   222     195   238     196   178     197   210     198   149     199   85     200   142     201   235     202   145     203   137     204   199     205   43     206   234     207   81     208   27     209   31     210   236     211   50     212   155     213   136     214   195     215   60     216   13     217   162     218   201     219   11     220   8     221   85     222   23     223   175     224   212     225   185     226   43     227   187     228   19     229   101     230   74     231   3     232   119     233   236     234   29     235   227     236   217     237   203     238   71     239   198     240   72     241   145     242   74     243   106   
45   123  45   1     122   96     123   34     124   42     125   254     126   186     127   169     128   146     129   186     130   227     131   168     132   196     133   191     134   59     135   102     136   132     137   211     138   96     139   28     140   12     141   212     142   247     143   93     144   255     145   33     146   38     147   54     148   154     149   164     150   76     151   217     152   210     153   20     154   113     155   110     156   244     157   4     158   173     159   58     160   15     161   248     162   11     163   167     164   149     165   41     166   236     167   174     168   190     169   123     170   38     171   16     172   181     173   64     174   129     175   195     176   79     177   105     178   37     179   162     180   234     181   147     182   98     183   83     184   52     185   167     186   219     187   162     188   189     189   223     190   99     191   188     192   185     193   113     194   170     195   146     196   193     197   88     198   45     199   77     200   254     201   2     202   142     203   20     204   166     205   119     206   206     207   144     208   211     209   33     210   178     211   136     212   10     213   2     214   5     215   197     216   25     217   110     218   129     219   247     220   91     221   25     222   43     223   63     224   46     225   29     226   20     227   123     228   147     229   69     230   102     231   62     232   22     233   165     234   175     235   116     236   108     237   249     238   127     239   71     240   255     241   142     242   126     243   23   
46   123  46   1     122   136     123   89     124   126     125   31     126   199     127   76     128   171     129   211     130   6     131   88     132   81     133   220     134   240     135   113     136   145     137   104     138   129     139   176     140   20     141   97     142   223     143   243     144   28     145   99     146   229     147   43     148   179     149   241     150   52     151   175     152   107     153   60     154   55     155   161     156   1     157   12     158   252     159   43     160   17     161   21     162   94     163   103     164   162     165   123     166   160     167   239     168   215     169   141     170   219     171   48     172   9     173   192     174   213     175   88     176   56     177   187     178   84     179   251     180   99     181   168     182   166     183   245     184   221     185   244     186   74     187   251     188   243     189   124     190   211     191   217     192   80     193   147     194   186     195   171     196   166     197   232     198   198     199   215     200   234     201   6     202   148     203   60     204   237     205   153     206   46     207   173     208   169     209   99     210   66     211   133     212   9     213   6     214   38     215   82     216   2     217   178     218   194     219   4     220   94     221   43     222   56     223   65     224   157     225   39     226   187     227   141     228   168     229   208     230   9     231   66     232   58     233   183     234   75     235   156     236   180     237   152     238   152     239   201     240   28     241   81     242   130     243   185   
47   123  47   1     122   55     123   46     124   178     125   100     126   28     127   198     128   104     129   198     130   208     131   246     132   112     133   19     134   209     135   114     136   1     137   87     138   50     139   122     140   102     141   82     142   123     143   214     144   87     145   233     146   216     147   201     148   14     149   2     150   165     151   51     152   186     153   115     154   205     155   239     156   239     157   189     158   108     159   148     160   199     161   9     162   73     163   251     164   159     165   142     166   158     167   39     168   173     169   110     170   16     171   83     172   5     173   5     174   22     175   116     176   24     177   74     178   36     179   55     180   233     181   157     182   78     183   186     184   192     185   83     186   147     187   15     188   185     189   219     190   198     191   80     192   79     193   231     194   66     195   191     196   78     197   219     198   207     199   135     200   13     201   67     202   59     203   130     204   14     205   231     206   121     207   188     208   155     209   245     210   69     211   186     212   5     213   69     214   175     215   100     216   187     217   101     218   164     219   34     220   73     221   135     222   24     223   239     224   62     225   171     226   145     227   101     228   72     229   174     230   114     231   240     232   163     233   44     234   102     235   58     236   68     237   134     238   248     239   42     240   12     241   156     242   114     243   42   
48   123  48   1     122   187     123   24     124   47     125   161     126   67     127   222     128   253     129   31     130   64     131   188     132   103     133   139     134   210     135   40     136   194     137   82     138   91     139   204     140   162     141   170     142   94     143   11     144   68     145   170     146   164     147   227     148   202     149   5     150   177     151   201     152   88     153   236     154   145     155   31     156   213     157   192     158   82     159   65     160   4     161   203     162   5     163   184     164   206     165   30     166   156     167   110     168   131     169   107     170   141     171   13     172   18     173   224     174   53     175   99     176   161     177   174     178   43     179   187     180   221     181   55     182   3     183   89     184   39     185   13     186   13     187   61     188   37     189   15     190   223     191   166     192   176     193   251     194   120     195   185     196   144     197   15     198   28     199   63     200   38     201   216     202   49     203   223     204   218     205   251     206   148     207   18     208   58     209   23     210   33     211   89     212   243     213   147     214   247     215   182     216   59     217   36     218   53     219   142     220   90     221   63     222   77     223   31     224   186     225   30     226   251     227   36     228   96     229   254     230   40     231   212     232   210     233   33     234   143     235   130     236   129     237   173     238   19     239   150     240   176     241   165     242   40     243   93   
49   123  49   1     122   43     123   78     124   15     125   117     126   233     127   153     128   177     129   233     130   189     131   60     132   248     133   226     134   40     135   210     136   202     137   38     138   43     139   109     140   239     141   122     142   145     143   250     144   208     145   188     146   224     147   98     148   240     149   211     150   221     151   48     152   131     153   44     154   12     155   147     156   99     157   174     158   55     159   141     160   29     161   140     162   179     163   33     164   237     165   253     166   160     167   130     168   71     169   26     170   224     171   130     172   244     173   50     174   193     175   164     176   47     177   207     178   18     179   42     180   89     181   20     182   192     183   66     184   53     185   33     186   103     187   42     188   181     189   201     190   217     191   16     192   27     193   12     194   107     195   177     196   243     197   241     198   83     199   120     200   117     201   87     202   220     203   44     204   132     205   245     206   238     207   230     208   38     209   188     210   168     211   37     212   22     213   87     214   11     215   93     216   102     217   147     218   193     219   145     220   3     221   102     222   170     223   134     224   161     225   200     226   44     227   26     228   37     229   57     230   210     231   35     232   123     233   118     234   96     235   7     236   196     237   41     238   180     239   110     240   208     241   220     242   210     243   222   
50   123  50   1     122   236     123   234     124   251     125   150     126   55     127   187     128   233     129   164     130   182     131   40     132   180     133   142     134   154     135   209     136   247     137   241     138   75     139   80     140   147     141   109     142   213     143   193     144   205     145   244     146   203     147   96     148   11     149   88     150   246     151   198     152   170     153   168     154   173     155   46     156   194     157   113     158   235     159   96     160   126     161   81     162   158     163   219     164   117     165   22     166   236     167   12     168   213     169   58     170   250     171   217     172   156     173   67     174   18     175   40     176   135     177   85     178   89     179   159     180   244     181   178     182   90     183   119     184   76     185   181     186   13     187   159     188   193     189   98     190   164     191   99     192   118     193   110     194   151     195   233     196   90     197   120     198   245     199   139     200   225     201   182     202   26     203   168     204   149     205   169     206   141     207   95     208   112     209   244     210   83     211   100     212   156     213   182     214   211     215   239     216   153     217   201     218   218     219   47     220   158     221   96     222   135     223   8     224   134     225   17     226   85     227   58     228   178     229   105     230   156     231   83     232   30     233   36     234   207     235   68     236   127     237   107     238   107     239   223     240   205     241   180     242   16     243   69   
51   123  51   1     122   121     123   95     124   11     125   138     126   144     127   65     128   218     129   65     130   169     131   28     132   122     133   212     134   165     135   98     136   12     137   195     138   69     139   2     140   146     141   255     142   14     143   129     144   195     145   152     146   201     147   5     148   72     149   24     150   239     151   73     152   107     153   110     154   53     155   176     156   176     157   79     158   234     159   190     160   77     161   108     162   75     163   64     164   202     165   6     166   198     167   185     168   143     169   10     170   192     171   243     172   60     173   60     174   232     175   74     176   160     177   95     178   173     179   121     180   152     181   210     182   111     183   214     184   105     185   243     186   154     187   68     188   127     189   221     190   65     191   231     192   99     193   208     194   63     195   87     196   111     197   221     198   45     199   106     200   92     201   51     202   41     203   86     204   72     205   208     206   22     207   67     208   250     209   8     210   27     211   107     212   60     213   27     214   151     215   138     216   103     217   134     218   227     219   133     220   75     221   106     222   160     223   176     224   21     225   167     226   130     227   134     228   71     229   155     230   60     231   52     232   199     233   205     234   146     235   37     236   23     237   102     238   84     239   229     240   80     241   222     242   98     243   229   
52   123  52   1     122   24     123   61     124   80     125   29     126   119     127   128     128   3     129   105     130   83     131   76     132   160     133   98     134   16     135   71     136   205     137   182     138   74     139   101     140   57     141   217     142   38     143   196     144   35     145   217     146   113     147   118     148   45     149   108     150   192     151   9     152   110     153   194     154   103     155   105     156   68     157   245     158   182     159   79     160   112     161   49     162   108     163   60     164   93     165   117     166   235     167   92     168   130     169   48     170   68     171   140     172   229     173   82     174   22     175   208     176   29     177   169     178   99     179   24     180   164     181   46     182   36     183   114     184   23     185   140     186   140     187   246     188   203     189   180     190   156     191   73     192   220     193   75     194   201     195   32     196   123     197   180     198   77     199   206     200   239     201   200     202   102     203   156     204   240     205   75     206   11     207   229     208   162     209   137     210   187     211   114     212   171     213   95     214   219     215   148     216   190     217   215     218   22     219   14     220   86     221   206     222   223     223   105     224   4     225   117     226   75     227   215     228   244     229   39     230   71     231   219     232   16     233   187     234   18     235   158     236   186     237   141     238   249     239   51     240   220     241   109     242   71     243   2   
53   123  53   1     122   223     123   209     124   112     125   200     126   237     127   100     128   242     129   237     130   203     131   221     132   125     133   138     134   150     135   110     136   28     137   42     138   223     139   32     140   127     141   34     142   74     143   248     144   235     145   7     146   15     147   80     148   83     149   162     150   30     151   228     152   147     153   129     154   57     155   207     156   156     157   222     158   186     159   47     160   169     161   227     162   119     163   116     164   250     165   166     166   98     167   95     168   51     169   247     170   15     171   139     172   68     173   97     174   123     175   117     176   200     177   199     178   217     179   19     180   211     181   75     182   183     183   232     184   63     185   139     186   139     187   19     188   229     189   85     190   9     191   92     192   59     193   57     194   178     195   242     196   26     197   159     198   120     199   167     200   82     201   111     202   210     203   129     204   205     205   136     206   179     207   157     208   42     209   7     210   76     211   99     212   206     213   111     214   103     215   196     216   71     217   207     218   123     219   74     220   73     221   71     222   201     223   72     224   174     225   153     226   129     227   247     228   99     229   6     230   110     231   241     232   130     233   27     234   213     235   94     236   160     237   90     238   41     239   105     240   235     241   210     242   110     243   87   
54   123  54   1     122   149     123   107     124   212     125   176     126   178     127   77     128   20     129   178     130   114     131   124     132   211     133   111     134   81     135   9     136   53     137   203     138   88     139   248     140   49     141   100     142   86     143   104     144   137     145   74     146   119     147   91     148   193     149   70     150   235     151   72     152   242     153   83     154   210     155   130     156   23     157   228     158   181     159   91     160   122     161   38     162   14     163   22     164   187     165   159     166   149     167   225     168   86     169   188     170   10     171   183     172   200     173   230     174   192     175   124     176   15     177   121     178   152     179   208     180   74     181   45     182   231     183   26     184   120     185   13     186   30     187   208     188   104     189   250     190   178     191   36     192   196     193   27     194   110     195   20     196   231     197   132     198   148     199   238     200   170     201   114     202   126     203   83     204   207     205   141     206   16     207   102     208   58     209   74     210   135     211   4     212   175     213   114     214   168     215   234     216   46     217   214     218   200     219   92     220   14     221   91     222   15     223   190     224   209     225   191     226   121     227   188     228   45     229   59     230   175     231   135     232   33     233   127     234   40     235   198     236   164     237   154     238   154     239   73     240   137     241   211     242   97     243   24   
55   123  55   1     122   125     123   226     124   19     125   71     126   8     127   228     128   145     129   138     130   63     131   245     132   32     133   101     134   86     135   242     136   105     137   131     138   173     139   157     140   149     141   83     142   244     143   84     144   131     145   70     146   80     147   231     148   4     149   210     150   207     151   196     152   124     153   155     154   94     155   45     156   45     157   126     158   40     159   217     160   227     161   6     162   89     163   74     164   13     165   186     166   100     167   163     168   160     169   211     170   222     171   58     172   208     173   179     174   181     175   153     176   177     177   226     178   24     179   125     180   70     181   223     182   91     183   248     184   225     185   58     186   219     187   147     188   199     189   235     190   138     191   129     192   50     193   66     194   141     195   172     196   91     197   235     198   140     199   188     200   191     201   228     202   171     203   108     204   4     205   66     206   38     207   23     208   180     209   78     210   143     211   124     212   208     213   143     214   114     215   71     216   21     217   46     218   166     219   115     220   89     221   188     222   177     223   45     224   123     225   203     226   9     227   46     228   48     229   27     230   208     231   158     232   164     233   119     234   95     235   194     236   230     237   213     238   241     239   28     240   214     241   182     242   242     243   28   
56   123  56   1     122   67     123   119     124   151     125   120     126   31     127   60     128   180     129   133     130   117     131   177     132   51     133   173     134   137     135   153     136   211     137   99     138   104     139   42     140   18     141   63     142   214     143   71     144   237     145   63     146   198     147   65     148   254     149   190     150   34     151   148     152   2     153   158     154   150     155   133     156   123     157   159     158   99     159   83     160   152     161   216     162   190     163   41     164   102     165   163     166   5     167   56     168   128     169   134     170   123     171   147     172   22     173   43     174   73     175   171     176   120     177   167     178   243     179   67     180   86     181   28     182   106     183   36     184   14     185   147     186   147     187   125     188   61     189   223     190   26     191   138     192   4     193   54     194   182     195   15     196   176     197   223     198   239     199   49     200   96     201   232     202   200     203   26     204   164     205   54     206   40     207   22     208   143     209   168     210   146     211   36     212   27     213   218     214   131     215   208     216   169     217   44     218   80     219   19     220   78     221   49     222   230     223   133     224   101     225   163     226   54     227   44     228   193     229   136     230   153     231   131     232   137     233   146     234   53     235   219     236   204     237   205     238   48     239   100     240   4     241   224     242   153     243   188   
57   123  57   1     122   1     123   188     124   129     125   52     126   12     127   26     128   197     129   228     130   154     131   62     132   146     133   184     134   223     135   217     136   103     137   20     138   1     139   215     140   173     141   232     142   112     143   6     144   77     145   208     146   44     147   86     148   248     149   147     150   88     151   97     152   48     153   234     154   95     155   228     156   28     157   144     158   138     159   251     160   193     161   177     162   81     163   255     164   57     165   237     166   91     167   122     168   156     169   42     170   44     171   41     172   205     173   245     174   211     175   83     176   52     177   24     178   64     179   75     180   131     181   225     182   153     183   227     184   30     185   41     186   41     187   75     188   240     189   199     190   109     191   212     192   96     193   95     194   118     195   197     196   38     197   178     198   125     199   124     200   105     201   72     202   18     203   234     204   219     205   135     206   231     207   141     208   20     209   208     210   49     211   202     212   117     213   72     214   180     215   182     216   99     217   228     218   211     219   112     220   222     221   99     222   165     223   79     224   17     225   243     226   234     227   42     228   202     229   65     230   217     231   107     232   68     233   183     234   194     235   235     236   114     237   149     238   186     239   9     240   77     241   18     242   217     243   134   
58   123  58   1     122   180     123   255     124   184     125   120     126   35     127   203     128   84     129   35     130   63     131   83     132   246     133   73     134   238     135   210     136   46     137   101     138   60     139   166     140   152     141   192     142   160     143   7     144   145     145   133     146   218     147   196     148   79     149   66     150   188     151   222     152   140     153   181     154   85     155   24     156   172     157   131     158   109     159   196     160   190     161   52     162   156     163   15     164   241     165   158     166   180     167   150     168   160     169   191     170   42     171   54     172   157     173   216     174   236     175   83     176   102     177   70     178   208     179   14     180   133     181   189     182   123     183   200     184   229     185   100     186   126     187   14     188   7     189   253     190   146     191   111     192   90     193   107     194   234     195   84     196   123     197   245     198   23     199   169     200   176     201   207     202   8     203   181     204   211     205   39     206   226     207   155     208   17     209   133     210   13     211   182     212   165     213   207     214   235     215   31     216   69     217   227     218   157     219   138     220   156     221   196     222   63     223   228     224   173     225   71     226   70     227   191     228   189     229   178     230   165     231   13     232   122     233   171     234   168     235   1     236   44     237   221     238   139     239   125     240   145     241   246     242   213     243   147   
59   123  59   1     122   48     123   79     124   160     125   53     126   238     127   141     128   83     129   29     130   166     131   126     132   159     133   31     134   32     135   142     136   134     137   39     138   148     139   202     140   36     141   131     142   76     143   149     144   39     145   225     146   226     147   236     148   119     149   17     150   157     151   18     152   228     153   8     154   206     155   210     156   210     157   81     158   113     159   158     160   155     161   194     162   216     163   120     164   77     165   67     166   203     167   184     168   217     169   197     170   136     171   5     172   164     173   121     174   187     175   189     176   204     177   58     178   47     179   48     180   225     181   92     182   109     183   213     184   46     185   5     186   43     187   230     188   115     189   117     190   29     191   234     192   235     193   150     194   11     195   64     196   109     197   117     198   223     199   129     200   224     201   141     202   86     203   37     204   119     205   150     206   93     207   215     208   111     209   15     210   190     211   228     212   164     213   190     214   200     215   53     216   98     217   179     218   27     219   28     220   216     221   129     222   204     223   210     224   242     225   234     226   58     227   179     228   94     229   78     230   164     231   171     232   174     233   107     234   26     235   208     236   56     237   7     238   7     239   88     240   102     241   218     242   142     243   88   
60   123  60   1     122   66     123   107     124   145     125   147     126   57     127   199     128   111     129   229     130   222     131   204     132   228     133   148     134   124     135   189     136   197     137   221     138   82     139   196     140   116     141   166     142   102     143   53     144   183     145   166     146   167     147   247     148   23     149   52     150   42     151   240     152   181     153   171     154   69     155   229     156   242     157   127     158   221     159   131     160   105     161   74     162   52     163   165     164   126     165   184     166   163     167   176     168   70     169   132     170   242     171   230     172   3     173   16     174   25     175   86     176   147     177   207     178   75     179   66     180   32     181   88     182   231     183   232     184   44     185   230     186   230     187   48     188   19     189   92     190   154     191   29     192   223     193   156     194   218     195   248     196   24     197   92     198   2     199   138     200   188     201   20     202   139     203   154     204   174     205   156     206   113     207   3     208   190     209   55     210   50     211   232     212   78     213   255     214   39     215   164     216   227     217   6     218   226     219   160     220   15     221   138     222   56     223   229     224   31     225   184     226   156     227   6     228   177     229   168     230   189     231   39     232   124     233   50     234   253     235   43     236   252     237   40     238   94     239   217     240   119     241   250     242   189     243   129   
61   123  61   1     122   77     123   223     124   92     125   51     126   159     127   151     128   42     129   255     130   145     131   109     132   123     133   238     134   189     135   124     136   23     137   188     138   90     139   87     140   76     141   96     142   69     143   193     144   198     145   204     146   16     147   11     148   169     149   33     150   32     151   214     152   70     153   212     154   187     155   255     156   86     157   207     158   88     159   71     160   95     161   26     162   144     163   50     164   246     165   79     166   206     167   27     168   80     169   209     170   16     171   63     172   192     173   108     174   34     175   36     176   51     177   35     178   3     179   77     180   232     181   208     182   127     183   152     184   226     185   63     186   63     187   7     188   67     189   158     190   73     191   185     192   140     193   212     194   132     195   42     196   78     197   244     198   128     199   218     200   60     201   233     202   125     203   212     204   200     205   157     206   17     207   195     208   188     209   204     210   28     211   91     212   106     213   233     214   53     215   129     216   98     217   255     218   34     219   69     220   231     221   98     222   166     223   114     224   147     225   173     226   212     227   209     228   91     229   89     230   124     231   136     232   118     233   219     234   177     235   142     236   241     237   224     238   30     239   176     240   140     241   125     242   124     243   199   
62   123  62   1     122   72     123   181     124   187     125   48     126   71     127   220     128   113     129   71     130   237     131   213     132   151     133   136     134   111     135   116     136   231     137   201     138   24     139   183     140   9     141   139     142   64     143   164     144   248     145   240     146   214     147   218     148   127     149   223     150   234     151   135     152   1     153   27     154   34     155   251     156   179     157   7     158   107     159   218     160   76     161   186     162   88     163   6     164   51     165   254     166   72     167   92     168   64     169   31     170   182     171   28     172   11     173   112     174   202     175   213     176   60     177   142     178   210     179   85     180   43     181   185     182   197     183   41     184   35     185   154     186   199     187   85     188   164     189   192     190   13     191   205     192   36     193   156     194   91     195   113     196   197     197   98     198   253     199   177     200   25     201   141     202   162     203   27     204   39     205   22     206   159     207   252     208   10     209   240     210   160     211   238     212   66     213   141     214   110     215   95     216   123     217   204     218   11     219   246     220   88     221   218     222   237     223   104     224   224     225   221     226   142     227   31     228   185     229   191     230   66     231   160     232   150     233   23     234   226     235   83     236   65     237   114     238   165     239   50     240   248     241   100     242   208     243   94   
63   123  63   1     122   173     123   13     124   111     125   128     126   205     127   145     128   241     129   245     130   255     131   169     132   19     133   231     134   61     135   125     136   194     137   2     138   64     139   212     140   25     141   239     142   22     143   73     144   2     145   186     146   161     147   223     148   232     149   153     150   1     151   130     152   151     153   72     154   240     155   12     156   12     157   227     158   222     159   26     160   55     161   156     162   86     163   159     164   31     165   97     166   221     167   17     168   95     169   163     170   188     171   45     172   237     173   150     174   10     175   60     176   226     177   247     178   74     179   173     180   186     181   148     182   34     183   51     184   67     185   151     186   110     187   133     188   204     189   250     190   245     191   233     192   224     193   82     194   83     195   101     196   34     197   250     198   105     199   253     200   179     201   145     202   220     203   16     204   232     205   82     206   143     207   33     208   48     209   119     210   39     211   151     212   237     213   39     214   198     215   128     216   85     217   66     218   195     219   252     220   86     221   253     222   226     223   12     224   49     225   233     226   247     227   66     228   148     229   4     230   237     231   154     232   183     233   20     234   202     235   30     236   229     237   63     238   63     239   162     240   113     241   68     242   177     243   162   
64   123  64   1     122   174     123   169     124   195     125   28     126   167     127   229     128   129     129   172     130   31     131   171     132   166     133   225     134   63     135   230     136   32     137   1     138   14     139   251     140   111     141   8     142   219     143   223     144   162     145   8     146   2     147   24     148   150     149   213     150   25     151   46     152   182     153   122     154   152     155   172     156   58     157   33     158   1     159   119     160   189     161   254     162   213     163   22     164   43     165   196     166   42     167   148     168   134     169   65     170   58     171   178     172   30     173   160     174   250     175   38     176   215     177   181     178   244     179   174     180   93     181   74     182   53     183   222     184   37     185   178     186   151     187   253     188   190     189   98     190   141     191   210     192   21     193   177     194   55     195   126     196   53     197   98     198   20     199   45     200   236     201   136     202   39     203   141     204   88     205   177     206   77     207   30     208   248     209   203     210   233     211   222     212   214     213   72     214   107     215   28     216   144     217   60     218   154     219   52     220   102     221   45     222   173     223   172     224   198     225   196     226   177     227   60     228   158     229   100     230   230     231   107     232   63     233   233     234   92     235   19     236   86     237   13     238   118     239   41     240   113     241   106     242   230     243   41   
65   123  65   1     122   97     123   232     124   20     125   159     126   231     127   193     128   161     129   217     130   177     131   80     132   182     133   172     134   96     135   37     136   5     137   92     138   100     139   103     140   130     141   83     142   42     143   69     144   214     145   70     146   150     147   115     148   93     149   210     150   49     151   64     152   18     153   155     154   16     155   217     156   132     157   126     158   191     159   241     160   44     161   6     162   82     163   124     164   113     165   186     166   157     167   229     168   244     169   211     170   150     171   127     172   166     173   179     174   234     175   154     176   159     177   9     178   56     179   97     180   220     181   48     182   29     183   25     184   76     185   127     186   127     187   178     188   90     189   105     190   202     191   203     192   36     193   155     194   111     195   161     196   89     197   105     198   196     199   160     200   71     201   63     202   198     203   155     204   237     205   81     206   117     207   158     208   131     209   70     210   118     211   135     212   195     213   63     214   239     215   39     216   136     217   217     218   234     219   42     220   4     221   136     222   133     223   30     224   106     225   246     226   155     227   211     228   135     229   92     230   37     231   143     232   181     233   67     234   128     235   255     236   226     237   151     238   173     239   99     240   36     241   198     242   37     243   53   
66   123  66   1     122   54     123   190     124   52     125   20     126   117     127   134     128   237     129   117     130   132     131   150     132   41     133   102     134   107     135   39     136   13     137   159     138   54     139   49     140   207     141   32     142   48     143   123     144   66     145   68     146   208     147   213     148   103     149   31     150   193     151   37     152   201     153   76     154   151     155   4     156   50     157   69     158   104     159   213     160   53     161   253     162   58     163   140     164   82     165   206     166   54     167   57     168   48     169   79     170   248     171   9     172   64     173   36     174   217     175   150     176   17     177   234     178   211     179   246     180   88     181   187     182   154     183   215     184   94     185   229     186   21     187   246     188   202     189   80     190   204     191   156     192   27     193   105     194   124     195   237     196   154     197   167     198   139     199   189     200   195     201   172     202   247     203   76     204   93     205   128     206   47     207   65     208   137     209   68     210   120     211   194     212   191     213   172     214   162     215   127     216   100     217   85     218   64     219   200     220   58     221   213     222   132     223   46     224   72     225   144     226   234     227   79     228   187     229   55     230   191     231   120     232   224     233   73     234   199     235   122     236   249     237   171     238   178     239   155     240   66     241   43     242   92     243   182   
67   123  67   1     122   193     123   73     124   189     125   160     126   185     127   242     128   59     129   143     130   9     131   196     132   222     133   23     134   117     135   37     136   124     137   140     138   80     139   149     140   88     141   29     142   157     143   28     144   140     145   26     146   206     147   33     148   210     149   248     150   70     151   44     152   123     153   90     154   204     155   15     156   15     157   18     158   103     159   146     160   243     161   187     162   205     163   113     164   209     165   62     166   173     167   82     168   129     169   66     170   147     171   97     172   145     173   61     174   134     175   51     176   84     177   3     178   214     179   193     180   26     181   177     182   164     183   246     184   154     185   123     186   251     187   227     188   255     189   186     190   143     191   148     192   216     193   200     194   142     195   59     196   164     197   74     198   52     199   129     200   86     201   242     202   235     203   20     204   210     205   200     206   101     207   110     208   60     209   163     210   231     211   123     212   145     213   231     214   121     215   160     216   7     217   220     218   58     219   195     220   205     221   133     222   84     223   15     224   122     225   148     226   3     227   220     228   177     229   5     230   145     231   50     232   83     233   17     234   118     235   151     236   155     237   249     238   249     239   4     240   42     241   85     242   218     243   4   
68   123  68   1     122   192     123   245     124   186     125   212     126   159     127   116     128   81     129   116     130   162     131   90     132   70     133   55     134   128     135   2     136   34     137   217     138   106     139   15     140   144     141   134     142   45     143   110     144   5     145   134     146   175     147   151     148   117     149   71     150   78     151   72     152   87     153   94     154   31     155   111     156   26     157   251     158   217     159   66     160   167     161   149     162   71     163   253     164   210     165   143     166   11     167   218     168   100     169   157     170   26     171   20     172   123     173   170     174   214     175   206     176   232     177   33     178   188     179   192     180   73     181   109     182   169     183   183     184   184     185   20     186   172     187   227     188   209     189   201     190   116     191   114     192   139     193   98     194   6     195   29     196   169     197   201     198   82     199   62     200   167     201   14     202   23     203   148     204   211     205   98     206   88     207   123     208   121     209   60     210   177     211   183     212   49     213   194     214   150     215   212     216   153     217   246     218   176     219   112     220   138     221   62     222   182     223   111     224   32     225   143     226   98     227   246     228   243     229   37     230   2     231   150     232   128     233   177     234   144     235   103     236   185     237   28     238   155     239   125     240   174     241   79     242   2     243   125   
69   123  69   1     122   250     123   87     124   244     125   18     126   16     127   9     128   88     129   90     130   126     131   247     132   76     133   84     134   81     135   249     136   61     137   80     138   199     139   39     140   124     141   186     142   190     143   168     144   29     145   72     146   136     147   211     148   251     149   139     150   13     151   149     152   41     153   132     154   98     155   90     156   161     157   223     158   214     159   175     160   99     161   221     162   188     163   148     164   152     165   235     166   89     167   91     168   146     169   32     170   136     171   116     172   46     173   113     174   28     175   47     176   18     177   154     178   151     179   250     180   103     181   166     182   110     183   248     184   50     185   116     186   116     187   218     188   141     189   203     190   216     191   31     192   82     193   132     194   22     195   88     196   109     197   203     198   52     199   243     200   227     201   213     202   127     203   132     204   106     205   92     206   14     207   185     208   215     209   72     210   238     211   65     212   66     213   225     214   33     215   178     216   6     217   90     218   28     219   190     220   150     221   6     222   10     223   142     224   43     225   217     226   132     227   32     228   65     229   80     230   249     231   112     232   172     233   117     234   55     235   67     236   45     237   35     238   255     239   177     240   82     241   127     242   249     243   155   
70   123  70   1     122   248     123   220     124   61     125   241     126   84     127   69     128   22     129   84     130   128     131   244     132   19     133   27     134   83     135   114     136   72     137   252     138   248     139   70     140   31     141   204     142   161     143   53     144   64     145   18     146   244     147   143     148   247     149   235     150   126     151   183     152   77     153   33     154   207     155   151     156   111     157   254     158   122     159   143     160   209     161   112     162   92     163   179     164   38     165   243     166   248     167   117     168   170     169   8     170   11     171   223     172   133     173   91     174   43     175   35     176   138     177   168     178   221     179   106     180   208     181   167     182   135     183   74     184   130     185   37     186   29     187   106     188   100     189   227     190   54     191   213     192   154     193   150     194   139     195   22     196   135     197   101     198   13     199   245     200   187     201   127     202   214     203   33     204   171     205   23     206   65     207   105     208   200     209   18     210   28     211   87     212   48     213   127     214   30     215   162     216   222     217   152     218   133     219   161     220   92     221   143     222   128     223   173     224   182     225   113     226   168     227   8     228   167     229   20     230   48     231   28     232   94     233   90     234   44     235   217     236   231     237   193     238   120     239   107     240   64     241   214     242   71     243   239   
71   123  71   1     122   109     123   44     124   141     125   84     126   82     127   159     128   81     129   129     130   93     131   76     132   11     133   155     134   189     135   151     136   224     137   158     138   42     139   152     140   137     141   217     142   59     143   29     144   158     145   25     146   14     147   72     148   41     149   221     150   79     151   202     152   32     153   104     154   239     155   99     156   99     157   186     158   7     159   88     160   97     161   179     162   17     163   98     164   54     165   112     166   214     167   203     168   28     169   144     170   166     171   57     172   71     173   111     174   220     175   242     176   245     177   31     178   246     179   109     180   25     181   241     182   139     183   64     184   251     185   32     186   194     187   58     188   29     189   77     190   129     191   102     192   107     193   164     194   127     195   81     196   139     197   51     198   50     199   28     200   20     201   159     202   153     203   104     204   41     205   48     206   230     207   90     208   145     209   75     210   229     211   32     212   71     213   229     214   193     215   84     216   192     217   180     218   175     219   140     220   17     221   195     222   245     223   99     224   222     225   102     226   31     227   180     228   241     229   33     230   71     231   12     232   53     233   165     234   162     235   121     236   5     237   35     238   35     239   223     240   244     241   11     242   138     243   223   
72   123  72   1     122   78     123   251     124   185     125   238     126   140     127   135     128   178     129   135     130   121     131   234     132   10     133   199     134   116     135   16     136   13     137   134     138   119     139   120     140   244     141   68     142   117     143   87     144   148     145   68     146   17     147   204     148   143     149   2     150   74     151   122     152   130     153   202     154   248     155   95     156   208     157   139     158   134     159   42     160   81     161   220     162   2     163   187     164   222     165   12     166   88     167   158     168   7     169   156     170   208     171   160     172   255     173   57     174   254     175   62     176   19     177   21     178   137     179   78     180   114     181   79     182   33     183   209     184   169     185   160     186   9     187   75     188   198     189   6     190   135     191   183     192   44     193   55     194   125     195   232     196   33     197   6     198   170     199   237     200   81     201   112     202   184     203   212     204   70     205   55     206   250     207   255     208   239     209   253     210   225     211   209     212   149     213   94     214   196     215   238     216   188     217   227     218   233     219   167     220   36     221   237     222   217     223   95     224   29     225   12     226   55     227   227     228   203     229   53     230   16     231   196     232   116     233   225     234   244     235   31     236   161     237   224     238   172     239   207     240   25     241   66     242   16     243   207   
73   123  73   1     122   145     123   103     124   170     125   77     126   150     127   168     128   191     129   100     130   254     131   146     132   130     133   95     134   21     135   169     136   164     137   244     138   53     139   162     140   37     141   243     142   88     143   190     144   149     145   243     146   143     147   8     148   114     149   183     150   3     151   26     152   153     153   111     154   136     155   100     156   22     157   232     158   64     159   45     160   107     161   51     162   131     163   249     164   25     165   228     166   92     167   135     168   137     169   49     170   143     171   110     172   10     173   38     174   118     175   233     176   77     177   194     178   193     179   145     180   192     181   133     182   104     183   74     184   124     185   110     186   110     187   160     188   199     189   213     190   123     191   78     192   47     193   111     194   230     195   42     196   80     197   213     198   12     199   57     200   175     201   120     202   29     203   111     204   195     205   111     206   59     207   203     208   163     209   41     210   172     211   129     212   185     213   116     214   210     215   184     216   112     217   100     218   118     219   88     220   34     221   112     222   144     223   255     224   66     225   152     226   111     227   49     228   129     229   244     230   169     231   197     232   21     233   141     234   52     235   90     236   50     237   9     238   217     239   128     240   47     241   29     242   169     243   33   
74   123  74   1     122   241     123   233     124   192     125   247     126   56     127   143     128   181     129   56     130   190     131   39     132   101     133   10     134   58     135   38     136   48     137   72     138   241     139   52     140   179     141   55     142   118     143   175     144   95     145   12     146   115     147   211     148   156     149   148     150   36     151   195     152   224     153   200     154   140     155   98     156   147     157   154     158   157     159   211     160   86     161   32     162   87     163   122     164   202     165   37     166   241     167   240     168   162     169   111     170   212     171   82     172   110     173   85     174   117     175   26     176   3     177   112     178   128     179   67     180   63     181   29     182   188     183   226     184   108     185   113     186   97     187   67     188   71     189   251     190   20     191   239     192   221     193   11     194   106     195   181     196   87     197   46     198   191     199   78     200   21     201   77     202   84     203   200     204   203     205   220     206   1     207   248     208   142     209   12     210   8     211   131     212   127     213   77     214   218     215   205     216   59     217   15     218   110     219   118     220   87     221   211     222   190     223   160     224   170     225   73     226   112     227   111     228   29     229   103     230   127     231   8     232   133     233   60     234   119     235   57     236   66     237   136     238   79     239   42     240   95     241   84     242   93     243   45   
75   123  75   1     122   158     123   250     124   56     125   41     126   73     127   5     128   121     129   248     130   185     131   180     132   176     133   69     134   31     135   133     136   14     137   21     138   154     139   117     140   120     141   17     142   151     143   205     144   21     145   141     146   224     147   173     148   170     149   81     150   132     151   60     152   58     153   206     154   86     155   126     156   126     157   111     158   112     159   233     160   94     161   255     162   13     163   110     164   71     165   83     166   225     167   44     168   221     169   245     170   178     171   183     172   4     173   190     174   65     175   155     176   235     177   237     178   219     179   158     180   141     181   171     182   88     183   116     184   11     185   58     186   188     187   135     188   205     189   164     190   248     191   46     192   254     193   146     194   163     195   121     196   88     197   193     198   7     199   221     200   93     201   5     202   101     203   206     204   170     205   39     206   198     207   192     208   229     209   196     210   246     211   58     212   4     213   246     214   140     215   41     216   156     217   143     218   34     219   40     220   13     221   172     222   235     223   126     224   97     225   46     226   237     227   143     228   171     229   42     230   4     231   192     232   119     233   130     234   242     235   195     236   80     237   10     238   10     239   113     240   251     241   176     242   72     243   113   
76   123  76   1     122   194     123   205     124   182     125   60     126   211     127   159     128   250     129   159     130   233     131   160     132   107     133   170     134   119     135   74     136   158     137   188     138   30     139   206     140   29     141   169     142   80     143   138     144   188     145   169     146   109     147   230     148   231     149   78     150   94     151   128     152   36     153   52     154   164     155   175     156   21     157   38     158   184     159   255     160   88     161   172     162   78     163   248     164   226     165   185     166   90     167   215     168   245     169   153     170   21     171   254     172   81     173   220     174   118     175   41     176   35     177   241     178   104     179   194     180   165     181   229     182   179     183   50     184   252     185   254     186   2     187   121     188   141     189   210     190   159     191   65     192   45     193   43     194   117     195   238     196   179     197   210     198   133     199   85     200   88     201   235     202   145     203   137     204   231     205   43     206   234     207   81     208   134     209   31     210   236     211   50     212   155     213   136     214   195     215   60     216   13     217   162     218   201     219   11     220   8     221   85     222   23     223   175     224   212     225   185     226   43     227   162     228   19     229   101     230   74     231   195     232   119     233   236     234   29     235   154     236   217     237   203     238   71     239   143     240   72     241   123     242   74     243   143   
77   123  77   1     122   250     123   87     124   244     125   18     126   16     127   9     128   88     129   90     130   126     131   247     132   76     133   84     134   172     135   249     136   61     137   80     138   71     139   39     140   124     141   186     142   190     143   168     144   29     145   186     146   136     147   211     148   251     149   178     150   13     151   149     152   41     153   132     154   98     155   90     156   161     157   223     158   214     159   175     160   99     161   221     162   188     163   148     164   152     165   235     166   89     167   91     168   146     169   32     170   136     171   116     172   46     173   113     174   28     175   47     176   18     177   154     178   151     179   250     180   103     181   166     182   110     183   248     184   50     185   116     186   116     187   218     188   141     189   203     190   216     191   31     192   82     193   132     194   22     195   69     196   109     197   203     198   52     199   101     200   227     201   213     202   127     203   132     204   106     205   132     206   14     207   185     208   215     209   156     210   238     211   65     212   66     213   225     214   33     215   178     216   6     217   90     218   28     219   190     220   150     221   6     222   10     223   142     224   43     225   217     226   132     227   32     228   65     229   80     230   249     231   112     232   172     233   117     234   55     235   67     236   45     237   35     238   255     239   177     240   82     241   127     242   249     243   155   
78   123  78   1     122   31     123   149     124   36     125   179     126   132     127   43     128   203     129   132     130   16     131   144     132   232     133   233     134   224     135   162     136   9     137   145     138   31     139   24     140   103     141   151     142   185     143   37     144   8     145   69     146   67     147   117     148   122     149   247     150   134     151   114     152   42     153   169     154   125     155   118     156   105     157   214     158   72     159   117     160   183     161   14     162   133     163   252     164   205     165   244     166   31     167   45     168   82     169   1     170   235     171   127     172   51     173   225     174   239     175   238     176   86     177   21     178   56     179   74     180   26     181   112     182   116     183   78     184   87     185   39     186   32     187   74     188   130     189   246     190   207     191   57     192   84     193   219     194   251     195   203     196   133     197   47     198   34     199   61     200   179     201   107     202   211     203   169     204   255     205   102     206   50     207   160     208   25     209   69     210   53     211   110     212   6     213   107     214   202     215   83     216   210     217   19     218   51     219   185     220   133     221   117     222   16     223   54     224   223     225   163     226   21     227   1     228   112     229   140     230   6     231   141     232   194     233   76     234   139     235   182     236   120     237   181     238   15     239   231     240   8     241   211     242   108     243   121   
79   123  79   1     122   218     123   88     124   7     125   168     126   164     127   35     128   162     129   31     130   186     131   152     132   22     133   43     134   103     135   51     136   200     137   33     138   84     139   45     140   187     141   175     142   118     143   58     144   33     145   50     146   28     147   54     148   82     149   167     150   158     151   133     152   64     153   208     154   195     155   198     156   198     157   105     158   14     159   176     160   194     161   123     162   34     163   196     164   108     165   224     166   177     167   139     168   56     169   61     170   81     171   114     172   142     173   222     174   165     175   249     176   247     177   62     178   241     179   218     180   50     181   255     182   11     183   128     184   235     185   64     186   153     187   116     188   58     189   154     190   31     191   204     192   214     193   85     194   254     195   162     196   11     197   181     198   100     199   56     200   40     201   186     202   47     203   208     204   82     205   96     206   209     207   24     208   63     209   150     210   215     211   115     212   142     213   215     214   159     215   168     216   157     217   117     218   67     219   5     220   34     221   155     222   247     223   198     224   161     225   204     226   62     227   117     228   255     229   66     230   142     231   24     232   106     233   87     234   89     235   242     236   10     237   70     238   70     239   163     240   245     241   22     242   9     243   163   
80   123  80   1     122   255     123   59     124   56     125   55     126   174     127   57     128   175     129   57     130   67     131   99     132   130     133   16     134   170     135   77     136   233     137   75     138   149     139   86     140   248     141   33     142   191     143   15     144   75     145   125     146   88     147   135     148   87     149   42     150   171     151   124     152   35     153   249     154   4     155   167     156   54     157   197     158   44     159   24     160   113     161   202     162   42     163   18     164   224     165   252     166   204     167   201     168   107     169   227     170   54     171   200     172   111     173   106     174   122     175   1     176   114     177   12     178   239     179   255     180   212     181   234     182   143     183   35     184   117     185   200     186   189     187   190     188   5     189   126     190   57     191   238     192   102     193   188     194   23     195   73     196   143     197   126     198   203     199   8     200   113     201   254     202   103     203   98     204   87     205   188     206   46     207   111     208   166     209   69     210   244     211   35     212   106     213   178     214   47     215   55     216   121     217   222     218   92     219   163     220   206     221   8     222   139     223   167     224   164     225   252     226   188     227   222     228   236     229   150     230   77     231   47     232   170     233   244     234   248     235   142     236   221     237   225     238   52     239   184     240   240     241   3     242   77     243   184   
81   123  81   1     122   81     123   146     124   50     125   165     126   9     127   220     128   167     129   11     130   92     131   200     132   235     133   104     134   149     135   171     136   130     137   45     138   155     139   173     140   240     141   117     142   100     143   208     144   144     145   117     146   194     147   159     148   7     149   255     150   153     151   82     152   206     153   131     154   154     155   11     156   12     157   80     158   140     159   111     160   204     161   252     162   156     163   4     164   203     165   14     166   241     167   93     168   237     169   18     170   194     171   122     172   113     173   105     174   198     175   39     176   165     177   103     178   254     179   81     180   137     181   179     182   85     183   253     184   183     185   122     186   122     187   67     188   209     189   28     190   239     191   60     192   129     193   13     194   224     195   55     196   175     197   28     198   94     199   37     200   132     201   118     202   10     203   239     204   16     205   13     206   99     207   143     208   218     209   142     210   29     211   114     212   136     213   250     214   68     215   255     216   233     217   11     218   198     219   48     220   168     221   233     222   38     223   43     224   98     225   185     226   13     227   18     228   114     229   45     230   171     231   63     232   149     233   44     234   164     235   222     236   139     237   232     238   66     239   5     240   129     241   10     242   171     243   49   
82   123  82   1     122   105     123   23     124   215     125   248     126   214     127   99     128   49     129   214     130   221     131   123     132   178     133   174     134   82     135   57     136   252     137   103     138   105     139   61     140   160     141   47     142   32     143   107     144   224     145   63     146   119     147   69     148   241     149   219     150   238     151   17     152   127     153   253     154   236     155   97     156   8     157   96     158   179     159   69     160   136     161   168     162   202     163   31     164   121     165   255     166   105     167   43     168   182     169   28     170   150     171   157     172   94     173   78     174   230     175   250     176   198     177   177     178   154     179   139     180   5     181   41     182   89     183   251     184   218     185   243     186   167     187   139     188   158     189   199     190   65     191   134     192   254     193   236     194   75     195   49     196   202     197   19     198   159     199   246     200   248     201   48     202   12     203   253     204   235     205   188     206   66     207   1     208   33     209   63     210   22     211   92     212   72     213   48     214   120     215   170     216   16     217   249     218   94     219   32     220   202     221   69     222   221     223   50     224   156     225   37     226   177     227   28     228   41     229   54     230   72     231   42     232   205     233   195     234   98     235   148     236   201     237   176     238   180     239   6     240   224     241   12     242   100     243   213   
83   123  83   1     122   71     123   26     124   222     125   29     126   135     127   63     128   202     129   247     130   227     131   79     132   136     133   211     134   122     135   250     136   185     137   4     138   128     139   158     140   112     141   195     142   44     143   133     144   226     145   105     146   95     147   31     148   205     149   47     150   2     151   131     152   51     153   144     154   253     155   242     156   24     157   219     158   161     159   52     160   110     161   37     162   172     163   35     164   62     165   194     166   167     167   34     168   190     169   91     170   101     171   90     172   199     173   49     174   20     175   120     176   217     177   243     178   148     179   71     180   105     181   53     182   68     183   102     184   134     185   51     186   220     187   23     188   133     189   116     190   247     191   207     192   221     193   19     194   166     195   202     196   68     197   209     198   210     199   190     200   123     201   227     202   165     203   144     204   205     205   43     206   3     207   41     208   96     209   238     210   78     211   201     212   199     213   78     214   145     215   119     216   170     217   132     218   155     219   229     220   172     221   231     222   217     223   24     224   98     225   207     226   243     227   132     228   53     229   8     230   199     231   41     232   115     233   40     234   137     235   60     236   215     237   126     238   126     239   89     240   226     241   136     242   127     243   89   
84   123  84   1     122   87     123   218     124   239     125   14     126   221     127   252     128   206     129   252     130   129     131   219     132   83     133   45     134   145     135   115     136   16     137   25     138   7     139   243     140   46     141   73     142   227     143   225     144   25     145   54     146   1     147   12     148   224     149   228     150   130     151   23     152   111     153   61     154   76     155   86     156   86     157   158     158   142     159   181     160   208     161   127     162   228     163   11     164   155     165   98     166   21     167   74     168   67     169   174     170   29     171   89     172   15     173   80     174   125     175   19     176   229     177   212     178   122     179   87     180   160     181   37     182   148     183   111     184   156     185   89     186   197     187   240     188   95     189   49     190   252     191   105     192   132     193   214     194   84     195   63     196   148     197   49     198   108     199   152     200   208     201   68     202   151     203   200     204   224     205   214     206   195     207   15     208   69     209   235     210   250     211   111     212   80     213   36     214   187     215   14     216   127     217   30     218   77     219   26     220   51     221   152     222   216     223   86     224   99     225   98     226   214     227   30     228   79     229   50     230   115     231   187     232   145     233   250     234   46     235   135     236   43     237   136     238   59     239   154     240   182     241   53     242   115     243   154   
85   123  85   1     122   125     123   165     124   122     125   9     126   8     127   138     128   44     129   45     130   63     131   245     132   38     133   42     134   86     135   242     136   144     137   40     138   173     139   157     140   62     141   93     142   244     143   84     144   128     145   93     146   80     147   231     148   243     149   89     150   136     151   196     152   154     153   12     154   49     155   45     156   222     157   65     158   107     159   217     160   191     161   224     162   94     163   74     164   76     165   251     166   162     167   163     168   73     169   16     170   68     171   58     172   23     173   182     174   14     175   153     176   9     177   77     178   197     179   125     180   189     181   83     182   55     183   124     184   25     185   58     186   58     187   109     188   200     189   235     190   108     191   129     192   41     193   66     194   11     195   172     196   184     197   235     198   26     199   188     200   255     201   228     202   177     203   108     204   53     205   66     206   7     207   23     208   229     209   78     210   119     211   174     212   33     213   143     214   158     215   89     216   3     217   46     218   14     219   95     220   75     221   3     222   5     223   71     224   155     225   226     226   66     227   16     228   174     229   40     230   242     231   56     232   86     233   180     234   149     235   175     236   152     237   159     238   241     239   214     240   41     241   177     242   242     243   195   
86   123  86   1     122   37     123   104     124   82     125   113     126   161     127   21     128   115     129   161     130   98     131   85     132   87     133   252     134   102     135   184     136   154     137   254     138   37     139   83     140   39     141   35     142   11     143   222     144   49     145   168     146   117     147   1     148   73     149   114     150   234     151   120     152   190     153   105     154   17     155   238     156   203     157   29     158   8     159   14     160   231     161   236     162   10     163   163     164   174     165   146     166   37     167   200     168   188     169   171     170   183     171   116     172   70     173   205     174   33     175   138     176   42     177   95     178   151     179   239     180   24     181   51     182   165     183   121     184   129     185   178     186   196     187   239     188   124     189   217     190   229     191   60     192   97     193   17     194   213     195   115     196   10     197   131     198   143     199   170     200   113     201   128     202   32     203   105     204   242     205   140     206   237     207   243     208   254     209   168     210   155     211   189     212   221     213   128     214   93     215   23     216   139     217   130     218   199     219   11     220   10     221   14     222   98     223   123     224   135     225   19     226   95     227   171     228   51     229   144     230   221     231   59     232   233     233   50     234   230     235   76     236   2     237   172     238   71     239   16     240   49     241   32     242   246     243   169   
87   123  87   1     122   225     123   200     124   146     125   134     126   13     127   4     128   198     129   153     130   205     131   144     132   50     133   246     134   190     135   253     136   170     137   182     138   67     139   61     140   148     141   20     142   30     143   86     144   110     145   164     146   114     147   221     148   213     149   230     150   91     151   187     152   195     153   161     154   179     155   140     156   147     157   135     158   57     159   221     160   234     161   204     162   93     163   33     164   167     165   183     166   212     167   130     168   228     169   196     170   99     171   103     172   162     173   152     174   84     175   229     176   220     177   47     178   23     179   225     180   164     181   46     182   25     183   155     184   174     185   195     186   201     187   172     188   86     189   34     190   153     191   211     192   106     193   26     194   119     195   198     196   25     197   173     198   85     199   228     200   29     201   205     202   143     203   161     204   136     205   80     206   248     207   11     208   118     209   164     210   51     211   62     212   162     213   51     214   2     215   218     216   176     217   245     218   40     219   125     220   93     221   123     222   220     223   147     224   45     225   211     226   47     227   245     228   46     229   113     230   162     231   11     232   108     233   168     234   145     235   252     236   64     237   8     238   8     239   159     240   110     241   50     242   171     243   159   
88   123  88   1     122   198     123   189     124   174     125   241     126   75     127   84     128   177     129   84     130   127     131   73     132   49     133   27     134   132     135   218     136   251     137   252     138   246     139   81     140   26     141   204     142   170     143   95     144   252     145   18     146   244     147   4     148   171     149   235     150   126     151   13     152   37     153   224     154   207     155   50     156   50     157   129     158   122     159   152     160   175     161   222     162   92     163   242     164   130     165   213     166   248     167   205     168   202     169   145     170   11     171   55     172   5     173   48     174   43     175   250     176   168     177   76     178   221     179   198     180   96     181   232     182   135     183   37     184   116     185   55     186   67     187   80     188   53     189   228     190   84     191   39     192   124     193   185     194   199     195   21     196   135     197   228     198   36     199   131     200   187     201   60     202   134     203   179     204   171     205   185     206   65     207   5     208   200     209   89     210   28     211   37     212   48     213   28     214   105     215   241     216   222     217   10     218   59     219   253     220   92     221   131     222   72     223   50     224   33     225   213     226   185     227   10     228   206     229   229     230   218     231   105     232   132     233   86     234   26     235   125     236   25     237   120     238   226     239   118     240   153     241   19     242   218     243   118   
89   123  89   1     122   145     123   103     124   170     125   77     126   150     127   168     128   191     129   100     130   254     131   146     132   130     133   95     134   21     135   169     136   164     137   244     138   241     139   162     140   37     141   243     142   73     143   190     144   149     145   243     146   245     147   8     148   114     149   184     150   252     151   26     152   153     153   221     154   136     155   100     156   22     157   31     158   64     159   45     160   107     161   161     162   131     163   249     164   25     165   228     166   92     167   135     168   137     169   49     170   143     171   110     172   10     173   38     174   118     175   233     176   77     177   194     178   193     179   145     180   192     181   133     182   104     183   74     184   124     185   110     186   110     187   160     188   199     189   213     190   123     191   78     192   47     193   111     194   230     195   42     196   80     197   213     198   12     199   27     200   175     201   120     202   29     203   123     204   195     205   111     206   59     207   10     208   163     209   178     210   172     211   74     212   185     213   56     214   210     215   184     216   112     217   20     218   118     219   88     220   34     221   27     222   144     223   255     224   66     225   152     226   111     227   49     228   129     229   244     230   169     231   197     232   21     233   141     234   52     235   90     236   50     237   9     238   217     239   128     240   47     241   29     242   169     243   33   
90   123  90   1     122   145     123   203     124   234     125   9     126   130     127   38     128   39     129   130     130   93     131   143     132   161     133   181     134   1     135   64     136   180     137   155     138   145     139   253     140   191     141   227     142   129     143   65     144   160     145   45     146   85     147   23     148   6     149   48     150   170     151   245     152   50     153   220     154   122     155   246     156   103     157   158     158   184     159   202     160   89     161   216     162   199     163   172     164   95     165   12     166   145     167   94     168   28     169   20     170   157     171   66     172   219     173   21     174   205     175   217     176   76     177   25     178   71     179   225     180   213     181   142     182   222     183   177     184   88     185   214     186   186     187   225     188   250     189   36     190   119     191   83     192   100     193   122     194   192     195   39     196   150     197   118     198   146     199   3     200   9     201   79     202   218     203   220     204   127     205   171     206   207     207   104     208   155     209   45     210   163     211   11     212   110     213   79     214   55     215   8     216   206     217   97     218   131     219   129     220   150     221   202     222   67     223   159     224   42     225   84     226   25     227   20     228   142     229   34     230   120     231   54     232   147     233   153     234   78     235   77     236   46     237   113     238   204     239   109     240   160     241   218     242   35     243   58   
91   123  91   1     122   31     123   172     124   219     125   197     126   133     127   6     128   165     129   91     130   37     131   216     132   43     133   141     134   225     135   13     136   255     137   237     138   236     139   173     140   222     141   30     142   17     143   125     144   89     145   246     146   75     147   61     148   49     149   149     150   248     151   104     152   113     153   127     154   100     155   202     156   84     157   74     158   171     159   61     160   159     161   170     162   253     163   59     164   122     165   98     166   190     167   195     168   150     169   166     170   220     171   218     172   243     173   212     174   126     175   25     176   178     177   182     178   146     179   31     180   246     181   57     182   155     183   88     184   249     185   44     186   35     187   250     188   125     189   51     190   91     191   52     192   95     193   23     194   194     195   165     196   155     197   117     198   241     199   150     200   157     201   37     202   70     203   127     204   204     205   120     206   132     207   128     208   77     209   246     210   164     211   33     212   243     213   37     214   3     215   183     216   232     217   1     218   60     219   205     220   253     221   200     222   178     223   56     224   181     225   52     226   182     227   1     228   57     229   199     230   243     231   128     232   90     233   252     234   87     235   130     236   96     237   12     238   12     239   94     240   89     241   43     242   112     243   94   
92   123  92   1     122   95     123   58     124   223     125   137     126   240     127   119     128   88     129   119     130   176     131   20     132   231     133   82     134   106     135   78     136   218     137   153     138   202     139   208     140   32     141   12     142   10     143   86     144   153     145   151     146   46     147   213     148   120     149   169     150   194     151   16     152   65     153   148     154   154     155   113     156   113     157   205     158   23     159   123     160   173     161   155     162   192     163   31     164   150     165   186     166   76     167   126     168   61     169   190     170   33     171   214     172   167     173   149     174   199     175   168     176   238     177   179     178   13     179   95     180   55     181   63     182   252     183   65     184   145     185   214     186   71     187   162     188   50     189   93     190   119     191   165     192   38     193   239     194   45     195   212     196   252     197   93     198   51     199   41     200   11     201   247     202   142     203   188     204   120     205   239     206   163     207   167     208   217     209   103     210   17     211   65     212   149     213   17     214   245     215   137     216   155     217   83     218   180     219   235     220   192     221   41     222   102     223   113     224   27     225   186     226   239     227   83     228   232     229   47     230   78     231   242     232   106     233   147     234   32     235   84     236   182     237   243     238   108     239   117     240   9     241   229     242   78     243   117   
93   123  93   1     122   46     123   15     124   248     125   103     126   77     127   189     128   204     129   230     130   40     131   199     132   213     133   48     134   52     135   17     136   62     137   100     138   66     139   241     140   2     141   7     142   237     143   96     144   164     145   7     146   200     147   9     148   59     149   175     150   109     151   94     152   39     153   229     154   121     155   230     156   221     157   120     158   72     159   11     160   140     161   24     162   121     163   75     164   183     165   197     166   217     167   243     168   53     169   154     170   250     171   170     172   76     173   235     174   177     175   89     176   103     177   157     178   116     179   46     180   216     181   182     182   101     183   4     184   253     185   170     186   170     187   180     188   187     189   236     190   158     191   142     192   78     193   6     194   51     195   104     196   90     197   236     198   131     199   242     200   222     201   119     202   61     203   158     204   49     205   6     206   214     207   76     208   93     209   227     210   55     211   4     212   3     213   63     214   143     215   132     216   126     217   152     218   177     219   83     220   97     221   242     222   130     223   132     224   13     225   197     226   6     227   154     228   60     229   100     230   17     231   254     232   52     233   191     234   188     235   22     236   115     237   165     238   111     239   144     240   78     241   61     242   17     243   136   
94   123  94   1     122   214     123   228     124   141     125   84     126   129     127   174     128   81     129   129     130   245     131   14     132   11     133   155     134   255     135   49     136   100     137   158     138   214     139   1     140   211     141   217     142   157     143   206     144   244     145   25     146   94     147   140     148   56     149   221     150   188     151   170     152   62     153   104     154   164     155   88     156   96     157   186     158   20     159   27     160   46     161   179     162   148     163   132     164   22     165   112     166   219     167   233     168   59     169   144     170   166     171   210     172   175     173   111     174   220     175   76     176   65     177   31     178   246     179   58     180   60     181   241     182   139     183   64     184   209     185   32     186   247     187   58     188   198     189   77     190   43     191   102     192   124     193   164     194   83     195   81     196   17     197   212     198   202     199   28     200   84     201   93     202   80     203   104     204   128     205   67     206   63     207   12     208   158     209   25     210   232     211   183     212   52     213   93     214   26     215   171     216   27     217   88     218   126     219   157     220   17     221   27     222   45     223   69     224   222     225   161     226   104     227   144     228   241     229   117     230   71     231   229     232   53     233   125     234   162     235   190     236   5     237   19     238   35     239   40     240   244     241   80     242   138     243   149   
95   123  95   1     122   186     123   198     124   118     125   194     126   101     127   36     128   184     129   37     130   235     131   100     132   191     133   21     134   39     135   70     136   147     137   111     138   97     139   200     140   64     141   180     142   238     143   220     144   57     145   237     146   197     147   123     148   51     149   133     150   185     151   10     152   148     153   192     154   66     155   152     156   162     157   203     158   236     159   123     160   233     161   226     162   143     163   95     164   246     165   102     166   58     167   229     168   151     169   170     170   92     171   120     172   219     173   44     174   206     175   158     176   114     177   74     178   175     179   186     180   237     181   67     182   209     183   55     184   183     185   149     186   207     187   165     188   220     189   47     190   37     191   5     192   29     193   202     194   232     195   184     196   209     197   172     198   199     199   151     200   245     201   235     202   131     203   192     204   188     205   234     206   107     207   83     208   225     209   237     210   182     211   211     212   219     213   235     214   18     215   68     216   89     217   145     218   117     219   178     220   143     221   132     222   114     223   77     224   88     225   5     226   74     227   170     228   67     229   222     230   219     231   83     232   43     233   129     234   109     235   79     236   122     237   72     238   72     239   19     240   57     241   191     242   154     243   19   
96   123  96   1     122   226     123   106     124   118     125   26     126   103     127   137     128   152     129   137     130   45     131   187     132   129     133   75     134   188     135   190     136   145     137   134     138   13     139   66     140   37     141   105     142   211     143   108     144   134     145   114     146   209     147   165     148   189     149   63     150   67     151   156     152   138     153   47     154   219     155   51     156   51     157   90     158   230     159   224     160   24     161   27     162   222     163   168     164   178     165   254     166   35     167   7     168   191     169   217     170   229     171   248     172   203     173   239     174   164     175   255     176   15     177   112     178   169     179   226     180   195     181   141     182   14     183   138     184   200     185   248     186   48     187   44     188   36     189   127     190   137     191   86     192   159     193   207     194   140     195   101     196   14     197   127     198   228     199   171     200   19     201   29     202   96     203   68     204   189     205   207     206   236     207   203     208   204     209   21     210   92     211   138     212   239     213   92     214   128     215   26     216   27     217   139     218   210     219   232     220   222     221   171     222   213     223   51     224   143     225   254     226   207     227   139     228   79     229   17     230   190     231   250     232   188     233   85     234   37     235   241     236   151     237   58     238   6     239   20     240   142     241   28     242   190     243   20   
97   123  97   1     122   191     123   104     124   82     125   42     126   219     127   21     128   115     129   130     130   214     131   85     132   87     133   111     134   33     135   184     136   154     137   144     138   179     139   83     140   39     141   244     142   164     143   222     144   49     145   244     146   61     147   1     148   73     149   23     150   145     151   68     152   190     153   56     154   250     155   130     156   203     157   103     158   144     159   38     160   231     161   185     162   250     163   178     164   174     165   114     166   133     167   116     168   188     169   99     170   117     171   196     172   70     173   205     174   199     175   176     176   42     177   95     178   181     179   191     180   24     181   51     182   13     183   78     184   129     185   196     186   196     187   20     188   124     189   57     190   229     191   192     192   97     193   105     194   213     195   66     196   10     197   57     198   143     199   233     200   113     201   15     202   32     203   229     204   242     205   105     206   237     207   70     208   254     209   81     210   155     211   78     212   186     213   7     214   93     215   123     216   14     217   140     218   199     219   120     220   67     221   233     222   18     223   123     224   79     225   114     226   105     227   171     228   189     229   126     230   184     231   59     232   33     233   50     234   136     235   76     236   65     237   172     238   182     239   16     240   97     241   32     242   184     243   169   
98   123  98   1     122   183     123   122     124   38     125   195     126   55     127   29     128   6     129   55     130   140     131   152     132   93     133   156     134   27     135   142     136   135     137   89     138   183     139   202     140   114     141   229     142   26     143   149     144   70     145   232     146   84     147   236     148   90     149   234     150   168     151   18     152   220     153   150     154   138     155   210     156   136     157   46     158   51     159   158     160   224     161   250     162   206     163   242     164   186     165   180     166   108     167   161     168   25     169   193     170   84     171   184     172   215     173   218     174   32     175   225     176   58     177   110     178   207     179   211     180   85     181   131     182   160     183   240     184   251     185   120     186   5     187   211     188   139     189   43     190   37     191   14     192   165     193   138     194   143     195   6     196   246     197   62     198   154     199   45     200   195     201   23     202   204     203   150     204   253     205   179     206   22     207   17     208   89     209   232     210   107     211   245     212   75     213   23     214   171     215   216     216   97     217   210     218   44     219   26     220   172     221   97     222   163     223   53     224   169     225   79     226   150     227   193     228   131     229   113     230   142     231   176     232   129     233   111     234   12     235   33     236   197     237   127     238   59     239   102     240   70     241   204     242   106     243   4   
99   123  99   1     122   25     123   193     124   4     125   224     126   81     127   52     128   135     129   123     130   248     131   30     132   119     133   234     134   229     135   149     136   1     137   141     138   112     139   60     140   42     141   228     142   150     143   153     144   156     145   71     146   16     147   40     148   64     149   58     150   200     151   220     152   241     153   126     154   180     155   146     156   223     157   237     158   8     159   40     160   174     161   245     162   230     163   28     164   80     165   128     166   77     167   5     168   32     169   157     170   205     171   147     172   105     173   118     174   131     175   45     176   37     177   246     178   243     179   25     180   71     181   251     182   181     183   97     184   53     185   190     186   204     187   47     188   153     189   167     190   123     191   110     192   168     193   162     194   41     195   135     196   181     197   34     198   142     199   32     200   129     201   248     202   133     203   126     204   166     205   183     206   172     207   127     208   36     209   71     210   122     211   43     212   105     213   248     214   26     215   11     216   163     217   159     218   213     219   91     220   230     221   40     222   37     223   6     224   236     225   110     226   246     227   157     228   251     229   7     230   105     231   122     232   134     233   27     234   19     235   152     236   103     237   104     238   104     239   85     240   156     241   119     242   12     243   85   
100   123  100   1     122   41     123   91     124   246     125   213     126   191     127   102     128   47     129   102     130   94     131   169     132   198     133   245     134   197     135   237     136   155     137   170     138   228     139   65     140   254     141   103     142   218     143   35     144   170     145   166     146   242     147   44     148   209     149   43     150   85     151   127     152   90     153   118     154   122     155   219     156   219     157   188     158   121     159   1     160   253     161   55     162   62     163   200     164   29     165   132     166   134     167   108     168   249     169   82     170   69     171   252     172   205     173   205     174   56     175   144     176   204     177   142     178   220     179   41     180   135     181   54     182   216     183   90     184   27     185   252     186   231     187   74     188   234     189   66     190   102     191   76     192   67     193   119     194   34     195   151     196   216     197   66     198   81     199   244     200   97     201   185     202   211     203   57     204   209     205   119     206   241     207   39     208   75     209   25     210   196     211   90     212   205     213   196     214   210     215   213     216   193     217   78     218   206     219   161     220   62     221   244     222   233     223   219     224   30     225   132     226   119     227   78     228   165     229   73     230   237     231   212     232   40     233   112     234   254     235   72     236   227     237   111     238   120     239   13     240   10     241   173     242   237     243   13   
101   123  101   1     122   181     123   176     124   24     125   234     126   186     127   117     128   53     129   101     130   172     131   96     132   47     133   200     134   45     135   205     136   6     137   104     138   10     139   177     140   252     141   103     142   48     143   141     144   111     145   103     146   208     147   169     148   157     149   58     150   193     151   139     152   28     153   231     154   151     155   101     156   248     157   233     158   104     159   85     160   195     161   100     162   58     163   163     164   94     165   156     166   29     167   77     168   83     169   119     170   228     171   161     172   196     173   191     174   71     175   236     176   234     177   14     178   219     179   181     180   99     181   32     182   22     183   229     184   131     185   161     186   161     187   220     188   108     189   78     190   140     191   63     192   56     193   25     194   74     195   90     196   110     197   78     198   115     199   51     200   122     201   89     202   132     203   140     204   182     205   25     206   173     207   196     208   9     209   254     210   175     211   229     212   130     213   120     214   65     215   20     216   240     217   149     218   71     219   242     220   243     221   51     222   13     223   101     224   76     225   156     226   25     227   105     228   250     229   35     230   205     231   1     232   45     233   175     234   11     235   170     236   188     237   17     238   61     239   66     240   56     241   132     242   205     243   38   
102   123  102   1     122   177     123   213     124   7     125   168     126   31     127   65     128   162     129   31     130   247     131   28     132   22     133   43     134   227     135   98     136   200     137   33     138   177     139   2     140   187     141   175     142   39     143   129     144   245     145   50     146   188     147   5     148   112     149   167     150   101     151   73     152   124     153   208     154   85     155   176     156   192     157   105     158   40     159   190     160   92     161   123     162   53     163   64     164   44     165   224     166   171     167   207     168   118     169   61     170   188     171   185     172   67     173   222     174   252     175   152     176   130     177   62     178   241     179   116     180   120     181   255     182   11     183   128     184   191     185   64     186   243     187   116     188   145     189   154     190   86     191   204     192   248     193   85     194   166     195   162     196   34     197   181     198   137     199   56     200   168     201   186     202   160     203   208     204   29     205   134     206   126     207   24     208   33     209   50     210   205     211   115     212   104     213   186     214   52     215   75     216   54     217   176     218   252     219   39     220   82     221   54     222   90     223   138     224   110     225   95     226   208     227   61     228   255     229   234     230   98     231   215     232   106     233   250     234   146     235   97     236   10     237   38     238   70     239   80     240   245     241   160     242   9     243   55   
103   123  103   1     122   5     123   213     124   62     125   185     126   190     127   43     128   51     129   48     130   61     131   165     132   114     133   218     134   6     135   212     136   129     137   80     138   210     139   87     140   142     141   135     142   74     143   150     144   41     145   103     146   248     147   145     148   199     149   118     150   40     151   238     152   192     153   143     154   184     155   116     156   112     157   122     158   124     159   145     160   35     161   254     162   152     163   186     164   228     165   147     166   4     167   191     168   237     169   168     170   151     171   245     172   215     173   243     174   13     175   165     176   82     177   96     178   223     179   5     180   103     181   163     182   57     183   171     184   170     185   219     186   22     187   49     188   150     189   222     190   48     191   119     192   2     193   97     194   16     195   51     196   57     197   242     198   206     199   237     200   18     201   61     202   44     203   143     204   95     205   38     206   60     207   14     208   211     209   103     210   177     211   15     212   215     213   61     214   155     215   226     216   224     217   183     218   19     219   221     220   152     221   145     222   82     223   33     224   251     225   235     226   96     227   168     228   163     229   160     230   215     231   177     232   178     233   26     234   102     235   139     236   138     237   86     238   86     239   128     240   41     241   114     242   66     243   128   
104   123  104   1     122   75     123   151     124   167     125   87     126   50     127   183     128   34     129   183     130   68     131   126     132   200     133   29     134   114     135   164     136   54     137   196     138   165     139   9     140   59     141   42     142   63     143   240     144   196     145   22     146   233     147   152     148   25     149   108     150   98     151   147     152   10     153   146     154   64     155   162     156   162     157   136     158   250     159   157     160   129     161   155     162   154     163   61     164   106     165   27     166   92     167   12     168   207     169   150     170   71     171   28     172   238     173   238     174   243     175   16     176   234     177   192     178   86     179   75     180   193     181   6     182   24     183   10     184   3     185   28     186   31     187   47     188   80     189   179     190   183     191   70     192   46     193   15     194   109     195   228     196   24     197   179     198   44     199   128     200   67     201   91     202   62     203   110     204   25     205   15     206   83     207   190     208   178     209   36     210   239     211   10     212   238     213   239     214   163     215   87     216   60     217   97     218   84     219   226     220   154     221   128     222   234     223   162     224   208     225   123     226   115     227   97     228   172     229   149     230   164     231   202     232   214     233   251     234   59     235   8     236   217     237   182     238   103     239   79     240   187     241   48     242   164     243   79   
105   123  105   1     122   86     123   198     124   167     125   14     126   251     127   7     128   195     129   54     130   42     131   166     132   207     133   199     134   100     135   87     136   224     137   48     138   61     139   29     140   223     141   157     142   83     143   147     144   11     145   157     146   96     147   186     148   162     149   110     150   138     151   115     152   236     153   8     154   159     155   54     156   148     157   126     158   48     159   101     160   33     161   237     162   110     163   135     164   131     165   121     166   179     167   194     168   133     169   172     170   120     171   44     172   26     173   107     174   255     175   238     176   14     177   188     178   134     179   86     180   214     181   98     182   209     183   163     184   229     185   44     186   44     187   189     188   123     189   178     190   72     191   254     192   197     193   124     194   249     195   200     196   208     197   178     198   231     199   35     200   170     201   184     202   222     203   72     204   38     205   124     206   241     207   26     208   77     209   116     210   90     211   163     212   62     213   1     214   31     215   122     216   2     217   52     218   255     219   169     220   114     221   35     222   6     223   54     224   25     225   121     226   124     227   52     228   63     229   18     230   87     231   219     232   100     233   90     234   230     235   202     236   27     237   109     238   85     239   111     240   197     241   222     242   87     243   130   
106   123  106   1     122   68     123   246     124   249     125   230     126   23     127   166     128   36     129   23     130   27     131   195     132   1     133   251     134   130     135   7     136   121     137   57     138   68     139   152     140   134     141   31     142   140     143   133     144   131     145   89     146   127     147   97     148   43     149   69     150   254     151   252     152   92     153   151     154   63     155   8     156   35     157   137     158   47     159   231     160   41     161   165     162   160     163   234     164   2     165   86     166   50     167   30     168   158     169   250     170   127     171   30     172   62     173   120     174   149     175   39     176   81     177   46     178   208     179   6     180   113     181   65     182   142     183   201     184   171     185   234     186   54     187   6     188   49     189   191     190   235     191   84     192   184     193   63     194   9     195   36     196   237     197   105     198   223     199   155     200   230     201   202     202   188     203   151     204   143     205   124     206   196     207   238     208   57     209   89     210   24     211   255     212   197     213   202     214   236     215   100     216   116     217   8     218   149     219   140     220   198     221   116     222   156     223   11     224   112     225   253     226   151     227   250     228   255     229   148     230   7     231   110     232   93     233   32     234   229     235   211     236   194     237   192     238   115     239   94     240   131     241   188     242   22     243   56   
107   123  107   1     122   168     123   216     124   81     125   57     126   115     127   186     128   86     129   197     130   194     131   12     132   54     133   61     134   59     135   169     136   83     137   82     138   146     139   24     140   182     141   104     142   92     143   90     144   88     145   221     146   89     147   16     148   121     149   239     150   41     151   33     152   51     153   199     154   72     155   13     156   212     157   153     158   162     159   16     160   21     161   98     162   206     163   170     164   108     165   242     166   217     167   2     168   92     169   11     170   43     171   94     172   58     173   101     174   7     175   12     176   176     177   151     178   149     179   180     180   221     181   55     182   27     183   152     184   233     185   76     186   120     187   180     188   90     189   228     190   197     191   158     192   226     193   230     194   67     195   86     196   27     197   20     198   167     199   178     200   161     201   194     202   240     203   199     204   183     205   189     206   179     207   148     208   227     209   221     210   150     211   229     212   58     213   194     214   93     215   87     216   181     217   173     218   208     219   119     220   206     221   16     222   176     223   247     224   202     225   137     226   151     227   11     228   55     229   157     230   58     231   150     232   5     233   14     234   172     235   30     236   111     237   105     238   105     239   95     240   88     241   54     242   243     243   34   
108   123  108   1     122   72     123   179     124   173     125   203     126   88     127   167     128   82     129   167     130   164     131   249     132   125     133   160     134   112     135   200     136   212     137   244     138   235     139   38     140   126     141   87     142   242     143   102     144   244     145   192     146   74     147   95     148   44     149   181     150   122     151   63     152   67     153   28     154   40     155   2     156   2     157   85     158   37     159   240     160   115     161   58     162   25     163   180     164   127     165   106     166   171     167   137     168   148     169   190     170   193     171   131     172   163     173   163     174   3     175   10     176   47     177   120     178   232     179   72     180   192     181   202     182   15     183   67     184   101     185   131     186   230     187   248     188   34     189   43     190   167     191   226     192   219     193   236     194   150     195   224     196   15     197   43     198   157     199   80     200   77     201   66     202   209     203   243     204   44     205   236     206   71     207   129     208   8     209   152     210   128     211   67     212   163     213   128     214   33     215   203     216   151     217   31     218   174     219   42     220   25     221   80     222   47     223   2     224   114     225   86     226   83     227   31     228   205     229   245     230   163     231   59     232   184     233   6     234   126     235   5     236   84     237   132     238   213     239   196     240   153     241   30     242   200     243   196   
109   123  109   1     122   88     123   110     124   144     125   69     126   2     127   172     128   11     129   76     130   198     131   122     132   135     133   132     134   155     135   178     136   36     137   10     138   108     139   96     140   129     141   80     142   61     143   21     144   32     145   80     146   20     147   240     148   245     149   81     150   250     151   49     152   168     153   3     154   153     155   76     156   185     157   87     158   10     159   113     160   230     161   66     162   81     163   156     164   19     165   251     166   25     167   225     168   85     169   176     170   185     171   128     172   204     173   52     174   141     175   97     176   69     177   182     178   118     179   88     180   104     181   254     182   196     183   31     184   65     185   128     186   128     187   92     188   50     189   243     190   27     191   103     192   77     193   158     194   203     195   43     196   46     197   243     198   136     199   47     200   246     201   57     202   107     203   27     204   74     205   158     206   200     207   204     208   126     209   157     210   212     211   31     212   79     213   234     214   169     215   216     216   201     217   133     218   141     219   213     220   219     221   47     222   70     223   76     224   239     225   251     226   158     227   133     228   165     229   207     230   178     231   169     232   155     233   212     234   98     235   226     236   38     237   114     238   123     239   187     240   77     241   163     242   178     243   249   
110   123  110   1     122   194     123   33     124   75     125   51     126   113     127   123     128   174     129   113     130   242     131   49     132   172     133   14     134   213     135   99     136   219     137   147     138   194     139   139     140   95     141   120     142   19     143   182     144   121     145   255     146   20     147   192     148   196     149   110     150   40     151   109     152   217     153   225     154   92     155   9     156   205     157   53     158   78     159   159     160   129     161   146     162   180     163   176     164   69     165   149     166   115     167   212     168   68     169   162     170   20     171   249     172   240     173   119     174   164     175   71     176   246     177   226     178   202     179   207     180   210     181   228     182   169     183   125     184   84     185   176     186   249     187   207     188   154     189   204     190   28     191   208     192   175     193   92     194   165     195   174     196   211     197   201     198   160     199   98     200   51     201   148     202   37     203   225     204   250     205   253     206   82     207   58     208   147     209   255     210   27     211   132     212   254     213   148     214   127     215   230     216   244     217   9     218   164     219   19     220   23     221   244     222   1     223   224     224   126     225   193     226   225     227   162     228   132     229   8     230   99     231   170     232   229     233   36     234   218     235   35     236   157     237   216     238   151     239   156     240   121     241   37     242   99     243   63   
111   123  111   1     122   14     123   134     124   93     125   4     126   128     127   230     128   194     129   72     130   215     131   46     132   175     133   30     134   9     135   11     136   80     137   216     138   2     139   92     140   200     141   89     142   251     143   236     144   225     145   20     146   105     147   104     148   185     149   161     150   108     151   88     152   61     153   69     154   137     155   166     156   168     157   179     158   186     159   104     160   250     161   96     162   249     163   142     164   67     165   111     166   14     167   13     168   251     169   177     170   97     171   246     172   178     173   255     174   159     175   46     176   223     177   144     178   157     179   197     180   20     181   39     182   217     183   59     184   182     185   147     186   49     187   197     188   236     189   16     190   72     191   44     192   7     193   29     194   56     195   194     196   217     197   114     198   40     199   210     200   63     201   215     202   98     203   69     204   64     205   121     206   90     207   21     208   143     209   20     210   24     211   152     212   129     213   215     214   115     215   74     216   77     217   17     218   178     219   154     220   249     221   104     222   223     223   253     224   227     225   219     226   144     227   177     228   39     229   169     230   129     231   24     232   146     233   68     234   153     235   75     236   198     237   209     238   209     239   126     240   225     241   175     242   231     243   119   
112   123  112   1     122   155     123   47     124   125     125   144     126   247     127   200     128   66     129   200     130   132     131   167     132   251     133   159     134   25     135   220     136   157     137   69     138   72     139   64     140   183     141   150     142   221     143   237     144   69     145   234     146   24     147   160     148   245     149   39     150   172     151   213     152   225     153   65     154   238     155   131     156   131     157   21     158   12     159   94     160   85     161   1     162   149     163   232     164   120     165   192     166   229     167   190     168   48     169   93     170   37     171   11     172   211     173   77     174   76     175   181     176   185     177   47     178   4     179   155     180   234     181   95     182   97     183   223     184   161     185   11     186   170     187   104     188   91     189   162     190   200     191   177     192   252     193   31     194   179     195   50     196   97     197   162     198   201     199   193     200   79     201   46     202   73     203   18     204   245     205   31     206   250     207   136     208   54     209   29     210   71     211   225     212   211     213   71     214   23     215   144     216   124     217   13     218   49     219   109     220   149     221   193     222   185     223   131     224   154     225   89     226   141     227   13     228   8     229   138     230   211     231   206     232   197     233   152     234   148     235   212     236   218     237   92     238   82     239   241     240   210     241   194     242   220     243   241   
113   123  113   1     122   155     123   191     124   125     125   141     126   247     127   200     128   249     129   131     130   132     131   167     132   250     133   248     134   25     135   220     136   56     137   12     138   72     139   64     140   254     141   96     142   221     143   237     144   203     145   96     146   24     147   160     148   166     149   149     150   172     151   213     152   59     153   2     154   238     155   131     156   37     157   145     158   12     159   94     160   79     161   124     162   149     163   232     164   233     165   89     166   229     167   190     168   102     169   43     170   37     171   11     172   136     173   211     174   76     175   181     176   141     177   47     178   175     179   155     180   187     181   95     182   115     183   225     184   161     185   11     186   11     187   104     188   215     189   162     190   18     191   177     192   118     193   31     194   121     195   50     196   52     197   162     198   240     199   193     200   164     201   46     202   185     203   18     204   135     205   31     206   123     207   136     208   84     209   29     210   152     211   225     212   129     213   71     214   206     215   144     216   142     217   13     218   246     219   109     220   146     221   193     222   143     223   131     224   65     225   89     226   31     227   13     228   198     229   138     230   220     231   206     232   25     233   152     234   183     235   212     236   207     237   92     238   82     239   210     240   118     241   194     242   220     243   174   
114   123  114   1     122   136     123   241     124   239     125   162     126   46     127   81     128   72     129   46     130   54     131   155     132   2     133   235     134   25     135   14     136   242     137   114     138   136     139   45     140   17     141   62     142   5     143   23     144   27     145   178     146   254     147   194     148   86     149   138     150   225     151   229     152   184     153   51     154   126     155   16     156   70     157   15     158   94     159   211     160   82     161   87     162   93     163   201     164   4     165   172     166   100     167   60     168   33     169   233     170   254     171   108     172   124     173   240     174   55     175   80     176   162     177   92     178   189     179   12     180   226     181   130     182   179     183   143     184   75     185   108     186   108     187   12     188   98     189   99     190   203     191   168     192   109     193   126     194   18     195   72     196   199     197   210     198   163     199   43     200   209     201   137     202   101     203   51     204   3     205   248     206   149     207   193     208   114     209   178     210   48     211   227     212   151     213   137     214   197     215   200     216   232     217   16     218   55     219   5     220   145     221   232     222   37     223   22     224   224     225   231     226   51     227   233     228   227     229   53     230   14     231   220     232   167     233   64     234   215     235   187     236   8     237   157     238   230     239   188     240   27     241   101     242   14     243   112   
115   123  115   1     122   34     123   2     124   242     125   115     126   133     127   222     128   18     129   133     130   101     131   157     132   142     133   243     134   51     135   132     136   178     137   146     138   183     139   39     140   67     141   129     142   79     143   143     144   207     145   162     146   239     147   58     148   155     149   172     150   73     151   84     152   46     153   197     154   245     155   189     156   159     157   202     158   249     159   58     160   154     161   220     162   248     163   228     164   1     165   43     166   34     167   64     168   79     169   125     170   9     171   15     172   31     173   60     174   224     175   157     176   166     177   23     178   87     179   3     180   162     181   174     182   71     183   234     184   108     185   117     186   27     187   3     188   143     189   209     190   133     191   42     192   17     193   145     194   136     195   18     196   71     197   186     198   89     199   195     200   153     201   101     202   107     203   197     204   99     205   62     206   227     207   119     208   49     209   162     210   55     211   241     212   19     213   101     214   111     215   50     216   35     217   4     218   31     219   70     220   248     221   58     222   131     223   139     224   120     225   240     226   23     227   125     228   174     229   74     230   19     231   55     232   160     233   16     234   36     235   231     236   97     237   96     238   161     239   47     240   207     241   142     242   11     243   28   
116   123  116   1     122   213     123   58     124   196     125   126     126   123     127   94     128   240     129   79     130   253     131   77     132   241     133   88     134   109     135   204     136   144     137   209     138   63     139   56     140   67     141   59     142   168     143   186     144   209     145   155     146   9     147   108     148   179     149   61     150   230     151   175     152   48     153   92     154   22     155   220     156   220     157   231     158   138     159   116     160   223     161   100     162   151     163   83     164   45     165   72     166   189     167   32     168   18     169   216     170   245     171   171     172   234     173   214     174   178     175   139     176   1     177   158     178   141     179   213     180   155     181   16     182   64     183   96     184   8     185   171     186   163     187   39     188   157     189   164     190   79     191   6     192   208     193   40     194   206     195   218     196   64     197   164     198   43     199   44     200   30     201   94     202   91     203   198     204   179     205   40     206   149     207   119     208   87     209   224     210   25     211   48     212   234     213   25     214   47     215   126     216   160     217   238     218   118     219   202     220   151     221   44     222   1     223   220     224   177     225   85     226   158     227   238     228   7     229   191     230   234     231   10     232   161     233   121     234   243     235   203     236   137     237   188     238   188     239   62     240   142     241   128     242   204     243   62   
117   123  117   1     122   115     123   13     124   55     125   66     126   241     127   33     128   231     129   87     130   211     131   41     132   110     133   105     134   169     135   23     136   84     137   18     138   252     139   224     140   96     141   144     142   154     143   210     144   171     145   144     146   36     147   173     148   164     149   102     150   191     151   134     152   222     153   7     154   88     155   87     156   243     157   104     158   18     159   205     160   120     161   186     162   102     163   81     164   220     165   73     166   206     167   128     168   153     169   230     170   243     171   150     172   193     173   143     174   242     175   22     176   66     177   232     178   14     179   115     180   3     181   64     182   34     183   192     184   32     185   150     186   150     187   140     188   78     189   170     190   63     191   24     192   161     193   160     194   57     195   79     196   70     197   170     198   117     199   176     200   163     201   101     202   4     203   63     204   89     205   160     206   62     207   193     208   214     209   167     210   249     211   192     212   80     213   100     214   40     215   229     216   200     217   159     218   124     219   15     220   226     221   176     222   69     223   87     224   109     225   73     226   160     227   159     228   52     229   198     230   23     231   40     232   169     233   249     234   17     235   11     236   165     237   202     238   223     239   248     240   161     241   58     242   23     243   184   
118   123  118   1     122   92     123   112     124   125     125   139     126   183     127   203     128   142     129   157     130   234     131   233     132   48     133   29     134   69     135   144     136   88     137   196     138   92     139   159     140   133     141   42     142   120     143   213     144   117     145   22     146   248     147   226     148   131     149   108     150   237     151   141     152   230     153   146     154   100     155   157     156   30     157   136     158   67     159   103     160   227     161   155     162   107     163   10     164   96     165   27     166   9     167   26     168   63     169   45     170   248     171   201     172   84     173   104     174   242     175   211     176   139     177   115     178   158     179   4     180   197     181   172     182   14     183   20     184   166     185   201     186   201     187   160     188   89     189   54     190   58     191   123     192   209     193   100     194   173     195   142     196   154     197   127     198   147     199   207     200   87     201   68     202   17     203   146     204   40     205   168     206   121     207   202     208   196     209   22     210   186     211   221     212   73     213   68     214   170     215   18     216   53     217   157     218   242     219   120     220   25     221   53     222   95     223   205     224   245     225   189     226   146     227   45     228   221     229   194     230   144     231   239     232   243     233   78     234   7     235   206     236   192     237   185     238   165     239   134     240   209     241   17     242   144     243   244   
119   123  119   1     122   52     123   64     124   43     125   198     126   109     127   194     128   122     129   109     130   173     131   74     132   16     133   11     134   46     135   77     136   195     137   183     138   99     139   148     140   136     141   237     142   21     143   48     144   216     145   249     146   172     147   19     148   138     149   36     150   213     151   82     152   169     153   133     154   203     155   62     156   10     157   120     158   86     159   19     160   170     161   130     162   118     163   209     164   32     165   9     166   52     167   232     168   21     169   27     170   61     171   253     172   199     173   211     174   81     175   74     176   121     177   218     178   50     179   96     180   67     181   100     182   8     183   12     184   1     185   6     186   71     187   96     188   48     189   63     190   22     191   41     192   26     193   215     194   208     195   122     196   8     197   222     198   239     199   69     200   202     201   60     202   225     203   133     204   252     205   147     206   49     207   70     208   110     209   249     210   174     211   75     212   90     213   60     214   97     215   14     216   20     217   128     218   199     219   40     220   118     221   19     222   173     223   176     224   187     225   107     226   218     227   27     228   100     229   181     230   90     231   174     232   185     233   58     234   244     235   177     236   188     237   156     238   153     239   137     240   216     241   15     242   125     243   167   
120   123  120   1     122   186     123   198     124   187     125   194     126   101     127   36     128   251     129   37     130   235     131   100     132   137     133   21     134   39     135   12     136   204     137   111     138   97     139   34     140   71     141   180     142   238     143   121     144   111     145   237     146   197     147   85     148   188     149   133     150   185     151   173     152   149     153   192     154   66     155   127     156   127     157   203     158   236     159   145     160   233     161   226     162   143     163   52     164   246     165   102     166   58     167   230     168   151     169   170     170   92     171   120     172   219     173   44     174   206     175   158     176   114     177   74     178   175     179   186     180   237     181   67     182   209     183   55     184   183     185   120     186   207     187   165     188   220     189   140     190   37     191   5     192   29     193   81     194   232     195   78     196   209     197   140     198   199     199   132     200   245     201   36     202   131     203   95     204   188     205   81     206   107     207   7     208   225     209   136     210   182     211   149     212   219     213   182     214   18     215   194     216   89     217   14     218   117     219   61     220   143     221   132     222   114     223   127     224   88     225   5     226   74     227   14     228   67     229   222     230   219     231   83     232   43     233   129     234   109     235   79     236   122     237   72     238   72     239   19     240   57     241   191     242   154     243   19   
121   123  121   1     122   203     123   49     124   128     125   195     126   216     127   239     128   183     129   232     130   115     131   18     132   71     133   169     134   121     135   83     136   172     137   159     138   233     139   3     140   104     141   140     142   9     143   79     144   1     145   140     146   35     147   137     148   72     149   224     150   22     151   227     152   66     153   180     154   161     155   232     156   160     157   149     158   159     159   225     160   114     161   218     162   224     163   96     164   58     165   122     166   165     167   107     168   77     169   139     170   160     171   4     172   236     173   34     174   156     175   111     176   195     177   254     178   117     179   203     180   68     181   187     182   214     183   208     184   211     185   4     186   4     187   102     188   206     189   61     190   125     191   26     192   220     193   184     194   245     195   242     196   51     197   61     198   67     199   95     200   252     201   164     202   240     203   125     204   157     205   184     206   65     207   236     208   191     209   12     210   37     211   208     212   92     213   152     214   46     215   207     216   45     217   197     218   130     219   73     220   123     221   95     222   119     223   232     224   89     225   122     226   184     227   197     228   196     229   88     230   83     231   46     232   121     233   37     234   219     235   185     236   116     237   85     238   126     239   25     240   132     241   177     242   83     243   25   
