row_number
119
col_number
238
rank
119
ary
256
*****1's_location/per_row****
0   4  0   108     51   110     119   20     187   80   
1   4  1   215     52   54     120   207     188   30   
2   4  2   236     53   52     121   68     189   222   
3   4  3   45     54   245     122   66     190   66   
4   4  4   170     55   14     123   131     191   112   
5   4  5   4     56   77     124   112     192   201   
6   4  6   34     57   231     125   50     193   150   
7   4  7   188     58   6     126   197     194   200   
8   4  8   240     59   58     127   116     195   192   
9   4  9   96     60   34     128   253     196   104   
10   4  10   96     61   17     129   102     197   214   
11   4  11   77     62   116     130   158     198   105   
12   4  12   253     63   18     131   118     199   44   
13   4  13   17     64   140     132   158     200   235   
14   4  14   237     65   209     133   48     201   225   
15   4  15   191     66   162     134   214     202   200   
16   4  16   213     67   91     135   184     203   63   
17   4  33   246     81   249     145   86     193   182   
18   4  17   238     82   173     146   57     194   197   
19   4  18   17     83   216     147   20     195   172   
20   4  19   237     84   109     148   219     196   37   
21   4  20   41     68   252     149   38     197   48   
22   4  21   9     69   3     150   32     198   244   
23   4  22   218     70   56     151   27     199   101   
24   4  23   216     71   213     152   89     200   211   
25   4  24   235     72   80     136   154     201   135   
26   4  25   10     73   135     137   137     202   99   
27   4  26   227     74   70     138   240     203   89   
28   4  27   207     75   10     139   254     187   96   
29   4  28   17     76   120     140   160     188   197   
30   4  29   177     77   148     141   210     189   48   
31   4  30   24     78   15     142   203     190   60   
32   4  31   234     79   104     143   251     191   46   
33   4  32   131     80   21     144   238     192   119   
34   4  0   59     92   5     169   124     214   64   
35   4  1   95     93   131     153   103     215   78   
36   4  2   7     94   172     154   49     216   87   
37   4  3   209     95   199     155   139     217   19   
38   4  4   240     96   236     156   143     218   83   
39   4  5   108     97   168     157   225     219   27   
40   4  6   15     98   133     158   199     220   72   
41   4  7   202     99   220     159   205     204   164   
42   4  8   209     100   249     160   92     205   205   
43   4  9   232     101   57     161   59     206   20   
44   4  10   206     85   224     162   123     207   76   
45   4  11   78     86   97     163   99     208   227   
46   4  12   94     87   69     164   186     209   233   
47   4  13   72     88   86     165   57     210   251   
48   4  14   46     89   242     166   229     211   4   
49   4  15   134     90   205     167   120     212   246   
50   4  16   67     91   136     168   234     213   227   
51   4  45   40     73   75     132   129     219   76   
52   4  46   221     74   91     133   162     220   141   
53   4  47   236     75   49     134   83     204   30   
54   4  48   197     76   250     135   35     205   178   
55   4  49   167     77   104     119   101     206   148   
56   4  50   11     78   97     120   174     207   137   
57   4  34   150     79   246     121   249     208   180   
58   4  35   26     80   172     122   97     209   55   
59   4  36   144     81   10     123   198     210   130   
60   4  37   124     82   148     124   32     211   76   
61   4  38   24     83   254     125   25     212   49   
62   4  39   8     84   160     126   120     213   46   
63   4  40   28     68   215     127   54     214   54   
64   4  41   122     69   97     128   243     215   231   
65   4  42   130     70   246     129   125     216   201   
66   4  43   104     71   157     130   111     217   103   
67   4  44   64     72   187     131   33     218   17   
68   4  56   242     112   138     138   189     237   133   
69   4  57   41     113   78     139   78     221   206   
70   4  58   2     114   108     140   131     222   35   
71   4  59   53     115   16     141   229     223   159   
72   4  60   142     116   193     142   97     224   205   
73   4  61   111     117   85     143   78     225   117   
74   4  62   1     118   107     144   56     226   98   
75   4  63   245     102   16     145   55     227   74   
76   4  64   112     103   154     146   239     228   49   
77   4  65   43     104   198     147   154     229   91   
78   4  66   160     105   119     148   112     230   78   
79   4  67   169     106   50     149   54     231   57   
80   4  51   140     107   21     150   117     232   167   
81   4  52   123     108   25     151   153     233   156   
82   4  53   229     109   33     152   134     234   208   
83   4  54   214     110   58     136   110     235   64   
84   4  55   62     111   201     137   56     236   195   
85   4  41   82     106   48     159   126     171   74   
86   4  42   10     107   239     160   33     172   122   
87   4  43   237     108   9     161   235     173   59   
88   4  44   170     109   152     162   37     174   119   
89   4  45   218     110   247     163   73     175   167   
90   4  46   242     111   13     164   217     176   142   
91   4  47   94     112   216     165   47     177   62   
92   4  48   167     113   173     166   88     178   82   
93   4  49   126     114   177     167   116     179   123   
94   4  50   175     115   83     168   97     180   166   
95   4  34   83     116   12     169   136     181   235   
96   4  35   241     117   212     153   243     182   230   
97   4  36   43     118   17     154   198     183   254   
98   4  37   237     102   12     155   165     184   20   
99   4  38   137     103   231     156   141     185   135   
100   4  39   53     104   138     157   216     186   240   
101   4  40   117     105   95     158   132     170   164   
102   4  28   132     89   166     178   154     228   118   
103   4  29   75     90   30     179   174     229   97   
104   4  30   39     91   21     180   195     230   246   
105   4  31   228     92   204     181   61     231   86   
106   4  32   211     93   231     182   232     232   43   
107   4  33   131     94   202     183   143     233   20   
108   4  17   108     95   96     184   121     234   25   
109   4  18   196     96   152     185   191     235   50   
110   4  19   198     97   166     186   202     236   16   
111   4  20   6     98   39     170   141     237   77   
112   4  21   12     99   130     171   90     221   207   
113   4  22   62     100   241     172   54     222   37   
114   4  23   129     101   134     173   34     223   170   
115   4  24   242     85   45     174   86     224   226   
116   4  25   84     86   162     175   163     225   25   
117   4  26   11     87   3     176   80     226   123   
118   4  27   17     88   246     177   211     227   22   
*****1's_location/per_col****
0   120  0   1     119   69     120   65     121   206     122   72     123   233     124   253     125   90     126   176     127   111     128   180     129   18     130   66     131   206     132   104     133   69     134   155     135   161     136   75     137   167     138   107     139   20     140   209     141   247     142   241     143   218     144   198     145   5     146   99     147   56     148   222     149   122     150   105     151   181     152   68     153   250     154   237     155   124     156   59     157   19     158   104     159   175     160   175     161   170     162   248     163   89     164   206     165   200     166   205     167   145     168   111     169   147     170   54     171   37     172   195     173   136     174   130     175   121     176   209     177   39     178   71     179   75     180   188     181   119     182   156     183   204     184   20     185   254     186   155     187   89     188   221     189   106     190   149     191   151     192   195     193   153     194   123     195   146     196   223     197   251     198   119     199   153     200   112     201   185     202   104     203   179     204   223     205   53     206   213     207   155     208   236     209   86     210   146     211   249     212   148     213   97     214   65     215   47     216   192     217   132     218   118     219   255     220   254     221   213     222   32     223   96     224   103     225   76     226   223     227   75     228   208     229   68     230   74     231   80     232   195     233   202     234   173     235   110     236   82     237   198   
1   120  1   1     119   153     120   138     121   46     122   202     123   91     124   98     125   118     126   225     127   99     128   83     129   188     130   184     131   242     132   162     133   153     134   95     135   145     136   6     137   20     138   110     139   57     140   29     141   240     142   25     143   230     144   232     145   73     146   116     147   70     148   198     149   30     150   230     151   92     152   77     153   163     154   86     155   155     156   138     157   248     158   162     159   14     160   14     161   131     162   43     163   186     164   242     165   119     166   62     167   205     168   99     169   239     170   217     171   33     172   161     173   14     174   53     175   210     176   29     177   169     178   17     179   6     180   246     181   66     182   158     183   122     184   57     185   174     186   95     187   186     188   219     189   42     190   192     191   173     192   161     193   215     194   90     195   1     196   213     197   231     198   77     199   215     200   10     201   191     202   162     203   45     204   130     205   21     206   130     207   95     208   9     209   97     210   1     211   111     212   132     213   252     214   233     215   179     216   109     217   29     218   9     219   234     220   174     221   16     222   104     223   172     224   177     225   199     226   130     227   6     228   89     229   221     230   66     231   115     232   161     233   114     234   134     235   39     236   108     237   232   
2   120  2   1     119   28     120   134     121   107     122   250     123   18     124   210     125   71     126   69     127   106     128   187     129   217     130   58     131   137     132   177     133   28     134   200     135   181     136   181     137   149     138   161     139   192     140   132     141   178     142   94     143   104     144   75     145   48     146   42     147   150     148   212     149   81     150   74     151   29     152   15     153   155     154   217     155   113     156   134     157   27     158   177     159   30     160   30     161   151     162   225     163   87     164   223     165   255     166   207     167   168     168   106     169   91     170   61     171   38     172   100     173   30     174   145     175   65     176   132     177   205     178   247     179   183     180   5     181   76     182   29     183   52     184   192     185   194     186   200     187   87     188   80     189   62     190   99     191   23     192   229     193   35     194   170     195   184     196   78     197   237     198   234     199   35     200   196     201   240     202   177     203   85     204   47     205   45     206   47     207   227     208   17     209   248     210   184     211   25     212   152     213   193     214   236     215   2     216   116     217   132     218   32     219   57     220   194     221   79     222   22     223   175     224   187     225   146     226   47     227   183     228   127     229   231     230   76     231   37     232   233     233   157     234   94     235   145     236   204     237   84   
3   120  3   1     119   163     120   233     121   244     122   223     123   36     124   167     125   168     126   129     127   110     128   122     129   176     130   8     131   172     132   180     133   163     134   127     135   165     136   119     137   71     138   162     139   219     140   192     141   68     142   195     143   71     144   24     145   146     146   39     147   188     148   220     149   134     150   196     151   57     152   69     153   208     154   203     155   44     156   233     157   66     158   247     159   138     160   138     161   38     162   235     163   137     164   203     165   97     166   158     167   156     168   110     169   11     170   147     171   209     172   177     173   138     174   93     175   30     176   192     177   183     178   197     179   140     180   200     181   191     182   57     183   207     184   219     185   242     186   127     187   253     188   28     189   32     190   38     191   180     192   185     193   153     194   181     195   201     196   150     197   29     198   169     199   25     200   137     201   36     202   78     203   212     204   239     205   198     206   239     207   194     208   88     209   128     210   218     211   107     212   99     213   65     214   135     215   41     216   122     217   192     218   170     219   197     220   242     221   12     222   46     223   125     224   122     225   169     226   223     227   140     228   243     229   144     230   191     231   98     232   79     233   130     234   195     235   135     236   45     237   78   
4   120  4   1     119   147     120   45     121   8     122   199     123   158     124   192     125   123     126   132     127   249     128   4     129   38     130   192     131   8     132   70     133   47     134   124     135   195     136   188     137   175     138   167     139   167     140   210     141   46     142   250     143   6     144   93     145   141     146   214     147   134     148   239     149   204     150   178     151   98     152   54     153   79     154   58     155   128     156   45     157   126     158   32     159   108     160   108     161   119     162   29     163   68     164   8     165   113     166   145     167   161     168   249     169   232     170   41     171   87     172   62     173   108     174   107     175   13     176   40     177   110     178   170     179   60     180   18     181   174     182   98     183   90     184   14     185   88     186   124     187   208     188   61     189   39     190   119     191   76     192   254     193   217     194   110     195   10     196   81     197   37     198   99     199   40     200   68     201   71     202   222     203   215     204   125     205   130     206   125     207   226     208   19     209   206     210   191     211   206     212   65     213   86     214   212     215   255     216   4     217   157     218   75     219   170     220   138     221   160     222   183     223   76     224   4     225   99     226   139     227   151     228   64     229   1     230   174     231   89     232   198     233   172     234   168     235   212     236   202     237   222   
5   120  5   1     119   116     120   198     121   164     122   58     123   24     124   199     125   131     126   192     127   26     128   82     129   209     130   219     131   164     132   77     133   239     134   224     135   104     136   155     137   125     138   236     139   27     140   167     141   117     142   169     143   123     144   112     145   254     146   56     147   253     148   52     149   45     150   68     151   202     152   132     153   12     154   114     155   146     156   183     157   105     158   170     159   21     160   21     161   87     162   57     163   27     164   164     165   251     166   93     167   162     168   26     169   213     170   148     171   253     172   32     173   21     174   244     175   108     176   14     177   188     178   181     179   9     180   124     181   231     182   202     183   145     184   223     185   102     186   64     187   180     188   147     189   75     190   87     191   191     192   142     193   176     194   60     195   33     196   134     197   98     198   80     199   14     200   44     201   168     202   81     203   111     204   76     205   187     206   218     207   88     208   230     209   4     210   65     211   4     212   50     213   103     214   220     215   97     216   82     217   171     218   115     219   181     220   31     221   56     222   140     223   191     224   82     225   80     226   133     227   155     228   186     229   154     230   231     231   34     232   160     233   206     234   156     235   18     236   86     237   56   
6   120  6   1     119   221     120   136     121   254     122   224     123   138     124   186     125   216     126   79     127   238     128   127     129   17     130   248     131   254     132   107     133   7     134   42     135   17     136   228     137   98     138   111     139   48     140   94     141   239     142   137     143   206     144   21     145   12     146   132     147   171     148   219     149   121     150   212     151   205     152   240     153   69     154   113     155   91     156   175     157   207     158   223     159   253     160   253     161   133     162   182     163   220     164   254     165   246     166   250     167   82     168   238     169   217     170   247     171   90     172   14     173   253     174   229     175   87     176   33     177   116     178   244     179   191     180   80     181   180     182   205     183   13     184   48     185   190     186   50     187   249     188   49     189   199     190   133     191   34     192   25     193   193     194   76     195   60     196   194     197   118     198   27     199   33     200   75     201   74     202   41     203   1     204   89     205   137     206   202     207   150     208   134     209   200     210   46     211   65     212   109     213   195     214   102     215   32     216   127     217   237     218   67     219   73     220   20     221   138     222   125     223   34     224   127     225   27     226   194     227   228     228   214     229   237     230   180     231   106     232   54     233   5     234   122     235   99     236   51     237   132   
7   120  7   1     119   232     120   155     121   112     122   222     123   231     124   179     125   103     126   120     127   151     128   56     129   249     130   244     131   112     132   7     133   186     134   40     135   249     136   38     137   212     138   255     139   84     140   173     141   216     142   165     143   36     144   1     145   21     146   142     147   74     148   146     149   164     150   114     151   102     152   25     153   253     154   81     155   83     156   178     157   26     158   7     159   50     160   50     161   176     162   166     163   159     164   112     165   157     166   136     167   2     168   183     169   89     170   214     171   109     172   105     173   50     174   24     175   70     176   173     177   151     178   225     179   38     180   252     181   218     182   102     183   43     184   84     185   75     186   40     187   202     188   106     189   92     190   176     191   239     192   20     193   115     194   29     195   65     196   49     197   94     198   104     199   173     200   148     201   170     202   7     203   62     204   47     205   165     206   27     207   53     208   242     209   160     210   250     211   5     212   23     213   15     214   12     215   147     216   56     217   245     218   121     219   232     220   75     221   231     222   70     223   239     224   56     225   104     226   49     227   38     228   14     229   25     230   51     231   57     232   208     233   198     234   254     235   234     236   22     237   1   
8   120  8   1     119   169     120   170     121   188     122   110     123   167     124   106     125   251     126   112     127   117     128   235     129   187     130   134     131   188     132   194     133   49     134   219     135   201     136   66     137   145     138   238     139   205     140   118     141   130     142   218     143   113     144   151     145   116     146   197     147   209     148   234     149   87     150   232     151   108     152   222     153   221     154   60     155   15     156   253     157   122     158   194     159   186     160   161     161   206     162   30     163   215     164   188     165   228     166   144     167   51     168   117     169   240     170   162     171   216     172   98     173   161     174   73     175   123     176   118     177   27     178   242     179   66     180   192     181   8     182   108     183   127     184   205     185   70     186   219     187   141     188   198     189   1     190   168     191   107     192   227     193   24     194   184     195   31     196   5     197   50     198   8     199   118     200   191     201   180     202   194     203   92     204   5     205   186     206   237     207   219     208   211     209   75     210   31     211   241     212   71     213   6     214   170     215   48     216   94     217   17     218   231     219   169     220   70     221   237     222   123     223   233     224   94     225   245     226   5     227   66     228   153     229   222     230   173     231   19     232   247     233   39     234   121     235   154     236   208     237   151   
9   120  9   1     119   178     120   49     121   45     122   195     123   235     124   94     125   58     126   247     127   10     128   113     129   249     130   23     131   34     132   175     133   178     134   166     135   40     136   229     137   100     138   137     139   181     140   170     141   138     142   231     143   70     144   57     145   106     146   146     147   65     148   20     149   86     150   70     151   157     152   91     153   251     154   104     155   26     156   103     157   16     158   175     159   127     160   127     161   21     162   52     163   28     164   34     165   110     166   4     167   114     168   10     169   136     170   22     171   6     172   83     173   182     174   98     175   112     176   170     177   201     178   125     179   229     180   111     181   12     182   3     183   237     184   181     185   120     186   166     187   28     188   50     189   96     190   241     191   132     192   83     193   105     194   191     195   84     196   193     197   18     198   39     199   105     200   130     201   5     202   175     203   209     204   253     205   48     206   41     207   166     208   206     209   162     210   84     211   221     212   24     213   93     214   109     215   210     216   117     217   46     218   206     219   145     220   120     221   41     222   108     223   180     224   122     225   64     226   253     227   229     228   67     229   91     230   12     231   35     232   83     233   161     234   176     235   227     236   33     237   57   
10   120  10   1     119   42     120   212     121   221     122   110     123   63     124   2     125   100     126   99     127   139     128   3     129   148     130   83     131   157     132   24     133   42     134   33     135   22     136   17     137   102     138   32     139   61     140   211     141   146     142   205     143   140     144   118     145   72     146   107     147   236     148   11     149   85     150   251     151   167     152   86     153   115     154   148     155   37     156   212     157   174     158   24     159   45     160   45     161   97     162   74     163   92     164   157     165   237     166   165     167   177     168   139     169   78     170   215     171   121     172   158     173   45     174   31     175   109     176   211     177   162     178   241     179   17     180   131     181   242     182   167     183   70     184   61     185   58     186   33     187   92     188   216     189   195     190   26     191   188     192   206     193   250     194   182     195   137     196   245     197   210     198   86     199   250     200   51     201   203     202   24     203   91     204   232     205   239     206   232     207   33     208   181     209   105     210   137     211   169     212   249     213   176     214   95     215   7     216   166     217   211     218   181     219   217     220   58     221   120     222   49     223   53     224   230     225   226     226   232     227   17     228   48     229   201     230   242     231   243     232   220     233   122     234   246     235   104     236   47     237   214   
11   120  11   1     119   189     120   29     121   27     122   146     123   125     124   9     125   191     126   46     127   221     128   131     129   32     130   117     131   11     132   108     133   189     134   26     135   83     136   83     137   182     138   144     139   100     140   140     141   59     142   251     143   76     144   159     145   179     146   10     147   225     148   167     149   237     150   56     151   123     152   22     153   102     154   142     155   8     156   29     157   213     158   108     159   44     160   44     161   39     162   71     163   67     164   142     165   107     166   114     167   40     168   221     169   2     170   158     171   75     172   13     173   44     174   137     175   17     176   140     177   227     178   21     179   194     180   249     181   150     182   123     183   58     184   100     185   245     186   26     187   67     188   43     189   201     190   101     191   148     192   120     193   177     194   185     195   212     196   7     197   6     198   146     199   178     200   91     201   125     202   108     203   210     204   243     205   98     206   243     207   214     208   58     209   3     210   73     211   68     212   49     213   162     214   192     215   145     216   131     217   140     218   229     219   161     220   245     221   193     222   82     223   64     224   131     225   222     226   208     227   194     228   216     229   233     230   150     231   28     232   57     233   89     234   251     235   137     236   37     237   20   
12   120  12   1     119   154     120   193     121   96     122   77     123   3     124   105     125   14     126   126     127   88     128   48     129   181     130   105     131   96     132   15     133   154     134   42     135   125     136   67     137   40     138   58     139   247     140   177     141   213     142   76     143   40     144   187     145   18     146   129     147   102     148   176     149   57     150   11     151   162     152   117     153   99     154   37     155   78     156   193     157   50     158   157     159   234     160   234     161   94     162   156     163   23     164   37     165   118     166   130     167   223     168   88     169   148     170   241     171   195     172   21     173   234     174   206     175   92     176   177     177   242     178   171     179   13     180   216     181   155     182   162     183   159     184   72     185   135     186   42     187   169     188   1     189   185     190   94     191   15     192   124     193   197     194   242     195   120     196   235     197   161     198   174     199   253     200   23     201   3     202   225     203   217     204   38     205   86     206   38     207   236     208   212     209   222     210   87     211   33     212   43     213   207     214   153     215   112     216   48     217   210     218   83     219   171     220   135     221   211     222   55     223   119     224   48     225   174     226   77     227   170     228   39     229   12     230   155     231   139     232   65     233   131     234   179     235   153     236   202     237   225   
13   120  13   1     119   239     120   62     121   134     122   249     123   243     124   204     125   141     126   203     127   160     128   67     129   206     130   204     131   134     132   226     133   145     134   178     135   186     136   126     137   25     138   159     139   159     140   114     141   72     142   214     143   236     144   73     145   148     146   170     147   96     148   93     149   9     150   20     151   201     152   223     153   247     154   26     155   136     156   208     157   29     158   34     159   163     160   163     161   66     162   13     163   7     164   134     165   174     166   64     167   115     168   160     169   104     170   125     171   96     172   89     173   163     174   150     175   28     176   164     177   12     178   131     179   246     180   190     181   192     182   201     183   124     184   106     185   30     186   178     187   221     188   47     189   23     190   66     191   129     192   149     193   130     194   12     195   254     196   140     197   184     198   16     199   164     200   174     201   113     202   183     203   232     204   107     205   39     206   107     207   65     208   103     209   166     210   8     211   166     212   168     213   185     214   158     215   76     216   67     217   133     218   189     219   131     220   161     221   170     222   142     223   129     224   67     225   16     226   120     227   172     228   128     229   217     230   192     231   10     232   32     233   111     234   44     235   241     236   229     237   183   
14   120  14   1     119   4     120   228     121   21     122   2     123   180     124   103     125   22     126   87     127   175     128   132     129   146     130   229     131   21     132   158     133   216     134   100     135   134     136   162     137   235     138   62     139   44     140   141     141   135     142   204     143   198     144   50     145   253     146   25     147   245     148   244     149   116     150   113     151   190     152   184     153   90     154   41     155   77     156   85     157   238     158   84     159   109     160   109     161   49     162   154     163   44     164   21     165   72     166   70     167   56     168   175     169   164     170   96     171   101     172   173     173   109     174   138     175   176     176   65     177   161     178   78     179   239     180   104     181   202     182   190     183   213     184   211     185   199     186   131     187   205     188   206     189   179     190   49     191   57     192   207     193   251     194   47     195   46     196   59     197   241     198   159     199   65     200   247     201   223     202   28     203   40     204   29     205   15     206   102     207   243     208   73     209   54     210   196     211   54     212   110     213   19     214   75     215   105     216   132     217   215     218   170     219   167     220   26     221   25     222   212     223   57     224   132     225   159     226   59     227   162     228   140     229   215     230   202     231   182     232   35     233   136     234   12     235   195     236   171     237   25   
15   120  15   1     119   134     120   71     121   11     122   67     123   237     124   166     125   154     126   192     127   230     128   139     129   108     130   232     131   11     132   251     133   182     134   225     135   108     136   10     137   60     138   178     139   75     140   172     141   103     142   18     143   64     144   37     145   219     146   156     147   202     148   87     149   55     150   65     151   191     152   122     153   248     154   250     155   176     156   131     157   21     158   251     159   244     160   244     161   201     162   125     163   211     164   11     165   153     166   66     167   119     168   50     169   207     170   118     171   229     172   113     173   244     174   95     175   107     176   39     177   230     178   51     179   186     180   221     181   215     182   191     183   142     184   75     185   239     186   225     187   189     188   30     189   135     190   201     191   216     192   254     193   100     194   63     195   144     196   155     197   52     198   84     199   39     200   137     201   220     202   251     203   85     204   26     205   18     206   9     207   15     208   54     209   163     210   3     211   177     212   24     213   206     214   161     215   114     216   139     217   205     218   27     219   35     220   239     221   237     222   33     223   216     224   139     225   84     226   155     227   10     228   235     229   205     230   209     231   174     232   168     233   28     234   151     235   105     236   180     237   37   
16   120  16   1     119   89     120   209     121   154     122   64     123   3     124   124     125   80     126   234     127   153     128   160     129   183     130   241     131   154     132   42     133   2     134   173     135   67     136   249     137   44     138   147     139   127     140   200     141   100     142   184     143   229     144   14     145   214     146   7     147   203     148   175     149   58     150   177     151   94     152   158     153   143     154   73     155   85     156   114     157   140     158   42     159   184     160   33     161   110     162   170     163   233     164   154     165   245     166   35     167   28     168   68     169   57     170   48     171   188     172   4     173   33     174   144     175   131     176   200     177   153     178   39     179   249     180   129     181   120     182   94     183   191     184   127     185   197     186   173     187   152     188   22     189   15     190   110     191   115     192   216     193   136     194   166     195   169     196   51     197   19     198   120     199   200     200   139     201   226     202   42     203   83     204   51     205   184     206   130     207   11     208   213     209   142     210   165     211   54     212   202     213   90     214   72     215   13     216   77     217   255     218   228     219   89     220   197     221   130     222   131     223   115     224   77     225   10     226   51     227   249     228   84     229   158     230   47     231   225     232   20     233   208     234   157     235   69     236   196     237   14   
17   120  17   1     119   229     120   153     121   40     122   252     123   70     124   24     125   138     126   174     127   58     128   20     129   190     130   231     131   119     132   67     133   229     134   145     135   232     136   118     137   30     138   157     139   1     140   189     141   150     142   53     143   30     144   52     145   245     146   206     147   164     148   116     149   219     150   64     151   247     152   238     153   110     154   210     155   152     156   153     157   155     158   160     159   193     160   193     161   182     162   105     163   73     164   210     165   168     166   239     167   31     168   58     169   111     170   141     171   22     172   198     173   193     174   218     175   57     176   189     177   203     178   56     179   204     180   90     181   44     182   247     183   47     184   154     185   37     186   145     187   183     188   201     189   187     190   182     191   67     192   33     193   154     194   59     195   34     196   8     197   177     198   242     199   76     200   73     201   70     202   129     203   147     204   148     205   176     206   148     207   77     208   95     209   214     210   121     211   191     212   88     213   19     214   163     215   36     216   20     217   211     218   122     219   56     220   37     221   26     222   81     223   97     224   20     225   242     226   252     227   204     228   93     229   5     230   44     231   32     232   249     233   38     234   50     235   163     236   217     237   129   
18   120  18   1     119   145     120   95     121   140     122   198     123   196     124   60     125   43     126   110     127   32     128   70     129   111     130   60     131   140     132   113     133   124     134   209     135   128     136   237     137   84     138   216     139   216     140   26     141   227     142   156     143   101     144   68     145   125     146   92     147   77     148   64     149   246     150   4     151   61     152   106     153   98     154   160     155   40     156   144     157   242     158   10     159   212     160   212     161   225     162   80     163   82     164   140     165   132     166   178     167   189     168   32     169   186     170   25     171   235     172   230     173   212     174   46     175   85     176   134     177   247     178   141     179   197     180   38     181   203     182   61     183   190     184   233     185   102     186   209     187   57     188   90     189   240     190   225     191   222     192   218     193   42     194   247     195   175     196   142     197   211     198   162     199   134     200   82     201   238     202   208     203   195     204   78     205   11     206   78     207   21     208   185     209   213     210   81     211   213     212   139     213   116     214   127     215   69     216   70     217   120     218   210     219   141     220   135     221   34     222   221     223   222     224   70     225   162     226   24     227   215     228   20     229   159     230   203     231   2     232   89     233   232     234   174     235   151     236   147     237   208   
19   120  19   1     119   115     120   105     121   119     122   183     123   219     124   205     125   21     126   150     127   142     128   181     129   160     130   188     131   119     132   53     133   189     134   175     135   2     136   206     137   158     138   76     139   42     140   134     141   215     142   48     143   97     144   217     145   139     146   226     147   122     148   1     149   126     150   216     151   138     152   78     153   227     154   140     155   35     156   20     157   219     158   193     159   156     160   156     161   187     162   70     163   42     164   119     165   133     166   167     167   136     168   142     169   10     170   220     171   122     172   57     173   156     174   151     175   168     176   182     177   172     178   65     179   237     180   58     181   244     182   138     183   210     184   22     185   180     186   180     187   229     188   135     189   202     190   187     191   93     192   82     193   79     194   72     195   157     196   27     197   30     198   224     199   182     200   218     201   148     202   68     203   89     204   145     205   247     206   24     207   169     208   80     209   170     210   214     211   170     212   254     213   16     214   231     215   239     216   181     217   101     218   40     219   104     220   128     221   226     222   7     223   93     224   181     225   224     226   234     227   206     228   83     229   106     230   244     231   108     232   221     233   32     234   149     235   199     236   253     237   226   
20   120  20   1     119   183     120   186     121   181     122   213     123   227     124   232     125   167     126   223     127   71     128   212     129   80     130   94     131   181     132   148     133   73     134   217     135   80     136   103     137   79     138   38     139   11     140   143     141   229     142   24     143   190     144   226     145   203     146   113     147   184     148   92     149   63     150   108     151   69     152   39     153   255     154   70     155   159     156   10     157   28     158   67     159   78     160   78     161   211     162   35     163   21     164   181     165   204     166   7     167   68     168   71     169   5     170   221     171   61     172   146     173   78     174   197     175   84     176   91     177   86     178   149     179   248     180   29     181   122     182   69     183   105     184   11     185   90     186   82     187   252     188   169     189   101     190   211     191   160     192   41     193   142     194   36     195   192     196   117     197   15     198   112     199   91     200   109     201   207     202   34     203   162     204   198     205   24     206   12     207   218     208   40     209   85     210   107     211   77     212   127     213   215     214   253     215   249     216   212     217   188     218   20     219   52     220   90     221   227     222   141     223   160     224   212     225   112     226   117     227   103     228   53     229   188     230   122     231   54     232   224     233   16     234   196     235   237     236   240     237   226   
21   119  21   1     119   222     120   135     121   71     122   31     123   184     124   138     125   209     126   23     127   255     128   173     129   116     130   6     131   71     132   54     133   208     134   13     135   116     136   97     137   91     138   72     139   50     140   70     141   35     142   22     143   117     144   10     145   130     146   5     147   254     148   221     149   28     150   83     151   219     152   250     153   92     154   16     155   4     156   128     157   228     158   54     160   233     161   148     162   8     163   175     164   71     165   187     166   57     167   20     168   162     169   64     170   79     171   22     172   189     173   233     174   240     175   134     176   70     177   255     178   132     179   97     180   86     181   55     182   219     183   19     184   50     185   244     186   13     187   151     188   163     189   98     190   148     191   232     192   136     193   89     194   210     195   176     196   247     197   118     198   183     199   70     200   225     201   112     202   54     203   145     204   247     205   22     206   238     207   223     208   58     209   52     210   106     211   34     212   150     213   102     214   120     215   215     216   173     217   12     218   29     219   222     220   244     221   238     222   134     223   232     224   173     225   183     226   247     227   97     228   108     229   250     230   227     231   167     232   115     233   239     234   66     235   202     236   156     237   10   
22   120  22   1     119   42     120   183     121   120     122   25     123   121     124   35     125   88     126   162     127   24     128   176     129   223     130   52     131   120     132   137     133   165     134   149     135   96     136   154     137   123     138   10     139   90     140   133     141   14     142   21     143   34     144   92     145   152     146   46     147   252     148   48     149   200     150   45     151   4     152   47     153   178     154   107     155   211     156   127     157   203     158   137     159   95     160   169     161   199     162   187     163   219     164   120     165   99     166   251     167   184     168   24     169   177     170   195     171   8     172   254     173   94     174   115     175   75     176   133     177   1     178   172     179   154     180   148     181   116     182   4     183   113     184   90     185   160     186   149     187   221     188   179     189   128     190   170     191   163     192   196     193   156     194   66     195   59     196   186     197   56     198   116     199   133     200   229     201   12     202   137     203   33     204   186     205   64     206   151     207   149     208   225     209   110     210   59     211   49     212   32     213   39     214   183     215   37     216   60     217   104     218   254     219   42     220   160     221   151     222   144     223   173     224   60     225   11     226   186     227   154     228   15     229   47     230   16     231   117     232   22     233   106     234   86     235   146     236   124     237   92   
23   120  23   1     119   160     120   3     121   237     122   185     123   240     124   229     125   208     126   30     127   85     128   25     129   105     130   61     131   28     132   200     133   160     134   10     135   73     136   135     137   53     138   246     139   21     140   108     141   97     142   150     143   41     144   71     145   66     146   173     147   156     148   170     149   161     150   41     151   92     152   65     153   120     154   83     155   221     156   162     157   136     158   200     159   110     160   110     161   125     162   167     163   238     164   28     165   96     166   34     167   142     168   85     169   112     170   187     171   51     172   5     173   120     174   6     175   159     176   108     177   236     178   127     179   135     180   230     181   102     182   151     183   195     184   21     185   219     186   10     187   238     188   148     189   23     190   45     191   22     192   5     193   213     194   64     195   176     196   168     197   153     198   184     199   213     200   37     201   164     202   200     203   32     204   75     205   133     206   75     207   10     208   89     209   40     210   176     211   70     212   204     213   114     214   247     215   183     216   59     217   122     218   89     219   58     220   219     221   207     222   113     223   166     224   202     225   26     226   75     227   135     228   141     229   65     230   102     231   154     232   5     233   191     234   177     235   180     236   139     237   71   
24   120  24   1     119   103     120   58     121   123     122   57     123   218     124   18     125   99     126   92     127   167     128   27     129   64     130   241     131   1     132   216     133   103     134   52     135   166     136   153     137   113     138   61     139   200     140   5     141   118     142   235     143   152     144   225     145   50     146   20     147   223     148   83     149   199     150   112     151   246     152   220     153   204     154   64     155   16     156   58     157   183     158   216     159   88     160   88     161   78     162   16     163   134     164   1     165   214     166   228     167   80     168   167     169   4     170   33     171   150     172   26     173   88     174   167     175   34     176   5     177   219     178   42     179   153     180   239     181   49     182   246     183   76     184   200     185   247     186   52     187   134     188   86     189   149     190   202     191   53     192   240     193   121     194   111     195   181     196   14     197   12     198   220     199   121     200   182     201   221     202   216     203   185     204   251     205   196     206   251     207   177     208   116     209   6     210   181     211   136     212   98     213   89     214   157     215   63     216   255     217   5     218   116     219   95     220   247     221   159     222   164     223   128     224   27     225   161     226   251     227   153     228   173     229   207     230   49     231   56     232   114     233   141     234   21     235   15     236   74     237   40   
25   120  25   1     119   84     120   181     121   12     122   220     123   234     124   4     125   200     126   198     127   11     128   6     129   53     130   160     131   152     132   48     133   84     134   66     135   44     136   44     137   204     138   64     139   122     140   187     141   57     142   135     143   5     144   253     145   167     146   214     147   197     148   22     149   170     150   235     151   83     152   45     153   230     154   39     155   74     156   181     157   65     158   48     159   90     160   90     161   194     162   157     163   219     164   39     165   199     166   87     167   127     168   11     169   156     170   179     171   242     172   33     173   90     174   208     175   58     176   187     177   89     178   255     179   34     180   27     181   249     182   83     183   119     184   122     185   116     186   66     187   184     188   173     189   186     190   52     191   101     192   129     193   59     194   113     195   15     196   247     197   185     198   220     199   233     200   102     201   234     202   48     203   182     204   205     205   195     206   205     207   147     208   148     209   210     210   110     211   79     212   239     213   125     214   190     215   14     216   6     217   187     218   224     219   175     220   116     221   240     222   98     223   106     224   6     225   220     226   42     227   34     228   96     229   143     230   249     231   251     232   165     233   250     234   135     235   208     236   94     237   177   
26   120  26   1     119   74     120   65     121   227     122   37     123   179     124   221     125   223     126   105     127   184     128   255     129   165     130   221     131   227     132   69     133   74     134   39     135   218     136   250     137   14     138   114     139   197     140   247     141   70     142   191     143   14     144   122     145   124     146   8     147   152     148   109     149   193     150   23     151   17     152   126     153   80     154   98     155   150     156   65     157   214     158   171     159   252     160   252     161   195     162   49     163   180     164   15     165   205     166   187     167   203     168   184     169   149     170   190     171   104     172   157     173   252     174   4     175   234     176   75     177   13     178   47     179   108     180   42     181   208     182   17     183   130     184   237     185   115     186   39     187   6     188   154     189   83     190   195     191   69     192   64     193   19     194   13     195   18     196   102     197   162     198   231     199   72     200   180     201   179     202   235     203   176     204   209     205   103     206   209     207   135     208   220     209   48     210   253     211   48     212   189     213   158     214   249     215   182     216   255     217   167     218   175     219   47     220   115     221   61     222   30     223   87     224   255     225   231     226   114     227   181     228   75     229   246     230   208     231   133     232   211     233   33     234   222     235   249     236   86     237   235   
27   120  27   1     119   106     120   50     121   75     122   53     123   105     124   166     125   234     126   111     127   169     128   171     129   65     130   166     131   75     132   255     133   233     134   37     135   158     136   131     137   45     138   102     139   102     140   235     141   10     142   145     143   112     144   247     145   199     146   245     147   103     148   79     149   70     150   184     151   136     152   215     153   186     154   55     155   196     156   165     157   254     158   49     159   179     160   179     161   86     162   149     163   201     164   75     165   59     166   177     167   22     168   169     169   220     170   153     171   103     172   156     173   179     174   32     175   3     176   122     177   227     178   101     179   71     180   77     181   206     182   136     183   100     184   59     185   228     186   37     187   48     188   164     189   162     190   86     191   130     192   58     193   152     194   104     195   252     196   23     197   121     198   107     199   122     200   38     201   241     202   11     203   163     204   198     205   31     206   198     207   76     208   174     209   157     210   69     211   157     212   18     213   132     214   155     215   217     216   171     217   81     218   87     219   101     220   84     221   245     222   240     223   130     224   171     225   107     226   183     227   131     228   127     229   227     230   206     231   92     232   214     233   21     234   190     235   142     236   54     237   11   
28   120  28   1     119   88     120   132     121   51     122   44     123   16     124   113     125   9     126   246     127   231     128   151     129   158     130   146     131   51     132   118     133   235     134   75     135   187     136   25     137   86     138   67     139   18     140   49     141   173     142   206     143   82     144   171     145   95     146   219     147   239     148   249     149   54     150   120     151   140     152   248     153   8     154   92     155   23     156   218     157   24     158   204     159   237     160   237     161   145     162   46     163   18     164   51     165   89     166   84     167   55     168   231     169   109     170   19     171   93     172   203     173   237     174   83     175   72     176   255     177   35     178   109     179   14     180   163     181   186     182   140     183   21     184   97     185   68     186   245     187   216     188   226     189   114     190   145     191   33     192   244     193   43     194   40     195   62     196   13     197   183     198   96     199   255     200   195     201   137     202   149     203   74     204   131     205   210     206   103     207   155     208   79     209   243     210   126     211   61     212   215     213   71     214   99     215   181     216   151     217   57     218   169     219   87     220   225     221   219     222   3     223   33     224   151     225   96     226   13     227   25     228   236     229   57     230   186     231   60     232   192     233   127     234   232     235   28     236   191     237   219   
29   120  29   1     119   187     120   139     121   138     122   211     123   34     124   65     125   46     126   38     127   168     128   69     129   251     130   108     131   138     132   43     133   60     134   202     135   251     136   156     137   111     138   100     139   99     140   221     141   113     142   81     143   233     144   180     145   209     146   90     147   186     148   246     149   229     150   255     151   154     152   242     153   17     154   61     155   72     156   245     157   51     158   43     159   249     160   249     161   128     162   144     163   97     164   138     165   20     166   197     167   39     168   171     169   244     170   26     171   146     172   120     173   249     174   70     175   153     176   152     177   168     178   189     179   60     180   165     181   57     182   154     183   11     184   99     185   14     186   202     187   182     188   185     189   173     190   128     191   235     192   101     193   75     194   85     195   178     196   56     197   223     198   204     199   152     200   105     201   179     202   43     203   218     204   225     205   81     206   166     207   210     208   243     209   15     210   58     211   94     212   164     213   226     214   35     215   66     216   69     217   216     218   247     219   192     220   14     221   34     222   236     223   235     224   69     225   204     226   56     227   156     228   86     229   242     230   77     231   241     232   133     233   149     234   208     235   181     236   16     237   180   
30   120  30   1     119   105     120   58     121   54     122   189     123   133     124   43     125   213     126   51     127   179     128   183     129   64     130   234     131   54     132   233     133   13     134   17     135   56     136   222     137   254     138   138     139   174     140   238     141   119     142   235     143   152     144   35     145   165     146   159     147   107     148   28     149   129     150   87     151   246     152   44     153   204     154   1     155   71     156   8     157   73     158   233     159   235     160   88     161   78     162   142     163   182     164   54     165   240     166   85     167   70     168   171     169   4     170   184     171   241     172   26     173   88     174   15     175   226     176   238     177   179     178   79     179   222     180   43     181   49     182   246     183   116     184   174     185   72     186   17     187   59     188   127     189   171     190   78     191   128     192   134     193   83     194   160     195   11     196   61     197   237     198   49     199   238     200   214     201   7     202   233     203   80     204   61     205   235     206   106     207   177     208   32     209   68     210   37     211   175     212   227     213   221     214   137     215   166     216   27     217   201     218   16     219   105     220   72     221   106     222   226     223   128     224   27     225   57     226   61     227   222     228   207     229   44     230   255     231   130     232   114     233   178     234   169     235   47     236   192     237   35   
31   120  31   1     119   128     120   247     121   73     122   205     123   192     124   118     125   185     126   24     127   68     128   111     129   116     130   150     131   73     132   82     133   128     134   8     135   13     136   172     137   207     138   51     139   182     140   112     141   45     142   239     143   255     144   167     145   163     146   221     147   176     148   136     149   38     150   134     151   187     152   84     153   96     154   183     155   228     156   209     157   160     158   82     159   33     160   33     161   130     162   213     163   216     164   73     165   139     166   40     167   83     168   68     169   195     170   156     171   60     172   4     173   168     174   243     175   71     176   112     177   137     178   53     179   172     180   129     181   14     182   30     183   252     184   182     185   23     186   8     187   216     188   233     189   231     190   36     191   145     192   4     193   189     194   242     195   50     196   92     197   180     198   107     199   189     200   125     201   34     202   82     203   121     204   92     205   253     206   7     207   8     208   99     209   32     210   50     211   1     212   240     213   104     214   149     215   103     216   101     217   49     218   191     219   195     220   23     221   7     222   159     223   188     224   170     225   186     226   92     227   172     228   164     229   84     230   120     231   67     232   4     233   62     234   148     235   144     236   87     237   167   
32   120  32   1     119   66     120   148     121   56     122   168     123   99     124   71     125   130     126   230     127   251     128   234     129   42     130   224     131   48     132   3     133   66     134   169     135   203     136   175     137   197     138   4     139   36     140   240     141   85     142   58     143   245     144   211     145   9     146   231     147   147     148   235     149   41     150   245     151   112     152   195     153   82     154   156     155   39     156   148     157   220     158   3     159   38     160   38     161   161     162   78     163   133     164   48     165   62     166   55     167   187     168   251     169   192     170   126     171   162     172   218     173   38     174   103     175   46     176   240     177   83     178   179     179   175     180   250     181   89     182   196     183   193     184   36     185   64     186   169     187   133     188   27     189   242     190   68     191   153     192   218     193   88     194   223     195   188     196   61     197   73     198   195     199   88     200   236     201   243     202   3     203   225     204   29     205   121     206   29     207   169     208   53     209   158     210   188     211   184     212   178     213   22     214   111     215   100     216   221     217   240     218   53     219   182     220   64     221   15     222   171     223   37     224   213     225   87     226   29     227   175     228   6     229   180     230   89     231   244     232   149     233   72     234   215     235   13     236   97     237   211   
33   120  33   1     119   16     120   183     121   84     122   70     123   24     124   199     125   186     126   3     127   134     128   42     129   114     130   153     131   109     132   77     133   16     134   1     135   34     136   34     137   125     138   236     139   223     140   14     141   38     142   23     143   63     144   11     145   254     146   56     147   22     148   17     149   205     150   217     151   194     152   218     153   117     154   199     155   146     156   183     157   20     158   77     159   169     160   169     161   196     162   82     163   27     164   164     165   251     166   5     167   224     168   134     169   170     170   157     171   137     172   142     173   169     174   18     175   108     176   14     177   188     178   37     179   155     180   189     181   15     182   194     183   12     184   223     185   102     186   1     187   27     188   31     189   246     190   138     191   165     192   61     193   52     194   89     195   65     196   182     197   227     198   231     199   52     200   176     201   33     202   77     203   162     204   133     205   60     206   133     207   235     208   115     209   255     210   65     211   173     212   30     213   13     214   49     215   185     216   42     217   14     218   95     219   242     220   102     221   100     222   119     223   228     224   42     225   121     226   133     227   155     228   154     229   132     230   15     231   226     232   140     233   26     234   23     235   18     236   110     237   112   
34   120  34   1     119   215     120   132     121   247     122   255     123   50     124   48     125   9     126   65     127   116     128   18     129   246     130   254     131   185     132   93     133   215     134   63     135   205     136   133     137   57     138   39     139   2     140   103     141   49     142   197     143   128     144   31     145   142     146   129     147   85     148   232     149   171     150   128     151   207     152   10     153   25     154   97     155   95     156   47     157   43     158   93     159   159     160   159     161   17     162   190     163   115     164   185     165   77     166   195     167   62     168   116     169   151     170   7     171   44     172   145     173   20     174   21     175   209     176   103     177   139     178   112     179   133     180   180     181   104     182   22     183   30     184   2     185   74     186   63     187   115     188   146     189   250     190   109     191   134     192   145     193   152     194   118     195   68     196   53     197   196     198   131     199   152     200   170     201   58     202   93     203   59     204   53     205   125     206   52     207   63     208   94     209   252     210   68     211   99     212   176     213   38     214   91     215   45     216   235     217   225     218   94     219   151     220   74     221   52     222   162     223   251     224   210     225   172     226   53     227   133     228   186     229   10     230   88     231   64     232   145     233   234     234   56     235   169     236   175     237   31   
35   120  35   1     119   26     120   16     121   126     122   164     123   23     124   86     125   183     126   102     127   28     128   125     129   208     130   229     131   108     132   207     133   26     134   34     135   112     136   161     137   225     138   9     139   65     140   193     141   248     142   244     143   141     144   107     145   87     146   35     147   214     148   56     149   31     150   141     151   252     152   98     153   62     154   2     155   142     156   16     157   146     158   207     159   203     160   203     161   48     162   1     163   113     164   108     165   253     166   170     167   140     168   28     169   173     170   109     171   255     172   17     173   203     174   30     175   217     176   193     177   123     178   158     179   161     180   89     181   227     182   164     183   232     184   65     185   144     186   34     187   113     188   249     189   75     190   153     191   78     192   137     193   166     194   93     195   74     196   50     197   199     198   98     199   166     200   254     201   14     202   207     203   160     204   122     205   171     206   122     207   34     208   32     209   117     210   74     211   67     212   219     213   167     214   12     215   209     216   215     217   193     218   32     219   210     220   144     221   212     222   168     223   4     224   197     225   114     226   122     227   161     228   131     229   88     230   227     231   200     232   85     233   130     234   79     235   94     236   157     237   70   
36   120  36   1     119   181     120   200     121   49     122   177     123   227     124   228     125   226     126   161     127   158     128   150     129   25     130   52     131   179     132   196     133   181     134   148     135   66     136   66     137   6     138   230     139   133     140   139     141   40     142   126     143   221     144   117     145   13     146   22     147   234     148   33     149   5     150   218     151   26     152   123     153   210     154   228     155   65     156   200     157   223     158   196     159   246     160   246     161   69     162   110     163   192     164   220     165   152     166   254     167   88     168   158     169   87     170   94     171   129     172   74     173   246     174   128     175   39     176   139     177   189     178   137     179   1     180   41     181   31     182   26     183   190     184   133     185   198     186   148     187   192     188   170     189   178     190   32     191   72     192   232     193   90     194   27     195   122     196   92     197   249     198   147     199   168     200   3     201   227     202   196     203   131     204   63     205   124     206   63     207   45     208   141     209   242     210   214     211   156     212   62     213   42     214   86     215   67     216   150     217   139     218   68     219   216     220   198     221   243     222   231     223   50     224   150     225   108     226   63     227   1     228   149     229   171     230   31     231   109     232   127     233   84     234   126     235   128     236   18     237   44   
37   120  37   1     119   66     120   148     121   201     122   33     123   45     124   10     125   130     126   230     127   251     128   234     129   156     130   10     131   135     132   153     133   66     134   169     135   203     136   163     137   159     138   4     139   36     140   240     141   85     142   58     143   159     144   30     145   56     146   26     147   147     148   235     149   41     150   245     151   112     152   19     153   228     154   48     155   176     156   148     157   220     158   3     159   38     160   38     161   161     162   24     163   236     164   48     165   62     166   55     167   187     168   251     169   192     170   126     171   162     172   218     173   38     174   13     175   151     176   240     177   83     178   179     179   175     180   250     181   89     182   112     183   53     184   248     185   64     186   169     187   133     188   27     189   40     190   161     191   153     192   208     193   248     194   83     195   188     196   61     197   93     198   196     199   88     200   236     201   45     202   211     203   225     204   29     205   121     206   29     207   124     208   78     209   160     210   98     211   92     212   178     213   22     214   111     215   100     216   234     217   20     218   14     219   179     220   64     221   15     222   171     223   37     224   234     225   196     226   33     227   175     228   6     229   180     230   89     231   244     232   149     233   44     234   198     235   111     236   97     237   211   
38   120  38   1     119   137     120   61     121   242     122   202     123   91     124   88     125   93     126   226     127   229     128   121     129   36     130   88     131   242     132   8     133   143     134   94     135   179     136   6     137   20     138   230     139   230     140   19     141   214     142   14     143   203     144   232     145   73     146   106     147   168     148   215     149   211     150   63     151   158     152   221     153   163     154   86     155   155     156   79     157   236     158   239     159   167     160   167     161   71     162   43     163   186     164   242     165   140     166   59     167   45     168   229     169   69     170   68     171   168     172   47     173   167     174   53     175   210     176   29     177   21     178   52     179   157     180   75     181   77     182   158     183   122     184   57     185   156     186   94     187   161     188   196     189   125     190   71     191   72     192   119     193   10     194   21     195   112     196   99     197   207     198   199     199   29     200   186     201   81     202   152     203   51     204   7     205   41     206   7     207   5     208   18     209   97     210   237     211   97     212   8     213   241     214   216     215   46     216   121     217   176     218   9     219   52     220   219     221   116     222   31     223   72     224   121     225   199     226   130     227   240     228   195     229   89     230   77     231   145     232   147     233   255     234   134     235   39     236   24     237   152   
39   120  39   1     119   100     120   113     121   240     122   50     123   242     124   70     125   219     126   204     127   156     128   120     129   163     130   104     131   240     132   15     133   77     134   109     135   74     136   41     137   246     138   20     139   171     140   169     141   83     142   190     143   68     144   184     145   45     146   92     147   116     148   252     149   224     150   157     151   8     152   94     153   121     154   214     155   187     156   254     157   242     158   231     159   188     160   188     161   147     162   107     163   171     164   240     165   198     166   88     167   66     168   156     169   127     170   9     171   116     172   174     173   188     174   230     175   150     176   23     177   2     178   144     179   146     180   193     181   232     182   8     183   226     184   180     185   93     186   93     187   167     188   140     189   189     190   147     191   91     192   149     193   123     194   128     195   153     196   105     197   129     198   22     199   23     200   215     201   137     202   33     203   207     204   56     205   135     206   95     207   179     208   223     209   220     210   118     211   220     212   151     213   166     214   237     215   216     216   120     217   208     218   225     219   84     220   119     221   92     222   251     223   91     224   120     225   22     226   105     227   41     228   176     229   30     230   232     231   192     232   44     233   212     234   172     235   57     236   248     237   92   
40   120  40   1     119   104     120   64     121   207     122   52     123   51     124   239     125   57     126   53     127   252     128   233     129   8     130   90     131   207     132   176     133   34     134   193     135   8     136   210     137   214     138   86     139   220     140   61     141   199     142   247     143   19     144   238     145   55     146   119     147   231     148   253     149   25     150   14     151   215     152   139     153   151     154   173     155   108     156   1     157   164     158   35     159   11     160   11     161   192     162   216     163   223     164   207     165   30     166   41     167   10     168   112     169   142     170   146     171   219     172   68     173   11     174   101     175   91     176   212     177   252     178   109     179   190     180   121     181   171     182   215     183   128     184   220     185   9     186   175     187   237     188   107     189   117     190   192     191   16     192   217     193   224     194   241     195   235     196   36     197   62     198   170     199   212     200   211     201   100     202   5     203   183     204   31     205   247     206   245     207   187     208   4     209   134     210   39     211   113     212   37     213   147     214   188     215   99     216   233     217   180     218   2     219   160     220   9     221   51     222   154     223   16     224   233     225   170     226   36     227   210     228   125     229   180     230   171     231   7     232   73     233   81     234   184     235   97     236   24     237   238   
41   119  41   1     119   175     120   70     121   39     122   82     123   126     124   4     125   200     126   198     127   89     128   141     129   193     130   111     131   39     132   48     133   84     134   66     135   193     136   34     137   204     138   64     139   122     140   187     141   211     142   90     143   93     144   177     145   144     146   214     147   197     148   22     149   235     150   61     151   121     152   143     153   63     154   53     155   74     156   181     157   65     158   48     160   3     161   202     162   148     163   184     164   39     165   199     166   87     167   127     168   250     169   212     170   179     171   90     172   168     173   3     174   62     175   218     176   187     177   89     178   255     179   34     180   142     181   172     182   121     183   140     184   122     185   116     186   66     187   115     188   102     189   155     190   202     191   159     192   33     193   233     194   113     195   234     196   205     197   228     198   172     199   187     200   151     201   139     202   48     203   28     204   205     205   90     206   240     207   51     208   238     209   21     210   15     211   79     212   239     213   209     214   31     215   207     216   157     217   222     218   119     219   175     220   116     221   240     222   218     223   159     224   157     225   25     226   205     227   34     228   96     229   143     230   178     231   44     232   50     233   108     234   241     235   208     236   94     237   177   
42   120  42   1     119   93     120   101     121   131     122   104     123   102     124   195     125   114     126   197     127   141     128   228     129   26     130   180     131   131     132   125     133   68     134   67     135   14     136   185     137   177     138   172     139   165     140   181     141   31     142   160     143   38     144   193     145   110     146   238     147   211     148   7     149   103     150   220     151   171     152   11     153   51     154   71     155   216     156   2     157   85     158   125     159   243     160   140     161   157     162   173     163   163     164   131     165   60     166   82     167   159     168   141     169   1     170   46     171   123     172   4     173   22     174   202     175   182     176   181     177   229     178   218     179   185     180   166     181   75     182   179     183   29     184   165     185   18     186   67     187   199     188   214     189   227     190   190     191   32     192   175     193   221     194   40     195   78     196   72     197   124     198   75     199   221     200   187     201   200     202   125     203   20     204   72     205   255     206   148     207   67     208   8     209   17     210   78     211   226     212   241     213   112     214   101     215   167     216   126     217   117     218   4     219   93     220   18     221   148     222   21     223   63     224   207     225   73     226   72     227   185     228   250     229   11     230   246     231   174     232   146     233   162     234   109     235   194     236   48     237   193   
43   120  43   1     119   137     120   238     121   79     122   240     123   67     124   165     125   204     126   226     127   229     128   121     129   60     130   33     131   86     132   239     133   137     134   94     135   179     136   157     137   105     138   130     139   230     140   19     141   214     142   14     143   63     144   152     145   183     146   76     147   80     148   215     149   211     150   63     151   85     152   170     153   175     154   36     155   9     156   61     157   236     158   239     159   167     160   167     161   128     162   18     163   161     164   86     165   140     166   59     167   45     168   229     169   69     170   68     171   168     172   47     173   175     174   193     175   190     176   19     177   21     178   52     179   157     180   75     181   77     182   84     183   235     184   230     185   200     186   94     187   161     188   186     189   82     190   74     191   8     192   47     193   227     194   3     195   64     196   99     197   127     198   170     199   227     200   186     201   252     202   239     203   143     204   7     205   41     206   7     207   94     208   122     209   101     210   64     211   194     212   154     213   241     214   216     215   219     216   66     217   19     218   122     219   24     220   200     221   116     222   31     223   72     224   91     225   151     226   7     227   157     228   195     229   89     230   77     231   145     232   47     233   49     234   26     235   53     236   2     237   152   
44   120  44   1     119   31     120   205     121   255     122   213     123   158     124   144     125   63     126   218     127   81     128   216     129   58     130   219     131   176     132   142     133   31     134   189     135   89     136   89     137   175     138   245     139   14     140   40     141   151     142   11     143   180     144   91     145   141     146   160     147   182     148   162     149   118     150   167     151   227     152   174     153   46     154   58     155   128     156   205     157   209     158   142     159   250     160   250     161   74     162   128     163   68     164   8     165   254     166   115     167   186     168   81     169   32     170   21     171   196     172   208     173   250     174   81     175   13     176   40     177   150     178   77     179   188     180   43     181   149     182   227     183   90     184   14     185   235     186   189     187   68     188   138     189   220     190   30     191   181     192   211     193   239     194   95     195   193     196   112     197   96     198   174     199   239     200   217     201   131     202   142     203   161     204   139     205   110     206   139     207   225     208   135     209   48     210   193     211   52     212   55     213   242     214   156     215   229     216   171     217   40     218   246     219   194     220   235     221   140     222   73     223   116     224   216     225   97     226   139     227   188     228   1     229   54     230   149     231   221     232   183     233   28     234   168     235   120     236   106     237   93   
45   120  45   1     119   20     120   83     121   65     122   217     123   110     124   63     125   26     126   202     127   41     128   174     129   224     130   86     131   49     132   203     133   20     134   70     135   164     136   164     137   249     138   215     139   33     140   131     141   161     142   219     143   249     144   250     145   62     146   54     147   157     148   82     149   185     150   168     151   124     152   98     153   47     154   141     155   56     156   83     157   17     158   25     159   196     160   196     161   245     162   200     163   177     164   141     165   12     166   67     167   216     168   41     169   14     170   253     171   236     172   35     173   196     174   152     175   246     176   131     177   147     178   107     179   116     180   213     181   197     182   124     183   166     184   33     185   241     186   70     187   212     188   209     189   69     190   38     191   203     192   117     193   48     194   8     195   22     196   21     197   18     198   217     199   57     200   156     201   110     202   108     203   4     204   227     205   51     206   227     207   24     208   112     209   9     210   226     211   193     212   151     213   73     214   122     215   208     216   174     217   131     218   129     219   107     220   241     221   125     222   163     223   221     224   174     225   217     226   10     227   116     228   50     229   165     230   197     231   84     232   175     233   146     234   219     235   152     236   251     237   108   
46   120  46   1     119   40     120   166     121   130     122   20     123   220     124   172     125   52     126   137     127   82     128   65     129   221     130   172     131   130     132   139     133   8     134   140     135   85     136   32     137   239     138   66     139   66     140   27     141   95     142   171     143   239     144   233     145   92     146   90     147   39     148   164     149   111     150   77     151   248     152   196     153   94     154   7     155   200     156   166     157   34     158   50     159   149     160   149     161   247     162   141     163   37     164   163     165   24     166   134     167   173     168   82     169   28     170   231     171   197     172   70     173   149     174   45     175   148     176   100     177   59     178   214     179   232     180   183     181   151     182   248     183   81     184   109     185   255     186   140     187   181     188   191     189   138     190   247     191   139     192   234     193   96     194   59     195   44     196   42     197   36     198   175     199   176     200   37     201   220     202   216     203   13     204   219     205   102     206   219     207   48     208   224     209   193     210   217     211   193     212   51     213   146     214   244     215   189     216   65     217   69     218   31     219   214     220   228     221   250     222   91     223   167     224   65     225   175     226   179     227   105     228   100     229   87     230   151     231   168     232   67     233   57     234   120     235   244     236   235     237   216   
47   120  47   1     119   53     120   25     121   171     122   148     123   186     124   83     125   117     126   185     127   218     128   219     129   174     130   83     131   171     132   241     133   250     134   247     135   79     136   207     137   152     138   51     139   234     140   251     141   5     142   198     143   56     144   245     145   237     146   244     147   189     148   169     149   35     150   92     151   68     152   229     153   93     154   149     155   98     156   220     157   127     158   150     159   215     160   215     161   43     162   196     163   234     164   171     165   147     166   214     167   11     168   218     169   110     170   194     171   189     172   78     173   215     174   16     175   143     176   61     177   255     178   188     179   173     180   168     181   103     182   68     183   50     184   147     185   114     186   156     187   140     188   82     189   81     190   43     191   65     192   29     193   76     194   52     195   126     196   133     197   178     198   187     199   61     200   19     201   246     202   139     203   223     204   193     205   129     206   99     207   38     208   87     209   192     210   172     211   192     212   9     213   66     214   195     215   226     216   219     217   166     218   165     219   188     220   42     221   244     222   120     223   65     224   219     225   187     226   213     227   207     228   177     229   255     230   103     231   46     232   107     233   132     234   95     235   71     236   27     237   139   
48   120  48   1     119   23     120   24     121   135     122   133     123   41     124   139     125   206     126   111     127   18     128   205     129   3     130   212     131   135     132   58     133   197     134   194     135   3     136   231     137   104     138   88     139   129     140   108     141   132     142   142     143   37     144   97     145   166     146   190     147   136     148   68     149   158     150   69     151   130     152   16     153   154     154   90     155   152     156   234     157   179     158   38     159   32     160   32     161   40     162   45     163   129     164   135     165   67     166   192     167   202     168   18     169   117     170   213     171   14     172   151     173   32     174   113     175   62     176   161     177   174     178   117     179   127     180   251     181   28     182   130     183   48     184   162     185   233     186   147     187   66     188   52     189   119     190   40     191   6     192   199     193   52     194   200     195   4     196   131     197   159     198   246     199   161     200   13     201   155     202   101     203   150     204   169     205   142     206   71     207   26     208   143     209   118     210   160     211   248     212   105     213   21     214   10     215   55     216   205     217   181     218   201     219   60     220   247     221   190     222   252     223   6     224   205     225   246     226   131     227   231     228   116     229   181     230   28     231   172     232   241     233   244     234   57     235   254     236   5     237   190   
49   120  49   1     119   203     120   220     121   123     122   157     123   10     124   21     125   253     126   172     127   113     128   179     129   149     130   28     131   123     132   252     133   12     134   201     135   149     136   44     137   232     138   77     139   31     140   57     141   69     142   183     143   100     144   36     145   206     146   18     147   128     148   197     149   147     150   51     151   217     152   99     153   5     154   171     155   227     156   49     157   15     158   252     159   198     160   198     161   121     162   219     163   76     164   123     165   4     166   202     167   11     168   133     169   150     170   160     171   136     172   24     173   198     174   71     175   45     176   138     177   113     178   210     179   12     180   33     181   13     182   217     183   165     184   31     185   164     186   201     187   119     188   116     189   34     190   121     191   55     192   234     193   23     194   17     195   209     196   170     197   106     198   60     199   138     200   29     201   118     202   252     203   107     204   53     205   183     206   43     207   58     208   196     209   3     210   249     211   180     212   134     213   193     214   173     215   225     216   179     217   56     218   98     219   203     220   164     221   10     222   101     223   55     224   179     225   60     226   170     227   44     228   229     229   99     230   226     231   151     232   120     233   218     234   105     235   131     236   162     237   36   
50   120  50   1     119   113     120   103     121   96     122   77     123   198     124   142     125   25     126   209     127   166     128   50     129   181     130   105     131   96     132   6     133   132     134   79     135   139     136   67     137   151     138   8     139   72     140   253     141   240     142   182     143   40     144   187     145   18     146   211     147   59     148   203     149   82     150   36     151   162     152   117     153   99     154   37     155   78     156   53     157   165     158   6     159   76     160   234     161   94     162   156     163   23     164   96     165   124     166   110     167   107     168   249     169   148     170   252     171   89     172   21     173   234     174   206     175   92     176   253     177   166     178   123     179   67     180   142     181   155     182   162     183   159     184   72     185   128     186   79     187   228     188   197     189   249     190   136     191   119     192   169     193   176     194   163     195   90     196   58     197   146     198   155     199   253     200   118     201   251     202   6     203   223     204   58     205   76     206   30     207   79     208   212     209   33     210   101     211   109     212   121     213   44     214   103     215   125     216   48     217   210     218   106     219   113     220   128     221   30     222   92     223   119     224   48     225   174     226   58     227   67     228   12     229   117     230   178     231   61     232   65     233   131     234   179     235   26     236   194     237   187   
51   120  51   1     119   22     120   1     121   255     122   156     123   80     124   168     125   187     126   10     127   51     128   107     129   39     130   224     131   255     132   179     133   96     134   6     135   204     136   125     137   19     138   82     139   248     140   36     141   212     142   11     143   7     144   61     145   62     146   144     147   116     148   102     149   148     150   236     151   52     152   63     153   40     154   49     155   75     156   149     157   120     158   179     159   209     160   209     161   239     162   150     163   90     164   255     165   32     166   30     167   122     168   51     169   196     170   105     171   17     172   3     173   126     174   2     175   117     176   36     177   175     178   222     179   125     180   169     181   104     182   134     183   65     184   248     185   73     186   6     187   159     188   135     189   13     190   27     191   165     192   3     193   184     194   203     195   155     196   57     197   119     198   104     199   184     200   232     201   151     202   179     203   235     204   57     205   136     206   69     207   6     208   110     209   24     210   155     211   201     212   68     213   46     214   1     215   109     216   226     217   221     218   55     219   22     220   73     221   69     222   47     223   113     224   241     225   253     226   57     227   125     228   123     229   63     230   34     231   199     232   3     233   158     234   111     235   108     236   121     237   61   
52   120  52   1     119   250     120   249     121   10     122   54     123   135     124   136     125   181     126   116     127   107     128   204     129   131     130   40     131   218     132   46     133   250     134   44     135   177     136   112     137   61     138   104     139   15     140   149     141   1     142   62     143   231     144   220     145   202     146   110     147   18     148   214     149   173     150   231     151   20     152   97     153   205     154   132     155   33     156   84     157   74     158   46     159   59     160   59     161   252     162   66     163   243     164   218     165   86     166   156     167   165     168   107     169   79     170   152     171   210     172   22     173   59     174   239     175   235     176   149     177   93     178   117     179   112     180   113     181   185     182   105     183   85     184   15     185   206     186   44     187   243     188   144     189   161     190   166     191   246     192   22     193   163     194   100     195   227     196   120     197   4     198   97     199   163     200   144     201   187     202   46     203   50     204   31     205   222     206   31     207   44     208   168     209   176     210   227     211   139     212   111     213   225     214   63     215   91     216   80     217   149     218   168     219   7     220   206     221   150     222   24     223   21     224   128     225   53     226   31     227   112     228   92     229   51     230   185     231   253     232   22     233   30     234   180     235   162     236   179     237   220   
53   120  53   1     119   195     120   124     121   201     122   32     123   44     124   15     125   19     126   139     127   93     128   134     129   129     130   3     131   223     132   68     133   195     134   121     135   105     136   105     137   28     138   240     139   35     140   228     141   144     142   177     143   197     144   100     145   193     146   183     147   200     148   186     149   18     150   40     151   143     152   163     153   243     154   129     155   103     156   124     157   58     158   68     159   91     160   91     161   132     162   26     163   167     164   52     165   65     166   128     167   230     168   93     169   208     170   250     171   192     172   178     173   91     174   49     175   166     176   228     177   24     178   27     179   241     180   97     181   157     182   143     183   236     184   35     185   187     186   121     187   167     188   94     189   156     190   75     191   77     192   55     193   161     194   126     195   82     196   5     197   109     198   148     199   161     200   14     201   226     202   68     203   63     204   214     205   78     206   214     207   130     208   248     209   184     210   82     211   162     212   39     213   111     214   33     215   152     216   6     217   228     218   117     219   215     220   187     221   73     222   1     223   31     224   134     225   229     226   214     227   241     228   136     229   175     230   157     231   20     232   64     233   70     234   177     235   49     236   84     237   115   
54   120  54   1     119   109     120   157     121   152     122   219     123   205     124   131     125   110     126   57     127   61     128   76     129   48     130   193     131   128     132   222     133   109     134   23     135   244     136   214     137   106     138   216     139   86     140   202     141   168     142   8     143   106     144   94     145   100     146   15     147   31     148   122     149   21     150   36     151   200     152   29     153   85     154   201     155   12     156   157     157   49     158   90     159   58     160   58     161   186     162   234     163   248     164   201     165   208     166   75     167   60     168   61     169   3     170   209     171   224     172   133     173   58     174   67     175   199     176   202     177   28     178   145     179   163     180   11     181   221     182   200     183   39     184   86     185   1     186   23     187   236     188   176     189   35     190   217     191   222     192   68     193   103     194   107     195   190     196   138     197   5     198   219     199   235     200   248     201   205     202   30     203   187     204   4     205   83     206   4     207   189     208   24     209   140     210   227     211   102     212   167     213   243     214   160     215   87     216   76     217   202     218   25     219   145     220   1     221   47     222   123     223   96     224   76     225   219     226   184     227   163     228   180     229   19     230   221     231   18     232   171     233   251     234   8     235   160     236   185     237   30   
55   120  55   1     119   188     120   36     121   89     122   94     123   167     124   11     125   151     126   91     127   63     128   162     129   138     130   11     131   89     132   1     133   117     134   194     135   252     136   201     137   140     138   213     139   213     140   232     141   211     142   200     143   243     144   29     145   164     146   74     147   10     148   126     149   240     150   99     151   218     152   56     153   254     154   195     155   249     156   36     157   147     158   121     159   112     160   112     161   108     162   239     163   80     164   89     165   159     166   237     167   38     168   63     169   43     170   134     171   21     172   97     173   112     174   37     175   93     176   32     177   33     178   136     179   48     180   227     181   42     182   218     183   72     184   170     185   25     186   194     187   185     188   150     189   44     190   108     191   1     192   106     193   70     194   33     195   8     196   230     197   125     198   124     199   32     200   80     201   167     202   19     203   236     204   100     205   168     206   100     207   35     208   69     209   161     210   62     211   161     212   84     213   179     214   27     215   204     216   162     217   22     218   92     219   136     220   241     221   128     222   103     223   9     224   162     225   124     226   87     227   30     228   242     229   166     230   42     231   191     232   248     233   123     234   217     235   27     236   3     237   19   
56   120  56   1     119   236     120   117     121   64     122   118     123   132     124   78     125   13     126   84     127   155     128   32     129   45     130   78     131   64     132   4     133   101     134   185     135   86     136   137     137   17     138   251     139   26     140   222     141   109     142   131     143   48     144   210     145   28     146   105     147   130     148   43     149   46     150   249     151   55     152   173     153   66     154   205     155   116     156   38     157   215     158   29     159   71     160   71     161   159     162   232     163   26     164   64     165   163     166   252     167   97     168   155     169   19     170   85     171   130     172   237     173   71     174   127     175   104     176   93     177   196     178   57     179   253     180   144     181   25     182   55     183   234     184   112     185   11     186   199     187   184     188   245     189   37     190   159     191   90     192   163     193   134     194   87     195   108     196   178     197   53     198   63     199   93     200   175     201   2     202   190     203   246     204   133     205   100     206   207     207   67     208   152     209   62     210   70     211   62     212   10     213   138     214   238     215   171     216   32     217   156     218   76     219   57     220   36     221   105     222   209     223   90     224   32     225   63     226   44     227   137     228   229     229   8     230   25     231   242     232   126     233   9     234   41     235   231     236   30     237   105   
57   120  57   1     119   18     120   197     121   208     122   9     123   176     124   60     125   83     126   228     127   95     128   104     129   59     130   79     131   208     132   13     133   43     134   191     135   59     136   227     137   112     138   231     139   140     140   223     141   235     142   113     143   92     144   209     145   35     146   230     147   7     148   141     149   247     150   111     151   157     152   134     153   88     154   62     155   129     156   237     157   232     158   103     159   17     160   17     161   82     162   31     163   166     164   208     165   25     166   58     167   252     168   95     169   248     170   173     171   53     172   86     173   17     174   87     175   162     176   183     177   96     178   108     179   98     180   137     181   106     182   157     183   151     184   140     185   214     186   249     187   251     188   56     189   33     190   82     191   118     192   242     193   56     194   37     195   175     196   127     197   21     198   135     199   183     200   14     201   186     202   126     203   180     204   244     205   113     206   182     207   28     208   147     209   195     210   85     211   178     212   146     213   203     214   154     215   3     216   104     217   158     218   199     219   123     220   101     221   176     222   29     223   118     224   104     225   135     226   127     227   227     228   26     229   158     230   106     231   185     232   19     233   94     234   54     235   196     236   77     237   230   
58   120  58   1     119   93     120   128     121   131     122   104     123   102     124   195     125   114     126   106     127   229     128   207     129   16     130   180     131   131     132   125     133   68     134   67     135   16     136   185     137   177     138   172     139   165     140   181     141   212     142   243     143   38     144   193     145   110     146   238     147   211     148   7     149   50     150   28     151   179     152   11     153   51     154   71     155   216     156   2     157   85     158   125     159   22     160   22     161   157     162   173     163   163     164   131     165   60     166   82     167   159     168   224     169   1     170   46     171   171     172   136     173   22     174   202     175   182     176   181     177   229     178   218     179   185     180   242     181   75     182   179     183   29     184   165     185   18     186   67     187   199     188   214     189   227     190   157     191   32     192   175     193   221     194   255     195   203     196   72     197   124     198   73     199   181     200   187     201   200     202   125     203   115     204   62     205   243     206   148     207   107     208   8     209   17     210   78     211   226     212   241     213   59     214   101     215   198     216   207     217   117     218   4     219   93     220   18     221   102     222   182     223   32     224   207     225   73     226   72     227   185     228   250     229   11     230   215     231   14     232   146     233   162     234   109     235   194     236   48     237   193   
59   120  59   1     119   167     120   69     121   21     122   2     123   180     124   103     125   140     126   152     127   161     128   5     129   146     130   229     131   21     132   158     133   216     134   131     135   182     136   162     137   235     138   62     139   211     140   65     141   128     142   221     143   198     144   50     145   253     146   25     147   245     148   91     149   16     150   231     151   190     152   184     153   90     154   41     155   77     156   85     157   238     158   158     159   204     160   109     161   49     162   154     163   44     164   21     165   72     166   181     167   100     168   163     169   164     170   143     171   97     172   173     173   109     174   138     175   176     176   65     177   161     178   24     179   162     180   34     181   202     182   190     183   213     184   211     185   199     186   131     187   205     188   251     189   94     190   249     191   57     192   207     193   67     194   112     195   46     196   59     197   58     198   202     199   65     200   247     201   223     202   158     203   56     204   59     205   204     206   220     207   131     208   73     209   54     210   196     211   250     212   153     213   217     214   69     215   134     216   132     217   215     218   170     219   167     220   199     221   220     222   176     223   185     224   132     225   159     226   59     227   162     228   33     229   184     230   194     231   107     232   35     233   136     234   12     235   195     236   171     237   50   
60   120  60   1     119   132     120   103     121   112     122   77     123   198     124   142     125   25     126   209     127   235     128   50     129   84     130   105     131   96     132   6     133   132     134   79     135   139     136   67     137   151     138   8     139   72     140   253     141   170     142   116     143   247     144   187     145   18     146   211     147   59     148   203     149   82     150   247     151   195     152   117     153   99     154   37     155   78     156   53     157   165     158   6     159   76     160   76     161   94     162   156     163   23     164   96     165   124     166   110     167   107     168   235     169   157     170   252     171   89     172   169     173   234     174   206     175   92     176   253     177   166     178   123     179   67     180   233     181   178     182   162     183   159     184   72     185   128     186   79     187   23     188   197     189   249     190   136     191   47     192   169     193   176     194   163     195   101     196   58     197   146     198   155     199   176     200   118     201   251     202   6     203   223     204   58     205   242     206   30     207   79     208   106     209   33     210   101     211   109     212   121     213   44     214   222     215   125     216   167     217   210     218   106     219   113     220   128     221   30     222   75     223   221     224   183     225   174     226   58     227   67     228   12     229   117     230   178     231   245     232   169     233   131     234   179     235   26     236   194     237   187   
61   120  61   1     119   101     120   72     121   218     122   248     123   217     124   110     125   51     126   182     127   126     128   89     129   15     130   79     131   155     132   242     133   101     134   153     135   229     136   96     137   93     138   174     139   183     140   205     141   187     142   141     143   251     144   10     145   228     146   19     147   20     148   252     149   253     150   198     151   169     152   164     153   225     154   9     155   69     156   72     157   59     158   242     159   224     160   224     161   216     162   138     163   111     164   155     165   35     166   199     167   76     168   126     169   86     170   17     171   42     172   194     173   224     174   119     175   161     176   205     177   66     178   13     179   96     180   219     181   84     182   169     183   243     184   183     185   50     186   153     187   111     188   49     189   154     190   156     191   2     192   212     193   241     194   201     195   16     196   209     197   214     198   164     199   241     200   160     201   63     202   242     203   234     204   200     205   77     206   200     207   153     208   144     209   125     210   16     211   190     212   168     213   123     214   54     215   133     216   158     217   205     218   144     219   6     220   50     221   29     222   206     223   18     224   223     225   3     226   200     227   96     228   249     229   81     230   84     231   99     232   237     233   115     234   136     235   74     236   142     237   38   
62   120  62   1     119   250     120   84     121   133     122   39     123   197     124   136     125   181     126   116     127   107     128   204     129   132     130   40     131   199     132   46     133   250     134   44     135   177     136   177     137   61     138   104     139   15     140   149     141   1     142   62     143   170     144   49     145   10     146   110     147   18     148   214     149   173     150   231     151   20     152   147     153   64     154   218     155   33     156   84     157   74     158   46     159   59     160   59     161   252     162   109     163   243     164   218     165   86     166   156     167   165     168   107     169   79     170   152     171   210     172   22     173   59     174   162     175   235     176   149     177   93     178   117     179   112     180   113     181   185     182   20     183   168     184   15     185   206     186   44     187   243     188   67     189   183     190   166     191   246     192   242     193   69     194   100     195   227     196   120     197   209     198   97     199   163     200   144     201   197     202   46     203   50     204   31     205   222     206   31     207   172     208   168     209   230     210   157     211   139     212   111     213   225     214   63     215   193     216   204     217   149     218   140     219   7     220   206     221   150     222   24     223   21     224   204     225   141     226   125     227   112     228   92     229   51     230   185     231   253     232   78     233   223     234   62     235   162     236   179     237   220   
63   120  63   1     119   4     120   228     121   21     122   2     123   79     124   229     125   160     126   201     127   175     128   132     129   146     130   229     131   92     132   110     133   4     134   71     135   134     136   162     137   198     138   59     139   254     140   141     141   135     142   204     143   198     144   50     145   253     146   9     147   139     148   67     149   116     150   113     151   190     152   184     153   90     154   41     155   77     156   228     157   5     158   84     159   109     160   109     161   49     162   154     163   44     164   41     165   247     166   70     167   56     168   175     169   164     170   96     171   101     172   173     173   109     174   138     175   176     176   141     177   47     178   78     179   239     180   104     181   202     182   190     183   213     184   211     185   151     186   71     187   207     188   206     189   179     190   49     191   110     192   72     193   251     194   47     195   87     196   163     197   241     198   159     199   13     200   44     201   79     202   28     203   166     204   102     205   15     206   102     207   243     208   73     209   246     210   193     211   54     212   137     213   68     214   75     215   105     216   132     217   215     218   222     219   78     220   151     221   25     222   212     223   57     224   132     225   159     226   2     227   128     228   168     229   33     230   202     231   182     232   35     233   136     234   12     235   75     236   149     237   28   
64   120  64   1     119   232     120   145     121   85     122   116     123   48     124   171     125   27     126   157     127   52     128   164     129   191     130   171     131   85     132   100     133   195     134   128     135   208     136   43     137   250     138   175     139   175     140   83     141   234     142   79     143   246     144   224     145   225     146   112     147   231     148   104     149   90     150   136     151   137     152   21     153   24     154   228     155   57     156   115     157   210     158   73     159   42     160   42     161   174     162   114     163   54     164   85     165   88     166   186     167   89     168   52     169   183     170   53     171   231     172   64     173   42     174   245     175   216     176   28     177   120     178   119     179   18     180   248     181   211     182   137     183   63     184   163     185   204     186   128     187   1     188   59     189   150     190   174     191   99     192   235     193   125     194   120     195   66     196   17     197   196     198   160     199   28     200   54     201   77     202   162     203   222     204   169     205   107     206   169     207   176     208   209     209   8     210   80     211   8     212   100     213   206     214   165     215   194     216   164     217   75     218   230     219   119     220   62     221   112     222   5     223   99     224   164     225   160     226   23     227   76     228   105     229   41     230   211     231   68     232   93     233   129     234   37     235   36     236   172     237   162   
65   120  65   1     119   242     120   129     121   175     122   121     123   245     124   97     125   100     126   77     127   40     128   217     129   189     130   51     131   175     132   182     133   99     134   170     135   160     136   145     137   65     138   94     139   200     140   146     141   18     142   187     143   59     144   85     145   37     146   164     147   220     148   110     149   69     150   5     151   117     152   254     153   244     154   136     155   34     156   52     157   1     158   134     159   225     160   225     161   158     162   68     163   200     164   175     165   98     166   16     167   213     168   40     169   26     170   88     171   24     172   81     173   225     174   171     175   7     176   41     177   90     178   233     179   179     180   161     181   48     182   117     183   31     184   148     185   137     186   224     187   9     188   194     189   204     190   158     191   103     192   112     193   174     194   3     195   177     196   30     197   46     198   4     199   41     200   165     201   91     202   228     203   58     204   86     205   192     206   211     207   87     208   208     209   167     210   66     211   167     212   42     213   36     214   169     215   19     216   217     217   102     218   104     219   209     220   111     221   164     222   173     223   103     224   217     225   4     226   30     227   145     228   32     229   102     230   48     231   140     232   8     233   210     234   11     235   123     236   218     237   164   
66   120  66   1     119   20     120   83     121   65     122   10     123   94     124   230     125   134     126   22     127   31     128   174     129   224     130   86     131   65     132   220     133   159     134   233     135   224     136   16     137   96     138   198     139   184     140   246     141   161     142   219     143   249     144   250     145   46     146   125     147   6     148   42     149   33     150   168     151   124     152   98     153   47     154   141     155   100     156   28     157   113     158   220     159   196     160   196     161   245     162   200     163   156     164   65     165   117     166   91     167   216     168   41     169   14     170   137     171   236     172   35     173   196     174   152     175   74     176   88     177   31     178   120     179   116     180   213     181   197     182   124     183   166     184   184     185   252     186   181     187   222     188   48     189   69     190   245     191   221     192   212     193   82     194   147     195   150     196   215     197   210     198   217     199   88     200   12     201   132     202   108     203   136     204   105     205   219     206   227     207   24     208   112     209   238     210   243     211   53     212   203     213   95     214   76     215   208     216   174     217   172     218   56     219   1     220   252     221   94     222   163     223   221     224   174     225   217     226   215     227   16     228   165     229   172     230   62     231   84     232   175     233   146     234   60     235   232     236   61     237   250   
67   120  67   1     119   180     120   72     121   178     122   188     123   223     124   150     125   147     126   127     127   109     128   59     129   9     130   22     131   178     132   166     133   97     134   222     135   9     136   143     137   5     138   149     139   73     140   64     141   32     142   141     143   251     144   58     145   85     146   29     147   159     148   191     149   137     150   170     151   169     152   112     153   225     154   155     155   239     156   172     157   62     158   166     159   141     160   224     161   216     162   195     163   160     164   178     165   212     166   129     167   116     168   126     169   86     170   113     171   79     172   194     173   224     174   74     175   186     176   64     177   109     178   67     179   143     180   219     181   84     182   169     183   144     184   73     185   165     186   222     187   211     188   140     189   132     190   216     191   18     192   111     193   252     194   152     195   28     196   174     197   240     198   84     199   64     200   35     201   230     202   166     203   197     204   174     205   141     206   4     207   70     208   138     209   95     210   71     211   210     212   33     213   107     214   37     215   229     216   89     217   44     218   69     219   180     220   165     221   4     222   186     223   18     224   89     225   248     226   174     227   143     228   81     229   112     230   218     231   57     232   237     233   246     234   175     235   192     236   27     237   58   
68   120  68   1     119   158     120   37     121   117     122   79     123   114     124   233     125   149     126   47     127   247     128   180     129   39     130   140     131   117     132   152     133   92     134   15     135   39     136   225     137   124     138   54     139   155     140   8     141   82     142   128     143   238     144   137     145   239     146   202     147   206     148   103     149   9     150   122     151   28     152   205     153   57     154   12     155   3     156   96     157   75     158   60     159   135     160   135     161   111     162   6     163   59     164   117     165   52     166   219     167   231     168   247     169   48     170   196     171   166     172   184     173   135     174   68     175   236     176   188     177   7     178   99     179   226     180   176     181   81     182   28     183   74     184   155     185   71     186   204     187   41     188   62     189   10     190   111     191   78     192   102     193   243     194   221     195   116     196   1     197   168     198   49     199   188     200   129     201   36     202   253     203   165     204   84     205   128     206   64     207   31     208   157     209   23     210   161     211   151     212   97     213   164     214   210     215   25     216   180     217   5     218   192     219   214     220   71     221   114     222   227     223   78     224   180     225   49     226   1     227   225     228   45     229   5     230   81     231   61     232   98     233   11     234   191     235   217     236   105     237   137   
69   119  69   1     119   32     120   178     121   200     122   93     123   15     124   145     125   13     126   101     127   199     128   100     129   81     130   18     131   200     132   130     133   10     134   35     135   81     136   58     137   156     138   229     139   158     140   207     141   233     142   98     143   86     144   54     145   169     146   27     147   192     148   41     149   84     150   79     151   59     152   220     153   137     154   112     155   28     156   167     157   134     158   130     160   165     161   203     162   56     163   106     164   200     165   6     166   175     167   108     168   73     169   221     170   240     171   98     172   20     173   165     174   234     175   181     176   207     177   199     178   187     179   58     180   191     181   133     182   59     183   121     184   158     185   246     186   35     187   194     188   78     189   51     190   203     191   162     192   159     193   146     194   4     195   55     196   255     197   95     198   133     199   207     200   157     201   77     202   130     203   208     204   255     205   98     206   176     207   39     208   166     209   140     210   11     211   238     212   197     213   47     214   117     215   31     216   100     217   36     218   83     219   32     220   246     221   176     222   181     223   162     224   100     225   34     226   255     227   58     228   25     229   220     230   147     231   82     232   68     233   183     234   211     235   76     236   243     237   54   
70   120  70   1     119   15     120   163     121   232     122   102     123   77     124   235     125   241     126   42     127   195     128   255     129   201     130   53     131   232     132   128     133   118     134   237     135   43     136   240     137   26     138   22     139   166     140   111     141   184     142   137     143   78     144   95     145   167     146   161     147   34     148   155     149   23     150   83     151   141     152   4     153   168     154   152     155   38     156   180     157   229     158   128     159   173     160   153     161   10     162   76     163   103     164   232     165   217     166   126     167   190     168   195     169   90     170   164     171   65     172   117     173   8     174   91     175   129     176   111     177   165     178   146     179   240     180   72     181   7     182   174     183   12     184   166     185   125     186   237     187   158     188   13     189   100     190   107     191   143     192   248     193   9     194   101     195   40     196   233     197   218     198   7     199   9     200   68     201   239     202   128     203   188     204   233     205   50     206   186     207   237     208   234     209   147     210   40     211   62     212   25     213   69     214   163     215   18     216   116     217   106     218   117     219   15     220   125     221   186     222   230     223   55     224   116     225   179     226   233     227   240     228   29     229   4     230   130     231   162     232   123     233   61     234   73     235   177     236   70     237   95   
71   120  71   1     119   164     120   147     121   178     122   57     123   246     124   29     125   112     126   215     127   250     128   157     129   73     130   194     131   53     132   156     133   164     134   77     135   207     136   104     137   109     138   205     139   235     140   225     141   230     142   90     143   88     144   91     145   243     146   163     147   23     148   233     149   213     150   88     151   36     152   72     153   123     154   193     155   119     156   70     157   141     158   156     159   3     160   3     161   211     162   238     163   33     164   53     165   151     166   100     167   182     168   250     169   212     170   219     171   86     172   168     173   123     174   59     175   132     176   225     177   195     178   49     179   104     180   142     181   172     182   43     183   160     184   235     185   76     186   77     187   33     188   184     189   9     190   129     191   120     192   168     193   216     194   17     195   231     196   11     197   191     198   72     199   216     200   184     201   125     202   156     203   134     204   45     205   138     206   45     207   77     208   140     209   41     210   231     211   42     212   69     213   54     214   188     215   173     216   249     217   153     218   140     219   136     220   76     221   214     222   165     223   159     224   126     225   14     226   45     227   104     228   37     229   96     230   172     231   44     232   168     233   2     234   150     235   62     236   30     237   91   
72   120  72   1     119   37     120   174     121   67     122   253     123   185     124   85     125   225     126   186     127   92     128   241     129   220     130   17     131   49     132   219     133   37     134   157     135   109     136   109     137   180     138   57     139   236     140   245     141   35     142   209     143   7     144   38     145   59     146   243     147   76     148   184     149   238     150   133     151   134     152   31     153   40     154   220     155   55     156   174     157   107     158   219     159   126     160   126     161   239     162   55     163   3     164   49     165   232     166   211     167   235     168   92     169   196     170   95     171   52     172   192     173   126     174   92     175   12     176   245     177   136     178   153     179   54     180   21     181   104     182   134     183   141     184   236     185   183     186   157     187   3     188   77     189   103     190   142     191   172     192   32     193   33     194   176     195   9     196   51     197   81     198   31     199   33     200   90     201   215     202   219     203   88     204   230     205   189     206   230     207   205     208   65     209   166     210   9     211   48     212   208     213   79     214   242     215   91     216   34     217   245     218   65     219   233     220   183     221   144     222   15     223   165     224   241     225   250     226   230     227   54     228   171     229   123     230   104     231   204     232   231     233   197     234   194     235   2     236   43     237   251   
73   120  73   1     119   49     120   253     121   190     122   36     123   185     124   106     125   251     126   112     127   117     128   95     129   60     130   182     131   160     132   194     133   49     134   219     135   201     136   201     137   254     138   238     139   205     140   118     141   130     142   10     143   254     144   199     145   125     146   197     147   209     148   234     149   87     150   45     151   250     152   93     153   7     154   188     155   15     156   253     157   122     158   194     159   186     160   186     161   26     162   94     163   239     164   188     165   228     166   144     167   51     168   117     169   202     170   162     171   216     172   227     173   186     174   154     175   35     176   118     177   27     178   242     179   66     180   192     181   173     182   250     183   231     184   205     185   70     186   219     187   215     188   156     189   226     190   168     191   103     192   85     193   183     194   184     195   31     196   38     197   67     198   36     199   24     200   198     201   185     202   151     203   92     204   5     205   142     206   5     207   213     208   30     209   175     210   18     211   241     212   71     213   6     214   136     215   139     216   95     217   118     218   88     219   169     220   70     221   237     222   172     223   120     224   95     225   36     226   150     227   66     228   153     229   222     230   173     231   152     232   72     233   12     234   10     235   154     236   208     237   151   
74   120  74   1     119   145     120   95     121   140     122   198     123   238     124   60     125   43     126   110     127   32     128   70     129   111     130   60     131   140     132   113     133   145     134   209     135   128     136   237     137   101     138   216     139   216     140   26     141   227     142   156     143   101     144   68     145   125     146   92     147   77     148   64     149   246     150   4     151   61     152   106     153   98     154   160     155   40     156   95     157   242     158   10     159   212     160   212     161   225     162   80     163   82     164   224     165   132     166   178     167   189     168   32     169   186     170   25     171   235     172   230     173   212     174   46     175   85     176   20     177   247     178   141     179   197     180   38     181   203     182   61     183   190     184   233     185   157     186   209     187   57     188   90     189   240     190   225     191   113     192   218     193   42     194   247     195   175     196   142     197   211     198   162     199   134     200   82     201   238     202   208     203   195     204   78     205   11     206   78     207   21     208   185     209   213     210   81     211   213     212   139     213   116     214   127     215   69     216   70     217   120     218   36     219   141     220   157     221   34     222   221     223   222     224   70     225   162     226   24     227   215     228   20     229   159     230   203     231   2     232   89     233   232     234   174     235   127     236   91     237   208   
75   120  75   1     119   235     120   218     121   147     122   251     123   71     124   41     125   155     126   2     127   15     128   199     129   92     130   41     131   147     132   124     133   55     134   245     135   60     136   220     137   242     138   97     139   43     140   255     141   207     142   26     143   42     144   123     145   105     146   179     147   5     148   30     149   125     150   101     151   119     152   103     153   173     154   51     155   197     156   133     157   24     158   118     159   206     160   206     161   115     162   151     163   43     164   147     165   185     166   6     167   75     168   15     169   204     170   29     171   5     172   244     173   206     174   28     175   172     176   229     177   248     178   205     179   25     180   214     181   10     182   119     183   169     184   185     185   217     186   245     187   233     188   225     189   164     190   115     191   184     192   221     193   121     194   35     195   208     196   47     197   73     198   143     199   229     200   89     201   62     202   171     203   192     204   13     205   40     206   13     207   178     208   46     209   144     210   209     211   144     212   198     213   253     214   213     215   37     216   199     217   82     218   23     219   205     220   187     221   179     222   90     223   184     224   199     225   143     226   67     227   220     228   12     229   248     230   10     231   188     232   3     233   231     234   32     235   50     236   87     237   171   
76   120  76   1     119   29     120   191     121   41     122   128     123   6     124   248     125   233     126   100     127   136     128   154     129   115     130   255     131   41     132   84     133   4     134   56     135   26     136   239     137   88     138   59     139   207     140   23     141   90     142   109     143   215     144   28     145   177     146   14     147   139     148   203     149   76     150   17     151   188     152   33     153   3     154   146     155   170     156   228     157   5     158   164     159   66     160   66     161   220     162   73     163   207     164   41     165   247     166   145     167   166     168   136     169   114     170   37     171   120     172   8     173   66     174   61     175   27     176   141     177   47     178   114     179   69     180   31     181   240     182   188     183   99     184   254     185   151     186   71     187   45     188   44     189   219     190   220     191   230     192   173     193   44     194   15     195   79     196   102     197   150     198   20     199   141     200   11     201   217     202   83     203   210     204   19     205   231     206   184     207   22     208   183     209   1     210   87     211   108     212   130     213   180     214   55     215   95     216   154     217   227     218   213     219   178     220   206     221   14     222   35     223   230     224   154     225   20     226   102     227   239     228   168     229   227     230   240     231   134     232   40     233   189     234   39     235   138     236   149     237   14   
77   120  77   1     119   92     120   96     121   38     122   46     123   164     124   22     125   171     126   161     127   130     128   19     129   12     130   119     131   38     132   232     133   51     134   118     135   12     136   187     137   189     138   125     139   178     140   173     141   95     142   2     143   148     144   153     145   162     146   194     147   26     148   69     149   155     150   9     151   50     152   64     153   82     154   117     155   90     156   143     157   246     158   232     159   128     160   128     161   160     162   180     163   62     164   38     165   17     166   179     167   231     168   72     169   201     170   146     171   56     172   102     173   128     174   217     175   248     176   190     177   130     178   213     179   51     180   203     181   112     182   50     183   192     184   178     185   131     186   118     187   21     188   208     189   14     190   160     191   24     192   59     193   144     194   7     195   16     196   54     197   33     198   255     199   190     200   52     201   86     202   232     203   98     204   158     205   2     206   1     207   104     208   6     209   197     210   186     211   199     212   141     213   84     214   226     215   220     216   19     217   238     218   3     219   240     220   131     221   164     222   215     223   24     224   19     225   255     226   54     227   187     228   205     229   64     230   25     231   138     232   227     233   247     234   228     235   223     236   20     237   153   
78   120  78   1     119   232     120   155     121   112     122   222     123   231     124   179     125   103     126   120     127   151     128   206     129   249     130   244     131   112     132   7     133   186     134   40     135   57     136   38     137   212     138   255     139   84     140   173     141   216     142   116     143   36     144   1     145   21     146   142     147   74     148   146     149   190     150   42     151   102     152   25     153   253     154   81     155   83     156   178     157   26     158   7     159   165     160   50     161   176     162   166     163   159     164   112     165   157     166   136     167   2     168   92     169   89     170   214     171   204     172   105     173   50     174   24     175   70     176   173     177   151     178   225     179   38     180   179     181   218     182   102     183   43     184   84     185   75     186   40     187   202     188   106     189   92     190   180     191   239     192   20     193   115     194   29     195   65     196   49     197   94     198   218     199   173     200   148     201   170     202   7     203   128     204   49     205   165     206   27     207   53     208   242     209   160     210   250     211   5     212   23     213   213     214   12     215   230     216   56     217   245     218   121     219   232     220   75     221   27     222   70     223   239     224   56     225   104     226   49     227   38     228   14     229   25     230   133     231   77     232   208     233   198     234   254     235   234     236   22     237   1   
79   120  79   1     119   219     120   41     121   194     122   98     123   56     124   37     125   244     126   7     127   152     128   245     129   150     130   226     131   194     132   161     133   219     134   246     135   90     136   169     137   209     138   106     139   29     140   237     141   165     142   46     143   19     144   59     145   64     146   147     147   213     148   45     149   55     150   19     151   71     152   105     153   28     154   202     155   188     156   30     157   36     158   161     159   40     160   40     161   104     162   101     163   63     164   194     165   73     166   9     167   118     168   152     169   92     170   167     171   131     172   123     173   210     174   82     175   252     176   237     177   250     178   162     179   169     180   12     181   62     182   207     183   187     184   29     185   238     186   246     187   63     188   230     189   216     190   132     191   52     192   123     193   143     194   133     195   189     196   159     197   174     198   142     199   143     200   183     201   76     202   161     203   204     204   159     205   108     206   31     207   246     208   120     209   255     210   189     211   215     212   54     213   234     214   134     215   3     216   176     217   217     218   60     219   92     220   238     221   31     222   195     223   88     224   97     225   144     226   159     227   169     228   95     229   105     230   27     231   135     232   123     233   48     234   81     235   42     236   13     237   59   
80   120  80   1     119   233     120   168     121   20     122   108     123   19     124   13     125   119     126   232     127   214     128   133     129   27     130   80     131   169     132   92     133   233     134   88     135   127     136   224     137   122     138   208     139   30     140   55     141   2     142   124     143   211     144   18     145   137     146   220     147   36     148   177     149   71     150   211     151   40     152   194     153   142     154   21     155   66     156   168     157   148     158   92     159   118     160   118     161   229     162   132     163   251     164   169     165   172     166   37     167   87     168   214     169   158     170   45     171   185     172   44     173   118     174   195     175   203     176   55     177   186     178   234     179   224     180   226     181   111     182   78     183   170     184   30     185   129     186   88     187   251     188   134     189   95     190   81     191   241     192   249     193   91     194   200     195   219     196   240     197   8     198   194     199   91     200   61     201   107     202   92     203   100     204   62     205   161     206   62     207   88     208   77     209   125     210   219     211   11     212   222     213   223     214   126     215   159     216   160     217   55     218   77     219   14     220   129     221   49     222   48     223   42     224   29     225   106     226   62     227   224     228   184     229   102     230   111     231   231     232   156     233   60     234   117     235   89     236   123     237   165   
81   120  81   1     119   43     120   237     121   68     122   128     123   176     124   60     125   76     126   22     127   105     128   34     129   62     130   12     131   91     132   13     133   43     134   249     135   185     136   185     137   112     138   231     139   140     140   183     141   122     142   254     143   51     144   141     145   3     146   230     147   7     148   210     149   72     150   160     151   6     152   182     153   235     154   60     155   129     156   237     157   232     158   13     159   113     160   113     161   42     162   104     163   166     164   208     165   25     166   58     167   191     168   105     169   103     170   207     171   39     172   242     173   113     174   196     175   162     176   183     177   96     178   108     179   227     180   153     181   78     182   6     183   88     184   140     185   214     186   249     187   166     188   101     189   184     190   49     191   41     192   220     193   100     194   229     195   85     196   20     197   169     198   106     199   190     200   56     201   175     202   13     203   252     204   127     205   37     206   127     207   50     208   199     209   218     210   85     211   178     212   156     213   161     214   132     215   90     216   34     217   183     218   201     219   123     220   214     221   57     222   4     223   124     224   34     225   179     226   127     227   227     228   26     229   134     230   78     231   80     232   29     233   95     234   254     235   196     236   77     237   209   
82   120  82   1     119   195     120   124     121   17     122   239     123   226     124   15     125   19     126   139     127   93     128   134     129   129     130   133     131   223     132   77     133   195     134   121     135   105     136   252     137   197     138   240     139   35     140   228     141   144     142   177     143   197     144   146     145   201     146   98     147   200     148   186     149   18     150   40     151   143     152   163     153   243     154   52     155   95     156   124     157   58     158   68     159   91     160   91     161   132     162   26     163   14     164   52     165   65     166   128     167   230     168   93     169   208     170   250     171   192     172   178     173   91     174   49     175   56     176   228     177   24     178   27     179   241     180   97     181   157     182   143     183   248     184   25     185   187     186   121     187   167     188   94     189   46     190   132     191   77     192   55     193   25     194   24     195   82     196   5     197   109     198   32     199   161     200   14     201   226     202   115     203   63     204   214     205   78     206   214     207   130     208   206     209   184     210   16     211   162     212   39     213   111     214   33     215   152     216   134     217   23     218   117     219   27     220   187     221   73     222   1     223   31     224   134     225   32     226   239     227   241     228   136     229   175     230   157     231   20     232   64     233   222     234   88     235   33     236   84     237   115   
83   120  83   1     119   19     120   252     121   146     122   135     123   157     124   49     125   194     126   156     127   189     128   73     129   145     130   49     131   146     132   7     133   86     134   116     135   206     136   69     137   131     138   17     139   17     140   162     141   3     142   66     143   227     144   83     145   91     146   235     147   107     148   103     149   234     150   52     151   60     152   168     153   192     154   115     155   213     156   30     157   222     158   114     159   77     160   77     161   25     162   183     163   173     164   146     165   250     166   185     167   242     168   189     169   209     170   181     171   107     172   58     173   77     174   251     175   142     176   224     177   231     178   159     179   144     180   147     181   214     182   60     183   229     184   113     185   244     186   116     187   8     188   197     189   196     190   25     191   63     192   11     193   207     194   231     195   42     196   136     197   110     198   105     199   224     200   173     201   82     202   121     203   190     204   33     205   127     206   33     207   233     208   198     209   64     210   186     211   64     212   177     213   62     214   65     215   94     216   73     217   98     218   99     219   159     220   237     221   167     222   40     223   63     224   73     225   105     226   184     227   90     228   228     229   85     230   214     231   26     232   210     233   124     234   53     235   61     236   9     237   121   
84   120  84   1     119   84     120   181     121   12     122   42     123   209     124   216     125   51     126   198     127   11     128   6     129   53     130   160     131   12     132   201     133   182     134   231     135   44     136   226     137   118     138   1     139   102     140   187     141   57     142   135     143   5     144   253     145   69     146   240     147   242     148   248     149   170     150   235     151   83     152   45     153   230     154   39     155   192     156   37     157   209     158   48     159   90     160   90     161   194     162   157     163   102     164   12     165   129     166   87     167   127     168   11     169   156     170   179     171   242     172   33     173   90     174   208     175   133     176   60     177   221     178   255     179   34     180   27     181   249     182   83     183   119     184   9     185   16     186   16     187   146     188   173     189   186     190   194     191   106     192   184     193   59     194   89     195   76     196   64     197   185     198   220     199   60     200   199     201   234     202   177     203   50     204   164     205   195     206   205     207   147     208   148     209   169     210   47     211   169     212   101     213   125     214   190     215   14     216   6     217   93     218   74     219   163     220   207     221   240     222   98     223   106     224   6     225   220     226   64     227   226     228   174     229   143     230   249     231   251     232   165     233   250     234   252     235   68     236   95     237   240   
85   120  85   1     119   5     120   221     121   129     122   113     123   137     124   198     125   136     126   188     127   77     128   165     129   56     130   62     131   100     132   65     133   5     134   159     135   41     136   29     137   78     138   252     139   79     140   233     141   111     142   255     143   121     144   48     145   218     146   131     147   96     148   154     149   105     150   42     151   31     152   204     153   194     154   56     155   14     156   221     157   67     158   65     159   49     160   49     161   122     162   14     163   53     164   100     165   3     166   217     167   54     168   77     169   141     170   120     171   59     172   193     173   49     174   117     175   212     176   233     177   237     178   211     179   29     180   114     181   118     182   31     183   178     184   79     185   123     186   159     187   53     188   115     189   151     190   135     191   251     192   90     193   73     194   2     195   139     196   66     197   138     198   204     199   73     200   39     201   168     202   65     203   1     204   241     205   197     206   241     207   6     208   167     209   69     210   139     211   119     212   236     213   85     214   144     215   52     216   124     217   233     218   167     219   16     220   123     221   88     222   225     223   112     224   153     225   8     226   241     227   29     228   130     229   110     230   118     231   21     232   226     233   158     234   231     235   38     236   247     237   27   
86   120  86   1     119   60     120   245     121   195     122   118     123   178     124   65     125   46     126   67     127   123     128   239     129   61     130   250     131   83     132   43     133   60     134   202     135   241     136   241     137   111     138   100     139   99     140   152     141   254     142   112     143   22     144   19     145   66     146   90     147   186     148   246     149   214     150   229     151   132     152   166     153   113     154   138     155   72     156   245     157   51     158   43     159   81     160   81     161   2     162   69     163   206     164   138     165   20     166   197     167   117     168   123     169   18     170   26     171   41     172   101     173   81     174   181     175   153     176   152     177   168     178   189     179   156     180   98     181   82     182   132     183   247     184   99     185   14     186   202     187   97     188   110     189   207     190   106     191   64     192   159     193   80     194   24     195   58     196   63     197   54     198   118     199   75     200   185     201   178     202   43     203   12     204   56     205   85     206   56     207   40     208   144     209   27     210   59     211   94     212   164     213   219     214   142     215   109     216   239     217   152     218   158     219   192     220   14     221   135     222   248     223   122     224   239     225   96     226   30     227   156     228   86     229   242     230   82     231   252     232   236     233   171     234   112     235   181     236   16     237   180   
87   120  87   1     119   108     120   164     121   218     122   54     123   23     124   191     125   70     126   76     127   223     128   109     129   154     130   191     131   218     132   75     133   108     134   207     135   91     136   112     137   213     138   31     139   231     140   174     141   64     142   59     143   213     144   220     145   202     146   195     147   244     148   163     149   8     150   127     151   105     152   51     153   205     154   132     155   33     156   164     157   119     158   79     159   102     160   102     161   241     162   66     163   243     164   39     165   36     166   212     167   50     168   223     169   42     170   201     171   190     172   233     173   102     174   239     175   235     176   174     177   222     178   12     179   81     180   17     181   97     182   105     183   85     184   15     185   237     186   207     187   22     188   13     189   198     190   241     191   75     192   86     193   144     194   222     195   98     196   107     197   126     198   53     199   149     200   243     201   23     202   25     203   28     204   147     205   153     206   147     207   72     208   77     209   176     210   148     211   176     212   194     213   226     214   123     215   10     216   109     217   99     218   160     219   12     220   237     221   110     222   78     223   41     224   109     225   53     226   54     227   1     228   158     229   92     230   97     231   177     232   106     233   217     234   180     235   123     236   219     237   25   
88   120  88   1     119   138     120   118     121   52     122   69     123   44     124   218     125   221     126   125     127   222     128   26     129   199     130   218     131   52     132   68     133   123     134   43     135   95     136   241     137   28     138   40     139   40     140   191     141   243     142   91     143   23     144   115     145   193     146   183     147   74     148   161     149   244     150   210     151   96     152   175     153   22     154   129     155   103     156   124     157   38     158   208     159   67     160   67     161   154     162   206     163   167     164   52     165   35     166   135     167   63     168   222     169   62     170   108     171   74     172   155     173   67     174   220     175   166     176   228     177   78     178   142     179   150     180   101     181   148     182   96     183   236     184   35     185   187     186   43     187   178     188   30     189   79     190   154     191   147     192   65     193   14     194   78     195   226     196   93     197   66     198   232     199   228     200   141     201   34     202   145     203   45     204   163     205   106     206   163     207   7     208   237     209   249     210   82     211   249     212   170     213   194     214   168     215   201     216   26     217   169     218   248     219   142     220   94     221   183     222   64     223   147     224   26     225   232     226   214     227   144     228   19     229   136     230   148     231   105     232   205     233   153     234   131     235   49     236   227     237   145   
89   120  89   1     119   241     120   202     121   105     122   246     123   130     124   12     125   228     126   52     127   19     128   186     129   94     130   177     131   105     132   80     133   252     134   129     135   76     136   102     137   73     138   192     139   213     140   62     141   55     142   238     143   231     144   206     145   173     146   103     147   82     148   41     149   98     150   232     151   139     152   140     153   65     154   95     155   222     156   194     157   195     158   185     159   5     160   5     161   67     162   161     163   213     164   105     165   84     166   30     167   199     168   19     169   97     170   112     171   250     172   229     173   5     174   66     175   115     176   208     177   235     178   83     179   184     180   143     181   233     182   139     183   137     184   142     185   156     186   198     187   149     188   24     189   254     190   67     191   188     192   99     193   170     194   88     195   35     196   74     197   163     198   43     199   208     200   164     201   128     202   237     203   36     204   150     205   131     206   119     207   85     208   47     209   63     210   17     211   209     212   136     213   110     214   217     215   244     216   186     217   127     218   153     219   236     220   234     221   103     222   242     223   188     224   186     225   43     226   74     227   102     228   69     229   127     230   233     231   116     232   86     233   180     234   14     235   109     236   226     237   103   
90   120  90   1     119   110     120   214     121   94     122   55     123   221     124   53     125   243     126   199     127   131     128   47     129   211     130   67     131   94     132   97     133   150     134   227     135   211     136   33     137   198     138   119     139   232     140   20     141   141     142   93     143   182     144   197     145   58     146   236     147   230     148   117     149   152     150   201     151   54     152   111     153   224     154   30     155   137     156   240     157   61     158   97     159   222     160   222     161   103     162   15     163   229     164   94     165   114     166   72     167   79     168   6     169   120     170   81     171   2     172   49     173   222     174   170     175   179     176   59     177   131     178   121     179   168     180   37     181   4     182   54     183   177     184   232     185   35     186   227     187   200     188   99     189   17     190   103     191   187     192   255     193   12     194   71     195   210     196   140     197   25     198   244     199   59     200   209     201   90     202   97     203   139     204   130     205   93     206   160     207   191     208   231     209   171     210   129     211   246     212   173     213   7     214   85     215   176     216   47     217   134     218   253     219   218     220   35     221   221     222   36     223   187     224   47     225   244     226   140     227   33     228   194     229   134     230   27     231   234     232   245     233   157     234   178     235   77     236   104     237   197   
91   120  91   1     119   167     120   228     121   21     122   2     123   180     124   103     125   140     126   152     127   161     128   5     129   146     130   229     131   21     132   158     133   216     134   131     135   182     136   162     137   235     138   62     139   211     140   65     141   174     142   204     143   198     144   50     145   253     146   25     147   245     148   91     149   16     150   231     151   190     152   184     153   90     154   41     155   77     156   85     157   238     158   158     159   204     160   109     161   49     162   154     163   44     164   21     165   72     166   181     167   100     168   94     169   164     170   143     171   97     172   173     173   109     174   138     175   176     176   65     177   161     178   24     179   162     180   104     181   202     182   190     183   213     184   211     185   199     186   131     187   205     188   251     189   94     190   49     191   57     192   207     193   67     194   112     195   46     196   59     197   58     198   202     199   65     200   247     201   223     202   158     203   56     204   59     205   204     206   220     207   243     208   73     209   54     210   196     211   250     212   153     213   217     214   69     215   134     216   132     217   215     218   170     219   167     220   199     221   220     222   176     223   57     224   132     225   159     226   59     227   162     228   33     229   184     230   95     231   107     232   35     233   136     234   12     235   195     236   171     237   50   
92   120  92   1     119   37     120   64     121   49     122   212     123   185     124   85     125   225     126   186     127   92     128   223     129   53     130   162     131   49     132   219     133   37     134   157     135   109     136   54     137   180     138   57     139   236     140   245     141   35     142   250     143   221     144   251     145   59     146   243     147   76     148   184     149   238     150   133     151   129     152   123     153   210     154   220     155   55     156   174     157   107     158   219     159   126     160   126     161   69     162   110     163   3     164   49     165   232     166   211     167   235     168   92     169   233     170   95     171   52     172   192     173   246     174   128     175   12     176   245     177   136     178   153     179   54     180   21     181   31     182   26     183   141     184   236     185   183     186   157     187   3     188   90     189   103     190   142     191   50     192   192     193   33     194   176     195   9     196   230     197   140     198   31     199   33     200   152     201   46     202   219     203   88     204   230     205   189     206   144     207   157     208   130     209   78     210   9     211   48     212   208     213   79     214   242     215   66     216   34     217   89     218   65     219   233     220   183     221   144     222   15     223   17     224   150     225   177     226   230     227   54     228   171     229   123     230   104     231   151     232   192     233   84     234   194     235   2     236   43     237   251   
93   120  93   1     119   132     120   53     121   112     122   77     123   198     124   142     125   25     126   209     127   235     128   201     129   84     130   221     131   96     132   6     133   132     134   79     135   139     136   67     137   151     138   8     139   72     140   253     141   170     142   116     143   247     144   187     145   18     146   211     147   59     148   203     149   82     150   247     151   224     152   155     153   164     154   37     155   78     156   53     157   165     158   6     159   76     160   76     161   95     162   156     163   23     164   96     165   124     166   110     167   107     168   235     169   157     170   252     171   89     172   169     173   76     174   206     175   92     176   253     177   166     178   123     179   67     180   233     181   178     182   162     183   159     184   72     185   128     186   79     187   23     188   54     189   249     190   136     191   47     192   169     193   176     194   163     195   101     196   122     197   146     198   155     199   176     200   197     201   251     202   6     203   223     204   58     205   242     206   58     207   79     208   106     209   33     210   101     211   109     212   121     213   44     214   222     215   200     216   167     217   253     218   106     219   113     220   128     221   30     222   75     223   74     224   183     225   174     226   58     227   67     228   12     229   117     230   178     231   245     232   169     233   144     234   179     235   26     236   194     237   187   
94   120  94   1     119   171     120   60     121   222     122   138     123   112     124   74     125   245     126   14     127   45     128   111     129   137     130   176     131   20     132   95     133   171     134   241     135   180     136   180     137   191     138   212     139   58     140   199     141   87     142   70     143   214     144   213     145   128     146   59     147   183     148   90     149   110     150   38     151   88     152   40     153   100     154   74     155   101     156   60     157   72     158   95     159   80     160   80     161   68     162   194     163   126     164   153     165   146     166   18     167   236     168   45     169   94     170   83     171   27     172   246     173   80     174   84     175   229     176   199     177   233     178   89     179   79     180   24     181   54     182   88     183   107     184   58     185   193     186   241     187   126     188   157     189   91     190   21     191   104     192   41     193   3     194   23     195   103     196   205     197   226     198   1     199   3     200   209     201   186     202   95     203   133     204   35     205   216     206   35     207   57     208   120     209   113     210   103     211   179     212   108     213   201     214   17     215   251     216   111     217   199     218   11     219   184     220   193     221   62     222   155     223   15     224   111     225   92     226   35     227   79     228   190     229   210     230   54     231   19     232   9     233   116     234   70     235   84     236   26     237   118   
95   120  95   1     119   218     120   39     121   45     122   109     123   135     124   27     125   220     126   114     127   122     128   152     129   96     130   159     131   29     132   161     133   218     134   46     135   245     136   177     137   212     138   173     139   172     140   137     141   77     142   16     143   212     144   188     145   200     146   30     147   62     148   244     149   42     150   72     151   141     152   58     153   170     154   143     155   139     156   39     157   98     158   180     159   116     160   116     161   105     162   201     163   237     164   143     165   189     166   150     167   120     168   122     169   6     170   191     171   221     172   23     173   116     174   134     175   147     176   137     177   56     178   63     179   91     180   22     181   167     182   141     183   78     184   172     185   2     186   46     187   197     188   125     189   70     190   105     191   161     192   136     193   206     194   214     195   97     196   9     197   10     198   171     199   203     200   237     201   135     202   60     203   107     204   8     205   166     206   8     207   103     208   48     209   5     210   219     211   204     212   83     213   251     214   93     215   174     216   152     217   35     218   50     219   63     220   2     221   94     222   246     223   192     224   152     225   171     226   109     227   91     228   117     229   38     230   167     231   36     232   75     233   235     234   16     235   93     236   111     237   60   
96   120  96   1     119   30     120   244     121   239     122   15     123   113     124   125     125   23     126   175     127   179     128   249     129   144     130   125     131   239     132   32     133   6     134   101     135   246     136   24     137   80     138   191     139   191     140   76     141   127     142   56     143   11     144   135     145   57     146   181     147   93     148   123     149   107     150   252     151   66     152   83     153   182     154   69     155   86     156   33     157   151     158   155     159   166     160   166     161   1     162   172     163   210     164   239     165   10     166   236     167   180     168   179     169   9     170   13     171   154     172   188     173   166     174   212     175   111     176   116     177   84     178   208     179   78     180   49     181   41     182   66     183   245     184   228     185   7     186   101     187   190     188   55     189   233     190   1     191   61     192   193     193   40     194   84     195   29     196   145     197   27     198   59     199   116     200   210     201   89     202   90     203   204     204   28     205   164     206   28     207   20     208   72     209   153     210   147     211   153     212   82     213   227     214   71     215   184     216   249     217   250     218   36     219   208     220   75     221   205     222   124     223   61     224   249     225   59     226   50     227   231     228   43     229   121     230   41     231   126     232   118     233   219     234   34     235   71     236   96     237   90   
97   120  97   1     119   248     120   38     121   1     122   124     123   218     124   18     125   67     126   158     127   178     128   142     129   205     130   24     131   1     132   216     133   97     134   80     135   242     136   153     137   113     138   61     139   134     140   93     141   204     142   88     143   201     144   40     145   50     146   20     147   110     148   121     149   151     150   81     151   75     152   207     153   109     154   64     155   16     156   58     157   218     158   4     159   131     160   131     161   106     162   32     163   134     164   1     165   214     166   191     167   185     168   178     169   29     170   168     171   110     172   206     173   131     174   231     175   34     176   5     177   219     178   82     179   137     180   69     181   220     182   75     183   76     184   200     185   247     186   129     187   102     188   36     189   96     190   106     191   135     192   26     193   182     194   196     195   250     196   167     197   39     198   230     199   5     200   163     201   108     202   210     203   126     204   236     205   87     206   44     207   91     208   232     209   208     210   181     211   208     212   193     213   195     214   148     215   123     216   142     217   48     218   116     219   95     220   86     221   20     222   114     223   135     224   142     225   230     226   251     227   153     228   99     229   173     230   220     231   166     232   209     233   155     234   21     235   15     236   94     237   20   
98   120  98   1     119   170     120   5     121   156     122   85     123   229     124   16     125   7     126   187     127   207     128   78     129   35     130   161     131   156     132   192     133   77     134   225     135   35     136   136     137   23     138   29     139   245     140   152     141   191     142   117     143   105     144   254     145   122     146   127     147   51     148   151     149   115     150   125     151   249     152   6     153   252     154   212     155   53     156   238     157   25     158   163     159   12     160   12     161   15     162   106     163   218     164   156     165   59     166   65     167   226     168   207     169   119     170   75     171   69     172   154     173   12     174   248     175   79     176   214     177   121     178   219     179   189     180   2     181   138     182   249     183   10     184   245     185   205     186   21     187   209     188   133     189   190     190   15     191   70     192   132     193   131     194   43     195   143     196   19     197   153     198   100     199   214     200   102     201   22     202   113     203   112     204   213     205   117     206   180     207   204     208   159     209   84     210   60     211   33     212   253     213   99     214   202     215   166     216   78     217   95     218   193     219   134     220   205     221   229     222   174     223   70     224   78     225   100     226   19     227   136     228   157     229   95     230   138     231   176     232   200     233   173     234   227     235   103     236   101     237   127   
99   119  99   1     119   73     120   136     121   254     122   224     123   138     124   186     125   216     126   86     127   116     128   127     129   17     130   248     131   254     132   107     133   7     134   50     135   17     136   228     137   98     138   111     139   48     140   33     141   158     142   137     143   206     144   21     145   12     146   132     147   171     148   53     149   156     150   212     151   205     152   240     153   69     154   113     155   91     156   175     157   207     158   107     160   253     161   133     162   182     163   220     164   254     165   246     166   250     167   42     168   238     169   217     170   72     171   90     172   14     173   253     174   229     175   87     176   33     177   116     178   244     179   228     180   80     181   180     182   205     183   13     184   48     185   190     186   50     187   249     188   49     189   152     190   133     191   34     192   25     193   193     194   164     195   60     196   194     197   178     198   27     199   33     200   75     201   74     202   107     203   1     204   194     205   137     206   218     207   150     208   134     209   200     210   46     211   65     212   38     213   195     214   252     215   32     216   127     217   237     218   67     219   73     220   190     221   138     222   87     223   34     224   127     225   27     226   194     227   228     228   214     229   240     230   232     231   106     232   54     233   5     234   122     235   99     236   51     237   21   
100   120  100   1     119   211     120   67     121   45     122   109     123   73     124   176     125   49     126   164     127   9     128   98     129   96     130   159     131   45     132   19     133   133     134   151     135   36     136   177     137   129     138   207     139   249     140   153     141   66     142   231     143   212     144   188     145   121     146   94     147   208     148   18     149   79     150   242     151   141     152   58     153   170     154   143     155   234     156   12     157   227     158   19     159   16     160   15     161   105     162   201     163   237     164   45     165   136     166   241     167   101     168   9     169   6     170   228     171   7     172   23     173   116     174   134     175   147     176   153     177   100     178   230     179   177     180   243     181   167     182   141     183   78     184   249     185   108     186   151     187   168     188   206     189   112     190   163     191   192     192   197     193   244     194   240     195   185     196   173     197   21     198   167     199   153     200   189     201   138     202   19     203   120     204   173     205   56     206   95     207   151     208   48     209   102     210   185     211   118     212   28     213   61     214   67     215   245     216   152     217   35     218   24     219   211     220   108     221   95     222   147     223   130     224   152     225   171     226   173     227   177     228   38     229   58     230   14     231   195     232   75     233   235     234   115     235   182     236   160     237   188   
101   120  101   1     119   153     120   148     121   46     122   202     123   91     124   98     125   118     126   225     127   99     128   83     129   188     130   88     131   242     132   162     133   153     134   95     135   145     136   6     137   20     138   110     139   57     140   29     141   240     142   25     143   230     144   232     145   73     146   116     147   70     148   198     149   30     150   230     151   168     152   221     153   163     154   86     155   155     156   138     157   248     158   162     159   14     160   14     161   2     162   43     163   186     164   242     165   119     166   62     167   205     168   99     169   239     170   217     171   33     172   161     173   167     174   53     175   210     176   29     177   169     178   17     179   6     180   246     181   66     182   158     183   122     184   57     185   174     186   95     187   186     188   10     189   42     190   192     191   173     192   161     193   215     194   90     195   1     196   213     197   231     198   77     199   215     200   140     201   191     202   162     203   45     204   130     205   21     206   130     207   95     208   9     209   97     210   1     211   111     212   132     213   252     214   233     215   179     216   109     217   176     218   9     219   234     220   174     221   16     222   104     223   184     224   177     225   199     226   130     227   6     228   89     229   221     230   66     231   115     232   161     233   255     234   134     235   39     236   108     237   232   
102   120  102   1     119   122     120   133     121   31     122   61     123   208     124   21     125   12     126   108     127   47     128   129     129   51     130   21     131   136     132   183     133   122     134   36     135   188     136   49     137   79     138   91     139   185     140   229     141   44     142   134     143   79     144   63     145   37     146   100     147   162     148   94     149   139     150   97     151   74     152   13     153   207     154   147     155   237     156   133     157   234     158   124     159   26     160   26     161   146     162   199     163   121     164   147     165   221     166   180     167   246     168   47     169   118     170   4     171   238     172   18     173   26     174   50     175   249     176   229     177   212     178   64     179   220     180   240     181   193     182   74     183   23     184   80     185   217     186   36     187   43     188   187     189   84     190   146     191   183     192   7     193   83     194   212     195   209     196   161     197   154     198   45     199   30     200   121     201   208     202   123     203   75     204   67     205   35     206   67     207   167     208   151     209   77     210   152     211   69     212   159     213   137     214   170     215   96     216   129     217   42     218   78     219   64     220   217     221   145     222   135     223   102     224   129     225   45     226   61     227   220     228   248     229   103     230   193     231   190     232   90     233   15     234   142     235   170     236   228     237   123   
103   120  103   1     119   194     120   69     121   83     122   97     123   214     124   251     125   140     126   254     127   191     128   167     129   43     130   251     131   83     132   216     133   152     134   161     135   198     136   90     137   193     138   146     139   146     140   128     141   120     142   130     143   122     144   16     145   77     146   39     147   158     148   99     149   15     150   115     151   46     152   141     153   107     154   121     155   89     156   239     157   124     158   81     159   7     160   7     161   207     162   178     163   5     164   83     165   181     166   31     167   232     168   191     169   249     170   226     171   158     172   222     173   7     174   157     175   20     176   2     177   218     178   134     179   3     180   123     181   33     182   46     183   138     184   41     185   196     186   161     187   93     188   227     189   203     190   207     191   86     192   37     193   238     194   218     195   100     196   228     197   22     198   206     199   2     200   5     201   56     202   116     203   199     204   65     205   132     206   65     207   119     208   155     209   210     210   103     211   210     212   216     213   126     214   250     215   197     216   167     217   235     218   195     219   134     220   215     221   8     222   52     223   86     224   167     225   206     226   55     227   101     228   162     229   224     230   33     231   183     232   129     233   252     234   91     235   6     236   117     237   116   
104   120  104   1     119   205     120   63     121   170     122   232     123   96     124   59     125   54     126   14     127   104     128   85     129   99     130   75     131   170     132   41     133   155     134   167     135   189     136   86     137   233     138   151     139   108     140   166     141   201     142   158     143   241     144   221     145   223     146   224     147   211     148   44     149   180     150   13     151   15     152   42     153   48     154   213     155   114     156   230     157   80     158   146     159   84     160   84     161   65     162   228     163   108     164   170     165   203     166   105     167   178     168   104     169   115     170   106     171   211     172   128     173   84     174   247     175   173     176   56     177   202     178   238     179   36     180   237     181   187     182   15     183   126     184   91     185   133     186   4     187   234     188   118     189   49     190   65     191   198     192   2     193   250     194   240     195   132     196   46     197   149     198   93     199   56     200   176     201   154     202   89     203   161     204   45     205   214     206   79     207   125     208   191     209   16     210   25     211   16     212   200     213   143     214   87     215   153     216   85     217   150     218   209     219   239     220   124     221   224     222   10     223   198     224   85     225   93     226   46     227   86     228   210     229   82     230   187     231   136     232   186     233   31     234   74     235   72     236   165     237   224   
105   120  105   1     119   95     120   43     121   224     122   161     123   211     124   123     125   206     126   216     127   51     128   112     129   239     130   245     131   224     132   14     133   105     134   4     135   239     136   76     137   181     138   227     139   168     140   55     141   15     142   87     143   72     144   2     145   42     146   1     147   148     148   74     149   85     150   228     151   204     152   50     153   231     154   162     155   166     156   121     157   52     158   14     159   100     160   100     161   125     162   81     163   35     164   224     165   39     166   13     167   29     168   115     169   178     170   177     171   218     172   210     173   100     174   48     175   140     176   71     177   51     178   223     179   234     180   229     181   169     182   204     183   86     184   168     185   150     186   80     187   137     188   212     189   243     190   125     191   195     192   40     193   230     194   92     195   130     196   98     197   188     198   208     199   71     200   53     201   73     202   128     203   124     204   94     205   87     206   165     207   106     208   249     209   93     210   233     211   10     212   27     213   30     214   24     215   59     216   112     217   247     218   242     219   205     220   150     221   211     222   136     223   195     224   112     225   208     226   98     227   76     228   28     229   247     230   169     231   114     232   189     233   145     234   225     235   201     236   44     237   2   
106   120  106   1     119   195     120   126     121   73     122   205     123   192     124   118     125   185     126   24     127   137     128   111     129   198     130   150     131   73     132   82     133   128     134   8     135   198     136   172     137   207     138   51     139   182     140   112     141   56     142   33     143   255     144   167     145   163     146   221     147   176     148   136     149   134     150   91     151   30     152   84     153   96     154   183     155   228     156   209     157   160     158   82     159   33     160   168     161   130     162   213     163   216     164   73     165   139     166   40     167   83     168   208     169   230     170   156     171   60     172   29     173   168     174   243     175   71     176   112     177   137     178   53     179   172     180   199     181   107     182   30     183   252     184   182     185   23     186   8     187   201     188   233     189   231     190   130     191   145     192   4     193   189     194   242     195   21     196   92     197   180     198   107     199   112     200   125     201   34     202   82     203   95     204   92     205   33     206   7     207   250     208   99     209   32     210   50     211   1     212   240     213   3     214   247     215   103     216   170     217   49     218   191     219   195     220   23     221   7     222   71     223   145     224   170     225   186     226   92     227   172     228   164     229   84     230   15     231   13     232   105     233   62     234   148     235   144     236   87     237   167   
107   120  107   1     119   41     120   99     121   187     122   7     123   155     124   20     125   207     126   249     127   39     128   131     129   200     130   206     131   187     132   240     133   25     134   87     135   156     136   170     137   219     138   93     139   143     140   109     141   221     142   154     143   52     144   79     145   234     146   169     147   246     148   78     149   56     150   201     151   19     152   137     153   195     154   225     155   127     156   91     157   88     158   240     159   47     160   47     161   197     162   254     163   98     164   187     165   252     166   22     167   158     168   39     169   163     170   69     171   29     172   165     173   15     174   198     175   149     176   109     177   32     178   36     179   170     180   119     181   38     182   128     183   134     184   143     185   185     186   87     187   162     188   227     189   205     190   228     191   217     192   165     193   106     194   168     195   51     196   222     197   83     198   38     199   106     200   241     201   157     202   240     203   84     204   222     205   232     206   23     207   87     208   113     209   65     210   51     211   110     212   116     213   148     214   99     215   212     216   8     217   129     218   182     219   41     220   185     221   23     222   247     223   4     224   211     225   125     226   222     227   170     228   253     229   137     230   58     231   6     232   250     233   193     234   18     235   183     236   59     237   79   
108   120  108   1     119   9     120   25     121   96     122   61     123   131     124   211     125   117     126   250     127   161     128   52     129   72     130   157     131   31     132   189     133   9     134   86     135   190     136   49     137   166     138   177     139   80     140   99     141   251     142   182     143   185     144   63     145   20     146   145     147   224     148   95     149   245     150   185     151   238     152   193     153   207     154   147     155   237     156   236     157   76     158   189     159   134     160   134     161   41     162   199     163   121     164   31     165   7     166   19     167   126     168   161     169   124     170   216     171   148     172   43     173   134     174   50     175   249     176   99     177   156     178   1     179   49     180   202     181   53     182   74     183   23     184   80     185   223     186   86     187   121     188   83     189   181     190   110     191   73     192   43     193   94     194   241     195   114     196   186     197   203     198   193     199   94     200   83     201   222     202   189     203   246     204   91     205   212     206   91     207   86     208   197     209   69     210   114     211   195     212   106     213   153     214   77     215   188     216   39     217   99     218   197     219   219     220   223     221   115     222   128     223   59     224   88     225   45     226   91     227   49     228   103     229   13     230   53     231   210     232   43     233   15     234   142     235   165     236   85     237   63   
109   120  109   1     119   131     120   154     121   80     122   37     123   76     124   52     125   193     126   135     127   127     128   46     129   84     130   93     131   118     132   109     133   131     134   125     135   225     136   225     137   245     138   103     139   120     140   220     141   8     142   237     143   57     144   72     145   30     146   87     147   144     148   254     149   1     150   107     151   160     152   47     153   58     154   84     155   21     156   154     157   106     158   109     159   197     160   197     161   179     162   79     163   203     164   158     165   138     166   148     167   65     168   127     169   66     170   180     171   222     172   176     173   197     174   121     175   11     176   220     177   210     178   143     179   167     180   175     181   161     182   160     183   146     184   120     185   62     186   125     187   203     188   34     189   97     190   89     191   227     192   195     193   113     194   7     195   75     196   231     197   198     198   47     199   113     200   244     201   102     202   109     203   141     204   248     205   190     206   248     207   9     208   41     209   99     210   75     211   44     212   95     213   91     214   229     215   70     216   186     217   220     218   20     219   56     220   62     221   196     222   192     223   168     224   46     225   28     226   248     227   167     228   218     229   133     230   161     231   187     232   74     233   240     234   201     235   121     236   241     237   174   
110   120  110   1     119   162     120   208     121   182     122   71     123   254     124   153     125   128     126   244     127   140     128   91     129   26     130   118     131   187     132   33     133   162     134   167     135   10     136   10     137   248     138   101     139   106     140   164     141   172     142   240     143   248     144   154     145   76     146   170     147   87     148   5     149   155     150   159     151   152     152   107     153   72     154   134     155   136     156   208     157   4     158   226     159   214     160   214     161   109     162   67     163   130     164   134     165   149     166   1     167   146     168   140     169   34     170   139     171   143     172   221     173   214     174   241     175   50     176   164     177   117     178   88     179   126     180   210     181   3     182   152     183   189     184   106     185   30     186   167     187   7     188   161     189   197     190   123     191   33     192   171     193   110     194   230     195   21     196   119     197   102     198   71     199   93     200   130     201   254     202   73     203   115     204   120     205   12     206   120     207   55     208   13     209   51     210   173     211   112     212   6     213   80     214   92     215   116     216   91     217   164     218   19     219   88     220   30     221   77     222   27     223   52     224   91     225   71     226   81     227   126     228   217     229   223     230   3     231   193     232   142     233   160     234   240     235   241     236   79     237   73   
111   120  111   1     119   191     120   111     121   159     122   209     123   212     124   137     125   239     126   196     127   4     128   193     129   105     130   137     131   159     132   163     133   129     134   183     135   16     136   62     137   47     138   27     139   27     140   68     141   246     142   157     143   47     144   134     145   44     146   133     147   42     148   8     149   215     150   142     151   36     152   74     153   75     154   20     155   5     156   111     157   89     158   70     159   148     160   148     161   177     162   10     163   77     164   159     165   158     166   81     167   52     168   4     169   80     170   174     171   247     172   213     173   148     174   204     175   41     176   217     177   122     178   50     179   59     180   205     181   243     182   36     183   222     184   176     185   48     186   183     187   170     188   76     189   30     190   177     191   163     192   92     193   66     194   122     195   113     196   216     197   240     198   83     199   217     200   77     201   212     202   26     203   242     204   192     205   235     206   192     207   33     208   186     209   57     210   167     211   57     212   251     213   128     214   107     215   43     216   193     217   15     218   138     219   50     220   116     221   67     222   56     223   210     224   193     225   83     226   3     227   126     228   140     229   119     230   243     231   71     232   166     233   29     234   220     235   107     236   225     237   26   
112   120  112   1     119   31     120   205     121   173     122   129     123   92     124   3     125   226     126   218     127   81     128   216     129   58     130   3     131   173     132   27     133   161     134   10     135   89     136   190     137   163     138   14     139   217     140   40     141   151     142   11     143   180     144   5     145   65     146   140     147   196     148   162     149   118     150   167     151   227     152   125     153   46     154   8     155   2     156   64     157   209     158   142     159   250     160   250     161   74     162   4     163   217     164   173     165   211     166   115     167   186     168   81     169   32     170   21     171   196     172   208     173   250     174   120     175   67     176   35     177   241     178   77     179   188     180   43     181   149     182   227     183   135     184   25     185   122     186   189     187   197     188   138     189   12     190   74     191   116     192   211     193   223     194   150     195   88     196   112     197   96     198   213     199   35     200   254     201   131     202   93     203   198     204   147     205   110     206   139     207   225     208   29     209   26     210   53     211   26     212   181     213   242     214   156     215   229     216   216     217   6     218   128     219   77     220   195     221   140     222   73     223   116     224   216     225   213     226   245     227   190     228   230     229   54     230   149     231   221     232   183     233   249     234   33     235   101     236   194     237   93   
113   120  113   1     119   211     120   203     121   69     122   231     123   17     124   174     125   95     126   19     127   219     128   172     129   243     130   54     131   69     132   155     133   30     134   180     135   243     136   78     137   185     138   50     139   190     140   224     141   182     142   166     143   250     144   90     145   230     146   45     147   93     148   160     149   223     150   241     151   77     152   121     153   134     154   144     155   36     156   244     157   151     158   9     159   242     160   242     161   64     162   72     163   190     164   69     165   10     166   236     167   6     168   219     169   122     170   103     171   73     172   60     173   242     174   35     175   194     176   76     177   84     178   208     179   106     180   220     181   146     182   77     183   139     184   191     185   7     186   101     187   91     188   210     189   216     190   64     191   251     192   188     193   210     194   164     195   89     196   28     197   142     198   102     199   76     200   186     201   215     202   3     203   109     204   254     205   166     206   83     207   105     208   247     209   137     210   29     211   47     212   232     213   113     214   16     215   33     216   172     217   108     218   245     219   96     220   55     221   45     222   118     223   251     224   172     225   102     226   28     227   78     228   43     229   108     230   146     231   246     232   204     233   196     234   104     235   212     236   8     237   45   
114   120  114   1     119   222     120   135     121   71     122   31     123   184     124   138     125   209     126   159     127   255     128   173     129   116     130   6     131   71     132   54     133   208     134   13     135   116     136   97     137   91     138   72     139   50     140   235     141   35     142   22     143   117     144   10     145   130     146   5     147   254     148   221     149   28     150   83     151   219     152   250     153   92     154   16     155   4     156   128     157   228     158   54     159   233     160   233     161   148     162   8     163   175     164   71     165   187     166   57     167   20     168   162     169   64     170   79     171   149     172   189     173   233     174   240     175   134     176   70     177   255     178   132     179   97     180   86     181   55     182   219     183   19     184   50     185   244     186   13     187   151     188   163     189   98     190   148     191   232     192   136     193   89     194   49     195   176     196   247     197   118     198   183     199   70     200   225     201   112     202   54     203   145     204   59     205   22     206   238     207   223     208   58     209   52     210   106     211   34     212   150     213   102     214   120     215   215     216   173     217   12     218   29     219   222     220   244     221   184     222   146     223   232     224   173     225   183     226   247     227   97     228   108     229   250     230   227     231   167     232   115     233   239     234   66     235   202     236   156     237   10   
115   120  115   1     119   44     120   2     121   227     122   37     123   160     124   77     125   107     126   20     127   67     128   214     129   165     130   221     131   227     132   123     133   192     134   12     135   133     136   250     137   38     138   164     139   237     140   72     141   36     142   22     143   14     144   122     145   124     146   61     147   232     148   204     149   53     150   248     151   17     152   126     153   80     154   98     155   150     156   55     157   240     158   123     159   191     160   252     161   195     162   49     163   180     164   227     165   64     166   60     167   244     168   102     169   149     170   210     171   34     172   157     173   252     174   4     175   234     176   72     177   67     178   161     179   250     180   79     181   208     182   17     183   130     184   237     185   146     186   12     187   35     188   19     189   26     190   54     191   87     192   6     193   109     194   139     195   145     196   114     197   238     198   208     199   72     200   205     201   51     202   123     203   203     204   114     205   191     206   138     207   12     208   220     209   48     210   43     211   143     212   136     213   92     214   2     215   218     216   255     217   167     218   110     219   44     220   146     221   138     222   234     223   87     224   255     225   231     226   114     227   250     228   246     229   126     230   68     231   147     232   211     233   33     234   222     235   216     236   242     237   122   
116   120  116   1     119   113     120   95     121   228     122   134     123   199     124   81     125   41     126   124     127   87     128   82     129   175     130   205     131   22     132   235     133   113     134   223     135   65     136   20     137   120     138   121     139   150     140   78     141   26     142   35     143   110     144   74     145   171     146   37     147   137     148   174     149   68     150   110     151   215     152   244     153   237     154   233     155   125     156   27     157   42     158   235     159   36     160   36     161   143     162   250     163   187     164   22     165   47     166   132     167   148     168   87     169   88     170   236     171   198     172   225     173   245     174   190     175   214     176   78     177   209     178   102     179   20     180   14     181   145     182   99     183   1     184   150     185   195     186   223     187   187     188   60     189   252     190   186     191   201     192   225     193   200     194   193     195   6     196   43     197   104     198   179     199   200     200   15     201   165     202   235     203   238     204   43     205   126     206   96     207   223     208   54     209   91     210   6     211   127     212   63     213   50     214   76     215   141     216   115     217   135     218   54     219   70     220   195     221   96     222   109     223   183     224   11     225   168     226   43     227   20     228   203     229   244     230   145     231   55     232   225     233   56     234   51     235   210     236   117     237   74   
117   120  117   1     119   11     120   158     121   193     122   12     123   128     124   175     125   37     126   16     127   120     128   118     129   88     130   35     131   133     132   151     133   11     134   251     135   253     136   200     137   138     138   34     139   47     140   171     141   54     142   208     143   15     144   155     145   194     146   150     147   43     148   240     149   207     150   15     151   159     152   185     153   1     154   218     155   184     156   158     157   192     158   151     159   62     160   62     161   191     162   109     163   144     164   133     165   242     166   48     167   98     168   120     169   46     170   232     171   40     172   243     173   62     174   162     175   122     176   171     177   5     178   38     179   200     180   254     181   80     182   159     183   168     184   47     185   26     186   251     187   144     188   91     189   186     190   56     191   126     192   166     193   214     194   87     195   215     196   101     197   216     198   185     199   214     200   69     201   60     202   151     203   165     204   104     205   93     206   104     207   251     208   33     209   57     210   215     211   245     212   160     213   187     214   230     215   53     216   70     217   171     218   33     219   130     220   26     221   241     222   234     223   169     224   2     225   39     226   104     227   200     228   51     229   147     230   80     231   137     232   24     233   94     234   19     235   224     236   145     237   49   
118   120  118   1     119   230     120   210     121   238     122   221     123   53     124   90     125   242     126   49     127   1     128   119     129   93     130   18     131   78     132   159     133   230     134   228     135   4     136   4     137   168     138   201     139   207     140   17     141   179     142   96     143   194     144   66     145   138     146   68     147   132     148   2     149   252     150   173     151   9     152   156     153   219     154   5     155   80     156   210     157   81     158   159     159   37     160   37     161   107     162   140     163   164     164   5     165   169     166   83     167   13     168   1     169   20     170   165     171   244     172   114     173   37     174   51     175   170     176   17     177   144     178   130     179   199     180   116     181   245     182   9     183   185     184   207     185   12     186   228     187   164     188   19     189   137     190   197     191   225     192   23     193   158     194   206     195   91     196   54     197   60     198   139     199   128     200   84     201   53     202   159     203   103     204   48     205   243     206   48     207   79     208   185     209   30     210   224     211   146     212   247     213   32     214   211     215   195     216   119     217   17     218   172     219   62     220   12     221   217     222   14     223   186     224   119     225   31     226   48     227   199     228   35     229   212     230   245     231   216     232   167     233   64     234   96     235   51     236   127     237   136   
