The following result corresponding the SNR point : 3.4 dB.
17 2 36 7 42 49 38 49 50 46 35 47 55 15 33 13 35 49 20 7 
0.0891604 -0.0543018 -0.672885 -0.781586 0.482657 -0.257336 -0.272641 0.404131 -0.20976 -0.999091 -0.0576267 -0.0471637 -0.807665 -0.818166 -0.108067 -0.452156 -0.277569 0.491153 0.383774 1.06815 
21 48 45 1 22 5 20 13 16 53 2 52 46 16 51 62 28 57 13 59 
-0.0128322 -0.301672 0.609382 -0.559345 -0.133816 -0.0381149 -0.633973 -0.45673 -0.148771 -0.83595 0.38787 0.375574 0.731909 -0.357692 0.239012 0.145582 -0.351246 0.00482821 0.371625 -0.0601309 
24 47 40 17 37 19 57 40 38 13 38 43 61 49 18 45 27 35 12 39 
-0.256146 -0.475001 0.100166 -0.0165932 1.07476 -0.617608 0.348214 0.201006 0.181869 -0.0914251 0.101365 0.484204 -0.48653 -0.389039 -0.214628 0.237026 -0.268926 -0.352698 0.772965 -0.369858 
42 43 50 29 42 63 61 54 30 20 48 13 47 55 46 5 46 21 26 7 
-0.360842 0.271161 -0.559169 0.571802 -0.312012 0.41526 0.722904 0.832683 -0.903236 0.405858 -0.219093 -0.311915 0.0776471 -0.415116 0.0514808 -0.333937 -0.0576012 0.606627 0.0516254 0.149711 
27 54 61 10 59 15 30 56 63 29 58 54 38 7 63 6 21 38 38 34 
-0.112037 0.682445 -0.761986 0.135043 0.56122 -0.400794 -0.471577 -0.394781 0.0399733 -0.846514 -0.294192 -0.109444 0.0807844 -0.514773 0.524364 0.679846 0.306884 0.578749 -0.662259 0.751748 
2 10 39 9 31 32 40 9 22 27 27 49 37 47 11 62 53 22 13 19 
-0.0601183 0.0927096 0.0573942 0.0964667 -0.415041 -0.799092 0.0879997 0.280795 -0.348913 0.304001 -0.351666 -0.149566 0.0990911 0.321611 0.258149 -0.494962 -0.127756 0.437122 0.364644 0.00398121 
33 62 30 19 19 18 62 29 9 51 55 6 15 45 43 36 12 13 60 34 
0.0633091 -0.349504 0.157705 -0.160236 -0.347308 0.138612 -0.398788 0.461718 0.318286 0.0931166 -0.168584 -0.0894893 -0.0513345 0.403689 0.741831 0.0848452 0.8851 -0.583644 -0.317471 0.560105 
29 15 33 27 56 17 43 36 32 24 37 42 17 36 58 47 45 33 24 54 
0.838384 -0.224933 0.495578 -0.100351 0.0421405 -0.721025 0.405465 0.36997 0.475937 0.568179 -0.115126 -0.011342 -0.314422 -0.686139 0.0747195 -0.718511 -0.644906 0.484877 0.13198 0.0523373 
2 5 28 61 14 6 17 54 44 47 43 23 14 46 0 0 61 54 55 16 
0.24833 -0.104977 -0.616283 -0.543844 -0.575974 0.144556 0.637238 -0.697352 0.6991 -0.269545 -0.628304 -0.230735 -0.0556149 -0.189362 0.73802 0.28377 0.0532254 -0.232742 -0.177481 -0.762553 
54 61 45 9 20 7 51 19 34 37 11 12 3 1 12 7 44 45 61 41 
0.0532729 0.332329 0.432398 -0.314292 0.640639 0.552132 0.207947 -0.346301 0.451501 0.144156 0.152919 0.439259 0.372873 -0.168386 0.554136 0.776191 -0.0174336 -0.0568989 -0.0763264 -0.936598 
5 43 11 25 4 1 38 3 31 42 6 45 8 60 0 29 15 33 56 40 
0.351777 -0.134215 0.726016 -0.532644 -0.0178652 0.200441 0.700118 0.170073 -0.359084 -0.112212 -0.395737 0.598312 0.418069 0.462688 -0.377036 0.0520629 0.0880726 -0.278677 0.57875 -0.782838 
11 9 60 43 22 13 19 58 11 1 17 39 54 24 33 6 38 57 60 34 
0.0986747 0.849666 -0.754829 0.329125 -0.278732 -0.749289 0.541154 0.0977454 0.0757443 0.685375 -0.44108 0.0697845 -0.0240779 -0.238675 0.521005 -0.0817125 0.444852 0.760294 0.463177 0.588653 
42 6 5 4 47 10 19 53 51 39 41 8 1 32 56 40 6 33 33 53 
-0.41968 0.115256 0.195107 0.11912 -0.779923 0.496346 -0.332796 0.650167 0.471197 -0.0628877 -0.281118 -0.202369 0.290041 -0.287809 0.355179 -0.567427 -0.822091 -0.239218 -0.746639 -0.602845 
20 2 24 60 34 13 9 9 37 1 36 1 6 60 30 23 1 53 41 14 
-0.258247 -0.803779 0.230789 -0.00246913 0.288543 -0.528567 -0.213513 0.264195 -0.192747 -0.298028 0.151525 -0.374521 -0.27001 0.236691 -0.678387 0.400061 1.041 -0.573872 -0.650357 -0.0877472 
The following result corresponding the SNR point : 3.4 dB.
17 2 36 7 42 49 38 49 50 46 35 47 55 15 33 13 35 49 20 7 
0.0891604 -0.0543018 -0.672885 -0.781586 0.482657 -0.257336 -0.272641 0.404131 -0.20976 -0.999091 -0.0576267 -0.0471637 -0.807665 -0.818166 -0.108067 -0.452156 -0.277569 0.491153 0.383774 1.06815 
21 48 45 1 22 5 20 13 16 53 2 52 46 16 51 62 28 57 13 59 
-0.0128322 -0.301672 0.609382 -0.559345 -0.133816 -0.0381149 -0.633973 -0.45673 -0.148771 -0.83595 0.38787 0.375574 0.731909 -0.357692 0.239012 0.145582 -0.351246 0.00482821 0.371625 -0.0601309 
24 47 40 17 37 19 57 40 38 13 38 43 61 49 18 45 27 35 12 39 
-0.256146 -0.475001 0.100166 -0.0165932 1.07476 -0.617608 0.348214 0.201006 0.181869 -0.0914251 0.101365 0.484204 -0.48653 -0.389039 -0.214628 0.237026 -0.268926 -0.352698 0.772965 -0.369858 
42 43 50 29 42 63 61 54 30 20 48 13 47 55 46 5 46 21 26 7 
-0.360842 0.271161 -0.559169 0.571802 -0.312012 0.41526 0.722904 0.832683 -0.903236 0.405858 -0.219093 -0.311915 0.0776471 -0.415116 0.0514808 -0.333937 -0.0576012 0.606627 0.0516254 0.149711 
27 54 61 10 59 15 30 56 63 29 58 54 38 7 63 6 21 38 38 34 
-0.112037 0.682445 -0.761986 0.135043 0.56122 -0.400794 -0.471577 -0.394781 0.0399733 -0.846514 -0.294192 -0.109444 0.0807844 -0.514773 0.524364 0.679846 0.306884 0.578749 -0.662259 0.751748 
2 10 39 9 31 32 40 9 22 27 27 49 37 47 11 62 53 22 13 19 
-0.0601183 0.0927096 0.0573942 0.0964667 -0.415041 -0.799092 0.0879997 0.280795 -0.348913 0.304001 -0.351666 -0.149566 0.0990911 0.321611 0.258149 -0.494962 -0.127756 0.437122 0.364644 0.00398121 
33 62 30 19 19 18 62 29 9 51 55 6 15 45 43 36 12 13 60 34 
0.0633091 -0.349504 0.157705 -0.160236 -0.347308 0.138612 -0.398788 0.461718 0.318286 0.0931166 -0.168584 -0.0894893 -0.0513345 0.403689 0.741831 0.0848452 0.8851 -0.583644 -0.317471 0.560105 
29 15 33 27 56 17 43 36 32 24 37 42 17 36 58 47 45 33 24 54 
0.838384 -0.224933 0.495578 -0.100351 0.0421405 -0.721025 0.405465 0.36997 0.475937 0.568179 -0.115126 -0.011342 -0.314422 -0.686139 0.0747195 -0.718511 -0.644906 0.484877 0.13198 0.0523373 
2 5 28 61 14 6 17 54 44 47 43 23 14 46 0 0 61 54 55 16 
0.24833 -0.104977 -0.616283 -0.543844 -0.575974 0.144556 0.637238 -0.697352 0.6991 -0.269545 -0.628304 -0.230735 -0.0556149 -0.189362 0.73802 0.28377 0.0532254 -0.232742 -0.177481 -0.762553 
5 43 11 25 4 1 38 3 31 42 6 45 8 60 0 29 15 33 56 40 
0.351777 -0.134215 0.726016 -0.532644 -0.0178652 0.200441 0.700118 0.170073 -0.359084 -0.112212 -0.395737 0.598312 0.418069 0.462688 -0.377036 0.0520629 0.0880726 -0.278677 0.57875 -0.782838 
11 9 60 43 22 13 19 58 11 1 17 39 54 24 33 6 38 57 60 34 
0.0986747 0.849666 -0.754829 0.329125 -0.278732 -0.749289 0.541154 0.0977454 0.0757443 0.685375 -0.44108 0.0697845 -0.0240779 -0.238675 0.521005 -0.0817125 0.444852 0.760294 0.463177 0.588653 
The following result corresponding the SNR point : 4 dB.
2 5 28 61 14 6 17 54 44 47 43 23 14 46 0 0 61 54 55 16 
0.204506 -0.0707218 -0.602398 -0.534794 -0.564779 0.107659 0.621954 -0.678056 0.679687 -0.278803 -0.613616 -0.242584 -0.0791516 -0.203971 0.716009 0.292078 0.0769217 -0.244456 -0.138386 -0.738904 
29 28 18 16 44 43 63 15 20 54 47 6 26 47 56 1 8 38 56 51 
0.269546 -0.0609024 -0.165087 0.117099 0.620481 -0.469199 -0.643072 -0.243829 0.527027 -0.548882 -0.16167 -0.393152 -0.463986 0.122303 -0.291933 -0.239844 0.340183 -0.432612 -0.326812 -0.499891 
38 48 9 52 2 58 56 56 41 43 62 13 34 2 63 5 39 62 48 56 
-0.00297902 -0.260166 0.748066 -0.591041 -0.601975 0.657971 -0.330182 -0.617297 -0.39893 -0.0112503 0.475147 0.784058 0.0200744 -0.119055 -0.777282 0.319615 -0.300794 -0.779244 0.124899 -0.0549775 
The following result corresponding the SNR point : 4 dB.
2 5 28 61 14 6 17 54 44 47 43 23 14 46 0 0 61 54 55 16 
0.204506 -0.0707218 -0.602398 -0.534794 -0.564779 0.107659 0.621954 -0.678056 0.679687 -0.278803 -0.613616 -0.242584 -0.0791516 -0.203971 0.716009 0.292078 0.0769217 -0.244456 -0.138386 -0.738904 
29 28 18 16 44 43 63 15 20 54 47 6 26 47 56 1 8 38 56 51 
0.269546 -0.0609024 -0.165087 0.117099 0.620481 -0.469199 -0.643072 -0.243829 0.527027 -0.548882 -0.16167 -0.393152 -0.463986 0.122303 -0.291933 -0.239844 0.340183 -0.432612 -0.326812 -0.499891 
The following result corresponding the SNR point : 4 dB.
2 5 28 61 14 6 17 54 44 47 43 23 14 46 0 0 61 54 55 16 
0.204506 -0.0707218 -0.602398 -0.534794 -0.564779 0.107659 0.621954 -0.678056 0.679687 -0.278803 -0.613616 -0.242584 -0.0791516 -0.203971 0.716009 0.292078 0.0769217 -0.244456 -0.138386 -0.738904 
The following result corresponding the SNR point : 4 dB.
2 5 28 61 14 6 17 54 44 47 43 23 14 46 0 0 61 54 55 16 
0.204506 -0.0707218 -0.602398 -0.534794 -0.564779 0.107659 0.621954 -0.678056 0.679687 -0.278803 -0.613616 -0.242584 -0.0791516 -0.203971 0.716009 0.292078 0.0769217 -0.244456 -0.138386 -0.738904 
29 28 18 16 44 43 63 15 20 54 47 6 26 47 56 1 8 38 56 51 
0.269546 -0.0609024 -0.165087 0.117099 0.620481 -0.469199 -0.643072 -0.243829 0.527027 -0.548882 -0.16167 -0.393152 -0.463986 0.122303 -0.291933 -0.239844 0.340183 -0.432612 -0.326812 -0.499891 
38 48 9 52 2 58 56 56 41 43 62 13 34 2 63 5 39 62 48 56 
-0.00297902 -0.260166 0.748066 -0.591041 -0.601975 0.657971 -0.330182 -0.617297 -0.39893 -0.0112503 0.475147 0.784058 0.0200744 -0.119055 -0.777282 0.319615 -0.300794 -0.779244 0.124899 -0.0549775 
The following result corresponding the SNR point : 4 dB.
2 5 28 61 14 6 17 54 44 47 43 23 14 46 0 0 61 54 55 16 
0.204506 -0.0707218 -0.602398 -0.534794 -0.564779 0.107659 0.621954 -0.678056 0.679687 -0.278803 -0.613616 -0.242584 -0.0791516 -0.203971 0.716009 0.292078 0.0769217 -0.244456 -0.138386 -0.738904 
The following result corresponding the SNR point : 3.4 dB.
42 4 8 59 63 4 47 31 43 11 53 30 1 44 31 16 34 52 62 46 
-0.684228 0.329927 -0.764103 0.684536 -0.670383 -0.107793 -0.425512 -0.249394 0.961937 0.279731 -0.654389 -0.132909 -0.727412 -0.240927 0.118262 0.579863 -0.513668 -0.394519 0.223192 0.863514 
21 48 45 1 22 5 20 13 16 53 2 52 46 16 51 62 28 57 13 59 
-0.0128322 -0.301672 0.609382 -0.559345 -0.133816 -0.0381149 -0.633973 -0.45673 -0.148771 -0.83595 0.38787 0.375574 0.731909 -0.357692 0.239012 0.145582 -0.351246 0.00482821 0.371625 -0.0601309 
24 47 40 17 37 19 57 40 38 13 38 43 61 49 18 45 27 35 12 39 
-0.256146 -0.475001 0.100166 -0.0165932 1.07476 -0.617608 0.348214 0.201006 0.181869 -0.0914251 0.101365 0.484204 -0.48653 -0.389039 -0.214628 0.237026 -0.268926 -0.352698 0.772965 -0.369858 
42 43 50 29 42 63 61 54 30 20 48 13 47 55 46 5 46 21 26 7 
-0.360842 0.271161 -0.559169 0.571802 -0.312012 0.41526 0.722904 0.832683 -0.903236 0.405858 -0.219093 -0.311915 0.0776471 -0.415116 0.0514808 -0.333937 -0.0576012 0.606627 0.0516254 0.149711 
2 10 39 9 31 32 40 9 22 27 27 49 37 47 11 62 53 22 13 19 
-0.0601183 0.0927096 0.0573942 0.0964667 -0.415041 -0.799092 0.0879997 0.280795 -0.348913 0.304001 -0.351666 -0.149566 0.0990911 0.321611 0.258149 -0.494962 -0.127756 0.437122 0.364644 0.00398121 
33 62 30 19 19 18 62 29 9 51 55 6 15 45 43 36 12 13 60 34 
0.0633091 -0.349504 0.157705 -0.160236 -0.347308 0.138612 -0.398788 0.461718 0.318286 0.0931166 -0.168584 -0.0894893 -0.0513345 0.403689 0.741831 0.0848452 0.8851 -0.583644 -0.317471 0.560105 
29 15 33 27 56 17 43 36 32 24 37 42 17 36 58 47 45 33 24 54 
0.838384 -0.224933 0.495578 -0.100351 0.0421405 -0.721025 0.405465 0.36997 0.475937 0.568179 -0.115126 -0.011342 -0.314422 -0.686139 0.0747195 -0.718511 -0.644906 0.484877 0.13198 0.0523373 
2 5 28 61 14 6 17 54 44 47 43 23 14 46 0 0 61 54 55 16 
0.24833 -0.104977 -0.616283 -0.543844 -0.575974 0.144556 0.637238 -0.697352 0.6991 -0.269545 -0.628304 -0.230735 -0.0556149 -0.189362 0.73802 0.28377 0.0532254 -0.232742 -0.177481 -0.762553 
54 61 45 9 20 7 51 19 34 37 11 12 3 1 12 7 44 45 61 41 
0.0532729 0.332329 0.432398 -0.314292 0.640639 0.552132 0.207947 -0.346301 0.451501 0.144156 0.152919 0.439259 0.372873 -0.168386 0.554136 0.776191 -0.0174336 -0.0568989 -0.0763264 -0.936598 
5 43 11 25 4 1 38 3 31 42 6 45 8 60 0 29 15 33 56 40 
0.351777 -0.134215 0.726016 -0.532644 -0.0178652 0.200441 0.700118 0.170073 -0.359084 -0.112212 -0.395737 0.598312 0.418069 0.462688 -0.377036 0.0520629 0.0880726 -0.278677 0.57875 -0.782838 
11 9 60 43 22 13 19 58 11 1 17 39 54 24 33 6 38 57 60 34 
0.0986747 0.849666 -0.754829 0.329125 -0.278732 -0.749289 0.541154 0.0977454 0.0757443 0.685375 -0.44108 0.0697845 -0.0240779 -0.238675 0.521005 -0.0817125 0.444852 0.760294 0.463177 0.588653 
42 6 5 4 47 10 19 53 51 39 41 8 1 32 56 40 6 33 33 53 
-0.41968 0.115256 0.195107 0.11912 -0.779923 0.496346 -0.332796 0.650167 0.471197 -0.0628877 -0.281118 -0.202369 0.290041 -0.287809 0.355179 -0.567427 -0.822091 -0.239218 -0.746639 -0.602845 
20 2 24 60 34 13 9 9 37 1 36 1 6 60 30 23 1 53 41 14 
-0.258247 -0.803779 0.230789 -0.00246913 0.288543 -0.528567 -0.213513 0.264195 -0.192747 -0.298028 0.151525 -0.374521 -0.27001 0.236691 -0.678387 0.400061 1.041 -0.573872 -0.650357 -0.0877472 
33 33 46 44 53 18 36 35 7 16 6 28 35 10 46 40 30 16 45 42 
0.431738 -0.502033 0.215805 -0.33651 -0.501148 0.270387 -0.0886163 0.174294 -0.539912 -0.0616372 -0.692917 -0.3067 -0.322171 0.471266 -0.0711496 0.47882 -0.0743615 0.118231 -0.654303 -0.253694 
29 22 21 21 6 49 20 11 44 1 20 15 55 61 0 54 23 56 18 59 
0.717973 -0.708274 0.581053 0.431764 0.27147 -0.0729739 -0.752963 0.399144 0.792972 -0.486332 0.115619 -0.718773 0.771179 -0.470613 0.0918542 -0.723935 0.202915 -0.992794 0.725812 -0.340596 
49 53 25 18 50 40 41 21 3 7 34 45 1 24 63 62 8 37 5 33 
0.737362 -0.469709 -0.428379 -0.710617 0.510506 0.51606 0.593597 -0.0581632 0.247643 0.445388 0.209232 0.114746 0.155294 -0.0912457 -0.0241364 0.384044 0.515352 -0.928017 -0.143361 0.452623 
29 28 18 16 44 43 63 15 20 54 47 6 26 47 56 1 8 38 56 51 
0.259626 -0.0360605 -0.206092 0.0962759 0.635659 -0.473558 -0.659867 -0.23207 0.535522 -0.617335 -0.20243 -0.392072 -0.467973 0.101852 -0.283614 -0.2278 0.335315 -0.434354 -0.320987 -0.506445 
5 5 32 61 48 25 33 14 61 28 4 40 43 51 32 33 39 2 37 18 
0.335956 -0.410741 0.345427 -0.703391 0.0116605 -0.272849 -0.348755 -0.712188 0.130147 -0.80348 0.262234 -0.450432 -0.760034 -0.49334 0.131779 -0.604794 -0.405222 0.556788 0.405081 -0.783715 
15 54 14 4 26 61 50 48 17 0 50 23 61 17 53 12 15 42 2 10 
0.691832 0.134753 0.157718 0.401386 -0.849395 -0.324656 -0.442737 0.0267998 0.386581 -0.042664 -0.308013 0.505601 -0.119109 0.377892 0.00986954 1.11312 -0.299008 -0.619825 -0.832981 -0.603777 
20 23 28 52 36 15 55 16 8 26 10 61 11 28 3 30 30 36 10 30 
0.547551 -0.254369 0.426616 -0.374106 0.429994 -0.737824 -0.0241104 0.721476 0.673203 -0.184895 -0.0191853 -0.466245 -0.486147 -0.985942 0.629998 0.189985 0.417792 -0.736915 -0.347636 -0.178312 
11 1 60 50 54 61 24 62 15 11 23 0 21 4 33 30 27 47 44 22 
0.184815 0.120482 -0.375171 0.572426 -0.0506675 -0.417056 -0.248904 0.0329991 0.241277 -0.8738 -0.327169 -0.182131 -0.505763 -0.509267 0.0872589 0.675102 0.770626 -0.170562 -0.365057 0.249843 
17 18 11 32 16 60 23 7 37 4 25 40 2 50 5 17 14 41 55 51 
0.23265 -0.861123 -0.512772 0.363501 1.01339 -0.93794 0.190513 0.170271 -0.17758 0.0088904 -0.405496 -0.558512 0.618539 0.209715 -0.644362 0.453992 -0.290421 -0.588648 -0.596732 -0.240288 
29 29 42 25 35 58 33 41 32 31 43 17 37 60 57 8 21 43 32 60 
0.279947 -0.603999 0.0956531 0.180482 0.507693 -0.800086 0.734374 -0.172696 -0.0656543 0.0679637 0.763875 -0.415164 -0.686319 0.738816 -0.672387 0.614619 -0.492573 0.703337 -0.213988 0.353932 
54 24 50 23 10 18 49 50 60 32 59 39 17 32 57 45 16 47 45 19 
0.0200468 -0.0191903 -0.321767 -0.616391 -0.197685 -0.1742 -0.359325 -0.373349 -0.558739 0.0515096 0.370147 -0.600045 -0.429542 0.341692 0.160731 -0.812842 0.594947 0.535949 0.637122 -0.0101238 
31 46 39 30 31 60 47 30 22 56 61 56 48 19 30 11 15 4 26 61 
0.0971521 -0.175415 0.726072 0.529859 0.237432 -0.592456 -0.816225 0.167254 0.172805 -0.1527 -0.536836 1.03062 0.25834 0.104851 0.324 -0.118719 -0.379209 0.297805 -0.632635 0.556468 
13 56 11 28 1 54 3 62 12 33 12 33 60 62 17 36 47 34 41 53 
0.625405 0.139079 0.338851 0.698427 -0.444999 -0.059905 -0.726485 -0.288968 -0.116986 0.527239 0.192589 0.579005 0.234879 0.507284 -0.663229 -0.26784 -0.513223 -0.29226 0.249707 -0.563848 
29 59 38 15 9 32 24 38 46 54 56 60 62 3 40 29 4 30 46 12 
0.983528 0.0727822 0.570201 0.300533 -0.123606 -0.284487 0.183012 0.772636 -0.0164477 0.55461 0.0629565 1.16271 -0.416326 0.966714 -0.128857 -0.0971922 -0.394207 0.902092 0.282239 0.453123 
42 36 59 49 34 60 4 25 52 52 59 56 15 59 21 54 37 13 57 5 
-0.871182 0.179066 -0.719635 0.689102 -0.282026 0.538469 -0.640799 -0.272404 0.53951 -0.399726 -0.559719 1.06078 0.411632 0.743238 0.262157 0.311451 0.290804 0.585301 0.379047 -0.087694 
38 48 9 52 2 58 56 56 41 43 62 13 34 2 63 5 39 62 48 56 
0.0260056 -0.307971 0.77237 -0.604114 -0.61583 0.675831 -0.324599 -0.632248 -0.398264 0.0171427 0.479932 0.810936 -0.00768748 -0.098372 -0.803675 0.313276 -0.293109 -0.805778 0.163029 -0.0297118 
2 25 47 11 4 57 21 43 15 39 47 20 9 62 27 63 53 60 33 43 
-0.520184 0.0793405 0.401327 -0.91637 -0.176734 -0.624477 -0.195335 -1.10017 -0.620336 -0.0590419 -0.57498 -0.414105 0.40246 0.461675 0.460442 0.243785 -0.600623 0.0351511 0.648289 -0.281625 
49 31 44 34 1 24 23 24 60 49 28 11 36 53 33 16 62 32 21 43 
0.236542 -0.0528735 -0.719371 -0.17243 0.874008 0.289033 0.00764296 0.179503 0.412993 0.44424 -0.232039 -0.654065 -0.140041 -0.232309 0.200662 -0.0249353 -0.0611423 0.309581 -0.0126187 0.0947449 
20 45 33 38 5 34 58 59 6 23 59 9 51 2 50 14 38 37 31 52 
-0.49357 -0.362169 0.27949 -0.766606 0.113843 -0.273852 0.490922 -0.557867 0.261398 0.0584638 -0.96229 0.606473 0.639122 -0.243878 -0.0971814 -0.408383 -0.282679 0.328385 -0.621417 -0.320275 
34 32 35 3 52 11 19 45 26 54 3 13 54 26 18 16 42 30 42 12 
-0.240126 0.461643 -0.360922 -0.923043 -0.404373 0.865732 -0.416377 -0.108753 -0.162308 -0.854872 -0.428016 0.311927 0.887554 0.363989 -0.357634 -0.0230566 -0.712847 0.328767 0.536799 0.466988 
32 21 36 40 52 61 23 5 7 57 54 7 59 8 50 22 44 52 50 9 
-0.53462 -0.384334 -0.241078 -0.253834 -0.325001 0.130988 0.403243 -0.233817 -0.256929 0.183646 0.394303 -0.566105 -0.448846 -0.289186 0.578106 0.497971 -0.297545 0.375776 -0.532649 -0.565959 
63 8 26 6 36 24 44 48 1 31 33 56 14 46 19 36 19 25 46 10 
0.64556 0.59895 0.587928 1.08329 0.335765 0.195471 -1.17364 0.0532216 0.106213 -0.221784 -0.141532 -0.447618 0.0121561 -0.0371498 -0.560403 0.479774 -0.196159 -0.238862 -0.609274 -0.294786 
28 8 5 4 13 55 1 0 26 29 17 3 41 62 59 7 18 19 61 53 
-0.229548 -0.784666 -0.035943 -0.333225 0.588738 0.0868215 0.385625 -0.388275 0.00151835 -0.066487 -0.741019 -0.328739 0.615318 -0.879077 0.811668 0.0380218 -0.198374 -0.622094 -0.314102 -0.32 
5 4 28 14 24 60 49 12 30 43 30 10 28 41 4 52 51 35 47 14 
0.37539 -0.502598 0.140639 -0.334082 -0.196543 0.285194 -0.148205 -0.449572 -0.265546 -0.294882 -0.272327 -0.0320771 0.0252557 -0.122656 0.967748 0.536287 -0.0840027 -0.699009 -0.860488 0.490015 
3 7 41 27 24 56 11 1 57 50 54 31 49 30 48 37 48 7 55 45 
1.01104 0.202632 -0.0742723 -0.456276 -0.570242 -0.388004 -0.224171 1.0996 0.00488572 -0.136846 -0.0407315 0.465851 0.601347 -0.389502 -0.65008 0.485754 -0.368454 0.321678 0.69422 0.300564 
29 30 58 10 10 41 61 31 37 31 61 11 26 10 28 59 43 14 17 12 
0.588073 -0.0540777 0.124375 0.0653747 0.0994907 -0.194635 0.415531 0.361875 -0.226836 0.273301 0.834707 -0.53782 -0.193868 0.102783 -0.4574 0.375266 0.67895 0.471931 -0.246313 0.654657 
47 50 55 57 63 26 52 0 14 37 50 30 3 60 9 18 16 23 33 7 
-0.127946 -0.0289634 0.19277 0.272311 -0.494033 0.772286 -0.366567 -0.221524 -0.351302 -0.595016 0.657215 0.321254 -0.0249927 0.457917 0.0186275 -0.531246 0.683567 0.646397 0.0566289 -0.331363 
10 59 26 54 8 10 25 19 4 0 17 15 28 60 59 37 21 43 59 46 
-0.480924 1.03725 -0.770014 0.344674 -0.603191 -0.864033 0.329743 1.19917 -0.586978 0.653026 0.704461 0.102885 -0.499271 0.192147 -0.608022 0.212195 0.10054 -0.407839 -0.494207 -0.174896 
50 30 42 15 29 21 54 42 40 49 61 62 49 1 63 52 61 23 59 62 
-0.184611 0.232317 -0.58782 -0.453723 -0.0694672 0.448512 -0.703739 0.838128 0.494837 0.441653 0.479255 -0.375528 -0.453096 1.14408 -0.437252 0.269891 -0.233672 0.796974 0.236406 0.763989 
52 33 50 45 50 60 5 19 58 55 60 44 47 20 47 43 40 7 16 34 
-0.581852 -0.507088 0.402885 -0.664598 0.0308406 0.92242 0.390484 -0.645364 -0.279656 -0.412937 -0.675616 0.13039 -0.3464 0.30567 0.10629 -0.465546 0.0565142 0.0716594 -0.0913594 -0.400271 
35 63 31 45 19 42 8 15 34 52 37 4 3 58 25 63 22 0 11 43 
0.0462621 0.457087 -0.381838 0.0878726 -0.315885 0.0441362 0.293118 0.543389 0.0405339 0.162992 0.363954 0.176135 0.367777 -0.233292 0.441667 0.290018 0.385847 -0.523361 0.411341 -0.501807 
1 47 8 27 44 42 42 63 1 22 58 22 7 59 13 42 56 58 53 55 
0.411896 -0.110754 -0.896099 -0.538222 -0.502293 -0.149432 0.375527 0.219954 0.614879 0.685711 0.177466 -0.101664 -0.745318 -0.566705 -0.135602 0.646126 -0.945192 -0.517552 0.726277 0.140333 
4 44 5 40 10 51 19 16 27 22 61 15 43 11 57 24 62 41 49 31 
0.292978 -0.076863 0.305323 -0.207813 -0.523889 -0.496441 -0.295076 -0.361892 0.109708 0.532995 -0.184667 0.560536 0.429319 -0.587638 0.357576 -0.433839 -0.757556 0.176621 -0.563001 -0.0239021 
25 56 21 2 34 38 3 27 26 32 8 13 14 25 12 57 33 36 46 44 
0.117636 0.0373158 -0.347642 0.242032 0.648967 -0.482592 -0.321686 -0.244898 -0.374683 0.770978 0.450912 0.369079 0.198694 -0.604315 0.429525 -0.132976 0.29418 -0.326964 -0.197065 -0.250803 
63 56 18 38 8 7 5 23 36 61 28 1 48 54 12 8 59 31 52 36 
-0.150539 0.537533 0.155374 0.569772 0.449785 0.0478636 0.183099 -0.0169306 0.121277 0.0713597 0.404203 0.280839 -0.16425 0.240598 -0.118199 -0.3372 0.141346 -0.742322 -0.472267 -0.233675 
35 27 39 37 44 57 33 0 48 25 49 43 14 59 27 47 60 21 26 59 
-0.554366 0.607901 -0.452496 -0.316751 -0.314482 -0.0463335 0.101126 0.108906 -0.591602 0.0526408 0.256742 -0.258432 -0.056467 0.776266 0.261673 -0.66278 -0.168466 0.476162 0.279204 -0.264802 
4 2 0 31 56 26 49 10 32 27 44 58 49 17 2 58 18 22 35 24 
-0.427074 -0.452253 -0.0230039 0.159522 -0.636873 -0.723071 -0.747012 0.619083 -0.715087 0.210798 -0.581398 -0.0746262 -0.278265 -0.366117 -0.165492 -0.537313 -0.283583 -0.478372 0.692782 0.208755 
45 61 13 4 18 29 56 35 1 21 28 19 50 62 59 0 13 11 40 55 
1.0147 -0.259616 0.52904 0.797325 -0.693182 0.369498 -0.0688943 -0.519565 0.580861 0.318501 0.46108 0.183356 0.18202 -0.0189693 0.202071 -0.0795795 0.222878 0.277078 -0.806594 -0.384199 
13 26 8 22 1 61 38 23 38 7 12 8 51 41 3 58 9 46 56 40 
0.464377 0.114506 0.922422 1.0666 -0.80865 -0.635011 -0.786855 0.492742 -0.390372 0.629337 0.552329 0.596831 -0.311041 -1.07543 -0.615083 0.673485 -0.539826 -0.495488 -0.697322 0.488861 
26 52 17 3 19 35 32 24 51 19 41 27 12 47 63 41 11 10 12 8 
-0.868137 -0.139701 -0.132106 0.376741 0.356528 -0.561353 0.283736 -0.168524 0.31944 -0.0839049 0.124744 0.290367 1.03399 0.020113 -0.338608 -0.645795 0.142248 -0.870878 0.558562 0.696753 
41 28 4 26 42 11 57 2 63 11 21 43 37 22 38 9 7 29 15 24 
0.659551 -0.485785 -0.40658 -0.175655 -0.190116 0.114009 -0.430997 -0.09032 0.0221988 0.245585 0.525774 -0.585894 -0.0671346 -0.825565 0.3714 -0.56702 0.0756561 -0.0651171 -0.672954 0.389432 
54 51 46 44 28 1 58 17 61 22 14 8 21 17 52 37 42 22 10 7 
0.0471794 0.614686 -0.0534236 -0.198727 0.0248896 0.754627 0.551471 1.01461 -0.33692 -0.16055 0.203581 0.362765 -0.777686 0.109604 1.05342 0.378671 -0.539618 0.138842 -0.514898 0.313978 
44 54 34 18 19 14 41 49 28 29 41 34 48 13 40 27 20 51 52 18 
-0.610399 -0.146291 0.289765 0.870365 -0.339904 0.294931 -0.43517 0.71066 -0.181511 -0.0632141 0.0755678 0.614433 0.0310108 -0.093859 -0.801122 -0.154583 -0.0522953 -0.0110906 0.0396518 0.628496 
35 25 41 4 13 59 10 18 14 26 29 45 24 56 50 5 45 22 16 40 
0.40302 0.454234 -1.01929 -0.961802 -0.570832 0.382583 0.0787148 -0.152435 0.378232 0.975483 1.05633 -0.71691 0.771283 -0.584785 -0.380754 -0.0558804 -0.394969 0.0518043 -0.368212 -0.396841 
20 61 24 23 14 13 51 26 48 41 28 42 23 38 11 33 42 6 41 58 
-0.544382 -0.189114 0.167905 -0.38455 0.0942892 -0.438036 -0.165555 -0.195828 0.313344 0.424765 0.182729 0.37682 -0.549223 -0.491536 -0.447682 -0.332917 0.41193 -0.489246 0.464145 0.0796954 
51 35 35 31 24 8 44 33 32 50 1 17 48 33 56 54 3 38 33 16 
0.565357 0.365035 -0.248179 -0.456816 0.429115 0.896131 0.503064 0.276215 -0.780093 -0.856379 -1.00431 0.687268 0.523946 0.338524 -0.0423094 -0.263803 -0.544873 0.466561 -0.531462 -0.425624 
36 33 48 19 29 27 39 23 45 61 14 59 33 11 44 45 6 18 61 9 
-0.675142 -0.181071 0.505623 -0.347113 -0.841976 0.151046 0.168722 -0.354114 -0.377876 0.0779818 -0.657484 0.496325 -0.381955 -0.501055 0.0669756 -0.294838 0.14204 0.838874 0.451535 0.273593 
62 20 2 26 42 55 25 5 15 26 34 37 9 51 62 53 57 36 43 3 
0.130753 0.973785 0.415953 0.217664 0.528432 0.0482211 -0.191065 -0.0997572 0.125431 -0.179938 0.305155 0.0690546 -0.715107 0.306128 -0.0555625 -0.508671 -0.559287 -0.552036 -0.445887 0.311687 
54 15 22 9 6 58 37 9 35 45 39 45 54 20 18 23 50 55 30 63 
-0.0484005 0.74005 0.239016 -0.0717633 0.839313 0.269967 0.654732 0.549542 0.0840043 0.223046 -0.684198 0.291692 -0.16654 0.744863 0.44533 -0.172614 -0.385586 -0.616937 0.571206 -0.419368 
16 19 31 61 44 39 14 24 62 10 23 40 39 63 52 27 56 44 56 36 
-0.80339 -0.417499 -0.451391 -0.11066 0.371923 -0.400058 0.315426 0.276169 -0.388277 -0.468527 -0.328792 -0.368157 0.132365 0.864831 0.267956 0.932976 0.0595144 -0.362327 0.666963 -0.282903 
9 34 13 40 10 42 53 14 14 63 21 40 42 3 11 0 1 25 7 7 
0.462385 -0.329317 -0.234183 0.0256825 0.414456 -0.703306 -0.245961 0.252429 -0.103738 -0.721505 -0.280799 0.236127 0.209674 -0.235105 0.0509898 0.414664 -0.436025 -0.313612 -0.381498 -0.105604 
4 1 35 4 7 35 2 41 29 22 14 16 12 23 24 28 22 21 6 32 
-0.414102 0.333099 0.52441 -0.68205 -0.360785 -0.291896 0.706894 0.365345 0.294597 -1.02151 -0.732407 -0.724102 0.00803402 0.0390274 -0.591163 -0.639387 -0.584578 0.617944 -0.877729 -0.496761 
24 1 50 17 0 60 17 30 53 16 20 22 59 60 16 35 22 3 9 47 
-0.600255 -1.02043 -0.140565 -0.0793215 0.43431 -0.305791 0.272081 -0.293918 -0.027434 -0.465438 -0.0524081 -0.400472 -0.417185 0.367694 -0.290677 -0.252412 0.263129 0.579917 0.557113 -0.0666855 
61 25 57 9 12 57 51 54 5 48 13 46 46 55 4 23 13 36 63 34 
0.297782 0.524341 -0.0130345 1.07631 0.586937 0.806082 0.304577 -0.478264 0.152192 0.165261 0.370065 -0.504999 0.709993 -0.132672 -0.652751 0.175084 0.292403 0.36686 0.738435 -0.731128 
25 37 1 33 33 45 27 41 10 21 30 14 11 44 13 21 0 17 45 61 
0.320707 -0.452552 -0.24123 0.911733 0.528591 0.00386533 0.497044 -0.310576 0.381843 -0.503134 -0.561759 0.186183 0.914344 -0.356266 -0.131931 -0.30309 -0.391432 -0.350676 0.579886 -0.7089 
28 23 2 51 9 10 53 32 24 39 43 28 22 63 48 37 18 35 52 23 
-0.663318 -0.30942 0.24685 0.158616 -0.0400181 -0.357933 -0.205509 0.333352 0.650055 -1.00879 0.572347 -0.681739 -0.146231 0.622401 -0.291314 -0.543932 -0.559336 0.0201766 0.201982 -0.0485452 
17 12 40 25 50 47 49 54 34 31 45 17 4 26 48 41 45 7 4 31 
0.67749 -0.185923 -0.327792 0.45244 0.24353 -0.15139 -0.119232 -0.30551 -0.0236702 0.0884674 0.117868 -0.759019 -0.385637 -1.18725 -0.208616 0.122541 -0.302923 -0.0664813 0.301761 -0.616187 
33 17 50 31 44 46 38 35 63 22 8 39 3 36 8 20 40 16 47 23 
0.705505 -0.122158 -0.756169 0.10201 -0.145987 0.124781 0.126475 -0.57401 -0.162214 -0.422193 0.24984 -0.769549 -0.036787 0.640294 -0.869411 -0.567313 0.0757901 0.44215 0.310056 0.7439 
15 49 21 49 62 44 11 46 11 63 8 60 29 24 63 21 30 48 37 55 
0.0744801 0.118454 0.69507 0.602045 0.0374988 -0.288531 0.372637 -0.402265 -0.433585 -0.529906 0.940475 0.371395 0.520416 -0.203923 0.275616 -0.708612 0.640027 -0.110538 -0.0907123 0.0676027 
25 21 13 16 15 20 59 42 44 6 16 2 52 9 30 20 39 39 3 13 
0.342182 -0.0695859 -0.491224 -0.221932 0.405158 0.188638 0.272396 -0.00202812 0.156266 -0.192374 -0.0514163 -0.0506448 0.129352 -0.065013 -0.104885 0.362089 -1.03282 -0.405698 -0.32496 -0.198625 
37 12 39 3 39 62 2 26 47 5 41 62 7 36 0 40 61 34 49 4 
0.808341 -0.180279 0.607709 -0.703262 -0.0302466 -0.15329 -0.376483 -0.193036 0.132014 0.631792 -0.335178 -0.44573 0.695229 0.454276 0.520305 0.0852652 -0.0495692 0.164863 0.327077 -0.372266 
60 61 31 13 32 29 61 3 54 2 59 31 4 32 61 17 35 5 58 42 
0.134984 -0.241414 0.695045 0.563703 -0.648664 0.769572 0.352848 -0.287834 0.309484 0.378849 0.809794 0.287803 0.319642 0.510904 0.641157 0.810223 -0.0973334 -0.558063 0.52992 -0.547901 
31 30 49 19 24 11 41 54 31 34 19 49 40 57 34 1 29 26 40 60 
0.399613 0.522099 -0.277352 0.877837 0.443733 0.13583 -0.167913 0.205221 0.450478 -0.0175303 -0.128705 -0.326934 0.402672 -0.526157 -0.264947 -0.38883 0.506783 0.537879 0.595456 0.189607 
22 35 31 48 60 44 45 13 3 44 23 37 17 19 53 44 1 48 57 22 
-0.699837 0.258424 0.283459 0.069859 0.117236 -0.438441 -0.286198 0.08482 -0.012445 -0.333612 -0.421089 -0.0278594 0.0847524 0.574784 0.533536 0.0893429 1.02492 -0.0934881 -0.258094 -0.0568901 
47 54 15 28 63 9 6 28 40 43 3 48 63 3 16 31 6 51 16 33 
0.41628 -0.00336107 0.514047 0.0992215 -0.487046 -0.116379 -0.551067 0.624766 0.529154 -0.594993 0.291497 0.58756 0.68766 0.364406 0.419402 -0.00793716 -0.483412 -0.42669 -0.355971 -0.628618 
31 34 63 25 24 37 34 36 56 22 20 48 12 18 15 33 43 35 59 14 
0.734447 0.448675 0.700202 0.776653 0.396752 -0.520978 -0.235304 0.636423 -0.0306835 -0.689898 -0.574376 -0.353906 0.599294 0.162907 -0.153038 0.561474 0.13609 0.261667 0.569483 -0.84002 
54 0 58 54 33 37 22 27 48 34 61 43 59 49 0 5 59 33 15 37 
0.298481 0.204944 0.460222 -0.30492 -0.123705 0.750206 -0.42554 -0.18335 -0.311585 -0.453457 -0.310463 -0.10254 -0.349685 0.614455 -0.719622 0.290737 0.295078 0.559007 0.278126 0.12707 
26 29 54 63 54 15 60 49 38 41 55 23 36 49 10 42 25 55 39 5 
-0.742431 -0.0141697 0.0594084 0.216755 0.751985 -0.414776 0.722875 0.141185 0.303427 -0.165864 -0.22446 -0.593528 -0.469646 0.217797 -0.127131 -0.475838 0.407282 0.308145 0.167487 0.510526 
40 59 15 25 23 20 45 52 34 21 34 57 39 27 25 31 8 53 19 19 
-0.501597 -0.90898 -0.231319 -0.121194 -0.322995 0.877908 0.0723239 0.0250702 -0.517125 0.60752 0.698885 0.521209 0.036815 0.438773 0.663633 -0.278357 -0.368262 -0.25255 -0.140665 -0.666543 
23 1 8 13 32 33 30 63 4 24 48 14 18 8 23 8 22 55 0 23 
-0.0992444 0.211156 0.236412 0.0479449 0.637847 -0.277853 0.612262 -0.0583228 -0.502144 -0.163762 -1.01038 -0.105371 -0.474412 -0.695756 -0.241349 0.207425 -0.666672 -0.65044 0.140619 -0.0782148 
37 41 16 28 50 17 52 60 9 29 44 24 2 22 36 12 63 35 45 11 
-0.115187 -0.383501 0.149414 -0.756173 -0.118118 0.618948 0.316758 -0.230247 -0.0101926 0.437403 -0.856282 -0.497512 -0.341332 -0.464253 -0.486424 -0.841497 -0.489653 -0.744484 -0.151005 -0.443833 
5 52 32 13 40 60 47 17 5 24 18 13 63 0 14 59 45 13 42 54 
0.152869 -0.0638888 0.209696 -0.782149 -0.702151 -0.795412 0.0670254 0.0948136 0.967966 0.126147 0.353907 -0.15814 -0.053323 -0.266392 -0.247587 -0.376319 -0.759784 0.607789 0.0563078 -0.280886 
42 13 7 58 6 1 29 37 8 56 26 48 62 17 44 25 6 25 21 48 
-0.71241 0.491776 -0.313565 0.823915 -0.520775 0.134763 0.343589 -0.521769 0.339324 -0.196175 -0.655031 -0.254032 0.395212 0.306704 -0.0954401 0.226285 -0.187054 -0.301603 -0.345921 0.557221 
24 63 50 11 20 60 27 4 25 1 63 37 20 52 34 18 58 62 5 44 
-0.271574 -0.732281 -0.248597 -0.00127088 0.0759708 -0.309109 0.552305 0.826374 0.0908352 0.0910712 0.541396 0.284566 -0.317025 0.812313 -0.218719 -0.161469 0.189062 0.660334 0.0729906 0.0703003 
54 12 51 59 44 35 45 18 29 1 33 23 37 21 6 9 12 13 63 2 
-0.354107 0.247901 0.677774 -0.321424 0.570323 0.0542079 -0.33922 -0.243173 0.163322 -0.108838 -0.726175 -0.37612 0.0144681 0.390778 -0.184296 0.77727 0.335288 0.7262 0.0405592 0.0413437 
63 5 12 5 44 37 8 61 28 60 19 2 26 5 8 12 0 5 62 34 
0.515091 0.74439 -0.280826 0.940432 -0.00119799 0.303486 0.57202 -0.793516 0.617583 -0.238403 -0.418029 -0.479793 -0.788839 -0.34926 0.126298 0.600773 -0.605718 -0.523714 0.228352 -0.791038 
10 1 57 48 47 56 50 54 30 63 29 34 50 5 10 25 23 53 25 30 
-0.594295 0.425316 -0.576717 0.803296 0.028816 -0.177431 0.285908 -0.163998 -0.980012 -0.279781 -0.570554 -0.939751 0.430346 -0.487901 -0.14245 0.675625 0.398949 0.603475 -0.0479951 -0.167596 
8 16 41 34 45 35 42 54 9 13 25 50 38 9 0 15 54 42 32 26 
-0.295582 0.311242 -0.60687 0.257264 0.142609 -0.431469 -0.101766 -0.147972 -0.0192575 -0.81295 0.469846 -0.702927 1.15192 -0.684636 -0.541238 0.801179 -0.377146 0.288614 -0.266394 0.249282 
42 43 34 6 47 24 24 31 20 28 22 28 57 44 36 46 63 17 8 36 
-0.759435 0.349459 -0.651954 0.911653 -0.350656 -0.201994 0.253935 0.0926046 -0.362995 0.345049 -0.578729 -0.139179 -0.189684 0.611273 -0.505062 -0.257287 -0.561675 0.790022 -0.925559 0.520668 
4 33 56 26 36 34 14 31 45 54 44 58 29 37 47 48 60 23 19 46 
-0.677735 -0.0682331 -0.229076 -0.507675 -0.651009 -0.106147 0.299958 0.0659636 0.0895506 0.388635 -0.0913544 0.173519 -0.23233 0.348406 -0.0932829 0.0806942 0.0137472 0.276395 -0.815438 0.410357 
20 22 35 16 39 37 34 56 52 11 5 8 63 7 61 46 56 21 37 44 
-0.395422 -0.377692 0.487695 -0.8868 0.171633 0.0258426 0.149259 0.218843 0.520421 -0.544333 0.0449468 -0.757376 0.685517 0.588559 -0.439687 -0.62329 -0.581884 0.305865 -0.141571 -0.176951 
63 5 31 27 1 50 19 59 44 45 42 27 1 56 21 17 21 44 51 37 
0.404862 0.71913 0.167158 0.64826 0.527873 0.675367 0.3508 -0.431683 0.456197 -0.391123 -0.0625747 -0.270254 0.207001 0.418159 1.05226 0.216521 0.0809371 -0.425479 0.590053 0.782306 
23 24 25 1 36 61 1 14 40 31 37 9 35 3 10 44 30 49 60 17 
0.117599 0.269447 0.554919 -0.831276 0.972353 0.26329 -0.619573 0.467324 -0.64961 0.671434 0.292962 -0.719471 0.284147 -0.746709 -0.48697 0.605693 -0.340322 -0.197282 0.712878 -0.520915 
46 8 55 8 13 4 51 46 59 59 15 8 22 3 20 10 62 36 19 61 
0.535805 -0.0249309 0.270742 0.751648 -0.43736 0.670843 -0.425803 -0.762662 -0.297492 0.491529 -0.0822306 -0.308832 0.441661 0.276178 0.419942 -0.748602 -0.0167441 -0.0869275 -0.349353 -0.426823 
0 59 30 60 25 21 29 37 36 2 49 38 54 49 58 26 45 55 11 34 
-0.476075 -0.324685 -0.888734 -0.51988 -0.648805 -0.18231 0.761594 0.115807 -0.200001 -0.214963 -0.704569 0.473378 -0.361413 0.0208703 0.758897 0.388196 0.446172 -0.911853 -0.468212 -0.346105 
51 3 7 42 1 58 52 57 16 48 30 6 28 16 7 13 12 17 42 18 
0.805106 0.499088 -0.332587 -0.480587 0.959005 0.2965 0.385946 0.218932 -0.343582 0.0121927 -0.654271 -0.161397 0.745472 0.376482 0.120235 -0.258422 -0.188087 -0.287808 -0.574573 0.344511 
1 56 23 20 2 47 58 23 49 57 50 14 50 16 31 29 1 43 10 13 
0.217959 0.0370521 -0.148305 -0.46628 -0.852711 -0.389096 0.0177573 -0.729512 -0.819651 0.724163 -0.196968 0.125845 0.161331 0.690783 -0.0148819 0.170821 0.439357 -0.20154 -0.44894 -0.434221 
The following result corresponding the SNR point : 3.9 dB.
51 31 44 48 39 9 57 46 57 19 1 18 13 58 23 17 35 35 50 3 
0.237135 0.124647 -0.309182 -0.500849 0.346638 0.115458 0.956538 0.718892 0.334203 0.00243647 0.616352 -0.43366 -0.29398 -0.466738 0.47646 0.560307 -0.517709 0.0711315 -0.20773 -0.30529 
40 12 29 6 40 28 31 36 60 14 53 48 42 39 55 41 46 24 55 60 
-0.603726 -0.501191 -0.57199 0.345855 -0.234502 0.119198 -0.365626 -0.97367 0.377797 0.227779 -0.392071 -0.250961 0.388135 -0.332566 0.196265 0.507699 0.128273 -0.148417 -0.659403 0.337439 
4 60 24 52 48 9 46 42 16 15 54 3 47 27 17 6 36 33 5 8 
-0.603096 -0.730257 0.310839 -0.318386 -0.518967 -0.507356 -0.646591 -0.919005 0.600773 0.0821148 0.496113 0.564224 -0.367903 -0.137572 -0.598214 0.626259 0.226263 -0.255708 -0.232192 -0.397194 
The following result corresponding the SNR point : 3.4 dB.
21 48 45 1 22 5 20 13 16 53 2 52 46 16 51 62 28 57 13 59 
-0.0128322 -0.301672 0.609382 -0.559345 -0.133816 -0.0381149 -0.633973 -0.45673 -0.148771 -0.83595 0.38787 0.375574 0.731909 -0.357692 0.239012 0.145582 -0.351246 0.00482821 0.371625 -0.0601309 
24 47 40 17 37 19 57 40 38 13 38 43 61 49 18 45 27 35 12 39 
-0.256146 -0.475001 0.100166 -0.0165932 1.07476 -0.617608 0.348214 0.201006 0.181869 -0.0914251 0.101365 0.484204 -0.48653 -0.389039 -0.214628 0.237026 -0.268926 -0.352698 0.772965 -0.369858 
42 43 50 29 42 63 61 54 30 20 48 13 47 55 46 5 46 21 26 7 
-0.360842 0.271161 -0.559169 0.571802 -0.312012 0.41526 0.722904 0.832683 -0.903236 0.405858 -0.219093 -0.311915 0.0776471 -0.415116 0.0514808 -0.333937 -0.0576012 0.606627 0.0516254 0.149711 
2 10 39 9 31 32 40 9 22 27 27 49 37 47 11 62 53 22 13 19 
-0.0601183 0.0927096 0.0573942 0.0964667 -0.415041 -0.799092 0.0879997 0.280795 -0.348913 0.304001 -0.351666 -0.149566 0.0990911 0.321611 0.258149 -0.494962 -0.127756 0.437122 0.364644 0.00398121 
33 62 30 19 19 18 62 29 9 51 55 6 15 45 43 36 12 13 60 34 
0.0633091 -0.349504 0.157705 -0.160236 -0.347308 0.138612 -0.398788 0.461718 0.318286 0.0931166 -0.168584 -0.0894893 -0.0513345 0.403689 0.741831 0.0848452 0.8851 -0.583644 -0.317471 0.560105 
29 15 33 27 56 17 43 36 32 24 37 42 17 36 58 47 45 33 24 54 
0.838384 -0.224933 0.495578 -0.100351 0.0421405 -0.721025 0.405465 0.36997 0.475937 0.568179 -0.115126 -0.011342 -0.314422 -0.686139 0.0747195 -0.718511 -0.644906 0.484877 0.13198 0.0523373 
2 5 28 61 14 6 17 54 44 47 43 23 14 46 0 0 61 54 55 16 
0.24833 -0.104977 -0.616283 -0.543844 -0.575974 0.144556 0.637238 -0.697352 0.6991 -0.269545 -0.628304 -0.230735 -0.0556149 -0.189362 0.73802 0.28377 0.0532254 -0.232742 -0.177481 -0.762553 
54 61 45 9 20 7 51 19 34 37 11 12 3 1 12 7 44 45 61 41 
0.0532729 0.332329 0.432398 -0.314292 0.640639 0.552132 0.207947 -0.346301 0.451501 0.144156 0.152919 0.439259 0.372873 -0.168386 0.554136 0.776191 -0.0174336 -0.0568989 -0.0763264 -0.936598 
5 43 11 25 4 1 38 3 31 42 6 45 8 60 0 29 15 33 56 40 
0.351777 -0.134215 0.726016 -0.532644 -0.0178652 0.200441 0.700118 0.170073 -0.359084 -0.112212 -0.395737 0.598312 0.418069 0.462688 -0.377036 0.0520629 0.0880726 -0.278677 0.57875 -0.782838 
11 9 60 43 22 13 19 58 11 1 17 39 54 24 33 6 38 57 60 34 
0.0986747 0.849666 -0.754829 0.329125 -0.278732 -0.749289 0.541154 0.0977454 0.0757443 0.685375 -0.44108 0.0697845 -0.0240779 -0.238675 0.521005 -0.0817125 0.444852 0.760294 0.463177 0.588653 
The following result corresponding the SNR point : 4.2 dB.
29 28 18 16 44 43 63 15 20 54 47 6 26 47 56 1 8 38 56 51 
0.272703 -0.068809 -0.152036 0.123726 0.61565 -0.467811 -0.637727 -0.247572 0.524323 -0.527095 -0.148697 -0.393495 -0.462718 0.128811 -0.29458 -0.243678 0.341732 -0.432057 -0.328665 -0.497805 
61 25 57 9 12 57 51 54 5 48 13 46 46 55 4 23 13 36 63 34 
0.307502 0.442283 0.0240338 1.01753 0.571214 0.771077 0.313699 -0.472103 0.102879 0.186641 0.373425 -0.496486 0.683443 -0.15692 -0.631238 0.1956 0.302596 0.370502 0.709382 -0.702718 
48 59 43 24 37 56 35 5 47 20 10 14 56 54 52 36 22 39 4 3 
-0.65133 -0.375007 -0.823231 -0.372066 0.528195 0.627671 0.187683 0.206297 -0.369513 0.438363 0.332883 0.680025 0.395472 0.527719 0.119087 0.570439 -0.136498 -0.21382 -0.472301 -0.43926 
6 27 14 34 28 4 0 1 28 59 42 39 25 27 42 50 58 24 57 8 
-0.553556 0.630448 0.458189 -0.408153 -0.828383 0.104799 0.631794 0.550595 -0.300035 0.371892 0.5025 -0.162211 -0.451091 0.240863 -0.178885 -0.254134 -0.20772 -0.398172 -0.620562 0.135992 
41 3 10 23 52 61 49 18 7 50 2 29 0 28 39 34 15 17 5 0 
0.374196 -0.117974 -0.063818 -0.494292 -0.338148 0.51777 0.0760309 0.506363 -0.509895 -0.00383118 -0.937351 -0.516812 -0.370935 -0.0240595 0.289269 0.291389 0.0947085 -0.76504 0.728132 0.597801 
21 23 6 62 60 28 55 58 56 35 18 41 40 43 35 18 14 57 39 26 
0.264492 -0.588087 0.396874 -0.624907 0.146144 -0.397512 0.252504 0.316649 0.63354 -0.108443 0.810083 -0.600932 -0.472447 0.199697 0.397445 -0.760137 -0.649017 -0.78086 -0.647189 -0.186889 
59 6 19 34 61 45 32 6 17 58 58 54 50 41 51 37 2 55 52 1 
0.263261 0.625293 -0.348205 0.0656982 0.358673 0.546725 -0.776608 -0.199634 0.764995 -0.556247 -0.181748 -0.228539 0.00636069 0.23141 -0.144808 -0.159113 0.103874 -0.63799 -0.804791 -0.115481 
34 32 4 44 20 7 56 23 37 56 30 47 43 15 63 21 11 35 19 48 
-0.566366 0.861206 -0.243753 -0.578396 -0.553213 -0.0934493 -0.280347 -0.3818 -0.473063 -0.565871 -0.184999 0.10116 -0.233671 -0.275217 0.172897 -0.477448 -0.527785 -0.0684576 -0.629747 -0.148039 
The following result corresponding the SNR point : 1.4 dB.
195 245 219 253 82 184 223 110 167 129 146 76 184 73 82 178 250 15 89 176 19 211 212 120 148 191 108 52 144 145 11 78 159 43 167 236 173 244 104 210 157 15 93 130 184 197 250 176 252 27 69 75 131 126 8 117 161 123 81 217 244 152 198 133 167 100 188 187 131 118 221 114 218 27 59 33 182 203 221 79 65 115 128 118 22 55 5 217 223 79 54 188 31 90 184 119 238 33 19 100 181 23 64 101 175 237 143 42 112 86 42 12 155 30 207 28 28 159 222 69 196 51 232 80 201 19 158 48 67 173 171 170 202 160 223 165 41 63 132 140 169 40 237 120 89 209 103 55 90 34 128 69 194 107 62 114 112 161 155 95 125 103 220 161 23 150 104 12 241 57 191 16 161 118 163 133 16 40 174 160 231 138 248 235 132 36 157 217 89 216 82 76 144 233 130 14 152 155 246 218 19 220 122 11 246 20 226 8 118 212 182 116 188 204 199 81 57 124 46 231 60 79 112 181 219 230 167 175 170 146 225 200 201 131 98 251 186 121 
0.364827 0.872689 -0.297001 -0.019063 -0.504985 -0.0718933 -0.457294 0.490245 0.691187 -0.0772612 -0.19752 -0.738183 0.0734481 1.09157 0.77975 1.01087 0.407059 -0.0764461 -0.345618 -0.495138 1.10839 0.281915 0.138107 0.318951 0.325204 0.015391 0.284158 0.00698008 0.419803 0.208895 0.636691 -0.00386933 -0.652178 0.212933 -0.36988 0.173216 1.02277 -0.244295 0.0606828 -0.399765 -0.274426 -0.517745 -0.803516 0.209794 0.333168 0.00242985 -0.446354 0.455769 0.727436 0.307924 0.449189 0.717033 0.698019 -0.841961 0.565523 0.0941352 -0.601375 0.605876 0.676348 0.0368361 -0.164632 0.262294 0.407741 -0.724725 0.448003 1.01413 0.281652 0.448952 0.424227 0.327774 -0.45155 0.616024 0.105886 -0.69811 0.114035 -0.681721 -0.698567 -0.0593276 -0.159135 -0.0999396 0.161566 0.369631 -0.661662 -0.479013 0.222074 -0.229738 -0.293154 0.0471767 -0.0861391 -0.607593 0.599845 0.44692 0.0642191 -0.220545 0.310229 0.029243 -0.430812 -0.040503 -0.191409 -0.000985885 0.59672 0.531073 -0.0755024 -0.371979 0.0851709 -0.438426 -0.297086 0.477446 0.0625722 -0.436509 0.376654 -0.13483 -0.285952 0.775032 0.238293 -0.268336 0.049246 -0.442561 1.03776 0.313603 -1.40408 0.381483 -0.402278 -0.362672 0.4733 0.708333 -0.268364 0.88634 -0.645189 0.842251 -0.688925 0.100105 0.144918 0.0551366 0.470738 0.368765 0.523342 0.724297 0.950062 0.495956 -0.364164 -0.098466 -0.405091 -0.965302 0.211362 0.571891 -0.172891 0.238659 0.726645 -0.838733 0.542513 -0.577945 -0.819135 -0.356278 -0.795561 -0.433721 0.424594 0.747107 0.0397732 0.0922153 0.38488 0.357607 0.236039 -0.309029 -0.158547 -0.187067 -0.454738 -0.389147 0.797651 0.332573 -0.371981 -0.0755395 -0.142989 0.0827189 0.598246 0.454763 -0.699302 -0.279087 -0.311474 -0.197676 0.33047 -0.768956 0.648006 0.543738 -0.501201 -0.00397687 -0.973909 0.581443 0.310466 -0.400919 0.184218 -0.333719 -0.643593 -0.789261 0.534436 -0.561914 0.688031 0.371109 -0.232915 0.438636 0.611639 0.762861 0.771582 0.452157 0.804298 0.263326 0.176709 -0.0321849 -0.863094 -0.454323 0.486322 0.502206 0.34964 0.408058 0.433873 -0.0343804 -0.681614 0.302464 0.035031 -0.296926 0.434327 0.307277 0.280352 -0.504068 -0.145914 -0.340474 -0.577583 -0.471262 0.358778 0.0843963 -0.0967469 0.350626 0.300898 0.351514 -0.76051 0.064993 -0.125059 -0.477073 
227 35 35 229 128 140 189 160 190 49 34 57 127 166 198 205 99 89 167 249 159 207 29 254 176 50 44 16 186 169 35 101 33 0 212 47 128 5 45 21 164 100 100 106 101 143 191 110 69 4 90 159 157 48 70 253 181 212 230 0 109 35 146 96 208 2 74 193 205 245 210 97 54 234 59 182 172 150 114 133 198 134 190 11 50 218 205 191 231 84 10 75 245 86 47 18 79 206 48 162 13 5 56 8 225 12 11 172 14 231 192 149 40 145 211 226 207 173 36 44 72 111 132 79 216 227 105 215 55 104 202 195 136 139 157 107 41 11 61 104 111 89 20 48 53 43 29 255 152 94 138 191 194 41 4 106 129 163 63 194 170 78 86 159 108 200 81 208 1 94 45 115 114 205 79 35 99 46 69 77 137 64 122 109 124 152 200 3 170 249 103 33 149 77 91 69 248 49 189 64 117 61 187 14 79 213 137 146 63 129 151 247 211 192 99 238 122 184 138 86 245 162 30 80 128 172 237 32 171 103 123 94 61 197 120 231 53 71 
0.179815 0.397051 -0.26647 -0.80496 -0.528561 0.717398 0.808429 0.547352 0.0188928 0.0458743 -0.236206 -0.0538787 -0.504794 -0.00832297 -0.622172 -0.181767 -0.00829849 0.256473 -0.393562 -0.545764 0.286192 0.496564 -0.80102 -0.284969 -0.00995943 -0.741714 0.602101 -0.0598854 -0.411938 0.340744 0.594139 0.644416 -0.571558 -0.701876 0.0784397 -0.302091 -0.643321 -0.561064 0.169467 0.512571 -0.200953 0.116896 0.105226 0.370162 -0.0330549 -0.957427 -0.0814587 0.395351 -0.0189109 -0.240709 0.297323 0.195864 0.682178 -0.265423 -0.0685559 0.570812 -0.40233 -0.334647 -0.0933474 0.0696423 -0.131668 0.227023 0.131403 0.156823 -0.661567 0.890569 0.312183 -0.113029 0.504697 0.108148 -0.671505 0.285797 0.822256 -0.337973 -0.715478 -0.31454 0.0284198 0.220663 -0.0632237 -0.183567 -0.249334 -0.412766 0.144629 -0.322969 -0.554251 0.792571 -0.159055 -0.013642 0.626177 -0.236717 -0.411187 0.410617 0.430268 0.744621 -0.318775 -0.792725 -0.121518 0.42481 0.835419 0.88645 0.775986 0.595555 0.210317 -0.59764 -0.597655 0.55331 0.286703 -0.659063 -1.08157 -0.143913 -0.462736 0.636802 0.0436984 -0.0986783 0.158641 -0.817671 -0.359791 -0.428559 0.242372 0.130637 0.553552 0.0808587 0.556487 0.849041 -0.0309991 -0.393684 0.882297 0.331036 0.0320373 0.00933703 -0.515674 -0.609871 -0.780376 0.181232 -0.515552 -0.00861517 0.0621819 -0.13312 0.252821 0.0807831 0.233894 -0.212118 0.194703 0.277201 -0.0145727 0.489384 0.617577 -0.47919 -0.173886 -0.0925602 -0.570713 -0.0404515 0.00576016 -0.595992 -0.0445812 0.589054 -0.0161289 0.365669 0.654013 0.466067 0.915568 0.415508 0.156419 0.681674 0.344519 -0.140586 0.250012 0.658212 0.0514157 0.651674 0.277743 0.751589 -0.367448 -0.309215 -0.116498 0.435727 0.55025 -0.0674353 0.3326 0.419437 0.278374 -0.264697 -0.598891 0.152397 -0.734328 0.0231244 0.0696927 0.17671 0.131218 0.446341 0.809719 0.421056 -0.279321 -0.459713 -0.508393 -0.681498 -0.180239 0.287288 -0.677201 0.502331 -0.300119 0.261839 -0.582727 -0.336528 0.352806 0.244714 -0.0838626 -0.40722 -0.716334 0.150447 0.298145 -0.0929824 -0.252847 0.800029 -0.615696 -0.367341 -1.01689 -0.431489 -0.297204 -0.14882 0.220691 -0.119321 -0.233797 -0.820789 0.116637 -0.0639717 -0.154784 0.109094 0.319719 0.350956 -0.581418 -0.219676 0.0420436 -0.537707 -0.459854 0.107079 -0.688726 0.434037 
73 206 198 11 135 34 174 52 122 0 238 140 222 6 228 28 119 155 101 86 123 8 126 120 82 49 163 113 11 57 224 101 158 114 246 100 0 204 12 21 33 171 161 67 226 168 59 237 242 168 183 242 214 127 158 29 109 5 196 230 94 86 23 77 74 248 160 169 41 251 182 73 153 212 218 66 244 113 159 216 204 227 90 206 100 29 148 7 99 154 177 153 246 120 250 179 91 203 18 145 253 221 203 138 234 13 69 85 113 67 151 104 176 217 22 190 73 179 54 158 205 131 160 247 86 82 122 6 141 208 211 85 143 152 161 25 168 99 88 4 213 239 179 83 202 36 229 94 241 28 109 187 119 68 58 237 124 44 57 0 10 28 15 37 84 50 82 253 143 108 99 188 36 214 28 107 165 249 98 38 56 97 73 150 119 140 102 255 57 211 216 203 28 135 111 89 50 50 139 224 160 43 60 77 128 30 141 211 178 130 65 205 220 243 126 155 64 76 173 215 204 125 6 224 169 135 129 76 85 86 126 210 214 223 153 32 102 70 
-0.110358 -0.568311 -0.765902 0.401474 -0.545934 -0.120854 0.32038 -0.0280525 -0.368365 0.207578 0.872385 0.413859 -0.299301 -0.658654 0.100872 0.695674 0.208219 0.463745 0.703082 -0.517105 -0.176316 -0.649724 0.275431 0.649755 0.493113 0.198097 -0.761154 0.386236 -0.62946 -0.616946 -0.518191 -0.490228 0.752247 0.562505 0.480371 -0.296203 -0.238997 -0.677447 -0.502387 0.349773 -0.445769 0.108523 -0.389957 -0.454523 -0.598335 0.638068 -0.0205302 0.448422 -0.751869 0.134054 0.0495176 0.524145 -0.207488 0.287876 -0.18087 0.277552 -0.309403 0.191739 -0.0687575 -0.0270915 0.398731 0.248851 -0.188 -0.25393 -0.0846658 0.767768 -0.466184 0.212363 -0.0538813 0.837096 0.264015 -0.43011 -0.815531 0.100718 -0.289963 -0.669929 -0.112992 -0.484723 -0.481743 -0.508909 -0.402433 0.546975 0.811365 0.789639 -0.150892 0.535138 0.417495 -0.15389 0.0849077 -0.212406 -0.188931 0.483673 -0.00305114 -0.279492 -0.617904 0.527629 -0.394547 0.561172 0.16628 0.539679 0.227636 -0.8516 0.459793 0.0729301 -0.679888 -0.0181763 0.465787 -0.256894 -0.471651 -0.80989 -0.549095 -0.458791 -0.561536 -0.437781 0.341533 -0.653659 -0.0804507 0.527964 0.510657 0.444207 -0.768539 -0.109032 0.591361 0.488326 0.00355442 0.149514 -0.378059 0.208966 0.367295 0.599725 0.436416 0.031384 0.299261 0.117595 0.789341 -0.211701 0.00599295 0.298701 -0.0500957 0.773228 0.799739 -0.702317 0.159232 0.692105 0.256581 -0.241172 0.712814 -0.588096 -0.298004 0.0918052 0.620935 -0.0312002 0.0222236 0.358313 0.192992 -0.412415 0.748722 -0.371792 0.197125 -0.297639 -0.119426 0.542368 -0.0462517 0.417235 0.748824 0.800015 0.360297 -0.834236 -0.272258 -0.469184 -0.330163 0.0441253 -0.181813 -0.717481 -0.206139 -0.40946 -0.515459 -0.121813 0.417618 0.653781 0.308028 0.494912 0.750497 -0.45608 -0.727644 -0.565131 -0.0342741 0.949502 0.349711 0.351218 0.258253 -0.344089 -0.817594 0.432088 -0.016565 0.184155 0.18116 -0.853391 0.59524 -0.298275 0.322063 -0.572719 -0.945235 -0.461885 0.0928806 0.263626 0.0267877 -0.626216 0.170706 0.322642 -0.422297 -0.173004 -0.475208 0.308393 -0.695252 0.181289 0.415322 -0.523569 -0.550579 -1.0364 0.365724 0.5606 0.148635 -0.300936 0.712177 0.870143 -0.754083 0.412219 -0.0722263 0.11503 -0.752283 0.0120172 0.432656 -0.261471 -0.532467 0.360605 -0.0341657 0.237765 
161 43 112 74 149 21 41 178 60 20 200 242 208 100 241 65 18 85 31 202 236 142 108 137 38 29 234 79 212 238 131 207 134 249 200 157 22 225 78 225 0 154 98 126 103 65 53 145 167 108 245 78 152 173 104 212 104 153 235 235 88 53 239 206 16 23 15 140 147 173 139 60 144 84 21 249 118 115 206 36 228 161 95 25 86 20 223 125 176 238 203 59 108 171 185 109 76 106 169 85 97 248 102 250 98 231 249 108 217 93 112 130 208 74 60 233 248 226 137 76 93 3 178 236 83 31 84 249 242 202 220 161 55 62 28 162 37 216 183 232 190 109 12 71 87 89 174 244 5 234 132 99 123 118 198 15 169 23 42 49 38 78 56 246 47 170 203 147 159 218 181 10 144 108 121 122 205 171 28 95 106 25 88 163 169 7 77 107 158 189 212 21 102 71 224 215 23 57 119 31 245 233 14 138 226 21 135 119 177 188 240 112 109 144 147 217 245 105 55 49 220 181 32 223 126 10 131 59 179 191 45 3 177 127 187 10 119 176 
0.80981 -0.64793 -0.366513 0.0591634 -0.473442 0.395292 -0.505555 0.494957 0.293501 0.330325 -0.289031 0.168475 -0.184458 -0.0135269 -0.339049 0.0633461 -0.248127 -0.45856 0.0793013 0.295858 0.284935 0.716989 0.490098 -0.364592 -0.64089 0.127529 -1.04415 0.477726 0.284804 0.151793 0.661996 0.140742 0.904417 -0.248505 1.01975 -0.351085 0.643758 -0.688799 -0.24712 1.04612 1.0066 -0.0306227 -0.143109 -0.33026 0.126132 -0.161557 0.0435769 -0.572402 0.0723964 -0.486126 0.0916491 0.114903 -0.587156 0.000551818 -0.484433 0.0794198 -0.46735 0.466571 -0.32993 -0.140476 0.617559 0.577376 -0.389463 0.53509 -0.426714 -0.441685 0.962186 0.0430889 0.34131 0.377425 -0.344904 -0.240578 -0.319807 -0.66315 0.842989 -0.860092 -0.135956 -0.432405 -0.131026 -0.397591 -0.333551 -0.414911 -0.183631 0.466874 -0.195011 -0.109389 0.410094 0.444784 -0.352372 0.245577 -0.398284 -0.589313 0.772098 0.795271 0.681937 0.0776959 -0.654543 -0.3547 -0.830717 -0.121467 0.696058 -0.0418133 0.354221 0.335957 -0.835692 -0.899361 0.265678 -0.891889 0.0850519 0.757295 0.695417 -0.153053 0.275031 -0.504888 -0.444858 -0.378276 0.472061 0.511584 -0.306835 0.428272 0.0467204 -0.175507 -0.208615 -0.394292 -0.799168 -0.418917 0.465452 -0.487909 -0.210987 0.395351 -0.239104 -0.212933 0.214857 -0.30077 0.0385125 -0.19205 0.598988 -0.0141438 0.284863 0.0784748 0.538979 -0.391372 0.22516 -0.607756 0.42747 0.560732 0.610242 0.542141 0.607921 0.174045 -0.193062 -0.600517 -0.442294 0.179736 0.0649015 -0.178248 0.265367 0.22414 -0.0671119 0.68329 -0.222296 -0.425403 0.412465 0.506121 0.128479 0.50571 0.203477 0.758839 -0.772136 -0.00490962 0.676046 0.450859 -0.708696 -0.183449 -1.04734 0.38323 -0.599659 -0.668646 -0.133511 0.253063 -0.335441 0.514114 0.470285 -0.364707 0.296374 0.0732018 0.200017 0.156698 -0.531318 -0.281394 -0.813282 -0.227285 -0.0875064 0.203079 0.56669 0.018312 -0.080034 0.216602 -0.00855907 -0.475346 0.0760263 0.146454 0.253851 -0.214274 0.319045 -0.617786 -0.355458 -0.121163 -0.624934 0.614048 0.0908696 -0.479161 0.416375 -0.166699 0.307042 0.219716 0.816736 0.428377 0.42919 0.466178 -0.359668 -0.196355 0.499288 -0.190376 0.218481 -0.481577 0.0795772 -0.784844 0.471435 -0.0929942 0.363326 -0.0317066 -0.479573 0.462057 0.389257 0.581945 -0.0835154 0.746802 
145 235 253 221 119 155 181 215 230 204 15 155 229 151 176 235 148 72 84 48 206 209 162 70 135 255 154 232 234 228 223 191 141 61 58 233 197 13 88 182 223 41 40 4 82 186 160 237 17 69 28 239 60 188 165 106 116 50 74 156 53 62 221 167 242 134 205 51 240 177 225 114 151 242 49 94 170 183 64 52 101 181 67 43 244 111 181 181 40 105 126 1 56 221 255 74 185 112 184 158 224 16 88 161 91 204 89 99 87 31 92 132 114 64 239 142 5 127 123 11 169 176 209 146 30 46 191 31 191 198 58 160 206 208 69 246 69 209 74 111 201 49 145 222 86 95 180 167 170 135 47 181 116 215 191 141 197 75 219 199 207 169 84 42 236 104 66 195 136 206 210 99 248 168 50 14 172 94 69 132 3 191 100 217 94 107 26 160 227 62 235 212 225 229 179 181 72 223 240 76 78 252 101 10 69 98 101 34 196 76 96 101 231 80 202 4 139 93 142 161 251 119 165 237 235 245 104 128 179 242 55 136 208 173 238 141 243 249 
0.205606 -0.127272 -0.497278 -0.947566 0.205506 0.178049 -0.152402 -0.0230478 0.394637 0.0407047 -0.66563 0.682597 -0.145877 0.304846 -0.18118 0.458868 0.717342 0.297348 0.223541 0.883785 0.472046 0.381801 0.180302 0.577724 0.683865 0.691108 0.138029 -0.0240126 0.877433 -0.755036 -0.00914694 0.117642 0.174871 0.0539796 0.552655 -0.243017 -0.242684 1.1506 0.264556 -0.349448 0.157681 0.674857 -0.015944 0.914809 0.853449 -0.174812 -0.526543 0.0754791 -0.0944322 -0.540608 0.623129 -0.0490329 0.695215 0.458054 -0.660233 0.709444 0.709693 0.424044 0.357396 0.122885 0.751394 -0.729948 0.424837 0.524487 -0.120634 0.190067 0.508103 -0.492974 0.111068 0.293454 0.645537 0.0217768 -0.384573 0.0224496 0.71256 0.476865 -0.311818 -0.387662 0.548295 0.255969 0.74787 0.0190609 0.2213 -0.00887309 -0.488298 -0.187837 -0.736237 -0.522824 0.29972 0.187517 0.284864 1.06376 -0.17422 0.0388705 -0.109928 0.311524 -0.278101 -0.452357 0.203636 -0.39874 -0.289855 0.00651972 0.555283 0.338626 0.333504 0.821438 0.706364 -0.415978 0.355022 -0.568529 -0.236238 0.800873 0.408115 -0.519742 -0.460083 -0.415798 0.0370282 0.572284 -0.559808 0.247649 0.440563 0.127662 -0.794593 0.072115 -0.244752 0.289559 0.497893 0.172761 -0.449245 0.12614 0.665873 -0.383487 0.367895 -0.239158 -0.248054 0.41964 -0.255499 -0.368698 -0.144895 0.331022 -0.0915766 -0.212185 -0.0236055 -0.442509 -0.661054 -0.0637687 0.339276 -0.330261 0.291259 -0.240405 0.604454 -0.14444 -0.256951 -0.401481 -0.570197 0.0947424 -0.386997 0.355607 -0.281524 0.131491 -0.513694 0.103207 -0.0060602 0.432465 -0.462548 0.0502896 -0.202342 0.1267 0.279829 -0.469752 0.00113819 -0.691025 0.843638 -0.641211 -0.214534 0.18851 -0.407042 0.236533 0.114272 -0.0798694 -0.160276 0.407988 -0.0354778 -0.280165 -0.425924 0.307907 0.635581 -0.490557 -0.287245 -0.0130969 0.303654 -0.103066 -0.020915 0.408509 0.331357 -0.285957 -0.00824502 -0.0122911 -0.656024 0.529846 0.375691 0.522416 -0.103298 0.244918 0.215007 0.543863 0.316777 0.608753 -0.569646 0.585187 -0.405494 0.33504 0.119499 -0.373372 -0.199045 0.0269985 -0.0775984 -1.11257 -0.565976 0.381632 0.152382 0.135136 0.402656 0.435596 -0.498139 0.475101 -0.518283 0.127634 -0.868286 -0.070099 0.10369 0.297892 -0.28151 -0.500967 0.247546 -0.17217 -0.422226 0.494946 
The following result corresponding the SNR point : 1.4 dB.
195 245 219 253 82 184 223 110 167 129 146 76 184 73 82 178 250 15 89 176 19 211 212 120 148 191 108 52 144 145 11 78 159 43 167 236 173 244 104 210 157 15 93 130 184 197 250 176 252 27 69 75 131 126 8 117 161 123 81 217 244 152 198 133 167 100 188 187 131 118 221 114 218 27 59 33 182 203 221 79 65 115 128 118 22 55 5 217 223 79 54 188 31 90 184 119 238 33 19 100 181 23 64 101 175 237 143 42 112 86 42 12 155 30 207 28 28 159 222 69 196 51 232 80 201 19 158 48 67 173 171 170 202 160 223 165 41 63 132 140 169 40 237 120 89 209 103 55 90 34 128 69 194 107 62 114 112 161 155 95 125 103 220 161 23 150 104 12 241 57 191 16 161 118 163 133 16 40 174 160 231 138 248 235 132 36 157 217 89 216 82 76 144 233 130 14 152 155 246 218 19 220 122 11 246 20 226 8 118 212 182 116 188 204 199 81 57 124 46 231 60 79 112 181 219 230 167 175 170 146 225 200 201 131 98 251 186 121 
0.364827 0.872689 -0.297001 -0.019063 -0.504985 -0.0718933 -0.457294 0.490245 0.691187 -0.0772612 -0.19752 -0.738183 0.0734481 1.09157 0.77975 1.01087 0.407059 -0.0764461 -0.345618 -0.495138 1.10839 0.281915 0.138107 0.318951 0.325204 0.015391 0.284158 0.00698008 0.419803 0.208895 0.636691 -0.00386933 -0.652178 0.212933 -0.36988 0.173216 1.02277 -0.244295 0.0606828 -0.399765 -0.274426 -0.517745 -0.803516 0.209794 0.333168 0.00242985 -0.446354 0.455769 0.727436 0.307924 0.449189 0.717033 0.698019 -0.841961 0.565523 0.0941352 -0.601375 0.605876 0.676348 0.0368361 -0.164632 0.262294 0.407741 -0.724725 0.448003 1.01413 0.281652 0.448952 0.424227 0.327774 -0.45155 0.616024 0.105886 -0.69811 0.114035 -0.681721 -0.698567 -0.0593276 -0.159135 -0.0999396 0.161566 0.369631 -0.661662 -0.479013 0.222074 -0.229738 -0.293154 0.0471767 -0.0861391 -0.607593 0.599845 0.44692 0.0642191 -0.220545 0.310229 0.029243 -0.430812 -0.040503 -0.191409 -0.000985885 0.59672 0.531073 -0.0755024 -0.371979 0.0851709 -0.438426 -0.297086 0.477446 0.0625722 -0.436509 0.376654 -0.13483 -0.285952 0.775032 0.238293 -0.268336 0.049246 -0.442561 1.03776 0.313603 -1.40408 0.381483 -0.402278 -0.362672 0.4733 0.708333 -0.268364 0.88634 -0.645189 0.842251 -0.688925 0.100105 0.144918 0.0551366 0.470738 0.368765 0.523342 0.724297 0.950062 0.495956 -0.364164 -0.098466 -0.405091 -0.965302 0.211362 0.571891 -0.172891 0.238659 0.726645 -0.838733 0.542513 -0.577945 -0.819135 -0.356278 -0.795561 -0.433721 0.424594 0.747107 0.0397732 0.0922153 0.38488 0.357607 0.236039 -0.309029 -0.158547 -0.187067 -0.454738 -0.389147 0.797651 0.332573 -0.371981 -0.0755395 -0.142989 0.0827189 0.598246 0.454763 -0.699302 -0.279087 -0.311474 -0.197676 0.33047 -0.768956 0.648006 0.543738 -0.501201 -0.00397687 -0.973909 0.581443 0.310466 -0.400919 0.184218 -0.333719 -0.643593 -0.789261 0.534436 -0.561914 0.688031 0.371109 -0.232915 0.438636 0.611639 0.762861 0.771582 0.452157 0.804298 0.263326 0.176709 -0.0321849 -0.863094 -0.454323 0.486322 0.502206 0.34964 0.408058 0.433873 -0.0343804 -0.681614 0.302464 0.035031 -0.296926 0.434327 0.307277 0.280352 -0.504068 -0.145914 -0.340474 -0.577583 -0.471262 0.358778 0.0843963 -0.0967469 0.350626 0.300898 0.351514 -0.76051 0.064993 -0.125059 -0.477073 
227 35 35 229 128 140 189 160 190 49 34 57 127 166 198 205 99 89 167 249 159 207 29 254 176 50 44 16 186 169 35 101 33 0 212 47 128 5 45 21 164 100 100 106 101 143 191 110 69 4 90 159 157 48 70 253 181 212 230 0 109 35 146 96 208 2 74 193 205 245 210 97 54 234 59 182 172 150 114 133 198 134 190 11 50 218 205 191 231 84 10 75 245 86 47 18 79 206 48 162 13 5 56 8 225 12 11 172 14 231 192 149 40 145 211 226 207 173 36 44 72 111 132 79 216 227 105 215 55 104 202 195 136 139 157 107 41 11 61 104 111 89 20 48 53 43 29 255 152 94 138 191 194 41 4 106 129 163 63 194 170 78 86 159 108 200 81 208 1 94 45 115 114 205 79 35 99 46 69 77 137 64 122 109 124 152 200 3 170 249 103 33 149 77 91 69 248 49 189 64 117 61 187 14 79 213 137 146 63 129 151 247 211 192 99 238 122 184 138 86 245 162 30 80 128 172 237 32 171 103 123 94 61 197 120 231 53 71 
0.179815 0.397051 -0.26647 -0.80496 -0.528561 0.717398 0.808429 0.547352 0.0188928 0.0458743 -0.236206 -0.0538787 -0.504794 -0.00832297 -0.622172 -0.181767 -0.00829849 0.256473 -0.393562 -0.545764 0.286192 0.496564 -0.80102 -0.284969 -0.00995943 -0.741714 0.602101 -0.0598854 -0.411938 0.340744 0.594139 0.644416 -0.571558 -0.701876 0.0784397 -0.302091 -0.643321 -0.561064 0.169467 0.512571 -0.200953 0.116896 0.105226 0.370162 -0.0330549 -0.957427 -0.0814587 0.395351 -0.0189109 -0.240709 0.297323 0.195864 0.682178 -0.265423 -0.0685559 0.570812 -0.40233 -0.334647 -0.0933474 0.0696423 -0.131668 0.227023 0.131403 0.156823 -0.661567 0.890569 0.312183 -0.113029 0.504697 0.108148 -0.671505 0.285797 0.822256 -0.337973 -0.715478 -0.31454 0.0284198 0.220663 -0.0632237 -0.183567 -0.249334 -0.412766 0.144629 -0.322969 -0.554251 0.792571 -0.159055 -0.013642 0.626177 -0.236717 -0.411187 0.410617 0.430268 0.744621 -0.318775 -0.792725 -0.121518 0.42481 0.835419 0.88645 0.775986 0.595555 0.210317 -0.59764 -0.597655 0.55331 0.286703 -0.659063 -1.08157 -0.143913 -0.462736 0.636802 0.0436984 -0.0986783 0.158641 -0.817671 -0.359791 -0.428559 0.242372 0.130637 0.553552 0.0808587 0.556487 0.849041 -0.0309991 -0.393684 0.882297 0.331036 0.0320373 0.00933703 -0.515674 -0.609871 -0.780376 0.181232 -0.515552 -0.00861517 0.0621819 -0.13312 0.252821 0.0807831 0.233894 -0.212118 0.194703 0.277201 -0.0145727 0.489384 0.617577 -0.47919 -0.173886 -0.0925602 -0.570713 -0.0404515 0.00576016 -0.595992 -0.0445812 0.589054 -0.0161289 0.365669 0.654013 0.466067 0.915568 0.415508 0.156419 0.681674 0.344519 -0.140586 0.250012 0.658212 0.0514157 0.651674 0.277743 0.751589 -0.367448 -0.309215 -0.116498 0.435727 0.55025 -0.0674353 0.3326 0.419437 0.278374 -0.264697 -0.598891 0.152397 -0.734328 0.0231244 0.0696927 0.17671 0.131218 0.446341 0.809719 0.421056 -0.279321 -0.459713 -0.508393 -0.681498 -0.180239 0.287288 -0.677201 0.502331 -0.300119 0.261839 -0.582727 -0.336528 0.352806 0.244714 -0.0838626 -0.40722 -0.716334 0.150447 0.298145 -0.0929824 -0.252847 0.800029 -0.615696 -0.367341 -1.01689 -0.431489 -0.297204 -0.14882 0.220691 -0.119321 -0.233797 -0.820789 0.116637 -0.0639717 -0.154784 0.109094 0.319719 0.350956 -0.581418 -0.219676 0.0420436 -0.537707 -0.459854 0.107079 -0.688726 0.434037 
73 206 198 11 135 34 174 52 122 0 238 140 222 6 228 28 119 155 101 86 123 8 126 120 82 49 163 113 11 57 224 101 158 114 246 100 0 204 12 21 33 171 161 67 226 168 59 237 242 168 183 242 214 127 158 29 109 5 196 230 94 86 23 77 74 248 160 169 41 251 182 73 153 212 218 66 244 113 159 216 204 227 90 206 100 29 148 7 99 154 177 153 246 120 250 179 91 203 18 145 253 221 203 138 234 13 69 85 113 67 151 104 176 217 22 190 73 179 54 158 205 131 160 247 86 82 122 6 141 208 211 85 143 152 161 25 168 99 88 4 213 239 179 83 202 36 229 94 241 28 109 187 119 68 58 237 124 44 57 0 10 28 15 37 84 50 82 253 143 108 99 188 36 214 28 107 165 249 98 38 56 97 73 150 119 140 102 255 57 211 216 203 28 135 111 89 50 50 139 224 160 43 60 77 128 30 141 211 178 130 65 205 220 243 126 155 64 76 173 215 204 125 6 224 169 135 129 76 85 86 126 210 214 223 153 32 102 70 
-0.110358 -0.568311 -0.765902 0.401474 -0.545934 -0.120854 0.32038 -0.0280525 -0.368365 0.207578 0.872385 0.413859 -0.299301 -0.658654 0.100872 0.695674 0.208219 0.463745 0.703082 -0.517105 -0.176316 -0.649724 0.275431 0.649755 0.493113 0.198097 -0.761154 0.386236 -0.62946 -0.616946 -0.518191 -0.490228 0.752247 0.562505 0.480371 -0.296203 -0.238997 -0.677447 -0.502387 0.349773 -0.445769 0.108523 -0.389957 -0.454523 -0.598335 0.638068 -0.0205302 0.448422 -0.751869 0.134054 0.0495176 0.524145 -0.207488 0.287876 -0.18087 0.277552 -0.309403 0.191739 -0.0687575 -0.0270915 0.398731 0.248851 -0.188 -0.25393 -0.0846658 0.767768 -0.466184 0.212363 -0.0538813 0.837096 0.264015 -0.43011 -0.815531 0.100718 -0.289963 -0.669929 -0.112992 -0.484723 -0.481743 -0.508909 -0.402433 0.546975 0.811365 0.789639 -0.150892 0.535138 0.417495 -0.15389 0.0849077 -0.212406 -0.188931 0.483673 -0.00305114 -0.279492 -0.617904 0.527629 -0.394547 0.561172 0.16628 0.539679 0.227636 -0.8516 0.459793 0.0729301 -0.679888 -0.0181763 0.465787 -0.256894 -0.471651 -0.80989 -0.549095 -0.458791 -0.561536 -0.437781 0.341533 -0.653659 -0.0804507 0.527964 0.510657 0.444207 -0.768539 -0.109032 0.591361 0.488326 0.00355442 0.149514 -0.378059 0.208966 0.367295 0.599725 0.436416 0.031384 0.299261 0.117595 0.789341 -0.211701 0.00599295 0.298701 -0.0500957 0.773228 0.799739 -0.702317 0.159232 0.692105 0.256581 -0.241172 0.712814 -0.588096 -0.298004 0.0918052 0.620935 -0.0312002 0.0222236 0.358313 0.192992 -0.412415 0.748722 -0.371792 0.197125 -0.297639 -0.119426 0.542368 -0.0462517 0.417235 0.748824 0.800015 0.360297 -0.834236 -0.272258 -0.469184 -0.330163 0.0441253 -0.181813 -0.717481 -0.206139 -0.40946 -0.515459 -0.121813 0.417618 0.653781 0.308028 0.494912 0.750497 -0.45608 -0.727644 -0.565131 -0.0342741 0.949502 0.349711 0.351218 0.258253 -0.344089 -0.817594 0.432088 -0.016565 0.184155 0.18116 -0.853391 0.59524 -0.298275 0.322063 -0.572719 -0.945235 -0.461885 0.0928806 0.263626 0.0267877 -0.626216 0.170706 0.322642 -0.422297 -0.173004 -0.475208 0.308393 -0.695252 0.181289 0.415322 -0.523569 -0.550579 -1.0364 0.365724 0.5606 0.148635 -0.300936 0.712177 0.870143 -0.754083 0.412219 -0.0722263 0.11503 -0.752283 0.0120172 0.432656 -0.261471 -0.532467 0.360605 -0.0341657 0.237765 
161 43 112 74 149 21 41 178 60 20 200 242 208 100 241 65 18 85 31 202 236 142 108 137 38 29 234 79 212 238 131 207 134 249 200 157 22 225 78 225 0 154 98 126 103 65 53 145 167 108 245 78 152 173 104 212 104 153 235 235 88 53 239 206 16 23 15 140 147 173 139 60 144 84 21 249 118 115 206 36 228 161 95 25 86 20 223 125 176 238 203 59 108 171 185 109 76 106 169 85 97 248 102 250 98 231 249 108 217 93 112 130 208 74 60 233 248 226 137 76 93 3 178 236 83 31 84 249 242 202 220 161 55 62 28 162 37 216 183 232 190 109 12 71 87 89 174 244 5 234 132 99 123 118 198 15 169 23 42 49 38 78 56 246 47 170 203 147 159 218 181 10 144 108 121 122 205 171 28 95 106 25 88 163 169 7 77 107 158 189 212 21 102 71 224 215 23 57 119 31 245 233 14 138 226 21 135 119 177 188 240 112 109 144 147 217 245 105 55 49 220 181 32 223 126 10 131 59 179 191 45 3 177 127 187 10 119 176 
0.80981 -0.64793 -0.366513 0.0591634 -0.473442 0.395292 -0.505555 0.494957 0.293501 0.330325 -0.289031 0.168475 -0.184458 -0.0135269 -0.339049 0.0633461 -0.248127 -0.45856 0.0793013 0.295858 0.284935 0.716989 0.490098 -0.364592 -0.64089 0.127529 -1.04415 0.477726 0.284804 0.151793 0.661996 0.140742 0.904417 -0.248505 1.01975 -0.351085 0.643758 -0.688799 -0.24712 1.04612 1.0066 -0.0306227 -0.143109 -0.33026 0.126132 -0.161557 0.0435769 -0.572402 0.0723964 -0.486126 0.0916491 0.114903 -0.587156 0.000551818 -0.484433 0.0794198 -0.46735 0.466571 -0.32993 -0.140476 0.617559 0.577376 -0.389463 0.53509 -0.426714 -0.441685 0.962186 0.0430889 0.34131 0.377425 -0.344904 -0.240578 -0.319807 -0.66315 0.842989 -0.860092 -0.135956 -0.432405 -0.131026 -0.397591 -0.333551 -0.414911 -0.183631 0.466874 -0.195011 -0.109389 0.410094 0.444784 -0.352372 0.245577 -0.398284 -0.589313 0.772098 0.795271 0.681937 0.0776959 -0.654543 -0.3547 -0.830717 -0.121467 0.696058 -0.0418133 0.354221 0.335957 -0.835692 -0.899361 0.265678 -0.891889 0.0850519 0.757295 0.695417 -0.153053 0.275031 -0.504888 -0.444858 -0.378276 0.472061 0.511584 -0.306835 0.428272 0.0467204 -0.175507 -0.208615 -0.394292 -0.799168 -0.418917 0.465452 -0.487909 -0.210987 0.395351 -0.239104 -0.212933 0.214857 -0.30077 0.0385125 -0.19205 0.598988 -0.0141438 0.284863 0.0784748 0.538979 -0.391372 0.22516 -0.607756 0.42747 0.560732 0.610242 0.542141 0.607921 0.174045 -0.193062 -0.600517 -0.442294 0.179736 0.0649015 -0.178248 0.265367 0.22414 -0.0671119 0.68329 -0.222296 -0.425403 0.412465 0.506121 0.128479 0.50571 0.203477 0.758839 -0.772136 -0.00490962 0.676046 0.450859 -0.708696 -0.183449 -1.04734 0.38323 -0.599659 -0.668646 -0.133511 0.253063 -0.335441 0.514114 0.470285 -0.364707 0.296374 0.0732018 0.200017 0.156698 -0.531318 -0.281394 -0.813282 -0.227285 -0.0875064 0.203079 0.56669 0.018312 -0.080034 0.216602 -0.00855907 -0.475346 0.0760263 0.146454 0.253851 -0.214274 0.319045 -0.617786 -0.355458 -0.121163 -0.624934 0.614048 0.0908696 -0.479161 0.416375 -0.166699 0.307042 0.219716 0.816736 0.428377 0.42919 0.466178 -0.359668 -0.196355 0.499288 -0.190376 0.218481 -0.481577 0.0795772 -0.784844 0.471435 -0.0929942 0.363326 -0.0317066 -0.479573 0.462057 0.389257 0.581945 -0.0835154 0.746802 
145 235 253 221 119 155 181 215 230 204 15 155 229 151 176 235 148 72 84 48 206 209 162 70 135 255 154 232 234 228 223 191 141 61 58 233 197 13 88 182 223 41 40 4 82 186 160 237 17 69 28 239 60 188 165 106 116 50 74 156 53 62 221 167 242 134 205 51 240 177 225 114 151 242 49 94 170 183 64 52 101 181 67 43 244 111 181 181 40 105 126 1 56 221 255 74 185 112 184 158 224 16 88 161 91 204 89 99 87 31 92 132 114 64 239 142 5 127 123 11 169 176 209 146 30 46 191 31 191 198 58 160 206 208 69 246 69 209 74 111 201 49 145 222 86 95 180 167 170 135 47 181 116 215 191 141 197 75 219 199 207 169 84 42 236 104 66 195 136 206 210 99 248 168 50 14 172 94 69 132 3 191 100 217 94 107 26 160 227 62 235 212 225 229 179 181 72 223 240 76 78 252 101 10 69 98 101 34 196 76 96 101 231 80 202 4 139 93 142 161 251 119 165 237 235 245 104 128 179 242 55 136 208 173 238 141 243 249 
0.205606 -0.127272 -0.497278 -0.947566 0.205506 0.178049 -0.152402 -0.0230478 0.394637 0.0407047 -0.66563 0.682597 -0.145877 0.304846 -0.18118 0.458868 0.717342 0.297348 0.223541 0.883785 0.472046 0.381801 0.180302 0.577724 0.683865 0.691108 0.138029 -0.0240126 0.877433 -0.755036 -0.00914694 0.117642 0.174871 0.0539796 0.552655 -0.243017 -0.242684 1.1506 0.264556 -0.349448 0.157681 0.674857 -0.015944 0.914809 0.853449 -0.174812 -0.526543 0.0754791 -0.0944322 -0.540608 0.623129 -0.0490329 0.695215 0.458054 -0.660233 0.709444 0.709693 0.424044 0.357396 0.122885 0.751394 -0.729948 0.424837 0.524487 -0.120634 0.190067 0.508103 -0.492974 0.111068 0.293454 0.645537 0.0217768 -0.384573 0.0224496 0.71256 0.476865 -0.311818 -0.387662 0.548295 0.255969 0.74787 0.0190609 0.2213 -0.00887309 -0.488298 -0.187837 -0.736237 -0.522824 0.29972 0.187517 0.284864 1.06376 -0.17422 0.0388705 -0.109928 0.311524 -0.278101 -0.452357 0.203636 -0.39874 -0.289855 0.00651972 0.555283 0.338626 0.333504 0.821438 0.706364 -0.415978 0.355022 -0.568529 -0.236238 0.800873 0.408115 -0.519742 -0.460083 -0.415798 0.0370282 0.572284 -0.559808 0.247649 0.440563 0.127662 -0.794593 0.072115 -0.244752 0.289559 0.497893 0.172761 -0.449245 0.12614 0.665873 -0.383487 0.367895 -0.239158 -0.248054 0.41964 -0.255499 -0.368698 -0.144895 0.331022 -0.0915766 -0.212185 -0.0236055 -0.442509 -0.661054 -0.0637687 0.339276 -0.330261 0.291259 -0.240405 0.604454 -0.14444 -0.256951 -0.401481 -0.570197 0.0947424 -0.386997 0.355607 -0.281524 0.131491 -0.513694 0.103207 -0.0060602 0.432465 -0.462548 0.0502896 -0.202342 0.1267 0.279829 -0.469752 0.00113819 -0.691025 0.843638 -0.641211 -0.214534 0.18851 -0.407042 0.236533 0.114272 -0.0798694 -0.160276 0.407988 -0.0354778 -0.280165 -0.425924 0.307907 0.635581 -0.490557 -0.287245 -0.0130969 0.303654 -0.103066 -0.020915 0.408509 0.331357 -0.285957 -0.00824502 -0.0122911 -0.656024 0.529846 0.375691 0.522416 -0.103298 0.244918 0.215007 0.543863 0.316777 0.608753 -0.569646 0.585187 -0.405494 0.33504 0.119499 -0.373372 -0.199045 0.0269985 -0.0775984 -1.11257 -0.565976 0.381632 0.152382 0.135136 0.402656 0.435596 -0.498139 0.475101 -0.518283 0.127634 -0.868286 -0.070099 0.10369 0.297892 -0.28151 -0.500967 0.247546 -0.17217 -0.422226 0.494946 
178 251 158 225 50 151 134 160 13 24 251 145 126 85 243 114 48 62 168 27 231 209 245 26 22 142 174 149 21 206 75 61 107 222 5 162 60 103 127 72 218 123 31 226 44 244 171 47 224 149 33 204 75 19 152 144 238 186 232 16 57 181 199 129 112 224 39 106 162 65 129 232 171 39 204 149 159 105 252 199 6 45 87 173 149 47 41 69 220 43 37 110 208 152 20 86 251 244 34 58 174 2 186 92 103 164 230 144 55 166 77 109 81 164 50 69 159 210 228 180 100 96 188 253 32 215 163 4 207 31 227 137 146 119 52 163 251 173 246 220 212 202 123 188 68 16 93 244 155 219 242 164 157 181 145 222 11 48 74 180 97 255 31 146 212 100 58 147 148 102 7 4 168 224 179 25 180 137 35 226 253 245 17 2 101 34 17 3 248 182 15 38 56 70 66 73 7 219 28 146 13 132 104 253 249 238 69 152 7 222 45 38 70 14 252 9 244 50 202 51 125 180 222 46 173 29 94 204 15 219 201 241 27 243 77 248 220 13 
-0.525927 0.504787 -0.648529 -0.24121 0.486336 0.455584 -0.20779 1.16046 0.364282 0.227059 -0.21149 0.393876 0.772088 0.287756 0.284816 1.02621 -0.870473 0.742652 0.185206 0.367283 0.59129 -0.253435 -0.775288 0.295299 0.698098 -0.145553 -0.522176 -0.735636 -0.662535 0.315972 0.250929 0.308878 0.16349 0.598531 -0.345039 -0.315916 0.220297 0.208948 -0.978084 -0.230967 0.851045 0.207992 -0.101684 0.0498511 0.397319 -0.785259 -0.397126 0.561187 -0.717491 0.54188 0.320059 0.00487683 -0.303813 -0.0774716 -0.354156 0.847844 0.195125 -0.022689 -0.593749 -0.252423 -0.301019 0.464593 -0.226213 0.302297 0.0942862 -0.139187 0.221035 -0.296536 0.0709336 -0.0189934 -0.203752 -0.321135 -0.622742 0.25661 -0.256837 0.422902 0.159941 -0.427699 -0.382773 0.215052 0.635167 0.543572 -0.117861 0.53633 0.208125 0.473761 0.73509 0.635195 0.488645 -0.656901 -0.560449 -0.676492 0.764045 -0.160223 0.0596902 0.153679 -0.521867 0.582498 -0.00470616 0.283128 0.602211 0.136098 0.318881 -0.74007 0.794771 -0.233935 0.624238 -0.628447 0.35446 -0.738301 -0.165336 -0.44062 0.505889 0.577419 -0.226518 -0.440745 0.0726898 1.00293 0.471201 0.266207 0.247552 0.934513 -0.148854 -0.689941 0.0540358 -0.200092 0.404164 -0.269458 -0.296017 -0.0268757 -0.603309 -0.0717448 0.239021 -0.20857 0.443929 -0.681585 -0.198159 0.366823 0.384461 0.443878 0.237284 0.691033 0.116251 -0.544917 -0.940981 -0.725846 0.0329508 0.407023 -0.865944 0.548771 -0.155273 0.703431 0.412488 0.60102 -0.694111 -0.149609 0.0245334 -0.229956 -0.313008 -0.234285 0.484137 0.5447 0.269134 -0.693672 -0.525528 -0.40244 0.498962 0.0689446 0.454918 -0.339196 -0.60873 -0.867703 -0.00689354 0.0531851 0.36404 0.460366 0.166407 -0.372837 0.182194 0.122137 -0.231105 0.543251 0.386329 0.144401 -0.335734 0.62261 -0.176579 0.657685 0.102126 -0.370055 -0.0882227 -0.292501 -0.305694 -0.0539307 0.63193 -0.953029 0.182581 0.125073 0.0266971 -0.850734 -0.330227 0.221425 0.502422 0.409967 -0.565132 -0.567045 0.220863 0.12707 0.129331 0.47248 0.529642 0.110127 -0.407739 0.618514 -0.303514 0.164125 -0.194518 -0.682467 0.902478 -0.094165 0.0521494 -0.757643 -0.481234 0.576141 0.365292 0.0607181 0.187338 -0.727502 0.0917964 -0.272801 -0.86112 -0.461353 -0.482712 0.236372 0.123297 0.0259628 -0.386034 -0.0819278 
23 212 47 1 247 160 241 92 202 203 173 151 219 130 136 36 148 203 206 31 13 192 150 203 67 87 101 50 31 176 196 231 32 253 104 136 177 214 17 126 245 39 5 38 157 196 81 213 174 83 207 70 192 122 199 242 162 103 220 173 230 82 174 145 250 251 60 147 164 226 210 44 49 118 21 9 182 80 117 110 75 19 132 118 57 19 153 199 175 19 242 112 199 124 113 174 68 172 189 183 246 232 32 242 186 107 143 164 176 86 82 164 9 255 14 162 74 224 244 145 191 15 29 5 243 213 234 130 26 45 216 7 101 151 174 72 228 15 34 79 41 89 104 254 41 81 186 114 153 68 177 127 206 250 24 208 122 32 4 5 6 244 99 132 5 168 98 172 112 64 29 114 203 205 121 1 217 131 184 78 113 4 88 126 68 96 11 186 105 99 104 220 26 191 56 54 72 83 58 8 250 122 44 75 148 252 12 60 181 152 25 160 141 190 190 200 255 2 20 96 133 11 103 239 166 187 154 191 124 175 62 195 42 138 238 192 197 56 
-0.0853012 0.622009 1.09344 -0.156991 0.571317 -0.276613 -0.299328 -0.128409 -0.152725 -0.887313 0.447991 -0.193198 -0.129325 -0.106811 0.333412 0.221558 -0.149633 0.0762964 0.765797 0.366395 0.16213 0.661704 -0.350521 0.18776 -0.0154895 -0.899812 -0.702109 -0.515547 -0.805177 -0.415992 -0.7659 -0.587388 0.0471627 0.274315 0.166906 -0.567619 0.412274 0.811133 0.107297 -0.0127353 -0.644021 -0.232759 -0.223567 -0.216784 -0.174133 0.0725573 -0.646091 1.31552 0.0385325 -0.203897 -0.0681669 -0.505224 -0.21572 -0.196521 0.269615 0.898139 -0.117269 -0.581796 0.353789 0.382659 0.148762 -0.396106 1.15572 -0.10053 -0.662972 0.574521 -0.374966 0.854576 -0.181421 -0.345404 0.312339 -0.0607581 0.350138 0.328633 -0.655814 0.631065 0.0818808 -0.520761 0.353441 0.541151 0.156335 -0.0606798 -0.0143688 0.224885 -0.126 0.119613 -0.264537 0.103214 0.478595 0.26854 0.231263 -0.719759 0.598222 -0.608136 -0.541134 0.573938 -0.014092 0.138069 -0.333531 0.345283 0.533889 0.186689 0.861447 -0.129667 -0.465321 0.119725 -0.718442 0.217823 -0.382277 -0.427236 -0.700839 0.753076 -0.460379 -0.0348405 -0.615237 0.451133 -0.878279 -0.468369 -0.0070874 -0.185496 -0.793876 -0.552354 0.481814 -0.155321 -0.549999 0.32179 -0.186196 -0.121691 -0.363646 -0.356902 0.565114 -0.470637 -0.0182433 0.186309 -0.0170877 -0.091911 0.206873 0.450637 -0.677554 0.693765 -0.41787 -0.842068 0.489689 0.320548 -0.387617 0.317448 0.662888 0.0275952 -0.526948 -0.0198133 0.476622 0.735617 0.771998 0.18724 -0.356694 0.046867 0.824374 0.430777 -0.575064 -0.525955 0.0705388 -0.462812 0.809443 0.0732515 -0.492624 -0.38481 -0.458112 0.114388 -0.197953 -0.615394 -0.925266 -0.781049 -1.31149 -0.0961885 0.17216 0.83948 -0.399182 0.280258 0.197076 -0.474708 -0.0515258 0.170551 -0.340493 0.461368 0.522141 0.599556 -0.420188 0.483357 -0.705387 -0.125736 0.513191 0.234702 0.348865 -0.109559 -0.111384 -0.156446 -0.440409 0.308287 0.603463 -0.284309 -0.21183 0.640757 0.405393 -0.385367 -0.473494 -0.315313 0.850017 -0.00135897 0.56919 -0.303634 0.769296 -0.0678031 -0.448104 0.178991 0.700924 -0.486009 -0.195058 -0.234899 -0.367222 -0.459808 0.0671237 0.482062 -0.0751121 0.0913167 0.196426 0.0920729 0.59789 0.138276 0.409844 -0.0820697 -0.301204 -0.463887 -0.323153 -0.354783 -0.184293 -0.282153 0.253049 0.444448 
102 50 93 186 150 212 97 71 161 117 66 253 58 116 108 157 80 132 173 165 12 199 117 68 9 154 57 4 245 31 85 73 93 236 107 15 80 144 50 75 83 165 77 215 253 72 67 94 41 128 101 148 204 197 149 100 52 39 164 112 238 237 5 211 51 56 112 18 188 216 127 62 129 176 140 158 215 245 89 185 96 211 212 115 91 63 251 126 151 150 74 54 86 157 81 137 182 84 109 131 232 137 236 6 22 226 20 85 137 74 4 86 164 5 174 163 169 60 184 161 237 25 49 237 153 180 171 145 177 227 144 127 255 105 108 71 247 10 69 30 235 104 127 247 99 54 75 153 104 136 164 54 76 206 198 92 168 166 208 252 236 93 171 204 27 241 52 50 194 95 138 119 5 22 254 203 74 209 234 148 117 30 134 17 40 186 25 70 28 101 188 67 99 171 225 100 95 245 26 175 179 91 142 206 123 211 159 72 176 12 200 167 40 234 199 39 76 240 137 4 74 156 63 28 41 111 233 190 167 212 176 251 131 193 215 232 149 76 
-0.0594947 0.774122 0.449961 -0.429653 -0.77697 -0.161679 -0.119549 0.242474 -0.258736 0.0961989 -0.527065 0.204093 0.151229 0.454242 -0.393715 -0.546819 0.139555 -0.249996 0.88641 0.0174004 -0.0145474 -0.221877 0.229305 -0.822655 -0.0928879 0.222146 0.22012 0.549713 0.570587 0.592889 -0.655976 0.00480547 -0.270761 0.544435 0.293672 -0.45765 0.517601 -0.530131 -0.128326 0.459438 -0.461637 -0.235034 0.424161 -0.556289 0.224421 -0.629466 0.581946 0.562742 0.503131 -0.503888 -0.925665 -0.629727 -0.460172 0.206616 0.293557 -0.220711 0.446366 0.346173 0.486894 0.133835 -0.376507 -0.374865 0.0170098 -0.511434 0.522002 0.340364 -0.566186 -0.57793 -0.522585 0.292847 -0.458474 0.256109 -0.131262 0.125238 0.0369476 -0.127914 0.678381 0.845783 0.755553 -0.172685 -0.560994 -0.0786415 -0.675764 -0.388844 0.125806 -0.527197 0.354702 -0.427006 0.347084 -0.0886853 0.742142 0.107053 -0.430873 0.499843 -0.0111985 0.490413 -0.526441 0.65538 -0.0226802 0.872048 0.758521 -0.101695 -0.493345 -0.4927 0.0809187 -0.681003 0.0754052 -0.13 0.493585 1.06474 0.550502 -0.584437 -0.0401558 -0.101773 0.433659 0.0527452 -0.133624 0.246208 0.702656 -0.591815 0.510888 -0.351834 0.382461 0.0408811 0.431257 -0.456222 -0.518008 0.320986 -0.43793 -0.380285 -0.259141 -0.647691 0.449504 0.28606 0.719591 -0.197925 -0.492033 -0.804316 0.266936 -0.150907 -0.240351 -0.926164 -0.63281 0.839388 0.377207 -0.193328 -0.587329 0.783365 -0.19951 0.175099 -0.108585 0.493379 0.0972308 0.0854328 0.0719814 -0.199089 -0.0837534 0.046247 0.035198 1.00797 -0.049156 -0.266866 -0.408472 0.170492 -0.0953818 -0.780445 -0.752965 -0.412127 0.473733 0.691926 0.276018 -0.590446 -0.0570178 -0.353808 0.262752 0.830337 0.644409 -0.316989 0.851417 -0.422709 0.220959 0.4023 0.98496 -0.5436 -1.02274 0.160727 0.0528529 -0.13271 -0.127075 -0.124826 0.136683 0.249693 -0.116788 -0.0951584 0.0355857 0.164861 -0.440386 -0.160384 -0.537545 -0.717979 -1.18893 0.116829 -0.561232 0.450448 0.474364 -0.405556 -0.360716 0.49831 0.130851 -0.897532 -0.484083 0.296409 0.882499 0.206752 -0.0506584 -0.733811 -0.126625 0.0756332 0.109903 -0.852992 -0.197809 -0.399628 -0.208104 -0.258803 0.301057 -0.560255 0.259049 -0.452266 0.370978 0.140788 0.307572 0.424563 0.332334 0.467385 0.646476 0.396915 -0.143347 -0.316335 
3 237 17 109 234 10 52 90 29 95 108 156 109 203 53 217 8 94 109 77 92 24 202 222 107 61 223 34 154 126 147 29 109 135 88 201 240 40 120 198 208 1 86 194 109 138 201 12 6 11 75 58 7 61 218 208 23 110 181 159 204 250 246 155 155 48 73 120 128 79 176 154 130 96 28 179 48 88 85 90 161 21 32 69 56 67 139 243 241 113 139 153 162 51 48 41 23 83 112 192 228 94 141 31 195 102 15 118 53 64 205 85 243 5 152 169 224 63 54 194 48 250 163 238 89 160 141 49 134 177 96 71 172 12 241 155 181 248 5 113 228 0 128 87 133 120 9 249 32 130 34 68 98 103 254 237 134 89 48 46 91 16 62 217 202 40 237 92 248 131 139 44 190 230 219 232 93 106 219 143 1 105 173 36 251 107 86 21 45 126 51 62 21 235 155 181 165 7 71 152 16 6 93 56 51 239 215 153 37 212 115 75 209 97 39 252 249 13 239 102 183 47 86 131 154 42 76 106 119 210 169 51 17 217 157 94 27 92 
0.119662 0.627822 -0.0259178 -0.325562 -0.0366156 0.0804424 0.240567 -0.807044 0.235924 -0.659746 -0.424993 0.248312 0.0388115 0.130669 0.160615 1.13945 -0.258263 -0.615456 -0.341022 0.185263 0.217474 -0.470962 -0.368698 -0.290527 0.115365 -0.190006 0.67359 0.603307 -0.474214 0.787018 0.0270369 -0.372344 -0.280278 0.256731 0.340626 0.167762 -0.433295 0.580982 0.56344 0.344057 -0.534296 0.277373 -0.605087 0.722472 -0.0872752 -0.483655 -0.0786516 0.0878472 -0.641581 -0.127615 0.337754 -0.423917 0.569425 -0.297136 -0.845478 -0.349157 -0.0976552 -0.066358 -0.448919 0.00820197 -0.0735392 0.138089 -0.0715338 -0.23841 0.632783 -1.0739 0.304461 0.275223 0.483055 -0.499565 -0.245328 -0.156734 0.633531 0.746852 0.590889 0.184763 -0.13099 -0.366818 0.239776 -0.295921 -0.526688 -0.147529 0.202768 0.0507963 -0.62167 0.622403 0.458805 -0.561774 -0.607556 -0.397867 0.063564 0.772141 0.362536 -0.544619 -0.356378 1.40556 0.374934 -0.9726 0.380927 0.0504411 -0.101279 -0.279787 0.441939 -1.0507 0.864334 0.274214 -0.284633 0.526256 0.222349 -0.323891 0.23468 0.00301437 0.635932 -0.0169741 0.40538 -0.57955 0.71939 0.528609 -0.683928 0.0587263 -0.129943 -0.0437037 -0.450094 0.768865 0.743543 -0.927714 0.49502 -0.475356 -0.725797 -0.330648 -0.618203 0.736928 -0.0410083 -0.162344 -0.188985 -0.325709 -0.494565 0.440385 0.704727 -0.486627 0.199474 -0.343464 0.472563 0.260429 0.223747 -0.427638 0.262891 0.578418 -0.610834 0.486571 0.56494 -0.242283 0.0394467 -0.465985 0.27841 -0.226161 -0.271464 -1.10414 1.18739 -0.393179 -0.620046 -0.318089 0.563976 0.423353 0.248935 -0.882157 0.213178 -0.196384 -0.462444 -0.246738 0.0507014 0.131979 0.115014 0.131686 0.0309094 -0.175017 -0.641578 0.15141 0.209207 0.799996 0.191208 -0.351377 0.420154 0.487019 -0.203822 0.407281 0.480346 0.469733 0.274419 0.104301 0.287146 0.0577575 -0.26971 -0.0397175 -0.677468 0.561862 -0.17787 0.408092 0.568354 -0.29897 0.402254 0.193985 0.523692 0.715654 0.222153 0.219353 0.0607022 -0.0514292 0.339364 0.476534 -0.174165 0.520879 0.486504 -0.407399 0.143869 0.257915 -0.0373559 0.153242 -0.333894 -0.762649 -0.444069 0.447488 -0.053904 -0.139434 -0.322555 0.307146 0.230741 0.325184 0.0510344 -0.413093 -0.551558 0.155604 -0.0595876 0.342879 0.462552 0.852692 0.639635 0.54517 
231 107 81 194 82 77 112 121 1 214 131 172 20 217 187 123 194 232 161 155 226 177 189 117 213 27 226 187 209 251 158 21 153 149 84 208 251 5 40 76 83 206 108 4 66 70 77 166 232 176 130 246 180 14 253 164 240 174 69 227 26 38 91 54 26 24 238 128 97 120 180 197 51 119 157 102 243 167 193 149 191 38 205 11 167 224 138 61 32 126 156 239 74 14 244 138 175 152 228 185 224 20 73 197 19 112 255 14 83 10 104 237 112 51 222 244 138 51 252 38 132 92 239 142 203 126 30 50 215 181 119 188 173 97 247 207 80 198 191 77 169 0 67 124 82 218 78 65 17 182 18 109 98 200 193 189 173 95 158 138 112 109 215 166 253 123 82 17 108 220 16 91 156 197 227 20 92 196 187 103 20 141 191 93 89 78 235 39 70 220 141 160 28 85 119 221 12 165 251 71 9 116 18 156 218 144 239 106 203 76 76 206 116 9 87 115 145 121 172 51 83 151 118 64 19 171 177 58 1 97 139 55 91 87 49 239 204 70 
0.438448 0.24789 0.743575 -0.300693 -0.423853 0.00426987 0.21024 0.462298 0.55907 0.755544 -0.937748 0.508894 -0.461157 0.271251 0.222856 -0.169695 0.757636 0.131609 -0.246216 -0.238703 0.480969 -0.183805 0.462491 -0.398632 -0.419348 0.60585 -0.185252 -0.249984 -0.462709 -0.467782 -0.136768 0.411388 -0.148751 0.898103 -0.591923 -0.608671 -0.266612 -0.258688 0.246905 -0.496312 0.46271 -0.432897 -0.0385046 0.529243 -0.193976 -0.377554 0.302186 -0.549695 0.0295486 -0.251171 -0.315222 -0.417966 0.314437 1.14075 0.186997 -0.731798 0.279859 -0.93676 -0.0134776 0.603695 0.128003 0.29517 0.131972 -0.22167 0.404046 -0.305182 -0.291784 -0.732624 -0.601389 -0.504701 -0.365862 -0.529806 -0.264045 0.232203 0.120658 -0.58077 0.622558 -0.846987 0.69207 -0.246218 0.490916 -0.150066 -0.598624 -0.502572 -0.896834 -0.279219 -0.924049 -0.0497757 -0.217127 -0.211954 -0.163161 0.884433 -0.243912 0.235844 -0.371296 -0.0945749 -0.295297 -0.642455 0.302827 -0.34194 0.52445 -0.163103 -0.188905 -0.503512 -0.233527 0.196762 -0.484887 0.584047 0.755713 0.136705 0.39738 0.222999 0.696788 -0.20997 0.0792469 0.138252 0.758368 0.144113 -1.10319 0.425929 0.527975 -0.118655 -0.136302 0.0691949 0.636256 0.350609 0.583301 0.0582697 -0.647196 0.259851 -0.783821 -0.630294 -0.372711 -0.41239 0.155765 0.263077 -0.0727279 -0.0622761 0.24007 0.46602 -0.15824 0.11927 0.846422 0.565126 0.288893 0.097897 -0.797876 -0.0494508 -0.00341309 0.310741 -0.261824 0.745081 0.0435619 -0.0765626 -0.639111 0.418826 0.0255236 -0.13025 -0.128396 0.416565 -0.434535 0.235791 -0.259703 0.0550423 -0.0974149 0.226055 0.0390492 0.683332 0.301149 -0.754865 -0.944994 -0.448534 0.0624674 -0.107612 -0.0191229 0.760309 0.689001 -0.613365 0.62437 0.450025 0.415748 0.205897 -0.629976 0.367159 0.554618 -0.113449 0.315254 -0.407002 0.344133 -0.181551 0.339716 -0.391216 0.0918494 -0.426362 0.806171 0.583748 0.4103 -0.297146 0.79565 0.206319 0.618622 0.901737 -0.46471 0.384699 0.0107232 -0.511233 -0.136483 -0.479224 0.0597722 0.766643 -0.181195 -0.641094 -0.0656229 0.94931 0.53198 0.335895 0.668601 0.38807 -0.812951 0.182116 1.0474 0.263234 -0.863725 0.924557 0.0884402 -0.676259 -0.567574 0.0601201 0.175371 -0.42708 0.342504 0.706089 -0.0719745 0.462057 -0.486506 -0.155082 0.216251 0.51229 
87 52 174 250 164 185 186 131 52 178 32 84 193 54 184 223 48 114 54 80 191 134 223 230 112 234 23 123 30 212 166 203 102 91 97 187 74 237 121 149 243 186 9 27 155 201 148 76 199 231 8 182 64 240 223 152 228 0 2 189 47 43 231 90 234 107 102 248 241 221 252 84 84 130 229 173 8 171 1 76 131 57 141 32 106 249 136 113 120 50 4 149 170 185 122 187 130 84 72 178 80 171 204 246 117 120 113 210 174 132 188 0 41 33 239 99 220 104 27 154 152 37 218 19 212 209 149 163 134 135 205 151 24 119 126 226 82 103 86 72 27 176 11 73 158 10 16 144 33 60 105 54 172 195 136 131 141 28 82 39 87 97 91 90 47 171 226 177 143 95 67 46 67 76 182 160 146 205 234 66 204 109 156 21 163 19 131 112 76 7 218 156 241 20 62 224 184 203 43 43 20 118 81 156 47 43 14 144 89 34 186 245 90 174 212 40 204 124 28 63 62 203 35 85 187 82 136 141 194 233 92 14 249 238 225 166 53 28 
-0.0202734 0.0166845 -0.0584637 -0.168233 0.21391 -0.591253 -0.101211 -0.442131 0.173803 -0.509563 -0.263813 -0.147738 -0.279848 0.875456 -0.293759 -0.259053 0.16163 0.108307 0.328285 0.20821 -0.473659 0.356235 -0.516209 0.06949 -0.464232 -0.173952 -0.243467 0.562603 0.416519 0.13561 0.733445 0.726883 0.0456819 -0.529036 0.0409569 -1.05354 0.000171552 0.435606 -0.264709 0.525927 1.00364 -0.131821 -0.588887 0.812294 0.654696 -0.00696872 0.505874 0.201353 -0.277514 0.509475 -0.544496 0.162489 0.152389 0.564023 -0.0766369 0.42696 0.365342 0.334005 -1.12209 -0.0486999 0.0665392 -0.574843 -0.208805 0.162845 -0.844591 -0.000253941 0.811201 -0.29647 0.147087 0.587128 -0.315991 -0.439735 -0.308308 -0.296155 -0.25637 -0.487035 -0.0961635 0.0751396 -0.295043 0.713766 -0.309281 -0.0216182 -0.863209 0.0408341 -0.759707 0.230315 -1.07432 -0.496945 0.181116 -0.469416 0.321862 -0.0707246 0.848667 -0.314668 0.2685 -0.154588 0.475186 -0.548942 -0.105981 -0.344454 -0.850765 -0.993465 -0.0228304 0.666429 -0.340149 0.276306 0.500645 -0.732541 0.167915 0.733458 -0.448335 -0.517029 -0.195748 -0.254904 -0.0872435 0.406964 0.397378 0.517377 -1.32555 0.198072 -0.0374323 0.703389 -0.0195627 -0.0901156 0.70536 0.337708 0.495444 0.253938 0.0471664 0.126723 -0.597113 -0.411211 0.734492 0.252474 -0.418769 0.463335 -0.811985 0.581043 0.19396 0.0373276 0.152734 -0.0521214 0.323614 -0.189556 -0.415921 0.389013 0.543495 -0.387413 0.561431 0.287372 -0.186059 -0.162821 -0.232115 -0.341709 -0.123104 -0.722784 0.954461 -0.227266 0.400365 -0.751147 0.606907 -0.082999 0.375062 0.415863 0.309597 -0.142469 0.0510655 0.165553 -0.08653 0.295401 0.708881 -0.320415 -0.158919 0.167384 -0.470825 0.451925 0.641321 0.145073 0.374194 0.708925 0.112086 -0.613675 0.127316 0.825373 -0.590588 -0.0364864 0.493282 -0.303219 -0.349588 0.0596186 0.253837 0.472667 -1.00291 -0.630391 0.255697 -0.336541 0.710348 0.0139578 0.879974 -1.25071 -0.482536 0.756485 -0.375979 0.602359 -0.720574 0.502542 0.566819 0.638247 0.512439 0.471065 0.564737 -0.291074 0.423079 -0.0595854 -0.277615 -0.782956 0.384746 0.586372 -0.66997 0.25397 -0.168873 0.356598 0.202954 -0.518889 -1.0515 0.650493 -0.126927 0.91029 0.553016 -0.122265 -0.527668 -0.135464 -0.621222 -0.678166 -0.0698313 -0.480593 0.554457 -0.594761 
146 72 78 13 96 114 17 153 207 212 158 112 244 89 176 152 169 103 106 135 108 154 210 106 94 236 35 155 55 60 178 252 171 113 223 30 143 212 217 158 117 237 58 34 89 31 129 40 118 113 138 157 232 207 236 234 70 186 117 162 140 211 201 14 69 187 173 12 195 225 252 187 38 157 127 197 166 151 108 59 69 31 32 116 87 194 189 158 10 130 100 224 107 69 217 176 176 189 174 0 44 214 218 191 204 38 22 65 234 208 20 131 124 2 130 45 201 125 176 227 130 180 27 118 132 100 0 236 80 34 231 26 144 185 36 96 57 53 126 96 116 148 124 64 200 27 254 166 85 70 107 207 48 32 248 230 191 239 127 48 123 79 81 74 254 84 241 249 195 181 29 187 141 168 74 83 36 212 124 193 22 160 48 53 93 130 49 253 141 46 254 113 30 153 137 30 148 64 62 189 192 138 77 52 170 125 0 196 184 205 244 159 218 74 226 174 107 254 235 168 125 172 41 84 157 91 158 22 144 236 3 198 226 75 129 104 32 157 
-0.179363 0.316849 -0.622054 -0.499967 0.0402593 -0.0760124 -0.482072 0.671423 -0.33404 -0.287087 -0.225067 0.341237 -0.610608 -0.0397876 0.487907 -1.00672 -0.670275 0.789346 0.598963 0.546008 -0.718516 0.20529 0.271108 -0.213346 0.741751 -0.0549036 0.462687 0.150976 -0.326395 0.14504 -0.327786 -0.398117 -0.210188 -0.408709 -0.536116 -0.587672 -0.136858 0.37245 0.349923 -0.550449 -0.38472 0.277814 -0.494516 -0.653572 0.00748085 0.188738 0.761833 -0.244519 0.833518 -0.45966 -0.807452 -0.117811 1.0801 -0.646825 -0.467517 -0.446342 0.522707 -0.374955 -0.792535 0.657871 -0.0596051 -0.230599 -0.0302903 0.254995 0.250127 0.143578 0.214661 0.160391 -0.425607 -0.243068 0.623606 0.339683 -0.591465 -0.539748 0.248798 -0.440744 0.442429 -0.469633 0.218029 -0.106721 -0.623577 0.188472 0.819638 0.256911 0.420085 -0.41774 -0.244252 0.737912 -0.181354 -0.57892 -0.239399 -0.637105 -0.205239 0.26134 0.726094 -0.444137 -0.519858 -0.495071 0.213931 -0.472638 0.20526 0.361967 0.107994 -0.180255 0.18401 0.24972 -0.50486 0.347402 -0.152636 -0.277334 0.4967 -0.210802 -0.471488 -0.0225825 -0.228559 -0.221048 0.189745 0.769993 -0.387934 0.290938 0.0876839 -0.135718 -0.0995721 -0.306626 0.622943 0.0818985 -0.224502 0.776982 0.258071 -0.440127 0.103743 0.235759 -0.427358 0.365597 -0.451255 0.489212 0.653873 0.997269 0.726108 0.0382384 -0.281746 0.96434 0.27033 -0.266251 -0.138716 0.177275 -0.190486 0.734588 -0.551586 0.403014 0.708277 -0.774267 0.552526 0.931579 0.623053 -0.333095 -0.166447 -0.555433 0.145993 0.264864 -0.647997 -0.648321 0.514887 0.034049 -0.14326 0.98438 -0.107973 -0.139348 -0.355192 0.326471 -0.581996 -0.154399 0.699401 -0.618751 -0.282128 0.354195 -0.263308 0.185933 0.0736224 -0.672102 -0.163401 -0.384226 -0.233839 0.329534 -0.552782 0.446846 -0.214659 0.703029 0.0589583 0.0236498 0.112029 -1.17421 -0.678989 0.374041 0.263947 0.342078 0.458973 -0.232873 0.825967 -0.167389 -0.69904 -0.798559 0.531453 0.448675 -1.04317 0.116157 0.216083 0.348776 0.738895 0.561011 -0.247155 -0.177827 -0.376769 0.442236 -0.174524 -0.400665 0.359113 0.441153 -0.248027 0.181731 0.166496 -0.719314 -0.632365 0.336015 0.352583 0.0815024 0.585939 -0.295425 0.777072 0.224251 -0.349556 -0.15408 -0.0704523 -0.442588 -0.396931 0.355305 0.500045 0.451111 
148 181 61 183 7 41 119 112 88 210 246 200 236 139 225 22 233 158 11 197 62 114 52 53 195 166 7 94 240 242 68 40 231 109 14 102 182 126 56 78 63 9 14 122 178 220 10 120 39 128 137 180 155 177 4 110 187 58 230 107 162 184 96 35 205 1 83 194 167 211 187 112 47 157 243 133 184 139 89 26 76 250 126 129 213 246 13 14 224 187 71 105 192 129 241 55 15 15 52 229 90 138 11 214 90 193 13 211 104 234 227 110 137 198 13 73 217 100 135 163 223 205 234 84 135 246 92 244 67 145 208 85 133 129 197 102 176 210 227 22 104 155 245 5 254 90 170 213 173 12 255 104 41 186 20 253 216 128 250 105 51 32 21 181 55 38 122 149 116 193 144 140 162 42 93 226 93 216 154 195 107 127 180 143 198 132 194 209 23 106 208 246 191 216 223 105 114 145 77 157 15 152 88 187 35 22 200 40 86 34 113 187 43 156 127 86 194 13 92 100 123 1 62 141 191 245 55 129 21 119 81 2 113 118 28 210 158 213 
-0.48559 -0.0309385 0.439322 -0.436466 0.270621 -0.813361 -0.761806 0.319723 0.0201485 -0.0319083 0.449951 -0.391806 0.503694 0.47542 0.208253 0.0894948 0.480088 -0.380565 0.136939 0.113309 0.200254 0.268634 0.172038 -0.684982 -0.0831578 0.332343 0.242547 -0.496863 -0.30175 0.202435 0.445077 -0.133344 -0.186537 0.035302 0.0882592 -0.0457304 -0.238063 -0.0729894 0.122694 -0.484471 -0.0473143 -0.201999 -0.575858 0.323603 -0.782955 1.04906 -0.465127 -0.0442841 0.258092 0.147274 0.330761 -0.44165 0.433787 0.0572227 0.272712 -0.410246 -0.150719 0.0402822 -0.526996 -0.170391 0.576591 0.870928 0.0551904 -0.152035 -0.504669 -0.484162 -0.270103 0.0518797 0.207085 -0.223391 0.621117 -0.434445 -0.0379046 0.57487 0.144135 -0.144161 0.572324 -0.15378 -0.0441513 0.749453 -0.202271 -0.00977666 0.458049 -0.349814 0.256689 0.629559 -0.256246 0.0111513 -0.143407 -0.0745946 -0.447004 0.0519189 -0.281078 -0.0701976 0.18414 0.166922 -0.334389 0.00301243 0.837624 0.100485 -0.521273 0.811528 0.0360261 0.197663 0.44044 0.494717 0.0905881 0.567462 -0.177546 -0.15385 -0.665648 0.616005 0.0951625 -0.338797 -0.175439 -0.363193 -0.261787 0.399988 0.108024 0.850038 -0.373921 0.780294 0.517028 -0.804721 0.00672371 -0.440904 -0.262755 -0.388003 0.360084 -0.42718 -0.0406278 0.260681 -0.0192244 0.526569 0.66174 0.12944 -0.325423 0.566708 -0.418117 0.0657586 0.691777 -0.222674 0.0701741 0.450301 -0.0980455 0.886934 -0.352854 0.474182 -0.239461 -0.78787 0.110545 -0.589912 0.317745 -0.332572 -0.113087 0.213372 -0.778843 -0.41604 0.298609 -0.142338 -0.646162 -0.00937191 0.58396 -0.0183358 0.702402 -0.134142 -0.416392 0.0351179 -0.505056 0.306 -0.125358 0.0549413 0.122023 0.616071 0.0568682 -0.161459 -0.551901 -0.684465 0.656539 -0.3541 0.346225 0.78049 -0.400758 -0.562942 0.492346 0.268545 0.433446 -0.123941 0.10821 0.175191 -0.471334 -0.152556 0.580699 0.262006 -0.116231 0.0119595 -0.191763 -0.670015 0.661049 0.493947 -0.345941 0.461774 0.241393 -0.445835 -0.0898482 0.681242 0.0642535 0.265948 0.319597 0.406655 0.782861 -0.532678 -0.365022 -0.461154 -0.157941 -0.413327 -0.360352 0.277091 0.160859 0.297593 0.253778 -0.23367 0.299 -0.656015 -0.45821 -0.135238 -0.41164 -0.066352 0.49558 0.100413 0.0474789 0.200271 0.425913 0.371562 -0.413132 -0.121927 -0.360254 0.171074 
239 124 179 248 249 66 188 66 106 238 15 10 77 16 92 252 81 199 218 248 246 40 253 56 246 196 44 137 205 37 170 66 65 107 167 117 134 164 159 56 20 156 1 140 201 35 54 197 79 99 22 234 171 182 56 155 108 107 230 60 60 6 75 15 1 86 203 159 193 105 25 138 245 13 153 199 101 97 186 229 28 177 43 123 40 45 87 177 123 125 214 42 59 90 182 214 206 255 255 242 155 214 231 25 202 242 219 28 11 13 175 64 121 11 206 145 159 228 4 31 222 139 155 61 20 108 251 111 202 118 206 66 189 112 230 143 217 53 54 38 34 233 197 232 230 239 160 175 189 110 145 97 138 141 110 197 103 70 236 26 138 143 164 239 240 108 252 197 91 143 209 148 14 108 14 221 124 38 38 119 130 124 240 233 180 29 190 20 209 13 232 38 34 209 223 102 180 203 43 88 43 102 185 69 112 32 143 117 70 96 218 227 34 24 34 151 170 233 183 1 208 243 115 132 116 142 149 133 35 56 100 145 242 42 17 103 106 3 
-0.0477858 0.0382746 0.359986 0.497292 -0.1691 0.458267 -0.120364 0.201566 -0.319025 -0.255544 0.491199 -0.299468 0.420277 0.42091 0.602722 -0.666034 -0.0567082 0.0268574 -0.23156 -0.216903 0.659436 0.0398214 -0.453781 0.204105 -0.49422 -0.0588541 -0.159383 0.202425 0.338486 0.37172 0.59184 0.589653 -0.0109677 -0.496032 -0.340205 -0.399691 0.0654827 0.390594 0.41074 0.26346 -0.635876 0.331617 0.116096 -0.561397 -0.932217 -0.258275 0.646092 -0.76594 0.116295 -0.737773 0.0247303 0.555429 0.118146 0.147862 -0.0534013 0.537686 -0.00440036 -0.371031 0.170185 -0.0998503 -0.519383 0.130937 0.0958432 -1.27551 0.0963259 0.191959 -0.133563 0.135037 -0.596437 0.333584 0.525373 -0.239171 -0.323561 0.838357 0.369078 0.160506 0.324653 0.536475 0.302103 0.0395871 -0.298606 0.686564 0.707918 0.218266 0.024031 -0.176764 -0.541621 -0.235134 -0.202396 0.475733 -0.353382 0.400942 -0.844765 -0.145131 -0.524666 -0.823745 0.427701 -0.939462 0.656275 0.534851 -0.456401 -0.35379 0.634783 -0.0983436 -0.182812 -0.301756 -0.704845 -0.392271 0.333168 -0.726696 -0.57619 -0.544915 -0.487857 -0.233302 0.136955 0.22144 0.360802 -0.373242 0.437895 -0.332802 -0.121169 -0.475137 -0.468546 0.352739 0.822614 0.194153 0.193683 0.45617 0.0958402 -0.582049 -0.383367 -0.223424 0.662451 -0.63578 0.369753 -0.402552 -0.0518475 0.216149 0.297086 -0.696065 -0.168194 -0.464521 0.777485 0.656588 -0.718627 0.00870703 -0.111804 0.155436 0.298892 -0.783599 0.629627 0.704876 0.139611 -0.858451 -0.247976 0.0316638 -0.118757 0.00321847 0.0727449 0.618579 -0.164388 0.815598 0.797249 -0.0601231 0.252275 0.139982 0.56872 0.710284 -0.275825 -0.75977 -0.286134 0.914284 -0.12279 0.135088 -0.484599 -0.568803 0.478602 -0.479102 -0.16806 0.970924 0.639548 0.795978 0.504085 0.21453 -0.0460848 -0.39069 -0.25051 0.50054 0.462548 0.780577 -0.314893 -0.551067 -0.151203 0.422782 0.23721 -0.537985 0.337573 0.844213 0.877649 0.0474461 -0.726003 -0.527418 -0.245357 -0.247391 -0.385659 -0.65413 0.0632268 0.0561668 -0.282817 -0.930934 0.443866 0.241768 -0.378629 -0.0885952 0.0120268 -0.248867 0.470828 -0.086892 0.0161806 0.459599 -0.680474 -0.280646 -0.498565 0.765107 0.895846 -0.563811 0.160971 0.574553 -0.262402 -0.219822 0.223657 0.274186 0.38025 -0.169095 0.244962 -0.261387 0.619734 -0.141902 
184 111 129 28 159 131 182 131 233 161 197 45 34 183 103 192 123 168 0 96 26 27 77 67 168 87 210 227 65 39 236 107 183 89 82 133 211 143 126 172 200 140 179 190 138 207 25 142 30 27 146 34 250 55 225 84 99 92 211 174 137 32 205 225 102 167 81 122 63 252 100 93 160 145 157 2 76 97 180 27 31 224 221 163 147 174 242 153 146 252 71 232 220 227 225 85 22 118 146 254 32 226 132 146 244 28 133 74 130 20 112 14 130 173 49 40 112 254 66 77 215 106 174 252 122 135 154 99 75 219 162 247 245 223 39 187 103 237 147 18 100 93 95 218 115 155 198 127 145 202 39 110 2 4 50 208 112 175 139 235 74 226 170 193 245 212 175 248 223 69 216 186 234 237 161 6 15 8 225 61 190 68 55 245 103 36 66 120 120 97 238 218 60 77 162 29 7 222 210 225 134 106 2 77 150 0 4 211 73 168 183 166 87 41 53 1 35 203 55 183 58 168 182 103 67 115 169 23 233 40 160 89 44 210 159 199 208 202 
-0.137536 -0.473321 -0.313094 -0.34807 0.501971 0.374236 -0.645848 0.252979 0.330376 0.584426 0.00942082 0.544441 -0.632616 0.584358 0.861598 -0.0566869 0.418359 -0.450677 -0.126932 -0.380214 0.219251 -0.526595 -0.266788 0.853306 -1.01372 -0.631541 0.352915 0.0171015 0.329813 -0.55381 -0.364948 -0.542752 0.441041 0.637019 0.37775 0.220246 0.0683719 -0.613811 -0.204935 0.396377 0.344043 -0.103451 -0.728257 -0.461534 -0.627987 0.354795 -0.585182 0.161123 -0.497392 0.463029 0.513225 -0.606536 0.154486 0.173512 -0.596417 0.290461 -0.00930226 0.139068 -0.309708 -0.716549 -0.460339 -0.381237 0.399416 0.322396 0.711389 -0.376354 -0.501731 0.611294 -0.279087 0.218413 0.450539 0.00882901 0.523427 -0.459104 -0.00713538 -0.40361 -0.448888 0.173834 -0.449212 0.0542294 0.461039 -0.491291 0.917418 -0.707233 -0.369452 -0.91954 0.567378 0.162332 0.162748 0.0541914 0.478731 0.25569 -0.650655 0.32226 -0.0892348 -0.846372 -0.764194 0.288544 -0.698389 0.372652 -0.390592 -0.457597 -0.747695 0.228214 0.0464701 0.421136 0.674783 -0.0128922 0.865008 0.105132 -0.161014 0.0548578 0.480478 0.63395 -0.122457 -0.342974 -0.88685 0.334834 0.420099 -0.439468 -0.358106 -0.120023 -0.457143 -0.622618 -0.494112 -0.00356342 0.0495176 0.870869 0.609586 0.130248 -0.0870356 0.271142 -0.024826 1.05853 -0.232629 -0.286917 -0.128962 0.0607763 0.103688 0.502334 -0.314519 0.823281 -0.30714 -0.169896 -0.129966 -0.364424 -0.651953 -0.287246 -0.0430069 0.356112 -0.0727351 -0.250071 -0.353228 -0.136365 -0.220144 -0.580031 -0.0340324 0.326506 0.302967 -0.736406 -0.630236 0.343849 -0.323188 -0.198987 0.34353 -0.288024 -0.221262 -0.0242895 0.673662 0.532527 -0.250534 0.729077 0.561373 -1.04155 -0.281318 -0.203997 0.287501 -0.522578 -0.0391062 0.627364 -0.267794 -0.388861 -0.102449 -0.539344 0.112167 0.32963 0.118389 -0.366818 -0.0739413 -0.850983 0.524574 -0.399454 -0.326026 -0.104453 -0.201335 0.359264 -0.583147 0.411813 -0.507577 0.201739 0.142751 -0.0160807 -0.190008 0.12621 0.343312 -0.135394 0.869252 -0.481403 -0.305947 0.195429 -0.184609 -0.357115 0.408737 0.0257493 0.103143 0.353057 -0.212976 0.474628 -0.688938 -0.424509 -0.689975 0.583803 -0.122321 0.0550365 0.272625 0.0968504 -0.207973 -0.684432 -0.583792 -0.140572 0.553292 -0.306756 0.425503 0.0302021 0.56676 -0.152562 -0.566329 0.6754 
217 152 176 170 6 100 48 141 40 116 105 100 226 45 255 213 18 134 212 26 83 19 183 95 93 148 6 111 207 195 173 238 121 57 84 113 42 236 75 99 157 232 55 148 219 28 203 180 156 170 96 108 250 17 251 226 12 38 10 148 40 127 231 226 160 67 187 40 244 219 249 100 147 243 236 122 196 102 171 216 36 155 178 137 101 38 239 3 219 22 238 134 95 127 223 219 241 16 207 36 23 187 41 245 149 130 169 211 51 230 72 70 107 74 133 247 176 31 130 51 40 185 17 69 35 111 21 32 73 72 210 144 70 204 167 182 100 33 244 198 97 65 172 126 112 247 209 204 243 244 25 116 104 109 140 181 185 98 51 253 104 10 50 187 11 162 241 204 46 164 227 121 85 158 102 48 11 118 131 131 240 232 181 118 155 56 38 12 111 193 148 48 168 200 224 0 24 210 25 60 62 229 6 234 108 38 182 0 108 248 220 147 7 105 129 64 122 5 139 54 167 154 214 188 132 234 13 67 178 33 175 239 102 9 60 40 185 152 
0.505789 -0.836371 0.154352 0.212184 0.0137421 -0.122197 0.60896 0.397173 0.0963831 -0.440939 -0.380526 0.371109 0.241206 -0.408286 -0.33197 0.199282 -0.223577 0.212345 -0.901754 -0.249875 0.741626 0.298851 -0.245985 0.0466812 -0.600098 -0.00629862 -0.716115 -0.374869 -0.15796 0.0634278 -0.527672 0.270039 -0.711599 -0.651294 0.416719 -0.0288692 -0.11556 -0.450401 -0.376781 -0.540198 0.237605 -0.503808 0.715203 -0.42448 0.258189 0.21555 -0.0735821 0.222527 0.166185 -0.741393 -0.0567371 -0.358685 0.353544 0.252621 -0.44433 0.0706601 0.35278 -0.269083 0.0656385 0.477077 -0.383512 -0.517382 -0.0399631 0.0693778 -0.377213 -0.221776 -0.430287 0.335008 -0.342458 0.47193 -0.383342 -0.475681 0.334572 -0.0457655 0.518966 -1.12389 0.48586 0.143715 0.047437 -0.241159 0.602772 -0.301895 -0.217603 0.400829 -0.798836 0.525297 0.117663 -0.088633 0.0550072 -0.432024 0.425345 0.270992 -0.514744 -0.427272 0.278664 -0.0674384 -0.111139 0.683494 -0.245575 -0.36271 -0.520183 0.350212 0.00590339 0.526128 0.570321 -0.0955816 0.422303 0.708333 -0.374855 -0.0179835 -0.0920196 -0.0252933 0.457343 0.252292 0.767749 0.208467 0.370816 0.229332 0.0675594 0.339178 0.310932 -0.212809 0.124976 -0.511481 0.674176 0.10261 0.246876 0.323531 -0.366789 0.707959 -0.218277 -0.608417 0.0450296 -0.29709 -0.763858 -0.424036 -0.0450566 0.043118 0.666372 -0.387487 -0.674108 -0.788618 -0.29495 0.104663 -0.398866 -0.548573 0.582672 -0.212446 0.586276 -0.560141 0.50024 0.365292 -0.537456 0.62402 -1.12892 0.515157 0.3476 -0.781147 -0.425943 -0.519514 0.329182 0.377023 -0.151056 -0.230218 0.434767 -0.207656 0.799159 -0.66302 0.635967 -0.0552228 -0.217513 -0.609088 0.466094 -0.0330413 -0.39747 -0.481948 0.977788 0.312552 0.244279 -0.652244 0.365744 0.510094 0.0998426 0.742058 0.316153 1.04151 0.0293505 0.481486 0.0997911 -0.728204 0.361573 -0.243811 0.548419 -0.28897 -0.0462418 0.322145 -0.00810751 -0.708223 -0.0330706 -0.461659 0.449056 0.0383984 0.563434 -0.395501 -0.17166 -0.275066 -0.529767 0.498617 -0.345104 -0.0447509 0.408499 -0.544519 -0.326233 -0.122033 -0.42561 -0.355922 0.167028 0.438528 0.561743 0.417397 -0.172034 0.848905 0.492807 -0.361722 0.76205 0.0350098 0.346645 0.851783 -0.2919 -0.465501 0.417675 0.386452 0.267991 -0.0173181 -0.58221 -0.815007 -0.0825947 -0.629361 
45 241 124 193 85 100 55 143 73 135 7 62 132 98 217 0 131 82 63 18 251 8 131 137 103 91 169 225 223 206 22 112 129 179 32 193 175 66 209 152 35 222 155 181 104 137 199 16 212 28 91 25 30 25 140 99 27 74 134 247 198 176 243 145 95 177 56 172 176 20 152 2 156 249 3 19 136 147 89 69 2 156 82 69 106 231 59 33 105 136 178 254 105 87 52 111 40 55 7 179 124 177 178 123 0 99 31 252 43 98 71 159 85 146 223 53 56 114 221 177 186 137 74 198 127 251 128 35 13 117 221 115 217 230 164 77 247 189 14 63 206 122 135 80 19 222 243 73 190 152 185 78 232 182 126 166 226 247 147 122 241 137 9 240 5 139 225 125 188 51 238 225 183 3 200 13 191 240 37 147 40 245 200 46 77 41 83 139 220 105 132 193 207 153 255 36 200 193 67 147 33 69 0 124 25 213 31 132 133 127 83 194 87 184 7 17 122 236 39 160 183 53 225 38 147 254 25 255 133 42 2 43 27 70 243 82 206 20 
0.627241 0.188129 -0.00413719 0.786834 -0.00409042 0.177951 -0.329501 0.229445 0.792901 -0.365569 -0.187401 0.109435 0.254482 0.588953 0.42089 0.401496 -0.150395 -0.474376 0.110122 0.436402 0.559474 0.397601 0.626652 -0.376394 0.697107 -0.264692 -0.447206 -0.27205 -0.041898 -0.00094274 0.446313 0.566743 0.754339 -0.178815 0.134064 0.245972 0.312472 -0.855669 0.257762 -0.13713 -0.637324 0.568444 0.403683 -0.55753 -0.476579 0.398196 0.148846 -0.212369 -0.142569 -0.00255236 0.573792 -0.324574 0.170936 -0.0616266 -0.362723 -0.321049 0.317793 0.273712 -0.166317 -0.291952 -0.810506 -0.664991 -0.392029 -0.00803587 0.276241 -0.587774 0.284306 0.100604 0.151193 -0.315984 0.188083 -0.521862 0.478849 0.125842 -0.0367861 0.0995871 -0.74031 -0.674723 0.0922047 0.852275 0.918982 0.172972 0.840391 -0.191763 0.0609965 -0.45221 -0.0302421 -0.158259 -0.259459 0.134837 0.15566 0.563402 0.49666 -0.000482758 -0.320312 0.153672 -0.427553 -0.994047 0.24496 -0.114421 -0.872562 -0.707982 -0.572745 0.428931 -0.436462 0.486321 -0.433668 -0.333741 -0.573064 0.250082 0.110217 0.0744931 0.553187 -0.181271 0.329832 0.193062 -0.610586 -0.897869 0.485658 0.476198 0.209055 -0.475273 -0.281743 -0.611251 -0.709485 0.0357923 -0.309867 -1.08142 0.208437 0.51176 -0.439289 -0.624186 -0.424465 -0.647101 -0.93646 0.438566 -0.385437 0.374523 -0.226935 -0.0573355 0.659579 -0.0156615 0.326845 -0.987322 0.861282 0.244625 0.329459 -0.294028 -0.0711625 0.305758 -0.665305 -0.306437 -0.653588 -0.0367399 -0.15994 0.0707076 0.179862 -0.56772 -0.669869 -0.421908 -0.426586 -0.0386805 -0.306685 0.16594 -0.185547 0.424004 0.282017 0.266124 -0.219756 0.0950302 -0.865537 0.53592 -0.470906 -0.330015 -0.480796 -0.0982938 0.351267 -0.151157 -0.330885 -0.593327 -0.488 -0.141398 -0.777759 0.364174 0.490011 -0.398494 -0.628373 0.188889 0.0443739 -0.976222 -0.0762366 0.667289 0.805937 0.534343 -0.0714332 -0.784365 -0.574923 0.10581 0.444776 -0.391755 0.588567 0.381846 -0.760716 0.0825597 0.187503 -0.527412 0.47346 -0.832752 0.492014 -0.555404 -0.160071 0.0327573 -0.248167 0.502849 -0.0178422 0.294394 0.622219 -0.0715354 -0.591269 -0.472374 -0.161384 0.54549 0.376066 -0.222611 0.286264 0.274582 0.0227599 0.207935 0.238507 -0.453954 0.565011 0.473984 -0.784592 0.357224 0.525999 0.493447 -0.490446 0.229645 
24 117 128 163 152 2 86 65 93 202 26 16 151 46 165 57 164 4 153 197 237 110 167 207 230 55 194 172 189 219 255 16 150 46 214 167 119 139 223 122 187 118 28 158 76 46 35 239 242 60 122 3 196 161 115 84 112 221 252 0 105 174 213 81 193 139 66 36 69 89 178 23 251 13 219 43 229 54 74 216 106 55 203 193 250 234 187 126 158 12 237 102 206 231 23 217 152 249 216 93 133 93 38 169 168 226 44 81 58 14 178 131 76 7 133 117 240 35 77 222 188 144 88 193 59 183 8 91 108 10 186 62 16 0 167 83 200 112 227 253 226 54 0 62 102 10 150 204 111 74 30 245 95 233 46 63 76 179 138 48 83 30 8 138 84 143 211 63 3 2 223 115 164 26 185 60 195 218 250 192 101 172 51 112 233 86 52 6 42 124 250 188 250 136 126 7 28 56 95 82 185 241 119 192 36 246 130 205 114 208 14 82 243 242 63 94 70 205 9 162 53 82 152 22 64 219 154 172 137 34 145 232 22 250 77 132 88 47 
-0.416154 0.00225245 -0.498398 0.144005 0.522438 0.122354 -0.358505 -0.40843 0.546537 0.181505 -0.169913 -0.612226 0.635852 0.496735 0.532813 -0.171459 -0.11776 -0.593694 -0.621786 -0.15429 -0.746444 0.0965151 -0.707163 0.194969 0.729775 0.23273 -0.00358029 -0.701227 -0.466338 0.389497 -0.201077 0.16775 -0.800769 -0.0959141 -0.288908 0.62728 -0.00616876 -0.609147 -0.17441 0.113398 -0.48712 0.353416 -0.0879481 0.00895691 -0.429108 -0.493001 -0.368611 -0.808299 -0.607778 0.423279 0.193572 -0.222652 0.32292 -0.186023 0.516696 -0.55985 0.34334 0.0490084 -0.363889 -0.19817 -0.111517 -0.240453 -0.0595981 -0.504626 0.289911 0.0331645 0.228587 0.312371 0.562309 -0.258637 0.391885 -0.802501 -0.0980384 0.726095 -0.092538 0.778641 0.124098 -0.456417 0.162033 0.878151 -0.477988 0.643157 -0.0601812 0.243505 0.313251 -0.969998 -0.651164 -0.347883 -0.544592 -0.193145 -0.0843131 -0.14562 0.483098 -0.582233 -0.645609 -0.343532 0.335672 0.823118 0.189114 -0.913312 0.251944 -0.268628 -0.711954 0.461251 -0.849225 0.288945 -0.292205 0.340076 -0.298035 0.686063 -0.0517374 -0.876336 0.573533 -0.188035 -0.0437126 -0.502013 -0.602087 0.560108 -0.292132 -0.257333 0.248161 -0.541815 -0.773892 0.484947 0.245747 0.41508 -0.16989 -0.123728 -0.345796 -0.464088 0.420685 -0.528471 -0.715834 0.182221 -0.2285 0.330888 -0.325363 -0.273846 0.591418 0.014555 -0.89775 -0.231603 -0.42452 -0.441746 0.0837193 -0.533137 -0.419205 0.436181 0.541195 -0.488697 -0.467664 0.385876 0.285022 -0.392708 0.722858 -1.04191 -0.15186 -0.348963 0.326409 0.309959 0.71938 -0.029587 0.589491 -0.146735 -0.730104 0.394908 0.111648 0.617301 -0.604951 0.18035 0.22435 -0.12367 -0.336802 -0.249917 0.0189371 -0.0694614 0.231909 0.375736 0.345961 -0.189258 -0.627509 0.558565 -0.305777 0.161074 0.150812 0.49828 -0.625692 0.0693512 -0.0849584 -0.435421 0.174785 0.285502 -0.124128 0.160749 0.541821 -0.270309 -0.142777 0.58941 0.36672 0.569769 0.0454083 -0.119863 0.435647 -0.00644126 0.151929 0.380767 -0.284753 -0.164113 -0.747058 0.467285 -0.149714 -0.0273495 -0.110156 -0.564355 0.335022 0.693176 -0.461942 0.283688 0.392872 0.392846 -0.187263 -0.276987 0.0551894 0.50415 0.00498037 -0.35899 -0.415553 0.733381 0.814107 0.306647 -0.231044 0.0966295 0.236301 0.111308 -0.297024 0.353346 0.233742 -0.332544 
132 125 254 17 228 8 40 24 233 101 69 231 130 34 21 113 52 233 255 68 123 225 12 92 0 161 186 14 16 185 184 201 129 63 141 242 209 174 88 22 6 49 149 109 119 65 184 64 216 238 147 175 52 218 102 222 53 7 149 36 219 149 97 177 179 98 187 132 21 24 179 201 45 2 227 72 169 154 116 185 18 115 6 226 185 57 0 9 188 252 200 210 247 84 88 23 228 148 59 92 216 158 202 181 213 180 17 196 197 120 239 92 243 124 192 186 88 54 216 213 125 159 214 197 11 141 115 67 7 35 22 33 60 80 155 132 229 152 232 126 18 99 57 194 201 198 134 151 23 40 221 44 62 17 16 57 44 109 99 52 167 32 223 213 197 112 39 181 12 93 5 218 155 93 5 134 196 50 24 128 114 144 72 197 219 161 202 65 240 134 207 46 34 80 99 116 55 170 80 241 50 241 163 115 81 106 28 17 154 56 7 152 88 197 106 236 239 156 60 13 159 176 63 205 205 42 101 211 111 249 136 160 239 86 174 253 242 113 
-0.055461 -0.630683 0.854985 0.106552 -0.65242 -0.0569814 -0.242902 0.32355 0.233004 0.0065537 0.363784 0.68552 0.367364 -0.505249 0.10074 -0.0651015 -0.496492 0.69076 0.50013 0.759874 1.06149 0.425048 0.664365 0.341635 0.271818 -0.320453 -0.0946402 -0.118349 0.838753 -0.781974 -0.178268 -0.223325 -0.0349839 -0.381208 0.452028 -0.449144 -0.0596021 -0.765459 0.549457 0.0381106 0.0186771 -1.172 -0.339425 0.833356 -0.228357 -0.190022 -0.140397 -0.389269 -0.510602 -0.581877 -0.436109 0.366014 -0.214778 0.789941 -0.18009 -0.612037 -0.622844 -0.163267 -0.32416 0.601515 0.527757 -0.889427 -0.542823 -0.393039 0.477661 0.186237 -0.340289 0.332148 -0.330448 -0.113973 0.343967 0.340025 0.525727 -0.146131 0.611171 -0.326185 -0.441863 0.667742 0.366824 0.156557 0.344323 -0.481802 0.482624 -0.300552 -0.874658 -0.157684 0.630001 0.0244329 0.411029 0.33186 0.426173 0.427796 0.0105523 0.433879 0.0387692 0.649924 -0.162937 0.718697 -0.794898 0.0320459 -0.597564 -0.0121547 0.136563 0.678935 -0.213166 0.379662 -0.512505 -0.0410843 -0.115348 0.457693 -0.604328 -0.49355 0.493901 -0.461038 0.653121 0.00935295 0.281128 -0.834994 -0.457641 0.17326 0.164258 -0.575459 0.197643 -0.653348 0.410768 0.62966 0.349719 -0.483652 -0.902307 -0.649761 0.157658 -0.366999 0.397809 0.716074 -0.948456 -0.148064 0.454533 -0.315279 0.16311 0.404501 -0.439955 0.350626 0.844178 0.0867709 0.566266 0.491401 0.176023 -0.0478005 0.117296 0.49544 0.587783 0.27331 -0.154874 -0.740982 0.0949765 0.0991663 -0.0590999 0.156423 0.143051 0.109109 0.229646 0.193759 -0.451575 0.0693572 0.452354 -0.588051 0.800627 -1.00865 0.375711 -0.858591 -0.481748 -0.529288 -0.89006 0.912563 0.385843 0.802368 -0.288586 -0.226276 0.0415968 0.420176 -0.514473 -0.253868 -0.226606 -0.219539 -0.428056 -0.4015 0.0175097 0.134624 -0.00920687 -0.0925136 0.040256 0.262198 -0.423478 -0.366263 -0.344698 -0.647503 -0.162078 -0.493036 -0.42631 -0.43978 0.430879 -0.801435 -0.524933 0.0878475 0.430076 1.01407 -0.392097 0.17758 -0.769459 0.210171 -0.245296 0.528762 0.210542 -0.0108191 -0.427742 0.113769 -0.437261 0.514103 -0.110583 0.00819294 -0.651245 0.102498 -0.178966 -0.602789 -0.0284639 0.204851 -0.619975 0.0342986 0.603326 0.178847 -0.448421 -0.35103 0.109769 -0.551448 -0.758377 0.467751 -0.037422 0.62067 
193 199 68 44 129 102 153 76 71 41 40 240 19 36 103 228 35 71 40 227 204 164 31 9 193 33 3 158 95 213 60 47 210 117 241 71 61 160 207 35 88 141 9 238 181 156 222 94 8 71 92 165 0 29 233 148 54 120 97 181 105 4 191 226 14 220 207 148 52 254 170 144 185 128 142 21 45 32 231 146 38 160 208 47 106 175 250 169 163 45 92 29 163 220 11 200 133 167 112 6 88 188 84 103 116 99 65 11 20 159 154 145 255 11 243 102 144 175 0 213 101 122 56 60 242 252 188 77 232 67 93 224 186 119 168 185 254 24 172 49 232 149 143 253 169 42 254 131 36 73 230 10 170 139 216 52 192 123 198 34 124 164 162 187 251 142 101 200 200 107 21 25 92 156 145 192 77 30 87 124 230 177 158 237 76 80 243 234 238 19 44 120 77 70 233 68 84 33 165 108 50 170 181 117 109 119 89 5 6 32 116 103 213 9 195 118 160 240 207 32 43 226 55 227 153 75 210 181 79 37 151 44 153 50 27 12 86 219 
0.291374 -0.676127 -0.243239 -0.396541 -0.432033 -0.0153001 0.110295 0.418563 0.481554 0.377833 0.524779 -0.202217 -0.521126 -0.594296 -0.00986332 0.707064 -0.248451 -0.345396 -0.00300962 0.0234804 -0.721103 -0.249774 0.385604 0.130235 -0.57323 0.0613353 0.928486 0.418977 -0.635223 -0.0792495 -0.373178 -0.49098 0.293487 -0.205299 -0.908933 -0.30888 -0.228792 -0.0699942 -0.204845 0.644335 -1.0127 -0.191131 0.667303 -0.422341 -0.690875 0.66645 0.607857 -0.129026 0.736204 -0.457499 -0.469634 0.6369 -0.0571964 -0.422143 -0.320761 0.654145 0.0362019 0.154063 0.463999 0.641599 -0.27897 -0.480532 1.00345 -0.306383 0.402528 -0.39362 -0.0894362 -0.530311 -0.730245 -0.648652 0.447126 -0.660276 -0.0109151 -0.373209 -0.453264 0.170973 -0.640188 0.45929 0.0866385 -0.410852 0.0710315 -0.688464 -0.340933 -0.0644612 -0.392929 -0.0432356 -0.417712 0.0475272 -0.689006 0.234016 -0.639638 -0.319584 0.184885 0.274313 0.638126 0.5021 0.349843 0.783679 -0.203106 0.0116453 0.704828 -0.518374 -0.508728 -0.294921 -0.102078 -0.0916061 0.36942 0.100814 -0.0156359 0.21952 -0.678783 -0.144615 -0.00626143 0.89833 -0.191612 -0.438676 -0.752563 0.396335 0.26624 -0.00024737 -0.304205 0.150044 0.134111 -0.225498 -0.605293 0.204739 0.840135 0.524311 0.183039 0.0121026 -0.695513 -0.0919169 -1.57706 0.301407 -0.481931 -0.460357 -0.37127 0.0917477 -0.550558 -0.539205 -0.610143 -0.299718 0.461348 -0.614193 0.331608 -0.514658 -0.289323 0.730741 -0.523093 -0.20024 -0.502991 -0.475727 0.037501 0.215039 -0.273376 -0.327613 0.239277 1.09552 0.197826 -0.174361 -0.136385 -0.811352 -0.0209578 -0.0568954 -0.841093 0.438583 -0.0455623 -0.134195 -0.738342 -0.00783343 0.200061 0.0643777 0.0993474 0.20605 -0.549712 0.145919 0.0869209 0.326877 0.769397 0.475453 0.308862 -0.797526 -0.430678 -0.606439 0.046235 -0.346958 -0.458103 0.960214 -0.0813129 -0.0799107 -0.685675 -0.626607 0.732027 -0.23073 -0.324641 -0.590885 0.0864878 -0.650098 0.365783 0.640035 0.311084 0.109621 -0.859224 0.194171 -0.446203 -0.0497237 -0.380299 -0.149414 0.17207 0.259845 -0.304968 -0.0199529 -0.600032 0.0161721 -0.295847 -0.338204 0.0388306 0.294763 0.584409 0.447653 0.344281 -0.672527 -0.453312 0.351865 0.459643 0.579524 0.231738 0.459451 0.600604 -0.122702 0.207706 -0.521144 0.121539 -0.0560405 0.26573 -0.463224 0.682125 -0.0458229 
83 202 184 133 219 111 208 140 179 76 253 164 252 12 1 223 249 75 28 161 114 67 163 160 230 30 176 29 18 16 236 205 189 105 159 132 235 165 189 227 73 188 60 91 61 5 194 132 176 142 65 88 156 149 142 191 81 130 97 243 9 23 94 148 176 44 203 144 238 218 173 204 177 134 80 151 237 60 171 172 63 15 17 242 255 1 135 229 78 249 54 199 209 227 2 240 197 241 251 181 78 222 175 76 122 157 26 60 18 135 132 32 42 247 19 216 48 241 48 194 89 210 51 66 194 98 98 167 67 140 27 167 234 151 44 158 8 20 100 83 109 120 129 54 162 238 210 111 196 211 210 234 171 183 216 159 210 234 102 6 52 122 80 229 186 176 1 161 204 74 18 41 190 101 116 125 88 219 191 22 211 96 108 214 64 193 144 101 227 14 101 189 10 62 180 85 31 112 215 243 104 79 160 39 104 81 135 122 211 193 191 44 187 179 131 169 245 99 136 56 27 88 87 210 184 35 7 42 96 45 9 199 127 23 123 232 49 188 
0.569057 0.560899 -0.598469 -0.393589 0.759437 0.0173578 0.560621 -0.73639 -0.595306 0.194408 -0.315858 0.554945 -0.369628 -0.050651 0.196558 -0.0260187 -0.26828 -1.15796 0.103061 0.343407 0.31921 0.0424613 -0.423279 -0.0381473 0.00949648 -0.302188 -0.031664 -0.28953 0.0432744 -0.381812 -0.0711478 0.308138 -0.178543 0.185399 -0.390645 0.548748 0.469802 -0.450297 0.75616 0.364304 0.210667 0.284263 0.390372 0.414491 -0.495607 0.206745 0.456816 -0.661919 -0.496987 -0.246584 -0.200766 0.379384 0.522679 -0.514789 0.977382 0.0612931 -0.31308 -0.447913 0.562117 0.483883 -0.0263859 -0.306232 -0.540012 0.224498 0.215632 0.644352 -0.615356 0.236207 0.139103 -0.29789 -0.657826 0.507627 -0.446672 0.149265 -0.211326 0.382076 -0.320779 -0.159051 0.111718 -0.833992 0.389251 0.236376 0.216497 0.0160792 0.582678 0.587625 0.159721 0.421108 -0.492621 -0.780167 0.287509 -0.603457 -0.513615 0.521605 -0.284611 0.459234 -0.412696 -0.572454 0.950756 0.732235 0.598968 0.473231 0.486914 0.633806 -0.889268 -0.0378097 0.0685906 0.366318 -0.394906 -0.359241 0.422858 -0.197658 0.337772 -0.325382 -0.568638 -0.122625 -0.198884 -0.135847 -0.78972 -0.340102 0.6912 0.488463 0.479524 0.639844 -0.170991 0.295427 0.125312 0.483922 0.509363 -0.216054 0.284736 0.502978 0.129214 0.176769 -0.189407 0.104805 0.613694 0.42474 -0.0853917 0.687178 -0.371867 -0.530398 0.474987 -0.513427 -0.34284 -0.732912 0.623564 0.342016 -0.12915 -0.147109 -0.19356 -1.05455 0.0944629 -0.572019 -0.364002 0.487218 -0.596045 0.0720531 -0.624444 0.31947 -0.0948871 0.687599 -0.178426 -0.229989 0.22901 0.427872 0.29326 -0.503717 -0.00940733 0.154553 -0.267693 -0.247793 -0.0947076 -0.867368 0.686082 -0.144484 0.46448 0.327078 -0.728125 -0.242805 0.586764 0.292121 -0.476529 0.280414 -0.486465 -0.407553 -0.195668 -0.641769 -0.119508 0.467917 0.114306 0.216785 -0.169143 0.845887 0.472583 -0.0285122 -0.755129 -0.0777271 0.185302 0.0121601 -0.0594542 0.289142 0.531599 0.597401 0.418155 -0.131944 -0.0133337 -0.245783 -0.660421 0.107343 -0.249302 -0.364643 0.159712 1.00292 -0.721309 0.316291 0.013478 -0.104542 -0.131091 0.564576 0.414515 -0.262062 -0.388602 -0.297579 -1.13149 0.421181 -0.507291 -0.645266 -0.144756 0.0259771 -0.239852 -0.203722 -0.469915 -0.594815 -0.614709 -0.152591 -0.262438 -0.160488 
184 170 147 192 232 222 45 147 2 50 29 159 249 242 173 67 56 228 177 51 15 122 116 116 16 173 17 134 232 66 100 62 55 29 26 7 167 190 89 155 178 5 135 205 139 68 115 252 121 55 29 165 224 4 157 104 152 127 26 186 56 154 198 142 38 55 211 94 159 225 24 235 83 4 14 62 22 130 181 244 54 55 78 136 76 153 161 177 133 207 42 169 179 5 176 232 134 239 182 176 147 173 250 178 13 230 165 110 234 176 227 28 254 61 168 236 105 221 220 55 48 166 172 129 203 181 178 195 13 103 237 118 240 228 222 139 91 121 165 199 177 204 74 158 20 231 238 219 28 79 44 199 76 251 50 226 251 135 35 91 160 149 45 145 35 150 2 122 88 245 32 205 242 231 244 161 106 26 94 61 245 130 187 213 141 160 111 243 98 37 56 190 169 82 80 165 253 194 238 133 67 239 41 145 45 197 185 120 107 213 169 191 158 100 246 140 198 118 112 44 178 187 73 148 165 67 214 209 190 75 114 194 44 234 185 29 45 195 
-0.582162 -0.216207 0.156295 0.348036 0.553222 0.041957 -0.196962 0.545144 -0.491032 0.203038 -0.670029 0.314384 -0.0143102 0.0895988 -0.617681 -0.106293 0.888022 -0.48647 -0.52636 -0.33433 0.500768 -0.185631 -0.623155 0.527616 -0.573764 -0.876289 -0.197629 -0.56381 -0.162385 -0.339672 0.274271 0.456222 0.139635 -0.551102 -0.595399 0.850806 -0.163006 0.416423 0.155098 0.599878 -0.675175 0.0155118 0.4538 0.147104 0.408883 0.169666 0.417442 0.69101 0.523177 -0.5248 0.0909695 0.453161 -0.188169 0.701112 -0.50309 -0.4379 0.449659 0.228972 -0.439017 -0.284215 0.209559 -0.470703 -0.881017 0.223173 0.0871205 0.376114 -0.555309 -0.812831 -0.349789 -0.542621 -0.155313 -0.744809 -0.236082 0.0655382 -0.268793 -0.74833 -0.157389 0.814769 0.0769106 -0.458464 0.459021 -0.160384 0.252412 0.149199 -0.0497943 -0.57695 -0.159703 -0.400765 0.694331 -0.0518895 0.615567 0.507492 0.220816 -0.695773 0.324869 -0.0297076 0.280894 -0.455854 -0.2749 0.254509 -0.0418187 0.711812 0.868526 0.685265 -0.244638 0.128318 -0.179355 -0.501855 0.58687 -0.241757 -0.0487172 0.47467 0.502983 -0.507984 0.45565 0.0848289 -0.300726 0.157496 -0.204436 0.604869 0.283349 0.836312 -0.0816353 -0.416805 -0.0813854 -0.358927 0.131962 -0.675693 -0.739839 0.0479293 -0.0611579 0.24634 0.192265 0.309973 -0.214639 -1.05141 -0.0612289 -0.815241 0.420982 0.262898 -0.192749 1.03213 0.526318 0.744412 -0.205384 -0.387402 0.00623404 -0.253362 0.32094 0.478682 0.000867359 0.600578 0.115186 0.369133 -0.186548 -0.59488 0.893334 0.393132 -0.957647 0.060285 0.243939 0.210353 0.178143 -0.351338 -0.330555 -0.589843 -0.121307 -0.351778 -0.236388 0.571549 -0.202565 0.188258 0.706718 0.0107908 0.106337 -0.449476 -0.389986 -0.269577 0.660217 -0.627212 0.462589 0.158846 0.210363 -0.223617 0.227442 0.0980758 -0.140624 0.0360377 0.586766 0.61188 0.715112 -0.811947 -0.759117 0.408286 -0.107503 -0.373617 0.561781 -0.0746153 -0.304147 -0.0647096 -0.331791 -0.672081 0.646581 0.568358 -0.114865 0.60299 -0.0927064 0.49137 0.648956 0.109827 -0.889934 -0.894317 -0.0578303 -0.532955 0.0942089 -0.642641 -0.647278 0.739348 0.486981 -0.190188 -0.488957 -0.0219399 -0.521221 0.616212 -0.292155 -0.411091 -0.0563709 0.609661 -0.642283 0.48847 0.0359297 0.212739 0.00407486 -0.0433067 -0.940663 -0.405459 -0.459613 -0.0995563 
106 104 121 47 34 97 125 253 44 221 172 231 47 92 194 15 205 171 5 191 216 64 227 207 88 92 108 207 72 64 189 10 55 209 186 223 119 192 125 35 224 195 116 146 142 23 157 230 221 255 235 119 229 133 101 231 155 136 161 101 36 218 117 62 29 158 9 225 190 150 208 205 68 15 172 228 44 2 239 168 26 5 209 114 77 28 3 206 4 143 25 72 240 227 225 119 194 130 177 164 41 112 157 58 159 138 92 79 241 55 199 189 246 173 178 165 153 201 27 147 25 46 72 17 237 73 91 90 167 166 216 45 128 9 252 236 244 164 123 32 202 249 87 119 180 226 97 85 68 179 21 85 190 198 93 140 204 231 27 6 55 161 99 229 192 38 212 231 67 58 135 68 226 20 255 220 179 124 184 21 150 220 245 110 110 237 144 220 164 47 253 88 79 174 181 210 176 54 201 60 128 213 117 126 100 39 179 94 1 152 219 222 199 203 59 104 56 114 109 188 162 121 198 247 38 229 17 219 91 7 41 5 54 242 229 174 146 124 
-0.403113 0.344145 -0.836464 0.370755 -0.600228 0.0505516 0.114659 -0.577688 -0.121493 -0.396409 -0.665313 0.859322 0.0874253 0.351026 0.201213 -0.324382 0.136362 -0.538911 -0.268862 0.207362 0.0291675 -0.0660633 -0.0643737 -0.431792 0.219247 0.47558 0.18013 0.853804 -0.365179 0.600869 -0.0599157 -0.366412 -0.732251 0.248495 -0.508331 0.00400204 -0.309648 0.598245 -0.229048 -0.066442 0.140182 -0.177185 -0.289669 -0.396479 -0.203747 -0.0643263 0.414705 -0.558418 0.173314 -0.215206 0.681578 0.297909 0.108611 0.400573 0.989367 -0.976957 0.348771 -0.581083 0.105912 0.662245 0.510073 0.418162 -0.166651 0.436786 -0.837314 -0.380199 1.04303 -0.201172 -0.334842 0.428839 -0.389734 0.0215554 0.282434 -0.605749 -0.00815991 -0.164352 -0.0257416 -0.315135 0.863373 0.257899 -0.989003 -0.279441 0.561884 0.221367 0.0944652 0.467126 0.0302059 0.768237 0.518052 0.131738 -0.164864 -0.770933 -0.994072 0.226309 0.454146 0.488267 0.843897 0.838761 0.581767 0.810074 -0.609821 0.423004 0.352506 -0.280054 -0.292469 -0.518751 0.545774 0.159301 0.759747 -0.356828 0.113368 -0.381941 -0.693226 0.478751 -0.0470567 -0.146848 -0.609358 0.206816 0.279249 0.418243 -0.165603 -0.611123 0.163046 -0.0211744 -0.149672 0.697836 0.259204 -0.437582 -0.183334 -0.416842 0.555284 0.713867 0.025261 0.240816 -0.556413 0.741751 0.368464 -0.271111 0.120665 0.575298 -0.320249 0.526699 -0.644562 0.569083 0.418914 -0.649545 0.872243 -0.624975 -0.433425 -0.348735 -0.29212 -0.595749 0.316133 0.324884 0.756133 0.643936 0.833862 0.444166 -0.313257 0.196783 -0.665098 -0.679517 0.062784 0.134876 0.168564 -0.904281 0.286536 0.331344 -0.330852 -0.105948 -1.0875 -0.491517 -0.184191 -0.0227575 0.398209 0.132556 -0.0523511 0.813213 -0.790583 -0.186829 -0.366164 0.0379227 0.0558073 0.192174 0.400299 0.459387 -0.00574075 0.318439 -0.543655 0.201016 0.389748 0.276658 -0.0460832 -0.262695 -0.218631 0.116369 -0.0261442 -0.203158 0.530442 -0.517482 0.0986816 -0.0547361 0.431912 0.6379 0.309023 -0.402322 0.26186 -0.0267197 -0.452997 -0.615765 -0.192436 -0.472904 -0.34772 0.151476 -0.0159601 -0.661268 0.365293 0.0214363 0.0602473 0.261799 -0.426702 -1.06208 -0.169767 0.696726 0.155268 -0.602748 -0.227215 0.410346 -0.133249 -0.203022 0.0978098 -0.199908 -0.47382 0.167635 -0.182227 -0.46909 0.298972 -0.266719 
125 95 0 225 177 224 206 185 1 56 122 52 245 216 26 15 235 244 232 124 154 43 24 108 189 101 203 105 84 191 30 9 148 226 13 205 233 2 109 127 44 66 87 88 2 107 33 80 92 21 155 242 90 135 95 184 86 36 52 84 36 210 133 68 161 118 233 29 159 45 34 101 194 110 37 34 56 106 1 44 91 85 143 98 144 220 98 189 64 43 2 73 173 126 103 139 151 106 21 232 28 138 182 173 5 95 28 26 148 242 201 80 188 236 86 241 32 3 125 156 217 180 200 194 38 13 208 49 44 43 50 184 207 68 31 179 7 10 99 166 83 240 59 213 93 84 20 159 160 95 123 168 82 30 59 187 38 212 203 94 27 163 13 241 33 77 197 95 195 110 234 242 158 77 206 244 55 52 46 247 145 75 115 242 174 130 200 194 254 103 196 167 164 160 131 5 47 8 91 149 154 208 81 250 63 12 186 156 226 44 12 158 242 251 250 11 148 112 109 120 29 175 109 135 28 104 122 72 65 126 43 165 19 247 182 151 189 181 
0.206471 -0.680402 0.79892 0.635105 0.300204 0.0716566 0.169655 0.105227 0.218244 -0.300689 -0.00765535 0.228399 0.523354 -0.545343 0.395303 -0.489636 -0.616751 -0.118802 -0.358328 -0.165021 -0.58402 -0.352501 -0.428597 -0.396142 0.969163 -0.540624 -0.256188 -0.544076 -0.629519 0.405907 0.399123 0.248372 0.702141 -0.115382 -0.0338515 0.147383 0.372819 0.386155 0.202563 0.395012 -0.302114 0.317633 -0.680746 -0.219389 -0.0306406 0.343451 0.353413 0.510124 -0.578081 0.26585 0.696675 0.200473 0.162979 0.0295843 0.500962 -0.412087 0.0186086 -1.10191 0.24098 0.503133 0.500728 0.418475 -0.737099 0.905769 0.0228187 0.273084 -0.731358 -0.392467 -0.343705 -0.563008 -0.181038 -0.523735 -0.264196 -0.0049379 -0.155474 0.443693 0.518312 0.162866 -0.104377 -0.0974217 -0.159355 0.249288 -0.410336 0.272851 0.185755 0.0841437 0.51121 -0.7057 -0.730235 -0.698795 0.0628115 0.498521 0.174697 0.594474 -0.147494 0.120548 0.200966 -0.340019 0.328409 -0.468689 0.709935 0.0281766 0.876143 0.421749 -0.208484 -0.630469 0.0640747 0.201629 0.794763 -0.964254 0.382443 0.188868 -0.0737918 0.341598 0.0786025 0.508832 0.0927457 -0.565663 0.0860327 -0.283033 0.695722 -0.0503993 0.212249 0.562763 -0.447767 -0.137547 -0.707584 -0.835624 -0.355848 -0.105192 -0.158094 0.305911 -0.881775 0.598528 0.181654 0.101557 -0.443998 -0.0695645 0.835178 -0.101028 0.685919 0.157458 0.112048 0.656381 0.100468 0.0731251 0.0152922 0.221595 0.0140427 -0.042443 0.177029 0.203125 -0.168084 0.343427 0.549863 0.33082 -0.432596 0.842726 0.968572 -0.522898 -1.06238 -0.08459 -0.539007 0.578257 -0.0914082 -1.0064 -0.80215 0.388906 0.600478 0.395348 -0.24946 0.765319 0.341025 -0.141881 -0.715909 -0.5997 -0.465265 -0.0888697 0.214524 0.489776 0.439015 0.000803963 -0.320434 -0.732006 0.222048 -0.197912 0.177104 0.797929 -0.360746 0.0316944 -0.244314 -0.2672 0.21957 0.0109305 -0.0813446 0.0623254 -0.0655858 0.00844689 -0.597113 0.71372 0.0448709 0.148758 0.286098 0.506593 -0.430662 -0.443502 0.607273 -0.729863 0.237227 0.193747 0.0943494 -0.0631829 -0.305816 -0.0390041 0.114299 0.237679 0.287917 -0.166602 -0.107833 0.813717 -0.401139 0.388398 -0.0763554 -0.314429 0.157107 -0.63297 0.399345 -0.275932 0.194609 -0.990521 -0.278333 -0.144777 0.487765 0.3478 0.0484437 0.554276 0.495175 0.355582 
254 28 230 203 247 113 16 117 104 94 66 197 135 76 52 109 8 233 103 90 32 159 228 47 242 154 177 189 48 189 108 209 90 40 195 165 201 121 146 88 215 175 17 28 105 70 67 185 51 253 143 17 108 8 4 17 70 110 49 244 29 235 18 132 62 251 111 112 168 111 142 3 169 230 92 78 18 67 237 191 78 31 122 249 170 89 89 235 192 121 16 76 218 232 160 237 120 94 241 220 156 113 177 223 155 148 108 235 204 53 58 22 202 44 145 29 95 42 154 188 214 126 203 23 197 11 71 208 65 25 75 248 127 229 125 119 150 132 21 155 21 153 50 196 90 212 248 63 229 107 147 120 121 103 170 159 194 39 48 178 168 193 45 170 123 35 31 222 61 104 80 80 182 159 80 145 72 17 208 141 26 230 125 181 231 150 133 74 193 20 7 247 5 232 158 71 170 131 95 32 204 28 48 114 177 148 231 32 251 18 219 4 27 24 24 136 0 211 168 139 45 109 7 13 216 48 103 143 92 248 35 19 19 22 144 48 235 255 
-0.277805 -0.0544703 0.61668 0.867784 0.326256 0.953375 0.2687 0.341736 -0.458683 -0.0614592 0.306641 0.255197 -0.0742588 -0.738506 -0.237072 -0.596871 0.29995 0.258295 0.702633 -0.260672 -0.187502 -0.0587745 0.725427 0.874457 0.527794 0.719224 -0.515481 -0.0778415 -1.0855 0.0187529 0.266093 0.117536 0.359201 0.400602 -0.202479 0.11192 0.668596 0.509761 0.459407 0.219551 0.0767824 -0.51727 -0.48127 -0.434484 1.15624 -0.11566 -0.00108765 -0.375953 -0.982524 -0.341561 -0.885627 -0.14996 0.394468 -0.126091 -0.133358 -0.152566 0.320168 -0.0645486 0.00732241 -0.639733 0.234782 -0.212709 0.548158 -0.493909 -0.464567 -0.129508 -0.450462 0.223592 -0.295775 0.442529 0.416996 -0.298027 -0.521784 0.659198 0.506436 0.582818 0.333583 -0.155142 0.205959 -0.305125 -0.734798 0.530914 -0.336959 -0.235996 -0.20013 -0.478051 0.735143 -0.212097 0.830908 -0.449227 0.729539 0.155562 -0.513606 -0.770777 0.744139 0.192559 0.326362 0.366103 0.567396 -0.433422 -0.284901 0.0855961 -0.628537 -0.129188 -0.735141 0.0420648 0.972358 0.164263 0.485238 0.0412422 -0.0395433 -0.238147 -0.628848 -0.550844 0.0950338 -0.372793 0.351266 -0.00841603 -0.901467 -0.0345372 0.569754 -0.295134 -0.118111 0.0193986 -0.372961 -0.177491 0.384464 -0.557272 -0.581269 -0.391799 -0.0887915 0.404345 -0.254509 -0.602638 -0.777961 -0.0607974 0.796847 -0.258646 -0.24409 0.730343 -0.191444 0.300975 0.206032 0.671975 -0.0533889 0.436143 0.535834 0.0264775 -0.499834 0.267501 0.237597 0.0353081 -0.178175 0.360242 -0.161646 0.469772 0.289003 -0.491559 0.71853 -0.352439 -0.643246 -0.0788181 -0.481974 -0.429835 -0.972823 0.577981 -0.291709 -1.16688 0.294147 0.383278 0.177604 -0.119482 0.499755 0.135893 -0.254511 0.373007 -0.416286 -0.607135 -0.115449 -0.469192 -0.392047 0.570016 0.437071 0.945932 -0.178604 0.284385 0.749988 0.620739 -0.0717993 0.317133 -0.4922 -0.193504 -0.102265 0.0324553 -0.778029 -0.326038 0.716461 -0.0227634 0.432994 0.594595 -0.230944 0.311095 -0.599248 -0.163705 -0.433007 0.38568 -0.296262 -0.0783836 0.943837 -0.0779108 -0.192169 0.525435 -0.265945 -0.112681 -0.834799 0.082378 -0.00110843 -0.220702 0.646162 0.0605649 0.585738 0.724677 -0.322671 0.331779 -0.477663 -0.602624 -0.190138 -0.356527 0.430141 0.789366 -0.510465 -0.323014 0.691363 -0.14626 0.0220415 0.87807 -0.0974892 -0.00730157 
181 59 176 106 110 173 4 193 219 83 117 51 89 208 246 71 191 115 84 196 114 124 241 155 217 241 88 231 67 47 133 235 56 46 60 78 19 5 42 29 163 239 189 228 222 251 19 127 139 12 237 38 246 156 121 118 208 0 6 136 90 191 193 245 13 234 153 187 121 173 240 77 195 202 167 140 248 193 160 247 150 176 226 167 233 214 128 25 102 46 95 124 92 190 195 178 111 80 151 145 193 202 13 199 183 24 168 110 113 15 61 52 5 51 223 9 134 180 180 233 130 88 238 101 132 211 130 232 102 94 54 94 92 22 97 223 175 250 194 86 8 205 79 82 116 246 169 146 196 121 82 255 120 197 45 75 132 45 104 153 253 140 247 104 42 102 156 135 69 189 111 244 239 217 127 50 153 76 202 206 247 43 106 68 53 161 56 1 29 131 178 195 116 103 208 46 106 243 88 67 163 81 7 144 156 49 131 13 51 219 64 94 10 28 48 146 47 76 215 23 188 108 159 65 86 5 44 10 109 0 114 222 132 92 236 58 220 247 
0.604599 -0.500007 0.0665477 -0.0226787 0.242752 0.832228 -0.314741 0.0229693 0.223485 0.270294 -0.123352 0.15831 0.388267 0.845983 -0.472672 -0.199106 -0.0212277 -0.595392 -0.12323 -0.384648 0.775146 0.658344 0.166065 0.0255186 -0.0825129 0.190491 0.196116 0.335617 -0.350758 0.255025 0.989012 -0.165153 -0.58163 0.113328 0.379607 0.838758 0.236673 0.755736 0.451366 -0.292828 0.266444 -0.22218 0.538687 0.433985 -0.622341 0.340264 -0.478919 0.148034 -0.477418 -0.142954 0.186288 -0.408818 -0.0667209 -0.999256 -0.582213 -0.106188 0.599065 0.141054 -0.501573 -0.388631 -0.50428 -0.144535 0.38055 0.459818 0.903842 0.599691 -0.349589 0.117546 0.498498 -0.283457 0.229645 0.196376 0.439205 0.803548 -0.320691 -0.258344 0.684718 -0.324543 0.189531 -0.456783 0.560586 -0.0177766 0.745456 -0.41858 0.499095 1.07047 0.859826 0.0313607 0.347232 0.353883 0.0507254 -0.265459 0.399083 0.226874 -0.16323 0.132287 0.196536 -0.574676 -0.55737 0.323596 0.184098 -0.145079 0.24381 -0.185497 0.346055 -0.279652 -0.456514 -0.21868 0.184936 -0.119538 0.0913693 0.454677 -0.315888 0.404746 -0.102912 -0.399628 0.0144022 0.352795 0.47138 0.626354 0.0152371 0.0601955 0.279818 -0.725155 -0.489187 -0.409723 -0.0495061 -0.5725 0.671262 0.00825358 0.332567 0.775466 -0.0231176 0.39464 -0.791985 0.385171 0.702762 0.562816 -0.0877491 0.26324 0.761151 0.421792 0.980968 -0.933541 -0.187083 -0.552613 0.181585 0.17644 0.467022 -0.196867 0.242464 -0.466674 -0.505192 0.0144445 1.07717 -0.29965 -0.388647 -0.72423 0.573191 0.0864646 -0.664407 0.643329 -0.175809 -0.190052 0.810626 0.262261 0.0451094 -0.29665 -0.217885 -0.910087 -0.164191 0.747871 0.45964 -0.00904664 0.418902 -0.556188 0.283592 -0.462297 -0.200525 -0.362943 0.0992286 0.296881 0.626962 0.542882 0.542821 0.42157 -0.456709 0.139655 0.489913 -0.129422 -0.374604 0.393462 0.129478 0.0544838 -0.0792247 0.25666 0.565319 -0.351991 0.235514 0.848592 0.827233 -0.441782 -0.0114136 -0.331733 0.282922 -0.0330329 -0.17251 -0.145068 -0.299695 -0.18224 -0.0803162 0.80597 0.423008 -0.644846 0.442722 -0.359182 0.00416565 0.45827 0.063217 0.143157 -0.326106 -0.162056 0.512426 0.447431 0.420048 0.484311 -0.305121 -0.218108 -0.7481 -0.397902 -0.0105662 -0.518521 0.967426 0.326465 0.277685 0.392366 -0.039985 0.234607 
6 228 173 111 67 181 172 201 69 141 157 25 9 176 164 254 70 46 187 143 223 162 1 144 228 48 182 119 61 141 152 159 97 21 14 196 137 133 155 154 195 111 38 243 163 254 109 43 195 1 114 19 199 33 9 45 95 27 20 12 13 214 217 98 65 115 23 217 3 221 18 215 53 252 2 86 113 59 223 223 147 64 10 85 59 226 98 201 131 255 223 96 215 34 2 190 34 46 231 128 120 157 186 48 76 87 82 35 93 64 250 170 24 35 195 71 59 87 36 253 52 52 219 35 126 174 132 65 51 102 180 33 194 230 228 78 170 185 203 12 77 31 156 120 3 243 201 28 185 59 203 146 178 38 177 11 130 206 112 60 110 240 29 15 130 165 163 189 17 59 234 89 158 181 231 62 23 52 18 50 149 212 45 233 23 16 95 234 23 205 197 185 187 132 204 135 185 163 22 20 151 8 30 185 213 122 23 6 177 216 220 190 149 101 7 31 165 231 164 78 85 179 89 205 208 49 199 159 245 16 111 118 0 150 91 190 128 211 
-0.257988 0.457092 0.490999 0.110668 -0.3914 0.0942474 0.267601 -1.04833 -0.54426 -0.0588088 0.281573 -0.489771 -0.660705 0.160842 0.704976 0.321227 0.387997 -0.26728 0.201186 0.131338 -0.206722 0.849525 -0.576413 0.232838 0.367279 0.449839 0.375395 0.47081 -0.450473 -0.144086 0.347429 -0.269482 0.991481 0.429136 -0.478988 -0.130416 -0.204875 -0.343685 0.434418 -0.292266 0.580939 -0.187551 0.769014 -0.447216 0.266325 0.623283 -0.0537242 0.683614 -0.154824 -0.270641 0.363908 -0.165577 -0.421614 -0.111687 -0.568553 0.445908 0.239677 -0.336294 -0.132884 0.503135 -0.346702 0.0838764 -0.0661007 0.101551 0.26789 -0.0507657 0.842495 -1.16509 -0.113181 -0.235135 0.284914 -0.23428 0.103444 -0.667716 -0.179552 0.0675864 -0.457892 -0.467448 -0.696466 0.507798 0.291576 -0.375956 0.706492 0.277671 0.360875 -0.37581 -0.937084 0.716985 0.137361 -0.155412 -0.381428 -0.175799 0.187012 -0.607205 -0.54276 -0.186283 0.477438 -0.729419 -0.568507 0.535736 -0.811727 -0.294087 -0.675544 -0.421333 0.0671411 -0.19195 -0.116668 -0.0931648 0.131303 0.194828 0.012004 -0.0768268 -0.439726 -0.859494 0.456516 -0.451504 -0.476625 0.162505 0.147433 0.431516 -0.13485 0.62614 0.494234 0.683721 0.485724 0.0374164 -0.0986387 0.500702 -0.604775 -0.393907 0.116524 -0.375723 0.303223 -0.462954 -0.126511 0.121063 -0.332559 0.420838 0.684902 0.227871 -0.667978 0.593308 -0.518664 -0.0397257 0.525221 0.473367 -0.453492 0.616932 0.206974 0.606621 -0.564161 0.660403 0.0793025 -0.155701 0.377422 0.375672 -0.594193 -0.41195 -0.728037 -0.196993 0.444063 0.31514 0.712612 0.469634 0.420424 0.0635334 -0.0978362 -0.0498051 -0.376649 -0.130722 -0.350003 -0.0209944 -0.128883 0.211989 -0.160159 0.68482 0.268626 -0.405284 -0.126643 -0.325573 -0.397391 -0.332584 -0.338416 0.140149 -0.371506 -1.08658 0.245486 -0.267464 -0.227568 -0.736464 -0.224763 0.155671 -0.684874 -0.281916 0.143498 -0.310725 -0.16238 -0.00220771 0.229575 0.383885 -0.81694 -0.623206 -0.483484 0.0800495 0.353467 0.333438 -0.290437 -0.263863 -0.319512 0.388712 0.327609 0.169353 0.30808 0.431989 -0.30596 0.140506 0.24784 0.588434 0.300461 0.108947 0.205159 0.180828 0.351881 -0.475166 0.019219 -0.693351 -0.191217 0.830667 0.134637 1.17859 -0.294724 -0.425801 1.26132 0.49184 0.181252 0.376871 -0.0473981 -0.279369 
194 63 139 37 45 224 19 246 141 178 91 170 189 89 138 185 213 109 247 197 109 148 238 180 73 30 48 187 6 80 189 38 24 108 243 81 22 67 86 89 48 161 11 248 215 26 195 17 206 29 149 2 134 242 91 151 237 134 70 101 100 70 26 186 77 154 223 126 118 165 216 28 155 204 98 189 134 159 51 126 9 157 188 68 206 137 246 91 94 69 188 10 35 187 233 49 35 247 195 34 242 164 150 212 155 234 75 179 121 105 228 149 248 73 251 251 57 72 77 10 167 223 56 191 226 202 171 152 10 181 116 225 51 231 84 255 116 161 239 166 180 219 224 47 162 11 233 40 72 69 116 99 203 93 71 94 19 190 17 61 153 83 10 147 230 146 154 141 109 78 197 202 155 199 186 235 181 202 232 198 249 48 245 98 66 185 70 180 254 200 20 225 207 32 57 104 13 94 161 108 94 207 219 179 78 153 85 58 175 94 26 80 141 248 198 164 83 48 206 243 131 136 202 253 186 60 181 173 240 190 76 107 158 127 52 110 99 225 
-0.934139 0.520994 -0.538771 -0.0482945 -0.288799 -0.0454277 0.39373 -0.0203111 0.412521 0.185289 0.331509 0.485168 -0.0255461 0.232523 -0.425748 -0.631761 0.370381 -0.00795532 0.0639324 0.515296 -0.348221 -0.28636 -0.679452 0.445863 0.688966 -0.447478 0.416275 -0.39908 -0.355648 -0.0646011 -0.254303 -0.658251 0.277042 -0.447918 0.159587 0.908044 -0.714665 0.748463 0.00255259 -0.269428 -0.497978 0.327895 -0.195131 -0.738507 -0.278904 -0.0235887 0.361283 0.341227 0.533496 -0.0706487 -0.207503 -0.10031 0.697922 -0.250561 -1.01228 -0.0176603 -0.287956 0.209371 -0.245547 -0.650276 0.254712 0.497382 0.0688186 0.0934429 0.331535 -1.07905 -0.0569637 0.620252 -0.299411 -0.43244 -0.49395 0.247668 -0.683503 0.273445 -0.487037 -0.369994 0.654138 0.0981325 -0.129666 0.390104 -0.130935 0.00225114 -0.606546 0.281552 0.466794 -0.511106 0.913039 0.0475284 -1.07895 0.269067 -0.42832 0.430689 -0.734401 0.0209631 -0.107684 -0.0788618 0.0881981 -0.708638 0.261267 0.185701 0.4155 0.226312 -0.0760792 0.244147 -0.120087 -0.731886 -0.185004 0.172868 0.659599 -0.251698 -0.00479979 -0.722023 0.13342 0.871339 -0.531173 0.227429 -0.605667 -0.346706 -0.633008 0.117663 0.12805 -0.572506 -0.435376 0.84398 0.209752 0.170721 0.170916 0.167573 0.760695 -0.521393 0.422828 -0.50558 -0.0805988 -0.562783 0.142449 -0.241001 0.187849 -0.239714 -0.513123 0.165012 -0.61313 0.582671 0.353821 -0.0450987 0.635807 0.150827 0.734705 -0.611065 0.474666 0.419583 0.109261 0.537045 0.220546 -0.0244897 0.816597 -0.0253384 -0.451966 -0.359017 0.0800443 0.057635 0.434092 -0.504316 0.289735 0.192167 -0.659002 -0.0639619 0.323606 -0.0973582 -0.545072 -0.409804 0.792826 -0.144281 0.268628 0.172564 -0.51019 0.140401 0.246551 0.594273 -0.205628 0.228605 -0.790749 0.159932 0.640097 0.225355 -0.445043 -0.318111 0.420933 -0.405678 0.0658178 0.804068 -0.750762 0.228502 0.324205 0.0963655 -0.186803 0.434902 -0.132666 -0.594153 0.211502 -0.554455 -0.731351 -0.325606 -0.264358 0.49565 0.853265 -0.361309 -0.238026 -0.64679 -0.00134224 -0.284338 -0.208717 -0.506746 0.49763 0.0214058 -0.136393 -0.245122 -0.0317989 0.3459 -0.220806 0.201401 0.219524 0.292243 -0.259525 0.479395 -0.290473 -0.447595 0.80868 -0.0417118 -0.0222513 -1.45606 -0.160493 -0.290944 0.0690882 -1.03589 -0.511644 -1.00578 1.02506 -0.751838 
20 74 21 89 227 183 7 80 43 14 189 182 202 183 16 37 198 152 37 32 221 150 163 108 173 242 118 156 219 203 129 66 23 72 168 181 158 94 122 180 178 212 18 171 5 6 254 212 200 115 214 44 18 173 23 18 29 224 171 196 238 163 172 162 162 57 110 169 229 252 101 104 126 234 111 59 201 33 184 222 217 139 56 108 199 0 246 11 138 182 176 63 119 6 1 219 10 43 178 165 68 218 114 218 199 167 202 55 120 211 113 211 245 117 118 225 95 54 158 29 206 20 114 188 227 54 31 29 47 24 83 35 208 73 80 102 85 69 179 206 126 207 132 99 105 190 169 137 43 138 49 69 112 194 238 45 129 201 16 183 23 19 69 187 128 226 44 101 238 147 236 208 184 217 19 79 242 183 12 52 189 2 247 82 190 56 207 40 76 200 97 56 152 195 41 100 83 187 111 128 171 31 86 44 206 22 175 49 172 226 213 125 139 74 125 128 176 26 49 75 150 86 22 254 93 122 157 76 151 40 3 57 176 113 241 241 23 161 
-0.520421 -0.678942 0.373305 -0.146046 0.460541 -0.576465 -0.372124 -0.538627 -0.0260518 0.336455 -0.0605545 -0.107271 -0.562723 -0.604412 0.284092 -0.289582 0.330869 -0.185333 0.484166 -0.376774 0.741792 0.0933482 -0.171894 -0.368405 -0.0289951 -0.663611 -0.376908 0.489319 0.0887805 -0.49678 0.0721192 -0.491512 0.751457 0.117351 -0.529617 -0.266998 -0.754472 1.00021 0.308567 0.597447 0.200782 0.0788076 -0.158866 -0.418099 0.187775 0.333084 0.366489 0.623913 0.523089 0.229481 0.210667 -0.0700706 -0.260251 -0.433106 -0.621861 -0.650364 -0.548729 -0.349313 0.26259 -0.468964 -0.306218 -0.772238 1.12857 -0.306283 0.122492 0.157966 -0.694519 0.676513 -0.504184 0.194521 0.241969 -0.82194 -0.640598 0.292428 0.879051 0.985613 -0.136281 -0.348967 -0.857413 -0.581649 0.128382 -0.917642 -0.00757988 0.650181 0.265382 0.199474 0.0174943 0.916147 -0.145572 0.624237 0.592639 -0.236324 0.355205 0.327859 0.209092 0.347764 -0.549378 0.174634 0.132834 0.591781 -0.556117 -0.544444 0.930486 0.0375877 0.578845 0.463461 0.200975 0.440276 0.0034668 0.815303 -0.314492 0.493322 -0.809882 0.0793974 -0.892019 -0.527323 0.117404 0.0775204 -0.503513 -0.504313 0.0961132 -0.931417 -0.117735 -0.368435 -0.610214 0.0993609 -0.186753 -0.36801 -0.0776796 0.510192 0.414071 -0.393786 -0.549562 -0.788686 0.427189 0.600534 -0.854875 -0.457116 -0.215566 0.451222 0.519119 -0.359569 -0.665436 0.517206 -0.0409594 -0.547839 0.352265 -0.899962 -0.617738 0.0373645 -0.194114 -0.155242 0.35834 -0.0702708 -0.274343 -0.132558 -0.451465 0.604727 -0.515599 0.34212 0.846941 -0.522993 0.582066 0.0684907 0.280869 0.0607519 0.873931 0.514491 -0.381432 0.23912 -0.181303 -0.493474 0.45689 -0.233609 -0.28534 0.63405 0.649899 0.644302 -0.430655 -0.177878 -0.476559 0.551245 -0.426657 0.221245 -0.85054 -0.0799211 -0.127491 -0.173472 -0.090499 0.18683 0.24495 -0.016912 0.0838037 -0.578773 0.226609 0.600294 -0.501803 0.669783 -0.697608 1.10155 -0.255284 0.710162 0.269788 -0.251212 0.443756 0.111803 0.143225 0.491306 -0.403359 0.790659 -0.135498 -0.209968 0.297567 0.433224 0.772264 -0.313424 -0.621625 -0.149455 0.216078 0.177107 0.258104 -0.670233 -0.491656 -0.414595 0.952401 0.139683 -0.448243 0.294332 -0.0830969 0.0515597 0.408793 0.093476 0.333933 0.0983862 -0.263884 0.252073 -0.19781 -0.603513 
75 20 2 232 241 152 209 17 64 187 90 88 199 22 213 11 105 233 209 130 107 159 10 103 28 238 248 116 227 60 12 58 4 92 179 108 26 210 202 163 201 107 94 81 196 241 253 85 123 28 38 92 161 228 57 160 152 98 44 214 156 28 29 45 101 255 18 178 82 86 189 171 103 39 61 130 187 77 146 180 248 17 85 104 154 121 101 39 182 104 110 24 220 253 204 209 153 155 234 175 59 190 201 31 51 22 245 64 227 86 251 23 68 81 85 160 88 95 21 29 14 129 129 171 19 29 134 163 221 164 183 225 86 155 138 229 219 91 164 35 37 98 1 145 136 37 254 128 176 64 56 167 76 185 176 61 237 8 24 129 209 242 207 165 3 135 33 204 188 38 54 221 244 226 42 97 34 43 53 151 129 44 75 216 109 116 114 160 15 154 42 90 167 72 35 132 213 110 211 114 96 116 245 159 210 179 205 191 226 102 40 196 88 201 246 8 56 11 155 195 192 83 186 250 224 158 124 5 34 125 128 236 225 231 45 60 44 162 
0.606521 -0.186242 -0.554764 0.489823 -0.119164 0.224791 0.261445 -0.644032 -0.370743 -0.222493 0.488668 -0.818951 0.457922 -0.811625 -0.595409 -0.396712 -0.482781 0.551587 -0.374957 -0.385865 -0.425316 0.0575671 -0.362954 -0.606373 -0.546325 -0.810709 0.052296 0.447525 -0.24251 0.771782 0.613164 0.634626 0.117646 -0.244215 0.127207 -0.210003 0.199976 0.167551 0.739956 0.861712 0.0276461 -0.34146 -0.167525 0.531006 0.747675 -0.972834 0.125943 0.178546 0.413538 -0.310011 0.0696306 -0.777027 0.243948 -0.0778579 0.0711347 0.45169 0.55816 -0.605452 -0.488461 -0.184013 0.55806 -0.253674 -0.0289011 -0.428339 -0.154128 -0.391756 -0.552458 -0.258602 -0.127268 -0.352137 0.777487 -0.294776 -0.02455 0.592421 -0.700571 0.0439367 0.715184 0.156917 -0.880186 0.210126 0.0798224 0.441104 -0.257387 0.181789 0.0353658 -0.64424 0.0847054 -0.546586 -0.0828726 -0.48933 -0.532894 0.234433 0.515457 0.00457774 0.786304 -0.745879 0.336923 0.400563 0.250062 -0.285751 -0.179292 0.161291 0.0828894 0.689029 -0.133439 0.115693 0.149311 -0.072517 0.311666 -0.0916515 0.0459686 -0.280508 0.00911058 -0.234987 0.829339 -0.236685 0.202117 -0.387499 0.224927 0.102905 0.318689 0.909854 0.0336535 0.708562 -0.321208 -0.224728 -0.0853936 -0.470012 0.603398 0.144261 -0.478614 0.421787 -0.58055 0.435486 -0.0657926 0.291619 0.379798 -0.295959 -0.626604 -0.182634 -0.275045 0.175628 0.394997 -0.146553 0.142492 -0.120719 -0.0784876 -0.602006 0.25978 -0.0829818 0.281409 0.497307 -0.360391 -0.147823 -0.485268 -0.0990938 -0.0214922 -0.393425 -0.364158 0.507572 0.12337 0.391242 -0.173342 0.203577 -0.00543633 0.392615 1.16097 -0.21125 0.200984 0.469882 0.35136 0.456332 0.480537 -0.337745 -0.569667 0.184935 -0.359853 1.01579 -0.204825 -0.00649638 -0.262867 0.109303 -0.0929772 -0.428738 0.977752 -0.144802 -0.0596882 -0.568077 -0.559827 0.689607 0.0748714 -0.388952 -0.129922 -0.644952 0.409071 -0.323595 0.563988 -0.568651 -0.416231 -0.390988 -0.646966 0.270875 0.621109 0.568448 -0.503738 0.455801 0.172156 -0.0137064 -0.176575 -0.373683 -0.863929 0.688702 -0.269655 0.410819 -0.0225122 0.217428 -0.224859 0.0758159 0.059591 -0.422693 0.634948 0.492317 0.757287 0.192358 0.430843 0.282101 -0.326969 -0.227363 -1.25352 0.190814 -0.0010143 0.857303 0.0543809 -0.598268 0.344036 1.01669 0.515186 0.516222 
231 163 138 106 239 168 254 199 190 176 46 28 132 35 187 253 44 17 131 50 221 139 139 165 51 235 38 126 20 72 88 9 71 168 216 20 91 194 187 60 75 250 214 249 115 89 10 113 59 114 232 230 45 84 18 175 34 11 252 204 106 129 239 6 250 216 233 201 85 211 197 148 39 137 182 13 180 62 61 125 165 29 91 255 163 45 71 207 198 218 56 209 133 103 251 236 191 84 201 123 32 240 99 149 112 224 193 232 186 17 43 28 225 77 128 76 58 211 106 210 26 126 236 124 34 219 68 139 108 176 205 73 122 108 178 229 100 128 141 209 3 159 229 94 232 219 131 95 106 144 155 115 122 94 82 204 111 199 124 80 162 131 24 23 163 65 16 99 216 123 249 206 213 60 49 181 212 215 66 180 165 189 30 140 132 236 9 224 189 195 0 33 125 67 249 53 32 126 207 190 31 24 120 196 151 149 176 22 197 145 95 222 179 238 25 117 5 118 92 86 148 168 145 164 176 64 202 220 214 113 192 4 71 31 95 56 111 1 
0.339925 0.518567 0.569143 -0.468649 -0.411746 0.758273 0.514339 0.00209065 0.823045 0.9007 0.0133813 -0.167478 -0.605835 0.261101 -0.968944 0.530431 -0.0298873 0.191756 0.0390775 0.188482 -0.160762 -0.312155 -0.660914 0.520664 -0.537515 0.530514 -0.998535 0.351591 0.213819 0.689898 0.430753 -0.252789 0.548425 0.446113 0.106508 0.0853225 -0.035784 0.411575 0.455924 0.623052 -1.28785 -0.485694 0.241467 0.285766 -0.548889 0.260625 -0.893047 -0.0372316 -0.0617479 0.138497 0.148345 0.250684 0.233486 0.108809 0.442642 0.440933 0.19915 -0.124531 0.138696 -0.137085 -0.161623 -0.283117 -0.436277 0.12268 -0.666593 0.37874 0.129537 0.36763 0.440308 0.215157 -0.257763 0.662545 -0.355041 -0.517039 -0.293856 0.0510041 0.645782 0.275889 -0.45276 -0.00808002 -0.104915 0.360981 -0.218035 0.187905 -0.12796 0.65405 -0.109363 -0.394685 -0.59994 -0.332932 0.4618 1.04542 0.35013 -0.0755165 -0.384522 0.149159 -0.706737 -0.11083 0.363498 0.0669351 0.0135016 -0.140494 -0.0183554 0.124736 0.25763 0.109123 -1.06144 -0.405957 -0.695454 0.761457 -0.212278 -0.269439 -0.248642 0.197399 -0.425719 0.937094 0.318983 0.518681 -0.342934 -0.128121 0.591123 -0.615766 0.38802 0.414786 0.357057 0.477868 0.439155 0.0618324 -0.74138 -0.829076 0.498677 0.659879 -0.99945 0.296425 -0.820291 -0.428727 0.121845 -0.0245226 -0.388821 -0.644229 0.473841 -0.743169 -0.272854 0.0440182 0.0421109 0.699722 -0.57282 -0.258926 -0.347547 -0.0660476 0.0425121 0.047683 -0.354829 0.12822 -0.4683 0.0967097 0.13186 0.32402 -0.12043 -0.0771387 0.463976 -0.307657 0.399838 0.967133 0.477593 -0.675435 0.413438 0.0659301 0.246024 0.0653814 0.219585 0.406705 -0.707688 -0.0970729 0.2664 -0.181248 -0.0458554 0.833431 -0.282765 0.109779 -0.291222 -0.251964 -0.587183 0.690147 0.230388 -0.783541 0.328147 -0.230033 -0.555006 0.295498 -0.484228 1.15906 0.143571 0.747236 -0.58325 -0.409542 0.423658 0.646433 -0.531735 -0.444465 1.04714 0.179345 -0.494542 0.404857 0.240058 0.307433 0.407913 0.134331 -0.200966 0.0625913 0.201032 -0.133278 -0.917986 0.931571 -0.340337 -0.0626658 -0.158553 0.444624 0.473454 0.541281 0.0317483 0.812584 0.150759 -0.17606 -0.818294 0.31288 0.0466496 -0.795856 0.510824 -0.208912 -0.868855 -0.263223 0.0248151 -0.180083 -0.376596 0.403277 -0.847571 -0.335047 
101 111 17 233 179 190 231 123 158 180 100 61 11 177 18 131 244 248 103 223 254 226 17 57 79 165 218 172 171 248 238 160 42 111 255 244 63 147 44 108 87 151 254 34 215 211 15 178 123 63 146 219 116 101 123 242 145 191 44 115 215 47 26 3 3 154 131 174 101 6 104 159 240 223 49 15 255 131 108 199 25 146 34 209 99 170 69 220 169 159 196 80 114 165 98 51 120 93 58 164 228 53 185 92 16 226 75 160 149 17 3 161 177 90 196 80 150 194 22 137 67 17 216 115 165 93 25 118 142 232 54 141 199 240 36 36 217 182 88 164 64 85 233 228 191 187 241 200 192 97 155 8 211 17 190 125 230 93 251 203 168 240 177 131 213 68 36 8 147 172 63 150 109 236 176 206 60 205 30 167 172 244 236 25 158 112 77 78 69 98 211 178 229 237 25 115 232 245 99 63 182 201 106 44 131 85 199 151 132 208 169 53 127 46 233 218 245 86 43 45 110 239 61 169 201 144 143 175 23 234 132 52 157 115 137 181 133 112 
0.654003 -0.17615 -0.371192 -0.988375 -0.390368 -0.0988677 0.409896 0.0351933 1.09664 0.588119 0.374793 0.31113 -0.779789 -0.261221 0.473359 -0.514577 0.436213 0.0546714 -0.411149 -0.285085 0.514739 -1.09285 -0.319774 -0.447722 0.131403 -0.306133 -0.702221 -0.0704681 -0.378538 0.210607 0.605755 0.145947 0.53923 0.556679 0.186619 -0.138645 0.257111 0.48289 -0.670583 0.395452 -0.97969 -0.0591917 -0.491673 0.0939019 0.0173914 0.330419 -0.54693 0.751668 0.236863 0.353488 0.431903 -0.0589449 -0.646426 0.511987 0.0634169 0.459236 -0.0140345 0.477444 -0.482806 -0.0442511 0.474309 0.479991 0.582341 -0.481126 -0.378044 0.692399 0.421512 -0.145197 0.219285 -0.675982 -0.207108 0.522479 -0.32885 0.100039 0.0699868 -0.697405 0.609902 0.310453 -0.701248 0.328579 -0.212827 -0.308531 0.635781 -0.115579 0.129005 -0.292995 -0.195243 -0.56614 0.596825 -0.497765 0.769257 0.983468 0.510038 0.583177 -0.253546 -0.233853 0.826135 0.101658 -0.142172 0.789937 0.0316186 -0.246551 -0.385458 0.0111475 0.873012 -0.658605 -0.349251 -0.320909 0.691221 0.496602 -0.700511 0.118622 -0.456289 0.0599789 -0.411125 -0.334751 0.206931 -0.269401 -0.292468 -0.431648 0.343646 0.288522 -0.700809 -0.383076 -0.600315 -0.482208 -0.327015 0.361603 -0.45843 -0.543426 -0.0994225 -0.264806 0.504639 0.245799 0.166168 -0.0279092 -0.452919 0.467697 -0.716205 -0.00510139 0.322663 0.72089 0.235608 0.55416 0.541262 0.722919 0.170661 -0.0868218 -0.633536 0.534671 1.20697 -0.434365 0.37589 0.426181 0.186875 -0.0848025 -0.03282 -0.332325 0.705235 0.155819 -0.162447 0.924422 0.775279 -0.179125 0.106027 0.588297 0.157127 -0.110102 -0.182764 0.682154 -0.776407 -0.304259 -0.108399 0.219107 0.661394 0.152455 0.362122 -0.147958 -0.386737 -0.207536 0.365207 -0.994194 -0.671601 -0.586661 0.298146 -0.23353 -0.049111 0.797416 0.699956 0.35894 0.0954298 -0.212402 0.717019 0.036446 0.0660577 0.0734151 -0.163914 -0.583185 -0.318584 -0.407904 0.459771 -0.420295 -0.182802 -0.282393 -0.354214 0.423678 -0.591787 -0.563499 -0.146292 0.360774 -0.68691 0.383408 0.452133 0.134661 0.223473 0.326862 -1.09842 -0.47276 0.577145 -0.167341 -0.442473 0.600228 -0.354679 0.159877 0.315707 0.243489 -0.41726 0.296602 0.110436 0.15751 0.028478 0.129052 -0.648573 -0.411694 -0.772776 0.205612 0.550344 0.443494 
242 183 46 159 57 171 63 228 249 138 180 13 105 237 228 181 139 185 77 78 149 115 144 116 17 139 44 5 132 19 27 170 5 27 97 14 198 61 217 200 140 208 211 65 128 199 105 209 213 49 12 176 41 78 92 251 140 175 233 45 170 142 209 170 2 160 154 249 70 137 83 174 60 170 158 169 254 52 52 71 80 107 184 236 51 236 222 91 177 74 10 21 31 5 86 94 13 232 25 222 160 79 144 154 144 148 127 45 60 134 7 191 181 239 254 190 147 236 249 75 128 58 27 211 200 238 175 155 45 169 126 85 3 175 210 203 47 56 193 53 224 147 104 17 196 110 63 168 189 31 225 132 39 177 92 38 252 240 204 161 41 238 240 75 158 97 113 36 57 91 117 191 62 64 211 97 174 211 122 70 163 154 137 219 78 131 64 163 51 100 235 94 82 215 6 100 154 121 77 220 238 117 176 66 221 60 187 199 2 101 89 107 106 235 136 7 235 227 224 214 158 215 121 145 185 242 115 29 56 216 183 249 245 45 122 87 196 147 
-0.163231 -0.0167896 0.384027 0.0041865 0.252644 0.186163 -0.238216 -0.0721952 1.11557 0.507463 -0.108213 -0.20069 0.581866 0.204353 0.0309923 0.397407 0.0723634 0.632527 0.73045 -0.1026 -0.197993 1.0965 -0.197608 -0.294899 0.20609 -0.369285 0.555881 -0.105357 0.246072 -1.04345 -0.229148 0.157106 0.593703 -0.608584 -0.192669 0.6074 0.0500704 -0.225214 0.100908 0.149061 -0.0124802 -0.284731 -0.911764 0.253243 0.38404 -0.313188 -0.493511 0.754199 0.0381694 1.10215 0.265095 0.601927 0.202812 0.691072 -0.397247 -0.0966377 0.0703612 0.190216 0.310614 0.136822 -0.0217925 0.423999 0.558567 0.258295 0.521355 -0.421439 0.243327 1.00024 -0.0889254 0.438442 0.683855 0.806561 -0.448921 0.290827 -0.313483 0.175862 -0.411438 -0.838255 -0.710747 0.435187 -0.28766 -0.501652 0.132147 -0.475709 0.10431 -0.306831 -0.304426 0.316481 0.883871 -0.531276 0.104698 0.0861129 -0.433746 -0.091055 -0.677065 0.354752 0.542892 0.00850453 -0.749309 0.58104 0.393931 0.255672 0.0859106 0.0751526 0.0571841 -0.49261 0.102933 0.444094 0.141591 0.818803 -0.2142 0.379929 -0.553576 -0.97562 0.737473 0.111379 -0.267545 -0.0391277 0.788444 0.521613 1.07437 -0.513064 0.808113 -0.309768 0.00276787 0.0176561 -0.19967 0.481361 0.596882 0.103932 -0.412616 0.949785 -0.288169 -0.523285 -0.616177 0.230928 0.198925 0.510413 -0.0769052 0.63024 -0.196386 0.408924 -0.678768 0.16796 0.174776 -0.405506 0.607728 -0.121481 0.0486072 -0.445694 0.150858 -0.308111 0.0170467 -0.135745 0.188799 0.408575 -0.734741 -0.470411 0.661897 -0.130729 0.828758 -0.443669 0.361966 -0.219539 0.855169 -0.427472 -0.569414 0.551561 0.815426 0.298858 -0.405281 -0.111265 0.169466 0.793403 0.559412 -0.789311 -0.852272 -1.01833 -0.502683 0.136539 0.374219 -0.585195 -0.0171523 0.710808 -0.301493 -0.552808 0.08535 -0.0288952 0.621422 0.312462 0.520394 -0.707527 0.302555 -0.318505 -0.321351 -0.263478 0.74248 -0.337787 -0.326899 -0.200069 0.766152 0.104541 -0.196873 0.0650878 -0.380616 -0.694611 -0.109772 0.236006 -0.731614 -0.10152 0.562884 0.210328 -0.0342856 0.28777 -0.428565 -0.159169 0.628432 0.164333 0.319573 -0.573441 -0.203621 -0.721439 0.196906 -0.161349 -0.247025 -0.410013 0.385644 -0.406701 -0.350361 0.0436458 -0.596224 0.0163442 0.0709279 0.0699572 0.167896 -0.823193 0.390916 -0.296669 
5 55 66 208 197 78 174 91 144 228 42 141 20 32 164 157 225 61 94 67 189 222 121 249 246 23 223 248 131 152 168 38 8 95 198 67 97 246 178 76 76 13 240 211 82 109 135 153 42 236 126 136 53 216 69 116 215 220 195 251 7 178 135 105 95 232 235 25 236 47 10 65 78 255 68 92 46 80 226 70 77 163 60 167 157 231 133 152 31 228 234 109 157 84 74 218 102 180 91 229 181 56 106 148 210 119 96 201 89 234 68 88 105 156 198 152 88 120 216 35 16 24 222 119 211 181 212 136 203 2 208 193 33 77 92 122 17 179 69 99 8 148 103 106 143 120 90 29 17 254 108 143 41 235 32 155 8 115 134 56 79 170 161 152 159 36 206 10 133 84 121 27 31 113 135 159 103 125 145 61 70 102 80 50 110 112 155 48 106 177 71 20 216 12 242 142 4 89 48 208 217 120 72 230 181 141 108 90 157 188 163 162 184 43 117 144 102 61 115 151 204 74 182 181 171 86 84 101 246 28 145 107 232 70 143 216 193 56 
0.534315 -0.678312 -0.164939 -0.167407 -0.518398 -0.604679 -0.67737 -0.947595 0.838835 0.288344 0.423432 -0.19894 0.355772 0.679417 -0.264042 -0.248038 -0.150972 0.431457 -0.810196 0.0205203 -0.855054 -0.836532 -0.0411613 -0.593755 -0.618327 -0.955732 -0.636186 -0.352008 0.719231 -0.682277 0.0356841 0.656283 0.172147 -1.14772 0.472534 -0.510603 -0.499579 -0.379296 0.179394 0.143952 -0.275081 0.493235 0.792231 -0.137831 -0.486233 -0.492467 0.241396 -0.861995 -0.336665 0.479905 0.586775 0.30494 -0.00981987 0.500998 -0.450843 -0.0914863 0.348857 0.39852 -0.234864 0.127982 0.300296 -1.34041 0.247397 -0.252876 -0.198804 -0.606609 -0.80108 0.205724 0.656493 -0.606339 0.370519 -0.192365 0.282445 -0.0863612 0.126501 -0.683391 -0.678307 -0.581706 0.0502064 0.806859 -0.312546 0.252729 -0.530973 -0.140338 0.195943 -0.305806 -0.558107 -0.471561 -0.172699 -0.514917 0.397254 0.313008 -0.680514 -0.171228 -0.106144 0.600293 -0.509489 -0.237384 0.691033 -0.456356 0.394035 -0.292292 -0.632244 -0.122695 -0.0891379 -0.439852 -0.245305 -0.741285 -0.484907 0.525536 -0.74787 0.224303 0.27665 0.311993 0.185523 -0.421632 -0.190357 0.496372 -0.414617 -0.3181 0.133856 -0.64604 0.102502 0.0161345 0.225224 -0.49758 -0.615036 -0.2193 0.300164 0.0869644 0.385073 -0.605455 -0.0435298 -0.0427673 -0.0113446 0.6957 0.561855 0.163049 0.49617 0.168621 0.28227 0.0487911 -0.212249 -0.314492 -0.488961 0.727267 0.525383 0.238481 0.0244894 -0.379719 0.825817 -0.376722 0.609814 0.39884 -0.0326041 -0.517389 -0.712993 -0.479677 0.401253 0.246246 0.625265 0.0938079 0.490342 0.344436 0.0273745 0.344705 0.0528027 0.230147 -0.52812 0.326734 0.689889 -0.34985 0.356064 -0.153524 0.237019 0.154833 0.702214 -0.742642 -0.372756 0.449465 0.204115 -0.0304808 0.283655 0.0480075 0.935405 -0.444483 -0.519469 0.505835 0.0538194 0.0270058 0.401229 -0.201871 -0.303657 0.0229585 0.319013 -0.308135 0.2332 0.446864 0.982311 0.639059 -0.22668 0.437432 0.564461 -0.766411 0.398254 -0.276615 -0.263811 -0.839603 0.122352 0.0839448 0.0252407 -0.0559232 0.45913 -0.24213 -0.226889 0.928977 -0.120795 -0.230316 -0.344102 0.204707 0.499799 0.764031 0.20422 0.287523 -0.269982 0.0199084 0.376666 -0.518718 -0.144346 -0.0113878 -0.77397 0.279181 -0.93723 -0.285406 -0.0294494 0.31211 0.239169 -0.379109 
101 61 52 191 200 114 42 198 170 45 109 207 127 76 229 31 91 23 151 12 167 187 193 179 56 108 77 216 82 172 88 132 108 176 245 38 222 67 158 8 65 7 89 109 69 46 112 64 220 9 133 46 52 186 215 51 105 189 232 21 86 110 1 152 90 32 127 191 141 9 60 131 46 160 117 171 25 34 201 18 80 117 43 186 97 57 242 70 18 25 83 242 59 75 239 22 220 49 53 20 101 133 185 163 251 247 239 45 61 131 22 58 198 118 244 142 178 46 142 121 159 26 106 109 27 81 185 39 167 68 98 206 81 108 79 176 42 218 100 222 223 122 159 82 119 225 76 191 188 106 111 13 80 149 23 156 156 165 39 32 57 84 99 162 250 179 81 197 91 202 7 95 44 56 40 222 94 98 65 64 57 176 220 205 76 34 221 76 139 157 80 8 169 7 125 216 202 120 144 56 118 251 6 175 228 182 177 211 77 172 28 42 236 142 202 182 197 166 119 217 145 143 155 12 184 137 240 53 50 149 158 252 96 191 236 68 230 191 
0.613649 -0.422399 0.598707 -0.81335 -0.418515 0.940414 0.0691045 -0.38478 0.247505 -0.799308 0.511626 0.399036 0.315208 0.238422 -0.0804565 -0.836267 -0.366872 0.134314 0.601522 0.103607 0.0564211 0.22503 -0.21121 0.0333248 0.263647 0.404611 0.316113 0.361269 0.21603 0.745044 -0.173262 -0.341518 -0.315768 -0.333463 -0.324714 0.410811 -0.615893 -0.0771089 0.545256 0.267287 -0.308324 0.521955 -0.395346 -0.275089 0.295848 0.130407 0.432121 -0.156789 -0.555939 0.408151 -0.566417 0.508279 -0.132164 0.275131 0.141607 -0.460291 -0.141901 0.718088 -0.815381 -0.568668 -1.15366 -0.381937 0.21058 0.0822302 -0.660792 0.362685 -0.485781 0.720634 -0.481974 0.174108 -0.672693 0.166642 0.27297 -0.0968936 0.629111 0.0864562 -0.64466 0.564865 -0.100984 -0.0352515 0.558814 -0.483912 -0.12945 0.719178 -0.52722 0.167288 0.5185 0.356631 -0.0337715 -0.367515 -0.0163334 0.211404 0.0414455 -0.380893 -0.0637909 0.182034 0.0924758 0.147233 0.309969 -0.0686794 0.477927 0.471237 1.05161 -0.149948 -0.1943 -0.672163 -0.291004 -0.303144 0.312452 -0.0673922 0.219688 -0.869105 0.132757 -0.318026 0.0678359 -0.742755 -0.403585 0.812945 0.291937 0.488588 0.485207 0.213706 -0.108966 -0.154405 0.300489 -0.391976 -0.659195 -0.278874 0.55721 -0.100152 -0.178311 0.295349 0.608655 -0.614711 0.407629 -0.447366 0.111877 0.134762 0.272287 -0.133568 -0.0561904 -0.608518 -0.627124 -0.191787 -0.016011 0.0999113 0.686048 -0.286852 0.289351 -0.472885 -0.436949 0.79528 -0.15409 -0.609438 0.314453 0.548453 -0.598787 -0.0678271 -0.0814348 -0.386887 0.608169 0.762991 0.0179512 -0.489507 -1.12929 0.141908 -0.371234 0.659491 0.0281447 0.764919 -0.260701 -0.0288563 0.306757 0.160317 -0.427485 0.107622 0.030321 -0.444975 -0.277292 -1.11248 -0.131046 0.160707 0.413625 0.42294 0.362912 0.0633766 -0.198942 -0.641255 -0.193593 0.470784 0.0605039 0.252187 -0.594281 -0.39528 -0.820808 -0.0936925 0.917736 0.69507 -0.476274 -0.20273 0.283493 -0.427285 0.246391 0.351011 -0.0883258 -0.164623 0.27656 0.0500027 0.181302 -0.0160198 0.0836165 -0.0662907 -0.14789 0.237549 0.337613 -0.204363 -0.360919 -0.580746 0.313861 1.0804 0.426522 0.188518 0.490213 0.0346926 -0.625085 0.51175 -0.775319 -0.709155 0.316007 -0.484998 0.430991 -0.27907 -0.471829 -0.357015 0.388346 0.675199 -0.0871481 -0.109533 
246 48 216 191 248 14 181 40 116 61 248 197 174 77 44 70 159 253 161 152 197 234 19 12 190 40 91 233 178 241 188 244 110 176 239 238 92 253 59 38 2 124 74 60 198 111 219 187 197 180 150 136 94 137 208 163 211 70 138 23 196 210 5 149 55 122 60 238 32 198 53 216 64 193 242 91 101 190 198 22 226 211 183 217 166 180 3 227 203 11 128 127 140 28 214 150 192 48 62 120 7 162 244 43 1 193 104 88 181 226 123 164 156 26 33 98 75 6 193 55 252 127 15 154 62 137 40 249 234 237 204 179 226 8 166 58 206 55 55 18 127 139 12 175 123 218 72 47 163 154 77 102 225 141 187 42 245 22 85 55 76 182 139 255 118 185 63 75 23 129 127 119 56 149 67 11 234 104 36 170 18 205 240 137 35 23 68 64 243 177 59 23 70 2 155 47 56 72 32 193 239 68 68 51 73 151 80 53 163 202 48 85 51 238 110 72 215 7 6 83 99 90 207 114 73 147 244 68 183 177 3 114 104 201 103 6 159 86 
-0.206311 0.66733 0.988752 0.0940112 0.136597 0.112854 -0.0280072 -0.0159297 -0.273223 -0.451291 -0.331689 0.0484121 0.0628481 -0.0847066 -0.030315 -0.193531 0.302036 0.000300359 0.0334774 0.269496 -0.0686144 -0.112196 0.296125 0.343505 0.359942 0.153207 0.444195 0.46451 0.626107 -0.0530154 -0.348949 -0.309864 -0.415885 -0.663668 -0.486269 0.0963498 -0.0385468 0.695984 0.407447 0.633961 0.211087 0.0192921 -0.0564383 0.0352784 -0.392475 -0.13671 -0.550279 0.00937996 -0.152231 -0.444405 0.287417 -0.222958 0.458508 -0.00466625 -0.508977 0.171513 -0.211936 -0.624448 -0.584536 0.0114369 -0.505817 0.53482 -0.0451906 -0.116236 -0.484859 -0.642754 0.460476 0.10724 0.978469 0.590761 0.98948 -0.436784 -0.213628 -0.435344 0.117742 0.0989513 0.791722 0.398821 -0.143966 -0.24796 -0.265448 -0.448336 -0.63877 0.290037 0.538716 -0.107312 0.265334 0.406809 0.179069 0.111454 0.513174 -0.434047 -0.41361 -0.745023 0.366017 0.204715 -0.199412 0.991468 0.370347 0.0698486 -0.350613 0.549934 0.187509 0.410425 0.536403 -0.550421 -0.0340057 0.212427 0.0467556 -0.028008 0.272807 -0.686773 -0.694608 -0.398749 0.365583 0.543853 0.20298 0.961087 -0.179916 0.212313 -0.469781 0.164607 0.211245 -0.200462 -0.360339 -0.847049 0.711425 -0.529063 0.392458 0.621494 0.289532 0.588202 0.578009 -0.172985 -0.635207 0.677414 0.48975 0.0256054 0.219259 0.484852 0.955891 0.71891 -0.236393 0.69762 0.106698 0.378572 0.231232 -0.221904 -0.46101 0.290643 -0.19546 -0.311968 -0.745556 -1.39159 -0.268215 0.541119 1.14296 0.187758 -0.47766 0.507774 0.45053 -0.545217 -0.0105855 -0.0107836 0.0809877 -0.543462 -0.12852 0.333056 -0.365322 0.223062 -0.0894509 0.349649 -0.375612 0.251662 0.183676 0.0653133 0.254821 0.770375 0.026519 -0.717625 0.382777 -0.768764 -0.144272 -0.0318543 -0.512049 -0.709308 -0.0772796 0.633346 -0.729164 -0.379169 0.182157 -0.362374 -0.0265176 0.260811 0.320142 0.446372 0.270896 0.337919 -0.345559 0.422327 -0.275173 -0.411183 -0.403673 0.431575 -0.413482 -0.0252375 -0.120615 -0.478826 0.742362 0.0740692 -0.275732 0.813783 0.373309 -0.816303 0.677583 -0.452089 -0.00941927 -0.238586 -0.862088 0.645943 -0.269392 0.429357 0.196031 0.285324 -0.294255 1.16638 -0.614867 -0.231375 0.328203 -0.1631 0.015499 0.344695 -0.146878 -0.0631763 -0.301269 0.035223 0.104116 0.421328 
65 215 39 171 188 218 41 47 80 77 51 68 85 178 45 180 196 47 134 224 189 46 208 84 158 77 103 166 226 177 95 69 89 150 66 87 152 150 39 73 166 26 13 154 162 93 4 66 200 151 31 10 181 73 75 199 220 161 79 33 22 235 194 34 42 222 133 122 255 165 142 112 246 236 78 2 253 124 166 114 170 83 70 200 39 102 239 139 94 226 121 164 255 67 211 141 13 196 86 116 251 226 249 62 250 139 226 147 210 145 250 177 87 128 22 127 252 128 141 227 154 98 234 145 46 53 165 181 168 31 1 18 141 103 227 207 183 219 155 250 117 240 56 11 77 231 73 125 52 146 0 177 155 164 17 44 79 22 36 3 82 233 191 251 124 223 41 39 178 54 122 206 145 241 238 81 251 159 165 103 231 101 62 104 200 173 221 53 168 126 155 216 223 227 246 100 157 0 206 210 143 209 73 99 9 28 233 100 176 100 52 66 43 190 219 101 241 144 24 66 67 207 70 237 113 35 196 33 253 127 49 235 245 67 199 48 161 135 
0.680326 -0.268487 -0.324249 -0.147125 -0.494467 -0.284262 -0.131843 0.0629846 0.526986 0.158718 0.168176 -0.682947 0.439007 -0.376292 0.46123 0.322278 0.772282 0.205184 0.0232605 -0.364348 -0.219414 -0.0532981 -0.245118 -0.59758 0.47059 0.558713 -0.535091 0.407867 -0.388236 0.970105 -0.0928232 -0.0478635 0.473973 -0.301187 -0.370018 0.340533 0.142373 0.0952824 -0.178464 0.673847 -0.116968 0.512192 0.116183 -0.388206 1.02356 -0.409688 0.304347 0.292813 0.774167 -0.292809 -0.485591 -0.0850691 -0.75306 0.18553 0.0217201 -0.476256 0.120777 0.781404 -0.0193412 0.63262 0.0214616 0.563175 -0.680995 -0.513409 -0.0781326 0.233385 -0.411275 -0.290083 0.225459 -0.431287 0.00437958 -0.0123475 0.167169 -0.399039 0.420476 0.670808 -0.384333 -0.75197 0.302504 0.204263 0.354853 -0.246293 -0.109616 0.0315782 0.338373 0.164813 -0.0226301 -0.12541 -0.332875 -0.469103 0.489846 -0.340025 -0.056522 0.227308 0.152874 -0.474317 0.289686 0.242184 -0.0335313 -0.408426 0.305194 0.129409 -0.110492 -0.115587 -0.731518 0.0308275 -1.07012 -0.346775 0.558214 0.395384 -0.281688 0.560273 0.713264 -0.31291 0.831968 0.23512 -0.474787 0.820798 -0.28515 -0.599753 -0.519628 -0.216604 0.115397 -0.50971 0.01399 0.609256 -0.465441 0.523499 -0.0347572 0.0514289 -0.291118 -0.885966 -0.876754 -0.332302 -0.194031 -0.0152743 -0.0283906 0.392911 0.368476 0.370212 -0.467107 0.584331 -0.578311 -0.0402714 -0.368469 -0.0322212 0.439091 -0.17473 -0.452829 -0.493426 -0.445355 1.02258 -0.202969 -0.657229 -0.0101714 -0.324524 -0.695188 0.240291 0.523145 -0.104585 0.68899 -0.301883 0.709542 0.572622 0.445609 0.166107 -0.64531 0.107201 -0.61868 0.321715 0.598782 0.338442 -0.758581 0.298872 -0.214649 -0.404219 -0.191903 -0.890882 -0.216122 -0.736243 0.688412 -1.03735 0.820705 0.591489 -0.139461 0.0377781 0.236137 -0.223365 0.249749 0.216421 -0.138747 -0.501576 -0.111616 0.259083 0.188429 0.662266 0.729795 0.0513568 -0.202416 0.442463 0.14806 -0.678701 0.575146 0.576709 0.0550055 -0.549044 0.458724 -0.068661 0.500914 0.323114 -0.170118 -1.02144 -0.77687 0.610765 0.0804624 -0.484889 -0.19988 0.0388114 0.298671 -0.191991 -0.416492 0.516263 -0.800926 0.216001 -0.397733 -0.352854 -0.429484 -0.430067 0.0335733 0.179489 0.0823428 -0.029347 0.0898401 -0.355847 -0.566697 -0.200731 -0.495559 0.826764 
38 145 130 36 250 71 208 100 45 101 9 246 88 207 116 111 108 176 127 18 114 73 102 192 47 236 91 242 80 176 28 189 20 156 46 13 145 126 251 26 13 204 187 55 76 246 88 86 63 233 223 245 173 177 57 15 67 177 180 216 83 253 160 87 218 119 179 7 100 195 110 172 29 181 244 8 110 92 57 232 114 54 200 230 199 23 237 50 21 232 142 93 239 43 146 206 95 199 185 6 156 56 151 105 81 168 20 47 57 37 35 86 244 93 46 16 250 81 101 128 171 159 87 213 127 17 214 140 20 38 76 32 12 154 83 23 60 192 30 228 61 100 66 150 112 42 223 21 106 120 115 2 198 58 156 161 142 10 217 209 75 164 210 128 178 246 162 140 203 61 88 192 184 92 247 111 27 251 204 232 1 222 245 207 127 200 110 135 51 78 148 79 165 135 75 246 219 130 242 199 60 240 208 236 67 130 29 33 118 127 219 221 164 163 212 81 161 194 99 59 159 231 244 192 234 241 186 186 44 130 65 230 219 46 58 242 119 81 
-0.140984 0.752646 0.579204 -0.860473 -0.538843 0.414474 -0.789266 -1.07047 0.333025 -0.133017 -0.781302 -0.652229 0.247713 0.310777 -0.880942 1.22525 -0.562792 0.00890775 -0.507277 -0.360583 -0.126631 -0.0807239 -0.336221 -0.198901 -0.028651 -0.544654 0.165091 -0.167752 -0.608138 0.717424 -0.370396 -0.611765 -0.583355 -0.0516621 -0.303326 -0.0397935 0.194133 0.744761 0.361409 0.201385 0.585882 0.475332 0.667004 -0.499324 -0.801513 -0.326935 0.717107 -0.149199 -0.0272212 -0.974294 -0.325171 -0.335074 0.62621 -0.276089 0.160165 0.529224 -0.256372 -0.0882655 0.408863 -0.0044433 0.34872 0.370302 0.384715 -0.600207 0.0901766 -0.886084 0.626155 -0.0594587 -0.440644 0.923646 -0.0731075 -0.363827 0.682402 0.0901453 -0.162932 -0.239339 -0.42708 0.0216212 0.283147 -0.233481 -0.225602 -0.424257 -0.330265 0.153679 -0.332841 -0.243054 -0.50875 -0.21001 -0.321727 -0.0931833 0.03963 -0.151517 0.647324 0.201608 0.555253 -0.315876 -1.10217 -0.803104 -0.150476 0.228088 0.641555 -0.844381 0.737351 -0.202082 0.763594 0.694319 0.866676 -0.0360431 -0.51975 0.173474 0.346807 -0.185842 -0.0804603 -0.0796259 0.28797 0.163032 0.535246 0.143222 0.316072 -0.161996 0.148225 0.0459699 0.0818994 0.48493 0.0184907 0.99331 -0.0730233 -0.0565734 -0.461401 -0.655183 0.338352 -0.15904 -0.160338 -0.12521 0.0165133 -0.224842 -0.404614 -0.114403 -0.391451 -0.263875 0.244087 1.01738 -0.44251 0.45663 0.527748 0.412734 0.511143 0.926761 0.277348 0.288812 0.71666 -0.366577 -0.278562 0.0604955 -0.361072 0.619212 0.504015 -0.802732 -0.493836 -0.0164246 -0.425479 0.181197 -0.602999 0.0175926 0.609175 0.322668 0.71263 -0.637229 0.0840773 -0.341044 -0.370176 0.563622 -0.340204 -0.13071 0.842854 -0.17533 -0.355152 0.106094 0.250563 -0.264089 0.114873 0.818747 -0.0726288 0.0291587 -0.176659 -0.39636 -0.318474 0.204579 -0.46006 -0.80247 0.88392 0.180745 0.17851 0.296448 -0.0962042 0.793059 -0.639867 0.26896 -0.0352952 -0.523338 -0.401915 -0.287005 -0.134764 0.23741 0.12273 0.219414 -0.0199556 0.353871 0.456535 0.379333 -1.01801 0.539174 -0.150681 -0.264943 -0.0768536 -0.810562 -0.680656 0.0981605 -0.659397 0.0541565 0.4964 -0.143749 -0.188616 0.895608 -0.587809 -0.372853 -0.193426 0.00972623 0.111723 -0.597016 0.824027 -0.766193 -0.302321 -0.328804 0.262005 -0.345488 0.70863 -0.0486882 
87 214 48 138 207 108 106 158 93 15 160 31 73 16 252 156 239 216 56 169 173 116 223 177 240 126 218 177 185 99 162 137 125 236 128 149 11 172 82 48 92 240 6 143 169 204 149 42 75 157 5 48 216 246 80 101 91 1 22 129 101 147 70 126 116 221 213 15 216 247 0 136 199 236 21 204 171 72 66 101 52 166 31 113 145 235 146 0 158 51 205 140 188 18 39 117 15 202 94 20 106 17 154 66 109 3 134 95 144 235 163 83 24 74 93 74 40 163 11 142 115 79 1 177 47 105 11 222 7 192 156 34 90 120 109 21 173 150 189 119 157 42 177 145 82 73 95 239 161 232 55 217 165 228 10 240 25 245 17 186 160 255 208 40 125 150 40 242 122 191 207 209 219 230 253 155 223 123 68 34 191 130 237 191 249 232 221 83 113 60 145 218 251 115 41 247 158 120 235 209 197 194 147 25 79 230 67 17 85 87 37 159 48 100 118 233 188 46 180 218 187 143 254 2 231 116 140 234 142 187 16 43 134 84 196 199 50 232 
0.285429 -0.225967 0.578542 -0.537297 0.764012 -0.723056 0.397915 -0.371598 -0.823344 0.346804 0.979159 -0.286316 -0.144934 -0.342363 1.13714 0.780127 -0.523764 -0.24865 -0.297159 -0.652751 -0.145498 1.01602 -0.455902 -0.23012 -0.730353 0.811118 -0.523681 0.38151 -0.392389 -0.710424 0.0711875 0.193046 0.619337 0.0967404 0.7298 0.177806 -0.379348 -0.265191 0.0239074 0.566679 -0.324847 -0.595503 0.353765 0.502912 0.271319 0.513697 -0.237446 0.33036 -0.279412 0.836496 -0.0799452 -0.270528 -0.421387 0.107252 0.202117 -0.0966299 -0.230494 0.122218 0.908228 0.432888 -0.070098 -0.196786 -0.0697437 0.13694 1.07138 -0.539782 0.332312 0.196441 0.668147 -1.04241 -0.295638 -0.707815 0.724645 0.448607 0.619378 0.13546 -0.425637 0.526658 -0.754547 -0.450895 -0.517039 -0.25484 -0.664315 0.2046 -0.789175 0.73084 0.109248 0.227304 0.469757 0.464739 0.158802 -0.168024 0.59707 -0.319494 -0.228661 -1.0203 0.153118 -0.516029 -0.270315 0.544502 -0.235069 -0.31713 0.278685 -0.14254 -0.860526 -0.55702 -0.158953 -0.419084 0.66832 -0.22535 -0.164618 -0.142958 -0.863783 -0.367555 0.206142 0.319388 -0.231548 0.322538 1.15055 0.357382 -0.189284 -0.734949 0.203851 0.780734 -0.000602701 -0.515335 -0.481341 0.29162 0.354704 0.450625 -0.0102308 -0.0204718 -0.436906 0.292136 0.0884843 0.549438 0.610782 -0.502071 -0.67909 0.688078 0.655141 -0.0805055 -0.0866111 0.1867 -0.792055 -0.192609 0.125365 0.436702 0.128979 0.0302915 -0.237334 -0.399017 0.0616474 -0.120354 -0.601737 0.161757 -0.176218 0.505517 -0.528053 -0.193285 0.933163 0.252488 -0.0637723 0.468741 -0.182705 1.16375 -0.926511 0.0676214 -0.804235 -0.659237 -0.417854 -0.377847 0.495997 0.364277 0.709531 -0.408531 0.464292 0.653336 0.349334 0.401262 0.621733 -0.364476 -0.046616 -0.0288771 0.0241066 -0.872491 0.279024 -0.206108 0.257566 0.394516 -0.227309 0.408614 -0.665329 -0.341706 -0.234984 0.312848 0.164599 -0.300866 0.515725 0.329487 -0.442401 -0.0506698 0.818703 0.727333 0.167597 0.224024 0.986028 -0.541017 -0.418628 0.00700211 -0.978843 -0.0212208 0.337627 -0.514065 0.646934 0.386104 0.488542 0.210117 -0.184977 -0.534685 0.404604 0.540997 -0.178973 0.586336 0.328278 -0.486341 -0.0926271 0.217604 0.42305 0.565617 -0.721839 0.291044 0.441054 0.449365 -0.138792 -0.812859 -0.4629 0.771807 
199 0 158 56 16 23 140 122 173 123 35 166 202 148 234 227 158 198 189 39 107 89 196 65 241 28 245 33 211 12 157 147 41 205 11 182 95 218 55 91 59 52 62 183 197 92 131 218 112 230 161 252 249 60 17 136 227 127 160 173 57 248 226 115 110 202 229 200 176 124 202 26 51 240 185 133 255 134 98 140 203 242 254 227 175 27 104 3 85 35 86 181 154 157 27 92 142 174 212 211 255 144 35 6 204 198 55 166 236 75 211 213 43 251 90 219 238 224 52 250 125 243 0 2 97 20 154 250 71 167 109 253 117 171 49 78 52 94 85 166 87 158 224 32 153 245 218 248 20 85 72 213 234 72 223 8 146 255 244 35 201 185 166 48 3 162 154 11 92 64 54 155 132 169 123 241 63 8 189 201 91 22 237 202 166 109 105 86 138 197 245 83 6 239 220 188 21 89 115 225 217 60 160 69 56 92 80 108 95 203 222 52 121 55 37 202 198 21 39 161 121 62 106 96 45 245 158 199 149 215 244 22 44 116 4 93 244 166 
0.342504 0.61876 -0.37602 -0.134936 -0.478023 -0.325777 0.189374 -0.0821316 -0.600562 -0.904697 -0.128782 -0.225462 -0.221013 -0.187682 -0.847747 -0.268744 -0.349188 0.183647 0.374801 0.0512889 0.046842 -0.471876 -0.749754 0.941542 -0.32624 -0.592927 0.0184427 0.399533 0.3268 0.196361 -0.506811 -0.162439 -0.690308 -0.480327 -0.228982 -0.636666 0.549814 -0.362827 -0.117365 -0.639458 0.579931 0.570081 0.627535 -0.22566 0.912696 -0.457485 -0.499477 -0.507739 -0.502036 -0.750643 0.533619 0.590767 0.196973 -0.672518 -0.0547291 0.42676 -0.0274482 0.653315 -0.532819 0.1605 0.240254 0.757716 0.00431876 -0.132102 0.730641 -0.18115 0.52607 0.474625 -0.119646 0.625446 -1.01965 0.444418 0.228424 0.267048 -0.865902 0.597665 0.68249 0.098334 0.448304 -0.833896 0.35137 0.148103 0.0105225 0.165114 -0.41346 0.850063 -0.142244 -0.0343881 0.108916 0.379852 0.298053 0.237582 0.283164 -0.0836498 -0.813918 -0.554677 -0.00160021 0.0865177 0.0235044 0.0649877 -0.380502 -0.272857 0.465364 0.173311 -0.666155 -0.583275 0.361186 0.0320454 0.304701 -0.40547 -0.270711 0.332312 0.0858362 -0.271928 -0.837426 0.265795 -0.70198 0.278799 0.356293 0.662398 -0.147807 0.146295 -0.352148 -0.300669 -0.152322 0.361743 0.951054 0.696277 0.073251 0.150555 0.340969 0.111854 0.0912601 -0.472585 -0.390042 0.22771 -0.84991 1.0398 0.156311 -0.340605 -0.269571 -0.0214284 0.879462 0.165097 -0.246257 -0.294758 0.156195 0.868236 -0.0774426 0.676034 -0.190765 0.624212 0.649309 0.317742 0.29732 -0.297374 -0.437908 0.220602 -0.727408 -0.357645 0.294065 0.00256446 0.346353 0.0534734 -0.189382 0.193316 0.136069 -0.332075 0.684459 -0.415323 -0.286231 0.637602 0.473071 -0.141047 0.29479 -0.848443 -0.28037 -0.413561 0.130166 -0.358276 -0.157432 -0.0521198 0.534766 0.536194 0.19789 -0.156826 -0.420744 -0.498113 -0.205329 -0.777779 0.265725 0.111777 -0.00732565 -0.55603 -0.835345 -0.910852 0.486682 0.297394 0.37124 0.484245 0.181109 -0.185902 0.0960894 0.999767 0.606331 -0.736966 -0.426981 -0.606078 0.642173 -0.293914 0.100091 -0.592299 -0.250118 0.671071 0.216003 0.418272 0.777636 -0.135591 -0.339429 -0.149589 -0.469205 0.659544 -0.355877 -0.348793 0.245799 0.344321 0.202754 -0.825844 0.0164941 0.284574 0.898578 -0.486283 0.0791754 -0.389736 -0.037262 0.129795 -0.580062 0.390165 
198 193 42 31 73 171 188 100 89 77 40 132 85 116 236 92 64 176 125 65 82 161 18 112 165 14 42 32 206 216 58 136 133 231 245 42 33 174 191 131 122 48 116 140 56 96 49 27 76 33 161 155 183 246 123 232 185 235 27 100 112 17 166 24 132 160 66 195 100 124 231 90 221 114 57 39 21 58 16 175 224 4 74 0 106 84 31 249 204 149 5 158 45 53 15 63 220 15 187 183 93 57 218 129 75 200 202 63 67 215 125 250 45 55 124 32 16 70 56 140 45 146 182 121 207 127 169 137 145 202 95 157 58 31 228 150 82 152 53 120 199 25 62 41 220 85 222 222 7 16 5 205 170 152 24 15 27 189 92 209 216 89 223 7 198 228 218 96 186 36 0 31 208 249 67 146 181 97 20 152 242 204 174 120 14 68 98 90 34 12 198 61 6 97 234 97 109 241 49 60 6 157 155 48 212 121 198 146 120 175 155 119 188 44 231 20 42 113 234 121 26 158 112 225 225 185 216 223 52 17 143 20 93 169 205 221 200 120 
-0.269603 0.529654 -0.0977193 -0.449536 -0.720386 0.104538 0.646152 -0.0131704 0.521724 -0.462656 -0.0349977 -0.171794 0.248049 -0.386394 0.36937 -0.0465804 -0.235612 0.520928 -0.454001 0.418176 -0.234732 0.500183 -0.547224 -0.0138767 -0.0490406 0.415727 0.397845 0.573908 0.294363 -0.183587 -0.379057 -0.479995 -0.0253612 -0.199425 -0.283234 -0.202048 -0.259902 -0.45833 0.143473 -0.26477 0.533827 0.250671 0.0969426 0.542747 -0.189675 -0.0928614 -0.613511 0.941827 -0.225109 0.279741 0.742263 0.481344 0.311363 0.504607 0.414925 0.0798445 -0.524396 -0.430971 0.442072 -0.307211 -0.481248 0.4691 0.339042 0.00330959 0.307851 0.349032 -0.33662 -0.045466 0.141974 -0.124612 0.358974 -0.624174 0.25949 -0.845451 0.382219 0.74115 -0.0433248 -0.05448 0.219876 0.104436 -0.264675 0.0260614 -0.85376 0.123913 0.0576902 0.269301 -0.350524 -0.86368 -0.601018 -0.604035 0.07416 -0.431898 -0.187203 -0.159491 0.0846518 0.703439 0.294049 -1.13673 -0.194364 -0.0322447 0.197939 -0.457956 0.325229 -0.30799 -0.500277 -1.15438 -0.0398549 0.0685564 0.173748 0.382164 0.669393 -0.510353 -0.643553 -0.0656064 0.751319 0.223772 -0.042943 0.51443 0.351482 0.501652 -0.371829 -0.842266 0.537797 0.492501 0.0772981 -0.370864 0.211422 -0.253764 -0.391333 -0.447878 -0.364353 -0.354871 -0.0403691 -0.790998 1.18199 -0.282346 -0.371293 -0.321128 -0.568704 -0.713876 0.906493 -0.315489 -0.320444 0.679744 0.794771 -0.403281 0.259579 0.175037 -0.0504371 0.495254 0.477318 -0.769428 0.0318706 -0.0626158 -0.692828 -0.464933 -0.369192 0.122817 0.626922 -0.476947 -0.0351475 0.369409 -0.769118 -0.191971 0.543597 -0.736382 0.944363 -0.541964 -0.00842385 -0.448173 -0.231051 -0.224597 -0.0499807 0.465086 0.0694771 0.493805 -0.907547 0.444791 -0.0680239 -0.244761 0.783449 0.394251 -1.06986 -0.680638 -0.223796 0.208365 -0.198046 -0.301778 0.604259 0.326895 0.1129 -0.524159 0.348119 -0.239965 0.0434514 0.0926528 -0.227379 0.673081 -0.336151 -0.0717457 -0.233038 -0.177642 -0.182205 0.559406 -0.27881 0.0533618 -0.224494 -0.240288 -0.0176391 0.539177 0.171314 0.358722 -0.238566 0.140626 -0.690072 -0.249036 0.103972 -0.546672 -0.55033 -0.169491 -0.198822 0.543868 -0.248234 -0.110395 -0.377487 0.273203 0.461709 0.960609 -0.370866 -1.02364 -0.196464 0.176283 -0.615899 -0.409194 -0.197413 0.0911057 0.780281 -0.431472 
189 208 124 136 160 223 130 53 182 128 170 92 236 125 140 97 230 214 18 193 247 166 193 103 223 207 113 3 16 5 234 232 93 111 145 150 51 233 15 163 186 66 183 14 246 147 29 152 223 33 248 53 96 159 97 221 83 42 5 70 68 44 132 238 169 49 67 224 16 90 255 117 17 208 45 10 154 172 170 232 40 1 224 229 76 62 179 42 149 142 26 175 254 205 233 194 133 219 228 9 126 70 73 37 228 249 15 137 73 179 22 108 193 103 177 146 235 197 114 99 178 212 226 172 109 236 211 5 187 56 157 73 88 153 27 95 124 238 124 210 41 13 128 193 246 62 242 62 68 221 201 8 105 127 252 3 246 49 142 237 20 152 6 246 55 9 232 27 208 186 107 45 145 113 17 149 151 244 221 221 131 213 196 133 189 6 167 208 25 200 166 110 123 79 134 41 4 24 27 175 56 180 113 97 128 61 198 50 115 26 90 41 31 254 142 102 4 196 229 123 39 7 5 138 9 199 202 24 101 213 188 7 36 251 220 151 206 190 
0.363104 -0.279355 0.166724 -0.0028689 0.70136 0.697844 -0.116014 0.490603 -0.408253 -0.0580705 -0.503786 -0.238172 0.788312 -0.0388074 0.245253 0.232232 -0.120742 -0.461327 0.265452 0.0864644 -0.411316 0.669498 0.50534 -0.624643 -0.3929 -0.680197 0.00692805 0.438764 -0.492529 -0.478391 0.166647 -0.123948 -0.160142 -0.239992 0.0857766 -0.308952 -0.695925 0.59439 -0.154189 1.0157 0.527567 0.117343 0.408286 0.455471 0.296315 -0.282436 0.268142 0.258257 -0.230287 0.386273 -0.714572 -0.379136 -0.429741 -0.593368 -0.342162 0.287129 0.718467 -0.119645 -0.0798493 -0.47915 0.522792 0.439845 -0.112002 -0.38244 -0.194257 0.436696 0.341999 -0.531214 0.840745 0.318292 -0.692623 0.429487 -0.0294537 -0.335186 -0.288953 -0.351039 0.188461 -0.602801 -0.333576 0.589879 -0.523797 0.425586 0.0636178 0.503054 -0.638489 0.470244 -0.0923133 0.538423 -1.02227 -0.307063 0.395467 0.30586 0.770723 -0.138861 0.272254 -0.304739 -0.161215 -0.677137 0.43804 0.387705 -0.229518 0.385292 0.701524 0.573678 0.0593057 0.117143 0.195985 0.222824 0.484199 0.306959 -0.0135417 0.109886 0.121838 -0.167106 0.343957 -0.0260829 -0.0167247 -0.352325 0.133666 0.327902 0.399641 -0.309361 0.301274 -0.145168 -0.402162 0.125658 0.499354 -0.580973 -0.365631 -0.0433466 0.753437 -0.0372564 -0.93254 0.565876 -0.125437 0.41586 -0.190133 0.265509 0.23176 -0.37001 0.2428 -0.668888 0.348467 0.21584 -0.179893 0.458125 -0.699715 0.00760047 0.538067 0.144925 -0.46168 -0.656609 1.14923 -0.220906 0.14573 -0.366609 -0.273767 -0.338642 0.157373 0.0330121 0.803084 0.44928 0.464627 -0.710108 0.131712 0.294765 0.246612 0.26279 -0.228031 0.540348 0.109703 -0.486987 -0.323906 0.332173 -0.053652 0.698956 0.32192 -0.392313 -0.0672441 -0.251692 -0.012026 -0.312467 0.344983 0.0338466 0.785223 0.541203 0.386573 -0.545581 -0.299493 0.198879 0.465885 -0.211492 0.337172 1.00386 0.41415 0.19877 -0.165191 -0.179839 0.225167 -0.220246 0.284246 0.422834 0.252756 0.443842 -0.0471122 -0.301753 0.329639 1.27631 0.310723 -0.560267 -0.194638 0.0183687 0.198535 0.506861 0.385035 0.112044 0.85416 0.177783 -0.130135 -0.0849244 -0.0181419 -0.715438 0.187997 -0.579209 -0.325685 -0.788909 -0.235064 -0.362083 0.540522 -1.12272 0.189634 -0.300488 -0.184789 0.187954 -0.01286 -0.480354 -0.368043 0.134686 
139 250 198 186 202 79 136 106 242 189 70 99 164 227 119 149 248 211 81 176 40 58 37 80 247 238 227 13 98 222 175 58 144 147 75 94 245 66 181 154 103 87 92 246 168 132 161 128 246 251 97 119 225 204 29 49 131 126 166 109 69 143 165 181 125 208 131 96 248 195 21 20 153 138 17 243 204 197 164 140 33 116 144 116 136 55 54 145 214 56 119 49 238 25 161 225 71 187 249 196 182 210 88 179 185 217 0 133 60 225 193 128 100 254 246 137 134 130 188 224 110 21 170 195 106 35 247 224 77 213 219 255 53 91 45 142 173 25 230 244 115 130 154 223 145 21 10 190 155 41 147 109 88 62 157 57 220 8 241 200 71 189 76 241 5 183 123 178 102 88 242 125 208 83 54 60 66 8 2 137 84 114 125 95 130 102 43 23 3 161 106 208 23 159 249 99 13 223 72 53 251 157 180 3 193 239 147 194 230 130 218 13 1 212 197 94 8 40 253 92 63 154 170 66 245 182 232 212 163 208 179 88 219 156 193 226 116 103 
0.258583 0.238671 -0.502348 0.0816965 -0.443446 -0.0976233 0.0534285 0.613447 0.382481 0.387025 -0.357129 0.519786 0.0334243 0.326236 -0.168485 0.324884 -1.03218 0.144983 0.941975 -0.346879 -0.0794563 -0.364128 0.226107 0.244667 -0.231981 -0.0787395 -0.479081 0.160517 0.0576698 0.625535 -0.56408 0.251902 0.12668 0.254351 -0.133281 0.246529 -0.644895 -0.863411 -0.0132237 0.34909 0.400039 0.882045 0.707258 0.0791408 -0.497219 -0.47484 -0.0277904 -0.455291 -0.402328 -0.162225 -0.164749 0.426119 0.429965 0.211799 -0.805528 0.740727 -0.753293 0.669034 -0.523122 0.764052 -0.598172 0.538411 0.246769 -0.580428 0.036144 1.11997 -0.549309 -0.146677 0.677244 0.30594 0.15997 0.260758 0.695795 -0.542455 0.322163 0.460149 0.978068 0.459833 0.141277 0.0423185 0.0901035 0.369575 0.591763 -0.660919 -0.7648 -0.0871777 1.1007 -0.405513 0.435158 0.615273 -0.312554 -0.440457 -0.0748532 0.173961 0.25473 -0.497906 -0.0962956 -0.253041 0.701727 -0.465648 -0.396201 0.656122 -0.512418 0.851137 0.145088 0.465779 -0.543832 -0.389337 -0.102837 -0.0647642 0.200469 0.501845 0.885814 0.653446 0.456339 -0.681215 0.426088 0.466169 0.062026 -0.29516 0.758944 -0.853663 0.334303 -0.35661 0.59679 -0.4348 -0.349103 0.287722 -0.278594 -0.49783 -0.498119 -0.0032369 0.486935 0.48046 0.452762 0.340011 0.14808 0.108054 -0.707371 -0.356105 0.605551 -0.357732 0.448971 0.463778 0.202674 -0.605063 -0.725085 -0.012718 -0.0674354 -0.829146 0.207792 -0.296114 -0.318652 0.204482 -0.96513 0.296006 -0.159091 0.491274 -0.13663 0.172078 -0.390522 0.108248 -0.284081 0.0624604 -0.287724 0.0753309 -0.33523 -0.120479 -0.630114 0.312577 -0.547683 0.795447 0.568821 0.235898 -0.232638 -0.562602 0.426631 -0.242125 0.160399 -0.284973 -0.50472 0.623678 -0.442589 -0.076805 -0.0968815 -0.4688 -0.373292 -1.18095 -0.154939 -0.387296 0.47627 -0.798535 0.451908 0.358634 0.143308 -0.446636 0.236741 0.760453 0.340917 0.362433 -0.525122 -0.0121206 0.5303 0.626642 -0.307386 0.594351 0.442354 -0.0607292 0.202289 0.111049 -0.0686648 -0.549774 -0.0844206 1.02869 -0.104619 0.488115 0.191356 -0.479772 0.46169 -0.16244 -0.317023 -0.436088 -0.1663 -0.420251 -0.186601 0.0834817 -0.0164786 0.0852415 -0.134199 0.628297 0.0765985 -0.015783 -0.321305 0.48152 0.181855 0.364375 0.478911 -0.194274 
65 32 4 188 161 162 46 184 140 222 97 215 65 12 135 181 166 170 12 197 205 193 254 58 246 58 96 78 194 132 215 26 163 209 33 195 63 199 244 146 213 152 117 89 75 178 31 174 240 4 234 60 19 174 254 52 111 193 38 194 90 207 202 206 243 247 113 168 33 84 29 29 115 94 117 21 4 89 217 218 104 34 181 202 145 128 30 236 133 227 41 70 76 141 237 78 213 98 184 72 204 83 247 12 247 105 179 79 180 135 108 233 222 37 139 255 251 168 142 196 30 149 96 54 84 218 137 47 66 71 236 100 148 87 102 175 157 135 118 163 112 234 154 120 247 49 159 1 205 152 93 35 251 19 206 44 194 180 183 224 249 73 45 252 187 108 54 106 128 93 169 158 106 174 197 18 17 51 180 106 249 240 136 224 20 31 166 119 77 207 2 1 62 198 234 205 207 204 60 194 120 9 253 15 6 246 241 18 47 90 146 124 77 51 45 49 50 91 15 50 176 13 12 153 145 78 166 130 240 84 40 0 74 252 139 64 67 58 
0.335773 -0.225539 -0.0519229 0.0490114 0.177741 0.0529093 0.535233 -0.570225 -0.317623 -0.538653 -0.749683 -0.779766 -0.236241 0.262015 -0.315663 -0.17021 -0.0344234 -0.452744 0.210083 -0.416255 -0.31801 -0.392099 -0.403628 -0.308448 0.00804613 -0.34174 0.0594609 0.327419 0.284587 0.539253 -0.548143 0.546729 0.319966 -0.496061 -0.340335 -0.454112 -0.159053 0.599326 -0.128098 0.629795 -0.176437 0.55281 -0.342071 0.167034 -0.599263 0.392273 -0.137823 0.450569 -0.545997 0.565684 0.150783 0.453621 -0.376463 0.354269 -0.273403 -0.274081 -0.722798 -0.488815 -0.635364 0.884258 0.484086 0.28408 -0.921729 0.963983 -0.79529 0.0148978 -0.0352288 0.822185 -0.568779 -0.65771 -0.254671 0.222626 -0.131443 0.392876 -0.0295044 0.567375 0.412608 -0.217329 0.0773039 1.12694 -0.215114 -0.261427 -0.637052 -0.282097 -0.553289 0.707464 0.538114 -0.38268 0.501552 0.44692 0.852527 -0.421054 0.349736 -0.572367 0.72254 0.0620301 0.244853 0.0431975 -0.622454 -0.116476 -0.0128224 -0.238599 0.457968 -0.0184066 -0.400855 -0.579674 0.797363 0.179738 0.313446 0.304058 -0.699532 -0.130209 0.551005 0.548129 0.142657 -0.208949 0.409495 -0.481485 -0.602235 -0.45827 0.563069 -0.825511 0.356009 -0.240583 0.395786 0.122107 -0.127529 1.07329 -0.306125 -0.145063 -0.137975 -1.03683 -0.456414 0.741883 -0.503574 0.297017 0.0234123 -0.0762289 -0.58939 0.664003 -0.739491 0.238791 -0.404733 0.561839 -0.182776 -0.248189 0.404403 0.23425 -0.493964 -0.418085 0.279226 -0.395501 0.286467 -0.982795 0.599306 -0.765527 -0.188686 -0.300487 0.700907 0.156401 0.548009 -0.720878 0.567476 0.773104 -0.193902 -0.631515 0.261287 0.597097 -0.160795 -0.300564 -0.706409 -0.714314 -0.0387884 -0.232282 0.417832 0.784675 -0.450295 0.231518 0.0524761 1.01729 0.667534 0.784606 0.689932 0.363237 -0.0285427 0.417814 -0.261151 0.264011 0.374095 -0.0956328 -0.373352 -0.84998 -0.250266 0.456286 0.541693 -0.263016 0.235481 0.158236 0.235191 0.328039 -0.135328 0.475765 -0.995864 0.583272 -0.0320378 1.03853 -0.321055 -0.58706 0.128309 -0.360003 -0.287313 -0.169991 -0.678315 -0.0841017 -0.0893866 -0.666814 -0.12758 0.588225 0.2927 0.210607 -0.235529 -0.381567 0.113572 -0.371727 -1.08475 0.0589851 0.568222 -0.594151 -0.530493 -0.445335 0.419166 0.339926 -0.069248 -0.650296 0.241768 -0.248561 -0.0205851 0.271067 
52 52 110 65 182 101 97 252 37 195 158 220 28 49 205 150 136 155 243 211 5 151 13 106 216 188 195 120 25 119 195 32 11 157 138 169 116 250 204 191 156 78 38 104 242 115 21 17 21 33 24 65 56 193 75 104 81 60 67 247 17 111 131 11 240 54 216 159 0 115 17 63 149 151 53 180 89 239 251 130 142 20 170 150 114 230 169 75 60 47 103 175 67 136 166 96 60 72 244 155 63 199 33 88 236 170 3 82 78 19 202 239 149 133 123 23 52 210 45 163 59 199 124 43 28 35 203 86 170 18 221 71 186 82 5 33 57 177 13 91 32 207 45 185 148 188 101 41 175 233 107 91 126 168 40 235 104 31 213 162 240 211 217 175 110 183 107 162 247 54 140 190 252 30 253 1 183 35 43 255 208 102 91 243 183 208 248 180 196 118 82 106 70 250 170 86 197 9 113 194 144 146 46 231 63 47 6 1 169 54 80 95 215 244 14 140 174 129 200 199 227 51 136 101 88 77 251 151 118 49 10 100 133 10 109 230 118 139 
-0.304212 -0.491483 0.366667 -0.337151 0.306679 0.791293 -0.342237 -0.303566 -0.183064 -0.382138 0.161099 -0.567035 0.433029 0.156876 -0.345381 -0.45916 0.133682 0.313398 0.590862 0.605376 -0.166236 0.512806 -0.17056 0.211892 0.709725 -0.459991 0.120852 -0.581765 -0.479449 -0.00279389 0.444829 -0.1881 -0.435046 -0.0451417 0.389078 -0.275898 0.0258393 0.301371 -0.291197 0.114432 0.0220427 -0.369985 0.314677 -0.870154 -0.52853 0.258398 0.253917 0.0125898 0.426233 -0.255364 -0.0332023 0.207044 0.0887152 0.361535 0.606152 -0.00252064 -0.0300147 -0.235002 -0.365131 0.569383 0.241674 0.281469 0.0521855 0.302761 0.284061 -0.350551 0.427919 -0.374587 -0.432409 0.461982 -0.307373 -0.50687 0.268918 0.0106186 -0.273564 -0.46798 -0.633687 -0.307363 0.0575529 0.68889 -0.632843 0.448556 0.532792 0.350583 0.250991 -0.634932 -0.587204 0.212899 -0.47341 0.0332323 0.503964 0.571329 0.390758 -0.738118 0.495016 0.424389 -0.607826 -0.187972 -0.0508935 -0.157353 -0.161519 -0.223563 0.0317279 -0.568441 0.155708 -0.137426 -0.230284 -0.820348 0.256162 0.791648 -0.376087 -0.612137 0.271503 -0.646077 0.181575 -0.31632 0.257963 -0.624594 -0.168322 0.712692 -0.555358 0.349432 -0.15703 -0.67652 0.159375 -0.368686 -0.384142 0.267185 -0.0144353 -0.277772 -0.350301 -0.0350665 -0.380091 -0.0815368 -0.66086 0.496647 0.0563306 -0.122958 -0.274763 -0.0166604 0.592945 -0.501291 -0.45352 -0.241609 0.804993 1.12158 -0.282192 -0.58936 0.137405 0.258622 0.349107 0.276893 0.494221 -0.286239 -0.0904065 -0.00497943 0.24446 -0.454888 0.236783 0.484528 -0.0532085 -0.351727 0.52958 -0.594147 -0.0312578 -0.133872 -0.316266 -0.112407 0.163767 0.428319 -0.121243 -0.410434 0.398083 -0.231329 -0.941651 1.17498 0.12751 -0.055353 0.11475 -0.05651 -0.856266 -0.881087 -0.311095 -0.14569 -0.206428 0.963848 0.257169 0.309736 -0.0420847 0.216665 0.296802 0.08237 -0.347291 -0.196729 -0.370799 -0.0425033 0.125023 -0.123606 0.506454 0.102276 0.0576456 -0.0205151 0.90775 0.406319 0.231677 -0.395375 -0.480589 -0.106262 0.565398 0.574725 -0.0995722 -0.0776964 -0.823642 -0.514163 0.53509 0.28214 -0.49731 -0.150557 -0.588087 0.571722 0.242757 0.533825 0.673936 -0.234181 0.215075 -0.266897 -0.569411 -0.419695 0.219441 -0.865358 0.0801728 -0.430758 0.518149 0.114636 0.409028 0.289142 0.378386 0.624192 
56 205 249 235 109 146 212 60 166 186 71 127 155 16 36 146 63 57 50 244 8 172 99 201 222 244 40 152 109 15 115 134 171 59 78 242 151 151 220 129 70 50 158 171 72 75 10 80 63 2 116 142 146 22 140 164 143 172 174 15 22 82 79 226 216 131 178 97 152 62 40 156 108 56 243 132 11 176 46 204 171 100 159 168 161 11 170 211 42 127 123 50 180 203 170 231 91 132 63 60 231 66 60 58 234 95 90 200 225 39 131 119 225 190 230 174 148 104 49 115 176 237 242 152 209 206 195 153 204 35 104 29 66 138 213 0 124 122 30 66 19 158 235 239 65 246 86 31 134 139 16 39 134 67 143 107 2 72 47 46 253 73 137 191 204 91 128 99 205 213 189 205 97 176 178 55 52 31 253 83 67 245 94 134 239 16 160 175 70 30 160 157 59 157 156 106 151 155 122 228 117 14 73 250 101 52 184 149 108 238 217 197 129 151 14 118 39 239 212 149 23 161 129 235 186 83 64 193 165 200 240 205 244 126 191 131 192 195 
-0.411657 -0.153312 -0.384047 0.323705 0.0985272 0.826276 -0.287106 -0.678972 0.393361 -0.519395 0.333687 0.814136 -0.783774 -0.261018 0.270112 0.597617 -0.0477417 -0.45191 -0.49917 0.0512882 0.498823 0.8211 0.559542 0.384053 0.284233 0.800252 -0.744928 0.595376 -0.792293 0.405378 0.253264 -0.057 0.591338 -0.379592 0.648559 0.796566 0.0121093 0.506496 0.339784 -0.552398 -0.439716 0.56252 -0.293561 -0.55266 0.532564 -0.491344 -0.581026 0.0172337 -0.461888 -0.315572 0.606628 0.319419 0.829571 -0.217069 0.581201 0.532983 -0.241847 -0.109142 0.405648 0.574873 0.190394 0.227563 -0.469795 -0.626839 -0.296122 0.641997 0.147946 -0.759878 -0.253565 -0.0444389 -0.724365 -0.558789 -0.286192 0.497883 -0.289123 0.331719 -0.135276 0.444739 -0.104266 0.196817 0.186395 0.073857 0.3215 -0.551465 -0.665097 -0.276045 -0.0468264 -0.45955 0.368798 0.413021 0.38122 0.317461 0.382845 0.358211 0.329669 -0.224281 1.02172 0.0520043 -0.261353 0.295625 0.32755 -0.505625 -0.125753 0.369829 -0.277716 -0.606226 -0.527862 -0.759588 0.495893 -0.41613 -0.51833 0.0566537 -0.986313 -0.579557 0.670435 -0.031707 -0.47331 0.482793 -0.384182 -0.0620436 -0.649321 0.465403 -0.254507 -0.217362 0.222473 -0.508632 -0.426978 0.251875 0.677988 0.232475 0.82032 0.525933 0.181091 0.145497 -0.467052 -0.408189 0.586058 -0.248907 -0.421063 0.485126 0.711732 0.371691 -0.193702 -0.108231 -0.370971 0.382501 -0.00731792 -0.139831 0.449093 0.327495 -0.355841 -0.878729 -0.562327 -0.675964 0.776549 -0.843272 0.714887 0.215317 0.175235 -0.0272611 0.0305232 -0.0142345 -0.215272 0.338361 -0.553313 0.0600397 -0.0772672 -0.199934 -0.214041 -0.174436 0.448219 0.0543012 -0.0100625 0.144614 -0.799923 0.230009 0.44952 0.0418477 -0.476157 -0.618805 0.0476561 1.08052 0.745655 -0.422331 0.912254 -0.864493 0.637128 0.407267 -0.20517 0.637163 0.825177 0.405659 -0.187756 0.315598 0.0741769 0.457267 0.176251 -0.307649 0.244723 0.89909 -0.266983 -0.260227 0.368069 -0.765525 0.311953 -0.102797 0.465222 0.262256 -0.387645 0.0275907 -0.0689373 -0.0825321 -0.414472 0.1733 -0.394314 -0.288362 -0.671294 -0.148131 -0.326247 0.682076 0.292248 0.0896211 -0.364074 0.299758 -0.225786 -0.370507 0.150414 -0.0815215 0.204939 0.183349 0.113074 0.537747 0.583569 0.688187 0.45953 0.253107 -0.362661 -0.158645 
82 134 132 203 145 200 229 250 201 74 124 56 59 166 48 68 78 73 255 222 238 32 238 180 204 129 213 96 3 86 151 95 157 239 1 124 212 188 235 18 59 29 136 228 83 115 44 89 206 74 174 122 196 147 229 23 4 169 190 201 119 4 180 234 223 83 200 72 227 72 230 162 109 255 223 99 128 132 134 177 5 8 103 89 125 240 31 178 102 233 34 167 105 37 133 58 227 126 74 53 153 31 192 202 196 178 80 224 209 31 129 129 53 198 226 125 212 189 92 110 216 133 105 154 23 199 230 199 207 147 113 94 5 238 193 217 85 102 204 141 75 4 100 28 166 203 175 113 43 228 16 158 233 72 82 195 40 106 36 50 139 254 44 143 190 160 80 223 61 85 38 35 91 72 94 244 42 168 82 99 50 155 16 245 160 74 80 91 81 76 38 159 200 149 89 201 143 44 124 19 160 152 72 217 122 127 211 164 50 120 52 168 16 131 212 2 83 15 169 233 242 247 186 71 223 76 217 147 6 111 107 15 135 54 9 104 51 194 
-0.166392 -0.0620256 -0.299421 0.0494874 0.447513 -0.144601 -0.205604 0.238707 -0.489946 0.428178 0.326005 -0.370148 -0.15329 0.0639144 0.0907963 0.411227 -0.713419 -0.172261 0.522814 -0.570504 -0.495115 -0.336739 -0.888559 0.803024 0.554359 0.528678 -0.182002 0.948317 -0.0626785 -0.144692 0.143741 0.197153 -0.0814546 -0.338005 -0.441331 0.0541105 0.0933181 0.351826 -0.761911 0.456148 -0.255338 -0.317785 -0.409909 0.0870925 0.170351 -0.551602 0.809359 0.375219 0.581829 -0.657907 0.47192 -0.251282 -0.23423 0.0385651 0.215955 -0.362212 -0.563283 0.0941694 -0.473842 1.09604 -0.241624 0.247858 0.43092 0.162688 0.257232 -0.487024 -0.341082 0.254353 -0.392794 -0.77575 0.422228 0.328308 0.0265067 0.123185 -0.460998 0.271009 -0.146727 -0.654411 0.202471 -0.297272 -0.247851 -0.711789 -0.0979699 1.00004 0.429766 0.357849 0.399899 0.210769 -0.16611 0.205066 -0.748486 -0.0935794 0.363339 0.226442 -0.0413161 -1.03997 0.434952 0.181541 0.0260531 0.175552 -0.00863882 0.230471 -0.0166645 -0.0619633 -0.320587 0.712411 0.276992 0.148537 -0.073142 1.01806 -0.314089 0.459913 -0.444065 -0.284313 -0.423211 -0.56943 0.600347 0.588309 0.115707 -0.107932 -0.11543 -0.666253 0.80999 -0.288568 -0.566614 -0.0228816 0.448088 -0.47396 -0.812863 0.202094 0.390257 0.313114 -0.515375 -0.350247 0.394027 -0.748208 0.392 -0.240511 -0.269171 -0.0453684 -0.306556 -0.520974 0.287391 -0.202462 0.196874 0.0754404 0.48665 0.51614 0.843749 0.153331 0.797187 0.187519 0.22442 0.0276714 0.36348 0.427714 0.567804 -0.173031 0.420073 0.346914 -0.272016 0.192143 0.406613 0.468628 -0.642165 0.665144 0.151376 1.07364 -0.500693 -0.342657 -0.514307 0.254215 -0.275412 0.665577 -0.0130274 -0.0525073 -0.850733 0.270445 0.117566 0.555223 -0.661953 0.832663 0.421702 0.809767 -0.396144 -0.912399 0.546731 -0.758253 0.31028 0.472418 -0.567939 0.487336 -0.610469 0.20262 0.0348749 0.140871 -0.384271 -0.0510476 0.334519 -0.034138 0.378104 -0.406902 -0.685072 -0.263157 -0.511827 -0.41208 -0.20117 0.18727 -0.264233 -0.390892 0.711395 -1.03018 0.0547734 -0.800818 0.116485 0.729093 -0.45059 -0.681936 -0.244741 -0.106236 -0.66755 0.787661 0.665984 -0.917782 0.164314 0.187142 -0.838909 -0.333611 -0.614452 -0.652957 -0.899479 -0.713661 -0.314716 0.403342 0.769765 -0.358731 0.472867 -0.446062 
96 186 254 218 46 149 94 65 29 138 210 139 192 224 168 165 10 58 186 234 66 250 212 252 209 123 99 191 64 204 167 154 56 30 109 90 227 194 159 233 64 184 222 91 225 179 4 126 158 133 158 179 150 12 65 139 172 0 208 89 168 36 111 47 23 129 44 77 131 7 63 3 250 124 141 4 97 8 187 56 249 86 234 187 121 104 214 93 176 207 84 83 149 210 207 44 100 254 233 5 204 140 249 114 24 184 94 82 47 254 233 207 93 48 27 161 122 187 100 235 13 75 110 194 83 246 123 237 105 228 236 252 165 116 12 100 66 131 218 97 17 47 136 118 37 250 108 217 6 168 89 54 109 79 84 136 44 205 210 164 111 28 133 122 237 161 168 54 182 72 75 44 188 35 37 106 227 241 212 5 116 9 211 250 249 132 129 155 227 222 131 27 165 78 155 120 166 118 188 53 130 125 162 131 79 202 28 60 213 198 255 181 140 98 104 158 236 91 175 168 139 92 215 23 9 215 213 178 94 79 103 23 75 66 174 98 118 44 
0.382486 -0.296666 -0.587336 -0.496131 -0.407657 0.762166 0.487442 -0.00614224 0.00498587 0.0153659 0.0611607 0.922444 0.31892 0.607122 0.0662814 -0.191573 -0.604402 -0.193256 0.141398 0.521852 0.138833 0.621194 -0.280232 -0.476189 -0.318215 1.23851 -0.584691 0.383632 0.0568286 -0.396266 0.0483651 0.164163 -0.203331 0.0714937 0.855151 0.174524 -0.641312 0.0939404 -0.632009 -0.552169 0.371867 -0.576687 0.139904 -0.598528 0.432801 -0.271775 -0.216159 0.453405 -0.268912 0.0469959 0.325676 0.122287 0.0677871 -0.469141 0.337257 -0.305878 0.663547 -0.426326 -0.972428 -0.225691 0.101419 -0.286268 0.230707 -0.742255 0.0364319 -0.65742 0.350249 0.669151 0.524952 -0.0313961 -0.815687 -0.655677 -0.356876 0.441148 -0.9196 0.56121 -0.198457 -0.366604 -0.312268 0.67384 -0.452404 -0.0803866 -0.734726 -0.212012 0.177823 -0.584689 0.2385 0.578143 0.684205 -0.222468 -0.11952 0.678436 -0.570952 -0.631036 -0.65686 0.161266 0.0675206 -0.703085 -0.286675 -0.555732 -0.723963 -0.420989 0.408352 0.366405 -0.853246 -0.829612 -0.533047 -0.697076 -0.129697 0.0931916 0.718428 0.148641 -0.124778 -0.279169 -0.277736 0.228122 -0.0871163 0.0147454 -0.389901 0.627504 0.382177 -0.632738 -0.0867529 -0.0385129 -0.354429 0.0181215 -0.2312 0.100803 -0.593537 0.522477 -0.507719 0.0626943 0.0740624 -0.248079 -0.572876 -0.648151 -0.285276 0.314552 -0.145069 0.411799 -0.0728957 0.418956 -0.606295 -0.436997 -0.457461 0.289098 -0.0254937 0.369649 0.287257 0.162075 -0.618406 0.617192 0.249657 0.35206 0.0152336 0.545759 -0.253758 -0.376972 0.437846 0.183179 -0.368473 0.213164 -0.557895 -0.375595 -0.537976 0.0693528 0.515818 -0.356148 -0.273452 0.139332 0.0255288 0.614308 0.269164 0.300476 0.673345 0.386772 0.347667 -0.343551 0.360563 -0.289451 0.505708 -0.388681 0.533155 0.611173 -0.229929 -0.253023 0.346892 0.633297 0.261124 -0.358722 0.33601 0.377661 0.296155 -0.950448 -0.350192 -0.220501 -0.00901522 -0.0401933 -0.152743 0.583165 0.630415 0.483575 -0.0556026 0.780982 0.376956 0.442835 -0.102437 -0.407913 0.256619 0.309111 -0.439738 -0.693777 -0.283244 0.291486 0.448226 -0.2827 0.232956 0.160512 0.0564129 0.549115 1.04392 1.04924 -0.243489 0.486312 -0.631449 -0.79693 -0.296296 -0.0951515 -0.497818 -1.33434 0.525285 -0.20943 -0.100362 -0.704651 0.597649 0.442895 -0.415297 -0.274851 
81 64 183 99 40 64 8 218 175 220 155 17 100 218 19 49 153 37 51 7 173 24 154 183 214 148 216 32 226 242 66 154 117 241 122 112 113 202 110 0 19 66 2 201 40 49 125 156 27 32 70 155 127 77 174 26 233 52 185 54 228 22 106 100 213 169 161 49 108 124 116 160 100 56 169 212 33 97 124 6 105 162 16 158 203 244 25 10 62 237 167 80 215 215 58 57 166 185 166 194 78 18 237 131 134 199 236 149 173 51 240 77 225 71 191 11 2 94 22 168 27 226 138 204 79 13 95 41 179 148 218 117 244 206 110 239 171 50 126 88 147 50 141 26 106 165 17 23 90 78 64 254 141 69 6 32 130 157 40 224 61 216 251 25 61 163 201 71 135 108 220 42 49 107 199 215 66 24 185 188 94 157 165 142 111 76 109 117 217 59 226 62 20 83 72 31 17 18 193 41 21 130 33 131 18 95 121 172 223 210 8 78 49 28 54 21 57 149 128 42 201 15 43 166 194 70 216 86 8 55 123 23 104 22 132 72 229 153 
0.357999 0.0801157 -0.231364 -0.507722 0.303582 -0.555173 0.466864 0.14875 -0.503269 -0.602922 -0.662799 -0.410077 -0.133099 -0.199342 0.747882 -0.425347 0.44024 0.370519 0.415508 -0.68863 0.445816 -0.0439052 -0.0355639 0.0301236 0.451109 0.377745 -0.533943 -0.0943535 -0.915276 0.136764 -0.408981 -0.912034 0.26992 -0.327761 -0.0309138 0.825402 -0.337217 0.0743943 -0.611911 -0.575469 -0.368598 -0.215368 0.0741244 -0.239838 -0.390078 -0.816054 0.284609 -0.183569 -0.65448 -0.546058 -0.155913 -0.10458 -0.385856 -0.048814 -0.347234 -0.891099 0.186737 0.522226 -0.479562 0.130999 0.229906 -0.194541 0.11297 0.392983 0.0407699 0.105319 0.712505 0.660127 -0.579045 0.429629 -0.34275 0.741208 -0.145304 -0.386112 0.375985 0.466513 0.621953 -0.382969 0.328713 0.332628 0.172572 -0.055278 -0.26847 -0.519349 0.149704 -0.417151 -0.171741 0.131391 0.260752 -0.781909 -0.654171 -0.211179 0.762248 0.35144 -0.56451 -0.107178 -0.43971 0.0113353 0.310945 -0.0215228 0.309037 0.126583 1.3986 0.0141252 -0.17649 0.641378 -0.0812007 0.632609 0.814878 -0.580448 0.35363 0.329355 0.711336 0.0679184 -0.0501529 -0.425684 0.27974 0.362468 -0.52287 -0.367859 0.283272 -0.457189 -0.408389 -0.0589928 -0.0308975 0.683223 -0.137285 -0.261069 0.312695 0.376905 -0.103807 0.215501 -0.0826906 -0.254704 -0.197573 -0.16894 -0.416605 -0.793238 0.212006 -0.830401 -0.393172 0.832439 -0.096836 -0.822507 0.411636 0.0496542 -0.0354329 -0.804274 0.255602 0.236268 -0.273976 -0.150892 0.305593 0.0129828 -0.126928 -0.650344 -0.0652829 -0.429495 -0.451282 -0.546394 0.444961 -0.277766 0.560453 0.241401 -0.549606 0.151972 -0.328228 0.684769 0.214323 -0.381144 -0.433593 0.454812 0.540365 0.304389 -0.505385 -0.0397863 -0.337632 0.630693 -0.312486 -0.135629 -0.123858 -0.209962 -0.118405 0.470742 0.305596 0.214872 0.564411 -0.297922 0.455283 0.898014 -0.35406 0.370043 -0.187743 0.528221 0.0821239 -0.134939 0.520779 -0.0648717 0.667503 0.350247 -0.452572 -0.186607 0.00774381 -0.535184 0.1267 -0.231948 -1.1386 0.139801 0.0826747 -0.164796 -0.163912 0.190662 0.155275 -0.177336 0.304096 0.264985 -0.237652 -0.402732 0.147293 0.000831383 -0.348424 0.263245 0.289532 0.297347 -0.326341 0.1234 -0.176336 -0.781758 -0.157251 0.850901 0.0488372 0.166513 0.19167 0.562006 -0.144293 -0.371579 0.553201 -0.521019 
61 155 164 251 199 218 192 164 151 159 26 170 0 35 59 119 237 196 141 198 204 43 5 1 237 183 125 223 33 0 160 201 168 7 188 180 246 101 29 152 248 82 80 9 75 40 134 224 240 65 228 60 230 210 218 160 68 249 163 77 46 19 106 211 161 63 88 0 58 78 146 229 231 144 136 16 104 223 35 16 121 177 57 157 27 76 23 130 16 65 232 149 82 192 131 142 137 249 65 117 108 68 215 42 240 108 143 222 135 170 52 152 126 253 143 156 232 67 35 67 224 203 115 227 67 113 210 59 9 222 4 34 222 225 230 19 232 248 219 33 76 215 50 54 163 82 210 94 20 224 250 197 61 10 203 90 238 164 42 121 160 173 73 255 12 165 217 146 55 76 129 35 76 213 227 10 18 171 141 184 63 158 34 46 161 75 28 193 66 154 194 95 77 53 202 72 47 236 131 99 61 47 175 245 23 81 67 212 223 141 31 47 97 59 206 181 67 94 203 193 81 11 146 174 24 64 165 63 181 119 60 40 29 226 92 14 131 43 
0.522766 -0.15459 0.266551 0.525122 -0.204427 0.597579 -0.0932867 -0.226101 0.401816 0.0873366 -0.428761 0.537077 0.375699 -0.545752 -0.582304 -0.0365048 0.0866513 -0.725446 -0.0321586 -0.746934 -0.278314 0.210991 -0.517234 0.479013 0.174471 0.255873 -0.724748 0.125357 0.393588 0.606635 0.0777448 0.287382 0.599055 0.672498 0.106511 -0.58747 -0.167228 -0.771699 0.235172 0.730044 -0.439758 -0.141919 -0.454557 0.462287 -0.356536 -0.302431 0.2811 0.365431 -0.858735 -0.520895 -0.301614 -0.258484 -0.0788431 -0.494166 0.062073 -0.19595 -0.522297 0.145719 0.350453 -0.504286 -0.595641 0.0291613 0.0636054 0.639488 0.67656 0.710542 0.393453 -0.418514 0.632858 0.0968246 -0.220799 -0.033826 0.290798 -0.354621 -0.0953329 0.433884 0.0838134 -1.04278 -0.223695 0.884547 -0.566601 0.0207057 0.111797 0.43129 0.362274 -0.466836 -0.340253 -0.290662 -0.499577 0.232557 -0.161403 -0.00275318 -0.80422 -0.26784 0.0604473 0.642766 -0.00689256 -0.73817 -0.158361 -0.366641 0.204252 -0.44088 -0.200501 0.15405 0.374208 0.65628 -0.398193 -0.743527 -0.622912 0.201016 -0.166951 -0.308758 0.0354878 0.148281 -0.680499 0.587346 0.645569 0.510473 0.390653 0.206141 0.33088 0.816451 0.370435 -0.485396 0.334739 0.508656 0.637512 -0.475181 0.658575 -0.560921 0.648261 0.230898 -0.3809 0.370655 0.226295 0.20805 -0.322861 -0.700964 -0.0231997 -0.502364 -0.456123 0.0747354 0.77938 0.43239 0.463667 -0.403955 0.284835 0.273206 -1.05589 0.0462116 -0.59807 0.696971 -0.0770744 0.320779 0.29751 -0.555018 -0.384142 -0.124811 0.0627692 1.00485 0.0504458 -0.513183 0.681779 0.405575 -0.027084 -0.275901 0.0403303 0.797176 0.0397713 0.205374 -0.290643 0.467342 -0.474396 0.316252 -0.164282 -0.358441 0.235449 -0.3095 -0.108746 -0.166557 -0.658467 0.119075 -0.240935 -0.289594 0.874418 -0.757806 -0.468142 -0.212053 0.110922 -0.22071 -0.381273 -0.217358 0.124293 -0.449095 0.169835 0.169486 -0.238044 1.01247 0.277028 0.465432 0.0722862 0.141949 0.544985 -0.318549 -0.00562995 0.456259 -0.319168 0.434334 0.527912 -0.0247879 0.488416 0.225291 0.217241 0.481502 0.302068 -0.713774 -0.157205 0.579983 0.316378 0.429269 0.717936 -0.398661 0.599949 0.227444 0.270507 0.114929 0.206465 -0.551747 -0.810161 0.695894 -0.660821 -0.121019 -0.350737 -0.49323 -0.319532 -0.497824 -0.359155 -0.200796 
73 189 125 187 37 88 111 225 214 90 172 64 166 96 78 231 0 200 75 180 185 232 211 71 210 98 255 114 66 196 136 123 38 142 156 168 210 200 197 46 127 178 187 17 246 70 199 69 135 150 200 255 15 137 181 44 40 126 246 252 152 18 43 235 184 9 29 87 47 209 162 162 248 173 222 98 176 37 111 4 134 57 209 124 224 146 103 204 191 54 151 247 89 38 117 98 245 65 125 1 19 244 128 37 108 205 145 91 11 66 1 224 91 208 66 189 184 234 221 189 29 55 105 198 152 135 82 55 249 245 160 170 138 160 215 63 23 56 134 38 142 51 176 216 61 186 65 155 155 7 28 18 3 50 229 193 148 201 216 137 121 97 123 12 42 80 64 69 220 92 43 202 232 47 136 129 2 155 161 5 254 133 205 125 250 18 154 210 27 159 24 181 161 128 251 196 107 111 86 94 220 83 155 110 145 38 21 165 129 183 185 238 205 84 74 89 104 179 33 145 136 57 189 8 85 170 146 44 180 255 107 228 14 104 0 46 59 178 
0.00573123 -0.693329 -0.276973 0.575683 -0.257912 -0.30769 0.621594 -0.865576 0.141558 0.336205 0.279302 -0.0404878 0.258139 0.556573 -0.178366 0.732378 0.67343 0.106096 0.566692 -0.0382097 0.175426 0.500662 0.502808 -0.391891 0.242369 0.139715 -0.241256 0.52458 0.564522 0.212577 -0.539058 0.538563 0.635264 0.392119 0.493432 -0.347698 0.070493 -0.436934 -0.0264625 0.0503654 -0.369007 -0.421386 -0.252494 0.466661 0.151955 -0.274986 0.696905 0.209984 0.540476 0.17481 -0.0270335 -0.102835 0.269903 0.734144 0.372461 -0.320511 0.177066 -0.717585 -0.293916 -1.06245 -0.865037 0.539588 0.602404 0.038457 -0.41083 0.690347 -0.362728 -0.708343 0.395543 -0.583359 -0.00189633 -0.00275007 -0.727475 0.586582 -0.137433 0.142353 0.116108 -0.542304 0.359823 -0.847406 -0.52712 -0.267315 0.306777 0.279534 -0.50259 0.741152 -0.495499 0.215656 0.0914593 -0.554402 -0.474505 0.360284 -0.21032 -0.244615 0.396645 -0.211452 -0.101597 0.493052 0.347388 -0.332754 0.120074 0.313213 -0.290244 0.37661 -0.611501 -0.566452 -0.26181 -0.196276 -0.887784 0.381912 0.694601 -0.421191 -0.39478 0.19835 0.150593 0.216938 -0.104524 -0.707098 0.303968 -0.374533 0.487052 0.0542549 0.0850391 -0.393181 -0.110871 0.536445 0.148251 0.664514 -0.59593 -0.68422 -0.0405255 -0.951617 -0.466338 -0.226988 -0.936466 -0.632168 -0.515676 -0.280084 -0.172033 -0.102357 -0.50559 -0.0902575 0.0584481 0.100638 -0.125603 0.402313 -0.714759 0.159077 -0.29787 0.106538 0.553764 -0.403618 -0.375072 -0.0324913 0.0443842 -0.333328 -0.224842 0.0850355 0.0995057 -0.291727 0.669564 -0.179984 -0.915046 0.540485 0.434188 0.0798741 0.119402 0.41305 0.27104 0.0207284 -0.453387 0.506974 -0.448165 0.392786 0.283898 0.193755 0.627133 0.308632 -0.286256 -0.272969 0.193418 -0.405011 0.504166 -0.103208 0.317757 0.124179 0.510093 -0.240394 -0.498707 -0.468426 0.322662 -0.599443 -1.0522 0.310944 -0.685463 -0.0889666 0.231146 -1.16184 0.421528 0.334695 -0.254076 0.0355448 -0.389802 -0.625326 -0.85775 0.121379 -0.0279121 -0.67917 -0.103412 0.676067 0.960989 0.588976 0.0340207 0.907036 0.360838 0.200925 -0.037109 -0.0359936 -0.304704 -0.409082 0.274471 0.0422353 0.3815 -0.53669 -0.568458 0.795118 0.0451856 -0.484934 -0.951305 -0.146921 -0.150662 -0.349327 -0.401514 -0.417881 -0.296238 -0.36965 -0.487742 -0.920529 
162 190 126 5 11 184 47 60 81 5 201 99 192 192 165 112 21 242 1 86 62 79 170 20 201 233 161 35 133 204 146 70 11 217 75 6 168 79 125 172 179 106 200 19 25 122 178 101 161 158 87 23 139 54 107 212 240 62 139 217 34 254 213 102 98 6 202 72 78 212 137 235 243 171 79 89 2 150 7 248 150 217 114 131 186 21 50 13 58 23 161 73 248 19 16 16 98 204 128 23 165 63 170 146 24 24 181 107 106 178 119 139 13 87 73 97 255 222 154 129 49 115 255 239 176 206 243 138 130 221 100 83 188 164 196 166 8 62 193 192 49 96 63 89 45 241 195 104 217 174 200 253 210 81 9 117 118 116 115 69 21 86 54 140 27 64 224 142 89 73 37 61 118 76 24 49 119 131 123 130 97 107 107 3 139 204 71 9 183 123 155 0 79 185 105 82 115 226 252 16 57 252 118 175 23 205 32 88 59 138 206 197 35 12 63 66 144 167 191 39 58 118 54 252 3 205 248 187 75 137 1 21 68 139 253 56 90 199 
-0.215024 0.119063 -0.337151 -0.0114493 0.153934 -0.309516 -0.237918 0.39739 -0.731069 0.640341 0.235802 0.556 0.248653 0.122415 -0.329675 0.516611 -0.237943 0.497747 0.563869 0.396952 -0.0485066 0.827434 0.853614 0.188151 0.105233 -0.133445 0.784863 -0.441747 -0.0366015 -0.412474 0.110185 -0.560797 0.410155 0.771456 -0.214092 0.40241 -0.361747 -0.701687 -0.283331 -0.270739 -0.384123 -0.97283 -0.0347981 0.547942 0.308141 0.415451 -0.143724 0.329609 -0.0766127 0.78514 -0.101222 0.182805 -0.187437 0.122685 -0.665897 0.0117507 -0.191233 -0.349146 0.175328 0.0461186 0.715348 0.260839 -0.107038 -0.214288 0.461758 -0.421262 -0.628024 -0.481128 0.568567 0.145522 0.754892 -0.450327 0.286465 -0.286909 0.301968 -0.058893 -0.529765 -0.584328 -0.514075 -0.00600877 -0.351048 -1.04742 -0.197904 0.632376 -0.308908 -0.494582 0.634863 0.655049 -0.109843 -0.0402763 -0.727306 -0.616446 -0.141223 0.443822 0.434877 -0.908177 -0.389433 -0.113234 -0.0817391 -0.390891 0.241673 0.0472035 0.356333 0.572915 0.141895 -0.513904 -0.101827 -0.292762 -0.475192 -0.396257 0.52369 0.483105 -0.271176 -0.308123 0.17299 -0.674886 0.0234594 0.148451 -0.433788 0.19431 -0.341943 -0.345124 -0.413672 -0.333546 1.01018 0.412812 -0.0740711 -0.537451 0.36962 -0.422908 0.299436 -0.336338 0.26265 -1.11613 -0.535235 -0.552969 0.0440367 0.288411 -0.920199 -0.2124 0.222514 0.0456643 0.478717 0.0406236 0.415405 -0.112574 -0.192308 -0.0597348 -0.339626 -0.493665 -0.271467 -0.19227 -0.378372 0.739146 0.442978 -0.620586 0.799648 0.0169191 0.298029 -0.246591 -0.413416 0.213697 -0.0441461 0.549979 0.759512 0.965702 -0.127889 0.224678 0.454224 0.0411409 0.658405 0.80088 -0.228674 -1.0007 -0.125137 -0.651081 -0.33837 0.328569 -0.755989 0.228775 -0.572888 0.573728 -0.602049 -0.0473309 -0.401016 -0.388184 0.704884 -0.720705 0.556105 -0.316107 -0.841773 -0.625574 0.4131 -0.339003 -0.203785 0.443825 -0.355473 -0.167693 0.396289 0.535363 0.796332 -0.748852 -0.733351 0.522188 -0.574822 0.0151136 0.0213078 0.646241 0.596497 -0.169177 -0.0472072 -0.413202 -0.389239 0.554594 -0.344347 0.265072 0.0169599 0.431341 -0.292966 -0.239032 -0.744855 0.356501 -0.023439 -1.22234 0.254748 -0.230858 -0.0189365 -0.386355 -0.714747 -0.288557 -0.835683 0.38805 -0.269064 -0.825036 -0.279198 0.601007 -0.231754 -0.0313 
77 145 129 156 214 143 200 173 244 155 76 170 82 252 239 46 158 235 231 52 69 108 59 159 145 209 76 9 29 48 227 26 48 241 19 254 189 235 231 25 181 151 28 49 19 203 167 142 211 16 128 130 94 72 42 240 135 101 81 248 233 255 18 5 54 171 94 45 8 109 42 106 33 151 12 230 145 86 22 38 175 110 228 132 84 101 183 20 87 31 34 219 214 12 17 13 67 42 224 143 218 212 81 235 145 221 143 180 176 109 92 234 106 159 218 64 232 160 17 131 239 16 100 169 172 242 105 211 248 242 238 220 223 167 105 30 160 239 152 82 243 127 233 102 243 88 97 135 186 179 169 70 235 170 22 182 7 255 224 114 35 9 7 218 94 95 21 107 58 192 68 199 24 207 197 193 116 216 236 19 172 124 23 46 127 160 225 247 134 97 227 218 108 27 43 97 247 148 40 60 67 86 144 165 16 79 146 88 10 187 1 249 195 184 131 216 223 92 173 222 57 126 199 178 247 56 28 223 43 197 117 57 196 12 182 116 128 222 
0.458888 -0.524506 0.629424 0.247427 -0.65014 -0.454598 0.447189 -0.673481 0.627556 -0.284635 -0.59081 -0.79054 0.449981 -0.407706 -0.407664 0.110678 0.420947 -0.313698 -0.550576 -0.670393 -0.428036 -0.186176 -0.869458 0.249692 -0.568627 -0.548051 0.305728 0.14839 0.0194431 -0.200865 0.0669579 0.158602 -0.826261 0.293178 -0.0526855 -0.807814 0.614967 -0.235517 0.362815 0.506275 -0.148635 0.941934 0.200329 -0.343845 -0.277978 -0.23631 -0.0293792 -0.362677 -0.425169 -0.397297 -0.538911 0.261024 -0.0560924 -0.273492 0.269103 0.292301 -0.0387232 -0.378897 0.536952 0.457895 -0.0810083 0.12101 -0.289063 0.383207 -0.317835 -0.493297 0.00614809 -0.493459 1.38447 0.257272 0.0264398 0.757293 0.329495 0.385042 -0.605628 -0.0163407 0.553403 -0.643615 -0.17748 0.690234 -0.359369 -0.0463932 0.171827 0.465138 -0.0739286 -0.180653 0.381518 -0.656669 -0.70534 0.6371 0.144487 0.377849 -0.834921 0.718475 -0.562049 0.477034 -0.594149 0.336936 -0.188585 -0.064433 0.234635 -0.184205 0.10656 -0.116911 -0.542858 0.246857 0.430647 0.3656 0.901874 0.0414324 0.694084 0.443831 0.514933 0.0674052 -0.0746335 0.0864806 -0.283905 0.35082 0.388019 -0.0323098 -0.541777 0.0974715 0.885311 0.142723 -0.632928 -0.309794 -0.924687 -0.564849 -0.39985 0.101989 0.0674467 0.210267 0.20215 -0.480397 -0.384009 0.311207 0.28536 0.488772 -0.707037 0.550858 0.0201773 0.699438 0.624497 0.968922 0.164695 0.520446 0.431979 -0.26713 -0.0023519 0.462075 0.65099 0.787933 -0.967277 -0.437549 0.201948 -0.385646 0.593633 -0.204073 0.0163074 -0.378056 0.38214 -0.294446 0.140282 -0.445706 -0.284132 -0.47645 0.0720281 -0.248203 -0.32936 -0.69417 0.230431 0.394021 -0.457097 0.289016 0.288954 -0.525556 0.453673 0.232792 -0.288204 0.359047 0.960674 0.176894 -0.487712 -0.125371 0.775806 0.398968 0.523175 0.506422 0.658945 -0.983805 -0.372038 0.472927 0.583392 -0.0622339 0.106953 -0.700354 0.549446 -0.763984 -0.2539 0.128363 0.343853 -0.519638 -0.161928 -0.707647 -0.20577 -0.465295 0.276028 0.74444 -0.217087 -0.471727 0.101384 0.310114 -0.533007 -0.402092 0.124837 -0.576552 0.510037 -0.931192 -0.141235 0.505038 -0.0128557 -0.464425 -0.388739 0.190184 0.601488 0.374136 0.110093 0.813665 0.51419 -0.957705 -0.365259 -0.676586 -0.128228 -0.6288 -0.368492 -0.0494903 0.940691 0.53799 
169 60 25 246 16 233 190 149 229 73 166 235 86 54 240 189 62 44 116 151 26 145 3 146 141 214 45 85 100 234 235 246 68 10 55 175 172 180 58 175 142 65 176 214 77 145 238 214 32 140 147 170 20 173 55 163 172 219 164 194 169 145 176 153 24 94 41 201 238 231 247 145 21 79 134 168 24 79 167 100 113 65 20 125 189 196 41 119 122 249 5 159 171 251 253 232 18 67 100 18 151 17 47 90 113 244 185 111 41 26 3 194 99 174 138 183 15 102 106 174 131 198 234 231 111 109 34 121 163 230 54 58 167 11 94 77 20 219 196 92 76 100 109 36 30 74 63 34 215 65 129 36 66 178 200 220 147 75 242 73 224 133 221 117 139 234 90 174 176 4 246 59 253 194 58 108 131 226 106 185 205 59 126 110 161 103 232 8 144 153 196 76 180 133 109 178 169 22 193 209 35 147 155 128 118 223 118 69 225 56 44 31 214 230 114 119 27 176 190 1 80 189 156 224 224 173 214 146 134 133 81 193 5 90 238 213 82 199 
0.0655944 0.385983 0.0387271 1.02491 -0.416181 -0.221811 -0.395556 -0.185257 -0.718766 -0.0776472 0.395168 0.707437 0.598183 0.622191 -0.539998 -0.0465174 0.413529 -0.516867 0.229456 0.0941185 0.508188 -0.689875 -0.456235 -0.0386509 -0.401286 0.580535 -0.250897 -0.690255 -0.0509425 0.246658 0.657092 0.268341 0.11977 -0.269411 -0.797285 -0.437756 0.0269728 -0.345262 0.109079 -0.670542 0.483365 -0.50305 0.0713351 0.481548 -0.573451 -0.168154 0.260466 0.729588 -0.315388 0.557347 0.328585 0.493083 0.1038 -0.083357 -0.292604 0.157858 0.507757 -0.182357 0.0587655 -0.51704 0.633822 -0.149407 -0.0699693 0.505816 0.225927 -0.279555 0.384632 -0.177943 -0.322284 0.660818 0.147671 0.527533 0.439872 -0.196105 -0.25061 0.213613 -0.539297 -0.133337 0.276662 -0.536767 -0.750858 0.41068 0.183763 0.03602 0.207478 0.797039 -0.276254 0.318655 0.673695 0.214405 -0.696327 -0.264955 -0.313431 0.343501 0.248945 0.744103 -0.488952 0.198491 -0.19492 -0.463569 -0.195512 -0.332396 0.598531 -0.752585 -0.358083 0.0635807 0.727647 0.170112 0.253763 0.425973 -0.390314 -0.362835 -0.510444 -0.385743 0.123581 -0.426602 0.651429 0.0673112 0.816322 0.0584101 0.519357 -0.505246 0.292795 1.52692 0.227615 0.0877498 -0.681583 0.135527 -0.155998 0.630584 0.0564721 0.369016 -0.300836 0.474366 -0.630693 -0.294278 -0.143191 -0.646523 -0.0422698 0.640594 -0.46269 0.674403 -0.839769 -0.530956 -0.305108 0.0122521 0.299695 -0.459518 0.274523 0.461723 0.393612 -0.908567 0.115586 0.158396 0.172587 -0.528714 0.168824 -0.755456 -0.380158 0.766728 -0.366806 0.0897649 -0.850811 0.544405 0.455146 0.712342 0.0762121 -0.271702 0.351903 -0.158611 -0.591879 -0.621709 0.36738 -0.561973 -0.385719 0.642212 0.363257 1.06482 -0.114937 -0.555177 -0.230799 -0.469341 -0.110435 -0.816371 -0.374856 -0.106369 -0.544427 -0.526309 0.328887 -0.864814 -0.163553 0.978703 0.20936 -0.196553 0.601087 -0.137773 -0.382452 -0.443437 -0.147611 0.746731 -0.333439 0.310053 0.482267 -0.0803791 0.965496 -0.16022 0.513866 0.457306 0.067813 -0.621208 0.847462 1.078 -0.172497 0.546874 -0.011562 -0.207717 -0.198981 0.170825 0.229281 -0.253163 0.661946 -0.105783 0.217988 -0.168722 -0.100382 0.449435 0.20335 -0.346215 -0.150861 0.135095 0.218295 -0.568383 -0.388852 -0.215925 -0.242406 0.635275 -0.448505 0.470312 
231 199 14 106 193 213 73 88 81 165 94 39 223 5 34 222 124 83 17 42 243 45 182 254 112 206 111 180 73 125 73 135 147 171 171 33 85 93 52 189 48 1 94 174 9 44 8 169 21 161 68 157 144 89 136 29 63 185 166 19 117 84 67 162 84 189 207 131 46 215 146 204 174 155 43 146 186 127 79 225 181 76 1 236 145 66 107 120 59 174 119 16 233 248 11 57 91 217 57 223 138 79 39 121 212 148 221 94 153 129 57 135 251 79 130 205 223 186 142 2 246 250 44 195 145 63 72 81 214 134 226 33 167 117 71 235 180 98 245 230 61 255 50 204 250 254 38 125 240 229 41 148 230 102 146 3 123 173 236 6 183 236 119 211 211 113 143 176 232 74 170 226 182 228 138 228 23 215 198 160 88 220 94 145 186 95 95 17 60 191 17 114 244 111 68 118 37 184 159 135 83 130 250 64 188 75 140 35 207 35 188 161 202 165 176 171 15 207 2 70 76 176 163 211 195 46 74 152 145 65 109 253 55 73 204 171 160 107 
1.10564 -0.0606327 0.751608 -0.367346 -0.0771887 0.251967 0.308807 0.221173 0.767304 0.283287 -0.150129 -0.25707 -0.353166 -0.821595 0.851003 0.819576 -0.904206 0.571436 0.310965 0.658255 0.222592 -0.340895 -0.246977 -0.188753 -0.687101 0.227936 -0.351838 0.380087 -0.678865 0.129949 0.400196 -0.595208 0.334345 -0.336078 0.267983 -0.404261 0.25245 -0.348691 -0.460464 -0.255817 0.507155 -0.750106 0.159708 -0.597345 0.177749 0.275281 0.771181 0.200507 0.148807 -0.0846037 -0.127092 0.203621 -0.432498 -0.706608 0.555056 -0.438969 -0.60731 0.104468 -0.351259 0.258604 0.402352 -0.186018 0.124048 -0.425177 0.233373 -0.651113 -0.499433 -1.13395 0.659386 -0.481661 0.869903 -0.357471 -0.0935683 -0.549043 0.356491 -0.135215 -0.305465 0.308462 0.00806233 -0.0530583 -0.474029 0.061725 0.709088 0.515199 0.730275 -0.485453 0.552195 -0.366771 0.648914 0.892176 0.233364 -0.224996 -0.462808 0.45596 -0.209387 -0.334796 0.525257 0.342759 0.446726 0.683641 0.860183 -0.508011 -0.0525005 0.500439 0.629992 -0.260656 0.0178411 -0.199045 -1.19934 0.143566 -0.477877 -0.848621 -0.290901 -0.221664 -0.196289 -0.670435 -0.495754 0.675639 -1.17073 -0.384922 -0.0291725 0.194018 0.806637 0.163525 0.549368 -0.443709 0.0140587 0.168174 -0.803755 -0.504588 0.321633 0.303788 0.506122 0.162892 -0.0355927 -0.469668 0.677453 -0.0712485 0.328646 -0.651084 0.168565 -0.52226 0.161185 -0.508864 -0.0591837 0.14829 -0.0782491 -0.692769 0.104635 -0.610562 -0.0981026 -0.415896 -0.630267 0.371674 -0.392873 0.602405 -0.038547 0.501024 -0.273892 -0.68179 0.349538 0.90585 -0.125361 -0.370156 0.379947 0.824475 0.202686 0.137044 0.204529 -0.176236 0.361143 0.562417 0.0157251 0.128067 -0.558123 0.0898841 -0.442435 0.726484 0.693744 -0.568662 0.541031 -0.185259 -0.727979 0.46135 -0.0490569 0.338904 -0.209817 0.229849 0.256727 0.279282 0.00460992 0.248684 -0.0442444 -0.87672 -0.565875 -0.424856 0.282232 0.483714 0.888793 -0.588546 -0.284276 0.393235 0.289176 0.855598 -0.328006 -0.576617 0.367873 0.423434 1.05432 0.701087 0.65862 -0.52496 -0.555726 0.226738 -0.0110534 0.124851 -0.396651 -0.32153 0.33758 -0.129808 0.00916404 0.89366 -0.688264 0.102548 0.259659 -0.716907 -0.212622 0.668086 -0.613817 -0.124655 0.740796 -0.171052 0.5493 -0.685823 0.305374 0.316747 0.292345 0.164069 
132 246 138 219 110 89 126 97 141 130 131 47 11 56 42 16 227 246 161 194 78 85 236 215 126 7 19 77 206 187 231 135 162 80 61 112 183 65 27 35 122 214 106 58 157 57 51 198 206 72 193 180 67 152 41 247 149 99 169 168 174 101 94 145 135 25 137 204 237 213 110 214 105 125 231 174 194 95 184 133 156 15 126 160 195 81 64 60 233 163 186 78 221 81 172 144 211 149 74 183 82 91 104 137 193 87 51 241 99 159 216 126 149 120 81 130 241 221 180 96 94 251 221 16 227 84 138 2 109 97 9 177 2 30 7 168 228 84 45 43 128 255 131 173 221 147 226 27 137 17 160 99 34 5 73 0 246 174 59 109 37 229 57 99 5 238 73 180 29 15 225 56 23 152 25 21 218 212 119 182 3 76 208 135 209 62 77 243 38 233 25 222 125 251 195 75 212 250 36 71 247 18 87 48 249 51 19 91 157 100 187 90 11 61 0 185 133 49 90 68 179 25 163 188 226 141 134 73 108 145 85 37 146 66 61 33 209 84 
-0.56565 -0.389906 0.489576 -0.382212 -0.655694 -0.386833 -0.439951 0.673157 -0.489279 0.143204 0.153531 -0.358042 1.02072 0.832036 0.328472 0.0251055 -0.648521 0.605217 0.0317181 0.785623 -0.60372 -0.975324 0.166691 -0.293428 -0.0616828 0.553721 -0.171822 0.112143 -0.201862 -0.251085 0.403313 0.227017 -0.0765239 -0.377219 0.869183 0.968304 -0.3984 0.0781631 0.137767 -0.132228 0.395074 -0.265649 -0.397113 0.246217 0.9024 -0.328541 0.442315 -0.271314 -0.30888 0.359928 -0.0311179 0.549945 0.569519 0.0687548 0.238199 -0.08391 0.358216 -0.328316 -0.739745 -0.69914 -0.483877 0.356633 0.181166 -0.689451 0.516881 -0.559465 0.240602 -0.434295 0.286314 -0.518054 -0.929148 0.531821 -0.412646 0.011012 0.113879 -0.753804 -1.01564 -0.176728 -0.676849 0.335006 0.431143 0.606428 0.136467 -0.0892041 -0.0429472 -0.832111 0.0429543 0.576562 0.321626 0.0537672 0.798456 -0.123877 -0.088784 0.234864 -0.179017 -0.587736 0.251142 1.16689 -0.344718 -0.125268 -0.416161 -0.677265 -0.0911813 -0.781045 0.22522 -0.613046 -0.565112 -0.364391 0.384737 0.224485 -0.00802783 -0.33139 0.189866 0.285616 -0.333048 0.722335 -0.866026 0.641444 -0.233661 -0.0586833 0.00808399 -0.242977 -0.0900837 -0.0666624 0.291937 0.124163 0.173549 -0.357666 0.419628 0.706103 -0.501041 -0.477258 -0.0241115 0.63389 -0.143749 0.514984 -0.461771 0.860356 0.254201 -0.0738168 0.498172 0.21093 1.15667 0.756974 0.0395174 -0.400627 -0.161866 -0.216928 -0.481747 -0.036686 -0.457085 0.0979656 -0.449687 0.3456 -0.297222 -0.617904 -0.734466 -0.559392 0.622265 0.202256 -0.273981 -0.127033 0.439913 0.191114 -0.323924 -0.613012 0.00144144 -0.651673 0.472054 -0.24103 0.137149 -0.0431754 -0.0138438 -0.558529 -0.419881 -0.87674 -0.613009 -0.654612 0.276185 0.403784 -0.276803 -0.165924 0.249617 0.108536 0.240391 0.184014 0.533128 -0.197701 0.788756 -0.144562 0.0269614 -0.0663906 -0.26405 0.417944 0.495736 0.424709 1.02758 0.0345254 0.721736 -0.382946 -0.0566212 0.414484 0.683336 -1.00251 -0.480128 -0.370269 -0.237656 -0.322797 0.383243 0.368652 -0.546083 -0.413895 0.438683 0.357682 0.00534696 0.407758 -0.0369147 -0.971327 0.645745 0.249008 -0.0278939 -0.249239 0.876488 -0.704946 0.168052 0.376117 -0.102183 0.282631 -0.0386577 -0.299859 0.795274 0.926001 0.493475 0.802275 0.202688 0.164369 0.929433 0.412388 
181 42 172 161 165 214 109 163 221 208 187 193 70 224 49 246 241 74 71 165 79 178 95 97 199 207 163 143 137 146 195 47 7 134 162 113 188 58 168 157 6 238 166 130 214 99 182 51 151 174 67 103 75 200 47 16 227 190 150 105 42 253 154 222 76 100 146 48 70 234 244 180 24 26 70 181 40 23 221 205 79 61 239 158 86 54 210 150 116 13 1 128 26 133 243 85 249 12 75 181 84 225 31 96 210 198 14 192 14 252 98 116 148 36 78 96 139 8 16 107 166 36 9 15 114 65 40 206 6 206 159 113 30 203 213 45 187 11 177 102 179 87 188 84 148 80 210 187 48 13 11 163 122 127 2 127 250 116 241 47 171 46 201 148 185 103 25 225 69 244 243 61 215 157 127 213 189 166 120 181 176 229 116 72 126 18 145 24 159 46 250 186 231 172 204 70 171 141 63 166 77 58 39 246 7 41 132 209 105 173 104 243 193 76 43 169 91 119 159 224 13 252 169 205 2 103 61 143 144 163 138 108 120 188 175 120 185 58 
0.207349 -0.43068 0.103618 0.0625217 -0.0978681 0.269249 -0.274177 0.610005 -0.120965 0.572677 -0.340162 1.10673 -0.728896 0.394759 0.101967 -0.116253 -0.548681 0.299873 0.740837 0.194551 -0.497747 -0.0601737 -0.0393076 0.364142 0.576224 -0.602514 -1.07592 -0.44791 -0.199985 0.104425 -0.721021 0.222301 0.345769 -0.246285 -0.0880664 -0.152417 0.15195 0.283029 -0.714831 0.84963 0.0939366 0.0102019 -0.0274056 -0.288087 0.171445 -0.695732 0.164938 0.0252864 0.25645 0.364109 0.212797 0.689892 -0.302095 0.302502 0.857797 -0.131176 0.164913 0.704197 -0.564233 -0.830535 -0.246645 0.302293 -0.553435 0.445599 0.126306 0.18639 0.403374 0.488167 0.588969 0.0385382 0.579488 0.295221 0.0471625 -0.884823 -0.594659 -0.319154 0.631712 -0.286944 0.380261 0.385119 0.0533338 0.638206 -0.538767 0.681595 0.158666 0.635848 -0.291073 0.543008 0.650253 -0.612217 -0.526631 -0.558641 -0.535087 -0.0953419 0.430129 0.54789 -0.720963 0.0943995 -0.395195 -0.530782 -0.456989 -0.59902 0.184331 -0.515776 -0.461698 -0.429543 -1.05324 -0.208628 -0.47489 0.0798833 -0.371465 0.352471 0.416835 -0.488429 -0.205885 -0.127051 0.502664 0.605572 -0.452836 -0.00479785 -0.0272142 0.840435 0.617647 -0.475768 0.582112 0.175614 0.1961 0.569975 -0.388835 -0.434323 -0.755585 -0.48062 0.0953332 0.800115 0.170836 0.700898 -0.0578671 -0.149099 -0.40661 0.420269 -0.899215 -0.24553 0.0981762 -0.376632 0.560352 1.01428 0.669204 -1.12494 -0.990743 -0.40225 0.464829 -0.585145 0.32673 -0.672035 0.229954 -0.383357 -0.461575 0.170647 -0.00703415 0.39051 -0.0465361 0.433387 0.470105 -0.00642207 -0.645473 -0.945779 -0.01886 -0.452106 -0.680563 0.65932 -0.58733 -0.567783 0.457379 0.737521 0.0703596 0.558926 0.579956 0.571872 0.859808 0.402503 0.548729 -0.300357 0.632096 -0.180839 0.611652 -0.0916156 -0.75357 -0.299002 0.0208069 0.028362 0.294383 -0.463086 -0.267734 0.237973 0.48743 0.0211316 -0.439884 -0.937398 -0.279264 0.32378 0.368491 -0.0139262 0.176533 0.263001 -0.517215 -0.195195 0.112365 0.184186 0.365594 0.416678 -0.0196106 -0.916947 0.406613 0.295696 -0.526177 0.830383 0.204157 0.392542 0.345194 0.148186 -0.130436 -0.571588 -0.270878 0.680784 0.232675 -0.513128 -0.102951 0.114831 -0.622525 0.270266 -0.363024 -0.00245512 -0.266579 0.482256 -0.471478 0.0949368 0.893292 -0.192611 
129 149 38 68 222 46 171 30 220 190 253 104 213 222 190 140 57 84 29 90 154 145 244 26 20 218 14 83 50 67 249 54 43 198 96 78 79 29 159 47 129 192 216 120 233 248 207 118 50 11 73 134 109 210 94 56 28 129 119 236 110 211 101 77 119 67 219 22 153 76 155 15 254 134 48 176 163 127 132 163 20 184 4 59 16 211 106 126 130 214 78 48 56 189 172 252 111 175 228 126 185 96 27 32 110 144 123 67 144 101 40 115 199 169 2 49 123 57 86 249 131 86 233 29 146 211 185 127 224 212 90 217 16 190 194 93 196 57 171 21 114 126 188 96 68 29 176 150 81 137 187 252 164 127 83 214 206 249 8 231 71 86 240 163 133 3 0 145 78 90 10 94 30 240 185 168 185 214 206 44 113 126 60 17 134 200 229 109 83 38 68 86 163 103 46 51 66 37 201 8 229 34 137 94 168 138 170 7 227 187 151 205 47 5 36 88 80 134 204 3 48 100 97 162 98 131 77 96 14 225 186 48 112 48 251 41 129 106 
0.372955 0.0679773 -0.486059 -0.6988 -0.447835 -0.730755 -0.493624 0.365427 0.735925 -0.0576233 0.818913 -0.225699 0.511166 -0.449599 0.196962 -0.149711 -0.338636 1.13416 0.374331 -0.375675 -0.300362 -0.0506196 -0.0492376 -0.231281 -0.14774 0.0953449 0.28448 -0.0568211 -0.876198 -0.424989 0.338043 -0.25851 -0.588499 0.0656973 0.351486 0.0750395 0.434913 -0.440536 0.201703 0.30603 -0.663821 0.26253 0.709645 0.700283 -0.100222 -0.00714557 -0.619241 -0.381038 0.460216 0.179219 -0.522595 0.0665034 -0.0906442 0.604803 -0.78156 0.132713 0.179924 0.128855 -0.128301 0.0428705 0.560207 -0.173498 -0.109513 0.0928591 0.26819 -0.621896 0.680357 0.85955 0.0504833 -0.191556 0.106253 -0.158765 -0.502767 0.367393 0.383794 0.299611 0.401056 0.695588 -0.173449 0.222699 -0.0752875 -0.867255 0.979101 0.42967 -0.0821368 -0.254622 -0.193386 0.666539 -0.576088 -0.542577 -0.506127 0.6469 -0.603015 0.826035 -0.0329893 -0.450846 0.617507 -0.435679 0.102638 -0.487101 0.474814 -0.696223 0.348486 0.398243 -0.600218 0.346289 0.755886 0.531829 0.102217 -0.0210836 0.615722 0.513211 -0.215395 0.248863 0.0323158 0.260493 0.229783 0.390298 -0.378366 0.489346 -0.0906362 -0.0814913 -0.167522 -0.443701 -0.220586 -0.408307 -0.401118 0.391525 0.162966 -0.625501 -0.68736 0.200133 0.0648016 -0.552888 -0.60633 -0.146933 -0.255328 -0.878143 0.365881 0.00172106 0.966337 0.555764 0.602036 -0.368595 0.544681 -0.319914 0.679526 0.314858 0.669721 -0.5233 -0.859043 -0.333855 -0.617433 0.435185 0.187003 0.690838 0.333287 0.181563 0.649843 -0.150595 -0.724519 0.447059 -0.700304 0.235304 0.999917 -0.332982 -0.338945 -0.00619945 -0.401528 -0.027384 -0.163982 0.38419 0.542875 -0.342016 -0.544713 -0.267458 0.0794253 -0.420925 0.458398 -0.323818 -0.198123 0.537546 0.480854 0.567689 0.0183453 0.43021 -0.428897 0.486342 0.596601 -0.541699 -0.781793 -0.370248 -0.300433 -0.102388 0.498014 -0.029282 0.212748 -0.609212 -0.57685 0.412431 -0.453829 0.217745 -0.481136 0.53806 0.326421 -0.308406 0.307594 0.467533 -0.187879 0.0684959 0.141332 0.489437 -0.247898 -0.532085 -0.398244 -0.499261 0.0562212 0.45761 0.205548 -0.218343 0.660564 -0.371416 0.298931 -0.317072 -0.255767 0.456507 0.0155148 -0.313095 0.322594 0.181474 0.239032 -0.23694 -0.190277 0.411221 -0.431815 -0.125568 -0.13711 -0.329034 
35 162 209 244 238 248 197 135 53 249 172 42 79 29 76 0 226 184 96 31 154 110 48 63 137 41 56 141 103 160 23 71 18 16 177 65 100 91 231 253 88 65 207 126 176 229 46 116 132 117 80 94 79 62 18 23 129 231 72 221 164 166 100 189 143 128 128 29 175 176 187 252 195 224 112 222 113 123 211 152 64 143 105 65 8 225 228 118 115 18 128 170 1 37 145 195 12 126 181 132 237 14 161 187 15 76 148 253 227 19 225 27 3 132 11 41 98 178 235 193 68 182 211 75 150 66 180 68 44 207 126 150 148 11 88 209 199 33 109 212 104 73 172 57 11 13 46 16 68 218 85 56 219 77 132 231 145 181 47 226 230 204 190 64 250 145 7 215 19 220 200 103 215 249 246 234 19 193 82 24 17 96 215 30 218 241 184 138 198 210 151 115 237 210 37 184 94 202 151 54 133 8 56 16 219 117 13 137 133 49 127 89 45 156 235 101 167 222 119 71 93 26 236 35 250 43 29 139 65 45 61 248 236 38 237 106 105 32 
0.230218 0.647495 -0.844383 -0.278322 -0.169122 -0.119623 -0.102615 -0.548576 0.0609977 0.0813199 -0.365748 -0.0665821 -0.603331 -0.000208113 -0.292919 0.299795 0.142187 -0.241079 -0.678782 -0.563178 -0.0300735 -0.49392 0.472012 0.72019 -0.815706 -0.354021 0.353545 -0.27399 0.328485 0.0969453 0.812158 0.331859 -0.820356 0.268265 0.863285 0.383276 -0.235694 0.365454 0.430115 -0.0924929 -0.377467 -0.276914 -0.792272 0.196896 0.693569 0.213998 -0.214315 0.713392 0.221201 -0.171132 0.692991 -0.656547 -0.518344 -0.841254 0.0921669 0.303808 0.318712 0.733973 1.13642 -0.419851 -0.375823 -0.818003 -0.327676 0.384114 0.185693 -0.397329 -0.111652 -0.0788659 0.493269 0.556378 -0.220261 -0.420073 0.571474 -0.208162 -0.520283 0.264349 0.21527 0.571901 0.308378 0.779258 -0.385957 -0.894902 0.363999 0.271838 -0.570977 0.67726 -0.103205 1.05616 -0.175545 0.00859822 -0.358656 0.140309 -0.697097 0.0288216 -0.422103 -0.425975 0.537733 0.46826 0.843514 0.400028 -0.978364 -0.479789 0.25164 -0.198763 0.0919559 -0.0780286 -0.414538 0.848304 -0.0709154 -0.261032 -0.624206 -0.0471359 -0.66173 -0.431727 0.148234 0.608479 -0.0468473 -0.0146817 -0.267776 0.00249816 -0.329436 -0.513619 -0.279306 -0.362283 -1.10273 -0.283416 -0.715937 -0.694846 -0.268621 -0.0289512 -0.288909 -0.51006 -0.131999 0.801569 0.451214 0.167669 -0.0535546 -0.444052 -0.290231 0.482579 0.468346 -0.0798685 -0.435143 0.325445 -0.592285 -0.551933 -0.404751 -0.322074 -0.542511 0.635088 0.314472 -0.457536 0.863203 -0.28022 0.522227 0.641051 0.531495 -0.378369 -0.313765 -1.11504 -0.0956927 0.42336 0.172886 0.229443 0.147539 -0.342684 -0.635974 0.304838 -0.282317 0.69066 0.100864 0.702241 -0.558378 0.386557 0.10451 0.0199111 0.142786 -0.442649 -0.482111 -0.739294 0.328162 0.226664 -0.99499 -0.536943 0.658277 -0.0272384 0.332607 0.306261 0.102338 0.432803 -0.784382 -0.379633 0.470856 -0.35534 -0.23711 0.690407 -0.0491101 -0.33505 -0.227788 0.202253 0.122856 0.27047 -0.67488 0.551584 -0.453704 0.434872 0.15581 -0.181833 -0.302915 -0.536081 -0.0328708 0.887422 0.59759 0.655808 -0.297614 -0.231553 -0.0497325 -0.377357 0.151221 0.373535 0.0394589 -0.301384 -0.246942 0.845408 0.160992 0.707911 0.140634 -0.346634 -0.609568 0.695394 0.669533 -0.0457444 -0.767604 -0.211598 -0.400729 -0.17945 -0.295715 0.0036598 
248 84 252 216 97 124 241 91 66 80 235 126 44 45 136 244 220 221 167 44 183 178 233 96 36 25 64 13 20 167 162 217 170 13 182 121 95 165 22 48 97 208 34 209 110 179 169 12 97 112 158 139 29 102 8 28 244 254 192 47 246 219 172 19 77 37 96 241 21 14 79 200 181 63 189 21 105 230 228 23 205 211 94 228 218 83 164 250 97 131 214 87 130 221 108 48 225 123 138 77 75 252 79 220 48 28 41 114 254 161 30 174 17 46 97 130 250 46 228 96 124 127 86 66 210 181 215 67 215 104 234 66 212 230 161 146 153 211 48 98 129 143 51 188 96 94 227 254 19 13 122 35 147 151 120 181 91 67 69 255 248 250 187 55 167 252 152 160 12 114 28 17 189 251 97 33 56 69 89 52 88 179 45 247 34 181 167 45 89 53 239 182 182 189 155 245 230 169 251 105 193 1 176 114 28 170 27 56 77 138 128 128 64 192 5 85 131 77 131 70 65 165 133 162 71 224 113 242 47 183 202 160 133 127 13 56 44 255 
-0.392895 -0.410171 -0.484039 0.289553 0.443063 0.386684 0.2338 0.275307 -0.352404 -0.441456 -0.22033 -0.285499 -0.10897 -0.366443 0.275139 0.20011 -0.811907 -1.00209 0.432509 0.260708 0.182457 0.554635 0.0910728 -0.124722 -0.189499 -0.677781 -0.707982 0.751881 0.532795 -0.801329 0.689653 0.653436 0.405394 -0.274746 -0.0634905 -0.529589 -0.286542 0.382285 0.644387 -0.660828 -0.721247 -0.470259 -0.0508599 0.408803 0.0926982 0.462102 0.681646 -0.674211 0.395023 -0.427911 0.20175 -0.618821 0.918363 0.264345 0.355304 0.23337 0.554078 0.604599 -0.238761 -0.173581 0.882177 -0.105321 0.336765 -0.651589 -0.460039 1.03509 -0.503869 -0.369232 -0.593071 -0.322646 0.148284 -0.562291 -0.348678 -0.776514 -0.311143 -0.060414 0.188614 0.261708 -0.145836 -1.04711 0.077688 0.337578 -0.0360504 0.306536 -0.0610111 -0.354369 0.256798 0.523418 0.0988344 0.285445 0.205316 0.479451 0.427625 1.12896 1.23796 -0.21716 -0.571487 0.0946657 0.460233 0.388818 -0.627738 0.75754 -0.758691 -0.718972 0.377357 -0.655168 0.244978 0.11587 -0.581583 0.459086 -0.219956 -0.10213 -0.885297 -0.142713 -0.147728 0.556938 -0.161786 -0.454837 -0.267438 0.469462 -0.606303 -0.627117 0.350892 0.178554 0.317541 0.603109 0.387487 0.837689 -0.308773 -0.428785 -0.0756957 0.431322 0.623335 -0.056025 0.908396 0.70327 0.307812 0.00509979 0.269084 0.176949 0.403331 -0.40232 0.375317 0.758128 0.179913 0.339777 -0.0534438 -0.333938 -0.56508 0.596896 -0.399968 0.613027 -0.653229 0.0896426 0.464665 0.475417 -0.32082 -0.0288103 -0.648092 -0.309275 0.0835131 0.259624 0.124614 -0.457751 0.803235 -0.0257771 -0.385846 0.153087 -0.390655 0.160733 -0.184255 -0.284259 -0.291811 0.639524 -0.162795 0.469148 0.339949 -0.536397 -0.786349 -0.108099 -1.00538 0.531661 0.256632 0.253002 -0.223375 -0.742653 -0.634762 -0.623251 -0.763138 0.288761 0.110532 -0.809366 -0.172482 -0.473744 0.649199 0.3398 -0.470985 0.4343 -0.597048 -0.164534 0.471222 -0.57183 -0.219911 0.452235 0.366605 -0.400602 0.135488 -0.397855 -0.97662 -0.900909 -0.497008 -0.685327 -0.49715 0.47658 0.209703 -0.470981 0.201069 0.0119693 0.0490366 0.593508 -0.881971 -0.0723716 -0.710715 -0.711808 -0.148617 -0.644109 -0.0255915 -0.211938 0.552324 -1.03532 0.0465302 -0.362435 0.544929 0.461025 0.384101 -0.432208 -0.526486 0.116977 
4 123 145 142 126 40 230 248 33 75 165 43 77 127 111 67 174 15 126 142 79 120 198 58 15 192 118 79 30 40 72 226 2 8 5 224 99 168 215 203 61 171 110 122 29 128 7 54 117 181 93 130 83 40 11 235 223 85 181 242 39 7 42 175 20 55 105 86 237 138 216 207 82 113 106 50 177 96 56 182 80 31 80 87 38 212 97 201 38 224 40 205 111 248 72 252 108 129 5 43 50 55 71 163 228 23 250 48 209 125 52 77 131 153 38 157 33 60 49 176 242 221 208 74 225 43 102 145 141 220 228 241 213 50 190 190 61 102 75 194 123 35 153 232 246 27 70 48 191 162 183 22 78 60 25 113 206 99 152 44 114 140 74 14 7 178 142 189 15 206 226 249 100 180 3 182 211 143 88 175 175 185 60 158 107 236 219 115 241 110 69 146 31 211 236 119 58 232 129 157 117 214 181 84 224 210 81 60 194 222 173 27 181 80 78 107 194 220 192 173 90 72 30 109 235 215 214 156 68 219 222 160 243 57 16 241 5 168 
-0.651648 0.164166 0.331969 -0.59779 -0.129724 0.0396366 -0.865258 -0.4026 0.55302 0.668613 -0.218304 0.162694 0.543729 0.132296 0.392923 -0.181434 1.15925 0.135784 -0.580696 -0.382289 0.567025 0.0585512 -0.307285 0.667211 -1.02589 0.181868 0.718258 0.521462 -0.341039 -0.362827 -0.430987 0.281635 -0.244991 0.446366 0.40757 0.274147 0.362391 0.734351 -0.0382453 0.399915 -0.469096 -0.501912 -0.28244 0.374186 0.0133653 0.712002 -0.0177087 -0.181723 -0.274791 0.20958 0.548952 -0.0806405 -0.0309334 -0.157219 0.134097 0.733802 -0.96838 -0.559077 -0.34194 0.606018 -0.0846396 0.191284 0.606314 0.238011 -0.227501 -0.501616 -0.408627 -0.785316 0.0868471 0.348817 0.0116861 -0.761477 0.425558 0.455931 -0.411111 -0.165231 -0.00859346 -0.598395 0.885254 0.0897701 -0.048555 0.0668113 0.274125 -0.109932 0.393979 0.0464724 -0.193093 0.344434 0.625745 -0.201096 -0.100311 0.555467 -0.30024 0.37431 0.0327676 -0.217381 0.812438 -0.421146 -0.106792 0.342579 -0.0697078 0.189908 0.224373 -0.720771 0.50921 0.260219 0.471439 0.846694 0.52223 0.338488 0.669033 0.0348747 -0.439223 0.425599 -0.266568 0.124669 -0.570442 0.90058 0.410402 -0.35552 0.94285 0.380347 -0.552492 -0.426423 -0.162184 -0.397941 0.125533 0.0401917 -0.293877 0.0804358 0.517083 0.159702 -0.580336 0.0788223 -0.478227 0.766042 0.350536 0.410651 0.511847 0.445328 0.0272425 0.151085 -0.48282 -0.455951 -0.829574 0.0181208 0.40712 0.658421 -0.00297429 0.592055 0.432461 -0.149209 -0.223956 0.548536 0.597741 0.213989 -0.446785 -0.143713 -0.82456 0.209361 0.160103 0.408417 0.465992 0.12611 -0.262569 -0.290111 0.500296 -0.513149 -0.462159 -0.566844 -0.140277 -0.0265201 0.356832 0.983602 0.248037 -0.472677 -0.450206 0.493948 0.414457 -0.523087 -0.625312 -0.112709 0.83095 0.135593 -0.327184 0.010771 -0.358756 0.759481 0.324876 0.850249 -0.567162 -0.388536 0.620028 0.732831 0.230144 0.323788 -0.562406 -0.053272 -0.506705 -0.0318431 -0.213493 -0.338687 -0.126693 -0.295096 -0.426036 -0.100669 0.0686756 0.655238 -0.526594 0.163834 0.165318 -0.319369 0.474235 0.0906481 0.249491 -0.427129 0.538079 0.321907 0.273143 0.470177 -0.186538 0.172901 0.141652 -0.438522 0.131694 0.817773 -0.0797958 0.0294106 0.226295 -0.784222 -0.437328 -0.186546 -0.633349 -0.749233 -0.259318 0.339785 -0.307492 -0.346569 
144 41 156 76 155 0 180 119 5 23 49 231 33 170 177 205 155 124 54 255 229 68 210 160 82 207 196 129 193 100 94 97 46 161 183 90 132 221 215 196 143 6 173 66 183 15 54 117 173 93 209 25 222 91 54 128 155 169 40 188 128 145 175 210 16 30 98 47 147 165 0 228 24 30 153 169 78 15 143 112 6 56 154 194 34 213 207 233 75 89 193 156 6 135 186 119 96 235 21 70 114 170 120 22 39 183 10 110 199 118 15 217 40 63 5 4 255 225 136 1 188 76 196 219 46 103 231 128 20 188 169 82 152 255 194 98 82 100 72 29 207 239 101 238 65 56 193 126 190 239 63 220 11 30 210 115 212 28 54 197 238 170 199 10 196 12 70 233 103 190 76 174 163 226 196 19 106 210 99 231 26 56 167 243 81 197 90 79 187 47 106 235 229 243 143 218 86 173 33 166 41 85 223 151 99 41 239 206 233 2 226 41 14 107 30 218 26 134 217 136 245 60 134 11 1 54 174 247 46 47 109 6 45 215 66 120 199 172 
-0.262621 -0.758867 -0.328042 0.00246209 0.665597 -0.396336 -0.25415 0.212098 0.419195 -0.722624 -0.662155 0.144474 0.241841 0.453049 -0.478311 -0.290914 -0.463577 -0.400715 0.135125 0.662285 1.22685 -0.783898 -0.609584 0.331023 0.134495 -0.476968 0.0904466 0.616467 -0.234991 -0.291317 -0.000464241 0.0497831 0.273019 0.701259 -0.0281362 0.389966 0.386161 -0.362623 0.122348 0.136399 -0.308792 -0.243177 -0.384088 -0.0522886 -0.303179 -0.0170411 -0.327684 -0.346179 -0.86504 -0.0473926 0.35738 -0.468558 -0.389979 0.329281 0.0460719 0.245123 0.770886 0.198429 0.11186 0.0498594 0.597229 0.154229 0.349339 0.0475292 0.517685 -0.210755 0.756611 -0.0793759 -0.151617 0.077074 -0.149247 -0.725523 0.743442 0.717278 0.284625 -0.486297 0.0189504 -0.95403 -0.598635 -0.0625309 0.23674 -0.24825 -0.366034 -0.928412 0.514967 0.166689 0.0972497 -0.477212 0.22187 0.254924 0.28947 -0.147839 -0.505183 0.240023 -0.00614782 0.813942 0.415738 -0.317479 -0.682272 -0.871333 -0.398807 0.382604 -0.430247 -0.389384 -0.287916 0.0772211 -0.25463 0.454854 -0.376637 0.777786 -0.137566 0.463942 0.187952 -0.636389 -0.83104 -0.495727 0.318764 0.358543 -0.40897 0.306222 -0.361094 -0.614105 0.331167 -0.374551 -0.184743 -0.405517 0.264811 0.0816298 0.675605 0.197544 -0.616134 0.21834 0.303173 -0.610706 -0.368439 -0.0154471 -0.311927 -0.105093 0.213985 -0.292727 0.101642 0.111753 0.301432 -0.613741 -0.365 -0.0693113 0.811698 -0.372844 1.15488 0.191913 0.408468 -0.615538 0.393086 0.208308 0.431001 0.372886 0.113529 0.250016 -0.172764 0.237949 0.274049 -0.3281 0.297955 -0.548963 0.152083 0.183742 0.274935 0.332919 -0.560227 0.051341 -0.622619 -0.403122 -0.679607 -0.207492 0.280404 -0.660194 -0.569325 0.647437 0.22245 0.0713634 0.92006 -0.396219 0.183912 0.501502 -0.690175 -0.455054 -0.0504606 -0.776775 -0.339866 0.63671 -0.715644 -0.14543 -0.360414 0.692268 -0.355348 -0.424403 0.394183 -0.0645875 0.108932 0.256868 0.470623 0.0168333 0.241418 0.861632 -0.699153 -0.226549 0.216694 0.220547 -0.0117709 0.0725392 0.708496 -0.610957 -0.338401 -0.321083 0.170175 0.0940573 0.399382 0.21727 -0.131064 -0.276719 -0.275996 0.0387737 -0.100039 0.114487 0.758369 -0.106686 -0.113578 -0.775462 -0.257092 0.0086108 0.621408 0.800939 -0.485136 -0.30836 -0.233361 -0.951226 0.112292 -0.145568 
164 155 69 109 53 27 88 86 232 113 102 145 251 54 96 96 102 185 146 43 112 99 47 12 114 70 245 143 107 79 146 8 43 40 236 187 13 21 52 247 36 234 126 185 20 235 177 117 164 77 159 65 121 133 138 171 247 97 169 18 45 138 167 158 206 181 85 150 25 45 176 249 79 97 244 94 45 200 4 135 117 23 0 147 13 249 54 153 83 110 47 63 141 95 138 70 124 19 168 15 52 164 118 102 82 139 217 255 123 38 125 124 208 38 16 49 64 186 22 122 51 153 30 230 207 191 2 74 152 68 24 223 229 244 113 171 47 67 88 243 237 153 66 32 113 74 118 221 84 106 210 50 142 46 232 218 56 125 23 60 135 251 103 249 130 155 104 33 175 167 221 53 240 127 148 49 35 101 220 135 101 84 86 92 172 98 65 170 222 253 123 1 15 98 130 87 230 132 156 216 74 71 200 115 47 118 211 55 179 44 135 199 166 247 151 58 187 14 228 150 53 185 153 152 12 195 195 215 105 88 33 55 124 238 127 102 126 36 
-0.352008 -0.285066 0.628366 -0.010926 0.0102212 0.475782 -0.37849 0.352095 0.281687 -0.249115 -0.610544 0.423305 0.850915 -0.854431 0.0866722 0.68857 0.549656 -0.231991 0.749972 -0.135652 -0.150645 -0.687022 0.0714785 -0.00592712 0.42773 -0.720251 -0.28671 0.182499 -0.0582283 0.228108 0.262302 -0.668223 0.976411 -0.2755 0.0520539 -0.666024 -0.0139294 0.403138 -0.169136 -0.271528 0.214924 0.88173 -0.383723 0.329743 -0.416718 -0.0137929 0.102895 -0.993135 -0.932671 0.243913 0.0431739 0.752775 0.479262 -0.71441 0.833222 -0.0931314 -0.374886 0.0413453 0.74487 -0.581705 0.121838 -0.327192 0.597101 -0.379302 0.165628 -0.280209 -0.427779 0.725779 0.0269497 0.0935296 0.639085 0.379644 0.352447 -0.376323 -0.36455 -0.270048 0.100782 0.773183 0.242646 -0.504921 -0.0530981 0.1491 0.552077 -0.806266 -0.537007 0.811825 0.472672 -0.449587 0.0845449 -0.246932 -0.631975 -0.370527 0.0493373 -0.654995 -0.520578 0.193092 0.517026 0.455277 -0.123537 0.522632 0.202071 0.497593 0.345487 0.226119 -1.02494 0.377749 0.456246 -0.533684 0.830065 0.0130401 -0.436673 -0.678234 -0.198689 -1.03201 0.189325 -0.554431 -0.0563662 0.403081 0.668958 -0.222399 -0.683128 -0.50277 0.190658 -0.87912 -0.8009 0.236739 0.458916 -0.194801 0.126506 0.407753 0.434526 -0.705322 0.047849 0.360284 0.300016 -0.0249448 0.282351 0.0401562 -0.687036 0.144984 0.174024 0.433257 -0.626775 0.456254 -0.134598 -0.113474 -0.108848 -0.447679 -0.207464 -0.193905 -0.672761 0.319569 0.417165 0.861151 -0.102765 -0.361608 -0.0623584 0.0721746 -0.338964 -0.33852 -0.715024 -0.841084 0.293275 -0.192955 0.142494 0.451651 0.517716 -0.259032 0.383623 -0.0989797 -0.0634747 -0.588999 -0.424559 0.772729 0.508825 -0.673259 0.652547 0.276143 0.400796 0.41233 -0.375036 0.922515 0.245829 -0.0412926 -0.227624 -0.0919644 0.445639 -0.278569 -0.384681 -0.588147 -0.299504 -0.778707 0.085296 0.40452 -0.106157 -0.272547 0.118753 0.311773 -0.0582143 -0.194419 -0.239546 0.136767 0.152534 -1.10767 -0.657015 -0.501333 0.11542 -0.115401 0.242921 -0.618723 0.387488 -0.18445 0.473612 0.623346 0.068355 0.463431 0.31253 0.692968 0.342831 -0.131614 -0.404237 -0.108038 -0.0146131 0.513852 0.463432 0.40053 -0.244906 0.523959 -0.405387 0.241195 0.423539 -0.0844071 -0.14312 0.673713 0.0995471 0.240822 -0.723414 -0.217694 
90 45 232 236 152 219 30 31 173 253 75 75 190 36 240 112 167 222 68 104 137 82 15 222 13 201 29 8 32 174 219 226 101 157 49 54 165 165 85 204 83 15 212 42 122 141 200 219 37 188 180 32 66 114 233 51 113 253 156 74 151 54 71 59 226 160 181 28 92 53 118 230 225 143 250 2 106 16 240 69 55 68 166 88 20 187 70 227 3 234 100 65 199 52 132 4 178 170 210 18 206 195 147 166 187 247 68 78 74 124 109 162 212 213 40 174 12 198 190 40 20 2 32 235 193 165 56 237 42 246 19 4 140 4 185 98 107 164 50 65 50 153 47 226 12 198 130 42 177 46 66 111 101 15 109 158 239 230 58 91 206 137 251 57 241 101 2 82 189 251 80 149 199 145 162 162 236 202 135 179 207 132 142 63 27 174 11 138 129 71 132 185 117 20 229 105 145 92 17 121 2 9 145 8 147 7 190 213 70 92 108 169 227 82 44 179 52 61 166 106 177 59 186 115 178 10 169 217 203 139 119 63 112 96 47 90 95 29 
0.0484731 0.316267 -0.70563 0.417291 0.494393 -0.332182 0.60381 -0.502847 0.441385 -0.0576925 0.50121 0.597394 -0.447195 -0.202219 -0.444742 -0.573664 -0.28692 0.0661238 -0.532791 0.112297 -0.254158 0.303747 0.441157 0.646022 -0.0121813 -0.3528 0.636388 0.987287 -0.0505483 0.312852 -0.104499 0.312832 -0.560446 -0.360322 -0.309759 1.04505 0.313188 -0.132423 0.173406 0.631091 0.0929023 0.363201 -0.252837 0.875889 -0.0249914 -0.436064 0.798423 0.525401 -0.708532 -0.235128 1.01057 0.458389 -0.234578 -0.361795 -0.576863 -0.371403 0.0732342 0.246359 -0.0762332 0.316231 0.618975 -1.33881 -0.0550937 0.0630633 0.997657 -0.0959411 0.761534 -0.0704768 -0.19841 0.190415 -0.332937 0.558046 0.809544 -0.409297 0.342497 0.547775 0.126861 0.453286 0.326435 0.448984 -0.00345294 0.387312 -0.0926267 0.500831 -0.354293 -0.217606 0.221251 -0.235523 0.285152 0.314913 -0.101321 0.718957 -0.2554 -0.985726 0.757177 -0.700403 -0.0415809 0.243584 -0.224741 -0.141066 0.345951 -0.1023 -0.800397 0.22876 -0.0900967 -0.585691 0.49096 -0.206732 -0.796409 -0.157422 -0.506838 -0.841949 -0.489975 -0.411925 -0.414449 -0.186395 0.0354234 0.765363 -0.234865 0.366927 -0.707441 -0.609358 -0.0687968 -0.263211 0.145907 -0.0330802 0.119667 -0.382824 -0.316529 0.315405 0.227494 -0.0371266 -0.634411 0.245203 -0.528448 -0.185108 -0.221755 0.0105404 0.170803 -0.0647506 0.48454 -0.498449 0.403396 0.375105 -0.00828052 -0.15016 0.620641 -0.287305 -0.415821 0.162721 -0.00862174 -0.427411 -0.526378 -0.34675 -0.817787 0.262561 -0.126943 0.676781 0.509221 0.210607 0.318667 0.0345301 -0.844804 0.825801 0.121303 -0.0403409 0.0384936 0.586493 -0.743203 0.0723441 -0.398318 -0.131143 0.398387 -0.276517 0.614349 -0.425962 0.639358 -0.33906 0.371007 0.112811 -0.417292 -0.446608 -0.891924 -0.509257 -0.379252 -0.112357 0.169382 0.288177 -0.0567653 -0.562486 0.457334 -0.182291 0.60677 -0.531979 0.205545 -0.125034 -0.475377 -0.154189 -0.363646 -0.194518 0.154164 -0.673214 -0.654141 0.253936 -0.743577 -0.249815 0.430175 -0.0958476 0.10456 -0.737502 0.332522 0.185728 0.580044 -0.734245 0.0807523 -0.502413 -0.388969 -0.402431 -0.43573 0.324846 -0.316935 -0.00403967 0.0334386 0.0227897 -0.016605 -0.529325 -0.260357 0.390608 -0.477239 0.279586 -0.199835 -0.324349 -0.388308 0.389825 0.0817154 0.223602 -0.0634678 0.401215 
117 166 119 71 36 131 223 7 92 194 114 29 174 166 167 108 170 155 162 31 180 59 49 43 215 67 220 168 254 134 142 112 32 244 212 41 112 40 20 47 193 91 228 181 209 77 154 204 229 124 161 228 237 145 106 131 196 190 146 249 173 42 158 199 160 56 229 171 223 184 12 209 162 40 164 133 22 246 170 106 65 6 205 220 244 253 129 187 102 42 214 185 71 85 144 238 114 225 211 110 30 10 112 238 148 189 83 179 50 151 144 171 234 59 235 73 34 110 192 125 96 30 80 86 94 1 208 120 223 223 67 170 13 49 19 243 53 216 154 54 176 243 168 235 181 192 14 166 246 41 34 119 61 97 191 106 25 189 238 254 12 142 90 78 212 240 184 31 85 78 104 204 103 190 157 204 35 134 126 144 193 74 81 64 255 114 7 170 125 155 69 130 155 92 192 255 133 54 33 207 81 137 80 4 173 80 86 94 7 36 78 213 133 162 72 113 37 2 23 189 101 46 112 227 203 192 147 20 215 66 216 12 18 63 39 49 170 179 
0.144728 -0.695188 0.251581 -0.454695 0.654795 -0.134073 0.465272 -0.63424 -0.631508 0.523824 0.218539 -0.52564 -0.16633 0.367538 0.208266 -0.0124985 0.0380978 0.766586 0.0738031 -0.453267 0.599933 0.0494509 -0.0406323 -0.612358 0.653883 -0.0342503 0.411143 0.121981 -0.432007 -0.600208 0.247658 -0.19182 -0.864167 -0.213586 0.0663902 0.237048 -0.218853 0.8871 -0.279355 -0.153922 -0.169444 0.399866 -0.372097 -0.861157 -0.375169 -0.316135 0.158571 1.161 0.473407 0.380551 0.497247 -0.056037 1.14524 -0.15162 0.380682 -0.227519 0.469227 0.0303387 0.0820273 -0.356897 -0.926593 -0.29384 -0.402311 -0.483337 0.607884 0.161903 0.158555 0.171732 0.734791 -0.476497 0.0560424 -0.00979906 -0.413801 0.489286 -0.41239 -0.123408 -0.688288 -0.385521 0.179489 0.0701056 -0.318209 0.51558 -0.0494786 -0.331838 0.472729 -0.0748214 0.551904 -0.562905 0.646218 -0.638079 -0.311885 0.0248379 0.658397 -0.148789 -0.269301 -0.707391 -0.70559 0.490953 0.45418 0.314567 -0.494002 0.341998 -0.524955 0.360692 0.00845493 0.717609 0.555436 -1.00283 -0.187844 0.744871 -0.404531 0.32385 0.34808 0.67179 0.123771 -0.114259 -0.869129 0.103401 -0.830769 0.479333 -0.295154 -0.256465 0.887949 0.653654 0.449407 0.207091 1.0635 -0.656914 0.0300864 0.578415 -0.249558 0.252411 -0.563732 0.663514 -0.121362 -0.292932 0.219026 0.00395401 -0.111347 0.66978 -3.59193e-005 -0.151684 -0.239852 0.162897 -0.210674 0.602195 -0.472398 -0.479085 -0.0888482 0.507781 -0.307358 0.710865 0.303265 -0.143171 0.55755 0.1323 0.0788927 -0.256144 -0.605974 -0.523581 -0.203841 -0.401236 0.198315 -0.305002 0.304592 0.5015 -0.289409 0.372167 0.172115 -0.109265 -0.569453 0.560393 0.265609 0.202208 -0.0498431 -0.669463 0.025171 -0.72655 -0.257345 -0.349993 0.275691 0.193004 0.253045 -0.114098 0.279696 0.46448 -0.273838 0.154338 -0.200492 0.0268504 -0.51403 -0.210642 0.522408 0.461477 0.416379 -0.332859 0.772908 -0.7633 0.512105 0.0749938 -0.213994 0.189509 -0.441521 0.0320227 -0.574739 -0.392813 -0.00692458 -0.552044 -1.04835 -0.998058 0.604346 0.381839 0.501263 -1.09835 0.0208912 0.283337 -0.361659 -0.557237 -0.539507 0.394025 -0.247084 0.357223 -0.662711 0.104786 -0.995677 0.561443 0.561455 0.229653 -0.0980856 -0.27975 0.534186 -0.28078 -0.750713 0.0805944 0.598846 0.34058 -0.29433 -0.567195 
235 245 198 70 147 201 17 83 102 142 220 107 246 245 37 199 187 98 70 207 193 146 16 61 253 79 185 27 192 83 41 75 137 38 252 192 17 127 189 132 249 157 190 51 123 147 212 111 154 53 234 151 189 112 245 100 122 146 212 85 208 204 21 188 86 5 174 56 226 206 151 68 48 133 240 93 50 6 10 121 42 73 83 232 241 88 135 94 36 14 40 235 41 140 85 200 171 153 240 7 186 103 214 183 66 162 247 78 13 70 125 83 119 20 226 119 30 57 117 37 146 194 96 181 121 75 117 227 153 233 25 75 89 80 130 109 128 217 24 77 211 170 90 104 152 73 189 212 211 144 23 80 237 72 241 43 62 212 157 90 152 204 171 196 54 231 171 191 224 223 239 226 175 250 90 78 255 43 72 117 21 117 179 191 118 232 239 126 170 176 100 89 200 6 241 244 32 106 56 210 24 249 252 52 123 235 239 10 237 183 82 107 5 19 62 227 248 203 46 203 93 58 23 12 149 93 119 161 189 179 245 56 49 48 181 179 214 118 
0.176219 0.135216 -0.648262 0.152017 -0.848675 0.932327 0.41736 0.440948 -0.00246719 -0.123227 0.371414 -0.397922 0.0257358 0.173599 0.23946 0.206799 0.174369 0.3141 0.645599 -0.272881 -0.377422 -0.200356 0.131788 0.521302 -0.620948 0.442246 0.115118 -0.424198 -0.999098 -0.617845 0.557621 -0.839578 0.906108 0.215996 -0.835933 -0.0507592 0.69491 -0.922473 0.133506 0.308517 0.923471 -0.697675 -0.414429 0.577355 -0.50096 -0.915794 0.0387971 0.648503 0.615732 -0.18412 -0.459179 0.0233019 0.856143 -0.25631 -0.542425 -0.131505 0.0856791 0.0490879 -0.343548 -0.600781 0.353534 -0.272533 0.190353 -0.782379 -0.349836 0.216398 0.66748 0.191019 -0.16028 0.550199 0.299153 -0.83051 0.126874 0.519016 0.498935 -0.335208 -0.919818 -0.0861803 -0.291369 0.341283 -0.397048 0.0243903 0.405582 0.140947 0.990193 -0.565553 0.346668 0.514297 0.49951 0.129087 -0.649666 0.0348757 -0.870579 -0.119572 0.101227 -0.582202 -0.657828 0.576609 0.33831 -0.126168 0.654994 0.5264 0.0943148 -0.0689531 0.392627 -0.638107 0.670131 -0.264256 0.233779 0.194283 0.0475667 0.563346 0.190513 -0.376798 0.728619 -0.298801 -0.524889 0.701527 -0.528101 -0.760601 0.0237145 0.416054 0.620996 -0.160374 -0.903863 0.0651974 0.288367 0.769039 0.437163 0.563246 -0.654051 0.566565 0.632908 0.379329 -0.24862 0.93509 0.0439404 0.532863 -0.5858 -0.25844 -0.235099 0.545703 0.559673 -0.602513 -0.188404 0.394594 0.387527 -0.238143 -0.99872 -0.403931 0.13289 -0.149591 0.319929 0.287642 0.461509 0.503675 -0.692512 -0.245311 0.495068 -0.0668855 -0.0227819 -0.874732 -0.122435 0.114574 -0.736039 -0.640389 -0.558227 0.5239 -0.780001 0.408589 0.126559 -0.835791 0.393833 -0.836593 -0.793876 0.272023 -0.394786 -0.397922 -0.129562 -0.309409 0.265297 -0.467611 0.366866 -0.285069 0.321099 -0.502752 -0.080814 0.289342 0.333558 0.397818 -0.293731 -0.1465 0.517812 -0.518748 0.00684835 0.164928 0.533921 0.497032 0.467645 0.226726 0.398518 1.09751 -0.00725219 0.100544 -0.204 -0.425462 0.483973 -0.624301 0.597098 -0.0273597 -0.513028 0.73914 0.473556 0.282863 -0.669122 0.330338 0.558731 0.64689 0.0307088 0.722013 0.0619316 -0.658771 -0.222592 -0.242548 -0.274757 -0.178639 -0.207341 -0.474131 -0.411437 -0.448179 0.0483264 0.157613 0.289284 0.518808 -0.896842 -0.676526 0.490359 -0.232572 
192 131 166 83 154 97 131 53 168 67 61 16 247 155 139 106 14 66 206 53 206 189 253 10 171 180 48 7 1 84 108 250 149 120 124 172 239 90 158 120 130 201 67 89 226 135 213 70 140 168 249 211 224 119 181 127 84 31 22 33 113 210 84 162 179 41 39 200 223 127 248 43 58 140 191 136 178 79 42 100 121 138 213 196 173 37 3 255 67 52 38 167 243 89 21 155 162 4 23 255 157 92 9 249 199 221 183 160 31 9 164 109 120 242 146 180 73 88 125 241 99 153 135 73 100 47 251 183 111 162 156 23 54 50 64 123 57 178 206 121 87 75 230 223 73 102 118 227 57 57 163 11 50 199 8 45 104 70 68 244 185 12 0 77 13 46 84 150 151 206 122 149 57 79 109 53 203 41 33 173 92 68 86 46 85 46 120 194 190 243 227 6 95 228 48 43 32 132 172 176 250 213 182 134 111 36 171 144 130 163 28 25 46 234 11 36 212 122 255 163 47 66 225 140 41 114 61 166 187 119 96 234 65 214 125 207 128 29 
-0.0588805 0.0285434 -0.202777 -0.124412 0.110839 0.237263 0.119467 0.0698374 0.369013 0.229077 -0.719477 -0.0917757 -0.41005 -0.194252 -0.736451 0.10159 -0.62237 -0.16836 -0.0367638 -0.117486 -0.449527 -0.0332719 -0.384827 -0.291597 0.790152 0.427832 -0.23151 -0.634701 0.356993 -0.210686 0.111166 -0.362196 -0.197125 0.554001 -0.170628 0.257999 0.263271 -0.577143 -0.457664 0.224886 0.567902 -0.0793452 -0.100931 -0.0322603 0.583717 0.399637 0.42526 -0.52646 0.127333 0.456935 -0.24438 -0.566496 -0.348505 -0.441391 -0.29816 0.249512 0.285154 -0.845351 0.73356 -0.463039 0.695002 0.619064 -0.59371 -0.410661 -0.396985 -0.289164 -0.03099 0.418937 -0.775936 0.275205 -0.553172 0.186485 0.0264843 0.296245 -0.577063 -0.338379 -0.453381 -0.638105 0.377411 -0.205631 0.669252 0.217871 0.563853 0.269773 0.891073 0.134894 -0.374326 -0.352193 0.107913 -0.253973 -0.230624 -0.437715 0.503091 -0.78767 -0.220038 -0.051392 0.313595 0.433808 0.423652 -0.490662 0.473021 -0.0708695 -0.536731 0.0510719 0.255878 0.610687 -0.447004 0.552723 0.949029 -0.5035 -0.442662 0.38982 0.0349872 0.404509 -0.541106 0.288862 -0.515198 0.0662441 -0.073832 0.333164 0.207543 0.302261 -0.748406 0.371816 -0.387652 0.836329 0.513278 -0.200732 -0.552369 -0.154333 -0.248098 0.00893319 -0.630231 -0.594933 -0.119722 -0.417297 -0.653165 0.561615 -0.417068 -0.656596 -0.290558 -0.574083 0.609208 -0.328009 -0.659493 0.447193 0.400156 -0.00935742 -0.933583 0.0103587 0.216407 0.0155368 0.383828 0.0170247 0.601704 -0.530729 0.167035 0.117851 -0.207274 -0.413474 -0.0566686 0.0637017 0.204579 0.162426 -0.605189 -0.0382025 -0.250391 0.0293003 0.419409 -0.184641 0.5822 -0.400956 0.511983 0.498668 -0.266959 0.503553 0.597256 -0.690841 0.306832 0.673026 0.162716 0.285782 0.339327 0.314558 -0.450031 -0.226564 -0.163223 0.225327 -0.972296 -0.236618 -0.336344 -0.418564 0.447276 -0.356006 -0.566441 0.571595 -0.281342 0.131009 -0.461668 -0.0445356 0.0987469 -0.00419089 0.441187 -0.0511301 0.321743 0.260863 -0.209445 0.754875 -0.468072 0.381472 -0.230399 -0.420666 0.170937 0.206999 -0.446696 -0.289898 0.465911 0.204447 0.387217 0.0335522 0.0074397 -0.843209 0.00323644 -0.515207 0.0863034 -0.23466 -0.757424 -0.205554 -0.135303 -0.154202 -0.552604 -0.768334 -0.217075 -0.75961 0.42284 -0.400799 0.0757491 -0.163245 
135 6 109 108 239 127 21 230 112 41 92 148 146 54 225 85 21 103 56 252 82 114 17 191 161 158 176 161 176 104 158 241 180 104 72 190 85 15 79 168 58 125 102 136 250 205 47 130 133 213 68 172 148 175 214 58 140 142 215 182 62 94 191 94 158 109 248 27 210 163 117 85 174 127 226 54 120 207 141 156 42 133 36 183 145 148 74 114 52 153 114 236 14 141 249 178 17 7 157 237 8 155 174 4 202 101 147 220 239 209 41 115 6 199 37 59 94 5 14 87 209 235 59 48 231 199 66 141 121 37 101 173 100 118 143 48 235 251 239 101 193 228 106 26 140 62 79 58 180 29 252 150 98 132 37 191 151 80 120 218 36 191 71 238 166 131 78 232 106 91 208 114 204 90 201 246 174 65 113 227 41 143 108 48 98 251 134 135 134 169 148 14 59 198 56 105 103 217 64 200 154 138 204 159 180 159 159 85 8 245 133 44 155 56 137 236 219 189 63 197 154 36 104 70 219 235 80 111 234 252 220 129 140 202 0 117 172 41 
0.479248 0.0351288 -0.0287689 -0.365833 -0.370329 -0.2876 -0.271512 0.380508 -0.34133 0.497341 0.571767 -0.301955 -0.498157 -0.452288 -0.0921149 -0.392911 0.158856 -0.112427 0.501676 0.722433 -0.748315 0.75994 0.102308 -0.020651 -0.60415 -0.306502 -0.102388 0.27157 -0.782038 0.274476 -0.0369985 0.193766 0.286035 0.786925 0.487482 0.496375 -0.432542 0.82031 0.562002 0.981627 0.134618 0.210943 0.404144 0.134452 -0.0213901 0.303199 0.249654 -0.598979 0.318027 -0.397168 -0.216126 -0.161736 0.245918 0.0834802 -0.976451 -0.570291 -0.750998 0.439749 0.188349 -0.528472 -0.150284 0.0849258 0.308089 0.142429 -0.253177 -0.147188 -0.512694 -0.568591 0.730169 0.343716 0.25118 -0.359186 0.262296 -0.181811 0.0560958 0.855344 -0.673351 0.443707 -0.517901 -0.333195 0.0905071 -0.172032 0.400414 0.393285 0.350178 -0.352401 0.863567 -0.446838 -0.170595 -0.136004 -0.0725187 -0.502929 0.89018 -0.752515 -0.860196 -0.138766 -0.570783 0.271558 -0.599382 -0.336751 -0.0358862 -0.140429 -1.15535 0.350534 -0.144786 0.31012 -0.141182 -0.350649 -0.0590585 0.305031 -0.422227 -0.664644 0.654268 -0.108511 -0.150138 -0.371449 -0.899294 0.515209 0.437825 0.194898 0.611526 -0.652348 0.298193 -0.0713559 -0.0729158 -0.57168 0.638814 -0.149851 -0.150186 -0.233542 0.458866 -0.24103 0.420083 -0.271589 -0.570974 -0.723236 0.593974 0.136911 0.288372 -0.240898 -0.411957 0.471581 0.143306 -0.523173 -0.402667 -0.586302 -0.11058 0.00631122 0.722192 0.0956935 -0.591013 0.184735 -0.0898456 -0.231403 0.403922 0.232755 0.356425 0.569022 -0.0145347 0.984448 -0.770881 0.531031 -0.172759 -0.494596 -0.253912 -0.125803 0.703119 -0.0922869 -0.036361 0.598369 -0.287565 -0.0262283 0.582159 0.604114 0.406068 -0.822345 0.238752 -0.198127 -0.0875074 -0.848265 0.328892 -0.948056 -0.255896 -0.337796 0.387433 0.734964 -0.207593 0.483926 0.821105 0.722552 -0.20247 -0.0241239 0.384994 -0.402681 -0.558232 -0.0748236 -0.774975 -0.17427 -1.06018 0.107934 -0.593813 0.123294 0.660493 0.737368 0.466548 -0.270651 -0.661422 0.107022 -0.743897 -0.230462 -0.652978 -0.221955 0.0991909 0.0323739 0.152571 0.329767 0.210315 -0.406524 -0.0307813 -0.95234 0.325137 0.754904 -0.478266 0.504543 -0.700544 0.0517621 -0.895291 -0.433833 0.058911 0.403349 -0.299807 0.109188 0.0424574 -0.464074 -0.0855325 -0.875583 -0.409573 0.22444 
13 201 238 158 128 82 21 64 252 148 90 43 2 171 38 155 73 107 131 174 53 189 202 8 19 149 80 49 147 89 175 158 250 12 237 190 162 106 230 12 47 229 114 136 60 181 80 208 224 138 105 99 254 75 73 193 228 69 30 225 204 238 81 253 125 249 67 184 112 219 29 14 212 64 229 241 161 128 26 10 154 54 167 90 139 226 26 129 107 59 70 182 97 183 121 230 55 55 22 81 242 12 74 221 14 96 101 221 219 194 0 166 45 217 198 49 110 165 248 181 21 158 98 109 28 184 126 6 225 58 84 167 216 47 218 42 63 50 56 81 162 125 42 218 80 7 209 136 211 255 23 208 5 229 63 247 211 101 188 41 194 155 31 26 118 117 240 167 224 232 10 182 172 46 215 92 22 216 71 148 168 215 111 94 200 53 53 166 225 172 81 35 67 59 82 103 181 181 167 7 138 246 177 106 140 86 218 33 41 188 48 133 25 177 119 57 226 22 249 78 215 2 216 95 160 156 225 233 187 79 202 184 24 204 87 86 95 187 
0.424194 0.171267 0.441641 0.558498 0.265524 -0.556315 -0.139305 -0.864454 0.288926 -0.542829 -0.594995 0.117684 -0.194127 -0.472178 0.498561 0.124815 -0.0378894 0.138991 0.53632 0.216441 0.250207 0.659689 0.193332 0.701018 -0.206019 0.823259 0.864559 0.468567 0.511724 0.400477 -0.219213 0.145484 -0.195363 -0.568295 -0.869162 -0.251225 -0.244162 -0.239391 -0.157571 -0.0284844 -0.381788 0.504045 -0.758991 -0.145545 0.292415 -0.18396 0.206181 0.038083 0.450072 -0.333651 0.286577 0.0515389 0.170229 -0.214591 -0.105094 0.289424 -0.287215 -0.544497 -0.146097 0.0187435 -0.716152 -0.0613622 0.128778 -0.0240177 -0.162551 -0.797374 -0.00725089 -0.126803 -0.407834 -0.0641912 0.1747 0.237613 -0.451733 -0.40013 0.378967 -0.227992 0.53917 -0.423365 -0.458376 0.410119 -0.131672 0.285942 -0.091341 0.546486 0.51527 0.385247 0.0855807 -0.57798 0.193188 0.562727 -0.632153 0.539118 -0.0385057 0.698253 -0.506925 -0.913705 -0.383985 0.779239 -0.190165 -0.65722 -0.559901 0.154245 0.429632 -0.091353 -0.0236027 0.404588 -0.538241 0.166127 -0.549521 0.763458 -0.27006 0.312653 -0.156844 0.564563 0.49937 -0.198224 -0.414026 0.968965 0.192585 -0.438251 -0.137349 0.881415 -0.24001 0.484907 0.0265757 -1.01115 -0.196139 1.09067 -0.0332634 -0.0577297 0.138105 0.312771 -0.426287 -0.469242 0.281212 -0.380239 0.174593 0.274099 0.0293317 0.591604 -0.406542 1.02273 0.22647 0.241137 0.416398 0.549289 -0.588695 -0.252326 -0.785897 -0.736828 0.234032 1.19776 -0.137663 0.352003 0.66111 0.542798 -0.279868 0.622478 -0.870063 0.52811 0.466115 -0.0905671 0.37167 -0.298294 0.4821 0.705247 -0.200427 -0.902464 0.00235057 0.0190157 0.979654 0.701283 0.441455 0.211692 -0.160706 -0.210434 -0.271597 0.524412 -0.83084 0.335402 -0.492506 -0.46118 -0.224937 0.384756 -0.473867 -0.346363 -0.0930849 -0.174839 -0.315068 -0.1674 -0.156482 -0.110878 0.573235 0.279249 0.0371441 -0.369799 -0.0683611 0.0302958 -0.356823 -0.655519 0.461151 -0.074108 0.637664 -0.185163 0.390029 0.0895163 -0.711913 0.541399 -0.56536 -0.0839721 -0.494165 -0.57735 0.572899 -0.382059 0.178909 -0.439927 0.448568 -0.256537 -0.237668 -0.591406 -0.240178 0.471004 0.0618388 -0.461479 0.343949 0.699684 -0.582908 -0.381077 0.312794 -0.607773 -0.983208 0.318092 0.0647239 -0.427752 -0.508694 0.661102 0.383253 -0.432373 
252 118 220 46 21 194 13 169 217 77 233 249 178 231 163 173 54 75 17 215 254 36 160 204 160 59 39 208 17 24 154 202 91 49 80 15 110 172 23 116 146 123 122 116 54 36 61 193 44 199 114 109 144 105 250 159 213 2 164 253 84 95 133 143 25 152 29 173 60 194 200 76 216 136 249 117 102 97 254 30 240 110 70 213 71 48 229 237 87 236 50 213 196 226 151 77 79 160 37 188 36 182 188 165 202 207 83 176 70 172 206 210 170 126 208 72 60 163 53 51 57 105 139 52 177 236 243 204 180 185 250 38 189 169 74 50 162 203 63 22 54 50 102 196 239 41 94 68 172 5 61 197 163 46 181 215 218 15 148 171 60 19 58 231 249 7 182 29 222 216 226 55 111 61 114 0 71 183 151 215 6 7 145 162 245 13 100 47 234 203 126 25 204 121 232 25 14 181 206 93 33 223 101 6 187 90 186 132 46 149 252 14 112 187 134 209 244 253 161 207 127 42 231 129 223 105 11 213 102 253 92 113 178 10 44 125 61 112 
-0.374173 -0.687659 0.143608 0.399971 0.738338 0.545224 0.187537 0.624043 -0.788436 0.273497 0.283326 0.151654 0.354149 0.612765 0.689507 -0.400045 -0.23007 -0.272805 0.37074 1.04305 0.183052 -0.495103 -0.274468 0.305912 -0.392048 1.17592 0.324327 0.360058 -0.257064 0.223413 -0.770424 -0.202446 0.6107 -0.328611 0.693143 -0.441623 -0.0643289 -1.09712 -0.529258 -0.16845 -0.293932 0.0867391 0.0352012 0.119828 -0.856252 -0.701537 -0.139208 0.715242 0.217804 -0.389618 0.531943 0.449095 -0.323167 -0.0844012 -0.313801 -0.431603 -0.0535439 -0.558004 -0.943537 0.709056 -0.550664 0.890246 -0.250144 0.213755 0.761255 -0.241975 -0.146507 0.375774 0.0591546 0.144482 0.24296 0.273577 0.194043 0.0420272 0.441157 0.52911 -0.813192 -0.340524 0.688614 -0.292953 0.00815981 -0.507879 -0.483001 0.0444935 0.395348 0.761854 0.0419077 -0.0781785 0.432215 -0.334323 -0.223943 0.524278 0.346219 0.828016 0.748374 0.610054 -0.488072 0.509515 0.106248 0.461871 0.603205 0.924546 -0.976257 0.602773 -0.227378 0.519699 0.758896 -1.01752 -0.555279 1.14389 0.291193 0.441985 0.518942 0.244374 -0.00712566 -0.488089 -0.854426 0.60583 -0.571229 0.510081 0.19748 -0.00732477 1.01369 0.446399 -0.281801 0.135246 -0.434401 0.459297 -0.378688 0.21067 0.750995 -0.542556 0.505999 0.679922 -0.470177 -0.533164 0.222167 0.371872 -0.703557 0.808712 -0.0497306 -0.662996 0.457173 -0.232032 0.41408 -0.460227 0.142305 -0.196274 -0.022463 -0.909751 -0.361014 -0.646222 0.112905 0.467192 0.387005 -0.321143 0.679554 -0.469453 -0.0232737 0.136192 -0.0525207 0.732193 0.352404 0.126386 0.38406 0.0206323 0.176846 -0.16962 0.0278868 -0.259441 0.920802 -0.0988442 -0.319561 0.428008 -0.0998247 -0.370375 0.196498 -0.0500533 0.0162375 -0.123333 -0.0782035 0.279772 0.134575 0.322368 0.0274878 0.068779 0.550345 0.185402 -0.210608 -0.373048 0.386896 0.244914 0.164467 -0.610508 -0.479743 -0.39245 -0.539088 0.361644 -0.519916 0.15393 0.444316 0.742213 -0.533722 0.802731 0.55825 0.114089 -0.130441 -0.664806 0.325343 -0.254221 0.417183 -0.580547 -0.449025 0.303259 -0.287691 -0.408065 -0.345246 -0.690847 -0.485778 0.00532517 -0.196739 0.0216576 0.870618 -0.288581 0.781541 -0.290204 -0.0960338 -0.563236 0.637347 -0.516303 -0.707915 -0.622506 -0.721068 -0.278738 -0.446336 0.706097 0.381914 -0.259506 
128 174 109 190 138 153 71 201 85 29 233 112 118 14 77 210 2 198 179 102 2 252 211 100 248 131 37 109 146 255 237 78 248 39 53 144 225 64 64 121 220 51 77 90 109 85 110 79 110 218 116 88 190 241 119 48 101 163 45 181 86 167 39 74 134 59 36 60 39 125 112 17 13 145 247 166 142 194 37 190 198 33 30 214 177 46 29 196 193 68 19 152 216 28 31 87 16 109 145 209 201 63 154 68 95 248 192 147 16 16 46 8 164 127 20 8 58 127 231 235 252 61 112 235 162 2 97 185 206 13 214 107 102 118 84 118 252 214 184 131 237 24 174 170 254 139 253 248 44 181 133 194 11 99 248 43 116 237 138 147 19 119 32 239 136 87 25 82 4 209 224 52 59 147 236 154 129 51 252 10 142 25 154 98 76 39 147 73 0 128 166 133 223 223 191 18 4 240 242 203 140 105 87 88 245 167 195 217 91 156 156 94 212 45 58 13 82 131 166 156 184 111 79 245 28 236 87 196 199 87 110 75 120 222 223 55 130 183 
-0.452509 -0.0713342 0.223521 -0.394319 -0.0276958 0.187485 -0.544392 0.761625 0.0805478 0.0183254 0.333014 0.41922 -0.294016 0.0266262 -0.0958636 0.34662 0.626109 -0.251361 0.515504 0.404457 -0.785437 0.37039 0.589384 -0.243519 -0.147028 0.431085 0.456378 0.299456 0.528493 0.614924 -0.332498 0.752968 -0.353233 0.0775099 -0.244639 0.0968249 -0.54856 -0.383876 -0.447942 0.323528 0.371444 -0.626944 0.0972671 0.114477 0.264511 -0.403102 -0.570419 0.32138 0.811236 0.89701 0.663597 -0.302254 -0.768355 -0.786129 0.293129 -0.137999 0.346275 -1.09778 -0.737911 0.14857 -0.0807545 -0.577301 -0.0138736 0.00362237 0.630804 -0.152757 0.47246 -0.637749 0.137731 -0.54506 0.530408 -0.187254 0.199116 -0.176072 -0.0338004 0.485773 0.819747 0.120372 -0.420516 -0.32905 0.944475 -0.274276 -0.0959194 0.772238 -0.359389 0.344267 0.576525 1.08724 -0.847326 -0.707024 -0.83661 -0.123999 0.071025 -0.291788 -0.334252 -0.704942 -0.806806 0.171223 0.0719528 -0.00943341 0.177788 0.553984 0.0663132 -0.640325 -0.709243 0.330733 0.64637 -0.149326 -0.0718848 0.0173894 -0.484787 -0.55885 0.520037 -0.473127 0.00632355 0.861824 -0.165277 -0.23807 0.190154 0.158439 -0.235193 0.165395 -0.255221 0.0172648 0.101226 -0.127022 0.0133415 0.487674 -0.632658 0.500553 -0.15509 -0.402762 -0.323807 -0.256024 -0.340465 -0.12937 -0.371936 0.50104 0.655421 0.146492 -0.571033 -0.343263 0.480006 0.624263 0.455205 0.734471 -0.544735 -0.246251 0.0845907 0.68734 -0.471311 0.281274 -0.644161 0.171766 0.293299 -0.330205 -0.460644 0.461731 0.207403 -0.29774 -0.0303796 0.44104 -0.449602 -0.576316 -0.429897 -0.592486 -0.0271028 -0.216592 -0.0790235 -0.229722 0.411946 0.859018 0.457611 -0.338678 0.608703 0.329172 0.729212 0.393232 0.274571 -0.388232 0.557663 -0.408002 0.815732 0.388387 -0.550584 -0.705039 0.334956 -0.0859433 -0.21293 0.0268122 -0.179796 -0.00707446 -0.552474 -0.573558 -0.269834 0.256317 0.636111 0.186661 0.333265 0.365142 0.282726 -0.0708365 -0.491559 -0.222639 -0.0279615 -0.458253 -0.303799 -0.0400766 0.309276 -0.363498 0.034062 -0.259711 0.0347465 0.807232 -0.834099 -0.424711 0.829511 -0.0719855 0.305487 0.35566 -0.410325 0.289144 -0.109113 -0.029016 -0.404823 0.116634 -0.528489 -1.32829 0.136553 -0.468137 -0.918589 -0.217443 0.194414 0.46241 0.22751 0.277618 0.0520571 0.131342 
21 133 131 81 65 32 68 194 193 114 154 190 45 30 103 11 148 213 208 209 212 13 212 4 81 122 68 100 188 156 5 67 142 162 176 82 90 193 240 113 235 50 69 106 254 69 226 207 65 35 229 125 103 198 83 247 110 140 70 9 154 36 61 137 95 70 162 213 61 47 80 145 36 146 176 34 245 153 234 35 199 228 77 89 98 91 147 27 36 226 159 70 176 235 36 196 173 7 129 204 124 165 43 104 249 146 227 2 4 154 233 120 168 228 204 65 152 56 203 224 229 39 147 250 52 191 18 218 65 119 32 226 83 198 45 17 12 54 47 194 162 249 68 186 32 6 150 169 217 27 234 250 218 232 97 38 222 56 190 201 54 69 192 147 3 34 204 228 163 20 172 107 112 183 124 172 120 43 151 87 219 82 7 149 212 180 211 59 61 157 246 183 99 237 144 175 180 9 40 221 31 241 3 125 75 243 236 11 165 10 181 52 45 153 16 209 105 135 10 68 57 207 50 180 140 37 49 65 74 102 113 28 75 143 244 221 81 66 
0.881607 -0.185431 0.4276 -0.221825 0.119803 -0.457212 0.000504407 -0.741284 0.175434 -0.188175 0.742223 -0.446851 0.0857669 -0.74042 -0.236077 0.0214429 0.112486 0.837816 -0.447752 -0.474853 -0.495081 -0.630185 0.413757 -0.0552202 0.38044 -0.262957 -0.606729 -0.650491 0.465092 -0.348175 0.484357 -0.34006 0.226308 -0.416793 -0.136039 -0.799262 -0.811586 -0.820821 0.431722 -0.0826156 -0.432018 -0.56864 0.305998 -0.609928 -0.493199 0.379385 -0.475031 -0.0834017 0.00470614 -0.0617969 0.500021 -0.322961 -0.50764 -0.360579 -0.165772 -0.00522206 -0.423645 0.218075 -0.659367 -0.403977 -0.283912 -0.126295 0.45871 0.647698 -0.139948 -0.283916 -0.676829 0.333155 -0.295425 -0.146005 0.642845 0.204431 -0.405367 0.577082 -0.159705 -0.093816 0.374722 0.0478927 -0.126148 -0.274793 -0.922281 0.28423 -0.0300717 0.873996 0.376523 -0.00795225 -0.529408 0.143008 -0.352425 0.600284 -0.0361639 0.820381 0.762154 0.797724 -0.409361 0.230403 0.329306 0.123393 0.614089 -0.0389788 -0.208287 0.509522 -0.611489 -0.232818 -0.105762 0.413654 0.675373 1.06352 0.00980819 0.230392 -0.719754 -0.810897 0.313437 -0.608877 0.294387 0.236695 -0.890619 0.175482 0.269107 -0.284042 1.13771 0.665452 -0.29973 0.56354 -0.835018 -0.00389563 -0.666959 -0.448125 -0.499055 -0.00256286 0.615269 -0.472996 0.0070735 -0.358385 -0.380916 -0.11588 0.492318 -0.183115 0.549958 -0.627042 0.525949 -0.876517 0.528559 0.237349 -0.485415 0.176 -0.249981 0.451802 0.012569 -0.513554 0.160654 0.423908 0.747189 -0.413431 -0.701936 -0.53513 0.0325145 0.0407132 0.189281 0.475014 -0.718373 0.378508 -0.0645111 -0.184926 0.588247 -0.356985 0.625181 -0.173732 0.62175 -0.461999 0.385657 -0.131879 -0.581779 -0.750679 -0.168979 -0.577016 -0.50629 -0.0793543 0.0275591 -0.298185 0.302516 -0.324288 0.335331 0.63087 -0.398917 -0.654239 0.698982 -0.613165 -0.949404 -0.350238 0.0395411 -0.665329 0.219691 -0.366011 -0.351567 -0.653635 0.331616 -0.676134 0.237481 -0.80926 -0.59159 -0.0927856 -0.269134 -0.0201256 0.562329 0.666339 0.0762784 -0.00849513 -0.100026 -0.606492 -0.0217079 -0.277467 -0.417445 -0.738109 0.208979 -0.143552 0.0759226 -0.258727 0.812152 -0.0662804 -0.359631 0.482562 0.405256 -0.332549 -0.382617 -0.261391 0.904698 0.736745 0.41474 0.0236572 -0.590538 -0.0265358 -0.425359 -0.82875 0.167344 0.699843 0.277762 -0.23726 
169 103 161 152 110 133 32 111 68 110 115 194 221 185 141 245 115 198 56 30 228 163 112 240 246 0 36 60 223 111 45 27 156 224 125 138 129 168 192 4 146 125 160 71 111 237 96 186 72 127 235 125 1 156 89 64 92 238 203 235 118 231 45 163 112 107 185 106 62 143 132 4 14 128 98 34 35 22 242 135 89 210 18 57 149 168 121 146 43 244 62 124 139 3 104 254 165 52 4 243 199 180 135 235 144 114 14 0 66 120 34 227 66 8 214 75 216 177 16 110 55 122 202 37 187 105 42 49 56 126 3 244 242 212 106 59 44 215 59 138 149 100 82 161 111 168 53 128 32 205 32 113 229 22 99 121 229 141 253 184 66 103 0 206 203 137 229 163 244 199 225 71 254 248 241 115 132 194 240 200 121 214 251 234 105 94 217 123 62 248 180 19 224 168 203 161 73 90 126 15 146 111 102 15 12 110 10 144 145 97 194 215 92 76 160 54 54 210 111 190 94 129 158 2 144 135 143 193 223 216 215 11 97 231 239 210 10 18 
-0.0373611 -0.582231 0.0341208 0.236789 -0.38053 0.718258 -0.479914 -0.0678418 0.490589 -0.211274 -0.0177078 -0.149992 -0.428508 0.238752 0.405397 -0.632997 0.672957 -0.718815 -0.117334 -0.812143 0.100065 0.422599 -0.0707774 0.300737 -0.381359 -0.120278 -0.0607045 0.222256 1.35173 -0.359788 -0.333067 0.323523 -0.602016 -0.171758 0.374695 0.709764 -0.180175 0.599693 0.366016 -0.37628 -0.0667622 -0.649955 0.601899 -0.596415 -0.226492 -0.0490441 -0.734795 0.254396 -0.420776 0.0858561 -0.188948 -0.542383 -0.788865 0.511945 -0.158957 -0.344918 0.872594 0.0321372 0.0365083 0.0588504 -0.649252 0.475516 0.598324 -0.784284 0.101597 -0.194322 0.39618 -0.509275 -0.0570918 0.0284908 -0.0729672 -0.394705 -0.657785 0.578678 0.732303 0.280692 -0.430489 0.204709 -0.0933493 -0.464401 0.132641 0.0388176 -0.431981 -0.122486 0.104995 0.265947 -0.224865 0.0943142 -0.333187 0.88447 0.235475 0.0191284 0.159403 -0.0572384 0.428892 0.483219 0.636957 -0.26191 0.642464 0.741079 0.364898 -0.0258476 0.460076 0.145648 0.538831 -0.314751 -0.769317 1.01404 0.69698 0.605212 -0.267385 0.560232 0.852571 -0.721467 0.436766 0.363535 -0.232023 -0.575071 0.0427753 0.148755 0.222015 -0.595341 0.669177 -0.228693 0.258351 0.34214 0.788917 0.464969 1.08139 0.0305801 -0.0366928 -0.36642 0.580286 0.580602 0.289002 -0.0650917 -0.791483 0.566386 0.766438 -0.109132 -0.32369 0.0636343 -0.135064 0.414413 -0.130306 -0.220366 0.107874 0.677387 0.141904 0.3253 -0.479819 0.029254 -0.504167 0.578143 0.197656 -0.124816 0.379866 -0.481828 -0.456433 -0.607142 -0.772584 -0.577698 0.463044 -0.273896 -0.534388 0.835823 0.575694 0.470679 0.829436 0.490558 -0.407937 -0.569383 -0.675892 0.038639 -0.540272 0.428444 -0.941754 -0.728175 -0.333704 -0.362118 0.288303 1.02616 -0.0923537 -0.477044 -0.741456 0.0509072 -0.345246 -0.15869 0.357538 0.371421 0.126194 0.460489 -0.424601 0.247122 0.286506 -0.0143419 0.256107 0.277141 0.187018 0.646829 -0.155072 -0.617144 -0.070258 0.630862 -0.702386 -0.301613 0.0687463 -0.164136 -0.290464 -0.190376 0.34741 -0.55928 -0.295737 -0.470859 -0.648565 -0.537318 -0.18104 -0.291144 0.390479 0.434989 0.259634 0.0840268 -0.919822 -0.606764 0.102862 0.616059 0.603948 0.481836 0.380628 -0.056 0.285224 0.268285 0.343068 0.439937 0.400583 -0.0198495 0.045684 0.468951 
48 73 247 92 68 196 130 114 149 183 73 12 55 83 232 216 115 135 64 220 65 130 28 81 174 129 248 233 210 178 135 134 156 45 66 160 144 167 2 3 244 92 43 201 216 159 201 218 20 141 166 32 0 153 61 24 64 204 193 129 135 144 21 212 152 72 43 199 227 163 234 119 87 99 13 159 28 27 77 72 3 104 64 20 27 242 152 196 12 120 86 214 231 209 235 29 250 24 80 251 253 166 56 131 170 220 206 59 225 201 243 210 23 77 217 108 112 13 180 27 30 106 30 151 144 112 71 252 69 124 85 67 85 123 38 160 207 92 28 202 179 228 235 205 24 87 124 251 242 62 174 16 193 23 128 220 230 75 248 15 185 207 88 202 105 145 150 13 180 200 104 159 76 2 91 96 63 12 166 123 67 14 115 98 92 134 192 205 223 237 64 215 227 199 100 207 222 248 142 188 221 182 51 113 113 63 111 228 130 52 28 87 136 92 98 86 62 58 225 200 123 34 152 196 164 61 1 196 73 129 184 142 16 201 26 108 191 155 
-0.698846 -0.434163 -0.114011 0.0582793 0.746268 0.340647 -0.401294 0.104612 0.149224 -0.345253 -0.0402421 -0.158072 -0.153246 -0.0960259 0.175255 -0.358981 0.409271 0.294511 0.042565 -0.507819 0.19994 -0.308776 -0.0490028 0.535728 0.205945 -0.559653 0.266755 -0.0815688 0.254433 0.0437914 0.333174 -0.174161 -0.204725 -0.737601 -0.139581 -0.262577 -0.531748 -0.506891 0.531095 -0.484323 -0.487873 -0.819476 0.716728 -0.117531 -0.571147 -0.25888 -0.0498559 0.464263 -0.570424 0.57731 -0.25473 -0.126815 0.182986 -0.559951 -1.03702 0.362417 0.0441214 -0.305499 -0.336663 -0.706231 0.220441 1.00502 0.136769 -0.46297 0.366051 -0.471978 0.396426 -0.0827413 0.527563 -0.316375 -0.173891 0.057551 0.196175 0.86367 0.00694356 -0.405736 0.846651 -0.0948936 -0.0969433 0.299348 0.469091 -0.581568 -0.562275 0.45895 0.143185 -0.306616 0.35849 -0.730651 -0.75739 -0.725828 0.00184474 0.274183 -0.154775 -0.661795 -0.340985 -0.40913 0.488597 0.291555 0.162987 -0.787834 0.597052 0.278134 0.132853 -0.741615 0.257558 0.821007 -0.375651 -0.00523714 0.677117 -0.483899 0.88797 -0.306937 -0.396764 0.198211 0.144587 0.620468 -0.581818 0.00268875 0.757902 0.114735 -0.141764 -0.409421 -0.0159426 0.809138 0.313557 -0.776407 0.57742 0.397752 -0.443548 -0.171584 -0.333099 -0.555266 -0.210672 0.683637 0.131336 -0.719218 -0.138391 0.615281 0.363348 -0.657721 -0.767991 0.0174595 0.0884661 0.454168 -0.251178 -0.0798484 -0.410662 -0.344692 -0.542567 0.0748937 0.522022 -0.270146 -0.599189 -0.267646 0.142024 0.610218 0.413665 -0.21054 0.266856 0.243377 0.748209 -0.789869 -0.642688 -0.458448 -0.0459497 -0.465748 0.188341 -0.188643 -0.290494 0.31986 -0.433744 -0.353473 0.0919653 -0.562193 -0.170494 0.193456 -0.00848632 -0.805665 0.153538 0.0102967 0.25218 -0.393306 -0.619861 -0.554082 0.724283 -0.503391 -0.627136 0.046188 0.358866 -0.157817 0.564478 -0.372473 -0.480605 0.32238 0.113482 0.755267 -0.154366 0.703557 0.036382 0.39246 0.287364 -0.607427 0.00936948 -0.450026 0.194034 -0.395233 -0.27003 0.207014 0.0370712 -0.706822 -0.162358 -0.456139 0.70028 0.142291 0.308802 0.586227 0.476149 -0.365677 0.255934 0.581024 0.0482818 0.316507 -0.241416 0.299101 -0.675501 0.211162 -0.186785 -0.299141 0.756715 -0.273314 0.252308 0.660582 -0.291582 -0.12067 -0.792701 -0.613395 0.719276 0.809873 
5 59 193 133 235 123 106 99 170 224 210 47 192 240 248 214 104 32 94 151 32 18 219 109 126 19 179 25 229 73 168 99 240 121 220 211 214 69 255 204 166 49 110 153 249 40 112 228 126 163 104 202 250 18 79 150 6 213 102 8 223 134 57 58 196 101 253 222 44 51 169 196 16 60 205 46 98 109 123 213 182 45 237 233 171 35 1 5 58 131 38 116 77 22 35 72 232 112 96 26 96 189 111 251 166 146 102 31 132 44 43 166 17 32 125 6 15 206 116 36 185 83 101 242 180 219 221 8 231 226 251 125 244 140 178 253 186 45 103 158 230 45 167 147 249 89 98 99 71 70 170 127 216 35 178 214 182 22 218 158 12 16 234 231 195 50 180 183 80 97 90 64 218 80 29 122 2 174 176 188 82 12 97 152 160 2 121 247 95 206 136 115 182 239 12 190 81 28 85 49 188 181 34 127 42 172 104 105 182 208 180 198 244 192 110 29 200 147 141 79 114 100 166 219 252 214 29 112 16 19 162 28 125 42 246 33 99 95 
0.121078 -0.345328 -0.040309 -0.461233 -0.422599 0.199827 -0.659438 -0.0411437 0.337182 0.0780235 -0.756177 0.622003 -0.269028 0.243127 -0.367523 -0.00742003 0.468635 -0.605029 -0.228853 -0.506849 -0.199203 -0.47076 0.599122 0.162859 0.436283 -0.425777 0.293144 -0.22245 -0.101224 -1.07419 -0.299167 0.206387 0.347397 0.414147 -0.51926 0.168443 -0.316218 0.486541 -0.234747 0.469234 0.612867 0.489831 -0.291789 0.671612 -0.235266 0.211407 -0.171297 -0.703575 0.777479 -0.355523 -0.511908 0.479255 -0.381684 0.358281 -0.43351 -0.237862 0.428227 0.313453 -0.626435 -0.962655 -0.614782 0.503321 0.920329 0.148915 -0.831927 0.712214 -0.385291 -0.0678606 -0.39314 -0.227085 -0.0735559 0.340127 -0.399106 -0.408122 -0.668223 -1.25308 -0.394896 0.35991 -0.241535 0.331113 -0.507629 0.260762 -0.384645 -0.274303 0.565991 -0.431002 0.791858 0.676417 0.401891 0.313026 0.115032 0.0764909 -0.569956 0.395854 -0.918547 -0.3834 -0.183734 -0.577973 -0.690172 -0.110124 -0.342575 -0.818626 0.679998 0.276937 -0.493122 -0.355022 -0.221894 -0.448924 0.494463 0.297547 0.438107 0.442695 -0.469311 -0.464958 -0.12551 -0.0984275 0.096806 0.644877 0.12426 0.406287 -0.676016 0.496081 0.507967 -0.259093 0.268674 -0.233781 0.348799 0.200836 -0.570075 -0.326697 0.0956405 0.553813 -0.0685661 0.495654 0.380392 0.114377 -0.441232 -0.340703 -0.16582 -0.504629 -0.29865 0.428133 -0.677055 -0.673107 -0.525746 -0.180455 0.0347308 0.741545 0.162081 -0.624567 0.0667766 0.305566 0.255123 1.12729 0.266554 -0.331938 0.43409 -0.877448 -0.294356 0.552203 0.0243284 0.122956 -0.675628 0.0611774 0.0995187 0.341367 -0.365575 -0.362938 0.18075 0.185285 0.100261 -0.71476 0.315525 -0.355167 -0.0989716 -0.209084 0.372923 0.494862 -0.126604 0.296292 0.364385 -0.765432 -0.0525123 0.338306 0.696791 -0.2668 0.376354 0.236384 -0.490158 0.278909 0.475939 -0.560094 -0.152043 0.656859 0.509749 -0.235641 0.045315 0.887568 0.213725 -0.41126 0.307428 0.254418 -0.398767 0.0819852 0.348355 -0.33496 -0.737994 -0.442023 0.328783 0.494214 -0.567546 -0.544718 -0.0844115 0.36706 -0.556946 -0.150731 0.898207 0.142764 -0.396855 0.562428 0.572201 -0.992616 0.0726734 -0.559925 0.58238 -0.183628 -0.0364263 -0.750038 -0.470586 0.493413 0.972353 0.573685 0.792186 -0.0952268 -0.0299831 0.359852 -0.171404 -0.16644 
194 9 52 95 228 62 66 54 10 195 181 29 100 124 4 255 72 170 224 22 59 13 162 108 150 187 167 230 202 88 179 69 109 132 61 117 236 74 135 213 44 45 243 22 78 92 124 29 31 121 244 77 42 68 75 57 9 254 103 74 186 211 25 143 76 9 93 194 178 230 204 107 166 18 142 189 30 31 231 129 32 89 206 192 61 10 170 159 171 130 85 220 36 215 116 81 144 173 214 161 57 35 165 137 162 138 69 82 143 73 172 70 5 246 33 249 130 90 166 245 66 156 108 197 160 174 182 90 59 30 204 111 0 195 14 240 141 185 135 229 145 31 134 112 118 248 158 47 20 188 162 206 97 247 215 232 235 224 44 129 94 97 238 105 125 113 15 104 65 8 234 85 129 54 6 26 205 6 193 174 204 126 235 52 14 101 121 200 106 207 20 244 183 2 181 129 249 83 224 211 135 61 137 118 32 105 129 137 99 254 24 204 21 38 163 234 23 243 76 68 117 21 137 208 88 81 209 99 204 178 101 57 146 69 187 237 178 182 
-1.02711 0.624355 -0.426747 -0.318795 -0.523657 -0.501679 0.300989 0.722018 0.14322 -0.0848305 -0.230972 0.528146 -0.171636 -0.675715 -0.0760968 -0.677676 -0.277356 -1.11036 0.509271 -0.210324 0.23912 0.206035 -0.92582 -0.897167 0.453653 0.32255 0.722894 0.536276 0.0922219 -0.37043 0.537152 0.551799 -0.185753 -0.332477 0.0886371 -0.732292 -0.444933 0.224435 0.119731 0.592262 -0.453743 0.108341 0.614941 0.172357 0.315763 -0.210606 -0.323109 -0.339876 -0.73972 0.750224 -0.204146 -1.03344 -1.21107 -0.541229 0.232534 -0.440077 -0.86595 0.792046 0.523859 -0.666198 0.221069 -0.320197 -1.15313 -0.132057 -0.259019 0.278244 -0.204699 0.218384 -0.21201 -0.57169 -0.838447 -0.391832 0.34628 0.081115 -0.439055 0.00442066 -0.171207 -0.215499 0.317263 0.434759 0.0914042 -0.476514 0.486271 -0.0941388 0.148779 0.565605 -0.608796 -0.0669395 0.418682 -0.268718 0.66282 0.615671 0.270993 -0.433798 -0.251621 0.312612 -0.853518 0.121749 0.0172867 -0.111172 0.160202 -0.382336 0.69926 -0.711909 0.202173 -0.108632 0.127643 0.619564 0.609033 0.715516 0.247677 -0.366629 -0.664957 -0.709931 0.166698 -0.164476 0.163496 -0.604391 -0.0153985 -0.532948 0.363859 0.500121 0.242203 0.221793 0.39535 0.360719 0.569893 0.773986 0.212313 -0.242186 -0.629371 0.792341 -0.0876537 -0.264307 -0.106066 -0.742293 -0.608206 -0.0428057 -0.34685 0.353999 -0.223333 0.18565 -0.480519 0.0639776 -0.435242 -0.0596084 -0.0398021 -0.636931 -0.313327 0.103181 -0.048128 0.19309 0.0762859 0.424456 0.192846 -0.492267 0.0334765 -0.504261 -0.334416 0.216039 0.923574 0.529595 -0.950531 0.597675 0.845589 0.0438157 0.101387 -0.940914 0.173207 0.00413344 0.198742 0.00435455 -0.473628 -0.236898 -0.552883 -0.744578 -0.739497 -0.14784 -0.246153 -0.314913 -0.67296 -0.0196022 -0.5965 0.46119 -0.00157491 -0.267904 0.128235 -0.0596002 -0.345556 0.123097 0.473663 0.0157281 -0.568009 0.438815 -0.0963982 -0.525992 0.344352 -0.492467 -0.292535 0.258581 0.988629 0.721261 -0.103891 0.716935 0.467097 0.656155 0.11373 0.0565489 0.521356 0.590129 0.422182 -0.358167 0.0072183 0.130118 -0.250125 0.20697 -0.409662 0.624323 0.0218324 -0.432067 -0.157731 0.355814 0.201744 0.214685 -0.24701 0.356976 -0.00873777 0.294946 0.057088 -0.613768 0.412083 -0.0160241 -0.660557 -0.633589 -0.327236 0.3672 0.308748 -0.684229 
132 159 207 227 188 182 134 20 74 109 82 39 5 83 2 63 37 126 194 129 113 122 47 56 40 204 24 37 182 63 27 149 119 41 186 30 84 130 212 2 197 44 253 243 87 234 21 34 249 29 136 97 251 240 54 149 147 94 187 20 37 102 233 50 184 201 102 92 201 172 89 19 232 77 57 75 182 6 206 31 72 25 163 156 16 1 20 246 12 5 5 201 105 93 27 98 238 4 143 58 132 138 174 249 224 18 224 240 122 143 153 179 55 4 155 36 14 139 192 133 184 136 30 79 136 42 133 3 163 77 131 66 245 39 103 231 13 128 24 79 19 68 8 38 26 113 242 169 37 90 180 206 116 203 92 205 72 147 86 105 227 152 90 241 152 135 211 189 219 150 119 24 189 112 63 199 90 113 135 36 44 145 72 252 199 58 69 131 32 45 12 82 152 238 168 155 224 230 169 170 188 43 188 252 53 123 162 94 198 225 111 97 224 156 132 183 75 178 15 159 31 112 34 33 132 233 147 8 90 71 7 194 20 232 214 70 163 104 
-0.443782 -0.694387 0.346638 -0.333806 -0.226923 -0.427256 -0.185894 0.180509 0.943219 0.595082 0.691908 0.464551 0.258714 -0.231503 -0.468826 0.503766 0.343529 0.276788 -0.287993 0.340103 -0.321464 -0.779048 0.303531 -0.155307 0.300629 0.194301 -0.51041 -0.782291 0.125105 -0.261997 0.137232 0.197755 -0.526352 -0.211696 0.820452 0.38268 -0.0531987 0.785152 5.00442e-005 0.0167029 -0.91773 0.288876 0.506938 -0.408408 -0.0253276 0.698117 -0.309883 0.653644 -0.0352953 0.363179 0.0910253 -0.516588 -1.11191 -0.421226 0.261352 0.620293 0.0718748 -0.000683286 0.509569 -0.526979 0.0964125 0.0997555 -0.899932 -0.315835 -0.797317 0.503206 -0.461336 0.896122 0.148764 -0.83829 0.00384264 -0.262623 0.0291814 -0.173897 0.361966 0.333466 0.044896 0.211871 0.351604 0.0312128 -0.422465 0.218886 -0.51296 -0.179939 0.569379 -0.317238 0.426963 -0.705836 -0.0294474 0.616107 0.287912 -0.702865 -0.575317 0.561396 0.121596 -0.358934 0.248929 -0.104018 0.132052 -0.488976 -0.124058 -0.471292 -0.332456 -0.790483 0.604448 0.40237 -0.954792 -0.497016 0.769796 0.0224973 0.309561 -0.626426 -0.758811 0.200544 -0.48076 -0.122058 -0.598743 -0.533945 -0.00208852 -0.210624 0.563188 0.643245 -0.426418 0.694092 0.231446 0.175502 -0.429743 -0.127137 0.229791 -0.0290591 0.0162625 -0.512178 -0.363811 -0.0628908 -0.706121 -0.0781686 0.146248 0.589418 0.258977 0.0351094 0.122891 -0.0794686 0.454854 -0.432823 -0.429256 0.00893617 -0.442078 -0.225059 -0.352286 -0.190357 0.240071 0.231655 0.479746 -0.564519 -0.189828 -0.188668 -0.291139 0.324675 -0.216064 -0.104757 0.231557 -0.00937019 -0.216175 -0.566987 0.294042 0.663896 0.0419448 -0.517694 -0.926105 0.814241 -0.910967 0.148228 0.632735 0.415619 0.394616 -0.198337 0.144684 0.269838 0.848051 0.441104 -0.263622 0.258757 -0.36032 -0.522218 -0.197638 -0.212534 0.110175 0.131154 0.321111 0.220458 -0.761798 -0.463196 -0.361613 -0.46069 -0.450915 0.54298 0.503522 0.136008 -0.325854 -1.10468 -0.758365 -0.68463 0.578139 0.650769 -0.763028 -0.242341 0.670789 -0.394485 -0.244778 -0.622504 -0.573188 0.712742 0.505219 -0.875643 -0.362861 -0.269529 0.160641 -0.0937248 0.644305 -0.219959 -0.142499 0.496432 0.16068 -0.920633 -0.284012 0.769045 0.644018 -0.759082 0.731761 0.235783 -0.69943 0.0260783 0.864184 0.167816 0.3871 0.604734 0.597309 0.201302 
12 78 10 16 227 40 212 32 165 181 218 218 48 76 229 209 22 55 237 7 182 11 144 186 120 176 183 171 134 7 191 24 225 205 177 251 239 109 248 137 151 34 63 103 193 19 70 140 47 56 27 51 88 126 5 89 59 4 196 15 191 78 228 219 149 185 110 55 240 211 70 78 160 101 235 169 9 23 22 3 229 115 65 97 163 163 84 32 109 247 187 152 94 206 43 56 31 202 60 150 39 231 46 191 88 191 93 61 100 115 219 120 214 120 241 1 147 186 44 106 200 242 10 80 26 129 41 43 113 230 83 4 122 193 233 23 10 90 224 165 167 130 221 227 132 5 196 243 33 213 108 14 138 136 93 127 12 29 193 111 130 118 207 127 138 129 24 92 57 223 193 126 166 212 233 148 27 104 114 36 40 119 225 202 20 157 207 105 43 170 68 248 76 187 115 188 165 205 78 174 23 141 194 56 245 101 145 154 45 56 71 116 129 222 37 59 201 15 173 191 52 88 39 210 229 176 35 80 240 154 31 75 181 113 152 116 68 121 
0.0790555 -0.740821 0.801633 0.548949 -0.49297 -0.582767 -0.55704 -0.166899 -0.343682 0.0938884 0.399709 0.655323 -0.349436 0.0499355 0.44304 -0.601711 -0.294997 -0.222107 -0.506423 0.56219 -0.302327 -0.954878 0.460794 -0.3523 -0.576773 -0.361265 0.268067 -0.646438 0.380032 -0.820944 -0.453669 -0.483267 1.04676 0.243423 -0.853075 -0.210587 -0.382377 0.692715 0.377206 0.751439 -0.547125 -0.236157 -0.292458 0.143053 -0.553391 0.093743 -0.238448 -0.250521 -0.586173 -0.316461 0.495395 -0.189457 0.0853993 -0.589132 0.221871 0.386207 -0.195489 -0.168337 -0.195157 0.0911457 -0.75822 -0.00762291 -0.468946 -0.254806 0.34677 -0.130455 0.131519 0.0640973 -0.255241 0.761407 -0.180085 0.377404 0.717757 -0.121505 0.0361032 -0.325254 0.191503 0.00430191 -0.411893 0.312934 -0.123574 0.25073 -0.597012 0.310799 0.135657 -0.389043 0.600594 0.74399 -0.622369 0.313688 -0.43575 0.810953 -0.114028 -0.466328 0.0751158 0.629851 -0.144292 -0.325122 0.0274911 -0.597468 -0.0540956 1.21776 0.281245 -0.455569 0.443732 -0.320156 1.20341 0.42612 -0.242589 0.0344783 0.472907 -0.361476 0.302685 -0.183596 -0.0445378 -0.331633 -0.180187 0.409686 0.782159 -0.0629317 0.42369 -0.266476 -0.575179 -0.585885 0.263915 0.305649 -0.109771 0.446582 -0.766995 0.215144 0.58529 -0.889695 0.77319 -0.461415 0.123491 -0.545699 0.192394 0.631998 0.247257 -0.523246 0.714599 0.258037 -0.834603 -0.51427 0.182782 -0.462096 -0.318948 0.531031 0.242702 0.203052 0.487228 0.284687 0.369443 0.280374 0.0998587 -0.591812 -0.377209 -0.957721 -0.344751 -0.398556 -0.242649 0.422146 1.06158 -0.632033 0.0453495 0.345767 0.0282586 0.338269 0.0927601 0.617446 0.0903733 0.294888 -0.258656 -0.473648 -0.13264 -0.0581153 0.204056 -0.583818 -1.14624 -0.159916 0.129647 -0.334666 0.134094 0.275024 -0.181423 0.562498 -0.250191 0.47093 0.104021 -0.0679283 -0.372278 0.527723 -0.203057 0.151777 -0.388394 0.258991 -0.284482 0.314107 0.339276 -0.259326 -0.245196 -0.479781 -0.957432 -0.112451 0.307366 0.773344 -0.0408068 0.578752 -0.199672 0.0933194 0.124916 -0.55547 0.311606 0.384718 -0.669822 0.54368 0.425255 0.549128 -0.326491 0.387043 -0.19062 -0.0437394 -0.261074 0.088413 -0.831072 0.817858 0.352287 -1.15647 -0.859298 -0.114108 -0.0815113 -0.0643201 0.559901 0.385616 0.427202 -0.286838 -0.555671 -0.246968 
226 37 7 61 140 209 3 10 149 233 95 158 68 68 90 233 231 35 58 160 230 208 196 214 175 115 176 152 216 113 38 236 30 140 243 194 173 207 143 48 231 237 186 238 167 47 169 79 20 229 41 108 249 139 24 162 188 114 180 229 57 193 191 138 203 148 223 22 110 96 178 90 113 196 59 251 238 96 47 134 146 244 147 247 135 28 45 190 91 196 204 141 31 229 11 32 114 5 139 54 138 105 107 53 131 228 239 142 163 138 215 81 215 190 163 130 200 247 175 66 117 193 49 237 111 216 223 64 17 148 154 139 42 178 32 55 1 170 65 162 202 114 139 189 138 118 155 248 195 204 84 38 128 101 40 188 190 234 191 230 202 73 162 141 227 165 139 177 152 242 127 7 125 43 209 98 53 27 87 173 87 71 181 102 41 136 97 63 147 168 146 255 210 77 9 85 108 136 41 126 86 155 218 26 160 31 151 172 154 203 157 207 57 88 181 255 116 179 70 156 5 132 98 35 74 14 61 200 204 78 72 39 38 169 157 8 1 165 
-0.656254 0.579685 -0.442141 -1.10838 -0.559895 0.127982 0.296511 0.113672 1.03891 -0.390349 0.420666 -0.634737 -0.613603 0.295128 -0.22164 0.0250348 0.724781 0.21897 0.904323 0.350253 -0.255334 -1.09817 -0.352648 -0.759064 0.570144 -0.12672 0.188718 -0.416616 0.414291 0.437847 -0.17723 -0.137977 0.171612 -0.225014 0.534674 0.455351 -0.580351 -0.126281 -0.326243 0.875342 0.537841 -0.167899 -0.321529 0.00437291 0.52211 0.000902031 0.0379869 0.422344 0.269918 0.425184 -0.456598 0.329141 -0.608652 -0.598551 -0.29587 -0.176804 -0.0777025 0.651569 -0.397164 -0.0506459 -0.0608173 -0.672735 -0.42619 -0.176693 -0.240552 -0.752385 0.132613 -0.745503 -0.130673 -0.475883 -0.0879391 0.0652793 0.45799 -0.685846 -0.47697 0.262439 -0.294511 0.31752 0.522521 0.743681 0.584418 0.670096 0.0337823 0.544581 0.510842 -0.372081 0.495214 -0.0484252 -0.259288 1.1727 0.318234 0.497494 0.797639 -0.380754 -0.950917 -0.206821 -0.631713 -0.318327 0.216746 -0.479415 -0.151515 -0.42223 0.0506161 -0.516966 -0.0801773 -0.373035 0.123866 -0.636249 -0.819482 0.00108801 -0.106345 -0.616436 -0.31785 -0.0196035 -0.358962 0.290986 0.452686 -0.831495 0.382013 -0.119935 0.502257 -0.430466 -0.504555 0.0917673 0.187851 0.203928 0.299411 -0.170193 0.382169 -0.238692 0.529608 -0.0659455 -0.941266 0.34484 0.668415 0.0999828 0.544681 0.835529 -0.32324 -0.423747 -0.217938 -0.318064 0.145943 -0.623235 -0.419449 0.394549 -0.421582 0.257102 0.0801678 0.676202 -0.613815 -0.258888 -0.753458 -0.525672 -0.555245 -0.529384 -0.473985 -0.0315227 0.155769 0.278205 -0.550687 0.199209 0.454604 -0.618277 -0.183612 -0.318526 0.280924 0.309409 -0.369825 -0.686796 -0.422827 -0.317749 0.60098 0.0889053 0.262752 0.182608 -0.807706 -0.423229 0.263948 -0.465604 -0.542548 -0.466794 0.364315 0.693611 -0.429262 0.0625921 0.627626 0.360349 0.129137 -0.650868 0.26199 0.132162 0.328032 0.345722 0.803736 0.999484 -0.402787 0.220418 -0.333392 -0.0697298 -0.0974382 0.434001 -0.773646 -0.765506 0.988297 0.344693 -0.0111633 0.209485 -0.731196 -0.602936 -0.154039 -0.138729 0.676654 -0.118635 -0.725819 0.913056 -0.536161 -0.456989 -0.747859 0.542449 0.260075 -0.242984 -0.0095752 0.419545 -1.23791 -0.390372 -0.573817 0.390511 -0.0278386 -0.695791 0.605931 0.550634 0.427865 0.133719 -0.246139 -0.915072 0.833192 0.245373 
15 74 35 123 38 88 192 53 181 152 42 78 138 237 38 196 152 51 127 2 115 160 119 11 167 96 255 74 123 51 110 160 1 109 167 251 237 87 222 210 255 2 56 65 128 27 194 79 146 208 62 137 32 125 241 15 218 88 27 135 234 175 212 232 132 198 116 88 133 192 114 138 137 14 91 223 16 56 127 95 197 54 235 97 13 219 30 119 206 118 27 170 100 13 109 222 70 44 242 152 71 219 199 110 246 214 8 36 124 177 108 45 249 44 222 1 77 149 18 134 153 21 225 40 31 5 171 135 242 140 109 57 144 113 191 63 185 129 195 93 143 7 115 190 188 177 68 192 244 111 80 145 136 119 98 105 163 108 13 1 109 185 233 154 38 252 99 227 55 92 192 195 206 113 206 135 66 71 186 110 112 239 93 64 10 255 75 183 239 6 233 65 253 247 79 226 19 4 202 155 9 30 179 244 76 240 255 172 1 170 154 103 37 138 109 143 106 102 196 145 13 114 22 211 99 143 135 138 52 163 229 25 20 0 5 44 111 243 
0.11922 0.0702956 0.022736 0.821606 -0.0242017 -0.15773 -1.06023 -0.280516 -0.654198 0.157647 -0.560793 0.463928 -0.234505 -0.0334658 0.527275 0.060192 0.7128 0.559616 0.0585767 -0.458404 0.206718 0.294582 -0.0557466 -0.415329 -0.0857527 0.26026 0.0467846 0.501925 0.0539021 0.714943 0.176432 -0.211715 -0.192052 0.292762 0.0511477 -0.460387 -0.593708 0.14837 -0.497738 0.183316 -0.835314 -0.756188 -0.330603 -0.0290124 0.801197 -0.317564 0.585845 -0.562137 -0.272378 -0.150099 -0.945724 -0.438111 -0.133481 -0.430706 0.653344 0.16373 0.107037 -0.524523 0.148036 0.0340285 0.367456 0.196372 -0.169226 -0.0242909 0.594899 -0.687508 0.385933 -0.519265 0.11697 -0.0558903 -0.194861 0.655665 -0.565959 -0.203669 0.118789 -0.0157712 -0.39344 -0.343925 -0.457235 0.184209 -0.53211 0.452336 -0.752576 0.0353367 -0.72397 0.714157 -0.159517 -0.962484 -0.772591 -3.7531e-005 0.561678 0.0230893 -0.282426 -0.759062 0.30377 0.145666 0.394491 -0.0380942 -0.218512 0.187113 0.0222592 -0.581986 -0.235388 0.0504558 0.190761 -0.376391 0.30795 -0.128252 0.054108 0.326645 0.65349 0.516974 -0.357058 0.946514 0.275705 -0.495014 -0.238452 0.386306 -0.252375 -0.245422 -0.361387 -0.495341 1.36511 -0.322436 0.0643919 -0.593276 0.361355 0.451155 -0.487763 -0.321696 0.156746 -0.10246 -0.00697608 -0.570336 -0.771667 0.149998 0.729905 0.715847 -0.612251 0.123251 0.34858 0.054344 0.0992177 -0.0814977 0.534912 0.0981164 0.296089 0.776762 0.391846 0.18561 0.610752 -0.95221 -0.89172 0.194671 -0.493469 -0.0495696 0.0203748 -0.0697814 -0.560015 -0.385789 0.520915 0.298127 -0.150937 -0.0209113 1.14454 0.309896 0.299399 -0.666323 -0.725183 -0.575622 -0.285711 -0.467318 -0.451333 0.6673 -0.571862 0.136001 0.565351 -0.0758916 0.645797 -0.0450018 0.349214 -0.325147 0.298187 -0.243342 0.550221 0.317064 -0.277553 0.199541 -0.233647 -0.00515135 -0.680992 0.127194 0.494298 0.00742137 0.750355 -0.363979 0.68822 0.515031 -0.506724 0.136398 -0.236644 -0.313499 -0.15504 -0.0332823 -0.179613 0.143306 0.365482 -0.779255 -0.172282 0.978677 0.570618 -0.0546641 0.441982 0.120216 0.578467 0.412693 -0.47971 -0.070458 -0.601543 0.336826 -0.307506 -0.183989 0.430907 -0.0714065 0.0666752 0.0932656 -0.650076 0.327653 0.193672 0.629229 0.621719 0.00974805 -0.752163 0.559026 -0.0942731 -0.806949 0.353265 0.739728 
38 54 47 191 77 49 72 43 192 166 62 167 69 38 39 191 136 202 67 57 223 125 19 4 50 117 172 203 112 67 175 197 141 46 250 15 100 134 232 150 206 64 109 190 19 81 8 108 247 52 254 24 64 217 38 10 78 211 201 17 9 129 156 39 106 69 214 113 161 241 42 23 196 217 182 15 219 5 131 26 255 53 245 175 15 173 192 173 50 145 245 204 104 144 122 34 198 233 10 19 150 162 143 142 21 126 61 63 116 69 209 175 177 211 92 160 51 164 29 243 43 104 218 34 120 105 192 49 193 113 78 61 33 156 14 76 175 194 96 189 107 115 139 152 191 117 245 250 204 136 160 210 239 232 149 104 119 88 199 31 175 157 249 104 90 174 151 19 232 27 101 60 80 232 46 107 19 23 187 139 144 108 234 202 53 55 3 42 191 247 186 131 212 150 172 104 23 192 15 185 144 55 13 57 203 153 115 75 51 19 172 130 81 210 249 199 187 248 40 2 42 122 55 61 203 224 112 186 77 222 189 143 238 243 94 93 186 237 
-0.300673 0.260666 0.398749 -0.056078 -0.684337 0.555356 -0.329297 -0.351785 -0.48676 -0.491148 0.642261 -0.661572 0.513553 0.1396 -0.0871799 -0.213285 -0.277316 0.0859351 0.443211 0.0916885 -0.550092 0.271207 -0.512713 -0.252227 0.345963 -0.382998 0.534452 0.450667 0.670517 -0.138602 -0.344206 -0.129671 0.427675 -0.466623 0.522094 0.124834 -0.167674 0.146634 0.155043 -0.414135 0.130235 -0.434154 -0.684365 -0.146104 0.647875 -0.358112 -0.42237 -0.710598 -0.602439 -0.197379 -0.346757 0.631513 -0.157744 0.122943 0.165968 -0.373509 -0.392398 0.217068 -0.156098 0.210106 -0.0116023 0.219316 0.192172 -0.463019 -0.245021 -0.206605 -0.328637 -0.456186 -0.253966 -0.929715 0.551249 0.296743 -0.762028 -0.0734898 0.570012 0.275715 -0.350035 0.497756 -0.588066 -0.00161155 -0.501593 0.668242 0.478651 0.296716 0.399275 0.455766 -0.779907 -0.245658 0.557609 0.574502 0.32092 -0.598028 0.150608 0.474979 -0.189629 -0.150005 0.135525 -0.569635 0.473602 -0.0161802 -0.251712 0.281729 0.180386 -0.610121 -0.081802 -0.391032 0.105118 -0.754042 -0.065963 0.167558 -0.130193 0.091118 0.476118 0.607344 0.310586 -0.557878 0.392256 0.00183345 -0.140907 -0.273695 0.791802 0.251333 0.319421 0.718694 0.344612 -0.0278914 -0.389451 0.227202 -0.136026 -0.328221 -0.650497 0.0812034 -0.267118 -0.0209318 -0.190265 0.472396 0.0441832 0.282405 -0.55792 0.431218 -0.709014 0.0779527 0.430361 0.345324 0.142633 0.056827 -0.428279 -0.651342 -0.913001 0.231151 0.179401 0.165983 0.124932 -0.331983 0.347322 0.446442 0.729672 0.351708 -0.355977 -0.3713 0.212178 0.593197 0.181807 -0.604592 0.446393 -0.0149698 0.044363 -0.0686888 0.0720196 -0.0998578 0.429694 -0.139362 0.393256 0.969318 0.816572 -0.945697 0.386936 0.435565 0.00538698 -0.344859 0.89087 -0.637907 -0.259361 -0.291118 -0.32588 -0.135008 0.47797 -0.28295 -0.973471 -0.807577 0.423552 -0.928862 -0.440927 0.29292 -0.167006 -0.871874 -0.460253 0.734841 -0.116446 -0.543381 0.965237 -0.505233 0.544234 -0.514877 0.52987 -0.0853949 0.901676 -0.600338 -0.509434 -0.103192 0.588189 -0.0345872 -0.607812 -0.178577 -0.0527059 0.285988 0.750607 0.0824601 0.0179986 0.534037 -0.148473 -0.706546 0.0531908 0.273654 -0.446218 -1.02538 -0.308048 -0.0406313 0.164193 0.0775357 0.054175 -0.194491 -0.0978042 -0.161918 0.113261 -0.188019 -0.279802 -0.0234237 
12 237 129 30 142 166 225 52 67 65 226 11 197 221 115 106 226 40 210 57 160 88 126 53 137 42 101 116 229 167 23 212 9 225 232 142 213 113 151 180 1 126 100 14 254 219 11 176 188 60 228 69 75 152 106 240 168 66 196 196 156 223 15 98 42 193 243 109 43 13 82 123 3 227 86 203 250 182 135 217 115 12 41 20 162 92 66 87 237 185 213 242 214 120 130 44 64 157 176 249 34 253 56 40 165 140 94 100 129 202 139 7 169 102 17 54 201 53 21 47 150 214 114 150 82 253 54 202 89 7 8 212 147 31 159 63 192 249 216 11 13 166 173 91 220 120 145 69 164 252 90 30 44 2 182 116 80 73 8 19 21 227 190 87 186 61 16 33 91 176 172 191 172 2 130 65 242 91 222 131 215 178 241 234 10 74 218 152 177 79 241 167 218 106 199 161 125 139 78 61 205 115 85 21 117 229 205 74 10 230 222 98 234 5 219 48 169 27 219 125 228 162 84 74 189 200 118 194 64 39 57 68 61 244 5 13 217 247 
-0.138836 -0.608269 0.563282 0.382208 -0.461082 -0.240361 -0.0151285 -0.196191 0.235339 -0.140501 -0.461037 0.156996 -0.172488 0.703797 0.309237 0.14109 -0.108618 -0.462392 -0.168481 0.11143 -0.106352 -0.00481109 0.182261 0.486941 -0.255366 0.320181 0.168442 -0.0482464 0.337407 -0.00880857 -1.19574 -0.245984 -0.723449 0.576968 0.455029 0.976012 -0.0942432 -0.46545 -0.482659 0.187654 -0.00508101 0.0292477 0.350488 -0.158158 -0.589675 0.808429 -0.487563 0.360418 0.105347 -0.620249 -0.584803 -0.68874 -0.592838 0.829877 0.709217 0.159919 -1.00865 -0.632975 0.131551 -0.287386 0.21835 0.206058 -0.52949 -0.0905248 0.664707 0.38187 -0.704209 -0.288879 -0.407913 -0.657635 0.113563 -0.41724 0.0569842 -0.287717 -0.197252 0.240107 -0.0520229 -0.0894985 0.418583 -0.420027 -0.0321738 0.245732 -0.932235 0.0394626 -0.602343 0.336121 0.999112 -0.507494 -0.00706257 0.583044 -0.457835 0.212973 -0.338011 -0.211005 -0.792165 0.0243554 0.012003 -0.413005 0.601873 0.145762 -0.372026 -0.443262 -0.13414 0.52668 0.550397 0.0089417 0.32744 0.23795 -0.00988436 0.00231792 0.0938773 0.440632 0.731488 0.387549 -0.510319 -0.460638 0.722148 0.364499 -0.245767 -0.624406 -0.692967 0.731301 -0.507828 0.131492 -0.0432144 0.106486 -0.248952 -0.213409 -0.399724 0.810739 -0.717998 -0.543657 -0.388102 0.401961 0.497363 0.641985 -0.442628 -0.850715 -0.843575 0.298775 0.242596 -0.0607877 0.0757853 0.196069 -0.357163 0.524036 -0.387309 -0.523732 0.233234 -0.426035 -0.595086 -0.159822 0.288395 0.530118 -0.633902 0.317034 0.0448088 0.173964 -0.0360412 -0.865597 -0.692286 -0.444241 -0.584141 -0.738865 -0.208776 0.238588 0.0316539 0.479089 -0.0436647 -1.32224 -0.667834 0.179272 -0.0954372 -0.520863 0.752943 -0.659277 -0.399833 0.877374 0.405693 0.515115 0.28651 -0.118959 0.432223 -0.0955679 0.470711 0.630112 0.0517179 -0.174397 0.287041 0.0818669 -0.126309 -0.527301 -0.0423615 -0.543741 -0.226826 0.173423 -0.222958 -0.314898 -0.616785 0.418299 -0.47215 0.0427476 -0.430899 0.612019 -0.339564 -0.113729 -0.623113 -0.142713 0.153682 -0.45562 -0.130147 -0.199314 -0.312098 0.491714 0.214443 -0.248401 -0.189796 0.0727437 0.771907 -0.461441 -0.163771 0.1251 0.254248 -0.171792 -0.212562 -0.358165 0.736871 -0.212758 0.16081 1.0466 -0.00100259 0.443595 0.541361 0.282667 0.611853 -0.0122647 -0.427116 0.64046 
179 108 207 106 235 214 169 107 151 18 218 165 39 79 6 145 122 85 130 195 0 26 167 222 64 25 147 210 112 237 93 219 29 218 179 78 51 143 76 14 159 35 141 224 191 73 130 213 117 226 148 101 113 246 198 55 50 47 244 38 249 19 187 68 124 49 119 196 174 102 21 202 192 99 242 39 47 57 165 254 246 84 225 2 107 186 109 152 122 113 172 20 217 21 33 152 103 178 137 68 224 86 20 73 87 147 150 171 116 63 9 158 240 215 173 187 69 200 250 118 146 6 140 39 1 136 237 126 226 140 195 67 240 182 0 11 251 159 62 210 33 136 17 80 27 133 119 237 27 149 255 67 76 168 81 49 200 149 21 197 132 4 59 107 86 77 17 244 21 26 0 139 16 238 189 75 117 205 59 121 22 144 225 51 51 163 109 9 154 255 254 38 3 77 30 37 94 94 7 177 15 217 25 215 193 104 251 245 234 196 194 241 216 225 29 41 248 14 197 20 196 39 50 129 143 204 179 251 158 231 11 229 66 85 179 70 117 155 
-0.0804241 0.21986 -0.793736 -1.24807 0.588024 0.263946 -0.515969 0.0373164 -0.64242 -0.228948 0.399574 0.881826 -1.13569 0.216881 0.183806 0.419748 0.766642 0.368408 0.335837 0.561689 -0.737306 0.0703022 0.191643 0.3462 -0.406539 0.65726 -0.0368303 0.420862 -0.554235 0.710475 0.34906 0.254555 1.22586 0.0380738 -0.238342 -0.0725117 -0.537123 0.487884 -0.152387 0.458283 -0.404219 0.345374 0.445951 -0.435564 0.59307 -0.262147 0.540237 0.573972 0.102174 -0.0283866 0.0320432 0.085105 -0.101649 0.489534 -0.544141 0.179361 0.199967 0.201772 -0.439114 0.0284871 0.270293 0.641449 0.382518 -0.328466 0.234898 0.0397514 0.418339 -0.495552 0.847802 -0.409109 -0.34881 0.602151 -0.910289 -0.191979 -0.272151 -0.0967585 0.173524 -0.00536409 -0.280565 -0.530024 -0.795646 0.408898 -0.287028 0.2342 0.19367 -0.282853 0.652102 -0.339861 0.45083 -0.694326 0.327193 -0.138904 -0.254131 0.299091 0.27107 -0.132516 0.318348 0.944497 0.4777 -0.0911468 -0.217519 -0.483972 -0.261946 0.207941 -0.0579039 -0.239862 0.154078 0.304999 -0.494012 -0.671182 0.154197 -0.456825 -0.0629974 0.337186 0.440697 -0.516991 -0.34985 -0.790961 -0.0737355 -0.856773 0.483278 0.30361 -0.0910726 0.171632 -0.0249349 -0.320499 -0.0329039 0.362255 -0.473475 0.403133 -0.430154 0.00570462 0.372825 0.271373 0.504711 -0.458831 -0.596368 0.315798 -0.17358 -0.548226 0.423104 -0.309268 0.0225786 -0.4 -0.022019 -0.444858 -0.180816 -0.263746 -0.0532702 0.0763412 -0.603397 0.47764 0.353006 0.48985 -0.422182 0.138518 -0.0575906 -0.434354 0.108022 0.164377 -0.57058 -0.879706 -0.900385 -0.287212 -0.460178 -0.316513 -0.461048 -0.509674 -0.136082 -0.273079 -0.158764 0.801326 -0.0570826 -0.0245972 -0.0718142 -0.385795 0.496908 -0.0382314 0.467697 -0.584059 -0.216557 0.591176 -0.34615 0.755796 -0.790904 0.310714 0.668784 0.14212 0.0504075 -0.172891 0.938675 0.141648 -0.646301 -0.00364044 -0.492113 -0.121353 -0.0760649 -0.347115 0.199791 0.0249556 0.698764 -0.505048 -0.239635 0.279404 0.39731 -0.067424 -0.176529 -0.410772 0.326659 0.210212 -0.242205 -0.191738 0.445466 -0.287756 -0.853435 0.442146 -0.349528 0.183369 -0.465161 -0.74154 0.02537 0.0529048 0.154215 0.390884 0.0674474 -0.307475 -0.347666 -0.783106 0.342667 0.194135 0.483757 0.13573 -0.150853 -0.524067 1.28463 0.386408 -0.390567 0.284537 
114 160 45 20 231 161 202 39 212 122 236 16 70 46 80 70 197 196 227 86 221 226 147 247 211 26 55 52 115 75 108 165 77 101 54 80 118 229 201 147 46 36 76 75 97 194 205 204 12 47 23 225 204 26 233 183 45 25 123 44 169 152 153 80 183 125 34 82 161 77 148 217 90 192 4 163 229 181 252 144 65 231 152 242 129 220 254 172 25 84 217 3 55 136 234 222 255 110 222 2 14 216 245 177 107 246 54 194 192 225 168 171 185 97 228 138 99 251 108 42 240 107 105 5 44 135 136 125 33 110 244 10 172 239 133 135 67 8 130 219 208 86 232 132 201 96 18 10 246 185 197 1 64 10 81 84 130 184 20 206 40 0 255 155 120 67 202 55 70 185 141 231 5 57 172 173 175 30 131 200 160 49 114 104 39 36 236 168 178 247 208 218 176 221 150 134 177 45 8 172 243 192 177 39 54 79 230 22 195 0 106 200 11 195 140 117 56 255 117 80 131 145 67 26 154 248 233 183 73 192 63 43 159 74 1 207 12 71 
-0.0819245 0.550028 -0.453046 -0.370869 0.425295 0.404545 0.270101 -0.475327 -0.621404 -0.0532404 -0.200074 -0.176447 -0.160211 0.469759 0.0493475 0.45435 0.0709358 -0.298149 0.0917918 0.132844 -0.793286 -0.297034 -0.0721683 -0.588747 -0.485707 -0.828037 0.301752 -0.793042 0.852823 -0.981268 0.288316 -0.20957 0.291093 0.625638 0.493963 0.0705572 -0.369601 0.17833 0.630098 -0.093663 0.684799 0.0452649 -0.11227 -0.849068 -0.453774 -0.0160616 0.0797056 0.385359 -0.695986 0.386923 -0.367066 0.390244 0.0821817 -1.05403 -0.258356 0.460462 0.748463 0.189916 0.358716 -0.0860237 -0.257551 0.49873 0.0996476 -0.224972 -0.877939 -0.0782438 0.569596 0.102533 0.226373 -0.40895 -0.040802 0.292525 -0.0797166 0.805535 -0.334835 0.218295 0.595465 0.801666 -0.196263 -0.22692 -0.713856 -0.205103 0.441817 0.363365 0.0135787 0.223072 0.737129 0.623332 -0.280304 -0.207289 -0.440088 -0.517135 0.804735 -0.386869 -0.366289 0.0509106 -0.831054 0.415739 -0.147347 0.0426202 0.190155 -0.60942 0.106292 -0.219233 0.469112 0.67523 0.781942 -0.170605 -0.199981 0.277098 -0.907609 -0.22658 -0.616097 -0.0223572 -1.09506 -0.721497 0.457653 -0.237487 0.701176 -1.01736 -0.588938 0.498671 0.32061 -0.674424 -0.307641 -0.146095 0.425095 -0.411293 0.711057 -0.691512 -0.0471794 -0.259661 0.0345162 -0.471994 0.313067 0.829201 -0.449611 -0.692989 -0.174565 -0.161712 -0.38219 -0.433861 0.153703 -0.0223231 0.255322 0.0109881 -0.408499 -0.314215 -0.509017 0.958295 0.448997 0.833019 -0.748455 0.357806 0.932229 0.477699 0.862497 -0.62637 0.194896 -0.692979 0.402618 -0.702402 0.102921 0.541876 0.41626 -0.671987 0.823791 -0.0760768 -0.655242 0.57295 -0.648464 -0.476868 -0.535988 0.453686 0.215026 0.121806 -0.190325 0.387531 -0.377594 -0.71197 0.0576731 -0.485132 -0.395705 0.037461 0.6863 -0.0924602 0.371586 0.0947679 0.684381 -0.0716673 0.0134743 0.147959 0.922329 0.393725 -0.669251 0.085769 0.391945 -0.534586 0.437924 0.221461 -0.714328 0.750623 -0.439819 0.0474862 0.162226 -0.521615 -0.969383 -0.184143 0.38057 0.429273 0.259492 -0.187981 0.114434 -0.236144 -0.598763 -0.711766 -0.14462 -0.381767 0.199468 -0.56735 0.23211 0.0926077 -0.307763 -0.340355 0.427694 0.563681 -0.156371 -0.292364 -0.0278906 0.310766 0.445588 -0.223025 0.11863 0.548435 -0.0930262 0.165508 -0.218108 -0.0338432 
1 185 46 161 172 64 85 42 103 180 17 121 36 130 88 84 136 119 13 176 17 41 229 180 159 184 79 105 77 126 253 160 236 195 251 151 130 158 157 54 164 89 87 94 242 110 201 186 4 165 184 10 119 243 87 48 31 82 57 174 58 64 85 2 229 3 39 131 110 142 124 15 177 80 220 86 199 210 31 26 74 17 236 165 242 68 74 249 26 208 216 243 192 169 23 122 82 189 19 242 48 180 146 116 127 180 101 86 8 68 190 60 197 29 178 90 26 55 216 229 110 38 57 94 48 173 105 217 166 169 152 17 18 86 247 181 54 8 214 235 116 65 31 30 3 204 49 187 177 126 14 75 195 252 230 96 130 16 3 8 142 226 155 80 16 32 213 40 64 93 151 83 44 175 38 37 203 72 63 109 252 165 24 20 202 184 181 226 171 206 150 53 19 214 247 151 169 231 114 30 227 135 34 229 207 34 116 237 232 23 220 78 2 141 160 147 237 102 157 44 70 76 250 225 135 172 117 235 181 71 238 60 1 62 43 239 93 253 
0.343775 -0.231207 0.0762443 -0.278501 -0.917807 0.0706699 -0.00974783 -0.067312 0.534366 0.043311 -0.838431 0.51369 0.880482 0.493844 -0.0857669 0.0802253 -0.118289 0.404654 -0.238382 0.655403 0.122103 -0.0109226 0.113098 -0.205071 0.420327 -0.063203 -0.199888 0.0140746 -0.331548 0.234821 -0.318923 0.226571 -0.889684 -0.659531 0.632691 0.301864 -0.603805 0.65705 0.181779 0.423638 -0.82745 0.507998 -0.798303 -0.711517 -0.412931 -0.575277 0.587476 -0.765786 0.532945 -0.135978 0.796362 -0.316142 0.220618 -0.530864 0.294303 -0.337195 -0.488159 0.450671 -0.0666315 0.507523 -0.51837 0.581983 -0.37623 -0.901211 -0.403267 -0.481894 0.598329 0.0020107 -0.381911 0.0411578 0.952671 0.295603 0.169128 -0.368831 0.49037 -0.0240381 0.490491 0.617841 -0.320791 0.718977 0.137344 -0.00338114 -0.579335 -0.589029 0.0164788 -0.425178 -0.607472 -0.857467 0.0457723 -0.623561 -0.57256 0.382515 0.267094 0.176247 0.424401 -0.717158 -0.811591 -1.05792 0.462965 -0.646857 -0.782497 0.186013 -0.602604 -0.320616 -0.0950203 0.343662 -0.331369 -0.376449 -1.04753 -0.330446 0.0910073 0.601857 -0.467019 -0.645266 -0.608081 0.37923 -0.323939 -0.849184 0.29242 -0.553413 0.0259772 -0.0764545 0.411301 -0.383169 0.616493 -0.58955 0.109138 -0.303584 -0.257356 -0.35256 -0.87182 -0.169754 -0.274993 -0.367587 -0.323331 0.144374 0.638013 0.427577 0.341915 -0.586567 0.540177 0.550507 0.484219 -0.0962136 0.220959 -0.0521298 0.502735 0.312587 -0.326443 -0.163679 -0.674117 -0.193075 0.00849931 -0.817206 0.172072 -0.0298193 0.143793 -0.268221 -0.760116 -0.802277 0.403958 -0.315852 -0.157393 -0.788585 0.678419 -0.27007 -0.371455 -0.657889 0.513852 0.304246 -0.51508 0.483994 -0.374714 0.795844 -0.669643 -0.185241 0.371242 -0.13038 0.319013 -0.386062 -0.384276 0.226215 0.13822 0.648731 -0.342232 -0.213145 0.290629 0.182646 0.329473 0.365794 -0.580012 0.324508 0.604047 0.399769 0.406814 0.192554 0.53851 -0.416132 -0.114602 0.48127 -0.47655 0.298969 -0.700273 0.218828 0.0497015 0.0853785 -0.0770129 0.147295 0.389218 0.624206 0.591995 0.00521684 -0.0815969 -0.70175 0.456319 -0.737961 0.433818 -0.335056 -0.594709 0.44755 -0.232515 0.294933 0.472237 -0.610492 1.38882 -0.802805 0.332774 0.850846 -0.707032 -0.694476 0.0129208 -0.333848 -0.784948 -0.114261 0.469543 0.266884 0.478157 0.249438 
216 171 181 198 112 192 109 168 57 233 118 97 251 198 71 231 251 128 65 96 99 120 102 208 102 168 28 90 56 54 210 6 153 77 147 242 143 159 111 247 197 210 214 99 68 218 190 229 159 231 13 252 171 73 111 199 81 205 166 166 197 114 26 175 170 226 253 62 144 50 53 40 152 226 153 246 203 143 119 65 100 168 27 74 140 12 116 132 240 5 128 189 244 240 57 101 227 189 135 83 81 93 137 254 152 154 82 211 6 164 49 109 228 187 155 168 10 108 137 203 74 247 71 157 10 150 222 63 244 99 77 129 217 183 37 184 87 142 186 77 20 153 91 152 168 15 44 17 232 87 32 204 246 165 137 40 174 45 245 206 153 117 38 229 207 241 118 44 93 176 137 11 209 190 129 8 122 176 173 58 181 251 140 221 21 155 202 57 252 110 120 124 65 104 100 249 29 55 218 31 240 29 16 223 25 232 139 137 221 67 202 1 239 20 228 33 92 203 73 57 153 159 237 25 150 147 61 248 9 157 27 119 254 202 127 47 62 108 
-0.235544 -0.415541 -0.823074 0.0697244 0.169215 -0.00311143 0.692871 0.58943 0.0323301 0.116951 -0.667516 0.0903954 -0.438876 0.613673 0.0667676 0.541466 0.211116 -0.5079 0.643285 0.34682 0.64466 0.448574 -0.263358 0.187301 -0.569984 0.57294 1.01566 -0.275164 -0.819738 -0.149926 0.526743 0.436248 0.0529282 0.243233 -0.332739 -0.233383 0.0202286 0.585384 -0.173741 0.076513 -0.435435 -0.384297 0.224842 -0.830359 -0.5046 -0.665437 0.349213 0.45748 0.314815 0.274981 0.427659 0.678801 -0.0687908 0.8215 -0.0616727 -0.142826 0.0545643 -0.131752 0.10165 0.0460854 -0.69337 0.706825 -0.66888 0.215264 0.177569 -0.577723 -0.901484 0.457297 0.78121 0.266287 0.185027 -0.276769 0.11057 -0.637546 -0.43642 0.516211 -0.740803 0.273081 -0.25209 0.420962 -0.515121 0.64261 -0.0686809 -0.515172 0.287582 0.818082 0.0447903 -0.792096 -0.0150377 -0.320951 -0.150562 -0.502917 -0.0462018 0.729994 0.359178 -0.259429 0.1264 0.30238 -0.415005 0.0741125 0.206824 0.709679 0.0185176 0.0766197 0.129911 0.25418 0.131045 -0.235487 -0.63237 -0.224631 -0.0829726 0.57478 0.518427 0.464203 0.536432 -1.06776 -0.472794 -0.224901 0.748903 -0.0778149 0.382199 0.849942 0.236219 -0.514507 -0.380796 0.546715 0.940479 0.826727 -0.105295 0.4819 -0.250008 0.292646 0.148362 0.0229541 0.431445 0.0963258 -0.170253 -0.166773 0.126608 -0.364458 -0.440805 -0.495918 -0.220493 -0.0359478 0.522701 -0.502473 -0.58828 -0.723889 -0.261059 -0.536989 0.502775 -0.0617085 -0.729178 -0.618579 -0.0613208 -0.546446 -0.348685 0.577259 0.137473 -0.692489 0.544163 0.41854 -0.332241 -0.857022 -0.688029 0.406211 0.679517 -0.811581 -0.751052 -0.511343 -0.473122 0.173178 0.568041 0.871055 0.290162 0.0328448 -0.0413727 0.615587 0.35345 -0.103111 -0.573021 0.689755 0.187167 0.151398 -0.62714 -0.737857 -0.113839 -0.669721 0.53001 -0.113098 0.377774 0.272725 -0.457605 0.419855 0.631643 -0.57382 -0.392528 0.237684 0.439397 -0.396273 -0.712089 -0.216902 -0.480785 0.366538 -0.786186 0.0929435 -0.262576 0.259073 -0.811933 0.0603872 -0.028202 0.69727 0.349263 -0.394777 -0.265216 -0.69395 -0.393182 0.345312 -0.392176 0.635276 0.286791 -0.321378 0.147712 0.143242 -0.31999 -0.362202 -0.395026 0.317263 0.670911 0.328711 -0.286348 0.200292 -0.284941 0.314103 0.654981 -0.0714484 0.367271 0.558924 
79 7 222 196 53 125 40 3 182 253 29 50 172 61 128 154 120 244 166 113 19 45 184 136 207 14 126 208 26 159 225 104 27 30 232 161 138 194 41 113 36 147 205 220 125 48 208 209 55 26 155 168 226 199 109 40 209 131 94 12 68 181 208 123 244 63 61 51 181 50 45 19 214 201 205 182 165 89 208 49 232 86 133 172 79 83 250 118 74 58 207 117 58 222 187 234 251 125 20 26 19 233 112 40 241 96 70 195 50 162 138 105 150 210 255 139 142 164 142 40 69 63 36 207 84 219 3 40 164 208 85 164 55 126 246 219 38 41 147 231 248 183 80 28 160 225 136 183 74 107 29 206 94 170 79 120 1 31 24 153 121 242 224 158 238 150 8 179 40 106 233 153 231 234 213 175 180 154 10 202 221 119 78 62 154 178 238 83 193 123 172 181 109 221 116 78 167 215 134 134 126 198 147 10 231 109 104 164 89 160 87 210 173 216 224 25 7 246 225 9 136 131 37 214 172 232 92 160 107 252 164 129 196 240 50 57 208 132 
0.578863 0.311547 0.510938 -0.0460018 -0.234007 -0.442185 0.231273 -0.350785 0.475934 -0.15382 0.67948 -0.18386 -0.19995 -0.323458 -0.189258 -0.425252 -0.639453 0.795613 0.189292 0.547737 0.0958008 -0.394581 0.394255 -0.579587 -0.586537 0.0675444 0.277707 0.365326 -0.276581 -0.639277 0.256109 0.67488 0.457062 -0.160219 0.208612 -0.285446 0.533562 0.296621 -0.908491 0.0423501 0.20615 -0.310986 0.452129 0.150965 0.317648 0.684222 0.328103 -0.225539 -0.500869 -0.0119795 -0.0754275 0.640116 -0.103748 0.443696 -0.606794 -0.695821 0.562207 0.408233 -0.519259 -0.0749411 0.114309 -0.581392 -0.221452 -0.284946 -0.632354 0.717081 0.106577 -0.831747 0.900706 0.556606 -0.535762 0.0326943 0.0859685 0.257875 0.676205 0.144582 0.827844 0.373032 0.521739 -0.124766 0.00555962 -0.284071 0.163578 0.259656 0.627311 -0.516213 -0.563103 -0.29141 -0.212575 0.153304 -0.159542 -0.557638 -0.0351125 0.211321 0.12776 -0.59948 0.262405 -0.110153 0.605657 0.428032 0.14468 1.08861 -0.181991 0.280309 0.169762 -0.786069 0.645514 0.218206 -0.060482 0.360248 0.126601 -0.527202 0.271851 0.0839829 -0.330226 -0.451915 -0.602373 -0.25752 -0.0145641 0.670897 -0.440509 0.00160101 -0.286616 0.673202 -0.205722 -0.43562 0.015862 0.197823 -0.217942 -0.519104 -0.776392 0.174082 0.344517 0.427322 0.41577 -0.159126 -0.209002 -0.397649 0.272411 -0.123599 0.675853 0.79537 0.0416808 0.030193 -0.295505 0.849635 0.0439871 -0.638252 0.34378 -0.193476 -0.505429 0.278782 0.992582 -0.110944 -0.632259 -0.243301 0.235056 -0.0344213 0.582806 -0.64244 0.294732 0.584692 0.0333712 -0.781806 -0.0498544 -0.507709 -0.673623 -0.639409 0.19752 -0.658702 0.156199 0.301193 -0.357592 0.168734 -0.567199 -0.295604 -0.675522 0.277937 -0.128631 -0.16463 0.22065 -0.134953 -0.334975 0.535561 -0.0774968 -0.222996 -0.406876 0.924371 -0.29015 -0.462797 -0.117741 0.553247 0.0613639 -0.101521 0.0295231 -0.00122748 -0.381176 -0.651865 0.853284 0.642574 -0.610229 -0.0929269 0.284683 0.536899 -0.158785 -0.208251 -0.743536 -0.0877073 -0.0201786 0.411474 0.523285 0.020553 0.308886 0.472261 1.04616 -1.20362 -0.718232 -0.539044 -0.278521 -0.512213 0.666476 -0.344669 0.492437 0.646863 -0.240729 0.841718 -0.163743 0.567898 0.663734 -0.4691 -0.297744 -0.00477866 0.495902 0.360897 0.0953159 0.685993 0.296528 -0.501813 
The following result corresponding the SNR point : 1.4 dB.
26 133 91 133 35 40 108 193 97 13 36 229 66 84 185 60 25 235 221 198 32 129 103 42 251 90 197 202 198 154 132 208 178 74 102 250 160 146 228 7 20 203 139 252 231 189 80 207 148 190 252 204 80 0 123 144 118 11 76 106 210 203 204 127 255 155 230 143 142 213 208 194 106 189 38 57 238 11 42 91 214 112 96 140 12 53 141 111 249 6 135 15 32 0 148 1 228 89 212 111 123 198 131 208 213 45 172 201 31 81 193 44 74 167 220 79 14 114 84 69 196 51 232 80 201 19 158 48 67 173 171 170 202 160 223 165 41 63 132 140 169 40 237 120 89 209 103 55 90 34 128 69 194 107 62 114 112 161 155 95 125 103 220 161 23 150 104 12 241 57 191 16 161 118 163 133 16 40 174 160 231 138 248 235 132 36 157 217 89 216 82 76 144 233 130 14 152 155 246 218 19 220 122 11 246 20 226 8 118 212 182 116 188 204 199 81 57 124 46 231 60 79 112 181 219 230 167 175 170 146 225 200 201 131 98 251 186 121 
-0.34228 0.872689 -0.297001 0.688044 0.202121 -0.0718933 -1.1644 -0.216862 0.691187 -0.0772612 -0.19752 -0.738183 -0.633659 0.384466 0.0726428 1.01087 0.407059 -0.0764461 -0.345618 -0.495138 1.10839 0.281915 0.138107 -0.388155 0.325204 0.015391 0.284158 -0.700127 -0.287304 -0.498212 -0.0704156 -0.00386933 0.054929 0.212933 -0.36988 0.173216 0.315661 0.462812 -0.646424 -0.399765 -0.274426 -0.517745 -0.803516 0.209794 -0.373939 0.00242985 -0.446354 -0.251337 0.0203292 -0.399183 0.449189 0.717033 -0.00908823 -0.134854 0.565523 -0.612972 0.105732 -0.101231 -0.0307585 -0.670271 -0.164632 -0.444813 0.407741 -0.0176181 0.448003 0.307025 -0.425454 0.448952 0.424227 0.327774 0.255557 -0.0910829 0.105886 -0.69811 0.821142 0.0253854 -0.698567 -0.0593276 -0.159135 -0.807046 0.161566 -0.337476 0.0454446 -0.479013 -0.485033 0.477368 -0.293154 -0.65993 0.620968 -0.607593 0.599845 -0.260187 0.0642191 0.486561 0.310229 0.73635 -0.430812 0.666604 -0.191409 -0.708093 -0.110387 -0.176033 0.631604 -1.07909 -0.621936 -0.438426 0.410021 -0.229661 0.769679 -0.436509 0.376654 -0.13483 0.421155 0.0679256 0.238293 0.438771 0.049246 0.264546 0.330652 1.02071 -1.40408 -0.325624 0.304828 0.344435 0.4733 0.708333 -0.268364 0.179233 0.0619178 0.135144 -0.688925 0.100105 0.144918 -0.65197 -0.236369 -0.338342 0.523342 0.724297 0.242956 0.495956 -0.364164 0.608641 0.302016 -0.258195 0.211362 0.571891 0.534216 0.238659 0.726645 -0.838733 0.542513 0.129161 -0.819135 0.350829 -0.0884541 -0.433721 -0.282513 0.0399999 0.74688 0.0922153 -0.322227 -0.349499 0.236039 -0.309029 -0.865654 0.520039 -0.454738 -0.389147 0.797651 -0.374534 -0.371981 -0.0755395 -0.850096 0.0827189 -0.10886 0.454763 0.00780451 0.42802 -0.311474 -0.197676 -0.376636 -0.0618495 0.648006 -0.163369 -0.501201 0.70313 -0.973909 0.581443 -0.39664 -0.400919 -0.522889 -0.333719 0.0635137 -0.0821547 -0.172671 0.145193 0.688031 1.07822 0.474191 0.438636 -0.0954676 0.762861 0.0644754 0.452157 0.804298 -0.443781 0.883816 -0.739292 -0.155988 -0.454323 0.486322 -0.204901 0.34964 -0.299049 0.433873 0.672726 -0.681614 1.00957 -0.672076 0.410181 -0.272779 -0.39983 0.987458 0.203039 -0.145914 0.366633 0.129523 -0.471262 -0.348329 0.0843963 0.61036 0.350626 -0.406209 1.05862 -0.76051 0.7721 -0.125059 -0.477073 
101 100 6 197 51 119 19 240 210 50 61 8 112 236 71 8 114 233 185 112 49 40 55 222 65 128 41 102 67 52 118 36 95 195 119 122 177 182 234 22 199 150 13 113 34 73 27 20 246 141 166 210 208 38 134 110 131 58 88 10 80 79 147 120 136 74 248 189 184 236 116 212 42 250 245 218 139 102 48 45 12 60 126 230 123 43 101 227 102 93 240 18 53 101 89 105 111 244 69 202 126 161 12 245 236 172 155 238 164 188 192 225 189 149 102 79 15 160 228 16 252 224 128 66 48 253 184 110 187 182 80 43 121 240 4 19 180 123 253 165 235 232 111 52 150 209 4 156 50 22 131 95 125 24 218 242 98 47 152 17 58 69 25 199 152 70 53 61 59 155 93 115 167 233 13 48 170 218 107 137 253 41 30 102 194 155 34 194 243 30 197 216 133 78 204 201 246 134 14 237 245 225 159 237 237 234 77 189 121 46 249 248 14 211 105 73 162 168 177 54 196 103 123 69 120 229 229 254 122 176 140 43 253 82 199 249 20 179 
0.59793 -0.867048 0.0859791 -0.42683 -0.147455 0.403399 0.371347 -0.0349488 -0.115218 -0.318502 0.555739 -0.569752 -0.492133 0.306618 0.331044 0.115992 -0.380658 0.593995 -0.31903 -0.654369 -0.217824 -0.560545 -0.320158 0.327216 0.332152 -0.304663 0.0214456 -0.363377 -0.168608 -0.575259 0.494463 -0.0173765 0.405295 0.527371 -0.0948196 -0.881672 0.400722 0.497859 -0.098015 -0.169808 0.511966 0.127762 0.763772 -0.482872 0.592426 0.219187 0.370691 -0.301115 0.171422 0.137403 -0.0501985 -0.121493 0.307599 -0.0937147 -0.546287 0.191214 -0.425792 -0.200495 -0.268282 -0.823793 0.304138 0.267501 0.33126 0.794737 -0.0671077 0.761655 -0.428756 0.271853 -0.279908 -0.204022 0.315102 0.26104 -0.292842 -0.0360607 0.108293 0.167978 0.419408 0.513112 -0.124311 -0.606227 0.671972 -0.265232 -0.17135 -0.144762 0.441505 0.65072 -1.04016 0.545194 -0.183039 -0.597502 -0.757863 0.362398 -0.179092 -0.306556 -0.63842 -0.129152 -0.0129918 -0.210784 -0.571487 -0.0846368 0.507719 0.217861 0.493975 -0.199397 -0.670458 -0.561249 0.596152 0.0378346 -0.604208 0.336298 0.0369031 0.186902 0.0793269 0.533097 0.61949 -0.589941 -0.206767 -0.102846 0.00301628 -0.283057 -0.352127 -0.836973 -0.266389 0.569097 -0.505728 -0.431497 -0.337354 -0.478273 -0.168923 1.04274 -0.603079 -0.177379 -0.0292508 0.590688 0.579312 0.0896835 0.653084 -0.11043 -0.158577 0.255744 -0.111987 0.257966 0.074945 -0.435851 0.389516 0.0204764 0.148551 0.105868 0.657041 0.631611 -0.0192629 0.665913 -0.247452 -0.678423 -0.531934 -0.847472 0.485062 0.132273 0.11225 -0.336368 0.401879 0.277606 -0.318464 -0.498475 0.908072 0.263359 -0.340516 -0.228969 -0.529573 -0.0264172 -0.439917 0.98966 -0.702062 0.46996 -0.593275 0.00492567 0.410659 0.564706 0.387708 -0.356883 0.0709876 0.609461 -0.363029 -0.649986 -0.413851 0.484235 0.447706 0.233814 0.712901 -0.538565 0.185134 0.885954 0.00942824 -0.213189 -0.723355 -0.325254 -0.389751 -0.277753 0.235227 0.591462 -0.164725 -0.369835 -0.192637 -0.610463 -0.446184 -0.296921 -0.532716 0.0632102 0.0273112 -0.31239 -0.902063 -0.0280055 0.0751276 0.0934995 -0.84015 0.256028 -0.806698 0.283769 0.437788 0.0324966 -0.593344 0.615252 0.854204 -0.498275 0.0274843 0.201868 -0.59071 -1.0501 -0.598404 -0.777709 0.288439 0.272465 0.323463 -0.463505 0.515825 0.335638 0.520939 0.418432 
119 246 45 234 230 107 196 181 102 241 81 139 187 150 0 1 45 176 3 242 181 180 189 45 54 65 204 218 94 181 5 120 81 42 159 205 221 33 6 128 46 212 81 32 155 123 170 164 225 245 202 225 206 7 76 98 57 22 55 85 61 138 168 210 192 219 182 0 151 47 198 223 89 219 134 163 40 155 210 106 170 69 18 31 187 117 37 19 38 103 226 194 40 128 136 25 208 202 242 204 136 57 231 237 81 111 79 134 166 31 135 227 245 88 86 31 29 203 205 161 241 192 211 128 124 110 183 109 69 229 157 119 104 142 81 200 235 174 155 64 229 12 230 69 1 115 41 216 218 175 89 97 60 61 112 55 159 225 178 67 98 15 85 236 112 59 21 164 242 101 129 241 21 10 117 103 143 10 190 149 207 92 116 182 220 188 19 60 28 116 231 226 225 149 139 245 23 64 56 151 234 4 222 133 23 46 59 29 110 153 16 73 54 128 75 192 228 194 59 148 105 231 2 189 194 28 36 21 246 64 67 97 63 250 221 72 9 79 
0.318516 0.190018 0.595212 -0.526024 0.300604 0.247738 0.366948 0.145452 -0.617506 0.246653 0.177377 -0.681752 0.280872 0.0894525 0.412688 0.476127 0.369589 -0.925839 0.482427 0.144912 -0.581968 0.504875 -0.575399 -0.786364 -0.376176 0.699073 -0.310915 -0.0913982 0.0900975 0.521945 -0.144795 0.50035 0.744734 0.0653018 0.433661 -1.01897 -0.0921788 0.384521 0.240308 0.0266508 0.49806 0.591888 -0.271849 0.94565 -0.503959 0.129899 0.52991 -0.434966 -0.202932 -0.672701 0.341042 -0.736335 -0.655398 -0.760654 0.249159 0.862646 0.451978 -0.507208 0.779849 -0.192334 0.73609 0.175021 -0.146857 0.244844 -0.191647 0.349092 -0.0158267 -0.774879 -0.369221 0.57296 -0.0205167 0.0244967 0.302612 0.109514 -0.624902 -0.790153 0.695565 0.49065 0.665597 0.228249 0.535424 -0.266304 -0.562462 -0.220139 0.210919 -0.287668 0.118312 -0.0947768 0.365496 0.0805435 -0.764256 0.500058 -0.737633 -0.41075 -0.171202 0.610541 0.249166 0.336745 -0.916312 0.354348 -0.0212113 0.444031 -0.640105 0.164427 -0.213005 0.935468 0.265964 -0.134743 0.200386 -0.622449 -0.338277 0.638505 -0.441416 0.126955 0.474682 0.16882 -0.207947 -0.821772 -0.179112 -0.242025 -0.00332169 -0.516716 -0.534572 -0.591381 -0.626542 -0.837041 0.00593959 -0.229832 0.613868 0.154117 0.600097 0.260814 -0.434448 0.653909 0.370864 -0.109013 -0.173108 -0.805523 0.186644 -0.366233 0.157956 0.539796 -0.389794 0.227922 0.270233 -0.00358287 -0.618393 -0.377785 -0.483324 -0.365526 -0.634296 -0.359301 -0.439483 -0.322642 -0.0540947 -0.487261 0.957614 0.756759 0.908549 0.786863 0.495906 -0.363806 0.00360931 -0.852483 0.478475 0.0774915 -0.521108 0.563928 -0.189668 -0.377683 0.050763 -0.728404 0.359079 0.781799 -0.253148 0.346803 0.0767265 -0.221663 0.28596 0.18264 0.099454 0.506004 -0.466844 0.53676 0.601948 0.0271948 0.701475 0.32476 -0.286649 0.888396 -0.471967 -0.794157 -0.517114 0.401944 0.0848257 -0.526505 -0.0741616 0.235038 -0.0759884 -0.474798 0.551538 -0.418996 -0.618547 -0.35361 -0.853047 -0.749483 0.386006 -0.00992791 -0.497537 -0.325055 0.247211 0.16932 -0.512581 -0.722997 -0.395178 0.318441 -0.383649 0.0991045 -0.523422 0.707749 0.395896 0.000850565 -0.0219602 0.202181 -0.152944 0.135916 0.339857 0.646145 0.334213 -0.829844 0.797965 -0.905659 0.484584 -0.572688 0.0658478 0.313299 0.506916 0.310525 
158 84 131 181 195 201 174 162 88 100 250 61 210 83 229 13 117 88 236 39 22 77 57 250 194 163 202 166 155 182 115 5 225 126 55 180 149 61 68 175 233 96 185 146 214 234 118 61 200 163 119 94 235 191 73 143 151 107 176 199 83 233 120 230 41 9 144 217 65 93 202 12 161 243 202 100 46 100 39 6 32 123 3 52 135 154 121 49 32 123 119 202 23 221 238 165 13 140 142 127 147 25 42 16 226 47 33 239 95 90 166 169 218 153 50 94 232 61 144 120 150 211 239 80 176 87 225 12 154 10 173 161 7 17 209 134 243 90 108 225 49 152 140 247 116 38 73 105 249 151 48 95 115 124 112 40 239 117 106 214 148 169 6 190 50 131 253 46 27 244 59 212 214 71 88 101 244 169 202 104 226 206 86 13 46 174 168 22 251 171 246 98 244 2 66 215 72 44 199 159 110 141 119 153 190 29 179 113 225 215 144 179 98 119 69 8 63 104 114 242 13 57 132 82 127 205 141 88 128 142 175 193 94 200 208 27 70 106 
-0.582506 0.0015252 0.361817 0.210001 0.580804 -0.330402 -0.616963 -0.176801 0.239896 -0.623105 -0.0767616 -0.127548 0.536421 -0.384321 -0.124177 -0.0128655 0.551984 -0.34685 -0.554043 -0.559401 -0.345444 0.0719272 -0.415861 0.40481 0.850639 0.199254 0.543223 -0.7422 0.0789912 0.759117 -0.0578002 0.0368225 0.325676 0.374031 0.0664239 -0.496329 -0.953047 -0.601748 0.326269 0.566321 -0.040071 -1.06326 -0.436657 0.212799 0.130113 -0.293432 0.338657 0.763908 0.112932 0.0120786 0.347735 0.0987135 -0.154554 0.270948 -0.409284 0.121058 -0.65589 0.029291 -0.352463 -0.624481 -0.653622 0.712871 0.106929 -0.410752 -0.156012 -0.30234 -0.634106 0.566334 0.764335 0.255574 0.0966651 -0.04295 -0.830181 -0.0686836 0.325598 -0.307911 -0.557148 0.68844 0.416584 -0.570396 -0.233105 -0.115934 -1.40011 0.605126 0.630072 0.579606 0.648334 0.964804 0.279994 -0.348041 0.435812 0.646696 0.664473 0.321661 -0.262443 -0.51858 0.02741 0.0966741 -0.488929 -0.683378 0.324204 -0.0196575 0.393312 -0.119373 0.867347 0.379946 -0.805868 -0.878921 0.377301 -0.492739 0.382357 -0.481187 -0.733542 -0.071318 0.435116 0.244532 -0.299114 0.278432 0.440803 0.439097 -0.000236802 -0.553973 -0.252353 0.174857 -0.552604 -0.518417 -0.681512 -0.342113 -0.0431354 0.289337 0.484485 -0.160829 0.70493 0.460138 0.780453 -0.0235723 0.0532247 -0.340988 -0.069158 0.147155 -0.0645097 -0.621676 0.410134 0.0115105 -0.0280972 -0.212049 0.334786 0.690402 -0.561242 0.651763 0.382567 0.245025 -0.118628 0.432239 0.0871309 -0.302725 -0.289619 0.453682 -0.500017 -0.56729 -0.150108 0.0507859 0.793021 -0.934978 0.0338024 -0.320721 -0.555852 -0.129719 -0.104059 -0.89177 0.768994 0.306933 -0.176804 -0.703049 0.122028 0.345953 0.544189 -0.675774 0.218405 0.385033 0.222722 0.649285 -0.306598 0.0611505 -0.582868 0.612199 -0.282793 -0.128105 0.593447 0.801993 -0.173795 0.346637 -0.649743 0.231148 -1.06512 -0.0897882 0.0160999 0.0486843 0.279968 0.23192 -0.222405 0.544024 -0.288297 -0.90995 -0.6292 0.667312 -0.536389 0.221541 -0.224775 0.505556 -0.287512 0.454837 -0.18061 -0.780465 0.214954 0.333647 -0.753334 0.771307 0.213066 -0.794734 -0.447079 -0.16971 -0.279297 0.776139 -0.0138127 0.669849 -0.307968 0.14842 0.214355 -0.165245 -0.349897 0.558975 -0.249005 0.304651 0.447018 -0.600885 0.14422 0.131075 
189 7 145 201 216 49 142 203 62 53 146 133 97 188 37 60 33 192 15 191 62 223 191 165 142 110 66 98 1 123 35 197 221 101 137 159 214 55 47 108 120 237 53 1 20 232 215 9 210 105 228 42 143 216 93 218 190 80 191 203 120 45 148 189 158 27 213 231 175 54 180 141 117 97 78 74 30 42 92 162 106 144 19 205 40 84 15 182 13 90 252 82 60 218 98 22 246 2 93 146 142 30 247 106 65 242 69 194 103 4 170 145 197 150 8 143 219 184 209 59 252 121 211 10 85 148 84 98 239 42 235 165 19 196 209 205 48 169 127 46 131 226 67 186 0 90 105 61 45 140 211 126 124 192 51 250 62 250 191 172 236 96 99 3 122 26 230 177 56 0 176 45 16 18 247 95 141 210 143 24 239 211 51 33 249 137 120 152 124 227 84 153 179 178 19 151 91 160 212 72 161 36 165 100 28 125 175 75 57 97 67 87 71 149 127 14 238 80 170 91 42 127 41 218 174 119 111 54 204 130 79 54 194 74 19 50 54 87 
0.718145 -0.656103 0.134424 0.295417 0.33635 0.429634 0.138653 0.489313 0.691883 0.472097 0.221447 -0.216814 -0.293545 -0.173655 0.16427 -0.791347 0.106858 -0.0610784 -0.357417 -0.197268 0.93127 0.110551 -0.421654 0.341056 0.641474 -0.343965 -0.461634 0.585195 -0.55359 -0.637882 0.149406 0.3615 -0.560771 0.385399 -0.603464 0.177693 0.3537 -0.135071 0.786559 0.168835 0.373258 -0.263668 -0.686353 -0.834971 0.134148 0.832598 -0.00881104 -0.835213 0.613482 0.77707 0.97586 0.608989 -0.147102 -0.0843773 -0.139257 0.255992 -0.132601 -0.370875 0.0836158 0.528348 -0.188466 -0.33671 0.70631 0.641429 -1.15269 0.204581 0.654596 -0.0310962 0.387437 0.530559 -0.104782 -0.36767 0.256083 -0.446739 -0.109919 -0.770151 0.821946 0.80812 -0.0993559 -0.564964 -0.655233 0.394428 -0.000193299 -0.424024 0.176316 -0.716883 -0.156501 0.430741 0.432618 -0.823214 0.190871 -0.57408 -0.0771718 -0.382523 -0.13698 0.678624 0.288755 -0.291914 -0.0866606 -0.451256 -0.574053 0.37865 0.425649 -0.422895 0.146499 0.0188781 0.0656048 0.733435 -0.242345 0.260654 -0.143109 0.257667 0.932593 -0.303259 0.548824 -0.50865 -0.476444 0.420012 -0.600838 -0.298431 -0.596336 -0.122444 0.259312 -0.0131385 0.280878 0.821934 -0.0717108 -0.541617 0.703387 -0.286012 -0.0413201 -0.827407 0.0404542 0.85732 -0.813321 -0.395313 -0.896759 -0.175962 -0.337428 0.428048 0.162633 -0.230052 0.0602237 0.3931 0.453797 -0.302734 0.654919 0.534758 -0.722163 -0.315701 -0.36552 -0.903437 0.450572 0.512182 -0.0399144 0.163799 0.619038 0.0923283 -0.489154 1.02012 -0.288658 0.648664 0.344701 0.201228 0.365386 0.728513 -0.48164 0.0536284 0.101624 0.77663 0.335505 0.248758 0.284293 0.0452814 0.767432 0.470184 0.523318 0.470041 0.0528839 0.422299 0.031154 0.269352 -0.446889 0.102557 0.372937 -0.441074 0.437936 -0.432294 -0.174613 0.260919 -0.555562 0.0246303 -0.456829 0.432028 0.615315 0.323473 -0.386582 -0.429593 -0.423321 0.956486 -0.315333 0.680778 0.771341 0.523284 0.0717897 0.381952 0.488387 0.132082 -0.297639 0.197964 -0.505472 0.0616909 -0.596751 -0.584772 0.30683 -0.354787 -0.472875 0.470269 -0.179855 -0.332536 -0.0791025 0.128795 0.981584 0.121694 -0.0192414 -0.544039 -0.995586 -0.378087 0.0119087 -0.528579 -0.248079 -0.424989 0.26535 0.215192 -0.334626 0.465312 0.532838 0.157896 
151 175 1 163 201 24 134 122 28 91 84 234 81 235 194 20 228 13 160 0 56 244 5 155 180 91 60 2 74 173 77 182 1 40 212 142 35 232 242 19 149 200 189 136 21 72 56 221 29 161 34 107 185 101 19 47 1 35 33 171 5 130 71 123 80 160 231 243 118 7 162 129 103 0 122 167 111 151 103 188 213 165 137 154 147 182 10 217 9 52 9 144 253 138 147 254 251 200 51 51 193 11 145 186 153 70 188 122 69 219 220 43 18 99 146 174 58 182 139 190 168 208 90 13 22 224 184 3 173 138 80 11 243 157 64 196 76 149 160 152 251 17 50 222 231 127 29 210 196 201 181 222 166 34 10 167 106 2 37 74 170 223 204 59 192 164 176 159 247 33 122 203 56 153 167 73 250 223 142 233 59 208 12 33 43 123 62 220 96 19 74 85 15 207 214 239 236 69 119 49 125 190 9 254 131 212 107 16 9 1 238 131 126 57 31 129 24 127 224 148 40 110 50 232 228 114 239 157 80 170 39 240 74 248 204 208 108 82 
0.190528 -0.0851211 0.311207 -0.985907 0.495378 -0.532674 -0.860456 0.204147 -0.111996 1.04985 0.152169 0.164851 -0.771857 -0.115206 0.111251 0.604634 0.520808 -0.477523 -0.434527 -0.469983 -0.260159 -0.727385 -0.23103 -0.787682 0.0672315 5.51001e-005 0.342299 -0.36355 -0.321159 0.372712 -0.606609 0.042971 0.492329 -0.372802 -0.374345 -0.176802 0.162125 -0.682291 0.243636 0.50768 -0.75093 -0.545572 -0.558048 -0.142835 0.340614 -0.434862 -0.500281 -0.59032 0.0424491 0.0366198 0.54832 -0.952947 -0.106536 -0.143905 0.309567 0.616802 -0.338906 0.44291 0.0362223 0.038606 -0.14578 0.739127 0.549523 -0.226943 -0.325567 -0.385356 0.288745 0.127433 0.231501 -0.218448 -0.665943 -0.77481 0.431242 0.349853 -0.580055 0.238742 0.646261 -0.707201 0.986641 -0.764726 0.000392326 -0.476966 0.230525 -0.32465 0.323034 -0.708264 0.383152 -0.12117 -0.900391 0.0699466 -0.652673 0.0112955 -0.365033 0.310587 0.399905 0.723771 0.215205 -0.465668 -0.239182 -0.376647 0.0440183 -0.644092 0.37049 -0.429382 0.633494 0.243144 -0.506545 -0.123451 -0.606381 0.519222 -0.0649676 0.2375 -0.332421 0.815971 0.0718022 -0.933835 -0.743337 -0.764502 0.461916 0.424323 -0.431093 -0.645746 0.211137 -0.468394 0.183845 -0.685221 -0.627589 -0.795925 -0.412837 -0.86049 1.09421 -0.280656 -0.843548 0.115009 0.235625 0.563931 0.0409784 -0.415536 0.301408 0.0935638 -0.185982 0.560719 -0.156398 -0.249411 -0.61666 -0.49899 -0.583291 -0.603454 -0.0603371 0.198846 -0.678125 0.213624 -0.527925 -0.273774 -0.548551 -0.941704 0.29686 0.134255 0.110746 -0.7214 -0.10462 -0.965505 0.0979681 1.01793 0.243781 0.218224 -0.540926 -0.756758 0.0360357 0.0322955 -0.165542 -0.772364 0.517209 0.163027 0.802293 0.390265 0.614402 -0.906579 0.033161 -0.420028 -0.0412873 -0.19515 -0.400783 -0.422584 0.175317 -0.0761208 -0.469728 0.498249 0.218432 -0.0606846 -0.56257 0.045956 -0.887952 -0.766435 0.550916 -0.263376 0.213641 0.0463851 -0.294676 -0.132248 0.017811 -0.226399 -0.945621 0.75733 0.735321 -0.036035 0.432349 -0.459227 -0.592115 -0.40629 0.379741 0.601106 0.678862 1.05607 -0.67819 -0.321802 -0.121616 0.45986 -0.691969 -0.478752 -0.263488 0.0614541 -0.557044 -0.797436 -0.381886 0.141931 -0.783403 -0.601144 -0.525902 -0.452958 0.530034 -0.664031 0.255494 -0.454335 0.196454 0.504028 -0.408499 0.45747 
241 87 247 154 209 147 158 225 191 145 158 22 190 93 142 37 92 207 227 53 228 75 88 93 232 136 151 92 241 115 186 49 202 55 218 111 212 6 112 221 63 116 74 1 169 132 177 122 101 136 85 155 85 117 187 78 220 102 235 135 12 55 105 28 126 19 112 69 132 171 160 105 214 75 207 142 148 180 235 145 62 229 193 41 44 7 254 197 183 214 120 215 107 66 229 65 187 69 42 169 76 80 167 97 94 10 95 70 204 143 188 33 133 179 194 12 244 13 163 248 231 210 35 183 90 62 29 78 26 132 206 196 83 100 215 19 251 71 234 23 240 211 234 34 205 184 131 54 104 247 244 142 242 188 115 183 197 13 143 26 193 117 187 74 43 225 161 62 179 60 247 192 210 22 36 122 5 173 71 46 12 236 139 208 0 211 65 51 89 114 223 71 20 224 70 17 243 254 102 44 248 20 57 46 120 176 146 207 211 171 40 236 186 31 204 208 238 152 8 135 5 218 254 203 16 233 135 58 99 232 4 24 230 96 94 69 203 26 
0.445347 -0.265596 -0.430415 -0.535847 0.387632 0.889235 -0.190732 0.805514 0.337023 0.138015 0.689549 -0.134324 0.368617 -0.144299 0.476512 -0.511432 0.229207 0.681616 0.741565 -0.718608 0.865917 0.318421 0.487345 0.488819 -0.0865042 0.364637 -0.145626 0.196229 0.00865175 -0.181282 -0.780131 0.550067 0.584181 0.0849422 -0.25889 -0.671764 -0.166773 -0.83164 0.297639 0.391667 0.493169 0.125973 -0.216185 -0.200272 0.55212 -0.403097 -0.932899 0.101628 -0.103884 0.730084 0.841084 0.508294 0.282148 -0.413286 -0.39049 0.176325 0.133806 -0.0290278 0.116823 -0.30658 -0.410546 0.0457446 -0.222825 0.627535 0.222337 0.406827 0.29416 0.992872 0.45498 0.585881 -0.779068 -0.211545 0.370258 0.110596 -0.310106 -0.343656 0.317198 -0.827986 -0.795705 0.828122 -0.381997 0.218886 0.242606 0.388377 0.251545 -0.0962865 -0.127787 -0.0183384 -0.249883 0.767672 -0.0111425 0.0296784 0.186218 -0.186933 -0.0241531 0.294265 -0.0321869 0.628222 0.399451 -0.228496 0.35217 0.162068 -0.343423 0.380777 0.550994 0.074575 -0.0309752 0.449521 0.472133 -0.102025 0.17697 -0.559548 -0.102519 0.488859 0.833815 0.0810696 -0.0253539 -0.227047 -0.817545 0.413649 0.129019 -0.535656 0.586542 -0.0453326 -0.490209 0.113838 -0.440033 -0.125757 -0.544563 -0.127559 0.0146476 -0.015936 0.231192 -0.438839 0.270726 -0.757402 0.0773619 0.439396 0.468716 0.390062 -0.185043 -0.866552 0.326543 0.364267 0.279459 -0.173405 -0.00866132 -0.621372 -0.457575 0.350342 0.104033 0.3224 0.36062 -0.351762 0.319237 -0.457382 0.430437 0.757174 -0.684474 -0.448785 -0.410501 -0.591384 0.391618 -0.475229 -0.301555 0.529292 0.341808 0.248438 -0.110486 0.12038 -0.970287 0.492962 0.0625148 -0.274794 0.53984 -0.437253 0.0914374 0.20809 -0.161998 0.349397 0.335396 -0.644762 0.456639 -0.794559 0.568255 -0.815825 0.557231 0.488645 0.325508 -0.0799073 0.651379 -0.226502 0.107708 -0.0257516 -0.135394 0.471928 -0.280058 0.41627 0.0545727 0.732061 -0.497418 -0.196721 -0.381902 0.985431 -0.316681 -0.355965 0.0431484 0.623842 0.932865 0.0627374 0.662272 -0.463478 0.670453 -0.23569 -0.244353 1.06837 -0.845613 -0.00410026 0.590409 0.518531 0.342519 -0.0346562 0.856707 -0.310596 0.833507 0.0171351 -0.649301 0.118511 -0.210564 0.316614 0.959407 0.429456 0.124704 0.299454 -0.0588059 -0.195681 0.167314 0.28 
73 152 130 233 165 189 46 57 28 191 74 150 114 34 14 165 4 206 246 185 64 142 206 144 75 217 16 68 124 226 254 241 101 211 81 161 239 36 213 236 181 90 70 255 15 118 127 138 150 253 138 20 194 169 23 117 48 179 75 186 240 165 207 6 121 216 87 19 121 159 72 79 169 52 133 6 152 168 51 21 3 92 123 59 152 14 61 6 77 206 200 98 61 48 174 143 251 33 181 115 118 248 159 85 95 109 137 136 216 46 114 94 246 127 223 54 21 33 106 105 195 111 157 246 30 102 74 161 11 127 61 66 146 117 205 131 148 186 71 103 225 187 8 116 252 254 53 114 176 47 103 8 122 95 82 179 238 133 82 66 44 244 213 163 216 218 223 21 90 217 225 92 118 34 156 243 214 234 14 228 247 184 248 217 253 61 180 126 190 196 79 152 85 235 92 50 174 238 222 172 227 202 173 141 241 229 42 141 43 78 200 163 61 205 215 23 249 89 215 146 159 245 183 240 42 57 14 224 69 1 1 148 174 193 130 205 252 8 
0.648022 0.162514 -0.225049 0.156112 0.209138 -0.137 0.720595 -0.702799 -0.694075 -0.444037 -0.379711 0.0778203 0.166657 -0.839897 -0.214293 0.390437 -0.463189 0.355507 -0.905684 0.28119 -0.33517 -0.760956 -0.613628 -0.228041 0.445905 -0.182106 -0.894768 0.745688 -0.574539 -0.178848 0.166138 0.462889 0.126376 -0.267823 -0.036895 -0.0348283 -0.630911 -0.0903257 -0.354 0.315425 0.205433 -0.164991 0.303959 0.16734 0.261686 0.337787 -0.782938 0.000114989 -0.826147 0.306625 0.514554 0.132754 0.22443 0.162034 -0.540186 -0.537232 0.273626 -0.252331 -0.0832097 0.341107 0.14905 0.53145 0.326177 -0.463273 -0.512721 -0.605705 0.429599 -0.14417 0.465958 -0.342453 -0.441211 -0.667921 0.4331 0.360348 0.922702 0.183442 0.00284141 0.545023 -0.223416 0.416632 -0.396225 0.759334 -0.125939 0.827043 -0.552522 0.251085 0.46692 -0.36693 -0.423732 0.198381 0.750962 0.153884 0.838472 -0.167073 0.196022 0.525068 0.0855676 1.01298 0.24209 -0.184081 0.347612 0.443369 0.482596 0.173167 -0.33243 0.801775 -0.504425 -0.0760595 -0.58691 0.135227 -0.848939 -0.335422 -0.317798 0.422854 0.270503 0.149553 -0.0280557 -0.191292 -0.43697 0.00305937 0.884091 -0.85561 0.615055 -0.298121 0.115877 0.668363 -0.546095 0.183959 -0.20235 -0.187786 0.560061 -1.15155 -0.596511 -0.503562 -0.587719 -0.700931 -0.197248 0.908688 0.742574 0.167354 -0.172336 -0.131422 -0.0774558 1.04112 -0.137301 0.674505 0.175112 -0.189105 0.346626 0.232667 0.0197883 0.230233 0.130084 -1.00844 0.13874 0.553447 0.297947 0.250759 -0.215169 0.251608 -0.569549 -0.266763 -0.647027 -0.124979 -0.217497 -0.488107 0.45891 -0.490755 0.201228 0.312318 0.371306 0.000763736 0.396372 -0.279051 -0.211115 0.130158 -0.0383142 -0.0565772 0.204299 0.739877 0.151084 -0.494532 0.313344 0.097741 -0.37904 -1.02276 -0.347166 -0.442904 0.495508 -1.04139 0.0273625 0.175008 0.108873 0.515277 -0.43416 0.933896 0.133696 -0.393358 0.340186 -0.281377 0.471835 -0.00131415 -0.639717 0.680951 0.165016 -0.543233 -0.410293 0.298063 -0.277665 0.265534 -0.652532 -0.0026397 0.0458315 -0.555279 -0.641165 0.120114 -0.391551 0.184078 -0.0826902 -0.568718 -0.635553 -0.249136 0.342691 -0.34677 -0.736469 -0.463256 0.130806 -0.0149449 0.731364 0.232341 0.245685 -0.253945 -0.916633 0.393263 -0.0671978 0.0390671 -0.573167 0.919712 
127 237 32 62 49 4 81 103 67 64 189 146 90 100 149 102 170 194 20 156 112 52 33 204 90 92 86 213 114 235 125 21 203 73 198 215 131 70 148 196 16 166 70 239 118 253 19 15 167 205 65 237 17 255 20 197 16 12 135 5 87 200 122 131 11 34 10 166 42 192 251 163 38 136 54 173 39 2 140 206 215 150 184 82 56 157 50 204 121 92 103 123 3 197 99 59 112 208 207 42 101 65 135 97 17 196 127 15 112 52 126 53 161 247 240 166 27 235 231 180 100 96 188 253 32 215 163 4 207 31 227 137 146 119 52 163 251 173 246 220 212 202 123 188 68 16 93 244 155 219 242 164 157 181 145 222 11 48 74 180 97 255 31 146 212 100 58 147 148 102 7 4 168 224 179 25 180 137 35 226 253 245 17 2 101 34 17 3 248 182 15 38 56 70 66 73 7 219 28 146 13 132 104 253 249 238 69 152 7 222 45 38 70 14 252 9 244 50 202 51 125 180 222 46 173 29 94 204 15 219 201 241 27 243 77 248 220 13 
0.18118 0.504787 0.0585783 0.465897 0.486336 0.455584 0.499317 0.453356 0.364282 -0.480048 0.495617 0.393876 0.0649808 0.287756 0.284816 1.02621 -0.870473 0.035545 -0.521901 -0.339824 -0.115817 0.453672 -0.775288 -0.411808 -0.00900829 0.561554 0.184931 -0.0285293 0.0445713 0.315972 -0.456178 -0.398229 0.870597 -0.108576 -0.345039 -0.315916 0.220297 0.208948 -0.978084 -0.230967 0.143938 -0.499115 -0.101684 0.0498511 -0.309788 -0.785259 -0.397126 -0.145919 -0.0103839 -0.165227 -0.387048 0.00487683 0.403294 -0.0774716 0.352951 0.140737 0.902232 0.684418 0.113358 -0.252423 -0.301019 0.464593 0.480894 -0.40481 0.0942862 0.567919 -0.486072 -1.00364 0.0709336 -0.0189934 0.503354 -0.321135 -0.622742 0.25661 -0.256837 -0.284205 -0.547165 -0.427699 0.324334 0.215052 0.635167 -0.163535 0.589246 0.53633 0.208125 0.473761 0.0279828 0.635195 -0.218462 0.0502062 -0.560449 -0.676492 0.764045 -0.160223 0.0596902 0.153679 -0.521867 0.582498 -0.711813 0.283128 0.602211 -0.571009 0.318881 -0.74007 0.0876646 -0.233935 0.624238 -0.628447 -0.352646 -0.0311942 -0.165336 -0.44062 0.505889 -0.129688 0.480588 -0.440745 0.0726898 0.295826 -0.235906 0.266207 0.247552 0.934513 0.558253 -0.689941 -0.653071 -0.200092 0.404164 -0.269458 -0.296017 0.680231 -0.603309 0.635362 -0.468086 -0.20857 0.443929 0.0255216 -0.198159 0.366823 -0.322646 -0.263229 -0.469823 -0.0160735 0.823358 0.16219 -0.940981 -0.725846 0.740058 -0.300084 -0.158838 -0.158336 -0.155273 -0.00367601 -0.294619 -0.106087 0.0129956 -0.149609 0.0245334 -0.229956 -0.313008 0.472822 -0.22297 -0.162407 -0.437973 -0.693672 0.181578 -0.40244 0.498962 -0.638162 -0.252188 -0.339196 0.0983769 -0.867703 -0.00689354 0.760292 -0.343067 -0.246741 0.166407 -0.372837 -0.524913 0.122137 -0.938212 0.543251 -0.320778 -0.562706 -0.335734 -0.0844963 0.530528 0.657685 -0.604981 -0.370055 0.618884 0.414605 -0.305694 -0.0539307 -0.0751765 -0.245922 0.182581 0.125073 0.733804 -0.850734 -0.330227 -0.485682 0.502422 0.409967 0.141975 -0.567045 0.927969 -0.580037 0.129331 0.47248 0.529642 -0.59698 0.299368 -0.0885932 0.403592 -0.542982 -0.194518 -0.682467 0.902478 -0.094165 0.0521494 -0.757643 0.225873 0.576141 -0.341815 0.767825 -0.519768 -0.727502 0.0917964 0.434306 -0.154014 -0.461353 0.224394 0.236372 -0.58381 0.0259628 -0.386034 0.625179 
104 40 253 95 55 170 82 144 59 255 154 127 157 21 9 73 100 229 166 8 224 32 203 131 28 65 49 96 61 39 121 110 206 205 105 76 160 135 93 95 15 233 25 123 221 202 231 193 87 141 151 82 53 49 194 196 23 63 81 184 164 9 119 157 40 175 105 126 113 38 11 137 95 76 49 179 63 75 231 53 97 120 126 166 71 199 79 136 43 140 29 154 72 249 208 74 205 206 22 111 183 183 215 204 144 213 143 171 175 213 78 92 199 43 100 44 76 237 234 82 129 77 39 140 65 203 235 101 243 91 250 130 189 203 176 239 75 73 234 226 116 127 204 147 244 215 198 211 102 224 5 85 40 156 81 59 174 144 83 232 167 159 212 58 145 135 82 96 144 209 152 123 222 40 168 217 33 10 85 250 180 161 247 73 55 26 91 223 92 151 83 61 138 129 111 145 68 197 4 74 68 222 39 233 59 38 196 208 194 134 40 64 146 237 69 14 191 89 176 139 251 72 178 109 242 106 133 119 213 168 250 122 203 38 130 221 96 136 
0.049111 -0.391446 -0.546503 0.33686 -0.83154 0.386079 0.748866 -0.562129 -0.412316 -0.863764 0.0784634 0.359087 -0.221246 0.389899 -0.0814943 -0.235584 0.851497 -0.373134 0.661936 0.56408 0.531378 0.664767 0.390894 0.55838 0.603977 0.359347 0.0341452 0.804338 0.532185 -0.669661 0.81555 -0.25951 0.273583 0.520065 0.423952 -0.3655 0.324687 0.458236 -0.809743 -0.897753 -0.409785 0.740033 -0.607113 -0.0465504 -0.23159 0.518227 -0.640799 0.300882 -0.383081 0.424496 -0.569845 -0.536147 0.130565 -0.23071 -0.122144 -0.853137 -0.610408 -0.216077 -0.0946012 -0.522303 1.09521 -0.405822 -0.404489 0.210279 0.611794 0.634105 -0.792304 0.113163 0.646685 0.239225 -0.553895 -0.695307 0.421166 0.735127 0.710323 0.456508 0.399907 0.834827 0.397755 0.401251 -0.901482 0.522026 -0.460627 0.170987 0.19607 -0.0705376 -0.316217 0.546414 0.115995 0.133241 0.675956 0.346493 0.845193 0.116163 -0.00375477 -0.951911 -0.245975 0.100419 0.438849 0.7079 0.70202 0.398144 -0.367167 -0.219742 0.235165 -0.0848155 0.736216 -0.0450994 0.283796 -0.140117 -0.117642 -0.227388 -0.223572 0.199513 -0.0446468 0.354391 -0.125725 -0.4432 -0.46747 -1.21191 0.627869 -0.58021 -0.283827 0.975987 -0.509268 -0.426661 0.769592 -0.567539 -0.54164 -0.904465 0.495334 -0.831047 -0.788035 0.0638222 0.132743 -0.369729 -0.23205 -0.245257 0.526678 -0.636106 -0.102877 0.144412 0.26034 0.332654 0.179245 0.228939 0.519793 -0.569374 -0.184031 0.223847 -0.168838 0.979543 -0.175921 -0.200336 -0.275012 0.399222 -0.15585 -0.296154 -0.587001 -0.714996 -0.43922 -0.163911 -0.465323 -0.263727 -0.296569 0.726648 0.770569 0.418452 -0.842059 -0.173799 -0.0701382 -0.291968 -0.241914 0.236525 -0.116856 -0.506056 0.401194 0.0188631 -0.754265 0.216649 -0.950951 -0.774759 0.196987 0.29456 0.275601 0.12751 -0.100419 -0.00448648 -0.499875 -0.474634 -0.383389 0.365103 -0.408249 0.207761 0.263171 -0.108099 0.217143 -0.696845 -0.0492326 -0.0859588 0.737707 -0.165151 -0.365279 -0.922223 -0.903613 -0.0271944 1.0249 -0.235073 -0.162244 -0.250466 -0.716741 -0.418195 0.429185 -0.104208 0.0382147 -1.07236 -0.410562 -0.180124 -0.231604 0.0801108 -0.676251 0.0630935 0.101956 -0.260525 0.216919 -0.395087 0.428426 0.602742 0.112293 0.548087 -0.73207 -0.539079 -0.0979512 0.36592 0.370514 -0.283671 -0.385146 0.416343 
86 241 118 100 223 74 176 143 249 81 192 3 207 23 166 172 142 102 196 178 55 220 248 232 197 232 87 255 162 249 174 158 127 68 57 114 34 54 161 81 23 3 159 136 0 118 63 28 42 2 217 136 9 3 193 216 87 144 37 132 112 106 23 48 115 174 117 30 248 245 179 92 187 34 240 108 96 28 74 109 100 44 13 8 65 227 92 63 94 79 4 172 214 148 132 131 176 249 34 123 43 221 237 247 132 212 194 245 226 133 206 232 242 13 243 7 70 225 51 96 217 168 65 72 33 98 4 10 230 98 1 121 33 109 14 130 129 189 211 49 19 181 110 174 63 166 180 189 73 128 216 34 117 154 152 115 91 23 82 49 3 124 87 182 65 208 77 87 80 167 242 192 9 226 38 78 236 167 84 253 41 27 151 221 227 35 123 21 122 139 86 98 207 46 218 39 249 92 150 128 97 161 222 90 87 233 176 105 169 158 206 28 50 184 189 143 167 106 13 118 193 28 33 24 156 54 75 115 75 117 14 150 204 135 203 227 31 239 
-0.622364 -0.067813 0.469415 -0.452079 0.742546 -0.286255 0.515176 -0.139358 -0.0615653 -0.612577 0.106183 -0.882646 0.242289 0.584321 0.103732 0.530231 -0.0691939 0.177388 0.658193 -0.159429 0.600434 0.207518 0.359978 -0.422306 -0.570775 -0.544049 0.0536619 -0.688724 -0.419563 0.378294 -0.260644 0.00609128 0.445984 0.145109 0.443874 0.162164 0.232832 -0.329068 0.0952809 0.663196 -0.17778 0.226827 -0.445273 1.06949 -0.579204 -0.566781 0.289033 -0.860009 -0.90405 -0.357968 -0.355459 -0.0515094 0.190782 0.67293 -0.0415617 0.233946 0.37098 0.132365 0.563918 0.593892 -0.605991 -0.252075 -0.0629603 -0.132579 0.514437 -0.313157 -0.733638 -0.131369 0.346673 0.370662 0.488467 0.399749 0.111749 0.0275946 -0.617851 -0.405068 0.00737718 0.054011 0.476974 -0.32616 0.191091 0.200427 -0.0606263 -0.131778 -0.323373 -0.149381 0.552896 -0.0851941 0.113701 0.330215 -0.982062 -0.422677 -0.439484 -0.712453 0.197038 0.196701 0.695717 0.214424 -0.14671 0.416487 -0.239578 -0.0677986 0.629452 0.436318 0.534387 0.417564 0.396705 -0.246805 0.452275 -0.0470282 -0.603174 -0.0712887 -0.523328 -0.467502 0.196024 0.067546 0.195746 0.828357 0.0648079 -0.213807 -0.339463 -0.362751 0.160144 0.369168 -0.0113731 0.795711 -0.456724 0.233515 -0.738844 0.236569 0.839906 0.375212 -0.4598 -0.108596 -0.293286 1.1299 -0.46598 0.446479 0.49092 0.0229916 -0.478511 0.498197 0.292949 -0.0630057 -0.601774 -0.316213 0.16053 -0.325597 -0.754088 -0.207466 0.666252 -0.220973 -0.347716 0.278576 -0.528551 -0.240806 0.497849 0.224006 0.0652086 0.0159338 0.425147 0.119112 0.264884 0.00368511 0.480995 -0.228682 -0.409672 -0.482719 -0.512689 -0.249023 0.493878 0.219447 0.208966 0.0659483 0.0400848 0.0611921 -0.605169 -0.331194 -0.299537 0.881766 0.566749 0.828837 0.616237 0.573934 -0.205337 -0.59463 -0.277323 -0.227821 -0.544759 0.308304 0.401606 1.27731 0.404823 0.172805 0.252662 -0.660116 -0.188338 -0.0880853 0.21999 -0.00164059 -0.551181 -0.276937 -0.0720145 0.199064 -0.326492 0.828253 0.558027 -0.0030359 0.502637 0.297765 0.377214 -0.576565 0.685767 -0.31054 0.554677 -0.228569 0.196671 0.761614 0.119045 0.0340438 -0.0799292 0.288313 0.299738 0.626541 -0.715885 0.428475 -0.183168 -0.113511 -0.43756 0.684938 -0.297928 0.165234 0.200952 0.0622471 -0.168217 -0.0852311 0.709892 0.129209 
102 213 171 46 103 101 253 67 26 244 176 76 110 21 14 40 117 85 46 46 4 208 237 6 63 169 4 102 252 169 31 172 232 31 194 42 47 45 28 172 54 186 147 210 180 97 82 255 187 229 244 8 252 164 230 61 77 218 127 234 227 105 117 183 88 8 166 194 124 239 74 39 172 178 183 212 202 197 85 168 242 120 102 238 230 155 209 188 157 230 36 76 45 193 57 28 90 157 232 84 206 44 162 165 150 236 119 24 237 100 149 122 103 7 8 201 3 179 161 154 114 151 197 215 36 213 140 233 46 47 223 225 34 11 249 235 185 214 181 151 108 19 230 100 230 33 252 213 192 141 216 50 8 127 120 51 210 231 123 10 209 189 5 231 58 218 116 117 63 131 95 81 133 227 23 198 172 62 47 131 210 141 22 56 110 63 72 195 55 212 82 25 99 45 179 129 205 113 80 8 232 52 126 238 62 228 243 36 132 213 165 70 149 205 208 183 181 208 29 150 54 130 227 115 243 211 150 140 98 8 111 183 208 33 75 230 29 224 
-0.0340348 0.0428014 0.380469 -0.755614 -0.269933 0.244829 0.178796 -0.288634 0.654713 -1.09113 -0.255486 -0.525955 0.151662 -0.00215331 0.458077 0.430329 0.11867 0.329889 0.347415 0.247825 -0.326124 0.735903 -0.41086 0.155197 0.0760135 0.00750718 -0.182099 0.710504 -0.00303142 0.6349 -0.0552487 0.013183 0.681874 0.0616844 0.487495 -0.0395671 -0.630333 0.716269 0.0503256 -0.136947 -0.0983121 -0.256822 0.243551 -0.209366 -0.43622 0.191668 0.991658 -0.446971 0.381654 0.00879076 0.220593 0.32784 -0.0440732 0.0655632 0.349674 0.692577 0.645821 0.42651 -0.522537 0.0676509 0.0279063 -0.660159 0.552844 0.145173 -0.390053 0.390394 -0.430349 0.754541 0.238721 -0.395378 -0.313988 -0.868155 -0.376816 -0.515929 0.373444 -0.385258 0.0596935 0.471255 0.204121 0.556914 -1.07391 -0.180451 -0.723372 -0.518408 0.399293 0.801331 -0.306618 0.597853 -0.633398 -0.371364 0.539234 0.310006 -0.312455 -0.496435 0.607187 -0.432048 -0.605431 0.531714 -0.270096 0.327444 -0.316755 0.294806 0.590018 -0.604313 0.0855582 -0.471222 0.11302 -0.12723 0.186498 -0.634905 -0.459377 0.100664 0.00378401 -0.459847 0.327767 0.24916 -0.752921 -0.979468 -0.764955 -0.557182 -0.389156 0.390393 -0.70514 0.137157 -0.5519 0.567583 -0.0542215 -0.0570707 0.0102522 -0.614628 0.249902 -0.605905 0.160676 0.164292 -0.194041 -0.236662 0.882878 -0.423297 0.501852 -0.733178 0.119748 -0.36631 -0.175284 -0.0572894 -0.359258 0.46499 0.116627 -0.10793 -0.458513 0.56023 -0.485997 -0.459357 -0.0927267 0.0739992 0.531545 0.23416 -0.125509 0.691184 -0.294191 -0.859475 -0.190391 -0.466536 0.750638 -0.0664137 -0.260697 -0.111127 -0.585816 -0.759313 -0.320223 -0.175576 -0.647077 0.254378 0.609569 -0.236281 -0.177827 0.820768 0.357307 0.184582 0.708928 0.236567 -0.663134 -0.337191 0.311304 -0.146922 0.0346855 0.562628 0.147419 -0.454454 -0.318527 -0.441089 -0.622592 -0.0986226 0.173541 0.258754 0.113267 0.108348 0.197409 0.275798 -0.0235742 -0.187791 0.240675 -0.628432 -0.182841 0.244435 -0.12574 0.318869 0.158343 0.253745 -0.0322183 -0.301298 0.553347 -0.48131 -0.283011 -0.0258552 -0.0717248 -0.044815 -0.249468 0.722157 0.535021 -0.189328 -0.507595 -0.525053 0.594114 -0.28308 -0.825003 -0.247966 0.093247 0.417035 0.0242823 0.0873533 -0.0259828 0.649219 0.357134 -0.0989754 -0.558295 0.484332 -0.300425 0.00589212 
105 66 23 71 220 99 138 15 78 20 40 121 182 171 24 97 100 57 144 46 54 147 173 157 119 78 146 109 21 201 50 63 181 13 16 229 183 157 136 170 218 219 18 132 133 61 177 77 175 175 62 186 115 193 79 56 221 57 155 102 10 25 178 61 86 132 100 136 18 8 238 122 224 190 72 56 4 111 134 117 27 167 38 91 237 8 238 224 15 199 42 92 33 106 229 105 140 5 251 8 232 237 249 218 27 207 37 163 183 82 188 243 17 115 251 130 250 117 122 142 18 247 50 65 3 136 235 79 158 212 235 228 198 27 121 81 141 149 53 69 25 126 207 82 157 183 16 125 20 20 84 156 1 215 50 227 51 174 236 153 70 23 26 89 129 16 100 136 133 183 142 56 218 36 100 67 216 80 3 193 225 215 108 89 66 230 233 116 141 46 183 131 75 25 59 162 82 197 95 150 49 129 238 175 52 72 51 188 132 246 37 5 85 254 212 109 83 90 18 105 224 213 240 90 191 119 102 69 62 227 110 92 17 34 80 138 9 200 
0.221254 -0.416986 -0.122112 0.522067 -0.558259 0.729331 0.325409 -0.526044 -0.364079 0.485583 -0.376306 0.100852 -0.123337 -0.248354 0.148306 -0.216944 0.202621 0.72846 0.136284 -0.343098 0.39493 -0.9069 -0.765379 -0.0707992 0.252885 0.354419 0.308 -0.205561 -0.215114 -0.473179 0.179861 -0.302465 -0.357201 -0.324788 0.131868 0.153097 0.0970276 -0.632194 0.535928 0.293345 0.362691 0.111013 -0.23743 -0.449421 -0.453373 0.560759 0.789248 -0.550417 -0.331543 0.830341 -0.83288 0.343156 -0.212768 -0.389537 -0.00366967 0.918578 0.151012 0.287181 0.348758 0.312527 -0.245831 0.0672081 -0.168263 -0.745126 -0.478884 0.582441 0.4433 0.201003 -0.527223 -0.190248 0.111725 -0.0778562 -0.945169 -0.804173 0.445733 -0.623615 -0.00876267 -0.133928 -0.055569 -0.802249 -0.865138 -0.668637 -0.785421 0.826165 -0.576492 0.481489 -0.202118 -0.288561 0.628599 -0.298666 -0.628451 0.275533 -0.046619 0.525052 0.320029 0.112447 -0.301696 0.40769 0.755124 -0.395318 0.594967 0.662965 0.266219 -0.194165 0.139814 0.648738 -0.24488 -0.401051 -0.0877784 0.248437 -0.652761 0.4393 0.165398 -0.309348 -0.336678 0.440585 0.677904 -0.0191491 -0.262945 0.0781717 0.70021 -0.82461 -0.74484 -0.392457 -1.08511 1.15549 0.252567 -0.240866 -0.426795 0.230399 0.247507 -0.420414 -0.339834 0.280475 0.451888 -0.111692 0.270411 0.0208163 -0.672727 0.777339 0.38992 0.803087 -0.825681 0.274249 -0.135189 -0.052013 -0.40408 -0.350228 0.0864921 0.243286 -0.0806505 0.191399 -0.105419 0.177004 0.0744675 0.183824 -0.348485 0.194678 -0.567658 -0.458632 -0.668001 0.271455 0.0505855 -0.324716 0.229541 0.268352 -0.497724 0.0703301 0.340383 0.32471 -0.594951 -0.167155 0.305642 -0.33788 -0.16592 -0.252081 0.504036 -0.243828 0.555259 0.2915 -0.0316917 0.78433 0.149424 0.0010355 0.89976 -0.457309 -0.098749 0.947779 0.511487 -0.198538 -0.244188 0.550479 0.537146 0.412122 0.863014 -0.340815 0.11558 0.0807653 0.795968 -0.218937 -0.644343 0.387145 0.648796 0.600516 -0.938412 -0.634917 0.0731138 -0.433645 -0.274016 0.714744 -0.303271 -0.599887 0.47064 -0.317575 -0.587633 -0.206215 0.240219 -0.0291543 -0.0283991 0.755861 -0.718036 0.216505 0.494444 -0.189192 0.490863 -0.158024 0.153403 -0.284352 0.120048 -0.257661 -0.401585 -0.143174 0.426795 -0.212032 -0.404443 0.360167 -0.593926 -0.184939 
116 141 218 244 215 167 3 174 172 30 206 33 134 36 49 248 22 175 146 91 201 47 243 204 244 213 64 250 124 202 47 93 166 170 12 185 213 133 78 6 235 203 205 250 229 105 99 64 49 80 179 72 137 201 2 6 18 128 124 43 115 206 50 254 219 74 241 145 62 18 222 107 29 197 72 59 229 148 94 95 131 193 207 211 36 197 75 43 33 32 213 155 112 139 208 201 27 162 101 33 227 23 161 150 88 242 191 209 35 27 168 17 45 53 123 86 144 126 91 96 182 201 97 211 101 213 163 237 147 114 30 95 136 62 217 121 228 75 2 37 206 34 113 26 228 244 74 136 45 60 200 189 216 24 253 33 69 92 16 94 40 150 142 245 247 1 153 153 115 168 129 126 83 103 227 168 194 176 142 236 105 208 237 116 215 172 9 195 187 81 106 150 238 232 143 150 71 243 204 75 48 79 35 252 120 128 114 129 220 151 161 120 80 89 31 249 115 20 132 44 199 21 73 123 232 185 4 169 246 223 128 145 60 63 18 51 50 90 
-0.0523701 -0.00716786 0.599174 -0.267025 -0.00683364 0.675273 0.860942 -0.842248 0.535338 -0.163042 0.730367 0.433952 -0.121306 -0.109082 -0.119366 0.383609 -0.462252 0.693641 -0.0918899 0.68023 0.481516 -0.122889 0.762813 0.844008 0.0556416 -0.635858 0.812156 -0.436211 0.304659 0.167694 -0.470596 0.109834 0.334449 0.42519 0.580013 -0.211574 0.919338 -0.517647 0.197329 0.327325 0.643134 0.241573 0.480542 -0.553657 -0.0311619 0.442531 -0.45076 0.330526 0.220308 0.179317 -0.82549 -0.279264 -0.295008 0.0139352 -0.393537 0.0324149 -0.592466 0.538427 0.264996 0.27901 -0.104608 0.246172 0.0905767 0.060063 -0.148296 -0.0351248 0.328237 0.0545999 -0.425916 0.36032 -0.424896 0.650234 -0.236317 0.319497 0.645908 0.431481 -0.0288782 -0.363928 -0.182645 -0.685222 -0.584637 -0.028988 -0.0125048 -0.0430833 0.0657285 0.371851 -0.124609 0.327467 0.560518 -0.101612 -0.595164 -0.459057 0.197489 0.166037 -0.842712 -0.768801 -0.265422 0.794964 0.102924 -0.307926 -0.0810143 -0.106256 0.307473 0.12114 0.441263 -0.145659 0.308534 -0.136563 -0.404818 0.35418 0.106699 -0.095999 -0.0558635 -0.795434 -0.439468 -0.716156 0.494624 0.0356776 -0.164941 -0.138421 -0.672871 0.297909 -0.218772 -0.285383 0.163556 0.361002 -0.00240396 0.0820411 -0.182627 0.821819 0.275064 0.0778906 0.621939 -0.288591 -0.533211 -0.0834211 0.297051 0.660892 0.761768 0.204546 -0.496158 0.328351 0.248132 -0.163314 -0.414528 1.26967 -0.678876 -0.11019 1.09446 -0.682367 0.00971022 0.581401 1.32562 0.12869 -0.784892 -0.0779445 0.435615 0.0378837 0.806175 0.215804 0.330914 -0.37436 -0.148043 0.237153 -0.675034 -0.460433 -0.205978 0.299183 0.469473 0.168455 0.516154 0.217852 -0.0272502 0.670963 -0.629608 -0.438353 -0.117159 0.118431 -0.441114 -0.477954 0.789915 0.448453 0.324541 0.399649 -0.326801 -0.694732 0.794435 -0.0560026 -0.220504 -0.255758 0.461444 0.322285 0.0786508 -0.48973 0.374728 -0.00984743 0.00281029 1.04575 0.135386 0.452399 0.348684 -0.479502 -0.335922 -0.0542841 0.711767 0.04174 0.183001 -0.315961 -0.673936 -0.502788 0.29261 -0.401599 -0.275414 -0.569757 0.390458 0.0576283 0.266958 0.544625 -0.164767 0.213273 0.129517 -0.0614013 -0.278069 0.520985 -0.197186 -0.389122 0.564059 0.53068 0.700042 0.555 0.672374 -0.634197 -0.421786 -0.0762129 0.242175 0.370442 -0.388924 -0.551408 
The following result corresponding the SNR point : 1.4 dB.
67 141 15 194 138 161 0 22 248 140 185 152 66 254 82 149 80 28 154 108 138 83 153 243 193 154 49 81 11 244 123 53 108 67 216 135 8 24 47 33 24 124 24 43 187 124 95 227 82 203 103 150 27 115 17 239 24 45 163 75 6 80 9 127 143 218 24 20 160 209 165 108 196 146 174 236 160 240 175 48 42 18 239 200 165 33 103 158 189 80 229 192 190 249 83 152 137 99 21 152 117 227 183 36 179 119 92 237 255 194 161 98 142 165 86 171 8 236 239 69 196 51 232 80 201 19 158 48 67 173 171 170 202 160 223 165 41 63 132 140 169 40 237 120 89 209 103 55 90 34 128 69 194 107 62 114 112 161 155 95 125 103 220 161 23 150 104 12 241 57 191 16 161 118 163 133 16 40 174 160 231 138 248 235 132 36 157 217 89 216 82 76 144 233 130 14 152 155 246 218 19 220 122 11 246 20 226 8 118 212 182 116 188 204 199 81 57 124 46 231 60 79 112 181 219 230 167 175 170 146 225 200 201 131 98 251 186 121 
0.364827 0.872689 -0.297001 -0.019063 -0.504985 -0.0718933 -0.457294 -0.216862 0.691187 -0.0772612 -0.19752 -0.0310763 -0.633659 0.384466 0.0726428 1.01087 0.407059 -0.0764461 0.361488 -0.495138 0.401281 0.281915 -0.569 -0.388155 -0.381903 0.722498 -0.422948 -0.700127 -0.287304 -0.498212 0.636691 -0.00386933 -0.652178 0.212933 -0.36988 0.880323 0.315661 -0.244295 -0.646424 0.307341 0.432681 -0.517745 -0.803516 -0.497313 -0.373939 0.00242985 -0.446354 0.455769 0.0203292 -0.399183 -0.257918 0.00992646 -0.00908823 -0.841961 -0.141584 -0.612972 -0.601375 0.605876 0.676348 -0.670271 0.542475 -0.444813 -0.299366 -0.724725 -0.259104 0.307025 -0.425454 1.15606 1.13133 0.327774 0.255557 0.616024 -0.60122 -0.69811 0.821142 0.0253854 -0.698567 -0.0593276 -0.159135 -0.0999396 0.868673 -0.337476 -0.661662 0.228094 0.222074 0.477368 -0.293154 0.0471767 -0.0861391 -0.607593 -0.107262 0.44692 0.771326 -0.220545 -0.396878 0.73635 -0.430812 0.666604 -0.191409 -0.708093 -0.110387 -0.176033 0.631604 -1.07909 -0.621936 0.268681 0.410021 0.477446 0.769679 0.270598 0.376654 0.572277 -0.285952 0.775032 0.238293 -0.268336 0.049246 -0.442561 1.03776 0.313603 -0.696976 -0.325624 0.304828 -0.362672 0.4733 0.00122621 -0.268364 0.88634 -0.645189 0.135144 -0.688925 -0.607002 0.144918 -0.65197 0.470738 -0.338342 -0.183765 0.0171901 0.950062 0.495956 0.342943 -0.098466 -0.405091 -0.965302 -0.495744 1.279 -0.172891 0.238659 0.726645 -0.838733 -0.164594 0.129161 -0.819135 -0.356278 -0.0884541 0.273386 -0.282513 0.747107 0.74688 -0.614891 -0.322227 0.357607 0.236039 0.398078 -0.865654 -0.187067 -0.454738 0.31796 0.797651 0.332573 -0.371981 -0.0755395 -0.142989 0.0827189 0.598246 -0.252343 0.00780451 -0.279087 -1.01858 0.509431 0.33047 -0.768956 -0.059101 0.543738 0.205905 0.70313 -0.973909 -0.125664 0.310466 -0.400919 0.184218 0.373388 0.0635137 -0.789261 -0.172671 -0.561914 -0.0190755 0.371109 0.474191 0.438636 -0.0954676 0.762861 0.0644754 0.452157 0.804298 -0.443781 0.176709 -0.0321849 -0.155988 -0.454323 -0.220785 -0.204901 1.05675 0.408058 -0.273234 -0.0343804 0.0254932 0.302464 -0.672076 -0.296926 0.434327 -0.39983 0.987458 -0.504068 0.561193 0.366633 -0.577583 0.235845 -0.348329 0.0843963 -0.0967469 -0.356481 -0.406209 0.351514 -0.0534034 0.064993 -0.125059 0.230034 
250 42 210 96 77 162 86 155 158 205 203 129 70 78 45 245 251 51 73 146 218 40 156 230 124 41 80 56 219 27 241 91 235 21 178 61 143 32 197 99 69 37 40 64 78 163 116 172 203 17 45 220 39 182 143 48 53 144 126 219 5 105 253 190 223 206 141 78 183 197 73 247 152 178 37 224 27 237 120 112 156 227 149 10 28 179 10 137 104 174 184 129 163 91 69 227 189 188 131 0 145 236 75 249 118 32 63 198 104 50 201 84 35 114 81 226 17 77 48 245 55 39 199 195 115 253 149 224 220 233 159 164 46 97 52 230 55 135 15 13 236 147 158 65 149 79 253 72 51 111 27 75 198 144 111 83 87 72 201 10 64 58 42 37 119 22 109 33 158 140 141 253 217 172 76 203 137 7 177 54 211 193 158 251 13 220 115 18 137 199 249 55 207 112 56 39 166 59 160 184 215 27 184 173 6 0 205 255 172 7 7 23 147 252 168 238 195 101 94 51 19 129 250 140 178 168 100 177 133 193 222 79 64 27 59 16 95 183 
-0.569382 0.761702 -0.156519 0.450073 0.240277 -0.10444 0.0654723 0.176833 -0.204012 0.44138 -1.01095 -0.0246966 -0.882823 0.428719 -0.131742 -0.4684 -0.442846 0.8698 -0.23349 -0.395631 0.128738 -0.735894 0.562265 0.670163 -0.116241 0.129189 -0.82257 -0.635632 -0.0986809 0.452306 0.427824 -0.49609 0.171385 -0.0109526 0.5086 0.618511 -0.76272 -0.6742 0.988652 0.165668 -0.091007 0.523883 -0.0566298 -0.359252 -0.291192 -0.204934 -0.120765 0.28363 -0.898011 0.327307 0.339458 -1.05526 0.672274 -0.562431 0.600553 -0.583289 -0.105584 0.347249 -0.184193 0.336352 0.0584505 -0.0258702 0.0152335 0.628339 -0.23205 0.208419 0.618217 0.282276 0.274691 -0.377509 -0.899848 0.437439 0.708804 0.0352105 0.418487 0.646166 -0.588702 -0.383902 0.566719 0.298013 0.586436 0.408603 -0.479332 0.245001 -0.139419 -0.644045 0.333034 0.447533 0.480035 0.202832 -0.484557 -0.188371 -0.178472 -0.338749 0.0785925 0.264822 0.0810863 -0.442059 0.385891 0.0528313 -0.174138 -0.0382721 0.368391 -0.221003 -0.0845511 -0.146636 0.344536 0.674999 -0.326459 -0.613853 0.490343 -0.415438 0.105763 -0.556593 0.219127 0.506938 -0.318161 0.584014 0.275412 0.0167741 -0.235033 -0.0389051 0.389773 -0.35895 0.691695 0.372527 0.38748 0.71352 0.673953 0.514848 -0.388977 -0.0218825 -0.370786 0.164502 0.168518 0.384453 0.805788 0.317844 -0.646647 -0.0253448 0.592212 0.462011 -0.0978621 -0.849686 0.392773 -0.061723 -0.408927 0.439273 0.20689 -0.229723 0.158682 -0.375674 -0.0541901 0.962618 -0.29358 -0.657751 0.13393 -0.0607112 -0.32668 0.246157 -0.316768 0.153915 0.0491224 0.473549 0.530127 -0.466506 0.740418 0.494174 -0.614126 -0.125164 -0.526874 0.587799 -0.733769 0.207966 -1.15482 -0.268631 0.0718633 0.102927 0.397174 -0.13103 0.0643653 -0.475805 -0.554038 0.518258 -0.381342 0.216387 0.438436 -0.786456 -0.270256 0.510257 0.159205 0.258932 -0.2188 -0.942753 0.0717998 0.500103 0.077714 0.118428 0.973717 -0.611005 0.355831 -0.0548409 -0.824841 0.0752386 -0.165393 0.901889 -0.849994 -0.144127 -0.195363 -0.250969 -0.471471 -0.52605 -0.0183215 0.312969 -0.100258 0.252972 -0.531699 -0.597021 0.123966 0.58323 0.189399 1.30202 0.104545 -0.470222 0.303988 0.733054 -1.13744 0.387816 0.406733 -0.150865 0.4291 0.454764 0.382017 0.820736 -0.450426 -0.152438 0.21963 -0.404222 
186 246 239 88 158 231 211 154 239 23 229 116 79 13 64 33 94 237 108 222 176 55 113 119 240 250 247 231 150 0 127 73 66 249 36 231 86 124 119 141 108 152 154 116 220 232 99 156 55 185 216 222 219 167 31 1 137 0 15 123 124 34 115 124 8 19 230 69 226 112 81 150 191 62 141 107 112 17 38 181 166 69 140 18 245 116 214 145 219 228 204 119 172 50 48 51 29 136 127 105 64 102 42 40 193 49 194 44 167 24 21 115 90 9 59 240 163 227 236 178 58 127 75 221 185 93 165 1 94 93 249 84 119 66 221 206 47 150 172 180 29 224 143 39 78 137 60 224 59 237 224 185 21 207 234 162 77 39 143 177 82 102 38 118 230 220 146 206 139 65 133 176 247 64 200 125 237 123 52 164 114 247 245 131 241 167 145 215 100 78 215 42 103 86 239 179 222 105 245 252 107 15 77 122 78 121 126 91 118 230 250 137 143 8 248 168 21 199 146 21 57 191 234 77 241 168 139 73 59 234 207 194 155 226 223 69 105 228 
-0.841928 0.963248 -0.0697871 0.841288 0.255042 -0.450412 -0.0562921 0.512089 -0.237954 0.157143 0.422173 -0.832185 0.422634 -0.00738897 -0.0204885 0.827312 0.0795307 0.574887 0.179759 0.561139 -0.189617 -0.0133321 0.30018 0.781153 -0.456982 0.227005 -0.220584 0.297784 0.221288 -0.162163 0.328921 0.399927 -0.350807 0.0499863 0.281035 0.45764 0.598808 -0.129305 -0.286653 0.179528 0.169404 0.475594 0.713198 -0.283599 -0.0419696 0.114578 0.775576 0.416246 0.881002 0.258645 -0.722466 -0.742245 -0.0449765 -0.381229 0.377197 0.464626 -1.06454 1.02711 -0.444437 -0.21456 0.593696 -0.601077 -0.293699 0.129149 0.707586 0.583821 0.293357 0.509532 -0.389904 0.521563 0.513195 0.305477 -0.185654 -0.159831 0.482391 0.180335 0.726304 -0.0865745 0.0632438 -0.10943 0.116657 -0.341651 0.224331 -0.293959 -0.990246 0.324423 0.369848 0.445155 -0.0193905 -0.435795 0.707282 -0.288253 0.185976 0.476892 0.0557135 0.102672 0.0655914 -0.163483 0.649051 0.898839 0.2478 -0.417434 1.1801 -0.561673 0.0123926 0.0242595 0.816399 0.0435797 -0.860025 -0.351798 0.0977297 -1.06131 -0.398189 -0.193473 -0.808678 -0.222256 -0.76491 -0.451586 0.450078 0.085918 0.486432 -0.288316 -0.264928 0.322823 -0.680707 0.402526 -0.457471 -0.515448 0.160391 0.475523 0.281178 0.887058 0.455379 -0.665273 0.761479 -0.416092 0.293791 0.0939164 0.693546 0.509072 -0.0610958 0.203619 0.0729029 0.297363 -0.331019 -0.173167 0.0436279 0.679423 -0.3283 0.0535724 0.381197 -0.497362 0.187802 0.704342 0.582592 0.269002 0.595504 0.116851 0.118587 0.0432263 -0.0771314 -0.610164 -0.578422 0.0111604 0.437702 0.615418 -0.466226 0.0960273 0.480359 0.530091 0.516065 0.270065 0.481317 0.0913945 -0.261772 -0.00697194 0.216365 -0.327537 -0.286293 -0.717245 0.873848 1.28251 0.663598 0.0266105 -0.114595 0.176534 0.77279 -0.293969 0.275358 0.441228 0.288631 -0.299807 -0.150827 -0.278359 -0.1269 -0.393451 0.284043 0.0678129 0.0357562 0.224191 -0.914826 0.303292 -0.164693 0.224622 -0.06179 0.549964 0.34266 0.123263 0.369022 0.474276 0.518461 -0.820498 0.175042 0.0465297 0.905895 0.665143 0.101622 0.655765 0.222873 -0.135163 -0.446496 0.364255 0.611595 -0.356208 -0.519256 -0.251585 0.407899 -0.592948 0.442175 0.0321407 -0.207877 0.446686 0.0753721 -0.360595 0.0755055 -0.234672 0.359322 -0.554761 
128 169 230 166 144 89 86 56 173 210 147 157 128 33 97 16 87 42 80 246 104 212 193 39 59 230 69 24 215 145 1 249 172 125 148 126 146 134 71 88 234 77 49 224 160 155 101 254 81 96 122 226 188 5 64 126 53 227 168 25 207 108 207 247 130 214 88 191 189 130 193 130 105 221 165 64 13 3 52 142 168 127 13 212 160 71 44 250 247 232 110 141 234 154 186 175 164 23 205 54 5 26 11 126 232 201 225 180 46 131 15 28 186 99 98 59 74 34 73 26 103 85 37 10 25 38 220 231 23 173 77 77 150 16 112 67 202 112 27 21 154 133 215 151 31 169 144 204 107 117 70 104 42 211 171 33 237 245 249 6 127 46 106 15 146 79 77 55 218 96 246 135 132 47 97 238 126 162 37 79 47 172 77 44 146 208 41 248 131 115 215 252 107 136 90 203 227 191 134 129 155 170 9 55 205 109 70 120 149 151 51 182 157 9 252 248 9 255 124 153 108 136 154 186 155 237 230 45 180 221 123 49 97 147 177 2 137 64 
-0.618257 -0.365138 -0.432426 -0.132012 -0.334137 -0.472178 -0.18367 -0.220018 0.358593 -0.0578435 -0.144662 0.982989 -0.686977 -0.144856 -0.635017 0.315597 -0.345085 0.466664 0.156919 -0.307571 -0.504356 0.482369 -0.0292221 0.332774 -0.0450596 0.780181 -0.117622 0.212396 -0.594215 0.80233 0.220346 -0.0545167 -0.579766 -0.0218961 -0.720243 -0.461197 0.385798 -0.184173 -0.949397 0.292816 0.376081 -0.0180278 0.0542512 0.210415 0.306817 -0.597474 0.27423 0.327693 -0.676262 0.554613 -0.10386 -0.445007 0.0581955 -0.567461 0.256253 -0.177174 -0.185897 0.569254 -0.59968 0.29677 0.504879 0.425258 0.0193702 -0.345551 0.103776 -0.646933 0.449124 0.178278 0.233791 0.505444 -0.606166 0.397962 0.491934 0.0453562 -0.234799 -0.0971654 0.34326 -0.723507 0.815806 0.138038 -0.415602 0.723667 -0.146413 -0.58739 0.320288 -0.176667 -0.693051 0.16056 0.408784 -0.393018 0.124445 0.437289 0.403891 -0.1024 0.228068 -0.618968 -0.34243 -0.391848 -0.543667 -0.0890407 -0.380973 -0.654547 -0.9506 0.457703 0.471675 -0.377825 -0.0170006 -0.412326 -0.306587 0.804561 -0.153988 -0.642153 0.4566 -0.0299334 0.0801573 -0.0209132 -0.492714 0.0853048 0.698543 -0.0659299 -0.182996 -0.458927 -0.316055 0.042957 0.268849 -0.156366 0.229127 -0.47386 -0.0545182 0.52727 0.223835 -0.499845 0.891611 -0.750949 0.408502 -0.0390991 0.83864 -0.119824 -0.160101 0.190897 -0.475855 0.248142 -0.332766 -0.438406 -0.198277 -0.474689 0.016468 -0.113231 0.232826 -0.68881 1.03891 -0.121997 -0.972495 0.420252 0.41903 -0.659737 0.222334 0.758832 0.671699 0.442006 -0.671723 -0.443143 -0.45449 0.138699 -0.637601 0.567547 0.387117 -0.661589 -0.204679 -0.321945 0.229297 -0.875629 0.60082 -0.0730039 0.363239 -0.144705 0.0168421 0.0425023 -0.0547557 -0.417729 -0.831368 -0.360368 0.249993 -0.0356261 0.331054 0.261744 0.477657 -0.472564 0.460798 0.306506 -0.438614 -0.225607 -0.0697824 0.383425 -0.380356 0.0285034 0.191037 0.720776 -0.494748 -0.432182 0.13967 0.851808 0.468513 -0.348572 -0.412417 -0.328376 0.558003 0.160502 0.36636 -0.337309 0.0805312 -0.266249 -0.775181 0.119461 0.211129 -0.801677 -0.269074 -1.09366 -0.459195 0.0792213 -0.154356 -0.336304 -0.0861802 -0.74548 0.248215 0.196072 1.27745 0.0629852 0.665507 -0.081294 0.171617 0.071283 0.273327 -0.326623 -0.0765296 -0.13861 0.461376 -0.21617 
15 42 181 34 207 103 8 178 98 169 33 212 213 153 17 187 246 147 188 247 142 8 50 132 76 123 10 101 2 231 161 87 85 150 159 181 251 128 158 39 250 77 149 114 240 36 65 17 253 123 150 117 193 141 69 171 239 87 245 185 138 61 106 122 223 20 206 2 30 211 99 50 89 253 229 160 119 166 151 117 39 114 103 151 125 59 84 51 116 74 189 52 243 40 217 79 129 146 97 157 49 55 87 198 110 227 79 212 203 223 243 200 8 118 119 19 215 157 229 254 76 213 139 225 15 253 254 46 230 49 97 230 44 75 201 113 38 47 49 209 60 23 19 44 51 248 189 231 130 70 165 106 78 12 51 51 106 42 148 100 249 125 147 151 229 51 89 38 91 10 255 33 183 163 42 106 250 188 167 95 110 184 128 113 146 178 127 111 142 145 9 65 188 229 248 221 199 76 75 139 252 129 101 29 93 178 201 211 117 30 23 27 225 10 20 105 120 196 104 43 45 143 32 83 38 136 7 75 180 206 107 199 149 135 252 87 192 32 
0.0628701 0.108716 0.243844 0.414728 -0.393948 -0.4845 -0.532709 -0.580683 0.27988 0.110494 -0.3611 0.525811 -0.504727 0.214955 -0.176146 -0.175809 0.0527518 -0.377699 0.149575 -0.932932 0.443934 0.223724 -0.156879 0.274366 -0.404421 -0.172308 -0.142591 -0.873204 -0.381731 0.587133 -0.139194 -0.506392 -0.222316 0.0244516 -0.0083421 -0.506622 -0.41703 -0.620766 0.639572 -0.0268138 0.748192 0.611788 0.517283 -0.548931 -0.784516 0.732013 0.586798 -0.238229 -0.412046 -0.441999 0.127107 0.392741 -0.676266 -0.866252 -0.638087 -0.274398 -0.723659 0.560927 0.0288953 -0.380056 0.409616 0.889838 -0.529923 0.249449 -0.115328 0.152002 -0.570568 -0.534003 -0.416205 0.675764 -0.0893047 -0.356747 0.463598 -0.176041 -0.910444 0.345421 -0.396739 0.338463 -0.27296 0.225617 -0.00171554 -0.249383 -0.239421 -0.654716 -0.198067 0.419036 -0.374999 -0.15492 0.0924068 -0.525466 0.585266 -0.106312 0.672649 -0.184761 -0.157823 0.600413 0.458085 -0.413615 0.710825 -0.594303 0.063836 -0.447432 0.584098 0.0836957 0.225717 -0.320016 -0.178829 0.359554 0.294641 -0.207229 -0.567824 0.0360518 -0.304911 -0.753332 -0.498334 -0.389945 0.337851 -0.0980614 -0.260589 -0.270788 -0.0341506 0.04324 -0.12858 0.647713 0.558692 0.384984 -0.175063 0.532425 -0.221007 1.04869 0.610042 -0.11794 0.400457 0.583274 0.308989 -0.133971 0.521587 -0.0158115 -0.358904 -0.0542484 0.313107 -0.872691 -0.213197 0.407921 -0.525797 -0.482351 0.391744 0.629812 0.0321469 0.696511 -0.315703 0.134932 0.542649 0.521262 0.536146 -0.49151 0.26048 0.468543 0.13188 -0.159177 -1.2622 0.297286 0.752172 -0.0631057 -0.433196 -0.503137 -0.653493 0.399251 -1.1973 -0.540825 -0.241561 0.203037 -0.34664 -0.526886 0.130908 -0.347363 -0.901483 0.558162 -0.258884 -0.557781 0.497724 0.230738 -0.501867 -0.302149 -0.805549 -0.901721 0.290382 -0.46636 -0.49548 -0.554294 -0.371059 0.350167 -0.617452 -0.197574 -0.152942 0.462249 -0.238036 -0.670537 0.447745 0.0450664 0.158989 0.14631 0.243552 0.930492 -0.111519 0.0458674 0.0457691 0.163825 -0.504156 -0.234984 -0.418322 0.91683 -0.405314 -0.70901 0.181386 -0.163242 0.718728 -0.738698 -0.0556883 -0.422254 -0.552861 0.786632 0.623273 -0.869587 0.0555407 0.28187 -0.327728 -0.648717 -0.115177 0.0698013 -0.318061 -0.55262 0.08543 -0.113602 -0.0494494 -0.0662034 -0.379842 0.638988 
74 242 52 193 102 113 139 179 129 173 190 35 95 120 57 36 61 235 155 167 93 69 91 195 231 85 4 188 174 59 98 154 168 179 158 89 129 226 106 5 121 249 114 158 29 228 66 79 201 28 146 194 254 42 36 242 124 69 231 40 35 1 115 220 118 226 21 217 206 75 220 209 82 75 38 208 58 208 35 39 10 94 251 70 125 109 142 65 56 128 99 165 140 30 172 42 163 225 124 13 234 107 34 0 174 13 80 67 217 202 74 78 138 161 58 35 64 51 43 226 188 160 56 202 25 82 35 185 149 5 186 245 36 115 2 150 13 142 10 176 148 67 217 233 95 237 135 149 51 58 69 81 218 170 173 159 113 99 51 39 68 42 1 174 235 224 21 11 184 6 90 55 18 209 157 2 58 22 82 28 72 77 75 154 100 151 220 75 12 179 173 145 172 228 218 19 254 241 91 65 101 154 53 38 107 248 171 43 101 200 121 218 135 208 74 205 105 90 190 243 37 206 255 239 3 86 55 207 56 217 12 181 226 205 53 117 8 193 
-0.111337 0.119157 -0.1901 -0.555389 -0.496097 -0.384129 0.669038 -0.14679 -0.5777 0.268039 0.0453755 -0.0681552 0.475772 -0.265499 0.474966 0.0482936 -0.745295 -0.737495 0.144359 -0.108034 0.5531 0.315774 -0.316355 -0.432674 0.437546 -0.343451 0.0200233 -0.434352 -0.102705 -0.239574 0.335074 0.293134 -0.238488 0.167954 0.628868 -0.769225 -0.352336 -0.012271 0.0759141 -0.386113 0.443091 -0.0437865 -0.366746 -1.08762 0.414871 -0.067451 0.159923 -0.265556 0.948072 0.919591 -0.13058 0.306432 -0.462394 0.1631 -0.140131 0.214567 0.437871 0.198393 -0.162169 -0.646189 0.401682 0.330069 -0.207415 0.759029 0.507845 -0.355218 -0.38662 0.0766626 -0.357207 -0.10571 -0.426891 0.250105 0.747026 -0.0765475 0.580962 0.117686 -0.351273 0.499334 -0.840347 0.00715505 -0.355943 0.146254 0.771608 0.302956 0.397402 -0.068267 -0.447991 0.228319 0.862106 0.0438847 -0.713639 -0.573041 -0.669353 0.44148 -0.190584 -0.350222 0.58032 0.00772728 0.0567431 0.687904 0.251598 -0.104863 0.246513 -0.795901 -0.311393 -0.582092 -0.630632 0.587433 0.459028 1.09435 0.405141 -0.0278973 0.327478 0.143501 -0.0587025 0.104741 0.489935 -0.242048 -0.287978 -0.554768 -0.259239 -0.517475 0.454403 -0.572604 -0.688169 1.00046 0.0508541 -0.0280493 0.648136 -0.796186 0.657798 0.623253 0.115575 0.787011 -0.546186 -0.382162 -0.152168 0.263538 -0.447046 -0.133308 -0.644319 0.345685 0.18003 0.508557 0.542424 0.0403137 -0.0927048 0.00885219 0.508347 -0.370038 -0.42634 0.723363 0.424784 0.159155 0.52102 0.387444 -0.46646 0.445711 -0.653789 0.0822889 0.634177 -0.22965 0.363443 0.300858 0.324784 -0.347899 0.667689 -1.17745 0.398644 -0.454958 0.476462 -0.271327 -0.129981 -0.466653 0.41794 -0.45962 0.721669 0.414263 -0.128038 0.252822 0.177999 -0.219093 0.284688 -0.377477 0.180284 0.175044 -0.556851 -0.105908 -0.3824 -0.00364979 0.193466 -0.354998 0.264052 1.03572 -0.158362 -0.690695 -0.716308 0.22261 0.336115 0.375274 0.281067 -0.393021 0.0081453 0.119298 -0.488985 -0.184743 0.153297 0.140562 0.0310271 -0.376863 0.241738 -0.0100121 -0.588129 0.32127 -0.151547 -0.111803 -0.578705 -0.83589 0.534345 -0.198941 0.467912 0.933085 -0.451469 0.599486 -0.406872 0.262714 0.503672 0.0264785 -0.243953 0.393067 -0.216375 0.219154 0.400232 0.748 0.155449 1.00409 0.514207 0.361333 
25 248 63 190 221 113 216 193 39 237 135 140 113 178 228 199 11 137 148 209 125 28 223 247 178 86 46 234 61 177 26 154 158 124 186 254 42 153 39 39 197 119 138 239 237 255 30 65 140 55 95 82 52 123 135 213 212 33 174 161 2 42 143 158 3 25 153 28 148 174 216 178 149 75 98 197 2 68 27 49 156 110 170 243 188 94 94 101 65 67 54 113 71 222 189 10 38 246 135 138 235 56 239 119 49 61 98 95 42 121 185 243 173 201 112 210 155 37 250 137 11 190 130 127 63 5 170 75 102 217 251 53 82 162 79 233 100 16 91 160 117 81 67 150 85 100 17 66 88 243 46 61 228 176 111 36 5 114 99 25 160 132 115 156 94 199 68 241 38 68 253 182 2 121 47 126 124 71 18 188 33 54 110 250 25 93 88 188 68 145 150 19 118 17 51 132 128 185 211 222 106 69 143 174 66 50 28 132 113 113 255 36 158 78 188 104 39 177 126 42 253 57 56 220 13 171 45 160 111 245 100 231 136 97 173 38 171 104 
-0.105078 -0.248142 -0.514794 0.748701 0.604313 -0.450903 -0.0607264 0.152943 -0.241672 -0.375419 -0.498258 -0.0275944 0.179527 0.224998 -0.094232 0.357644 0.618992 0.219867 0.200092 -0.0816533 -0.288808 0.240234 -0.0104532 -0.389625 -0.117422 0.375997 -0.193645 0.660942 -0.160479 0.763977 0.378205 0.0761892 0.163157 -0.430918 0.294993 0.781979 0.273442 0.11091 0.138899 0.265955 0.194517 -1.27762 -0.102896 -0.444342 0.566044 0.664497 0.688923 -0.0669509 0.362127 -0.382073 0.184212 0.063352 0.64516 0.0160458 0.236689 0.654114 0.685509 -0.161283 -0.530576 -0.422084 -0.454819 -0.428747 0.00248186 0.506011 0.333258 0.15214 0.196311 -0.724687 -0.668083 0.0959877 0.0937591 -0.286591 0.504025 -0.495302 0.87014 0.235103 -0.0776692 0.721807 0.458338 0.365214 -0.109706 0.330707 -0.151139 -0.48193 -0.779237 -0.360277 -0.266768 -0.303466 -0.373338 -0.292846 0.149601 0.576857 -0.41914 -0.434812 -0.830957 0.0695993 -0.179646 -0.873563 -0.331185 0.0248323 0.641048 0.569693 0.0575495 -0.566055 -0.125308 0.379288 -0.310293 -0.652945 0.252337 0.297864 0.0709793 0.351256 -0.133367 -0.228773 0.393725 -0.0657641 -0.614738 0.58534 0.26288 0.516241 0.669185 -0.291334 0.323447 -0.0475777 -0.148059 -0.465068 -0.104025 0.349013 0.016404 -0.0648773 -0.153444 -0.0801499 -0.155405 -0.568672 -0.607633 -0.315106 0.449068 -0.287778 -0.557915 -0.015185 -0.03422 0.094161 -0.500496 0.284362 0.297845 -0.626785 0.0712342 -0.504966 0.159217 -0.801456 -0.205869 0.712065 0.667177 -0.251395 -0.304043 -0.369695 0.186831 -0.240986 0.273363 -0.0561003 0.565798 -0.311062 0.288646 0.450803 -0.258017 0.215931 0.202574 -0.106976 -0.567979 -0.210169 0.305088 -0.161922 0.16534 -0.468331 -0.516835 -0.219223 0.181563 0.778373 0.456992 0.139695 0.27535 -0.38418 0.297447 0.550323 0.940072 0.0774587 0.605868 -0.189738 0.0538001 0.402369 0.705204 0.473376 -1.00866 0.908788 -0.533657 -0.155051 0.125184 -0.128651 -0.0836613 0.383265 -0.130367 0.811825 -0.160863 -0.135059 0.156517 0.0253835 -0.0889065 -0.24038 -0.431945 0.937844 0.0887132 1.31283 -0.388303 -0.0135864 -0.173715 -0.0919461 -0.476383 0.680479 -0.0118459 0.501912 -0.745409 0.59127 0.152426 0.690696 -0.155889 0.200666 0.446875 0.714951 0.172235 0.281652 -0.04526 -0.336071 0.318457 0.214724 -0.408995 -0.10151 0.12905 0.0584265 
59 100 250 217 38 243 200 249 118 166 203 138 145 76 123 149 93 13 84 231 86 245 19 183 6 180 120 110 38 146 183 130 227 207 106 205 99 81 223 17 56 8 246 165 84 62 251 239 68 245 197 135 100 210 196 207 40 73 239 15 177 223 25 25 62 62 134 160 129 21 105 6 179 10 55 103 31 122 234 103 146 49 169 255 184 187 150 79 178 84 181 102 103 241 186 5 23 111 158 80 126 26 40 106 250 31 239 8 48 90 177 206 128 228 183 223 240 216 117 111 197 86 47 48 46 241 237 19 123 216 56 143 15 120 8 144 226 161 195 94 183 45 138 250 144 140 56 149 83 80 124 229 131 178 207 71 45 193 85 211 228 218 209 161 68 180 233 167 23 241 103 67 4 110 105 227 83 35 251 70 110 83 147 193 236 248 167 240 197 20 111 162 214 96 206 214 158 97 30 29 124 95 253 241 36 39 30 83 65 90 144 122 132 2 55 77 215 28 95 25 152 249 44 237 179 223 132 226 248 18 20 20 117 149 156 244 91 106 
0.301059 0.140151 -0.125159 0.683512 0.240706 1.11001 -0.427353 -0.313112 -0.645462 -0.046084 0.723071 -0.75733 -0.576244 0.473812 -0.365786 -0.0892345 -0.883215 0.746114 -0.499751 0.0229842 0.1531 0.887312 0.525552 0.768147 1.08304 -0.285316 -0.0267216 0.247986 0.55313 -0.265447 0.145356 0.0312712 0.42341 0.400519 -0.104296 -0.326179 -0.378057 0.520685 -0.470113 -0.308238 0.704959 1.03086 -0.615747 0.234116 -0.0981416 0.26105 0.786466 0.484479 -0.185201 -0.140631 -0.179787 0.57076 -0.45805 0.102971 0.375717 0.559764 0.534682 -0.743738 -0.326672 0.660851 0.0810177 0.411128 0.382949 0.533983 -0.447346 0.289531 0.512706 -0.549106 1.12982 0.12774 0.331647 -0.408184 0.0888099 0.782768 0.207486 -0.435353 -0.381788 0.487283 -0.375835 -0.042366 0.32299 0.827165 -0.105495 0.470069 -0.451136 -0.142954 0.469685 0.731419 -0.422023 0.465082 -0.452661 0.388004 -0.606337 -0.291597 -0.0408339 0.0342368 0.623761 -0.468758 -0.463406 -0.131153 0.422884 -0.146196 -0.626028 0.585078 -0.462107 -0.374133 0.355055 0.179438 -0.461225 -0.892188 0.162227 -0.249832 0.609636 -0.0440769 -0.600262 0.325993 0.352942 0.420774 0.633355 -0.553722 0.0775408 -0.232753 -0.122361 -0.264334 -0.143327 -0.422208 -0.947491 0.344001 0.621289 -0.0507433 0.606129 0.154815 0.557626 -0.192239 0.234637 -0.20259 0.055936 -0.385514 -0.122584 0.138461 -0.187916 -0.53688 -0.671838 -0.699273 -0.333613 -0.694127 0.0869922 -0.708496 0.532704 0.0240525 0.214253 -0.340884 0.267463 -0.492939 0.34022 -0.21967 -0.263961 0.633541 -0.0590178 0.77772 -0.267032 0.659687 0.290944 -0.00200441 0.131002 -0.340202 -0.197599 0.28443 0.55802 -0.275596 0.534232 -0.656415 0.584063 0.718634 0.404403 0.476509 0.143303 0.27821 -0.276972 -0.599032 -0.0255209 -0.26478 0.341307 -0.569565 0.486841 0.551157 0.409645 -0.106229 0.1641 1.17371 -0.647609 0.172212 -0.114335 0.358299 0.748348 -0.730424 -0.84438 -0.149361 0.128456 0.711946 -0.52016 -0.22911 0.34942 -0.273762 0.186409 0.454354 -0.841188 -0.167674 -0.627697 -0.0242944 -0.0295949 0.433691 0.503561 0.235399 -0.256428 -0.432199 -0.526959 0.729869 0.896033 0.0326757 -1.06993 0.556617 0.530423 -0.525833 -0.199218 0.473265 0.671663 -0.318925 -0.118208 0.566106 -0.782834 -0.331638 0.182533 0.311651 -0.126387 0.390255 0.173787 -0.402423 
120 160 94 216 73 155 117 4 64 60 170 80 107 1 201 253 136 206 107 233 222 93 9 35 86 79 38 158 192 21 126 196 25 41 126 140 171 138 236 86 95 12 196 251 62 253 200 154 202 219 230 123 63 129 44 191 204 222 165 161 246 167 153 60 79 38 133 182 253 121 83 147 123 215 90 230 113 120 4 220 78 91 240 10 156 251 8 47 16 18 28 52 222 204 102 163 15 252 137 166 74 25 55 14 86 105 191 204 140 166 146 244 2 70 62 249 198 164 45 121 216 55 199 17 238 15 151 80 193 111 184 218 180 82 71 192 216 10 8 234 218 85 103 40 188 145 255 196 120 165 187 51 172 75 243 189 46 114 11 170 238 133 41 224 15 157 196 114 203 232 176 116 117 167 140 165 11 22 137 134 184 105 234 48 248 248 207 143 240 238 213 28 247 71 159 163 82 49 19 2 71 139 160 134 179 107 187 33 12 218 247 14 35 132 225 108 204 222 153 15 144 99 205 204 174 39 1 107 205 252 97 231 184 143 19 207 170 253 
-0.442503 -0.34125 -0.893741 0.565171 0.194765 0.261661 -0.123415 -0.353631 -0.315375 -0.0972377 0.0629351 -0.672838 -0.584181 0.150138 -0.148052 0.313197 -0.895263 0.483452 0.724536 0.154257 0.535606 -0.240718 0.0878266 -0.832351 -0.221143 -0.181052 -0.88669 0.37751 0.538892 -0.728911 -0.255793 0.0723733 0.199651 -0.856038 -0.480451 0.242554 -0.674798 -0.283333 0.160703 -0.502485 0.67532 0.667166 0.200936 0.43473 0.867358 -0.234593 -0.451286 -0.228249 0.446617 -0.023629 0.470141 -0.31291 0.452385 0.497365 0.180008 -0.0277185 -0.24569 -0.882615 0.42742 0.327482 0.407997 0.0177459 -0.404541 -0.158368 -0.131399 -0.534652 -0.467381 0.096381 -0.378986 -0.507948 0.50169 -0.312606 -0.665916 -0.752789 0.628378 1.05803 0.0601509 0.62237 -0.490288 0.0654229 -0.13093 0.444941 -0.830736 0.0407081 -1.25487 0.683883 -0.79942 0.433021 0.00821974 -0.542411 -0.245012 -0.697123 -0.181176 -0.752566 0.463597 -0.23375 -0.0747177 -0.391507 -0.420389 0.421241 -0.475013 0.665183 0.0961716 -0.220132 0.4936 -0.181604 -0.845288 -0.0988719 -0.0257277 -0.0267104 0.172706 -0.141282 0.706973 -0.0974548 0.0753559 0.634697 -0.162781 -0.429642 0.919415 0.373362 0.30118 -0.051388 0.508245 -0.136242 0.257693 0.436924 0.486173 -0.40242 -0.059072 -0.233695 -0.441199 0.491963 -0.456775 -0.454363 -0.734419 0.145485 -0.273212 0.522769 0.420419 0.640646 -0.486889 -0.429073 0.95171 0.286229 0.0825892 0.589856 -0.458122 0.189097 -1.1444 0.573688 0.0338702 -0.481396 0.827365 -1.0092 -0.0720058 0.906815 -0.193537 0.425352 0.0905195 0.362287 -0.358226 0.32595 -0.075295 0.768809 0.0349097 -0.445382 0.261861 0.758912 0.12697 -0.568068 0.868838 0.600512 0.278231 -0.619238 0.436627 -0.619196 0.0553982 -0.475273 -0.090745 0.389778 -0.578182 -0.402343 -0.0229617 -0.759757 0.478811 0.551065 -0.305152 -0.739654 -0.70645 0.354235 0.0142686 -0.680852 -0.727132 0.275772 0.428338 0.101949 0.231221 -0.657834 -0.0134959 -0.479668 -0.15771 0.0695589 0.531336 0.333863 -0.179943 -0.9389 0.96556 -0.419147 0.171117 0.473277 -0.0590877 -0.111146 -0.310795 0.310774 -0.455781 -0.500758 -0.388082 0.206805 0.260019 0.226626 0.240796 -0.302933 -0.582626 0.203363 -0.328396 -0.433413 -0.219538 -0.178131 0.0202313 -0.499539 0.0267193 0.555087 -0.119561 -0.38093 0.389636 -0.38639 0.804727 -0.553783 
162 82 114 51 195 143 239 238 193 85 156 20 76 84 218 219 249 72 151 225 79 227 21 89 165 195 153 61 254 189 207 9 106 196 162 177 103 113 35 35 239 60 70 137 168 51 235 253 60 77 225 213 4 146 77 251 123 5 39 151 193 107 133 85 12 195 177 50 110 81 218 43 236 163 95 56 196 153 105 172 169 82 101 17 191 128 67 195 174 10 254 46 228 180 215 46 255 230 226 191 13 242 39 142 249 126 253 189 207 101 197 69 77 116 118 91 247 169 165 221 223 247 45 245 247 202 74 107 63 106 118 102 68 156 245 97 103 137 234 156 41 149 138 134 104 128 161 6 254 39 16 158 181 121 18 42 249 54 64 237 80 158 250 189 47 120 15 246 158 199 140 58 214 136 174 246 190 251 37 17 240 59 155 2 220 155 80 107 111 250 182 17 217 99 96 83 189 138 163 148 212 108 233 1 222 38 84 227 14 125 12 57 106 15 90 146 180 149 103 218 11 180 206 105 243 26 107 146 43 127 212 153 23 134 69 12 66 68 
-0.784544 0.275313 -0.243793 -0.734607 -0.186494 0.803086 -0.736538 0.00838716 -0.587526 0.509368 -0.950007 -0.67741 -0.019858 -0.430696 0.287235 -0.192062 -0.355625 -0.258848 -0.196799 -0.314195 -0.0368823 -0.016943 0.394397 0.114889 0.551178 0.39697 -0.651291 -0.290883 0.37533 0.505004 -0.318632 -0.384671 1.16113 0.369348 -0.306782 -0.204214 0.189958 -0.810251 0.375623 0.489736 0.310532 -0.0305249 0.43534 0.661452 -0.418151 -0.640553 -0.440193 0.76434 0.0310934 0.663264 0.215629 0.272743 -0.0940201 0.232621 0.175391 0.549913 -0.659953 -0.319356 0.492829 0.435939 -0.589249 0.268714 0.580226 -0.0472823 0.750336 -0.130519 -0.370165 0.265852 -0.62673 0.429694 0.48853 0.319713 0.444144 -0.476725 0.812693 0.2154 0.267247 -0.134157 0.530896 -0.0540679 0.110212 -1.04309 0.401937 0.399634 0.374319 -0.0237142 -0.520849 0.838932 -0.54171 -0.572925 0.962618 -0.573372 -0.291219 -0.268534 -0.822202 -0.694322 -0.647706 -0.323859 0.434258 0.235423 -0.362488 -0.957449 0.230304 -0.173121 -0.55348 -0.117713 -0.0476848 -0.254477 0.438467 -0.4928 0.744146 -0.519509 -0.4499 0.220365 -0.464155 0.452795 0.806196 -0.42428 0.457316 0.183029 0.140354 0.805854 -0.398409 0.0777064 0.183042 -0.301869 0.149663 0.170458 0.360284 -0.185813 -0.511005 0.148425 -0.126077 0.207801 0.0179665 0.630969 -0.818135 -0.453209 -0.0697488 0.988103 -1.32968 -0.706788 0.267029 -0.682135 0.150677 -0.33634 1.31136 -0.637291 0.227425 -0.528499 -0.30194 0.382792 0.0964319 -0.12984 -0.25345 -0.0103113 -0.551397 0.372214 0.343255 1.03557 0.620801 0.0225999 0.543404 0.678867 -0.332748 -0.412495 -0.231365 0.196372 0.167252 0.486266 -0.356873 -0.127391 -0.374082 0.64147 0.633395 0.736972 0.125928 -0.568368 0.670693 0.334042 -0.0222632 0.00667069 -0.588351 -0.483523 -0.065383 -0.595802 0.133328 0.0397557 0.534472 -0.552573 0.953809 -0.142496 0.14056 -0.919188 0.246523 -0.155837 -0.539317 0.0791581 -0.346514 0.0480946 0.678517 0.0722012 -0.472166 -0.357564 -0.191055 -0.262866 0.326495 0.27226 0.499848 -0.450184 -0.934542 0.269031 0.595525 -0.354597 -0.279069 0.91309 0.312441 -0.700321 0.594672 0.168321 -0.122703 0.188932 -0.510111 -0.363637 -0.545818 0.445213 0.796031 0.412755 0.521078 0.834064 0.979588 0.207561 -0.241762 -0.202224 0.53572 0.182228 0.406183 0.387696 
11 52 121 246 30 120 146 116 131 171 105 237 184 123 77 251 58 22 34 156 239 77 23 228 68 177 241 64 198 38 217 224 21 105 58 254 5 42 50 4 176 163 193 160 32 19 250 58 21 110 88 204 53 195 150 137 132 151 173 239 143 90 107 225 38 6 24 196 198 199 23 58 44 169 166 61 108 17 248 173 87 46 154 4 51 64 103 65 99 248 4 74 36 75 26 86 81 138 237 34 203 252 100 227 86 60 82 199 229 214 35 89 26 34 23 237 78 71 237 79 114 78 79 180 132 104 193 220 161 102 169 89 29 97 247 192 80 17 90 215 42 239 183 86 157 75 146 9 17 106 213 97 1 160 55 63 133 226 72 146 88 11 160 204 231 80 41 1 113 211 53 134 248 143 13 113 217 83 99 171 0 72 244 186 90 15 22 129 59 49 195 1 101 252 199 76 42 56 1 249 176 245 190 17 79 104 181 222 214 196 216 107 25 15 182 197 58 171 170 166 235 175 134 217 59 245 89 37 26 36 229 92 122 237 67 203 59 81 
0.499413 0.401117 -0.31231 0.084978 -0.499074 -0.229141 -0.195966 -0.566395 -0.298241 -0.419602 0.475869 0.0342846 0.637112 0.348677 0.113657 -0.510975 0.595691 -0.318471 0.395284 -0.012569 0.269532 0.319917 0.403133 -0.443711 -0.619548 -0.267861 0.126343 -0.298218 0.21619 0.0480795 0.0552117 0.546973 -0.449468 -0.0873224 -0.105402 0.0095849 -0.0261739 -0.675489 -0.108121 0.551337 -0.377853 0.105738 -0.170548 0.656143 -0.000798357 0.316703 0.174759 -0.0455267 -0.436854 0.666577 0.0329263 -0.84318 0.43381 0.0942428 0.241607 -0.06619 -0.0804202 -0.283182 0.259864 -0.323664 0.709523 -0.143729 -0.0936167 -0.427163 0.412012 0.37841 -0.805229 -0.169159 -0.149855 0.0132129 -1.09645 0.254417 0.0445692 0.232321 -0.578746 -0.157197 -0.436278 -0.105824 -0.845184 0.301357 0.141042 0.0582599 -0.162 0.630913 -0.0155371 0.523951 0.394715 -0.11575 0.108 -0.328045 0.351942 0.641033 -0.288205 0.19152 -0.32025 -0.235145 0.112122 0.199383 -0.20639 0.673626 0.0499897 0.322656 -0.313476 0.0748818 0.00831195 0.283122 -0.294244 0.239497 0.279793 0.427318 0.501247 -0.686068 0.418621 -0.0468956 -0.0677302 0.562496 -0.512714 -0.567851 0.285037 -0.531795 0.14489 0.566924 -0.0795841 0.709114 0.151821 -0.0313187 0.603474 0.470847 0.325498 0.111954 -0.466775 0.215698 0.0950749 0.0326746 -0.848944 -0.180197 -0.0311978 -0.31837 -0.000350553 -0.711671 0.586135 -0.782566 0.0199124 -0.0501838 -0.265288 0.631077 -0.614019 -1.02467 -0.141062 0.019429 0.0845615 -0.0575573 -0.754594 -0.489301 0.147518 -0.0696741 0.0238659 -0.718436 -0.248584 -0.102818 0.807015 0.29594 0.588128 1.04886 -0.902056 0.440772 0.27606 0.653056 0.197956 0.226655 0.152981 0.376809 -0.717276 -0.328667 -0.0256649 -0.181257 0.57731 0.274388 0.679645 -0.283874 0.420491 -0.153066 -0.426751 0.656753 0.135809 -0.210782 0.376129 0.0377921 -0.281179 0.714011 0.257936 -0.9546 -0.165868 -0.408263 0.636826 0.304004 -0.463686 0.0863231 0.669287 -0.00689475 0.38031 0.106168 -0.25513 -0.148734 0.305756 0.086738 -0.110284 -0.404775 0.276795 0.444107 -0.0689626 -0.372399 -0.101741 0.492859 0.316137 0.5928 -0.165772 -0.2936 -0.378624 0.000587565 -0.912508 -0.58804 0.576496 -0.271714 -0.519485 0.864105 0.312408 0.0588096 -0.26073 -0.2716 0.685347 0.677796 -0.737057 0.143685 0.659636 -0.569952 0.174957 0.590513 
192 173 102 118 214 11 163 60 150 211 12 167 253 119 194 32 94 72 150 214 182 217 154 118 108 237 198 249 248 219 209 144 62 217 68 96 194 30 133 222 152 232 226 250 241 135 25 73 106 31 105 226 101 247 69 1 155 190 249 72 103 155 143 117 143 97 50 227 228 40 136 234 225 14 78 187 66 230 41 240 96 143 141 135 13 246 150 227 174 131 23 145 163 84 43 119 79 96 178 33 78 120 212 10 251 222 98 180 206 132 149 44 10 208 9 221 7 153 158 17 3 247 93 34 151 122 198 184 182 181 84 2 58 20 62 245 67 102 243 24 105 4 160 80 73 69 79 51 148 76 34 230 9 109 140 72 132 129 247 122 251 97 77 10 251 230 132 75 231 212 117 31 28 187 153 74 124 10 90 226 73 113 249 160 229 40 222 67 46 131 53 121 182 245 235 46 76 220 53 65 234 64 230 166 254 46 1 158 56 181 124 98 57 166 76 127 165 61 228 31 116 108 141 235 186 27 117 170 31 165 179 89 23 12 144 204 178 42 
-0.849425 -0.00797821 -0.294324 -0.56116 0.143338 -0.289659 0.415267 0.151601 0.525373 -0.0773967 0.51515 0.271255 -0.515145 0.775431 -0.433046 0.597742 -0.646279 0.306736 0.599069 -0.604833 0.154849 0.716324 -0.116727 -0.607543 -0.0948495 0.57328 0.356709 -0.58267 0.801425 0.11453 0.314235 -0.515582 -0.444559 0.622278 0.532424 -0.56406 -0.125715 -0.634125 0.981941 0.435294 0.638126 0.10809 -0.912288 0.546794 -0.0346791 -0.338979 -0.733597 -0.150661 0.129834 0.797093 0.0924038 -0.636841 -0.494577 0.543984 0.0476209 -0.369167 -0.587465 -0.323972 0.319717 0.142408 0.468033 0.00668164 -0.638977 -0.35197 -0.43328 -0.0894187 0.335064 -0.324678 0.0884876 0.09018 -0.81771 0.14096 0.296131 -0.154433 -0.43776 0.0532818 -0.144934 0.121452 0.337682 0.772315 -0.0834886 -0.0895721 0.301686 0.438541 -0.796673 -0.035396 -0.459998 -0.452448 0.33004 1.01929 0.655254 0.0653027 -0.236988 0.481172 -0.398012 0.125271 0.829206 -0.187596 0.236462 0.454442 0.414669 0.530792 0.476476 -0.0102057 0.0866614 0.775246 0.688955 -0.370492 0.623529 -0.056556 -0.0775753 -0.293331 -0.207659 0.749417 -0.16217 -0.0150941 -0.435644 -0.141639 0.609493 0.355695 -0.38967 -0.294458 -0.643318 -0.343581 -0.87448 0.516621 -0.508882 -0.0869409 -0.522003 0.177809 0.204812 -0.150871 0.77538 -0.0552365 0.393088 -0.360928 -0.220808 -0.536069 -0.23974 0.295003 -0.232979 -0.773388 0.373485 -0.619438 -0.335351 0.0543284 0.286002 -0.12927 0.581127 -0.273121 -0.432932 0.17836 0.121578 0.312616 -0.0351764 -0.452626 0.334149 -0.452767 0.389445 -0.0128243 -0.78392 0.975621 0.382701 -0.307132 0.0105905 0.867394 -0.501922 0.00623242 0.223318 -0.140992 -0.290246 0.401453 -0.35777 -0.100902 0.181254 0.256571 0.0188116 0.579593 0.0384784 0.0982688 0.039889 -0.496482 -0.62523 0.568807 -0.485821 0.31754 0.817108 -0.422377 0.497378 0.265632 0.262448 -0.445579 -0.207205 -0.475699 1.45776 0.18206 -0.294462 0.549311 0.0263141 -0.828141 0.217597 -0.720096 0.0359502 0.56547 0.093836 1.01793 0.357161 -0.255313 -0.506031 0.159531 0.210192 -0.276522 -0.587387 -0.582572 0.605776 0.454122 0.60254 -0.0516156 -0.316805 0.529711 -0.0810658 0.412878 0.434865 0.141954 -0.23028 -0.148106 -0.19161 0.487662 0.420079 0.238667 -0.550253 0.981927 -0.557887 -0.10071 -0.360701 0.407014 0.413655 -0.119692 
143 9 235 249 86 40 11 49 172 145 114 242 182 139 212 55 51 31 202 109 145 180 14 37 249 29 122 95 128 121 15 63 8 212 14 211 110 138 35 151 107 63 45 0 208 85 44 55 59 57 79 163 89 149 2 117 122 228 188 194 12 90 185 2 12 165 23 245 237 23 59 170 91 163 0 207 47 80 171 255 1 5 135 234 114 233 74 10 200 19 5 212 248 67 128 105 184 236 62 140 135 241 132 122 177 252 180 99 179 115 245 193 215 92 214 4 228 203 202 105 58 56 91 1 139 116 241 45 82 33 172 82 3 62 226 86 41 95 119 65 42 240 209 150 56 118 168 97 54 242 17 94 92 7 235 186 32 67 246 234 97 245 222 130 226 211 99 251 44 171 85 100 154 118 71 219 217 200 4 8 57 15 56 62 71 19 185 248 16 15 91 16 149 70 155 235 253 20 226 185 255 95 150 26 107 235 222 198 222 116 19 163 186 38 98 171 191 221 176 60 106 158 79 139 70 186 71 85 92 68 210 167 55 235 138 124 211 234 
-0.125367 0.441492 0.435797 0.282862 -0.70113 0.158508 0.000842792 0.136214 0.474703 -0.163391 -0.223504 0.469344 -0.063378 -0.650064 0.0242875 -0.55685 -0.145843 0.341723 -0.275279 0.320777 -0.335101 0.0519058 -0.210631 0.283069 0.958474 -0.60133 -0.426248 0.144212 0.546152 0.0586677 0.0347984 -0.313774 0.0619837 0.0361164 0.938387 -0.557115 0.656407 -0.280572 0.250977 -0.507174 -0.534002 -0.582843 -0.44323 0.68142 -0.665944 -0.125998 -0.602355 -0.244903 -0.0632976 0.450252 -0.698125 0.924098 -0.0311927 -0.0165526 -0.0983497 -0.286522 0.925412 -0.446397 -0.089842 -1.02384 0.733954 0.464568 -0.978744 -0.162914 -0.514052 0.0372249 0.229109 0.904011 -0.107867 0.373509 -0.114878 0.0618922 0.277807 -0.23854 -0.0367839 -0.524218 0.507999 -0.635201 -0.534873 0.471598 -0.38735 0.291633 -0.439266 -0.435222 0.702098 0.652697 0.975683 -0.366071 -0.127827 0.688983 -0.464235 -0.388003 0.457364 0.478492 -0.169024 0.328114 -0.30932 0.0976707 0.480398 0.104426 0.0324913 0.725081 -0.110859 0.394884 0.711668 0.599477 -0.545651 0.629764 -0.389269 -0.451403 0.128921 0.813451 0.531344 -0.209017 0.329309 -0.0111873 0.645808 -0.49024 0.750396 0.624212 0.2282 0.297554 1.0831 -0.558948 0.450019 0.307838 -0.226713 -0.417811 0.734993 0.76318 -0.0740746 -0.603188 0.523064 0.118729 -0.599599 -0.482978 0.125579 0.202411 0.315424 0.697469 -0.104227 -0.0619846 -0.625263 -1.13314 -0.812081 0.00440197 -0.0513416 0.10926 -0.830314 -0.479292 0.450171 0.40928 0.528132 -0.581954 0.0749813 0.592608 -0.593592 0.169891 0.294515 0.388538 -0.52262 -0.580235 -0.638531 -0.472612 0.0765348 -0.979065 -0.00459494 0.0194641 -0.437776 -0.201496 -0.0710928 -0.105693 0.371305 0.516457 -0.135656 0.559179 -0.58021 0.0533905 0.205851 0.820227 0.220699 0.053032 -0.830767 0.20697 0.588793 -0.201834 0.488807 -0.164801 -0.302985 0.371994 -0.514471 -0.454776 -0.175915 -0.402831 -0.162999 0.328978 0.394735 0.10385 0.430717 0.611842 0.654561 -0.645124 0.196474 0.477658 0.547667 -0.0449988 -0.00905281 -0.940336 -0.601238 0.144726 0.219353 1.01643 0.0843615 0.496316 0.740844 -0.508725 0.395704 0.386219 0.223415 0.648681 0.804631 -0.538213 0.181562 -0.154269 -0.362383 -0.415851 -0.637088 -0.0643406 -0.309203 -0.603283 -0.0456571 0.226797 0.442514 -0.0731597 -0.631188 0.641636 0.427642 0.755569 
225 86 109 11 149 23 127 115 162 84 244 12 166 130 39 38 185 168 1 145 53 244 4 19 252 94 12 193 164 4 142 254 88 216 163 200 20 169 214 194 37 224 119 244 211 234 174 169 132 52 252 110 29 182 156 228 236 98 71 157 31 183 113 37 89 140 200 203 49 124 66 237 93 61 12 206 79 94 236 207 31 26 32 90 14 205 182 230 46 105 229 248 62 193 248 214 115 112 169 54 110 80 119 8 183 204 52 46 153 134 11 6 129 66 195 66 42 128 25 85 211 49 143 255 132 216 5 13 147 88 132 254 53 28 155 241 107 16 245 6 175 246 156 139 186 19 226 201 232 28 192 169 89 142 58 127 241 157 59 154 130 85 214 248 178 125 88 26 216 40 164 145 52 26 36 12 161 234 42 70 174 215 182 15 91 24 49 147 245 194 174 83 117 210 2 203 82 5 247 133 253 157 93 49 247 104 23 67 92 139 105 114 246 95 128 87 171 255 188 162 128 48 11 127 190 47 171 193 148 53 6 139 210 143 223 131 183 165 
0.0462852 -0.862221 0.0150601 -0.189128 -0.467592 0.306287 0.401358 0.487792 -0.671366 0.989067 0.358689 -0.187932 0.907777 -0.405211 0.0718096 -0.505676 0.174078 -0.281668 1.02527 0.157101 -0.201838 0.56313 0.0427468 0.132351 0.213742 0.710116 -0.78267 0.310759 -0.179597 -0.338648 -0.392175 -0.398749 -0.125108 -0.292796 -0.00862566 -0.271697 0.389794 -0.23789 -0.178705 0.47077 0.503508 0.565149 0.178562 -0.0774699 1.20953 -0.57436 0.0196621 -0.291726 0.407297 0.121617 0.596704 0.329242 0.739479 0.466923 0.286356 -0.443592 0.140734 0.252805 -0.330247 -0.157282 0.460579 0.237946 0.0381464 -0.449645 -0.624037 0.557817 -0.179825 -0.0860346 0.0940249 -0.143995 -0.811726 0.573652 -0.0326464 0.0733263 -0.26783 0.0743184 0.552261 -0.167843 0.289342 0.201418 -0.237591 -0.731314 0.647234 0.135955 -0.234295 -0.124961 0.116221 0.557246 -0.353564 -0.047258 1.1291 0.763457 -0.166058 -0.221485 -0.197629 -0.720866 0.685015 -0.112746 0.393783 -0.168211 -0.497474 0.414216 -0.76169 0.708915 -0.239293 0.0824434 -0.249817 -0.360065 -0.77158 -0.228326 -0.704471 0.385845 0.86012 0.548919 0.338513 -0.294891 -0.42017 0.952719 -0.439715 -0.44275 -0.353749 0.248861 -0.453653 -0.66022 -0.461106 0.347756 -0.323096 -0.296865 0.217097 -0.732398 -0.953412 0.0683675 0.552445 0.493367 -0.257028 0.372943 -1.0923 0.30843 -0.332569 0.647624 -0.408186 0.609317 -0.31875 0.168314 0.00580218 -0.0152169 -1.12448 -0.792299 -0.372556 -0.0264939 0.212282 -0.390173 0.27891 -0.348492 -0.00781498 -0.240722 0.461949 -0.185739 -0.601151 0.108126 0.650302 0.0923972 0.61093 0.0312071 0.701404 0.29056 -0.697627 -0.1091 -0.501789 -0.304688 0.0361497 -0.551428 0.385793 0.0101858 0.283521 0.810086 -0.725086 -0.857343 0.657087 0.285945 -0.451824 -0.694476 0.224922 -0.257638 0.351058 0.482648 -0.46835 -0.344085 0.427232 -0.513086 -0.270284 -0.793512 -0.0813403 -0.0283221 0.810401 -0.0413378 0.145722 0.711759 -0.362967 0.407668 -0.883693 0.174535 -0.123567 0.727983 0.745803 -0.2702 0.124641 0.129902 -0.0545518 -0.201387 0.608838 -0.0204423 -0.184282 0.218598 -0.589084 -0.167109 0.189083 -0.244157 -0.107188 -0.40397 0.0487731 -0.516833 0.517986 0.990103 -0.207212 -0.361215 -0.097699 -0.214045 -0.543672 0.335317 -0.341557 0.599171 -0.443574 -0.21747 -0.0172624 -0.249776 -0.38414 0.240396 
21 75 197 141 69 25 68 73 94 203 140 214 213 226 197 150 173 218 36 94 110 171 49 111 152 34 111 217 245 180 172 227 135 73 156 209 152 26 12 242 131 205 185 75 218 116 91 221 255 124 120 217 3 234 189 96 208 92 137 50 182 106 129 182 90 190 196 7 29 183 52 254 230 55 72 251 2 83 6 91 85 19 7 53 68 57 143 82 242 155 43 246 186 191 141 85 188 152 244 76 108 98 81 163 205 125 83 79 30 193 220 107 11 120 190 146 26 19 4 138 144 169 22 50 99 234 57 226 3 125 32 151 140 154 7 59 193 135 218 228 250 238 197 153 56 7 3 128 137 53 138 129 48 119 209 238 221 218 83 75 68 10 232 204 237 205 25 90 227 105 1 33 123 85 106 251 226 208 66 0 11 74 21 132 49 135 128 66 0 90 48 205 240 113 152 53 75 166 79 177 66 133 45 91 171 193 62 229 218 107 147 244 123 110 198 3 102 225 161 49 221 204 88 82 239 69 147 252 58 65 160 122 6 104 230 99 110 44 
0.227075 -0.34096 0.377344 -0.588391 0.211644 -0.0304927 -0.0426699 -0.125941 0.33106 -0.311468 -0.685243 0.298828 -0.137864 -0.561876 0.302949 -0.473298 -0.108109 -0.347749 -0.553911 -0.483795 -1.15299 -0.238637 -0.957091 0.429894 -0.0263142 -0.580275 0.39544 0.510723 0.170586 -0.362159 -0.0105572 0.0952552 -0.157358 -0.298333 0.0704807 -0.626236 -0.906184 -0.153223 0.456925 -0.358627 0.440043 -0.250668 0.152342 0.483743 0.682207 -0.323765 -0.759434 -1.1391 -0.739526 -0.23394 0.0244994 -0.738341 -0.236551 -0.458636 0.238165 -0.689299 0.385436 -0.0954822 -0.0909513 -0.302382 -0.714434 0.240218 0.650607 -0.798334 -0.271561 0.662972 -0.00437642 0.342482 0.596906 -0.684173 0.408717 -0.429476 0.538644 0.353221 -0.445497 0.459962 0.135418 -0.29619 0.741526 0.196524 0.242574 -0.253397 -0.648285 0.0947604 -0.0430874 -0.037781 -0.828698 0.104562 -0.534227 0.554863 0.336157 -0.246517 0.381144 -0.226865 0.893526 0.196776 0.228048 -0.562432 0.834259 -0.162944 0.83875 -0.175099 0.16652 0.673278 -0.466925 0.260976 -0.730362 -0.020047 -0.372125 0.386576 0.585972 0.238262 -0.123509 -0.594498 0.682016 -0.390219 -0.675176 0.350196 0.396312 0.471643 -0.0824252 0.114796 0.881326 -0.529926 0.501952 0.194756 0.0109414 0.0561453 0.735044 -0.45223 0.273536 0.6456 -0.302586 0.482566 -0.776562 0.0942899 -0.0243422 0.446646 -0.125062 0.34615 0.544081 -0.48633 0.461596 0.162773 -0.447883 -0.937177 0.783101 -0.646401 0.0689813 0.707526 -0.0939277 -0.691651 -0.0840687 0.119206 0.629218 0.335981 0.257158 -0.401364 0.487431 -0.834084 -0.323933 0.0938194 0.162169 0.491131 -0.830825 0.256665 0.244408 -0.458358 0.311969 0.306308 -0.196067 0.386231 -0.354341 0.367854 0.214685 0.249924 0.508792 -0.401652 -0.594274 0.361305 -0.0293315 -0.168927 -0.487692 -0.42798 0.800646 -0.221178 0.257132 -0.0733156 -0.300482 0.404165 0.110934 -0.323286 -0.836788 -0.567667 -0.374737 0.0357742 0.31852 0.188883 -0.348129 0.330403 -0.315831 0.424468 -0.746366 -0.0364843 -0.0362354 0.32792 -0.38572 -0.166471 0.678668 0.475771 0.662971 -0.0569562 -0.280139 0.326942 0.772335 -0.537979 0.427504 -0.347727 0.156996 0.503386 0.39496 -0.366411 0.385984 0.504635 0.119605 0.0233138 0.406503 -0.253436 0.514832 0.572128 -0.0335923 0.501385 -0.535565 0.323307 0.51299 0.278016 -0.0321811 0.757771 
64 166 176 239 141 77 173 181 83 193 27 215 62 27 119 128 154 219 143 180 227 215 252 27 188 177 154 64 89 44 58 112 38 12 146 115 229 131 31 37 98 96 232 152 177 195 98 125 180 217 182 67 249 69 206 204 191 121 68 10 5 11 74 241 116 3 23 118 97 253 126 191 214 5 81 28 168 249 101 33 0 139 14 217 188 86 125 10 247 28 14 174 210 119 183 78 173 118 143 180 195 216 203 37 14 38 121 100 59 220 243 44 249 7 253 14 156 149 55 11 247 123 113 211 137 102 122 70 95 232 35 109 110 190 17 12 126 8 29 221 178 197 140 201 91 188 181 152 45 116 204 113 99 115 123 86 117 241 254 1 123 130 208 176 190 221 33 198 138 34 130 36 12 190 178 230 193 233 244 127 7 193 35 80 133 161 84 79 14 46 224 193 224 109 67 178 173 74 152 6 17 51 237 166 60 119 75 177 94 129 107 115 111 142 42 220 164 215 108 223 162 110 168 97 131 135 179 118 172 101 220 11 156 84 68 49 186 222 
-0.363945 -0.0955935 -0.329985 -0.528672 -0.394598 -0.0545212 0.153099 0.267642 -0.645824 -0.0223981 0.468324 -0.51647 0.0153508 0.117963 0.203275 -0.115157 -0.264256 -0.209307 -0.70785 -0.180575 0.214062 -0.140968 -0.059978 0.495857 0.0934064 -0.0701928 0.206187 0.702491 -0.667915 -0.190325 0.188936 0.980592 -0.062997 -0.641247 0.403545 0.239635 -0.546522 -0.669488 -0.739486 0.470451 -0.283189 -0.293913 0.394621 0.0753139 -0.317972 -0.172066 0.246049 -0.434671 0.159497 -0.894201 0.201052 0.278687 0.00149862 0.463459 0.106162 0.254945 0.327896 -0.612073 0.312475 -0.209976 0.231837 -0.158799 -0.0570178 0.753177 0.0524482 -0.140448 -0.189911 -0.44544 0.0602704 -0.215887 0.340237 -0.861999 0.415154 -0.026975 -0.744198 -0.591683 0.0813582 -0.151572 0.16785 0.305973 0.567967 0.692283 -0.390147 0.798865 0.66711 -0.491871 -0.424125 0.103609 -0.234363 0.631932 -0.0135799 -0.0740603 0.0115516 0.100412 0.501641 0.332213 -0.477893 -0.140183 0.568219 0.675995 0.198111 0.616829 0.0655005 0.196264 0.657476 0.0532074 0.12877 0.188435 0.341913 0.00444287 -0.0692444 0.204364 0.971295 0.352121 0.56025 -0.29298 0.228975 0.474468 0.701372 -0.746533 0.00488933 0.082561 0.0293285 -0.297828 -0.931318 0.473169 0.0154896 0.31378 -0.417846 0.588696 -0.392063 0.541125 0.19354 -0.498241 -0.205214 0.18297 0.198501 0.270219 -0.245264 0.635886 0.291685 -0.173591 0.354896 0.913651 -0.162295 0.482243 0.525738 0.343712 -0.306442 -0.174498 -0.86349 0.176051 0.321696 -0.931898 0.566884 -0.158184 0.220755 -0.017535 -0.227575 0.204927 0.545561 0.590632 -0.499287 -0.0333649 -0.604414 0.378778 0.432331 -0.309406 0.943613 0.5418 -0.163005 -0.380055 0.752379 -0.428611 0.03438 0.27966 -0.531574 -0.588804 0.579637 -0.0676431 -0.00706829 0.269141 0.00828118 0.289294 0.370279 0.429166 -0.306754 0.378456 0.735345 0.286161 -0.765641 -1.0519 -0.205088 -0.558689 0.880424 0.258932 0.228681 0.786245 -0.595858 1.28366 0.230194 -0.398111 0.1472 -0.172723 0.137261 0.254091 -0.10584 0.203248 0.329145 0.0840299 -0.508361 0.420232 0.256612 0.0362628 -0.58475 0.446107 -0.102166 -0.447509 -0.183702 -0.888273 -0.335637 -0.392344 0.0654295 -0.142672 0.856759 -0.735196 -0.160895 0.292287 0.914995 -0.573178 0.409319 -0.525087 0.0872102 -0.0352906 0.660304 0.78231 -0.362663 0.316664 
181 245 55 167 45 88 50 166 143 181 2 46 88 238 11 8 148 0 239 250 148 59 179 79 143 203 108 151 98 90 9 202 32 212 98 94 253 39 63 105 43 159 73 172 72 227 215 34 57 202 37 72 42 198 32 159 182 125 114 47 222 164 56 173 107 32 80 65 213 81 53 125 247 113 121 135 240 55 202 171 173 138 128 183 130 56 90 108 25 57 6 198 190 144 135 183 93 61 11 58 131 6 249 125 172 198 238 34 35 142 10 17 121 2 42 55 221 206 245 224 50 151 78 119 170 84 62 170 26 239 243 142 169 194 118 252 239 222 227 250 171 199 249 17 6 224 198 237 98 21 147 159 149 213 48 134 37 48 63 89 216 105 223 197 200 86 64 107 208 26 48 36 112 67 181 114 89 18 46 64 231 133 222 34 106 98 128 187 90 126 138 3 76 1 43 104 137 252 179 133 30 84 164 7 214 34 116 7 242 38 124 67 86 180 114 96 141 67 138 203 48 235 38 64 24 128 194 164 204 87 230 14 180 34 159 97 210 39 
0.016413 -0.0886391 0.294624 -0.425277 -0.166098 0.320367 -0.587013 0.630351 0.739094 -0.619815 0.179373 -0.524909 0.620023 0.376549 0.20036 0.210978 0.541202 -0.0637557 -0.0506132 -0.328101 0.625789 0.597472 -0.242811 -0.539544 0.266427 0.421822 0.508145 -0.280232 -0.308104 0.599077 -0.244649 0.602203 -0.204262 -0.935482 0.695279 0.861001 -0.334705 0.473031 -0.7768 -0.737904 -0.168824 0.263635 -0.619826 0.462251 0.206436 -0.520132 0.0305493 -0.0525822 -0.622764 0.711715 -0.487868 -0.275387 0.672874 0.909157 -0.740665 -0.248189 -0.200062 0.327638 0.465472 -0.747341 -0.254728 -0.137851 0.0827888 -0.309087 0.923981 0.445704 -0.121689 0.0515194 -0.108742 -0.533186 -0.328418 0.630536 0.058792 -0.408437 0.676235 -0.443242 0.142153 0.325488 -0.212753 0.852015 -0.644955 0.0411053 -0.281723 -0.18812 -0.708209 -1.03011 0.347927 -0.315169 -0.436713 0.374844 -0.245547 0.457837 -0.0830007 0.525346 -0.568867 -0.559103 -0.136056 -0.618954 -0.608882 0.0490058 0.550618 -0.588567 0.157753 -0.515203 -0.379392 0.0938372 0.208133 0.513187 -0.0778872 0.559167 0.788058 -0.108781 0.220455 0.844163 -0.262126 0.118168 -0.961967 -0.430855 -0.557557 0.00457729 0.510802 -0.384645 -0.288912 0.13232 -0.518437 0.26819 -0.680775 -0.266017 -0.355735 -0.645297 0.0493534 -0.372543 0.606658 -0.119222 -0.130712 0.275269 -0.168997 -0.57868 -0.0993196 -0.171631 -0.706056 -0.402244 -0.572253 0.000616144 0.411323 0.357726 0.0806677 0.510391 -0.439699 0.344561 0.489027 -0.36422 -0.134163 0.144082 -0.840252 0.284759 0.0662729 0.294015 0.0635235 -0.0709528 -0.439086 -0.941829 0.324216 -0.798414 -0.189739 -0.713374 -0.1871 0.0305942 0.531969 -0.156122 -0.68573 0.867567 0.841103 0.347533 -0.50421 0.126067 0.240033 0.416826 -0.6241 -0.27262 0.495161 0.535854 -0.670953 -0.122698 0.375412 -0.105716 0.206499 0.233156 -0.346246 -0.340607 0.320198 -0.0311078 0.497609 0.491668 0.0372703 0.548628 -0.759291 -0.328847 -1.10872 0.288732 0.034452 0.324311 -0.21964 0.184519 -0.529565 -0.615774 0.132847 0.337749 -0.702125 -0.51178 0.300436 0.296846 -0.283598 0.558681 0.101646 -0.160535 0.410496 -0.263242 0.148391 -0.318359 0.146674 -0.0147011 -0.402312 0.361435 0.387067 0.814314 -0.574784 0.0878545 -0.192888 0.69887 0.40112 -0.299137 -0.962928 0.334647 -0.525272 0.383275 0.612592 -0.535252 
150 184 13 225 205 223 255 22 147 167 123 171 190 36 98 74 74 24 89 66 130 57 167 17 35 62 188 167 42 165 27 160 140 245 253 44 215 252 137 47 53 100 54 29 96 97 191 132 90 81 252 19 159 102 99 162 214 204 81 244 40 36 227 140 177 232 201 17 91 246 223 121 249 21 124 28 239 104 249 221 182 154 22 68 37 222 4 69 218 69 169 4 188 31 89 250 128 153 18 241 3 202 14 24 47 221 220 46 15 5 93 70 247 204 169 211 221 28 138 180 153 213 202 132 97 27 114 233 134 216 33 23 76 130 1 167 182 197 18 3 117 126 33 93 51 156 20 130 124 30 128 162 48 212 230 166 237 179 140 227 53 194 31 36 29 212 86 208 148 254 219 66 119 50 163 63 151 170 25 193 200 22 135 179 129 72 120 193 21 156 194 167 96 65 121 61 195 139 106 181 91 90 133 173 168 196 149 79 103 48 19 159 65 50 66 165 43 109 134 19 176 96 254 224 172 215 94 128 62 220 222 108 64 223 94 60 197 253 
-0.513145 0.709297 -0.230486 -0.105706 0.182533 -0.155397 -0.392829 -0.389101 0.0831893 -0.469825 -0.415305 0.518919 0.500064 -0.0637268 -0.563325 0.0863157 0.48169 -0.313965 0.174414 0.000313509 -0.787621 -0.138892 -0.268382 -0.42119 0.368927 -0.35219 -0.00802218 -0.829478 -0.798007 0.398209 0.264428 0.599569 0.0283346 -0.401285 0.245569 0.427256 -0.695809 -0.426022 -0.441464 0.0825097 0.537437 0.464676 -0.0516954 0.255593 0.445551 0.131424 -0.21679 0.514334 0.304021 -0.0734332 0.424325 0.522516 0.866598 0.867433 0.52419 0.14254 -0.658387 0.15815 0.132442 -0.554667 -0.159041 -0.555004 -0.348366 -1.01504 0.332985 0.0723682 -0.526 -0.633858 0.504276 0.359775 -0.489873 0.192563 0.233895 0.193279 0.118577 -0.338133 -0.202919 0.57243 -0.535592 -0.0689072 0.627167 -0.246193 -0.531054 -0.0522155 0.277838 -0.132211 -0.650161 0.171445 0.728395 0.773967 -0.322026 0.442019 0.0171875 0.227674 -0.718046 -0.0286537 -0.559741 0.793343 0.626334 -0.0148141 0.776662 0.17986 -0.895221 0.526853 -0.95065 -0.260286 0.865937 -0.369183 -0.5692 0.213495 -0.123709 -0.852936 -0.190405 0.523382 -0.90302 -0.554194 -0.0402542 0.610128 0.750594 -0.567744 -0.346871 0.308068 -0.0800548 0.452182 -0.27282 -0.574414 1.1253 -0.504383 -0.12251 0.990384 -0.183294 0.362862 -0.328155 -0.951831 0.564597 -0.437685 -0.480966 -0.485659 -0.448392 0.443337 0.30527 -0.303345 -0.346484 -0.67716 0.77461 -0.395441 0.0254111 0.28603 0.287855 -0.435965 -0.266457 -0.72814 -0.113027 0.243568 -0.296877 -0.560658 -0.785513 -0.167899 0.341941 -0.454588 -0.231719 0.429763 -0.692895 -0.667747 -0.393566 -0.397058 -0.229255 0.320246 0.813488 -0.474959 -0.39771 0.583021 0.240073 0.659643 -0.458245 -0.540649 0.143059 1.06177 0.375985 -0.948265 0.0841604 0.238185 0.198238 0.157163 0.758967 -0.499994 -0.0762566 -0.628399 0.735534 -0.316557 -0.135975 -0.85684 0.433333 0.0476089 -0.717016 -0.546937 -0.290948 1.06278 -0.545154 -0.405719 -0.143538 0.298655 0.395886 0.651601 0.283041 0.1962 -0.0335395 0.0852444 -0.284238 -0.69779 0.342184 0.393284 0.19399 0.490721 -0.478336 0.13338 0.680854 -0.11448 0.338272 0.0443802 -0.655529 -0.0786745 -0.746276 0.335814 -0.708078 -0.09188 0.0364676 0.386338 -0.631915 0.788422 -0.0921602 -0.169162 0.470469 -0.065152 0.166096 -0.33725 0.176823 0.0476446 
12 171 116 38 171 252 18 167 25 200 240 191 169 169 146 66 212 245 93 236 56 37 222 182 11 172 108 157 111 180 247 26 1 79 210 181 64 160 213 34 47 209 151 19 57 141 214 152 53 155 197 2 65 8 26 40 102 88 227 143 198 247 98 41 119 198 171 214 236 192 224 4 31 145 205 89 57 92 19 252 214 180 168 24 182 192 144 43 38 133 249 139 235 251 60 202 71 102 184 162 142 159 166 190 48 180 152 102 79 92 39 167 147 128 233 8 219 127 177 77 26 98 219 59 136 101 71 67 167 121 156 106 68 78 158 165 7 205 185 16 28 52 15 24 157 0 26 154 115 213 180 12 129 98 133 46 203 39 41 67 166 86 209 91 158 109 63 213 52 155 214 224 97 13 16 202 248 29 178 115 188 158 236 78 137 104 198 48 145 247 242 88 62 214 43 96 143 75 210 75 144 128 93 76 187 167 193 241 236 223 239 3 35 34 85 62 30 153 28 250 6 36 151 102 189 78 187 18 17 171 250 127 239 84 77 205 103 77 
-0.00909829 -0.216554 -0.0507344 0.489187 -0.119341 -0.318199 -0.50743 -0.434392 0.566822 0.312992 -0.30561 0.121417 -0.57828 0.472652 -0.303358 0.819366 -0.0973533 -0.734856 0.524533 -0.512818 0.438094 0.310272 0.41968 0.207033 -0.024219 0.166742 0.796052 -0.142062 -0.388289 0.117193 -0.360821 -0.577939 0.54272 1.24829 -0.646382 0.12082 -0.29626 0.381889 -0.723117 0.63519 -0.256732 0.03561 0.201639 -0.0644852 0.30215 0.343933 0.202871 -0.0890943 0.306649 0.198359 -0.635757 -0.752402 0.419351 -0.0352198 -0.433278 -0.486131 0.667799 0.195779 0.146764 -0.705135 -0.466302 0.543759 -0.308775 -0.0475961 -0.060605 -0.308692 -0.237073 0.660488 0.735768 -0.405786 -0.709374 -0.157088 0.13548 -0.144247 -0.31667 0.163941 -1.02054 -0.349678 0.345512 0.148756 -0.257139 -0.649683 0.410476 -0.323604 0.462291 0.14845 0.321071 -0.109098 0.597365 0.407915 0.124256 0.431886 0.417927 1.05688 -0.337132 0.00126329 0.0243832 -0.188064 -0.700171 0.626406 -0.798554 0.701658 0.0967165 0.416355 0.221032 -0.220921 -0.106875 0.562209 -0.217234 -0.0713462 -0.317424 0.114551 -0.492156 0.418163 -0.613831 -0.986226 -0.206731 -0.377421 -0.218138 0.201135 -0.206199 0.139839 0.163728 -0.283513 -0.768836 0.147783 0.213297 -0.185795 -0.721661 -0.784309 0.651366 -0.592409 0.340181 -0.364336 0.032598 0.170375 -0.300678 -0.371325 0.444136 0.0326363 -0.210448 0.545106 -0.111799 0.348604 0.316822 -0.424881 0.622045 0.529335 0.0423674 -0.193856 0.251838 -0.417192 -0.344734 -0.402539 0.0956729 0.638316 -0.383406 0.382489 0.276681 0.146009 -0.109681 -0.371051 -0.199591 0.43882 0.177901 -0.0728869 -0.253058 -0.396619 0.406124 -0.266236 0.0874407 -0.175649 -0.247891 0.0856387 -0.111272 -0.706987 -0.3935 0.138941 0.473345 0.35721 0.367533 -0.452289 0.147343 0.656942 0.0552926 0.115802 -0.0824633 -0.27963 0.632859 0.404774 -0.217827 0.556184 0.328175 0.472362 -0.229372 0.361493 -1.11976 -0.824557 -0.733686 -0.163031 -0.353764 -0.291687 0.246637 0.884162 -0.0791098 0.116285 0.0246531 0.638991 -1.00684 -0.320419 0.859048 0.545552 0.0458977 0.0228682 -0.0109454 -0.255185 0.284209 -0.839461 0.18572 0.636523 0.476936 -0.835671 -0.437228 0.330406 0.243227 -0.225555 -0.0671258 0.745588 -0.785781 0.524417 -0.448871 -0.496764 -0.26297 -0.140735 -0.228404 -0.0723334 0.536649 0.0325296 
167 142 216 154 150 229 110 180 236 11 87 150 62 227 243 146 74 79 18 195 119 238 80 214 84 202 78 247 122 193 199 27 255 214 211 253 50 162 112 204 177 159 99 36 179 238 102 51 143 255 213 50 141 120 238 250 165 200 228 224 182 108 114 106 59 177 39 6 103 130 67 49 165 166 167 19 65 198 224 106 113 184 193 146 173 44 103 85 255 177 66 204 106 31 107 114 174 112 227 240 21 9 152 219 90 224 52 158 1 162 135 19 235 67 188 142 252 9 212 53 16 68 139 165 25 1 116 151 174 49 67 3 148 209 132 181 161 160 39 220 6 237 221 83 5 46 73 177 211 244 103 237 178 139 14 50 15 109 177 248 98 9 19 131 76 159 124 81 48 10 196 18 143 190 111 230 66 66 223 196 146 239 107 170 184 98 201 108 59 155 199 188 31 212 143 110 205 36 126 252 231 213 60 163 141 6 190 216 58 94 90 84 203 155 210 246 190 207 40 72 179 16 39 186 25 227 13 124 37 75 190 170 214 201 143 70 216 32 
0.178008 -0.082514 0.612058 -0.192128 -0.364384 -0.190109 -0.397586 0.502886 -0.269422 -0.35799 0.288411 -0.0186736 -0.424363 -0.616301 -0.532817 0.353124 -0.572123 -0.516028 -0.310551 0.365755 0.488515 -0.207743 0.262492 0.375211 -0.875584 0.153246 -0.444603 0.451161 0.193028 -0.455672 -0.389592 0.78834 -0.335126 0.744207 0.566426 -0.764363 0.224347 -0.919867 -0.40897 0.955014 -0.182416 -0.256751 0.538727 -0.228405 -0.053932 -0.111288 -0.252098 0.319044 -0.645545 0.158161 0.119962 0.38811 -0.759863 0.290931 0.104581 -0.571681 0.131411 -0.20983 0.342202 -0.247538 -0.0247018 1.10513 -0.295159 0.23343 -1.02985 -0.695208 0.47371 0.0451676 -0.13777 0.151108 -0.0165242 0.647071 0.289327 -0.336589 -0.193752 0.714138 0.00356021 -0.666214 -0.6 0.0059991 0.936646 0.567352 0.433973 -0.588852 0.0274024 -0.353668 0.342282 0.0686497 -0.623831 0.468433 0.348842 -0.0612366 -0.00709375 -0.193936 -0.914542 0.338712 -0.724676 -0.0559168 0.431313 -0.114953 0.253302 0.578557 -0.444422 -0.335802 0.488263 0.488959 -0.545953 -0.121347 -0.348445 0.613505 0.459713 0.501682 0.228059 0.622721 -0.337928 -0.687831 0.178677 0.409975 0.976061 0.310153 -0.00975766 0.0753359 -0.287654 -0.156035 -0.00343372 -0.632799 -0.455954 0.0706255 -0.753208 0.347391 -0.0376316 -0.0932857 0.264908 -0.383121 0.265751 -0.0330206 0.261857 -0.0477303 0.84459 0.555758 -0.525542 -0.584664 -0.0224916 -0.591439 -0.514484 0.802319 0.0298322 -0.320607 0.0622958 -0.170291 -0.709617 -0.386248 0.326692 0.556545 -0.385637 -0.360449 0.128189 -0.0671767 0.814743 0.688211 0.627758 -0.0915155 0.156868 -0.469168 0.268308 0.981771 0.626966 -0.242793 -0.307413 0.393532 0.746343 0.0557283 -0.535875 -0.0761759 -0.0569276 0.162505 -0.265117 -0.0230812 0.00553755 0.24471 0.221524 -0.584233 -0.023045 -0.251527 -0.168689 0.216832 0.733318 -0.191491 -0.0529372 -0.432972 -0.411628 0.796858 0.185016 -0.367883 0.422146 -0.398633 0.364483 -0.238728 0.69811 -0.645805 -0.451836 0.658278 -0.424452 0.280864 -0.708468 -0.82778 0.339857 0.171954 -0.149522 0.943714 0.334374 0.509358 -0.382582 -0.623161 0.716919 -0.0379716 0.67567 0.474915 0.610585 -0.09431 0.329212 0.547266 0.60691 0.726878 -0.287048 0.386308 -0.438923 0.0310584 0.595831 0.268712 0.582237 -0.697913 0.316241 -0.429492 -0.114899 -0.145586 -0.314489 -0.00165783 
21 3 227 7 23 170 56 245 153 244 56 197 144 164 202 167 195 227 12 31 102 103 37 186 39 187 219 165 220 193 91 219 115 173 217 92 86 207 75 187 69 10 223 228 150 30 63 88 195 243 81 70 197 146 161 254 66 118 112 185 224 124 241 81 3 217 102 46 231 61 240 49 111 141 208 4 202 172 47 55 129 161 23 220 156 195 216 19 164 165 108 154 204 19 73 46 154 94 253 244 147 119 97 105 27 241 116 219 131 109 155 190 68 211 178 42 151 236 39 6 129 106 67 244 73 200 197 130 186 127 218 130 108 97 226 203 238 33 121 41 173 67 61 199 242 35 166 91 223 151 90 217 25 214 178 242 43 173 155 173 242 8 70 174 12 4 137 239 55 127 47 48 213 5 62 212 170 163 0 112 150 209 242 34 186 241 136 202 75 187 13 26 112 95 172 223 127 49 205 138 43 158 231 139 11 238 203 24 243 164 43 62 136 232 68 57 112 16 201 170 56 18 31 76 80 198 164 28 228 157 176 135 168 152 203 118 224 158 
0.590512 -0.0421918 -0.0680859 -0.400965 0.528338 -0.841493 -0.507096 -0.495983 0.0556723 0.152825 0.197915 -0.577548 0.0467215 -0.180617 0.13013 -0.414462 0.257388 0.22106 -0.00451505 -0.491201 -0.586945 1.0292 0.071449 0.367009 0.0905456 0.266836 0.800768 -0.191816 -0.0835974 -0.323576 -0.0271354 -0.439755 0.094289 0.526842 0.271415 0.10716 -0.0064486 -0.781124 -0.846205 -0.217594 -0.332805 0.540001 -0.217068 0.00307651 -0.00790119 0.266413 -0.42131 0.739861 -0.443982 -0.559243 -0.090792 0.319213 0.754845 0.579587 -0.0677447 -0.316267 -0.103774 0.154211 -0.443351 -0.366008 0.383782 0.730204 0.565553 0.364286 0.508017 -0.0905389 -0.415788 0.499678 0.672413 -0.579712 -0.548741 0.520193 -0.35755 0.0608065 0.281606 0.184025 0.352013 0.0974316 0.0653022 0.276544 -0.7515 0.00205713 -0.335744 -0.0301554 0.0141601 0.488131 -0.603712 -0.592652 0.636781 -0.268697 0.73044 -0.47271 -0.404962 -0.291432 0.126396 0.817891 0.0461141 -0.742079 -0.62538 -0.614263 0.134772 -0.345174 -0.356795 0.153477 -0.192498 -0.410798 -0.0348171 -0.552891 -0.135669 0.424071 0.107872 0.505028 -0.1965 0.517288 -0.37962 -0.23362 -0.181697 -0.00102076 0.0582955 0.372436 0.725242 0.412444 0.207735 -0.665792 -0.548113 0.414613 0.173362 0.666583 0.440556 -0.257625 -0.789456 0.104492 -0.139198 -0.352845 0.0418112 0.408488 0.04999 0.429284 -0.887164 -0.30503 -0.395784 0.241423 0.602718 0.322525 -0.38555 -0.108194 0.161282 0.969479 -0.724285 -1.02613 0.299095 -0.439082 0.428495 0.23591 -0.138646 -0.0883501 0.0181014 0.328207 -0.644169 -0.473879 -0.438363 0.334737 0.0713201 0.151064 -0.18283 0.432439 0.253114 -0.751611 0.0427751 0.269972 0.431585 -0.590325 -0.212825 -0.231248 0.546694 -0.792962 0.490589 -0.241751 0.679421 -0.248707 -0.100968 -0.211906 -0.455552 -0.413774 -0.140344 0.289979 -0.943829 0.0126608 0.0374613 -0.08107 -0.53534 0.276163 -0.400942 0.0586838 0.287233 -0.0448358 -0.845583 0.53101 -0.816183 -0.0240934 -0.175095 0.356321 -0.60048 0.530439 0.0586766 0.122323 -0.211721 0.77375 0.209408 0.457224 -0.153677 0.0957913 0.307917 0.14274 0.19188 -0.0799349 0.441597 0.584862 -0.114313 -0.791543 -0.126836 0.675055 -0.399427 -0.14732 -0.44257 -0.447203 0.44604 0.0926266 -0.132787 -0.0319416 0.712311 0.411257 0.506611 -0.349456 -0.632693 -0.278421 0.0503578 -0.763652 
188 237 164 70 235 36 238 58 29 7 171 183 2 194 32 52 180 142 10 10 36 233 60 190 10 40 225 52 16 8 168 11 181 98 175 139 61 127 10 161 14 24 53 20 142 161 89 187 167 197 188 165 32 132 191 199 112 120 227 241 196 166 31 45 247 31 105 40 241 166 133 135 204 14 248 112 54 114 247 19 174 245 253 19 120 238 172 97 136 64 252 151 108 142 248 122 221 185 15 91 0 65 222 175 54 28 216 204 102 72 232 190 1 141 230 72 193 122 92 162 143 246 36 143 75 21 43 157 59 14 177 120 94 78 202 90 167 124 13 45 212 12 183 149 73 150 25 147 233 250 27 64 121 14 49 86 241 233 194 74 132 246 255 58 247 224 35 219 139 77 104 222 63 246 100 214 148 29 58 181 177 148 183 236 101 101 193 213 43 197 200 198 122 37 79 252 27 99 198 36 211 106 66 63 131 11 191 228 132 246 20 45 191 28 190 163 145 44 133 102 112 116 204 90 205 234 190 240 233 208 63 116 229 113 153 79 7 27 
-0.315978 -0.626475 0.330513 0.285308 0.333658 0.513727 -0.339117 0.183578 -0.195431 -0.24613 0.260803 0.178125 -0.788659 0.737846 0.335535 -0.234272 0.0358768 -0.157233 0.000724751 0.0705662 -0.568671 0.142311 -0.397354 0.702763 -0.103994 0.291713 0.122905 -0.683425 -0.473533 -0.630403 -0.0786226 -0.323732 0.130607 0.837552 -0.533462 0.887478 -0.26784 0.282888 0.516015 0.289395 -0.00720906 -0.50302 0.496352 -0.0731502 -1.21981 0.0791238 -0.507107 -0.676811 -0.32905 0.317332 0.334347 0.652493 -0.248972 0.442915 0.0624754 0.157528 -0.224262 0.708974 -0.76464 0.497016 0.579135 0.617099 -0.12462 -0.325657 0.705531 -0.344281 -0.0319378 0.497636 0.030977 -0.354132 -0.0748272 -0.249577 0.292756 0.24079 0.32946 -0.521564 -0.0567741 -0.344866 -0.700273 -0.281654 0.455909 0.458419 -0.0289257 0.736293 -0.535789 -0.167986 -0.259529 0.830411 0.58796 0.364546 0.485438 -0.99962 -0.387689 0.740614 -0.752895 0.539719 -0.211146 0.222907 0.164818 -0.623014 -0.31493 -0.0920628 -0.665086 -0.839668 -0.0678683 0.282086 -0.308629 -0.347274 -0.419186 -0.184169 0.59778 0.713596 -0.598248 -0.563164 -0.366513 -0.155528 -0.466688 0.664386 -0.740255 -0.167406 -0.0576628 -0.041708 0.0644605 0.200752 1.08062 0.595719 -0.626302 -0.214821 -0.463956 -0.237494 0.490879 -0.20843 -0.102816 0.401768 -0.29131 1.09456 -0.785127 0.22798 0.207781 0.512719 -0.110845 -0.401731 -0.0827408 0.079905 -0.44295 0.608815 0.200405 0.57904 -0.695996 -0.552178 -0.0368047 -0.576073 -0.760831 0.388655 0.0078718 1.00088 -1.28265 -1.03309 -0.300198 -0.107752 -0.624337 -0.330712 0.289089 -0.535219 -0.230153 0.102592 -0.466141 -0.443511 0.871834 -0.124184 -0.512089 0.41004 0.564824 0.0611709 0.0641126 0.392855 -0.700426 -0.365075 0.45417 0.589282 0.450927 0.378968 -0.0917823 -0.589037 -0.800635 -0.663534 0.302404 0.281167 0.379405 -0.144266 -0.328766 -0.0145414 0.177624 -0.284299 0.099249 0.388178 -0.349881 -0.325433 0.112422 -0.726519 -0.62451 -1.04196 -0.30918 0.16213 -0.470708 0.851769 -0.323066 0.161772 -0.167196 0.055896 -0.674173 -0.655606 -0.449404 0.109505 0.282881 0.259108 -0.763187 -0.408492 0.6248 0.0745058 0.731436 0.939177 -0.0522389 -0.221075 -0.10185 -0.0676599 -0.233838 -0.505077 0.893317 -0.53824 -0.114578 -0.463824 -0.295934 -0.702576 -0.294975 0.643668 -0.292307 -0.228337 
140 220 54 120 232 20 190 52 108 24 23 67 156 235 92 195 211 119 172 100 67 47 73 164 82 153 129 134 62 94 230 64 193 7 0 251 162 225 172 34 56 165 7 138 220 2 48 100 148 245 122 238 71 147 100 78 191 142 14 88 223 33 177 48 109 142 49 10 243 125 222 193 190 89 65 173 20 144 253 233 112 238 134 102 17 24 81 76 241 217 187 248 97 13 21 165 40 27 121 200 57 240 172 27 156 107 72 232 226 223 231 123 254 109 13 213 49 142 110 255 215 246 56 236 51 61 237 107 114 140 22 52 234 231 58 171 253 129 253 140 137 218 79 70 203 200 79 38 253 37 200 42 62 202 23 182 75 72 235 243 192 122 4 29 238 155 51 32 104 185 241 193 212 3 124 175 146 102 141 216 111 247 15 168 216 252 191 252 99 193 220 81 124 154 21 128 189 196 2 25 42 186 194 149 242 13 50 162 61 238 73 71 254 14 225 84 173 66 73 94 38 58 117 44 28 121 244 250 102 225 72 55 172 141 91 68 146 130 
-0.379257 -0.0812242 0.691124 0.249581 -0.56731 -0.289337 -0.421815 -0.000340756 -0.347634 -0.323776 1.05113 0.30092 -0.0296208 -0.388263 -0.227122 0.441461 -0.218598 0.183355 0.295387 -0.679159 0.378534 0.0397286 -0.25191 -0.686259 -0.476904 -0.586923 -0.430182 0.326751 0.0301736 0.413663 0.259126 -0.369465 -0.76638 -0.158633 -0.783392 0.585174 -0.503685 0.814284 0.525085 0.862127 -0.201657 -0.100271 0.0658267 -0.199254 -0.0158031 -0.420001 -0.658972 -0.0379383 -0.154044 0.585911 0.835038 0.436345 0.0856795 0.265567 -0.179445 -0.0894358 -0.557905 -0.432308 1.03806 -0.458503 0.433061 0.13146 -0.485768 -0.894303 -0.628153 -0.243884 0.0450622 0.689986 0.481304 0.575829 -0.564378 -0.140621 -0.173544 -0.373612 -0.22238 0.697789 0.547378 0.239748 -0.482198 -0.78972 0.00577601 0.458246 0.79079 -0.348609 0.654742 -0.330057 0.162087 -0.269773 0.476737 0.308036 -0.183019 -0.172035 -0.150713 -0.332846 0.42875 -0.330079 -0.190158 -0.575549 0.768443 0.731195 0.347124 0.226257 -0.247672 0.690448 0.380781 0.201089 -0.529682 0.615173 -0.574684 -0.176477 0.56317 0.392122 -0.409574 -0.557615 0.363631 -0.0652919 0.55577 -0.72627 0.472939 0.339368 -0.0889967 0.0178234 -0.316784 -0.738643 -0.576267 -0.432775 0.355243 -0.0722287 0.870212 0.137743 -0.894522 -0.683129 0.781585 0.12633 0.505609 -0.270105 0.36408 0.651207 0.173044 -0.240243 0.155744 0.52125 0.254622 -0.209476 -0.521941 0.131402 -0.00296089 0.851423 -0.771032 0.126841 0.302429 0.429308 -1.30941 -0.658263 0.117257 -0.861756 -0.736232 0.279577 0.210925 -0.0836376 0.382253 0.422546 -0.479356 -0.736888 -0.96573 -0.154759 0.496488 -0.666175 1.27057 0.137417 0.655132 -0.0284908 -0.431554 -0.186926 -0.15537 -0.4276 0.654541 -0.00307473 0.190282 0.145498 0.182125 -0.728388 0.0940699 -0.260227 -0.944855 -0.426992 0.0829141 -0.364242 -1.1546 0.583911 -0.0846768 0.24336 -0.456805 0.583119 -0.356094 -1.24934 0.377042 -0.392644 0.469152 -0.374071 0.657474 -0.684999 -0.119735 -0.297881 0.661122 0.0713551 -0.383355 0.4724 0.715516 -0.493313 0.109985 -0.379597 0.175122 -0.477369 -0.218499 0.398217 -0.897608 0.00276333 -0.00791389 0.000257594 -0.640654 -0.549468 -0.275193 0.171953 0.0920042 0.498329 0.343124 0.174297 0.255164 0.139147 -0.642852 -0.17095 -0.191835 0.543243 0.84202 0.765363 0.44114 -0.420655 
25 83 247 166 177 46 8 83 25 64 244 181 113 93 67 184 171 168 183 123 116 194 20 127 35 37 209 159 243 235 169 189 249 250 249 27 45 90 35 72 161 142 224 7 36 35 52 140 210 54 173 130 85 67 24 167 119 131 118 12 190 181 18 233 146 7 155 63 141 16 115 6 35 232 83 92 40 212 22 156 183 113 237 112 219 245 249 175 40 125 223 1 79 75 238 99 218 180 132 11 81 232 105 196 17 187 113 78 157 170 147 169 124 176 61 74 6 26 92 185 110 142 221 73 230 92 106 57 23 57 162 177 135 34 35 224 240 160 254 91 98 15 122 177 19 126 26 153 174 129 251 168 58 133 51 67 68 60 123 11 35 212 86 10 198 136 147 102 173 243 39 65 137 196 73 68 164 186 83 55 17 77 172 213 213 46 177 156 122 85 87 97 71 84 62 21 3 33 211 167 190 148 246 91 176 238 193 43 103 7 224 248 200 147 153 181 56 11 111 229 206 186 2 231 47 71 174 211 209 225 31 77 194 243 86 208 180 135 
0.489411 -0.000634103 0.111189 0.606203 0.362772 -0.58263 -0.233257 -0.156375 0.540213 0.0566159 0.131237 -0.583627 0.785372 -0.534394 0.268504 -0.489408 0.412876 -0.00543751 0.610651 -0.876549 0.128004 -0.0432079 0.441667 1.03656 -0.452536 0.680167 -0.0288045 -0.00433675 -0.831518 0.253362 -0.430006 0.463119 0.531621 -0.2296 -0.203033 -0.220734 0.237259 0.474776 0.0636229 0.555758 -0.774528 0.184797 -0.173987 0.55084 -0.138845 1.18177 -0.414684 -0.595553 -0.041214 -0.841836 -0.397403 0.306664 -0.0999967 -0.698752 -0.441681 -0.52268 0.526161 0.194773 0.118831 -0.277936 0.391175 -0.615241 0.892903 -0.350874 0.685655 -0.579846 0.172577 0.0794895 0.173213 0.0735338 -0.470848 0.339129 0.386293 0.112205 -0.72383 -0.312838 -0.58369 -0.497715 0.400004 -0.377072 -1.10202 -0.47147 0.660932 -0.380469 0.562698 0.578957 0.478435 0.559143 -0.00240796 -0.516926 0.966862 -0.297619 0.493945 0.25103 -0.600648 0.535141 0.414641 0.224596 -0.442769 -0.617618 0.283012 -0.0190277 0.811543 -0.428531 0.265053 -0.509309 0.116427 0.0387695 0.510855 -0.254949 -0.0113561 -0.260197 0.078793 0.611006 -0.187784 -0.492 -0.266233 -0.348692 0.142983 -0.409003 -0.210825 0.0444215 -0.707635 0.543792 0.250422 -0.201503 -0.795646 0.331566 0.403163 0.396337 -0.62659 0.787664 -0.650035 0.377635 -0.48471 0.656413 -0.379939 -0.145316 -0.0812623 0.493448 -0.761778 0.367234 -0.100846 0.168921 0.836879 0.146577 0.310413 0.0723609 0.344319 0.0875706 0.115823 0.810504 0.90421 0.444608 -0.073784 0.269347 0.244058 0.886229 0.255195 -0.367362 0.0926181 -0.276311 0.387981 -0.43748 0.371108 0.276857 0.44988 -0.49733 -0.0989483 1.05066 -0.148097 0.0100117 -0.104493 -0.244642 -0.224348 -0.168998 -0.577018 0.00859874 0.306212 -0.452886 0.14821 -0.324443 -0.565014 -0.554959 0.376037 0.10159 0.64445 0.278412 0.129166 0.368255 0.503334 -0.459783 0.272542 0.141642 -0.216044 -0.0105339 0.0700547 0.732072 -0.425446 -0.496714 0.57919 -0.317911 0.10787 0.221716 -0.0982462 0.343032 -0.597166 -0.483147 0.794948 -0.416656 -0.733309 -0.774369 0.372113 -0.190953 0.466267 0.648345 0.384511 0.273979 0.156019 1.0309 -0.364654 -0.833646 -0.314939 0.473477 0.371083 0.238031 0.149623 -0.911 0.732314 0.715325 0.0627836 0.874197 -0.17743 -0.31166 -0.0656683 0.102828 -0.321835 0.00769376 
4 241 76 83 29 255 14 184 164 113 214 149 4 248 247 27 102 137 143 172 29 4 57 162 251 7 175 12 45 39 107 190 157 72 15 23 232 185 215 158 209 50 230 252 63 231 2 109 88 96 224 163 181 55 9 173 233 249 200 144 54 142 187 35 8 24 213 46 27 220 181 32 245 127 179 29 16 153 129 199 139 134 252 85 113 94 37 177 50 37 234 14 119 49 16 66 37 45 61 39 230 196 150 243 70 235 20 112 180 71 198 159 163 67 120 251 96 41 107 31 90 127 176 11 75 95 156 83 61 226 53 143 65 20 53 134 163 55 185 66 86 164 97 201 3 141 73 247 66 189 140 148 184 198 34 233 10 50 6 61 151 60 80 211 107 135 93 214 207 213 91 218 168 52 88 92 133 210 200 218 148 108 135 39 55 115 51 192 63 168 223 87 48 63 29 29 221 60 23 137 24 178 234 14 94 32 230 84 29 8 161 45 143 140 83 213 108 89 228 37 6 89 228 150 208 143 190 176 47 25 129 207 65 209 103 49 219 173 
0.0369324 -0.695 0.171885 -0.805728 -0.38171 -0.0344331 -0.465016 -0.512461 0.373227 -1.0391 -0.437381 -0.387859 0.30546 0.0146217 0.194939 0.000868252 -0.46624 -0.333834 0.418138 0.0133145 -0.436383 0.147037 0.297322 -0.772075 0.22624 0.838359 -0.42769 0.00106312 0.137238 -0.374206 0.371709 -0.310544 0.472563 -0.862411 0.190487 0.840362 0.812768 -0.0930099 -0.743642 -0.817171 0.0732864 -0.226236 0.889898 0.584599 0.614225 0.19361 0.334495 0.527352 -0.959031 0.389141 0.370661 0.507521 -0.489079 -0.599879 -0.476591 -0.216061 -0.33228 -0.153165 -0.203327 -0.369037 0.202504 0.182213 -0.153553 0.536154 -0.380878 -0.50702 -0.141349 0.0909928 -0.515537 0.166931 0.524753 0.567953 0.305001 -0.743236 -1.19764 -0.334257 0.343169 0.700592 1.04953 -0.816529 -0.349656 0.737768 0.219812 0.132195 0.330093 -0.308022 0.837779 0.206628 0.598938 -0.673469 1.10501 -0.0589681 0.282269 -0.72217 -0.240575 0.294066 -0.265017 -0.273296 0.588358 -0.160858 -0.344576 -0.305378 -0.390972 -0.377413 -0.602678 -0.234881 -0.643837 0.0638271 0.120279 0.666398 0.108894 0.351602 0.0819885 0.759547 0.0786231 -0.707511 1.03885 0.356154 0.178202 0.516394 0.276886 0.143104 -0.104202 -0.0895156 0.36784 -0.697604 -1.16368 -0.162578 0.0865958 0.0518047 0.705341 -0.451707 -0.590424 1.08239 0.650692 -0.512193 0.150741 0.024363 0.0816377 0.383783 -0.984903 -0.452412 -0.886445 0.194536 0.130583 0.448894 0.00515117 0.137029 -0.329559 0.449047 -0.181354 -0.375467 -0.405962 -0.301113 0.184708 0.742979 -0.423559 0.103651 -0.586527 0.130226 0.432334 -0.271734 0.403373 -0.106995 0.862888 -0.0397324 -0.860648 -0.132961 -0.424295 -0.276517 0.456641 -0.0913506 -0.540914 -0.784374 -0.244336 -0.306431 0.352195 -0.768217 -0.720589 0.606754 0.632345 0.546516 -0.0487879 -0.0997055 -0.111792 0.203377 -0.240765 -0.710317 -1.13264 0.702716 -0.811574 -0.229912 0.769594 0.564673 -0.509931 0.375672 0.438481 0.560355 0.0190883 -0.28757 -0.19575 -0.0838104 0.779528 -0.297152 0.00129434 -0.494042 -0.15803 -0.362879 0.0488413 0.357551 0.30926 0.268432 -1.19135 0.509344 -0.543747 0.0415502 0.260072 -0.30209 0.201515 0.798971 -0.296632 -0.545409 -0.205152 -0.391951 0.261774 -0.285232 0.648102 -0.224013 -0.723579 0.800219 -0.13763 -0.0555773 0.907645 0.265388 0.225289 -0.441539 -0.60343 0.511311 
37 49 31 228 157 221 195 147 129 61 241 193 49 195 221 22 139 149 98 2 102 76 2 130 60 19 42 53 97 38 125 153 163 61 32 56 244 83 194 66 51 182 27 142 142 76 134 182 162 229 52 224 241 142 158 50 39 203 11 36 193 176 254 195 251 109 56 220 158 137 53 33 85 210 5 128 230 182 221 48 202 0 248 39 232 66 236 214 89 123 27 122 162 96 166 149 102 45 95 173 34 218 7 133 238 238 74 89 59 188 197 63 172 110 82 12 70 161 6 112 7 167 35 56 68 25 112 160 10 88 103 108 184 229 170 34 64 236 188 152 35 236 189 246 186 133 82 65 133 97 201 110 90 248 230 220 205 102 209 10 102 155 135 114 45 110 142 9 33 40 44 143 239 245 73 170 9 116 136 86 43 162 145 127 103 252 160 22 240 104 197 69 176 166 184 72 16 155 133 53 239 237 52 224 44 44 8 69 248 47 24 151 44 60 243 60 119 3 182 169 218 220 83 134 77 176 224 232 162 128 61 234 194 75 161 242 221 120 
0.424574 -0.349428 0.695502 0.0654214 -0.293324 0.148225 -0.558389 -0.317374 0.868925 -0.974666 -0.362558 -0.876623 -0.0781466 0.76957 0.37277 -0.709196 0.657208 0.450223 0.727591 0.446455 0.66482 -0.446038 -0.166147 -0.0401467 -0.536507 -0.422101 0.336646 -0.593403 -0.394367 0.913743 0.308623 0.732756 0.135818 0.0149749 0.734078 0.0386549 0.14135 -0.608504 -0.215256 0.634401 0.467939 -0.855657 0.294933 -0.186788 0.181177 -0.0384017 -0.282176 -0.477291 0.529597 0.871393 0.0336147 -0.296633 -0.234379 -0.525986 0.54969 0.00183832 -0.0957144 0.438509 0.0911091 -0.702812 0.678198 -0.555357 -0.431229 0.286927 0.00956512 0.130765 -0.4892 -0.671441 -0.352319 -0.873025 -0.355534 0.123389 -0.0423359 -0.367772 0.47651 -0.150214 -0.18702 0.789869 -0.0779293 -0.26998 0.38421 -0.316312 -0.192333 0.128479 -0.633146 0.24488 0.470096 -0.379899 0.0899232 -0.276373 -0.340508 -0.525148 -0.437499 0.408226 0.00813326 0.492346 0.757127 -0.0839126 -0.248284 -0.363678 0.579958 0.363224 -0.412225 -0.320715 -0.0448096 0.207535 -0.345196 -0.248109 -0.992393 -0.73235 0.229945 0.226555 0.937197 -0.229323 0.40482 0.556804 1.08571 -0.869528 0.0944009 0.555647 -0.714269 0.0620273 0.492065 -0.348264 0.363588 -0.529547 0.148612 -0.437107 0.575639 0.973084 -0.657901 0.420003 -0.607575 -0.466743 -0.59786 -0.119927 0.854484 -0.344863 0.313563 -0.531628 -0.135612 -0.692104 -0.732584 0.0459334 -0.673401 0.869175 -0.418965 -0.489661 -0.628303 0.644613 0.767945 -0.353679 -0.327612 0.271976 -0.836533 -0.150105 -0.0826663 -0.385426 -0.720644 -0.545946 -0.159153 -0.261691 0.264465 0.350481 -0.0828349 -0.0908977 0.286497 -0.423581 -0.441142 0.241474 0.448683 0.488215 -0.53661 -0.239708 0.0160521 -0.466898 -0.0339003 0.254792 -0.175823 -0.82022 0.0217782 -0.533867 -0.241012 -0.3549 -0.0507537 0.180822 -0.412621 -0.454099 -0.169423 0.0778312 -0.69524 0.75313 -0.854945 -0.376025 -0.158104 0.316242 0.0250338 0.578161 -0.217103 -0.579884 0.477544 0.0729614 -0.720553 -0.630382 0.754166 -0.0157101 -0.00396576 -0.434645 -0.824012 0.540669 -0.36612 0.269115 -0.24602 0.825806 -0.392397 -0.503668 0.438224 -0.719759 0.255867 -0.0565095 0.078118 0.53838 0.254522 0.174886 -0.00557521 -0.214458 -0.280768 -0.268539 -0.447288 0.236691 0.243474 -0.815452 -0.254032 -0.0546695 0.60396 -0.052117 -0.355276 0.392927 
252 254 224 87 71 188 217 5 226 231 209 174 171 157 191 93 209 203 203 165 148 213 8 51 47 96 54 20 132 99 97 186 45 229 242 78 171 160 197 110 111 148 221 181 127 165 177 130 122 155 42 71 83 119 122 148 195 198 174 65 137 154 104 182 24 168 177 191 8 200 154 86 159 181 250 211 13 144 208 201 16 224 166 152 165 214 16 206 223 172 66 40 108 53 61 151 141 30 146 98 233 50 90 208 220 69 107 16 187 208 219 227 168 180 181 130 213 171 191 231 250 80 196 201 41 137 151 251 161 207 127 187 84 205 122 252 157 134 107 130 133 235 153 192 102 241 137 27 221 104 4 18 230 161 130 203 129 45 177 229 177 143 37 237 167 14 63 36 146 149 27 180 122 178 99 63 255 33 224 118 215 172 18 252 255 244 177 99 134 19 60 117 2 216 40 67 172 120 7 71 39 203 171 109 185 76 189 58 189 108 222 41 73 122 249 230 254 15 243 26 144 194 28 140 139 173 144 108 126 40 46 42 14 52 19 40 241 206 
-0.112806 -0.417121 0.190458 0.589315 0.439451 0.131347 0.506365 0.256665 -0.117025 0.739895 0.157776 0.720243 0.245856 0.0574385 0.163909 0.540671 -0.122236 -0.211713 -0.637204 -0.150958 0.520417 0.203914 0.485249 0.343812 0.454879 -0.139276 0.200827 -0.145842 0.442292 -0.55364 0.935063 -0.237432 -0.214082 0.798852 0.326931 -0.242633 -0.625263 -0.19845 0.63654 -0.449543 -0.607003 -0.710278 0.342434 0.383779 -0.164942 0.318304 0.179198 0.748898 0.182261 -0.345373 -0.0977197 0.601523 0.0712006 -0.430724 0.0661574 0.747795 0.557728 -0.683093 0.0448827 -0.129223 -0.526113 -0.387632 -0.455094 -0.194006 -0.603664 0.462553 -0.371984 -0.722331 -0.670551 0.19581 0.89158 0.517928 0.205197 0.582703 0.189184 -0.535894 -0.626991 0.533594 -0.26821 0.761212 0.568958 -0.525834 -0.349232 -0.607295 0.648732 -0.123956 0.137741 0.759949 -0.174539 0.216566 0.16711 0.11142 -0.527422 0.695117 -0.561255 -0.120095 0.703821 0.242959 -0.417135 -0.0246309 -0.0070125 0.780355 -0.0632322 0.246864 0.0444281 -0.109009 0.773233 0.145198 0.400972 -0.647115 -0.56095 0.504304 0.296001 0.666559 0.0397636 0.504452 0.220547 0.665024 -0.48345 -0.173399 -0.69119 0.0591596 0.0541683 0.0582621 -0.175644 -0.692809 0.189075 -0.484829 0.396325 -0.438007 0.17228 -0.682103 -0.0964835 -0.831208 -0.238804 0.692338 0.429383 -0.102582 -0.483336 0.673037 -0.462675 0.0889071 0.528567 0.296027 0.032655 0.441105 -0.189407 0.338184 -0.681584 -0.331298 0.131948 0.752743 0.633224 -0.504982 0.522483 -0.450576 -0.112159 0.663409 -0.39321 -0.153721 -0.202862 -0.531985 0.601859 -0.346277 0.419353 -0.378124 -0.143878 0.938699 0.529946 -0.374331 0.32693 -0.231066 0.0180827 -0.362295 0.424219 0.476517 0.126014 -0.267528 -0.484805 0.420096 -0.421813 -0.466384 -0.134267 -0.528389 0.130282 0.704567 -0.797368 -0.384759 0.403291 0.487102 -0.166134 -0.041055 0.224987 0.318578 0.248722 0.340497 -0.394606 0.208522 -0.0955253 -0.0626611 -0.245552 -0.277849 -0.0388135 0.0106131 -0.464887 0.777936 0.164672 -0.529326 -0.153813 0.426253 0.0381021 0.391927 0.185075 0.716517 -0.0226145 -0.45095 -0.513807 -0.010683 0.462524 -0.918091 -0.12666 -0.122004 0.366158 -0.394608 -0.445837 -0.568371 0.704177 -0.941921 -0.109943 -0.107181 -0.353546 0.0720847 0.661538 0.54953 -0.205005 -0.209155 -0.211823 0.478146 
129 200 255 116 53 251 144 252 232 171 156 23 252 129 97 80 61 16 229 94 225 89 64 188 241 237 162 162 221 195 172 148 248 165 229 128 48 114 6 139 244 177 157 241 110 119 183 27 212 91 228 188 241 69 81 205 146 198 33 194 254 190 244 209 96 13 201 156 94 69 145 71 214 90 183 201 47 52 95 72 157 191 3 67 69 111 70 106 21 24 242 10 53 5 78 104 180 119 230 12 173 108 225 215 90 169 90 184 232 79 69 241 156 223 106 111 188 51 144 132 6 111 177 117 60 135 64 173 1 244 210 189 39 190 189 192 126 114 250 5 57 91 33 94 106 195 251 228 247 107 89 172 6 172 101 19 211 218 134 93 243 249 206 21 242 242 35 69 144 42 130 55 249 66 62 119 37 151 33 130 95 129 164 212 128 194 131 233 15 189 216 38 68 224 219 230 204 90 128 185 223 178 214 56 207 182 52 53 138 85 21 43 172 103 244 130 254 137 116 92 82 200 133 28 110 15 159 115 114 20 97 223 9 246 17 161 229 115 
0.0830359 -0.254294 -0.471342 0.328052 -0.498163 -0.498936 -0.887555 0.399965 -0.593327 0.0913101 -0.661129 0.297512 -0.114274 -0.590124 0.480224 -0.0448612 -0.0220358 0.200148 0.318175 0.599461 -0.200969 -0.0921751 0.469007 0.267411 -0.157842 -0.182696 0.053215 -0.0912457 0.242424 0.474931 0.917422 0.239274 0.167594 0.0895132 0.819354 -0.389737 0.483197 0.201032 -0.823627 -0.733619 0.0709386 0.956339 -0.00178091 -0.121006 0.736666 0.355072 0.128528 0.609006 -1.01814 -0.317838 -0.103291 -0.541761 0.0353499 -0.592422 -0.0507153 0.102216 -0.246425 -0.239843 0.240398 0.825529 0.708543 1.10823 0.540145 -0.289777 -0.193516 -0.648732 -0.283203 0.663339 -0.859793 0.414682 0.475303 0.444366 0.215863 0.425623 -0.436237 0.589804 -0.677303 -0.00405812 0.194031 0.283876 -0.230822 -0.523553 0.402933 0.401217 0.893603 -0.443461 -0.109596 0.301919 0.393758 0.585244 0.339325 -0.771755 0.208213 -0.870917 -0.720894 -0.838507 -0.0939283 -0.543084 0.403714 0.264978 0.521206 0.0641381 -0.0631475 0.122553 0.519391 -0.913747 -0.393553 -0.539071 -0.459217 -0.973318 -0.149146 0.572007 0.517419 0.0348949 -0.18344 -0.369308 -0.181979 0.284099 0.0673266 -0.222844 -0.304231 -0.0367642 -0.375764 0.0280828 0.238656 -0.315252 0.425052 -1.04365 0.0629688 0.498986 1.06764 0.429899 0.395261 0.062363 -0.219403 -0.245505 -0.581637 -0.196778 -0.258285 -0.273595 0.479055 0.178464 -0.32677 0.155523 0.396875 -0.288008 0.643766 -0.375267 0.143153 0.0988082 0.0854649 0.219065 0.168747 0.582054 0.436955 0.793795 -0.0420712 -0.701394 0.511735 -0.35384 0.812199 -0.3146 -0.363414 0.0356919 -0.286241 -0.459879 0.555479 -0.269329 0.5399 -0.324899 -0.784585 0.986346 0.538957 -0.199775 0.330588 -0.268016 -0.298557 -0.12884 -0.421775 -0.541265 -0.0720513 -1.20386 -0.00442103 -0.562651 0.0628988 -0.795894 0.707457 0.855838 0.410118 0.105025 -0.232896 0.748377 0.218591 -0.442494 -0.0180337 0.067486 0.379787 0.322802 -0.0460714 0.161272 -0.360774 -0.119826 0.869945 0.757958 -0.0362676 0.0846332 0.518194 0.923706 -0.323755 0.7165 -0.690494 -0.1391 -0.219639 0.840781 -0.222043 0.490076 -0.00423839 0.522555 -0.467888 -0.55991 -0.603387 0.424657 -0.0656835 0.26575 0.327959 -0.980192 0.131487 0.653524 0.350892 0.0265382 0.0899053 0.677942 0.410403 0.188112 -0.456107 0.444802 -0.860794 -0.421515 
224 23 150 17 1 164 8 114 152 26 14 202 90 207 116 161 46 161 115 232 11 159 244 250 79 104 4 212 189 163 111 64 125 132 230 102 63 83 131 165 11 245 157 124 219 51 217 252 133 53 249 208 3 95 138 95 29 64 191 102 51 95 84 239 59 253 255 168 160 213 9 8 145 176 112 106 138 222 203 208 150 53 23 33 170 133 170 242 87 162 196 219 109 175 133 96 167 208 104 187 106 200 40 181 76 251 71 210 114 212 39 143 112 43 242 119 110 94 46 157 113 141 107 175 74 180 50 235 77 141 167 187 177 166 139 24 65 152 147 69 33 148 52 187 159 81 83 210 21 129 255 188 223 164 75 237 189 214 44 186 177 156 247 73 201 231 86 211 99 212 56 97 44 148 37 181 156 143 4 173 115 0 11 17 177 216 101 228 52 119 66 152 104 186 149 74 76 83 52 102 228 244 243 30 105 37 234 65 40 211 196 246 90 252 193 56 197 61 219 190 148 43 179 250 102 92 54 74 235 10 56 19 140 87 19 31 84 218 
-0.556826 0.183357 -0.71625 -0.0305849 -0.27928 0.0326287 0.312717 0.113718 0.472098 0.906768 0.366468 -0.700852 0.0686568 -0.372452 -0.553797 -0.563075 -0.876367 0.741121 0.371321 -0.908519 0.713325 -0.020534 -0.460333 0.845865 0.574583 -0.802744 -0.517055 -0.788931 0.520986 -0.393513 -0.27901 -0.668011 0.65328 0.203193 -0.364991 0.33079 0.117271 -0.296714 -0.419906 0.0414836 -0.590406 -0.437569 0.729791 -0.659776 0.261923 0.269825 -0.685261 0.670415 -0.813772 -0.276136 -0.0947723 0.5759 -0.152304 -0.646659 -0.143518 -0.839291 -0.379807 0.210928 -0.00650533 -0.244281 0.502426 0.236537 0.976857 -0.527831 -0.44279 -1.05443 -0.313314 0.417471 0.509496 -0.312965 -0.10253 0.164153 -0.29643 0.17222 -0.00890265 0.215305 0.504138 -0.312996 -0.252286 -0.30441 -0.208529 -0.00592135 0.212577 0.256196 -0.663637 -0.594731 -0.277935 -0.150068 -0.409424 0.442106 -0.382629 0.583665 -0.25052 -0.981279 0.459233 0.0160874 -0.756914 0.40506 -0.369648 0.275059 0.737873 -0.3614 0.831113 -0.56806 0.398636 -0.0576492 0.478872 0.165801 -0.282904 -0.669659 0.596475 -0.0985367 -0.256655 -0.0865436 -0.140656 -0.487234 0.137266 0.505408 0.175183 -0.454262 -0.17469 -0.0602935 -0.444464 -0.445951 0.0197566 0.296504 -0.516544 0.126337 -0.945983 0.248956 0.200772 0.575912 -0.485307 0.131338 0.112269 -0.204797 0.591501 -0.588195 -0.148439 -0.30711 -0.665937 0.0816653 -0.224469 0.256714 0.387452 -0.142234 -0.564529 -0.618813 1.17278 0.260619 0.559623 -0.560537 -0.163001 -0.577335 -0.418284 0.268412 -0.573459 0.292677 -0.0287316 0.652147 0.377088 0.0826152 -0.515557 0.419413 -0.552103 -0.176227 -0.00472079 -0.867636 0.590693 0.543261 0.0950535 0.571808 0.232173 -0.69677 0.410611 0.0855859 -0.226583 -0.350605 0.474099 0.0818342 0.326606 0.382589 0.923931 0.345175 -0.442262 0.265329 -0.437347 -0.515492 0.342958 -0.274732 0.151182 0.606292 0.794468 0.729355 0.379697 0.607879 -0.461295 -0.842591 0.703936 -0.276992 -0.659693 0.0701492 -0.43245 0.355206 0.224985 0.617473 1.04038 -0.0390469 -0.585472 -0.477856 0.127375 -0.592596 -0.170309 -0.0352557 0.368522 -0.423544 -0.0691204 -0.496695 0.890004 -0.915842 0.248938 -0.702642 0.168471 0.119718 0.259505 -1.13826 0.86258 0.227123 0.12531 0.545308 -0.312578 0.331994 0.410831 0.0859318 -0.201882 -0.588693 -0.176791 0.310566 
103 252 117 243 104 21 216 230 73 16 71 68 114 50 39 11 177 173 215 235 166 142 75 200 49 115 143 158 245 179 227 231 128 2 220 27 13 144 85 208 84 9 225 152 136 234 90 193 249 251 140 13 180 63 97 52 102 165 155 21 60 6 194 212 102 130 223 191 97 32 110 58 219 100 54 80 117 50 155 71 147 158 71 104 210 231 232 159 77 41 90 88 53 118 196 220 136 14 109 89 2 126 184 153 138 40 249 3 225 0 238 205 73 231 15 225 90 20 166 155 56 125 4 12 250 44 61 193 240 83 232 241 143 159 1 246 184 112 124 151 65 42 200 208 244 208 56 33 5 164 168 162 189 68 51 34 83 70 217 85 241 157 36 24 240 38 219 243 170 48 144 128 221 251 19 164 12 160 244 48 160 222 165 125 141 122 95 46 97 166 50 176 220 20 205 0 202 80 210 207 135 13 253 128 80 46 119 52 247 247 99 35 226 167 121 80 251 59 220 213 95 241 204 212 192 247 148 50 32 106 252 195 70 87 63 105 44 166 
0.781067 0.0685637 0.0675899 0.0917682 -0.152555 0.357652 0.425888 0.188709 -0.25635 -0.02145 0.099041 0.267331 0.196977 0.50098 0.819907 0.0328286 0.555917 -0.45504 -0.112717 -0.617035 0.141718 0.314777 0.840157 -0.0971751 0.200576 0.593988 -0.687196 -0.991199 0.200993 0.708775 0.352917 -0.691375 0.368865 0.424992 -0.520946 0.547548 -0.598926 0.470084 0.664096 -0.533481 0.671547 -0.423131 0.0099815 -0.374616 -0.252545 -0.404163 0.0166737 -0.124994 -0.312824 -0.761867 -0.543757 0.449261 0.581257 -0.16706 1.0558 0.536503 -0.449796 0.577513 0.180709 0.375008 -0.159495 0.366977 0.446884 0.280946 0.0958723 -0.203698 -0.125483 0.167373 -0.200865 -0.195687 0.196899 -0.781214 -0.311793 -0.766944 0.132852 0.0445092 0.0539089 -0.176222 -0.656449 0.0555744 0.169523 0.437819 0.486487 -0.644178 -0.0191983 -0.0856024 0.459799 -0.714053 -0.0805667 -0.453352 -0.00654766 -0.30059 -0.708074 -0.352983 0.869791 -0.614671 -0.871692 0.133504 -0.936273 -0.232673 0.0636874 0.315465 0.551284 -0.339242 -0.540252 0.731785 -0.257939 -0.470762 -0.255724 0.502955 -0.0510165 -0.413847 0.179699 0.747977 0.41995 -0.431422 -0.25099 0.770513 -0.978369 -0.15123 0.511149 0.63805 -0.184427 0.595741 -0.916781 0.42593 -0.285063 -0.927156 1.05092 -0.391803 -0.763963 -0.0705186 1.24182 -0.349114 -0.565863 0.295403 0.268074 -0.329591 0.112589 0.686002 -0.353766 0.569435 -0.544236 0.132931 0.554787 0.244618 0.488432 0.0967758 0.418317 -1.09252 0.10997 0.0733228 0.385105 0.384558 -0.333639 0.760656 -0.212026 0.485192 0.421831 0.403974 -0.000306095 0.0569311 -0.123786 -0.0455696 -0.277209 0.421493 -0.828658 0.87332 -0.497295 1.10802 -0.245522 0.235187 -0.68542 -0.405825 -0.13036 -0.260012 0.426974 0.331222 -0.268149 0.223834 -0.461179 -0.753421 0.173932 -0.23732 -0.425722 -0.882099 0.15448 0.284303 -0.259843 -0.418724 0.380914 0.386497 0.4277 -0.200039 -0.615976 -0.259416 0.481767 0.452549 -0.31843 -0.846223 0.853699 0.470669 -0.290155 0.128518 -0.0869126 0.21789 0.821081 0.328219 0.669924 0.210825 0.0409353 0.500775 -0.0153904 -0.426631 -0.50889 0.336958 -0.611411 -0.0056216 0.277309 0.693801 0.329682 -0.198005 -0.27322 0.296734 0.641723 -0.791553 0.46121 -0.876687 0.529704 0.0857424 0.162734 0.178259 0.289092 0.857746 -0.395236 -0.53 0.340553 0.443092 
249 76 132 100 121 171 2 82 118 92 5 92 107 43 84 168 150 76 31 10 171 140 182 4 221 129 36 240 114 110 116 141 28 10 106 110 44 20 76 201 144 59 148 7 222 194 169 170 236 40 225 179 168 162 80 33 120 240 237 222 222 95 83 104 57 191 16 111 215 190 94 174 173 7 82 17 182 78 69 221 121 133 31 0 46 216 21 138 44 88 170 196 9 74 159 137 113 54 188 112 11 170 4 179 59 172 17 98 103 98 193 101 0 100 166 201 41 4 249 166 139 41 197 79 29 203 44 211 113 85 42 55 249 28 244 62 68 20 121 69 205 126 50 86 134 197 28 41 100 18 122 160 47 144 224 135 51 200 106 67 144 129 69 235 140 225 133 129 32 186 9 3 96 28 248 102 248 156 147 79 116 1 150 66 177 171 156 147 240 135 214 73 21 92 199 224 207 221 217 137 74 204 108 254 206 158 188 50 156 250 196 36 249 151 144 145 244 157 211 197 61 195 48 248 193 251 45 104 96 137 100 240 202 46 87 106 47 156 
0.554611 -0.219596 -0.50474 0.257177 0.619599 0.292795 0.432967 0.283496 -0.275319 0.161243 0.248566 -0.0109877 -0.259334 -0.142527 0.42617 -0.430038 -0.234994 0.223871 0.145192 -0.713866 -0.853574 -0.154139 -0.534208 0.101293 -0.628996 -0.219847 0.578532 -0.527133 -0.431742 0.724592 0.092428 -0.698286 0.524393 -0.674747 -0.62184 0.408113 0.698246 0.107258 0.203633 0.193468 0.780889 0.856299 -0.235389 0.503674 0.0653194 -0.28985 0.557479 0.389569 0.0472218 0.441701 -0.270126 -0.188213 -1.08878 -0.329806 -0.456604 -0.830231 -0.485412 0.205266 -0.187092 -0.220272 0.160856 -0.75534 0.998477 -0.533688 -0.331914 0.841478 0.508921 -0.366822 0.303803 0.724797 0.79582 -0.357205 -0.0742329 0.181513 0.448588 -0.232488 0.519238 -0.464354 0.54337 -0.883425 0.778851 -0.277695 0.621386 -0.0371296 -0.854407 -0.24006 0.0283198 -0.35844 -0.445405 -0.393286 0.3577 0.158537 -0.0224479 -0.221251 0.495622 -0.493818 0.127701 0.512035 -0.0790855 0.443445 -0.793574 0.574451 0.297161 -0.56115 0.251199 0.630383 -0.264367 0.504471 -0.291078 -0.317698 0.471697 -0.493518 -0.363839 -0.751533 0.364083 -0.95449 0.314059 -0.431183 -0.00831231 -0.479944 0.0373375 -0.0514442 -0.915178 -0.146318 -0.565512 0.458301 -0.55481 0.452464 -0.0263121 0.408893 -0.285196 -0.905244 0.437468 -0.426177 -0.0950325 0.398561 0.0193836 -0.639941 0.367264 0.551163 -0.063307 -0.527884 0.64422 -0.451611 0.582989 0.481593 0.587387 0.240458 -0.042316 -0.798451 -0.33692 -0.611847 -0.181565 0.762198 -0.29287 0.350202 -0.101598 -0.169364 -0.117385 -0.207223 -0.17953 -0.227452 -0.536438 -0.160847 -0.44643 0.493042 0.121373 -0.100277 -0.494084 -0.619879 0.0838798 0.441421 -0.0287017 -0.410658 -0.206419 1.12196 0.185555 0.368406 0.712925 -1.07638 0.301045 0.864669 -0.0664397 0.0242349 -0.133096 -0.613575 0.198039 -0.623049 -0.647198 -0.83347 0.349239 -0.388477 0.177022 -0.0131982 1.22041 0.169886 -0.00319607 0.20585 0.748189 0.108199 0.687218 -0.464668 -0.535703 -0.052745 0.103265 0.282228 -0.561786 -0.207844 -0.344607 0.103785 0.339838 -0.353323 -0.129347 0.135016 -0.324519 -0.522438 -0.219787 -0.504725 -1.1542 -0.606998 0.361845 0.000789218 0.559676 0.395835 -0.176961 0.715554 0.046137 -0.368635 0.25554 0.729348 -0.171046 -0.370058 0.106112 0.165577 0.223087 0.0349281 -0.48864 0.0105442 
83 244 132 248 130 118 152 81 84 219 172 117 213 210 147 203 212 169 227 70 229 50 227 172 0 188 88 146 225 158 167 194 195 245 201 109 43 17 126 88 175 250 158 19 122 41 126 95 45 14 21 190 60 167 65 236 193 81 240 98 93 55 202 163 229 218 141 98 21 83 57 121 90 155 134 178 114 171 104 245 95 177 237 129 219 226 233 11 163 174 120 90 228 253 46 58 87 76 90 75 36 126 81 53 97 203 58 11 73 17 63 121 216 219 194 76 63 45 4 25 57 132 82 85 188 60 204 98 255 56 50 59 53 0 196 145 187 184 215 98 208 199 91 165 152 181 92 1 175 26 244 108 199 238 184 70 86 144 235 104 62 215 232 69 85 63 168 53 210 174 14 90 138 6 145 215 108 2 205 209 208 69 124 122 225 226 9 229 108 188 38 226 3 7 45 118 70 61 254 160 136 122 76 17 233 40 25 81 216 145 83 98 69 143 133 17 4 108 1 187 99 156 157 97 194 181 16 10 9 138 156 235 252 62 102 59 227 94 
0.652696 0.390933 -1.19284 -0.89677 1.00957 -0.553736 -0.0950127 -0.6811 -0.273872 -0.88918 0.840097 -0.283392 0.727743 0.68597 0.00499173 -0.153126 -0.244541 -0.552572 -0.0879549 -0.818919 -0.714744 0.48501 -0.307897 0.529545 0.227006 0.00684642 0.00877147 0.562519 0.438939 0.316715 0.03606 0.381347 -0.212468 0.415209 -0.0695899 -0.167239 -0.587704 -0.027947 -0.632452 -0.227797 -0.693095 0.165532 0.358522 0.332543 0.137838 -0.0977249 0.670676 -0.469888 -0.166559 0.120602 0.129018 0.24639 0.375614 -0.65305 -0.325426 -0.868242 -0.0634084 -0.600066 0.191419 -0.46025 -0.0444827 -0.285189 0.541768 -0.191984 -0.343863 -0.319119 0.0304662 -0.808765 0.8654 -0.690311 0.258811 -0.577828 0.477246 0.497461 -0.48298 0.473753 0.57313 -0.433644 0.494157 0.204322 0.0256345 -0.432316 0.415784 0.468657 -0.261899 0.161544 -0.148151 0.634475 0.456386 -0.6892 0.493449 0.125458 0.264088 0.161364 0.562476 -0.588552 0.634928 -0.334492 0.0279002 -0.173939 0.547925 -0.468002 -0.155021 -0.176929 -0.827222 0.391888 0.0598159 -0.25149 0.971837 -0.189558 0.451285 0.153851 -0.104697 0.176723 -0.276984 -0.31228 0.371384 -0.588436 -0.406747 0.653682 -0.147099 0.316276 -0.293326 0.190454 0.324745 -0.587634 0.135178 0.532308 0.533041 -0.477713 0.266944 -0.128566 -0.0827242 -0.286744 0.907859 0.658998 0.373302 -0.589837 -0.508071 0.344004 -0.374227 -0.0748038 -0.0342043 0.163425 0.582709 0.32312 -0.776678 -0.497133 -0.420641 0.0610621 -0.0486589 0.274642 -0.529001 0.192267 0.216406 -1.0794 -0.369765 0.280958 0.437927 0.324296 0.993764 0.206619 0.0552465 -0.0511313 0.0647143 0.436979 0.873058 1.06987 -0.264737 -0.1327 -0.348169 0.41649 0.669943 0.122864 -0.553303 -0.00615206 0.565365 -0.284295 -0.84203 -0.820998 -0.201939 0.732701 0.29661 0.904806 -0.49659 -0.530196 0.382424 0.143638 -0.173749 0.0710835 -0.483634 0.542889 -0.34762 -0.521497 -0.484199 -0.711516 -0.510087 0.297132 -0.15674 -0.323901 -0.261993 -0.388828 0.56408 -0.132669 0.144741 0.638783 0.099443 0.505655 -0.515827 -0.410192 -0.712511 0.209665 0.390694 -0.241147 0.411263 -0.288686 -0.21353 0.0533723 -0.531969 -0.816119 0.0790873 -0.480223 -0.0159083 0.447549 -0.241982 0.0235727 -0.446212 -0.328868 -0.773253 0.304728 0.345157 0.0936582 -0.315414 0.438958 0.575674 0.502345 0.188013 -0.0563036 
75 187 0 127 109 96 183 216 186 90 10 238 224 77 191 17 96 222 216 248 236 197 225 84 17 14 45 131 254 212 254 197 76 28 192 159 161 129 123 122 211 61 234 120 176 150 217 163 242 201 74 119 223 71 131 211 54 47 158 193 134 239 221 126 91 65 27 176 57 188 49 20 187 151 181 115 91 59 189 30 43 104 88 184 212 214 130 172 149 2 34 67 136 10 9 179 51 171 135 85 91 0 218 111 100 28 120 123 48 36 24 32 50 87 142 53 81 138 107 119 5 180 6 149 211 57 163 99 247 255 160 61 232 166 20 232 31 178 227 129 193 178 237 214 174 31 222 60 84 224 91 147 200 190 34 68 57 60 62 190 99 175 65 196 68 229 143 40 217 29 220 99 170 64 95 90 61 183 87 74 202 18 175 127 212 15 243 16 106 12 40 89 130 40 193 249 156 239 98 96 89 154 233 126 89 246 172 103 98 12 123 125 184 156 155 43 102 23 10 54 195 223 75 148 208 149 146 95 205 170 149 191 202 27 164 34 105 155 
0.101207 -0.347218 0.0412793 0.484827 -0.951971 -0.0297046 0.167985 -0.597373 0.370646 0.168752 -0.0387199 0.393393 0.761753 0.293331 0.26684 0.776501 0.179198 -0.437629 -0.594442 0.124614 -0.217252 -0.799914 0.222964 -0.12483 0.607232 0.377654 -0.13097 0.747398 0.742308 0.938322 0.0567557 -0.534659 0.294205 -0.113825 0.681352 0.500167 -0.504933 0.148461 0.311408 -0.272336 -0.529985 0.219558 -0.703187 -0.564528 0.0707382 0.237019 0.413799 -0.913985 0.42449 0.558712 0.368989 -0.131658 0.372845 0.592502 -0.265951 0.611642 -0.21413 -0.026324 0.110429 0.353044 0.720681 -0.533256 0.307676 0.22996 -0.397971 0.316959 -0.146826 0.684429 0.536529 0.171128 -0.0437633 0.938524 -0.585162 0.495885 -0.281253 0.66256 0.035233 -0.0806253 1.11434 -0.0079721 -0.713695 0.339959 -0.788488 0.414763 -0.557297 -0.0620633 -0.754854 -0.0505963 -0.314698 0.44625 -0.0387585 0.746517 -0.471814 0.275568 0.773457 0.771194 -0.52371 -0.364502 -0.213896 -0.053711 -0.562989 0.457081 -0.418985 0.483961 0.171717 -0.376297 0.778933 0.596937 -0.383328 -0.641057 0.0430387 0.216028 0.645466 0.729531 -0.316824 0.4828 -0.295539 -0.0414484 -0.191669 0.577411 0.415046 -0.835891 -0.327084 0.116273 0.361724 -0.451923 -0.253848 -0.0373921 -0.38809 -0.263136 -0.649303 -0.349744 -0.0754155 0.292545 0.101161 -0.20495 0.0449213 0.755598 -0.237698 0.648398 1.09003 -0.303687 0.0676253 0.111185 -0.104995 -0.560976 -0.718154 0.37576 0.828641 -0.264168 0.133629 -0.0380968 -0.285234 -0.268344 -0.289514 -0.191012 0.312311 0.062999 0.225857 0.260824 -0.231984 -0.519598 0.632692 0.342363 -0.319409 0.272388 0.591426 1.10952 -0.0764592 -0.0259078 -0.0091097 -0.532171 -0.535377 0.23202 0.0877611 0.428929 0.300294 -0.134563 0.160419 -0.114251 0.154713 0.357777 0.864538 0.301658 -0.828797 -0.451212 0.442868 -0.122954 0.130349 -0.660475 0.00594185 -0.0734613 0.643631 -0.0854003 0.0900114 -0.533828 0.339986 -0.919268 -0.745508 -0.246707 0.0539766 0.598644 0.0935359 0.349806 -0.433792 -0.606293 -0.0964302 -0.960875 0.417177 -0.369293 0.457074 -0.189464 -0.685932 0.590738 -0.0302324 -0.26602 0.457253 0.277975 0.474117 -0.0217684 -0.536092 -0.758106 -0.513241 0.0933899 -0.835794 0.727574 0.462276 0.245276 0.234 0.328186 0.397707 0.259111 -0.0468186 -0.65992 0.0761493 -0.533839 -0.0836183 -0.402493 
41 4 228 202 134 138 14 55 134 19 181 153 170 147 91 64 109 207 85 107 177 157 60 40 179 172 11 201 53 158 222 1 29 107 242 83 208 248 42 157 189 145 168 196 241 107 106 199 16 179 175 196 254 109 64 26 17 231 34 174 88 222 169 118 238 143 49 83 63 62 184 190 67 55 78 3 83 129 110 196 7 4 169 25 168 196 135 40 30 214 17 208 112 224 106 167 16 254 85 131 74 208 198 52 97 85 145 63 235 178 196 118 253 117 80 144 49 136 33 101 135 171 221 145 6 53 182 140 21 117 9 171 156 182 47 10 137 78 187 229 134 135 11 87 92 163 4 15 216 203 167 23 1 34 81 225 196 250 47 118 132 157 124 92 233 228 176 72 53 76 67 15 77 251 15 147 201 253 58 170 185 16 53 249 3 95 167 25 93 51 56 91 21 152 99 205 87 82 46 7 139 197 80 183 1 247 190 252 134 36 229 98 46 63 24 172 23 76 78 217 3 91 243 145 113 122 5 76 44 98 98 10 15 194 238 110 167 90 
0.550453 -0.80886 -0.415374 1.09032 0.118517 -0.333009 -0.499687 -0.699853 -0.980321 -0.190533 0.594728 -0.136455 -0.0846128 -0.353206 -0.505422 -0.286979 -0.209292 -0.573796 0.830999 -0.0744585 -0.474785 0.917192 0.457196 0.0582213 -0.677307 -0.155264 -0.5826 0.43029 -0.770302 -0.37278 0.740234 0.4819 -0.412171 0.4169 -0.107381 -1.05003 -0.617653 -0.0576849 -0.322764 0.374997 -0.0205706 0.165106 -0.352381 0.501575 -0.558276 -0.135255 -0.0925919 0.519456 -0.580388 -0.356428 0.0963648 1.06319 -0.561996 -0.541389 -0.43004 0.386892 -0.0671208 -0.0748071 0.151638 -0.245372 0.49338 0.543699 0.0953644 -0.0359138 0.467863 0.42028 0.575418 -0.305108 -0.154965 0.160417 -0.234771 0.402108 0.666503 1.03137 -0.359638 -0.714583 0.121359 -0.293282 -0.0779123 -0.32009 0.45095 -0.367287 0.45435 -0.631844 0.226605 0.180672 -0.31376 0.242774 0.865943 -0.580822 0.263868 0.535383 0.387804 -0.108457 -0.255226 0.289903 -0.826915 0.381744 -0.487071 0.904101 -0.726002 0.0495422 -0.663727 0.19074 0.0787117 0.218899 -0.728418 -0.387497 0.325593 -0.501051 -0.396305 0.466958 0.749081 0.605782 -0.759677 0.109816 0.558251 -0.10004 0.484128 -0.330918 -0.304844 -0.0375387 -0.27565 -0.210273 -0.138825 -0.289731 0.506765 -0.252021 0.131285 -0.601783 0.981171 -0.0506634 -0.933101 0.220952 -0.00179464 -0.728251 0.328316 0.457634 0.318605 -0.0182652 -0.768358 -0.400947 0.921474 -0.127312 0.370789 -0.201862 -0.132031 -0.504307 0.0407654 -0.301278 0.379342 -0.486919 0.417761 0.355459 -0.425893 -0.160659 -0.408992 0.510042 0.571879 -0.480406 0.420084 -0.444462 -0.566593 -0.126877 1.06878 0.415038 -0.286516 0.16211 0.346798 -0.28315 0.326612 0.247904 0.325863 -0.626462 -0.070322 0.457331 -0.306032 0.109798 0.454697 0.499915 0.529727 0.2022 -0.74777 -0.08242 -0.328519 -0.194306 0.0427253 0.414698 0.0319083 0.245661 -0.427937 -0.106795 0.180061 0.333611 -0.613676 -0.651866 0.102037 0.257639 -0.845013 -0.24067 -0.2258 -1.01267 0.401244 0.400498 -0.440268 0.397173 -0.603155 0.414236 0.489716 -0.0517301 -0.7973 0.542621 0.106733 -0.598765 -0.523651 -0.655416 0.588819 -0.500374 -0.400802 0.690911 -0.28868 -0.443936 0.286953 0.563311 0.227586 -0.594588 0.745034 -0.268816 0.165349 0.369679 -0.0192577 -0.490596 -0.784159 -0.0607147 0.802879 0.621312 0.311533 -0.559857 
192 243 189 132 137 166 85 63 56 31 91 184 172 128 195 130 41 184 6 32 159 228 217 246 152 138 155 26 4 25 208 176 97 21 155 11 45 243 119 243 153 28 133 166 169 11 104 199 57 162 189 204 126 5 157 43 156 198 73 39 249 238 53 238 206 241 47 196 245 81 61 128 196 146 132 160 245 9 140 246 185 62 41 222 57 8 177 94 24 130 249 72 196 143 184 78 152 82 27 184 104 33 106 186 85 245 126 86 167 154 87 28 87 175 65 176 114 201 147 175 103 83 30 86 98 61 240 180 168 187 101 1 217 151 64 142 40 115 137 167 13 2 141 38 15 137 208 67 25 93 76 127 242 103 56 61 74 210 248 202 21 4 31 247 229 34 215 85 163 14 53 147 66 31 15 163 110 225 161 127 246 121 166 157 189 23 221 98 176 91 211 28 143 178 31 80 153 15 51 238 29 106 49 48 212 32 234 223 97 143 112 59 201 109 123 172 216 29 89 31 61 248 115 32 113 161 107 129 229 79 68 238 12 35 203 30 71 247 
-0.326337 -0.545397 -0.583788 -0.0490337 -0.579608 -0.620331 0.521544 0.43626 0.0923883 -0.0354052 -0.580302 0.0565048 0.359849 0.44736 -0.268862 0.250776 0.0658138 -0.680598 0.0270517 0.457285 0.460416 0.893936 -0.140502 0.466073 -0.499343 -0.187898 0.140241 -0.387863 -0.328964 -0.602286 -0.224873 0.310376 -0.796114 -0.817104 -0.755249 0.937957 -1.03655 -0.44278 -0.951745 0.364328 -0.0204158 0.492393 0.344789 -0.62512 0.00527793 0.0116541 0.0103687 0.737704 0.518885 -0.150076 0.934273 -0.83112 0.514265 -0.475235 1.22671 -0.355454 0.288943 0.495605 0.345063 0.294212 -0.052153 0.244248 -0.159823 -0.101608 -0.175241 0.0301649 -0.821125 0.370238 0.310226 0.518838 0.0874214 -0.314258 0.89244 0.708637 -0.141016 0.523355 1.0068 -0.367001 0.119566 -0.275278 0.445024 -0.127986 -0.20609 0.485516 0.32473 -0.0429157 0.800138 -0.30629 -0.22867 -0.522586 -0.475423 0.396049 0.359093 0.494934 -0.506385 -0.268086 -0.454108 -0.506901 0.269507 0.346531 -0.375806 1.16199 -0.322754 0.210335 0.0728382 -0.121534 -0.86303 -0.540555 -0.945455 -0.760096 -1.05721 0.343082 0.0420466 0.214066 -0.188205 -0.224345 -0.251586 -0.487756 0.0384809 0.382036 -0.168825 0.91274 -0.321801 -0.61915 0.302934 -0.644261 -0.734817 0.17856 0.0853277 -0.989399 0.00323503 -0.0244015 -0.155793 0.0589107 -0.555786 -0.95126 -0.0990024 -0.610151 -0.773789 -0.125913 0.56008 0.196678 -0.191745 0.125214 0.112237 0.0433301 -0.191034 0.330435 0.398543 0.0347794 -0.795824 -0.185432 -0.101931 -0.442881 -0.474358 0.128528 -0.423438 0.0644702 -0.638185 -0.611848 -0.236516 0.32126 0.811031 0.513609 0.599186 -0.594926 0.246782 -0.0162729 0.223257 -0.131476 0.593176 -0.345442 -0.315225 0.0519178 0.036932 -0.217744 -0.0304219 -0.704566 -0.893302 0.0417316 0.614418 -0.496359 0.181625 0.297837 -0.31677 0.77993 0.14033 -0.255252 0.35168 0.367782 -0.667425 0.541762 -0.0912723 -0.423195 -0.997567 0.38748 0.28044 -0.468672 -0.364192 0.172228 -0.293036 0.386636 -0.337347 -0.106507 -0.405047 -0.235199 -0.906477 0.199759 0.340564 0.30648 -0.219779 0.656703 0.100965 -0.333929 -0.527331 0.342472 -0.577995 0.335217 -0.438338 0.628077 0.712831 -0.337061 -0.025847 -0.158194 -0.423005 -0.0922583 0.542839 -0.472065 -0.261098 -0.563304 -0.162718 -0.243204 0.398176 0.14596 -0.285658 -0.138439 0.121464 -0.00423928 
201 43 25 207 36 162 219 217 48 180 168 49 240 222 153 108 129 125 141 214 239 114 179 184 201 184 182 65 179 67 3 99 22 201 251 234 116 238 72 144 52 30 120 233 191 232 83 191 139 50 6 92 235 227 124 239 133 114 26 112 85 175 39 182 220 82 14 34 81 51 30 98 3 146 39 150 66 209 140 61 222 194 129 65 54 100 29 99 63 255 91 72 249 69 160 159 54 45 209 174 101 80 222 175 179 48 107 221 57 65 131 219 248 205 24 30 76 65 171 148 43 21 23 125 111 246 173 55 97 5 202 65 139 96 148 115 43 48 228 160 50 186 22 106 83 225 113 35 132 155 52 131 220 91 47 84 166 79 111 195 82 188 14 1 73 251 12 128 9 191 188 166 93 191 165 28 176 19 54 110 241 196 42 138 49 221 114 110 69 218 130 175 229 194 173 108 154 195 226 168 34 81 216 183 98 224 77 218 50 49 207 214 170 98 21 38 250 232 62 60 165 198 145 38 112 81 110 229 227 223 233 2 162 36 119 85 34 12 
0.514474 -0.0886181 -0.240102 0.616515 -0.0261063 -0.152602 0.419559 0.697705 0.557763 0.165713 -0.510943 0.410515 -0.451317 0.433877 -0.178593 -0.016646 0.500734 -0.0583176 -0.402351 0.37992 0.440228 -0.222606 -0.186204 0.217654 0.117349 0.0100816 0.498809 0.363223 0.544112 -0.115788 0.00853802 0.548269 0.221566 -0.356416 -0.274966 -0.952428 -0.377396 0.173222 -0.318887 -0.0363429 -0.280596 0.396776 -0.402715 -0.272315 0.26446 0.918132 -0.0705791 0.670484 0.433848 0.0279522 -0.512722 -0.135416 -0.372675 -0.335646 0.149459 -0.0316077 0.390019 -0.341855 -0.0538031 0.36956 0.587746 -0.199153 0.12398 0.605041 -0.697773 -0.560871 -0.314802 -0.0351746 0.418305 0.729045 -0.673727 -0.434004 -0.531118 -0.0639491 0.340481 -0.547915 0.571615 0.592487 0.282452 0.196394 -0.0947374 -0.207038 -0.242859 0.100111 -0.287728 -0.0422325 -0.540301 0.585846 0.416028 -0.37695 -0.369742 -0.330918 0.82961 0.139732 -0.395723 -0.427433 -0.925968 -0.637808 0.171405 -0.267775 0.525997 0.426777 0.17189 0.0971563 0.0533268 0.491665 -0.0157596 -0.215362 -0.186044 0.0221597 0.426437 0.562416 0.0550803 -0.340998 -0.593575 0.625143 0.662539 -0.45828 -0.168062 0.209373 -0.301529 -0.318774 0.442135 0.780411 -0.123982 0.351779 0.299874 -1.07895 0.0925517 -0.778265 -0.566871 -0.191376 -0.545751 -0.337591 0.118181 0.245401 -0.231554 -0.335374 0.277806 0.217045 0.573801 -0.213074 0.491482 -0.740782 0.553122 -0.384736 0.96919 0.472918 -0.770817 -0.357417 -0.713484 0.840025 0.0429532 0.662812 0.0972106 -0.231489 0.311953 -0.230629 0.268292 0.317224 0.139749 0.0670683 -0.027246 0.843495 -0.747817 0.0737822 0.114707 0.355671 -0.626192 0.141206 -0.609554 -0.153348 0.53802 0.182467 0.241246 -0.458462 1.13275 -0.086724 -0.822251 -0.0591656 0.221457 0.447942 -0.769945 0.606619 0.000351727 -0.362346 -0.408183 0.127861 0.319352 0.467759 -0.362799 0.0900669 0.216718 -0.799193 -0.257257 0.596269 -0.114703 -0.448447 0.171445 0.613813 -0.479568 -0.733428 -0.345361 0.00527053 0.381985 0.675974 -0.481196 0.707402 -0.345326 1.0141 0.152836 -0.694773 0.513594 0.620241 -0.432773 0.450346 0.465236 0.0805605 -0.743072 -0.26465 0.410544 -0.41631 0.414094 0.0148466 0.655244 0.753535 -0.21015 -0.28019 -0.0149221 -0.0397459 -0.132238 0.604594 0.6839 -0.274568 -0.221495 -0.41173 -0.00703875 -0.42733 
179 182 132 113 229 251 198 233 47 215 45 174 9 211 240 49 41 136 189 163 167 137 115 251 224 159 144 255 192 78 102 107 57 222 216 159 253 89 12 56 192 170 230 25 72 27 136 243 8 77 189 89 48 12 147 91 7 51 143 116 104 0 11 209 131 159 95 116 28 148 249 131 17 180 36 104 133 199 44 170 229 150 152 81 223 141 236 93 60 39 88 245 59 12 164 152 25 252 73 2 69 121 5 140 71 111 173 130 140 192 248 4 234 89 158 34 31 102 184 133 171 49 70 160 11 231 177 218 246 72 97 88 214 57 197 213 194 230 66 223 66 130 149 164 91 42 117 30 54 97 58 191 148 202 51 252 20 192 51 83 213 53 46 235 112 246 57 69 175 60 140 68 4 127 195 244 150 194 30 114 231 60 118 135 89 149 96 152 26 229 201 55 243 50 1 143 14 230 9 0 175 222 216 165 23 103 40 148 141 82 190 48 116 114 90 74 93 45 183 153 37 66 114 174 64 0 141 180 43 157 168 22 17 53 56 138 12 98 
0.604729 0.150753 -0.0592386 -0.576964 0.44351 0.364056 -0.0873809 0.334518 0.0343252 0.594406 0.219776 0.127823 0.585244 0.224739 -0.0234554 0.186879 -0.212487 0.0202462 0.1956 -1.10013 -0.231312 0.247435 -0.10589 0.486015 0.521361 -0.157914 -0.512885 -0.277386 0.312725 0.0538203 0.235475 -0.024189 0.477182 -0.539404 0.769885 -0.42128 -0.59827 0.608059 0.432456 0.353917 0.485612 0.413402 -0.837669 0.237305 0.607641 0.82053 0.434446 0.771394 -0.482891 0.497606 0.00640109 -0.523607 -0.203993 -0.301321 0.531328 0.378981 0.620773 -0.40794 -0.398837 -0.187487 -0.0499131 0.392244 -0.0830704 0.255511 0.531946 0.369753 -0.212221 0.39908 0.150466 0.663813 -0.27712 -0.227233 0.0422294 0.215391 0.744336 -0.76802 0.57911 -0.676755 0.212905 0.524205 0.146536 -0.408499 0.660397 0.380741 -0.157166 0.418128 -1.07168 -0.719506 -0.954012 0.176947 0.790492 0.450641 -0.258599 0.30065 -0.603747 0.218012 0.317825 -0.338985 -0.249861 0.432059 -0.107717 -0.613991 -0.184493 -0.504745 0.694537 0.105032 -0.647351 -0.762174 0.249551 -0.126965 0.404211 0.856559 -0.142016 -0.47261 -0.0444874 -1.03653 0.376436 0.656401 0.507191 0.384287 0.045188 -0.328176 -0.495173 -0.906636 0.347148 0.251193 -0.882521 -0.232114 0.72564 -0.508444 -0.534182 0.305591 -0.62748 0.684989 -0.311843 -0.77139 -0.716417 -0.343232 -0.357413 0.187096 -0.0604684 -0.0587569 0.136058 0.50125 0.478297 0.101027 0.351364 0.0977065 0.254583 -0.145639 -0.624328 0.452928 0.368894 0.301247 -0.454243 -0.0958367 -0.565132 0.919161 -0.0483909 0.643951 0.192694 -0.072078 0.679348 -0.838747 -0.354174 0.353585 -0.162623 0.137985 0.310678 -0.191848 0.280777 0.255628 0.303434 -0.876281 0.167558 0.0700665 0.0516957 0.699327 0.0856182 -0.261499 0.147287 0.124285 0.395973 -0.238299 0.383571 0.460791 -0.328728 0.742145 0.436607 0.471489 0.48556 0.0284865 -0.44008 -0.509428 -0.606252 -0.432055 -0.252401 0.253699 0.598548 0.708769 0.434477 0.226121 0.341146 0.0735955 0.837007 -0.568641 -0.289145 0.490958 0.297182 -1.34164 -0.492876 0.116473 0.94169 -0.95289 -0.413021 0.405819 0.210577 0.494034 0.539342 0.0517186 0.251653 -0.461712 0.213164 -0.180508 -0.462262 -0.185801 -0.59013 -0.283833 -0.289936 -0.484631 0.719218 0.179614 -0.364774 0.598379 0.493771 0.553139 -0.215059 -0.30189 
129 12 114 57 18 139 121 97 220 49 117 14 113 142 50 200 16 113 209 213 207 240 98 142 64 27 206 28 76 192 97 100 36 110 87 52 2 136 99 222 13 4 163 126 32 20 69 230 85 228 89 238 184 71 221 159 241 36 46 219 210 175 255 97 221 218 55 197 30 57 37 228 42 234 6 103 101 223 98 188 221 25 145 174 56 233 96 108 7 5 47 184 42 83 186 29 0 215 91 28 94 196 3 58 31 127 225 71 204 69 48 193 220 14 142 39 84 28 210 107 166 36 9 15 114 65 40 206 6 206 159 113 30 203 213 45 187 11 177 102 179 87 188 84 148 80 210 187 48 13 11 163 122 127 2 127 250 116 241 47 171 46 201 148 185 103 25 225 69 244 243 61 215 157 127 213 189 166 120 181 176 229 116 72 126 18 145 24 159 46 250 186 231 172 204 70 171 141 63 166 77 58 39 246 7 41 132 209 105 173 104 243 193 76 43 169 91 119 159 224 13 252 169 205 2 103 61 143 144 163 138 108 120 188 175 120 185 58 
0.207349 -0.43068 -0.603488 0.0625217 -0.804975 -0.437858 -0.274177 0.610005 -0.120965 -0.13443 0.366945 1.10673 -0.728896 -0.312348 0.101967 -0.116253 -0.548681 1.00698 0.0337299 -0.512556 0.20936 -0.0601737 0.667799 -0.342964 0.576224 -0.602514 -1.07592 0.259197 0.507121 0.104425 -0.721021 -0.484806 -0.361338 0.460822 -0.795173 -0.152417 0.859057 -0.424078 -0.714831 0.142523 0.801043 0.0102019 -0.734512 0.41902 -0.535662 -0.695732 -0.542169 0.0252864 0.25645 0.364109 -0.49431 0.689892 0.405011 0.302502 0.857797 -0.131176 0.164913 -0.00290967 -0.564233 -0.830535 -0.246645 0.302293 0.153672 -0.261508 -0.580801 0.18639 0.403374 0.488167 0.588969 0.0385382 0.579488 0.295221 0.754269 -0.884823 -0.594659 -0.319154 0.631712 0.420162 -0.326845 -0.321988 0.0533338 -0.0689005 0.16834 -0.0255117 0.158666 0.635848 0.416034 -0.164099 -0.0568536 0.0948901 0.180475 0.148466 -0.535087 -0.0953419 -0.276978 -0.159217 -0.0138566 -0.612707 -1.1023 -0.530782 0.250118 0.108087 0.184331 -0.515776 -0.461698 0.277564 -0.34613 0.498479 -0.47489 -0.627224 -1.07857 0.352471 -0.290272 0.218678 -0.205885 -0.127051 0.502664 0.605572 -0.452836 -0.00479785 -0.0272142 0.133328 -0.0894593 0.231339 -0.124995 -0.531493 0.1961 0.569975 -1.09594 -0.434323 -0.755585 -0.48062 0.0953332 0.0930078 -0.536271 -0.00620921 0.64924 -0.856206 -0.40661 -0.286838 -0.192108 0.461576 0.0981762 -0.376632 0.560352 0.30717 -0.037903 -1.12494 -0.283636 -0.40225 0.464829 0.121962 0.32673 -0.672035 0.229954 -0.383357 0.245532 -0.53646 0.700073 0.39051 -0.0465361 0.433387 0.470105 -0.00642207 -0.645473 -0.945779 -0.01886 0.255001 -0.680563 -0.0477872 -0.58733 -0.567783 0.457379 0.737521 0.777466 0.558926 -0.127151 0.571872 0.152702 -0.304603 -0.158378 0.40675 0.632096 -0.180839 -0.0954551 0.615491 -0.0464629 0.408105 0.0208069 -0.678745 -0.412723 0.244021 -0.97484 -0.469134 -0.219677 0.0211316 -0.439884 -0.937398 -0.279264 -0.383327 0.368491 -0.0139262 -0.530574 0.263001 0.189892 -0.195195 -0.594742 -0.522921 -0.341513 0.416678 0.687496 -0.20984 0.406613 -0.411411 0.18093 0.830383 -0.50295 -0.314564 0.345194 0.148186 0.576671 -0.571588 -0.270878 -0.0263229 -0.474432 -0.513128 0.604156 0.114831 -0.622525 0.270266 0.344083 -0.709562 -0.266579 -0.22485 -0.471478 0.0949368 0.186185 -0.192611 
133 201 66 57 191 145 153 138 72 25 208 20 112 60 34 245 111 173 25 209 242 72 18 100 226 194 209 232 22 47 101 194 27 69 255 34 248 189 137 155 102 233 221 179 168 43 81 15 58 183 151 226 125 186 122 14 149 36 59 13 245 218 207 241 101 37 61 237 192 222 166 123 254 8 38 219 25 246 97 234 131 72 115 162 5 204 165 5 143 73 144 26 224 162 68 34 127 198 184 76 173 162 251 21 204 61 209 11 119 64 26 183 145 134 144 30 164 171 248 180 101 5 157 96 240 157 236 142 226 129 137 105 153 9 60 114 1 12 134 131 30 112 88 161 124 131 147 224 159 149 0 81 95 252 9 123 216 221 214 62 143 50 73 66 238 72 224 70 208 125 99 195 67 139 127 22 205 101 225 170 175 102 249 62 49 98 129 146 140 243 219 9 170 3 132 122 69 30 215 48 188 164 144 21 62 233 4 58 87 33 237 67 22 34 153 23 19 121 152 172 133 76 196 164 124 252 66 149 88 165 138 190 116 243 65 78 169 86 
0.746231 -0.350611 0.384406 -0.238661 0.198951 0.038506 -0.822754 0.48211 0.425584 -0.0698148 -0.037709 0.08341 -0.801314 -0.17416 0.475498 0.173908 -0.118884 0.385527 -0.0682147 -0.519728 -0.92274 -0.687016 -0.126439 -0.568174 0.288004 -0.706462 -0.465468 0.0188466 0.307494 0.056575 0.307304 -0.449888 0.323895 -0.0191541 0.372436 -0.232095 0.5286 0.379243 -0.595079 0.910137 0.212094 -0.09474 -0.0266656 0.0859089 0.294353 -0.0839856 -0.0710888 0.442835 0.778609 -0.578413 -0.500083 0.887232 0.765609 -0.526276 -0.167032 0.298704 -0.173495 0.356201 -0.314021 0.775319 -0.276852 -0.31992 -0.673712 0.537312 0.0240184 -0.318932 0.268354 0.465975 -0.300843 -0.0929317 0.99712 -0.585138 0.130775 -0.37896 -0.866561 0.512701 0.390895 -0.377582 -0.25236 -0.206226 -0.500169 0.120146 -0.465817 -0.627717 0.385126 -0.354958 0.236899 0.0339065 -0.559787 -0.13105 0.211124 0.531873 0.654876 -0.0864064 -0.449853 -0.433213 -0.466732 -0.061338 -0.157499 -0.49475 0.226746 0.320743 0.460858 -0.524719 -0.606602 -0.0518536 0.187318 0.412683 0.0474085 -0.686845 -0.0201255 -0.527439 -0.44094 -0.46296 -0.508526 -0.119864 -0.47447 0.128827 -0.300982 -0.938822 0.173349 -0.718584 0.441544 -0.701783 0.276437 -0.386546 -0.00657308 0.302675 0.213427 0.079593 0.0983132 0.156476 0.361695 0.390343 0.287515 -1.24117 1.18802 0.406104 0.034447 0.748952 -0.166945 0.157756 -0.105819 0.289148 0.520831 -0.0621087 -0.0266962 0.116301 0.358051 0.170276 0.209306 -0.811789 0.421069 -0.30106 -0.564341 -0.046472 0.653445 -0.802114 -0.00505426 0.0045826 -0.419731 0.767429 -0.0546776 -0.644556 0.585778 0.495259 0.0937809 0.430675 -0.850864 0.12387 -0.328143 0.267092 0.432607 -0.873468 0.562756 -0.541691 -0.39809 0.212807 -0.392739 -0.864638 0.563358 -0.518133 0.14711 -0.332315 -0.433004 -0.716829 0.423897 -0.733009 -0.627286 -0.200845 0.366684 -0.210241 -0.939345 0.238544 -0.0851777 -0.52497 -0.557095 0.0770157 0.0295493 0.507174 -0.183475 0.379248 -0.520106 -0.821806 -0.200646 -0.182126 0.262254 0.727209 0.596647 -0.244993 -0.34091 -0.548487 -0.153781 -0.333625 0.421111 0.167055 -0.184482 -0.086288 -0.459965 0.138959 -0.263818 0.472289 0.398335 0.557846 0.00419908 0.00952087 0.462545 -0.454134 0.926341 -0.775901 -0.685893 -0.2183 0.269335 0.146492 0.289967 0.503588 -0.402249 0.160121 
203 151 224 243 156 230 244 68 47 60 92 90 107 130 120 92 91 31 138 97 37 35 7 70 140 128 112 33 178 235 154 29 116 162 9 64 192 7 70 136 214 142 200 131 227 81 44 99 55 39 112 204 218 12 225 176 170 73 94 38 95 116 157 128 185 164 2 141 98 91 142 161 78 94 234 68 199 15 163 64 185 12 204 81 29 1 233 251 108 159 236 46 76 56 157 40 182 106 143 74 55 5 188 76 225 12 64 10 42 183 207 160 178 231 224 51 162 124 35 227 9 157 32 35 30 248 178 200 236 183 224 149 161 10 191 45 112 78 42 57 191 66 183 173 16 248 235 32 241 25 228 51 89 99 44 128 32 239 93 83 222 251 39 114 142 210 162 70 228 91 113 18 217 176 165 162 15 99 212 151 60 108 24 131 97 99 150 58 30 196 144 91 110 172 164 9 138 19 46 58 1 190 182 104 70 190 153 179 90 103 158 167 135 205 200 212 223 8 124 152 200 161 151 157 215 161 143 42 208 175 249 39 155 21 75 100 179 165 
0.668276 0.368075 -0.804407 0.766923 -0.0933438 -0.544747 0.270432 0.434506 0.313866 -0.0488466 0.643982 -0.542248 0.0883521 -0.474886 -0.326982 0.211318 -0.507896 -0.4079 0.0197012 -0.569445 -0.105429 0.366715 0.455558 0.172291 0.100563 0.263668 -0.487298 -0.351437 0.644559 0.673642 0.155398 0.494716 -0.195844 0.0458348 0.417588 1.09004 0.555546 -0.324307 -0.460265 0.115415 -0.495363 0.0767129 0.440638 -0.512393 0.0407313 0.284009 0.37092 0.515859 -0.562477 -0.214715 0.462127 -0.834648 0.285684 0.699495 0.508501 0.0947479 -0.196391 -0.347344 0.575785 0.150221 -0.48525 0.00682981 0.353852 -0.35 0.213798 0.393946 0.856174 0.246907 -0.834407 0.312774 -0.339959 -0.185515 -0.138614 -0.322545 0.647221 0.296232 0.485446 0.358306 -0.119932 -0.143742 -0.713565 -0.118561 0.401547 0.78149 0.499097 0.0345217 0.227723 -0.376843 -0.392522 0.156399 -0.59605 0.38798 -0.0880896 0.0316617 0.182271 0.198767 0.361526 0.559207 -0.233239 0.384098 -0.334666 0.539189 0.0625305 -0.527402 -0.309974 0.638245 -0.430299 -0.205233 -0.548998 -0.264647 -0.242874 -0.170321 -0.358108 -0.248331 0.573563 1.08428 0.303968 0.172616 -0.0843301 -0.299804 0.0232946 0.0801991 0.763012 0.600042 0.355089 -0.474477 0.0439558 -0.436403 -0.242983 0.0912668 0.0501869 0.156618 -0.0451325 -0.953805 0.780123 -0.891807 0.394064 0.526004 0.321423 0.0566045 0.265946 -0.560261 -0.676453 -0.111393 -0.229377 -0.420413 -0.333383 0.547835 -0.175305 -0.101111 -0.925508 0.0588497 0.672529 -0.322382 -0.762798 -0.525402 -0.359454 -0.0542884 0.371387 0.068305 0.089441 -0.0864202 -0.138711 -0.310258 -0.468864 0.189591 -0.745 -0.317741 0.682791 0.167927 -0.17388 0.117637 0.0417758 0.682115 -0.0770294 -0.610059 0.521356 0.195333 0.224713 -0.237973 -0.534735 -0.681911 -0.710002 -0.742498 -0.378798 -0.00581176 0.0153206 -0.505881 -0.416437 -0.644885 -0.0412168 0.543243 -0.541256 -0.308419 -0.0749379 0.375517 -0.264336 -0.570467 -0.295693 0.220659 -0.568723 -0.054359 -0.55174 0.0243665 0.0993632 0.0519476 -0.358991 0.20571 -0.59217 -0.25618 0.105984 -0.460457 0.364271 0.00783229 0.482473 -0.484298 0.492803 -0.284766 -0.0733111 -0.604668 -0.609037 0.10165 -0.46231 -0.302556 -0.534081 -0.239283 -0.0749721 -0.0851738 0.715395 0.651159 -0.76849 0.0471348 0.581833 0.387555 -0.608799 0.885628 -0.283845 0.318613 
55 218 218 221 14 248 195 252 98 65 3 247 35 48 81 47 86 140 16 86 224 202 241 124 58 228 100 82 163 20 35 211 149 106 66 52 189 184 121 183 162 99 250 27 208 183 249 122 37 250 180 19 221 224 137 22 129 3 141 163 87 172 173 119 108 119 100 224 107 179 95 136 158 206 102 155 115 231 33 110 7 102 100 215 51 62 174 92 146 159 209 3 201 209 30 108 222 23 43 2 210 0 219 35 196 93 117 54 121 142 159 141 174 76 123 167 251 150 225 28 228 163 34 147 71 241 205 80 220 95 231 89 53 212 155 1 9 46 150 127 21 54 192 14 179 214 208 205 70 197 245 135 76 74 152 141 169 145 23 208 18 69 94 12 64 57 50 129 163 33 71 229 159 143 37 120 192 112 94 213 54 74 132 120 239 25 155 251 109 237 166 95 194 10 73 252 28 213 100 133 51 124 249 11 182 193 93 90 174 145 202 192 77 31 1 59 219 115 90 105 189 2 16 124 252 162 20 241 40 168 61 181 232 112 17 169 87 225 
0.693639 0.316966 0.0397885 -0.404862 -0.118008 0.607872 0.108182 -0.14244 -0.634372 0.827739 -0.416651 0.619855 0.0366359 -0.482784 -0.00419446 0.345101 -0.32735 0.539841 -1.17806 0.0837333 -0.0523958 -0.516766 0.429403 0.233104 0.869554 -0.38133 0.493952 -0.0495756 0.0306898 -0.0371078 -0.0944066 0.444279 -0.206069 0.577994 0.238406 -0.0381816 -0.271199 -0.461485 -0.961363 -0.493008 -0.517044 -0.217684 -0.199953 0.135821 -0.0915753 0.641387 -0.0958316 0.896877 0.429087 0.877256 -0.220351 -0.378582 -1.19429 -0.286724 0.452677 -0.170556 0.15073 -0.55134 0.874349 0.409957 -0.163499 0.594325 0.161837 0.908925 -0.603887 0.162706 -0.0437289 -0.0870273 -0.103213 0.397027 0.187008 -0.089748 0.712477 -0.626635 0.131002 -0.0847041 0.35774 -0.315785 0.155796 -0.120998 0.320375 0.304722 -0.0740709 -0.359546 -0.211766 -0.18411 -0.26323 0.164946 -0.102102 0.608008 0.156173 0.149942 0.987265 0.425847 0.616193 0.474389 0.520975 0.167435 -0.169765 -0.822195 0.0685066 -0.0804741 -0.479116 -0.316095 -0.416525 -0.342914 -0.774658 -0.283377 0.611897 0.631265 -0.385797 -0.526156 0.844962 -0.487224 -0.375833 -0.122793 0.0195784 -0.484522 0.318439 -0.662102 0.715757 0.113094 0.601367 -0.0588719 -0.490101 0.450443 -0.704405 -0.0685306 -0.308861 -0.217445 0.303391 0.0838831 0.246574 -0.434686 0.663488 0.207076 -0.725078 -0.461032 0.287426 0.731195 -0.0252407 -0.145458 -0.156839 0.28826 -0.249934 -0.407046 -0.438151 -0.736274 0.407706 -0.314815 -0.36664 -0.126864 -0.408893 0.57713 0.566779 -0.446954 0.22581 -0.258898 0.263374 -0.743383 -0.296272 -0.383936 -0.155751 -0.0864879 -0.0123277 0.424445 0.62052 0.173082 -0.37652 0.200218 -0.698391 0.245325 -0.659529 -0.0559797 0.323688 0.185024 0.672744 -0.186839 -0.389482 -0.256921 0.315899 0.731192 0.261303 0.629766 0.0840457 -0.0750046 0.657447 0.146479 0.252742 0.747287 -0.123463 -0.285554 -0.482241 0.458718 -0.0577381 0.0342343 0.941643 0.608258 -0.542215 -0.578021 0.198501 -0.341874 0.157498 -0.45412 0.135923 0.588169 0.929138 0.338599 -0.305723 -0.709846 0.637913 -0.322018 -0.0848304 -0.0453955 0.520645 -0.0330486 -0.838303 0.464257 -0.406755 0.133619 0.297625 -0.234834 0.227181 -0.682269 -0.0104279 0.445021 -0.35848 0.009254 -0.372344 0.521439 -0.306259 0.317949 0.284147 -0.0444198 0.750563 -0.00787432 0.329771 0.121972 
158 95 85 100 17 222 19 211 56 235 146 121 30 32 20 167 54 170 250 182 3 93 72 28 95 184 82 120 131 179 241 186 197 249 18 162 174 203 240 128 111 94 242 124 51 200 255 45 248 150 18 183 128 156 18 144 124 147 164 226 0 233 140 8 141 68 2 229 153 124 8 187 111 58 57 195 91 249 43 67 103 246 98 43 47 34 67 119 188 1 193 8 30 236 19 151 70 217 70 171 32 224 99 255 65 17 207 236 241 9 164 223 227 238 32 72 252 157 74 19 206 38 241 234 142 43 134 48 225 61 32 209 152 226 239 200 241 236 8 97 20 7 219 85 96 207 106 241 95 83 248 72 43 220 72 118 208 128 179 219 226 113 198 53 236 103 25 144 73 69 197 119 136 166 183 13 1 136 199 15 224 174 41 31 79 194 9 41 39 9 23 92 244 237 132 225 105 112 135 182 42 144 173 113 87 91 168 156 158 139 18 41 253 181 120 92 20 38 121 122 150 146 217 143 239 86 50 21 162 92 97 37 88 176 181 229 197 74 
-0.332704 0.402045 0.0218364 0.708804 0.193019 -0.051625 -0.606414 0.0965101 0.237892 0.605288 0.241667 -0.0161601 0.389365 -0.0841051 0.418825 -0.377755 0.249669 -0.795455 0.472154 -0.100401 -0.0868936 0.0152833 0.461964 0.206013 -0.164771 0.0934954 0.172616 0.0587987 -0.266766 0.369843 -0.119158 -0.101095 0.462753 -0.723423 -0.473755 -0.325381 0.14356 -0.41219 -0.609999 -0.34363 -0.697026 0.39183 0.613553 0.365529 0.389874 -0.0327602 0.638394 0.179354 0.675853 0.265618 -0.76713 -0.984826 0.0698063 -0.198906 -0.172117 0.00298648 -0.210908 0.218117 -0.199632 -0.68025 0.670009 0.295192 -0.00134887 0.241731 -0.0534879 -0.349118 -0.385151 0.275876 0.37873 -0.238449 -0.00392064 0.106931 0.365337 0.210098 -0.767431 0.405018 0.238015 0.379421 0.00540853 0.858231 -0.337076 0.826542 0.451161 -0.770432 0.340257 -0.31844 -0.0599095 0.290944 0.0394063 -0.790833 -0.642168 0.570011 0.267234 0.482361 0.383232 -0.256064 0.255133 0.0793539 -0.0409761 0.764283 0.0883629 -0.144399 -0.114312 -0.200342 -0.102282 -0.593101 -0.614689 -0.0388748 -0.499756 0.357358 -0.573044 -0.121344 -0.405022 -0.87326 0.442016 0.0277165 0.117968 0.357734 -0.841816 -0.169712 0.419514 0.196274 0.193966 -0.763341 -0.308212 0.0567946 -0.70314 -0.409957 -0.519048 0.647026 -0.208168 -0.349185 0.414884 0.43825 -0.624762 -0.219991 -0.105331 0.225674 -0.278333 0.514552 -0.377902 0.315915 0.00789095 0.270251 -0.315372 0.797286 -0.874453 0.655445 0.0701293 -0.0605141 0.142709 0.308844 -0.156088 0.432504 0.106263 -0.150075 0.704333 -0.0142508 -0.988497 0.347507 0.293515 0.810106 -0.773182 -0.398012 -0.537224 -0.569545 -0.371362 -0.104996 0.277841 -0.362636 0.129704 0.850611 0.240584 -0.0359206 0.475905 -0.00882399 -0.377665 -0.576485 -0.370456 0.021199 -0.101433 -0.390896 0.345798 -0.620933 -0.343576 -0.643006 0.217362 0.625843 0.438283 -0.462545 -0.158283 -0.479439 -0.247649 0.830778 0.473029 0.272066 0.751092 -0.425381 0.607553 -0.293174 -0.571042 -0.635123 -0.457173 0.699359 0.73759 0.117988 -0.765579 0.152712 -0.846951 0.206177 -0.171485 -0.124982 -0.0752902 -0.522876 0.516756 -0.339271 -0.573696 -0.0696912 -0.191249 0.667562 0.58139 0.822458 0.543564 -0.117513 0.749134 0.654594 -0.262064 -0.403412 -0.300877 -0.818946 -0.578663 0.497632 0.412186 0.483907 0.0892275 -0.283246 0.448206 0.187035 
23 68 79 204 15 223 182 247 244 250 96 117 19 179 7 193 37 103 220 133 77 47 55 16 204 7 40 158 26 74 47 31 99 70 8 202 248 204 97 158 47 76 180 209 249 20 149 44 219 13 200 95 51 128 118 195 214 137 212 89 147 141 208 168 193 10 124 140 116 209 135 82 225 133 17 123 243 206 151 59 222 38 19 192 232 218 213 132 34 101 202 234 254 220 32 24 82 181 251 229 74 173 58 204 83 76 30 101 187 212 181 232 193 146 130 200 153 215 227 178 59 221 92 213 28 20 82 155 133 120 168 65 137 106 133 198 117 131 185 133 43 51 87 254 178 77 146 193 106 86 173 80 144 233 36 184 148 85 83 236 126 38 205 131 23 195 94 69 63 0 159 244 223 178 215 155 129 146 59 145 8 219 154 106 128 241 92 52 35 56 238 13 30 134 1 164 67 30 96 93 238 102 245 214 213 110 137 247 247 248 3 140 211 52 50 123 51 187 144 157 201 112 188 78 36 153 135 238 12 88 74 216 65 92 128 59 118 82 
0.249883 0.589678 -0.131934 -0.641554 0.538499 -0.373358 -0.702898 -0.0889881 -0.348398 -0.257542 0.542322 -0.632847 -0.989326 -1.03667 0.202977 -0.338901 0.803863 0.49089 0.301554 0.0669915 -0.374394 -0.510285 0.365611 0.138982 -0.637492 -0.288387 0.664083 0.290883 0.0406708 0.00248047 0.562401 -0.119287 0.215359 0.725982 0.127474 0.389744 -0.60705 -0.221901 -0.569932 -0.305677 -0.0219244 0.0295348 0.746697 -0.0178945 0.214259 -0.287155 0.342473 0.0592213 -0.435903 0.54975 0.494979 -0.435404 -0.160907 0.220858 -0.178685 0.330017 0.431096 -0.0710704 0.669571 -1.17108 0.69594 0.0315047 0.506442 0.987745 -0.00845499 -0.626619 0.621944 -0.863124 0.382687 -0.0215816 0.217896 -0.0577305 -0.197529 0.846205 -0.469363 0.106166 0.503823 0.608638 0.559748 0.465001 -0.361952 -0.653231 -0.0090173 0.0971421 0.18558 0.0665588 0.748903 -0.395044 0.797454 0.125824 0.284481 -0.80774 0.457644 0.255397 0.217568 -0.448685 0.827548 0.365355 -0.142767 -0.405566 0.796676 -0.286622 -0.511719 0.228798 0.251095 0.0377232 -0.411088 -0.426438 0.275767 0.178443 -0.510603 0.741647 0.58604 0.620478 0.383889 -0.083605 -0.0842094 -0.451623 -0.397139 -0.506714 0.105724 -0.598829 -0.0079394 -0.174437 -0.45597 -0.592687 0.768518 0.724836 0.722126 -0.389298 0.0463273 -0.609363 -0.564462 0.387587 -0.232466 -0.831044 0.683314 0.0218505 0.653915 -0.883846 -0.880133 0.7988 0.583149 -0.367441 -0.631629 -0.144225 0.411705 0.0783696 0.252061 -1.03912 0.481586 -0.330783 0.42654 -0.684254 0.755999 -0.120165 -0.62101 -0.339296 0.0785325 0.353983 0.189948 -0.730525 0.75639 -0.093141 0.102646 -1.02871 0.323813 -0.861158 0.55957 0.383431 0.109991 0.364725 0.0743358 0.738081 -0.385193 -0.265495 0.200959 1.29207 0.340133 -0.587837 0.711263 0.63482 -0.0157833 0.0147728 -0.515804 -0.741317 -0.0635336 -0.758352 0.599627 -0.621781 -0.727223 -0.422518 -0.183677 -0.208563 0.129106 0.288768 -0.313042 -0.480628 0.918561 0.136453 0.143649 0.431576 0.0432357 -0.260713 -0.0522975 -0.0990091 -0.355297 -0.598461 0.11083 -0.303535 0.385512 0.457681 -0.0861901 0.266609 -0.466996 -0.551259 -0.229131 -0.191113 0.103183 0.0849914 -0.118034 -0.792858 -0.437873 0.394727 -0.236223 -0.258888 -0.262977 1.05889 0.729249 0.452024 -0.511107 -0.329797 -0.652973 -0.177374 -0.0204699 -0.145992 -0.416224 -0.0143838 
99 117 59 233 27 121 186 142 82 151 212 164 124 68 84 48 61 43 64 169 88 109 251 95 47 9 88 223 76 207 166 61 229 6 126 205 132 56 28 202 95 33 186 101 63 7 113 171 51 184 115 140 87 163 20 115 97 140 117 60 150 7 115 76 89 98 203 188 164 34 78 52 56 215 75 255 124 174 71 62 128 169 181 99 73 182 220 232 109 185 231 47 66 101 4 254 115 242 102 233 91 60 53 78 37 19 172 108 17 215 214 224 150 213 166 115 56 15 56 90 99 43 55 229 4 146 89 171 196 243 114 185 36 124 103 167 51 143 173 153 239 186 83 57 4 137 44 210 15 82 198 129 103 138 234 80 201 96 15 213 223 20 173 79 160 109 173 69 133 18 235 184 91 39 168 243 212 54 66 45 50 219 107 120 118 37 227 164 108 55 8 144 213 42 189 189 54 240 254 144 201 157 212 72 78 164 223 31 3 170 170 177 199 246 87 74 230 110 99 68 44 70 126 194 165 187 203 35 208 128 108 34 130 31 9 37 97 84 
0.247382 0.835065 0.0107332 -0.42539 -0.462095 0.167943 0.194859 -0.565865 0.405914 0.0986121 -0.308266 -0.321115 0.333613 0.33535 0.524324 -0.76973 0.388297 0.118812 -0.138046 0.569642 0.326948 0.681161 -0.453009 -0.720665 0.49394 -0.442034 -0.276247 -0.18256 -0.444554 0.304165 0.0403536 0.515638 1.09379 0.924909 -0.851504 0.355678 0.15707 -0.122676 -0.370655 0.314026 0.543492 -0.345503 0.12657 -0.0554228 0.253662 0.183126 0.459666 -0.695701 -1.36838 -0.364334 0.0363498 0.456664 0.326324 0.669177 -0.578727 0.683388 0.0258657 0.395292 0.662072 0.438766 -0.580742 -1.15855 -0.454941 0.0186126 -0.763882 -0.143197 -0.719435 -0.00341367 0.270963 -0.915329 0.134244 -0.0609455 0.531374 0.166111 0.571987 -0.470491 0.768044 -0.267612 -0.0812582 0.408035 -0.563553 -0.670971 0.368578 0.000590281 0.87826 -0.218563 0.220751 0.622404 -0.165399 -0.076457 -0.302533 -0.0965044 -0.408642 0.331518 -0.754611 0.717377 0.0440109 -0.610447 0.287108 0.0122964 0.466428 0.445114 0.322596 -0.316159 -0.0126331 -0.670102 0.509791 -0.524215 -0.118752 -0.370388 0.413518 -0.376065 -0.382147 -0.491433 0.298811 -0.334726 0.782328 -0.136137 0.167535 -0.678378 -0.265063 -0.513511 -0.371386 -0.651318 0.355315 0.173434 -0.405582 -0.62814 0.246681 -0.216913 0.790174 0.192304 -0.168461 -0.00822906 -0.378172 -0.256883 0.53452 0.269414 -0.542869 0.161662 0.131882 0.870748 -0.568621 -0.20292 -0.425627 -0.455348 0.0841798 -0.527089 -0.069031 0.159783 0.0963735 0.000105717 0.635746 -0.541601 -0.296671 0.435561 -1.05648 0.648632 -0.255692 0.497765 -0.615874 -0.0658433 -0.734314 0.224036 1.07838 0.0940159 0.306571 -0.115858 -0.0151009 -0.342092 0.117946 0.57323 -0.495517 0.361303 0.362606 -0.1095 0.282054 -0.038852 0.0300136 0.727795 -0.0826343 -0.124571 0.528959 0.207527 0.679045 0.112261 -0.13038 0.182824 0.480786 -0.693852 0.396219 -0.512979 0.225153 0.368234 -0.0282792 0.169235 -0.503232 0.41438 -0.454829 -0.726037 0.716271 0.0245399 -0.380846 1.28958 -0.225511 0.372019 -0.520027 -0.422095 -0.590926 -0.296713 -0.120415 0.406419 0.456052 0.0232312 0.262719 -0.849084 0.518094 0.696501 0.572279 0.0113978 0.524617 -0.680136 0.471829 0.586268 -0.357835 -0.0361964 0.54762 0.52979 -0.130039 -0.12695 0.0779783 -0.255506 0.184861 0.304101 0.429304 0.153683 -0.057857 -0.0278695 
220 17 57 134 114 10 241 78 185 18 101 111 77 174 207 184 198 132 122 29 113 44 78 240 221 61 207 16 132 41 162 53 236 212 30 35 176 206 86 243 227 194 157 1 17 148 58 105 234 101 13 102 207 195 254 232 155 22 184 24 101 149 98 202 117 11 255 245 158 159 218 115 10 214 67 194 105 237 75 12 206 92 188 179 240 247 246 113 248 118 168 21 252 244 235 62 110 138 173 194 172 34 164 0 25 74 143 245 220 7 121 130 112 230 98 66 178 236 61 250 2 45 196 84 101 197 179 196 212 204 57 136 3 143 136 148 18 249 114 8 177 81 92 184 232 227 68 29 47 132 171 49 166 196 89 11 128 154 233 108 238 208 244 5 158 59 185 168 183 150 56 53 99 129 127 111 58 63 235 146 192 140 76 17 125 78 110 61 71 176 161 181 211 248 30 47 91 106 123 128 29 172 101 183 160 249 251 180 215 95 39 248 44 86 86 167 64 128 121 44 50 50 46 233 122 38 107 195 150 12 116 9 241 200 2 26 36 157 
-0.625997 -0.622528 0.213387 0.506059 0.25765 -0.430947 0.221263 0.150027 -0.166475 -0.650204 -0.14282 -0.0720907 -0.0567919 -0.661221 -0.689044 -0.228497 0.411005 -0.0205095 -1.02707 0.161746 0.305827 -0.0396673 -0.245036 -0.71469 -0.215214 -0.0770137 0.240864 -0.524843 -0.316189 -0.241177 -0.146853 0.425795 -0.1396 0.15529 -1.0216 -0.200752 0.634006 0.760211 0.735597 -0.855302 -0.797983 0.558995 -0.431654 0.513738 -0.676545 -0.442787 -0.510127 0.0510844 0.455129 -0.130013 -0.128859 0.288506 -0.116201 0.152159 0.817493 0.353299 -0.37046 1.1548 0.452022 -0.0842586 -0.389718 -0.74601 0.541215 -0.378906 0.609396 -0.26119 -0.232364 0.550134 -0.181445 0.159471 0.11613 0.510738 0.0328651 0.275119 -0.220432 0.00439887 0.0556354 0.347678 -0.233493 -0.275512 -0.220092 -0.502742 0.54959 -0.258276 -0.384951 0.343048 0.22814 0.0952041 0.698463 0.414661 0.250389 0.220998 -0.5129 0.255196 0.216238 -0.0138906 0.772965 -0.133692 0.848808 0.228996 -0.0431054 -0.810895 -0.173008 -0.079133 -0.828512 0.235823 -0.435194 0.430752 -0.677278 0.105634 0.0568443 0.358488 0.53629 0.56525 0.0478672 0.645681 -0.310957 -0.194546 0.261528 0.338919 -0.573291 0.404292 -0.879843 0.188758 0.62889 0.563966 -0.11163 0.23227 -0.072789 0.328682 0.54596 -0.342688 0.0999966 -0.373208 0.23738 -0.356021 -0.487892 -0.299696 0.644736 -0.128162 -0.939319 0.103896 0.109513 0.390866 -0.396018 0.469354 -0.133918 0.809742 0.357922 0.745516 0.35883 -0.551062 0.562125 -0.310694 -0.192422 -0.300125 0.570214 -0.775815 -0.0513321 -0.723442 0.197757 -0.350185 -0.848472 -0.500828 0.0945971 0.524716 0.106418 0.186629 -0.488627 -0.18353 -0.215607 0.614724 -0.52036 0.650863 -0.437571 -0.0663722 -0.351429 -0.0938806 0.361214 0.0514809 -1.1089 -0.458703 0.395812 -0.880986 -0.632774 -0.323011 -0.181958 -0.705006 0.200366 0.412087 0.667353 0.263794 0.330869 -0.0958629 0.00170855 0.474848 0.135353 -0.20661 0.354789 0.221036 0.192899 -0.401931 -0.144893 1.12038 0.0408054 0.520078 0.00468454 -0.203878 0.71202 -0.0419605 0.179703 0.456195 -0.345132 -0.289631 0.702283 0.0479799 -0.523113 -0.141661 -0.758475 -0.222802 0.553214 -0.242312 -0.372284 -0.787756 0.0497371 -0.818578 0.337281 -0.361971 -0.361941 -0.585123 -0.350075 0.183962 -0.310173 -0.190092 -0.590518 0.276533 -0.548848 0.135505 
74 25 4 16 33 60 3 180 43 164 145 166 57 128 42 139 219 24 253 3 178 127 144 153 68 229 90 72 8 147 245 120 88 160 2 147 167 157 203 231 154 75 153 168 37 223 11 5 225 248 202 65 229 115 140 209 47 143 154 91 84 87 45 18 179 215 172 59 124 158 141 18 219 47 177 88 226 185 14 169 71 234 150 207 81 208 78 143 245 175 52 179 216 26 247 78 219 196 249 98 245 79 66 148 95 20 117 148 202 98 225 95 133 119 62 235 88 144 174 184 60 150 50 26 145 160 154 195 142 83 216 84 23 186 197 244 243 45 8 36 91 106 177 175 69 250 5 187 109 133 79 149 182 70 135 83 216 155 82 251 101 228 137 60 108 78 200 184 250 250 71 129 154 185 169 46 88 227 71 74 62 59 79 79 53 119 171 68 97 146 6 157 253 129 106 210 107 57 30 232 32 202 222 171 12 50 14 247 105 68 154 229 129 178 97 254 106 59 184 2 169 170 2 127 153 90 166 196 69 15 108 223 139 83 217 110 5 17 
-0.31137 0.254255 -0.504109 0.320673 -0.557614 -0.938667 0.100027 -0.594313 0.552522 -0.137331 -0.216981 0.259436 0.600374 -0.136527 0.0307522 -0.665392 -0.357194 -0.327456 0.149234 -0.927635 -0.277426 -0.284955 -0.1286 -0.848369 0.0454582 -0.122452 -0.324989 -0.340012 0.863294 -0.695142 -0.213344 -0.826397 0.147807 -0.141988 -0.11516 -0.135988 -0.377024 0.288413 -0.60259 -0.817049 -0.307245 -0.497181 0.996648 0.613185 0.65963 0.693936 -0.49562 0.123345 0.682246 0.769977 -0.183726 -0.311159 -0.241284 -0.648276 -0.196357 0.0723803 -0.469474 -0.706865 0.287817 -0.48843 -0.0927983 0.113071 -0.375432 0.723961 0.531908 -0.125185 -0.521829 0.578673 -0.0476589 0.154356 -0.0305364 -0.144056 -0.249158 -0.183635 0.439865 -0.281221 -0.625273 0.48206 -0.783176 0.310203 0.449634 -0.257199 -0.0479897 -0.530854 0.0999874 -0.447212 -0.458716 0.58649 0.165122 0.871072 0.41489 -0.144043 -0.568153 0.638873 -0.73897 -0.675362 0.665424 -0.139876 -0.160402 0.58613 -0.392206 0.750936 -0.364472 -0.185927 -0.0528441 -0.473502 -1.0257 -0.902481 -0.332948 0.0671032 -0.0315892 0.24507 -0.463859 0.840006 0.110688 0.013223 -0.474335 0.161492 -0.345832 -0.633728 -0.0917479 -0.0857875 -0.181505 0.704187 -0.276955 -0.385597 -0.441547 0.548406 0.585553 0.805007 -0.180463 -0.174128 0.368486 -0.449665 0.0304005 -0.102276 0.141983 -0.86417 -0.567653 0.171683 -0.00301701 -0.435271 -0.159878 -0.0577305 0.252174 -0.171501 0.417685 0.641623 0.326344 0.2098 0.379027 0.258495 0.471986 0.244423 -0.264595 -0.599743 -0.384493 -0.0340858 -0.376857 -0.823458 -0.181566 0.434555 -0.0665403 -0.169637 0.823903 0.132866 -0.154896 -0.0654411 0.190958 0.0233328 0.400389 0.103615 0.203422 0.246976 0.466991 -0.765757 -1.15344 -0.250557 -0.181057 -0.131979 -0.141403 -0.730568 -0.475284 0.134495 0.169663 -0.469572 -0.51672 0.0785277 0.19087 -0.21524 -0.214642 0.273453 -0.403599 -0.196611 0.527229 -0.149737 -0.213201 -0.134818 -0.101516 -0.412007 0.30444 -0.954387 0.494569 -0.447262 -0.378148 0.184911 0.0779506 0.331555 -0.346046 -0.202789 0.130615 0.25169 0.54222 -0.213194 0.329383 -0.147267 -0.784271 -0.287191 -0.881354 0.264337 -0.567635 0.0723195 0.545788 0.172986 0.230882 -0.630526 -0.467041 0.44198 -0.508063 -0.907744 0.0377314 -0.979039 -0.369565 0.0290101 -0.352697 -0.805129 0.143251 -0.618751 
11 203 248 53 39 211 3 98 40 201 252 175 244 136 94 224 169 91 181 73 143 205 4 204 0 155 181 38 19 182 77 3 94 30 238 172 126 207 170 24 247 40 216 100 216 247 82 66 98 91 91 224 193 133 57 224 252 157 55 165 108 206 81 94 247 94 211 24 85 31 31 119 184 92 123 0 229 236 133 221 61 112 207 172 133 38 243 61 235 5 212 53 222 102 247 212 199 3 188 147 247 144 79 13 120 229 203 147 70 200 125 121 84 166 162 132 101 207 29 251 212 117 220 227 172 137 131 180 195 228 82 128 202 173 86 112 46 124 107 155 75 105 124 252 208 167 46 132 71 88 3 118 69 15 170 166 168 13 34 236 78 248 106 123 97 30 207 112 86 72 145 41 178 14 197 66 12 164 80 20 54 227 214 177 101 188 9 65 150 247 229 210 91 99 109 147 149 244 227 90 98 235 215 56 73 167 202 226 46 172 182 18 145 187 24 38 143 234 85 99 115 176 181 232 37 31 196 240 71 203 51 63 47 147 115 241 236 186 
-0.0387688 0.347177 0.0832881 0.433509 0.0936651 -0.777366 -0.486565 -0.414456 0.595271 0.321301 -0.290806 0.662006 -0.13865 -0.792608 0.773013 0.295201 -0.434572 -0.305789 -0.233454 0.070182 0.280836 0.310977 0.522977 -0.209381 0.529402 -0.0671542 0.314169 -0.399651 0.626566 0.657171 -0.654269 -0.379984 0.596909 0.245697 0.514644 -0.125043 0.014821 0.317621 -0.0705581 -0.214115 -0.16651 0.625914 0.151905 -0.0954766 0.725439 -0.174089 0.220811 0.81638 0.428979 0.212245 -0.351384 -0.201948 -0.551417 0.178744 -0.152247 -0.346787 -0.714593 0.304787 -0.344933 -0.441871 -0.237646 0.526418 0.258162 -0.3189 -0.315036 -0.80772 -0.330496 0.143665 -0.407666 -0.140644 -0.036753 -0.049841 0.276422 -0.0777906 -0.49045 0.574061 -0.267715 -0.308167 0.345288 0.0918427 0.0277632 -0.0827815 0.372756 0.294911 0.491158 0.952821 0.630651 0.325221 0.154669 0.574071 0.47949 0.596449 -0.123943 0.698748 -0.435834 0.113981 -0.539924 -1.00127 0.731121 -1.00314 0.508275 0.151894 0.544123 -0.0531065 -0.475531 0.189361 -0.718534 0.470431 -0.685978 -0.156151 0.334494 0.259866 0.480803 0.18588 0.861666 0.175793 0.837583 0.0076668 0.407308 0.0339343 -0.644083 -0.521986 0.224041 -0.476316 -0.375198 1.24268 0.107866 0.566328 -0.228968 -0.412711 -0.290389 0.191332 -0.306015 -0.200971 -0.847598 0.7237 0.761672 0.169687 -0.470991 -0.186043 1.15749 -0.871779 0.883484 -0.730692 0.00181042 -0.209617 -0.0972696 -0.563888 -0.460676 0.760388 -0.0847228 -0.0922568 0.379053 -0.516732 -0.0705933 0.395807 -0.810144 -0.13667 0.554389 -0.496924 0.784258 0.733464 0.551168 0.0284356 -0.838658 0.155745 0.211439 0.253844 0.198509 -0.427133 -0.159262 -0.596964 -0.445946 -0.348253 0.0670652 0.697272 -1.01396 -0.336398 0.87193 -0.487663 -0.0699211 -0.886178 -0.0762281 -0.436988 -0.622397 -0.491148 0.307242 0.261035 -0.319809 -0.139458 0.187541 0.471879 0.0523352 -0.694777 -0.369275 0.214741 -0.227866 -0.362546 -0.0778637 -0.657581 0.613809 0.328554 -0.350183 -0.190009 0.167427 -0.53807 -0.299004 0.892256 0.342746 -0.00930451 0.660711 -0.846378 0.497773 0.338333 -0.0879806 0.145478 -0.0793068 0.297983 0.607568 -0.464938 -0.435275 0.305282 -0.684808 -0.656364 0.248084 0.390398 -0.293213 -0.454596 0.178726 -0.255714 -0.932229 -0.765386 0.115636 -0.0664872 0.684812 -0.44925 -0.0718085 0.0553864 
243 80 28 99 108 70 132 148 106 81 239 88 214 82 77 42 189 101 67 225 85 79 90 184 121 249 16 166 27 88 144 62 255 93 234 229 60 241 246 147 72 99 9 57 86 122 80 150 98 146 25 119 80 226 212 244 213 128 208 95 20 110 147 25 175 213 160 134 181 60 238 34 69 165 78 245 127 146 70 62 156 135 70 81 48 114 196 61 3 20 85 76 74 23 5 204 45 2 231 117 166 22 110 199 205 155 63 233 217 1 20 45 238 36 221 154 136 153 6 110 99 213 133 186 15 95 93 219 247 149 93 26 42 134 224 138 234 228 100 38 192 8 57 5 245 43 134 167 76 96 144 231 19 85 160 147 62 193 48 117 249 205 87 249 201 57 96 208 114 255 239 52 149 17 29 13 110 82 98 123 70 240 5 248 108 204 34 155 186 239 93 218 13 116 238 175 100 250 223 21 86 185 18 183 40 76 192 204 225 45 132 56 15 123 82 72 48 248 75 90 158 39 14 254 96 222 211 81 63 71 128 51 78 194 183 57 178 26 
0.760112 0.593875 -0.151558 -0.65773 0.795301 0.201814 0.42859 0.835548 -0.24844 -0.499756 -0.908926 -0.846215 0.873238 0.181456 0.460001 -0.547277 -0.177994 -0.454505 0.358393 0.69822 -0.0169614 -0.180952 -0.613493 -0.384412 0.632138 0.487183 -0.178234 -0.322101 -0.652467 0.121981 0.351353 -0.130667 -0.414994 -0.729664 0.758349 0.819298 -0.254881 0.570352 0.613291 -0.534026 -0.110126 0.227639 0.310946 -0.236566 0.22271 -0.078159 0.162159 0.00561105 -0.793552 0.0970914 0.287604 -0.514594 -0.918386 -0.526503 -0.434667 0.335917 -0.111604 -0.289222 0.283681 -0.0614889 0.201545 -0.296772 -0.392144 -0.364702 -0.425408 0.464662 -0.708379 0.396777 -0.190675 -0.00292094 0.904905 0.396463 0.0453384 0.00629798 -0.476886 -0.65986 0.15671 -0.382239 0.975647 -0.266472 0.447708 0.568995 0.497058 0.180067 -0.835718 0.103718 0.274571 0.413165 -0.45826 -0.293486 -0.872784 -0.0931173 0.329412 -0.366965 0.218525 0.164321 -0.258363 0.736951 0.12217 -0.0860554 0.388281 0.161031 -0.165744 -0.352274 -0.0522134 0.430634 -0.688175 -0.703089 0.0770814 -0.283355 0.764204 -0.375724 -0.0479553 -0.552219 0.330412 0.485908 -0.0113003 -0.516372 0.192895 -0.737519 0.320304 -0.00280877 -0.0281554 0.0445829 -0.0178831 0.128515 -0.0838113 -0.00308964 0.282743 -0.86531 0.0243957 0.149127 0.432726 0.477586 -0.305365 0.33224 -0.136109 -0.0386819 0.306093 -0.381978 -0.479627 0.48228 0.243989 -0.840508 0.184113 0.0381892 -0.328405 -0.470339 -0.024885 -0.573062 0.397057 -0.208589 -0.445389 -0.180349 0.0308268 -0.153466 0.100063 0.504629 0.0556049 0.416921 0.83578 -0.774622 0.286659 0.306054 -0.0258911 -0.054282 0.649368 0.0224226 0.72723 0.0499183 0.492559 0.340702 -0.457245 -0.0458954 0.582937 -0.755349 0.253143 0.933435 -0.193347 0.487069 0.450265 -0.436545 0.626011 -0.173631 -0.274964 -0.21173 -0.0266291 0.0194968 -0.583546 -0.0947737 -0.264175 0.0230279 0.391101 -0.159842 -0.466017 0.652639 0.422366 0.838023 0.557607 -0.41089 0.129935 -0.335775 -0.392897 0.39329 0.266243 0.325849 0.261706 0.962767 -0.470525 -0.205939 -0.235844 -0.495088 0.625894 -0.51649 -0.58725 -0.355718 -1.01512 -0.26626 0.267961 -0.477066 -0.755981 0.215189 -0.519245 0.229973 0.119855 0.988899 -0.481814 0.62884 0.40692 -0.668034 -0.385814 -0.460093 0.0179751 -0.459343 -0.27261 0.446966 0.726089 -0.611496 
192 17 134 180 131 38 205 77 151 225 213 226 131 175 57 192 73 71 113 70 123 25 135 106 12 239 228 188 172 126 231 13 176 208 76 224 168 212 129 43 73 201 149 18 253 248 233 180 126 58 232 22 247 31 183 58 129 38 216 131 33 68 205 72 9 216 231 209 123 195 229 55 227 71 185 143 52 173 28 73 140 220 148 100 142 30 52 166 72 4 49 10 172 31 103 56 36 53 170 109 3 4 46 167 84 157 191 107 38 240 160 206 120 100 221 243 112 180 241 159 176 2 253 96 75 246 84 99 41 69 3 220 100 28 216 7 49 15 108 30 236 244 156 236 152 204 209 63 118 3 184 141 106 20 252 58 68 172 12 2 164 153 210 239 164 112 116 112 37 19 22 89 226 181 234 15 27 145 71 124 149 152 178 8 240 226 255 134 178 114 168 135 69 202 13 117 78 41 57 191 126 127 88 237 253 218 59 23 11 195 13 240 180 247 198 127 70 114 234 157 19 196 238 229 2 56 188 249 1 101 193 208 203 127 244 56 209 180 
-0.419745 -0.164952 -0.0790382 -0.570497 -0.180999 0.0838174 0.844646 0.41401 0.40771 -0.457202 -0.389357 -0.240942 0.0320351 -0.0769941 -0.362485 -0.826829 -0.125831 0.09124 0.567896 -0.533853 0.198519 -0.429653 -0.488082 0.0910666 -0.497324 -0.141271 0.348755 0.167611 0.397314 -0.0175596 -0.585862 0.0206687 0.414162 0.846646 -0.285876 -0.198514 -0.136266 -0.821513 0.224724 0.131794 -0.800224 0.295426 0.0444686 -0.165796 -0.249127 0.620288 -0.0237303 -0.528919 0.313741 -0.574517 0.0674603 0.606457 -0.404724 -0.388657 0.156963 0.129236 0.166582 0.27018 0.227227 0.127523 0.100202 -0.430931 0.336966 -0.560121 -0.274447 0.435802 0.320837 -0.472866 0.451165 -0.39685 -0.776952 0.335934 0.311951 -0.312465 -0.467672 0.0380593 -0.183221 -0.357701 0.411601 0.387629 0.16986 -0.621806 0.188169 -0.585011 0.995248 -0.0638554 0.574666 0.448794 -0.591056 0.557442 -0.403587 -0.0378431 -0.394502 0.659703 0.602688 0.223386 0.501998 0.400855 -0.770435 -0.358995 -0.425749 -0.0455425 -0.395434 0.420244 0.394575 0.26956 0.374881 0.198036 -0.311563 0.303269 -0.439518 0.544952 0.324389 -0.763357 -0.069659 0.564495 0.202411 -0.0581176 -0.36388 -0.543457 -0.0635933 -0.500505 -1.01217 -0.564102 -0.0321212 -0.12439 0.312804 0.221383 0.393526 -0.589484 -0.132957 1.18362 -0.268536 -1.04421 -0.0974621 -0.133017 -0.501888 0.206661 0.349452 -0.0839169 -0.598841 -0.44074 0.723564 -0.126837 0.0710447 -1.07263 -0.53326 -0.244314 -0.0583467 0.825224 0.30263 0.0754404 -0.498395 0.333422 0.529198 -0.0698078 -0.138781 -0.119579 1.00363 -0.358251 0.548202 0.0342377 -0.181587 -0.172433 -0.0824848 -0.165142 0.411209 -0.558144 0.301068 -0.434467 -0.166823 0.147955 0.161646 -0.639653 -0.606442 -0.448969 0.425692 1.37987 0.77733 -0.233991 -0.284284 -1.16666 -0.341762 0.665333 -0.324167 -0.182288 -0.413537 0.352737 -0.914884 0.0879035 0.505987 -0.555438 -0.716477 0.159522 0.922276 0.484469 -1.0615 -0.434723 -0.215369 -0.438848 0.771412 -0.13687 0.366946 0.22721 -0.482496 0.353959 0.265047 0.0690689 -0.246382 -0.306328 0.0184362 -0.0824114 -0.311221 0.625007 0.634423 0.604315 -0.528838 -0.345952 0.129545 0.523473 0.825762 0.19269 -0.115824 0.958386 -0.146222 -0.717842 0.290407 0.938663 -0.047702 0.208203 -0.191786 0.927664 -0.357269 0.292302 0.522624 -0.169868 0.187349 0.373093 
65 83 147 166 75 223 33 20 135 29 135 197 106 237 206 245 90 19 179 189 243 103 24 212 121 164 61 55 36 34 92 41 249 94 96 5 176 42 83 143 123 19 219 53 87 168 51 11 133 209 45 4 45 168 170 166 79 135 193 165 148 48 35 97 54 98 135 48 122 10 8 47 234 119 229 155 213 232 99 16 96 36 85 144 138 247 165 60 142 228 225 252 15 88 221 179 35 191 62 92 144 1 93 133 132 200 53 155 174 30 3 85 90 23 195 32 108 168 66 190 133 123 188 218 141 210 96 54 226 149 29 167 108 139 109 91 112 159 140 223 113 29 216 135 213 129 117 122 30 68 72 40 3 162 85 14 173 107 133 174 102 68 217 24 225 132 53 6 253 166 89 210 206 253 204 221 150 104 149 191 192 100 150 33 197 245 22 195 247 151 112 19 81 253 53 109 106 56 168 29 99 23 97 68 167 71 192 216 138 237 118 154 198 69 187 191 124 78 145 152 25 186 102 223 206 9 110 2 106 251 174 208 176 165 5 248 158 17 
-0.002871 -0.243262 -0.201741 0.0300799 -0.786213 -0.118061 0.341781 -0.0343531 -0.0670139 0.240577 -0.20308 -0.159516 0.518401 -0.428422 0.457255 0.126004 0.308631 0.466285 0.0503408 -0.359357 0.319594 -0.357908 -0.504348 0.299448 -0.579562 0.535039 0.375629 -0.271406 -0.881272 0.608551 -0.337053 0.940382 -0.132347 0.00708238 -0.354829 0.0729104 -0.370494 -0.422082 0.46522 -0.442733 0.399527 0.114277 0.482062 0.201848 0.602495 -0.141883 0.613924 0.651532 0.229594 -0.593642 -0.922253 -0.461375 -0.785223 0.571706 -0.275522 -0.645521 -0.520644 -0.534899 0.406376 -0.150422 0.00717705 -0.220211 -0.917846 -0.751392 0.268919 -0.1209 0.123003 -0.108584 0.390143 0.161469 -0.234707 0.373542 0.414771 0.0293272 0.49699 0.0118896 0.584672 -0.361223 -0.708486 -0.323695 -0.00946932 0.516805 1.11078 -0.273204 -0.28556 -0.829872 0.12656 0.281682 0.0603262 -0.218138 0.665351 -0.259956 -0.827524 -0.0885883 0.280749 0.391319 -0.918908 1.19436 -0.109727 0.277904 -0.272603 0.134698 0.771564 -0.330073 0.424957 -0.227797 0.636692 -0.0425943 -0.617511 0.128073 0.390007 0.357631 -0.274125 0.276646 0.147854 1.21591 -0.418702 -0.321048 0.0630195 0.648527 -0.0536197 -0.389876 -0.267478 -0.162005 0.0121696 1.05802 0.373545 -0.132275 -0.0318984 -0.0501422 -0.0478018 0.286813 0.678672 -0.465117 0.376887 -0.486336 -0.047261 0.809389 -0.403699 -0.868335 0.0767983 -0.544763 -0.311648 -0.353994 0.636797 -0.124735 -0.0742236 -0.410001 -0.199436 0.393764 -0.0340916 -0.302067 0.539294 -0.172625 0.486856 0.296383 0.351121 0.0208137 -0.724081 0.615327 0.983873 -0.359816 0.27965 -0.668784 0.145006 0.382727 0.712214 0.943034 0.208393 0.43793 0.425385 -0.227424 -0.568908 0.0746846 0.124108 -0.829722 -0.737466 -0.628382 -0.33182 0.773554 0.266495 0.274621 -0.51114 -0.525893 -0.477709 -0.800421 0.127901 0.178868 0.739683 -0.828652 0.293636 0.702656 0.341922 -0.834343 -0.198885 0.513266 0.617268 0.732019 0.716343 -0.629023 -0.474171 -0.371663 0.559271 -0.681297 -0.582328 0.86518 -0.490487 -0.246643 0.665307 -0.225585 0.642766 0.639394 -0.417644 0.528482 0.217314 -0.899613 0.557525 0.624745 0.326978 -0.0871071 0.124259 -0.046308 -0.439973 -0.509023 -0.601206 -0.378671 0.729014 -0.334279 -0.093064 -0.0896901 0.24753 0.00578051 -0.157761 0.206579 -0.763645 -0.255882 -0.472993 0.289869 
110 172 217 161 35 193 204 136 147 88 121 234 147 54 83 158 217 51 190 154 219 233 23 148 74 245 119 220 16 85 180 172 231 81 65 216 216 216 188 158 209 179 191 237 28 237 207 150 26 15 95 229 158 144 77 222 187 198 213 3 125 254 30 190 163 20 140 51 32 229 82 139 109 179 151 157 177 98 81 156 254 218 237 9 115 182 250 13 178 38 15 43 68 174 252 131 56 228 208 16 142 120 86 154 164 99 135 83 234 169 7 106 190 85 237 133 92 158 110 144 168 0 225 33 62 245 10 6 207 235 110 31 101 143 190 211 238 105 48 159 244 52 58 254 89 210 123 217 165 37 90 223 130 31 41 182 123 113 77 219 29 219 12 136 95 237 130 231 217 205 225 146 175 252 176 67 144 209 254 114 168 156 133 206 35 208 72 119 160 168 231 206 188 17 176 86 27 40 209 67 162 58 244 51 223 174 187 150 197 81 90 167 249 52 3 21 254 120 87 126 206 200 34 211 185 218 204 57 243 181 252 236 220 122 29 58 250 65 
0.170673 0.268997 0.542988 0.871807 -0.294936 0.664222 0.35793 -0.438913 -0.294211 -0.793781 0.554179 0.21722 -0.839514 -0.0497479 -0.88719 -0.00882353 0.605581 -0.147336 -0.132997 0.882798 0.338172 -0.11776 0.986873 -0.253521 0.0277803 -0.474578 -0.559618 -0.223533 0.00772927 0.809339 -0.254775 0.265609 0.19428 0.668372 -0.632818 -0.596558 -0.525726 -0.179125 0.0120071 -0.456389 0.679364 0.223429 -0.110938 -0.363713 -0.23497 -0.816239 0.38827 0.860217 -0.927228 -0.40534 0.685824 0.293357 -0.586927 -0.586191 0.546562 -0.243748 -0.385334 -0.156588 -0.399726 -0.273414 -0.530697 -0.536842 -0.1619 -0.433329 0.155127 0.201339 -0.188096 0.313687 0.271591 -0.475471 -0.65802 0.564996 0.0952079 -1.0059 -0.124817 0.0537313 0.891694 -0.207726 0.488597 -1.00834 0.939864 -0.582828 -0.386365 0.282248 0.34693 0.355738 0.263587 -1.07891 -0.79691 0.824676 -0.160832 0.722182 -0.429053 -0.0163934 0.274989 0.298797 0.179637 -0.0985391 -0.28912 -0.192956 0.389586 -0.162661 -0.970604 0.391142 -0.0736668 0.426028 0.359861 -0.543058 0.681665 0.0492381 -0.877397 -0.429829 0.698168 -0.0812985 -0.345437 -0.0305235 -0.38101 -0.00870045 0.0963327 -0.646934 0.133453 0.434529 0.242576 0.265647 0.87546 -0.553519 -0.126358 0.821664 0.411661 -0.980043 -0.434914 0.790117 0.828674 -0.439216 -0.0367741 0.864854 0.741377 0.241513 -0.661208 -0.524442 0.0498143 -0.010289 -0.208802 -0.597825 -0.597411 -0.421719 1.26607 0.177561 0.0552455 0.229225 -0.627339 0.421735 -0.173694 0.490914 -0.0372113 0.391674 0.275388 0.319487 -0.987764 0.401711 0.577349 0.0358594 -0.235462 0.207434 -0.259297 -0.846471 -0.241628 0.088496 0.173047 -0.493599 -0.687172 0.295122 0.00265019 0.420789 0.695037 0.229883 0.151314 0.0355414 -0.607088 -0.133859 0.139041 -0.502086 0.240387 -0.310907 0.398421 -0.350034 0.654221 -0.242323 0.202025 -0.476006 -0.523786 0.545389 -0.795894 0.298308 -0.589556 0.552866 0.0237417 -0.344578 0.826719 -0.236106 -0.222773 -0.407827 0.158325 -0.408154 0.300877 0.384256 0.784952 0.139779 0.351643 0.476331 0.612308 -0.0867066 0.667295 -0.0481179 0.0694621 0.0402334 0.280413 -0.00172286 -0.0644464 0.439836 0.417984 -0.218959 0.492427 0.204802 -0.597646 -0.277809 -0.324266 -0.668022 0.134656 -0.414516 -0.427185 -0.890753 1.06621 -0.135705 0.0367757 -0.0517883 0.441232 -0.722635 
124 185 9 72 201 87 72 216 44 125 107 244 189 214 4 178 49 166 64 69 17 108 97 133 33 228 9 118 149 141 96 100 5 150 208 210 184 13 122 94 225 36 156 100 250 2 35 64 215 191 116 48 43 6 249 25 87 7 110 234 43 148 238 251 203 73 128 177 75 23 226 83 78 136 238 21 25 143 53 226 127 240 107 208 191 228 194 89 159 115 125 149 24 195 30 127 217 237 152 92 0 158 47 241 20 220 119 123 130 52 177 125 73 199 229 68 177 71 171 11 253 12 190 22 42 61 183 142 162 104 167 27 91 64 165 244 110 178 78 230 79 125 145 224 178 227 83 26 125 193 0 28 230 219 44 63 83 4 36 11 83 228 151 200 0 89 105 159 234 23 231 81 38 16 17 88 249 113 177 190 114 50 73 246 55 223 66 71 26 132 174 14 192 31 252 213 36 74 54 225 148 74 83 126 161 90 187 0 111 7 129 250 191 209 204 90 125 220 213 77 56 0 189 133 216 221 206 215 228 114 36 53 160 163 162 165 28 233 
-0.682917 -0.60386 0.852462 0.419555 0.89584 0.312165 0.247139 -0.760291 1.07026 -0.00748798 -0.339384 0.662335 0.0390811 -0.361899 -0.599809 0.222924 1.06873 -0.96831 -0.19839 0.092055 -0.151683 -0.601562 -0.100166 -0.14079 -0.679992 -0.326454 0.021348 0.330879 -0.317856 -0.229667 -0.0772551 -0.714212 0.0113194 -0.201737 -0.0895582 0.403298 -0.260641 0.0667166 0.128022 0.626392 0.632298 0.277211 0.0137941 0.224083 0.547899 -0.429381 0.514255 -0.292908 -0.242662 -0.485673 -0.295453 0.277002 -0.305033 -0.530582 1.02581 -0.490768 0.211377 -0.642784 -0.474398 0.098664 0.560937 -0.218093 0.216582 0.173429 -0.367361 -0.548218 0.257524 0.18303 -0.716467 0.675465 -0.259403 0.178073 0.132047 -0.309785 0.480527 0.760591 0.165202 0.462131 -0.283313 -0.572843 0.359199 0.339413 0.257514 0.275242 -0.384683 0.859935 0.11143 -0.236247 -0.0850475 -0.664652 0.0722686 -0.0669264 0.189863 0.507238 0.298206 0.305711 0.107101 0.239907 0.343618 0.521687 -0.125902 0.663803 -0.342215 0.189328 -0.561193 0.275143 0.39627 0.134188 0.166969 -0.373832 0.32809 0.0470797 -0.369586 -0.165689 0.38629 -0.885887 -0.750131 -0.17934 -0.570095 -0.715836 -0.325029 0.555693 -0.564235 -0.891178 0.0633639 0.426904 -0.403484 0.579737 -0.327767 -0.358389 -0.241533 -0.211393 0.58921 -0.255377 -0.866242 -0.637243 -0.426533 0.421586 0.330462 0.69045 0.246093 -0.0153829 -0.638849 0.274128 -0.444849 -0.154312 -0.512287 -0.358727 -0.0488147 0.0578616 0.395283 -0.240538 0.295743 -0.131339 -0.0445057 -0.321698 -0.627015 -0.0558604 0.123728 0.203075 0.26581 -0.507304 -0.262717 0.107032 0.391267 -0.437028 -0.50862 -0.793142 -0.432067 -0.089667 0.0593423 0.640888 -0.834247 0.0921174 0.0683451 -0.795746 0.780503 -0.0931237 -0.335015 -0.531538 -0.511439 0.294855 0.0303046 -0.550606 0.237481 -0.297991 0.636426 -0.670816 -0.695421 -0.473396 -0.354098 0.104238 0.0733144 -0.241426 -0.219991 -0.367585 0.300395 0.550442 -0.0489062 -0.22332 -0.195297 -0.175317 0.323283 -0.26089 -0.468955 0.327 0.120877 0.402536 0.089838 0.113118 -0.093328 0.542166 -0.603363 -0.547538 -0.250099 -0.0136532 -0.765071 -0.57725 0.0912796 -0.527031 0.282725 0.304895 -0.112639 -0.411431 0.502131 -0.597894 0.318029 -0.542647 0.437089 -0.296549 -0.413049 0.523047 0.499927 0.136866 0.209575 0.171742 -0.486056 -0.146292 
51 58 51 2 207 240 219 211 7 31 170 229 128 250 41 123 29 97 120 185 253 173 93 13 81 80 101 254 205 241 116 114 78 70 33 157 128 82 228 210 184 29 27 248 179 110 100 143 194 166 12 88 161 100 222 154 160 56 196 12 141 210 27 96 125 6 252 104 231 171 137 107 229 54 48 13 105 136 19 205 239 24 67 154 137 203 148 237 49 159 248 182 104 147 152 212 14 138 104 10 38 241 221 126 14 197 113 26 73 60 63 133 200 72 70 249 99 189 63 134 140 239 39 214 18 106 208 71 77 147 113 161 144 168 212 132 195 137 193 156 255 31 228 19 65 108 208 113 198 234 35 207 209 215 94 185 159 26 197 210 119 56 152 131 6 253 152 23 240 40 160 137 6 8 172 85 166 183 176 168 140 217 93 16 186 171 126 9 21 32 183 30 224 87 98 24 163 182 232 89 16 215 39 157 220 17 47 12 181 99 33 140 74 27 191 143 2 84 125 142 157 217 118 180 93 221 125 208 255 1 191 9 13 81 158 111 81 184 
0.518248 0.609851 -0.643392 -0.0585244 0.546832 0.3855 -0.677817 -0.415648 -0.614699 0.339724 -0.468541 0.216055 -0.148935 0.272643 -0.230483 -0.275274 0.0993817 0.620912 -0.428978 -0.234301 0.405905 0.0113655 -0.542527 0.129859 0.164054 0.023386 -0.144117 0.00182152 -0.382765 -0.81137 -0.456797 -0.632535 0.0440599 0.743627 0.538804 1.10113 -0.648996 -0.3113 0.902566 0.0537415 -0.523183 -0.133166 -0.126679 0.207447 -0.0431036 -0.118582 -0.0167623 0.731428 0.737305 0.677819 -0.753968 0.798409 0.253176 -0.311277 0.434572 0.239707 0.489434 0.889844 0.135598 -0.0106779 0.525455 -0.210189 1.03039 0.0541131 0.486662 0.688323 0.54159 -0.320006 -0.188248 -0.471866 -0.51306 0.213275 -0.0662672 0.10991 0.497987 0.760115 0.160469 -0.720675 -0.713794 -0.392158 -0.467405 0.743933 0.0775307 0.393234 -0.140163 0.132212 -0.076805 -0.31224 0.103559 -0.363243 0.188445 -1.06351 -0.458483 0.302252 0.437385 0.355875 -0.544092 -0.0911737 -0.085282 -0.305652 -0.49081 -0.238764 -0.527947 0.223888 -0.0203192 0.191348 0.0110294 0.358365 1.17566 0.476574 0.78293 0.165226 0.621536 -0.461239 -0.0544453 0.10457 -0.101196 0.267199 -0.507924 -0.996539 -0.094742 0.692145 -0.54184 0.404427 0.283283 0.322945 0.341345 0.17047 -0.0413004 -0.852485 0.498089 0.511371 0.942276 -0.587634 -0.092956 -0.327258 0.417064 -0.631295 -0.313091 -0.665878 -0.211216 0.192261 0.23013 -0.352121 -0.681648 -0.324256 0.263934 0.361107 0.563732 0.474629 0.46754 -0.436402 0.278555 -0.460221 -0.311901 -0.416965 0.168334 0.197167 -0.302939 0.117726 0.560495 -0.101056 0.832209 0.79616 0.38334 0.601412 0.286884 0.550955 0.361783 -0.370809 0.309724 0.654957 -0.292537 0.054307 -0.505751 0.111983 0.0772685 -0.33981 0.0635335 0.79454 0.609576 0.194679 0.123869 -0.631819 0.698411 -0.555519 0.408305 0.570417 0.229991 -0.163358 -0.292038 -0.541587 -0.027593 -0.524859 -0.160931 -0.499023 1.08681 -0.207193 0.703376 -0.323235 -0.770153 -0.156413 -0.225655 -0.627713 0.667951 -0.44804 -0.223559 -0.763775 0.310927 -0.150078 0.098852 -0.124582 -0.713298 0.593021 0.970359 -0.53512 -0.0600055 0.421795 0.317299 0.11766 0.411428 0.159318 0.881849 0.265377 0.0162174 -0.925363 0.120879 0.117486 -0.243912 -0.380844 0.164897 0.610362 0.210073 -0.114947 -0.466478 -0.950401 0.7437 0.4076 
84 82 198 147 150 212 139 241 167 227 11 170 238 138 111 216 37 191 126 164 41 49 227 84 131 177 160 31 139 137 197 175 159 37 81 7 135 114 65 247 16 94 192 146 66 59 85 199 239 54 7 117 162 219 38 161 65 103 140 140 197 43 246 98 192 215 243 123 164 21 162 184 158 55 245 187 134 222 110 167 27 2 40 150 32 184 203 48 224 68 240 173 249 33 111 187 129 73 129 192 218 57 212 174 22 9 46 41 179 77 158 50 109 42 59 170 122 151 165 80 46 190 76 250 178 236 131 74 19 182 137 243 191 234 77 195 66 4 241 1 59 138 196 122 211 92 79 182 7 240 15 186 77 17 200 8 44 128 8 157 7 158 47 100 20 127 0 33 4 56 59 202 158 2 60 140 203 12 175 201 117 77 49 134 233 236 14 237 189 77 99 224 116 16 167 7 219 237 170 67 49 202 26 45 244 79 231 212 219 199 144 67 17 250 73 140 193 240 252 218 136 31 18 101 175 238 180 242 89 91 144 139 148 10 183 127 134 247 
-0.848413 -0.402749 0.318968 -0.228543 0.334985 -0.580796 0.46437 -0.0107882 0.128958 0.931681 -0.316244 -0.101515 0.660901 -0.176355 -0.165389 -0.137931 0.147306 0.20032 0.626772 -0.403202 0.0286895 -0.0745069 -0.0937494 0.3019 0.215362 0.763257 -0.519959 -0.835822 0.331252 -0.0522378 -0.572253 0.731775 -0.852978 0.172572 0.801651 -0.409658 0.568343 -0.267023 -0.378057 0.991707 -0.17671 -0.675219 0.682378 -0.594349 0.415338 -0.352345 0.432007 0.399121 0.730019 0.454138 -0.00490878 -0.151128 -0.358911 -0.0737947 -0.373102 0.613393 -0.361401 0.181688 0.175348 -0.285866 0.337368 -0.117397 0.199555 0.371945 0.549911 0.44827 0.197865 -0.310515 -0.272016 0.711433 -0.109458 0.391205 0.959803 0.605896 0.0170406 -0.489908 -0.368412 0.607751 -0.589577 0.487286 0.511221 0.018486 -0.653757 0.0745032 0.120759 -0.583465 -0.133052 -0.793016 -0.456347 0.124766 -0.524398 0.0442367 -0.336063 0.608316 -0.217135 0.723783 0.0689517 0.773634 0.46042 0.483786 -0.0133671 0.186858 -0.0567967 0.552563 -0.564543 0.291436 -0.535158 0.0443265 0.202033 -0.358926 -0.130066 0.706055 0.546076 0.824642 0.259454 0.284639 -0.0957782 0.17876 0.128828 -0.656077 -0.00796853 -0.151336 -0.817024 0.17902 0.907342 -0.0985951 0.378531 0.181998 0.649188 -0.177182 0.438612 -0.269126 -0.0849587 0.0591641 -0.295096 0.0124773 0.422068 0.256286 0.200929 -0.102047 0.906374 0.376625 -0.0515809 0.856803 -0.743282 0.230327 0.732993 0.591278 0.260945 0.248771 0.539373 -0.334243 -0.272677 0.0850805 0.726048 -0.277696 0.0233301 0.492484 -0.504968 0.331682 0.397646 -0.923548 -0.590661 0.77569 -0.190603 0.230105 -0.378066 -0.218699 1.16478 -0.369356 -0.371151 -0.701298 0.0992392 -0.204965 0.00860607 0.454718 0.0461047 -0.0332007 0.521522 -0.53581 -0.653933 0.346522 0.295384 0.305089 -0.638308 -0.46338 0.597346 -0.399348 -0.094644 -0.520046 0.419514 -0.372335 0.277746 0.262519 0.0184753 -0.305289 -0.243031 -0.16935 -0.69865 0.22128 0.16533 0.176124 -0.713969 -1.04354 0.0181196 0.398826 -0.810548 0.518036 -0.698194 -0.256431 0.055405 -0.253279 -0.552482 0.360503 0.0161692 0.16025 0.600622 0.494946 0.230296 0.330433 0.344572 -0.262513 -0.272759 -0.395942 0.168545 0.233574 0.0178795 0.894552 -0.273182 -0.348235 -0.331205 0.0744851 0.285079 -0.00583518 -0.327706 0.146005 -0.546182 -0.45686 
215 104 2 236 247 21 183 124 204 99 162 213 109 74 175 218 244 210 23 216 28 127 88 92 220 75 154 109 191 213 85 243 40 81 212 113 124 117 51 65 128 80 14 251 37 109 195 73 249 240 141 148 67 117 223 225 13 23 124 217 225 107 227 65 158 248 40 181 82 170 160 4 121 122 178 37 40 227 225 74 41 5 5 90 149 208 245 225 94 142 162 159 150 59 46 158 140 244 208 23 39 138 70 17 156 150 129 0 188 153 59 138 227 37 9 129 238 187 107 111 223 112 66 20 165 189 52 178 74 157 126 149 139 223 192 91 36 7 149 0 10 194 196 72 129 241 151 54 195 63 207 227 6 155 117 228 97 132 92 84 29 148 60 172 200 82 141 65 42 84 221 58 39 84 227 220 185 128 47 161 201 146 147 124 94 156 174 203 84 97 34 47 242 85 210 216 126 117 176 124 196 246 143 37 59 223 146 176 139 153 94 244 244 124 225 69 155 236 4 176 184 198 6 224 149 80 188 151 5 254 49 120 104 46 215 67 179 220 
-0.425518 0.686069 0.211353 -0.806646 -0.271029 0.311182 0.223556 0.353561 -0.0121692 -0.0720908 -0.503312 0.615819 -0.751721 0.30027 0.465841 -0.594898 0.0722098 0.253353 -0.655073 -0.413211 -0.571422 -0.806435 -0.703539 0.0225307 -0.637412 -0.566253 -0.0502634 0.146209 0.0464453 0.688025 0.114543 0.0640012 0.595061 0.41283 0.378448 -0.185099 0.428118 0.268193 1.00978 0.606346 0.213981 -0.453116 0.512384 -0.0640607 0.287189 -0.227999 -0.452504 -0.334869 0.463946 -0.0178443 0.13098 -0.0495979 0.287137 0.511543 -0.239782 0.650469 -0.00801374 -0.309422 0.425256 -0.710649 0.513092 0.464253 0.847599 -0.2107 -0.881337 -0.899141 -0.353034 -0.516801 -0.221918 0.0635631 0.200915 0.358953 0.246894 0.447133 -0.952968 -0.3737 -0.439295 0.890175 0.186383 -0.132965 -0.047884 0.668256 -0.114096 -0.0684697 0.300264 0.295735 -0.19908 0.668245 0.229015 -0.199158 0.568274 -0.529029 0.469284 -0.654116 0.291314 0.797312 -0.118324 -0.63031 0.331063 0.203412 -0.482642 0.299947 -0.191688 -0.267035 -0.380902 0.361212 -0.17193 0.148455 -0.311483 -0.414671 0.333638 -0.422279 0.579042 0.738267 0.111968 -0.158502 -0.147518 -0.288251 -0.235103 -0.185478 -0.081839 0.1778 -0.6373 -0.295905 0.147219 -0.583706 -0.168098 0.596621 -0.527102 -0.401735 0.433608 -0.39401 0.42318 -0.0613349 0.272933 0.70025 -0.515275 0.546895 -0.532539 -0.031617 0.252882 0.136784 0.368378 0.51662 0.437136 0.708677 0.546793 0.279721 0.518908 -0.258158 -0.694662 -0.572077 -0.428216 -0.22403 -0.729023 0.590654 0.738753 -0.702488 0.228657 0.330075 -0.156032 -0.0652751 0.161137 0.46543 0.27734 -0.2181 -0.630103 -0.674898 1.08083 0.400182 0.240649 0.713948 0.489764 0.141122 0.422558 -0.188364 -0.380864 -0.246595 -0.338911 0.661551 0.248941 0.0156026 0.335601 0.12561 -0.214538 -0.349532 0.762182 -0.11991 0.783798 0.139329 0.894193 -1.08946 -0.137035 -0.871263 0.310564 0.5343 0.312573 0.545969 1.22863 0.279712 0.330864 0.180202 -0.0439478 0.254717 -0.755617 -0.516101 0.746641 0.0376333 -0.344409 0.614948 -0.280775 -0.13562 0.179065 -0.40838 -0.609262 0.5465 0.43612 -0.326053 0.104476 0.479755 -0.235946 0.406038 0.563638 0.10316 0.0433798 0.457166 0.360927 0.99212 0.227643 -0.00541033 -0.139024 0.295157 0.357322 -0.620376 0.391926 -0.468017 0.682249 -0.30679 
170 27 43 44 40 19 80 119 74 140 186 14 221 131 180 7 247 75 9 25 232 196 94 119 239 209 13 33 200 108 133 9 81 115 80 178 54 149 80 44 151 31 129 244 56 5 62 75 213 63 87 168 87 113 5 136 77 43 160 148 238 31 147 70 39 162 92 0 29 208 23 83 67 157 242 2 117 214 218 14 6 136 108 76 161 241 91 231 232 176 229 57 159 10 147 169 195 74 207 83 149 71 184 123 216 166 151 227 193 197 63 252 102 101 61 181 80 83 3 175 165 251 210 84 223 172 126 112 19 76 156 104 37 144 94 247 7 155 85 173 136 132 84 172 205 154 175 0 237 95 162 168 43 8 229 191 83 62 4 25 173 238 74 107 138 115 161 246 151 212 152 159 104 69 0 49 79 212 54 190 210 68 97 172 175 187 73 204 159 178 107 176 197 156 3 171 180 59 66 14 220 62 151 14 141 129 5 192 191 122 192 1 40 17 40 149 246 175 86 115 224 101 14 248 99 30 173 2 0 96 139 5 4 213 91 163 203 12 
-0.041512 0.508909 -0.0512709 0.112624 -0.542261 0.317579 -0.22005 0.338769 0.66976 0.597623 0.0781605 0.233133 0.575209 0.11693 0.0860124 -0.0866753 0.445766 0.0312374 -0.0977834 0.546761 -0.50015 0.59406 -0.232742 0.0641046 -0.626863 -0.673232 0.418597 0.262765 -0.592416 0.333297 -0.250896 -0.244277 -0.441025 -0.537905 -0.682992 0.226203 0.00110801 0.825909 -0.454878 -0.414286 0.0749973 0.0521338 -0.766441 -0.208483 0.249721 0.262021 -0.720619 -0.649454 -0.5117 -0.238826 -0.470532 -0.871478 0.734272 -0.0588191 0.576666 -0.491266 0.637818 0.0606367 0.884332 -0.327979 0.591654 0.849497 0.481672 -0.276891 -0.503735 0.439455 -0.707139 0.784168 -0.631727 -0.1065 0.322852 -0.418644 0.198685 -0.824974 0.0172757 0.645414 0.198687 -1.09944 -0.400344 0.424904 -0.61806 0.1584 -0.812323 -0.0965711 0.397789 0.423458 0.0518231 0.275598 0.117031 0.117956 0.0845538 0.492036 -0.764021 -0.828568 -0.382064 -0.172213 0.569609 -0.297802 0.604905 0.737443 0.347243 -0.606652 0.627343 0.406649 0.0481879 0.259087 -0.424336 -0.0610668 -0.759857 -0.270883 -0.412632 0.844307 0.249515 -1.09793 0.23758 -0.243701 0.218483 0.674494 -0.401967 0.388804 0.637193 0.563274 0.485562 -0.221118 -0.473715 -0.704594 -0.416709 -0.215171 0.399067 0.00241249 -0.316444 0.197554 0.542767 0.580837 0.847031 0.572691 0.0122692 0.531955 -0.463914 0.316293 -0.505656 -0.102305 0.13236 -0.404695 -0.082004 0.0743471 -0.598197 0.768495 -0.61244 -0.496365 -0.363996 -0.103113 0.619805 0.153747 -0.399142 0.340161 0.370813 -0.381597 -0.0450294 -0.427592 -0.456111 -0.0169347 -0.118331 0.75703 -0.93962 0.259056 1.11632 0.408527 -0.583859 -0.537604 0.949735 0.121486 0.392741 -0.537913 -0.0587952 0.730684 -0.233187 -0.142348 0.3724 0.326045 0.165734 -0.611267 0.300808 -0.512755 0.0656098 0.620975 0.561424 0.416413 0.630862 0.422536 0.208784 -0.889342 0.271901 0.631293 0.457339 0.203683 -0.50623 -0.294327 0.673163 0.162904 0.342875 -0.474427 -0.230777 -0.360913 -0.0407311 -0.552903 -0.0102536 0.76028 1.00155 0.0241606 0.191665 0.760785 -0.0582657 -0.327185 -0.728843 -0.0804865 0.323927 -0.351412 -0.280747 -0.0250816 -0.739848 0.894152 -0.123731 -0.129023 -0.489661 -0.134919 -0.0155101 -0.149766 -0.607122 -0.410055 -0.265398 0.613248 -0.327737 0.270385 0.614859 0.315252 -0.604234 0.350271 
14 121 189 124 207 212 170 159 100 232 48 32 165 14 155 144 92 67 236 162 79 39 99 162 154 167 9 90 27 182 72 86 204 42 104 27 46 104 129 57 18 238 145 141 215 251 223 48 158 91 231 245 204 103 7 88 25 32 123 129 191 234 249 165 34 110 120 132 217 102 49 29 202 54 181 175 186 119 51 172 211 49 234 47 71 77 213 177 208 62 205 213 118 174 146 146 147 187 82 209 221 231 67 230 124 230 221 171 61 43 139 5 150 41 146 94 48 241 54 246 126 235 104 72 12 167 135 230 233 187 238 126 177 75 165 78 202 98 192 171 176 237 24 49 107 40 133 168 90 231 101 42 189 235 145 84 232 1 127 209 49 135 225 84 236 154 76 201 30 247 218 190 109 129 108 79 16 165 225 69 104 190 108 240 159 160 46 231 24 104 194 35 94 226 131 224 152 167 161 37 245 114 134 140 109 182 61 95 57 112 148 160 254 26 64 120 235 7 195 219 48 226 22 88 124 241 75 155 228 93 249 72 199 18 231 215 192 120 
-0.682159 0.0845089 0.147303 0.336579 -0.841253 -0.333228 -0.598646 0.40832 0.669269 -0.0949291 -0.892135 0.62399 0.307713 0.374024 -0.0901498 -0.388256 0.298571 -0.150156 0.546211 0.326775 0.201641 0.511128 -0.446103 -0.0848578 -0.461852 -0.454392 0.20796 0.320764 0.434571 0.623011 0.383082 -0.23003 0.226185 0.15811 0.476513 0.530672 -0.168351 -0.8936 0.476134 -0.302134 0.0749114 -0.0418991 -0.0701595 -0.504003 -0.239397 -0.92742 1.08442 -0.316053 0.0717613 0.0269768 -0.567147 0.650824 -0.302978 0.439265 -0.532774 0.41307 0.952212 0.723024 0.282873 0.613331 0.134696 -0.383952 -0.514248 0.517468 -0.322773 -0.526786 0.778427 -0.161311 0.113048 0.511203 0.220349 -0.131644 -0.28173 -0.314105 -0.590719 0.319305 -0.340855 0.828453 0.26694 0.271795 -0.513839 -0.586507 -0.353009 -0.298609 0.344219 0.869023 0.184404 -0.57326 0.156473 -0.518071 -0.297665 -0.216881 -0.362071 0.719454 -0.159651 -0.729396 -0.1686 -0.637249 0.386634 -0.183211 -0.25201 0.108266 -0.414512 0.626791 -0.749648 -0.352544 0.514761 0.924359 -0.485971 -0.414085 -0.796123 -0.416669 0.436684 0.631277 -0.425092 0.597357 0.0445059 -0.362921 -0.272341 0.677473 -0.203791 -0.291179 -1.0115 -0.30868 -0.06824 -0.815665 0.45285 0.145106 -0.206871 -0.239391 0.109819 0.0147168 0.635794 0.026151 0.651748 -0.696284 0.216082 -0.264136 -0.219699 -0.00549345 -0.843409 -0.645518 0.615467 -0.500959 -0.515013 -0.789115 0.0705634 0.652109 -0.143149 0.864838 0.515266 0.4318 -0.309836 0.462498 -0.0911947 -0.238853 -0.190788 0.41682 -0.781238 0.200633 0.246926 -0.274988 0.377559 0.474507 -0.263908 -0.652005 0.736737 -0.178335 0.559501 0.0645376 0.17889 0.0760961 -0.623312 -0.0555649 -0.494522 0.0506443 0.263717 0.455012 -0.0339071 0.0672601 -0.0201513 0.357252 0.523738 -0.445358 -0.0606538 0.357958 -0.0555793 -0.440514 -0.223975 0.442156 -0.213594 1.0395 -0.679848 0.2415 -0.330337 0.628044 0.787092 -0.553723 -0.281065 0.191389 0.659729 0.531486 0.67092 0.252892 -0.158547 0.572393 0.0751498 0.478073 0.0456077 -0.355408 -0.801605 -0.266404 -0.360658 -0.133486 -0.606563 -0.289733 -0.631951 0.19014 -0.614537 0.237411 0.364126 0.0225609 0.865065 -0.381541 0.843681 0.381162 -0.668913 0.551094 0.19772 -0.711312 -0.513999 -0.122269 -0.244133 0.403526 0.430202 -0.470683 0.281796 0.0318552 
40 144 80 166 134 168 103 56 13 221 2 134 207 237 109 223 22 212 13 53 165 13 187 234 59 11 225 210 167 212 77 131 115 229 12 56 27 32 178 153 116 132 79 61 151 30 239 197 151 136 169 241 202 72 209 122 36 206 131 198 141 55 130 59 72 130 213 0 29 68 103 252 224 196 185 85 176 122 207 231 214 126 158 7 30 118 90 251 9 72 93 39 2 131 250 146 188 46 44 113 117 68 250 98 154 83 60 188 29 70 205 147 12 184 185 102 214 9 102 168 202 114 203 89 117 166 172 95 94 195 73 112 38 97 52 36 173 53 168 181 77 30 123 118 75 107 35 207 238 53 204 89 240 249 69 207 212 109 138 88 206 72 200 208 181 221 75 52 239 189 96 223 126 68 172 214 40 242 196 46 43 51 136 170 83 219 52 22 211 124 61 15 130 72 11 20 250 32 51 7 154 171 230 181 0 126 49 18 225 45 166 78 123 6 139 62 232 111 150 27 22 180 237 208 89 48 63 24 243 84 214 81 172 1 86 85 207 146 
-0.245181 -0.220189 -0.935199 -0.194088 -0.0872318 0.209024 -0.417478 -0.000511783 0.0593345 -0.394972 -0.573091 -0.371759 0.0997166 -0.318178 -0.483695 0.329474 -0.35625 -0.763421 -0.599734 -0.222328 0.266529 -1.07803 0.456835 -0.507335 -0.506672 0.00173704 0.395004 -0.391947 -0.565525 0.344683 -0.483577 0.673459 -0.652574 0.32435 0.199211 -0.135547 -0.576947 -0.116345 -0.3221 0.616074 -0.0852653 -0.78687 -0.447771 0.604292 -0.736325 -0.102028 -0.11689 0.618001 0.62891 0.307973 0.0273995 -0.493726 -1.05473 0.0808827 0.120631 -0.65826 -0.655448 -0.396915 -0.49234 0.165064 0.504595 0.3474 -1.27838 -0.0109867 0.0697128 -0.454207 0.279305 0.0475897 -0.649541 -0.0111905 -0.0679149 -0.211391 0.943404 -0.0337639 0.282714 0.535175 0.660542 -0.386589 0.149051 0.183476 -0.309678 0.0126022 -0.392018 -0.0903267 -0.084052 -0.393709 0.257106 -0.822444 0.112728 0.102172 0.439828 -0.413113 0.191605 -0.78959 -0.0858404 0.152501 0.494203 0.0765932 0.209524 0.408835 -0.618981 -0.882757 0.830186 0.283049 0.116276 -0.0886525 0.22539 0.172417 -0.762423 0.460473 0.623057 0.489994 -0.296141 -0.484911 0.445689 0.445634 0.061313 0.173449 0.0105714 -0.729046 0.301611 0.546066 0.183112 0.101304 -0.278432 -0.257184 0.674994 0.893875 -0.0278262 0.0420115 -0.229163 -0.194122 0.232373 -0.0202839 -0.326837 -0.405195 -0.440296 -0.51038 0.742548 -0.477412 0.508911 -0.560249 0.332639 0.652908 -0.324734 -0.690603 0.275365 0.314629 -0.468398 -0.245996 -0.407716 -0.341179 0.233954 0.132438 0.137339 -0.538977 0.382256 0.413941 -0.763391 -0.413763 0.486746 0.405339 0.771501 -0.130363 -0.0373453 -0.259217 -0.540175 0.157135 0.00308973 -0.433222 0.497003 0.0379387 0.14574 0.570945 -0.203427 -0.764907 0.440097 0.60599 -0.228475 -0.028623 0.0726952 0.291226 -0.402104 0.314259 0.564532 0.725793 -0.287188 0.440145 -0.182804 -0.157006 0.651665 0.97285 0.23883 0.0581086 -0.388659 0.0522932 0.0862572 0.41659 -0.180181 -0.545934 0.0748684 0.359574 -0.707204 0.451231 -0.11523 -0.565565 -0.593317 -0.658783 0.150185 -0.762661 -0.186049 -0.0756138 -0.216313 0.57712 0.558563 0.376868 -0.343901 0.0658951 -0.0509425 -0.434838 0.0969317 -0.52845 -0.158607 0.708696 0.430257 0.282062 0.349887 -0.255409 -0.385207 0.0229285 -0.317637 0.756461 0.399415 -0.273075 -0.0346228 -0.444157 0.466531 -0.127196 
138 136 50 248 16 62 195 108 208 27 240 109 209 19 0 99 210 57 38 193 133 62 181 253 205 115 71 204 126 186 228 107 28 133 178 119 215 42 157 3 37 76 80 164 204 25 35 66 76 131 138 20 27 121 79 116 228 90 82 108 149 233 90 138 94 142 127 18 215 154 122 130 6 218 119 85 192 183 102 152 255 105 154 85 38 57 70 225 122 109 8 103 203 100 158 188 152 172 129 48 211 80 229 192 235 71 221 47 71 144 68 134 34 185 193 39 234 107 56 233 35 42 145 35 244 225 172 194 179 233 72 196 52 9 99 221 12 236 135 52 198 230 128 70 233 104 237 19 70 182 209 111 53 134 240 34 122 129 6 218 146 164 213 249 218 183 246 129 252 15 40 145 87 215 46 243 82 29 221 42 160 134 170 184 36 25 100 139 41 238 192 138 70 233 233 70 176 111 225 14 133 223 18 135 130 23 24 206 175 250 180 97 185 170 132 38 251 148 212 10 149 45 34 158 175 90 199 102 56 81 2 115 91 95 253 6 226 231 
-0.17392 0.912954 -0.497931 0.704605 -0.127664 -0.211904 -0.923829 0.669799 0.214145 -0.213911 -0.462026 0.466952 -0.569223 -0.205184 0.216209 0.405507 -0.441798 0.812854 -0.630369 -0.386046 0.421219 0.465995 -0.664735 -0.715792 -0.0365708 -0.0152298 -0.0416779 0.448255 0.0337007 0.261971 0.236024 0.242508 -0.225725 0.0048245 -1.03276 -0.526633 0.106024 -0.163277 -0.409338 -0.268109 -0.0205873 0.539543 0.425665 0.111058 0.117626 0.32793 -0.641461 -0.429737 0.395301 0.842254 -0.0523229 -0.689071 -0.0693503 -0.161983 0.254169 0.845789 -0.160656 -0.24533 -0.195818 0.465795 0.017529 0.382588 0.329671 -0.616866 -0.248565 -1.20769 -0.885782 -0.0891562 -0.307083 -0.546025 0.0692688 -0.155962 0.201783 0.0444737 -0.0873912 0.256551 0.169237 -0.222818 -0.0142244 -0.161315 -0.0446229 -0.197914 -0.0436024 -0.0938722 0.170467 0.275045 0.505276 0.486414 1.05741 -0.502089 0.264519 0.609968 0.0243564 0.641768 0.513262 -0.241329 -0.201042 -0.358186 -1.00421 -0.59526 0.565332 -0.26511 0.469146 0.340109 0.576746 0.931372 -0.126543 -0.286028 0.295383 -0.548105 -0.645507 -0.415696 -0.27227 -0.647022 -0.329865 -0.023921 -0.578666 -0.174626 -0.560696 -0.213561 0.794259 0.0645545 -0.911084 -0.448969 -0.401077 0.110032 0.408634 -0.553349 -0.610271 0.00110701 -0.485697 -0.541541 0.0669494 -0.0594762 -0.0536137 0.693796 0.765158 -0.158196 -0.282373 0.264317 0.570385 0.202934 -0.0727519 -0.0948922 0.0551991 0.726942 0.201528 0.129641 -0.486589 0.887343 -0.301389 -0.363643 0.391777 -0.325659 -0.819093 0.0708228 -0.168954 -0.369609 0.250039 -0.0306117 0.0998488 -0.421782 0.301955 -0.513791 -0.361276 -1.09292 -0.410649 0.625373 0.417627 0.791059 0.1503 0.0957991 0.346324 0.604933 -0.431206 -1.01057 0.635051 -0.78595 0.264115 -0.810351 0.483892 0.509333 -0.310006 -0.222616 0.235079 0.444884 0.456382 0.540186 1.21876 0.486277 0.0746545 0.859271 1.01456 -0.203338 0.783503 0.0472769 0.375297 -0.353115 -0.0169824 0.538522 0.167278 0.6841 -0.291409 -0.919864 0.0992778 -0.0591374 0.452031 -0.161849 0.35523 0.0101593 0.588698 -0.468571 0.0477608 -0.301526 -0.18078 -0.93269 -0.190511 -0.618042 -0.000165092 0.174721 -0.492858 -0.436335 0.744414 0.222163 -0.412736 0.163885 0.467762 0.587245 0.517501 0.154967 0.225067 -1.04364 -0.502595 0.2457 -1.00082 0.492824 0.782892 0.579923 
92 68 139 117 112 2 213 241 19 21 143 182 233 59 238 213 85 142 88 241 93 97 23 223 103 141 243 52 143 217 62 6 64 53 81 28 10 23 162 156 162 238 158 94 33 100 248 78 247 33 215 145 33 28 69 53 219 245 54 226 169 49 150 63 53 55 222 95 90 124 217 101 208 232 169 61 92 177 127 63 194 113 7 111 254 216 209 144 188 90 70 100 156 123 115 255 27 233 226 207 93 85 94 133 60 242 193 155 63 136 205 37 197 176 250 96 107 133 95 195 154 128 22 182 113 238 251 18 85 174 55 23 241 235 96 191 82 244 252 154 172 215 252 171 112 192 57 58 141 101 115 247 140 43 142 50 201 218 239 5 117 1 217 186 36 111 62 73 235 137 124 33 238 18 117 161 205 2 130 45 183 39 249 150 128 74 1 41 250 108 13 174 40 169 173 244 141 47 20 247 226 158 59 121 52 182 182 179 137 232 9 217 219 39 148 82 208 95 49 139 150 123 73 179 0 167 174 207 72 146 212 224 18 182 239 219 96 136 
-1.35386 -0.0848382 -0.305898 -0.0639021 0.523553 0.114081 0.693132 -0.115146 -0.284271 -0.743877 0.474657 -0.509736 -0.555423 -0.639971 0.073369 -0.485065 0.147162 0.241562 0.0288556 0.311099 0.095896 0.0296837 -0.78626 0.228199 0.56342 -0.66978 0.470222 -0.240837 0.984419 0.0100953 0.351748 -0.659826 -0.560599 -0.816776 0.0286403 -0.163273 0.788507 0.316339 0.490871 -0.0941767 -0.701599 0.309706 -0.460509 -0.460086 -0.384702 -0.165627 0.218224 -0.197523 0.567761 -0.719233 0.226848 -0.355138 0.471291 -0.968902 0.482235 0.190561 0.374104 0.0932433 -0.2603 -0.536764 0.151915 0.414819 0.733318 1.24263 0.464615 0.11489 -0.427298 -0.492851 0.65257 -0.840503 -0.542035 -0.369231 0.376491 -0.532001 0.572934 -0.0949023 0.231194 -0.43758 -0.873531 0.0926252 -0.0342609 0.161252 0.116553 0.521771 -0.766305 -0.242367 -0.503283 -0.165499 -0.557075 0.323937 0.111424 -0.273814 0.0442615 0.298678 -0.665864 0.203866 0.255146 -0.655376 -0.884902 1.00047 -0.133473 -0.018916 0.331771 0.345125 0.50046 0.430911 -0.00217124 0.643933 0.902976 0.11608 -0.0924961 -0.00470558 0.0262576 0.63493 0.144167 -0.162317 -0.128674 0.427805 0.63024 0.49 0.153968 -0.007669 0.0983419 -0.330044 -0.289304 -0.22962 0.442787 0.475363 0.395808 -0.520223 0.473345 -0.0228842 0.735832 0.138308 0.456639 -0.624336 -0.0595818 0.255244 0.375407 0.188328 0.0792532 -0.407282 0.0236003 0.565873 0.0427393 -0.141893 -0.571183 0.230244 0.524071 -0.0323566 0.411558 -0.25906 0.256307 -0.449546 -0.481223 -0.71132 0.687045 0.750656 0.395437 0.479611 0.0648694 -0.707766 -0.010923 0.414937 0.168918 -0.63425 0.250968 -0.851386 0.532571 -0.353837 0.353847 -0.688383 -0.303799 0.372746 0.0824599 -0.473257 0.252592 -0.0739712 0.168483 -0.546445 0.100655 -0.532021 -0.51387 -0.373961 -0.229609 0.183987 0.675608 0.355927 0.320805 -0.30892 0.135332 0.314971 0.32089 0.190591 1.04059 -0.65403 -0.392611 0.366099 0.407761 -0.568821 0.383529 0.0619026 0.622224 0.114903 -0.28774 -0.161488 -0.31686 0.298843 -0.0962556 0.0316096 -0.639152 -0.412099 0.542225 0.0227142 0.155966 0.507192 0.358912 -0.499958 0.758686 0.0674649 0.296076 0.0128374 -0.271035 -0.406071 0.550041 0.81337 0.649817 0.361804 -0.17409 -0.369291 -0.576789 0.423634 0.455723 -0.198011 -0.481127 0.0248755 0.113549 -0.562313 
223 233 248 178 223 90 156 216 38 39 61 44 63 241 35 103 241 165 201 13 129 143 233 116 232 112 71 194 44 236 247 94 213 110 46 73 212 98 231 228 219 137 128 112 255 0 137 121 35 114 85 124 208 62 158 95 10 73 25 63 145 178 61 163 73 167 41 130 253 108 227 16 119 3 239 21 133 233 221 201 173 53 167 212 190 173 17 38 145 192 164 140 118 195 253 195 58 246 145 148 163 45 151 119 212 68 10 179 68 145 227 5 155 119 100 250 46 81 140 116 241 31 22 247 227 4 183 248 28 11 136 254 155 137 101 214 40 191 247 228 39 108 53 148 59 51 15 194 117 109 63 226 31 128 26 9 124 190 242 95 120 226 193 244 54 1 12 252 16 13 248 195 41 42 10 141 177 142 11 249 202 29 234 228 69 184 227 94 140 198 179 176 160 214 121 235 55 49 145 93 227 246 59 92 167 200 69 52 116 248 96 54 224 184 64 189 114 65 68 211 194 138 97 153 216 144 1 121 56 216 233 229 39 129 35 142 208 35 
0.521902 0.504245 -0.0947957 0.169339 0.226873 -0.56069 0.405911 -0.0139885 0.139406 -0.525282 -0.499259 0.316345 -0.230431 0.548402 -0.0676253 0.951529 -0.41341 -0.435265 -0.265086 0.948542 0.25789 0.31919 0.240462 0.842762 -0.790249 0.757652 -0.290339 0.255033 0.254006 0.650836 -0.175419 0.583421 0.277822 0.471176 0.262255 0.10528 0.733099 -0.239551 0.341648 0.358542 -0.517291 -0.11047 -0.112755 0.631775 0.334153 -0.206256 0.639421 -0.0575238 -0.0571178 -0.165275 0.829993 0.13017 0.195719 -0.328122 -1.01258 0.17397 -0.345292 -0.303723 -1.04799 0.288101 -0.071351 0.361906 0.196962 0.388493 -0.438091 0.457451 -0.0119317 -0.302096 -0.190207 0.122108 -0.303086 -0.5187 0.227431 0.00981027 0.854592 -0.619058 -0.388432 0.95272 -0.0799107 -0.376443 0.0799064 -0.345782 0.152042 0.218733 0.407608 0.438461 -0.131434 0.260155 -0.446408 -0.287559 0.681252 0.520658 -0.44022 0.0796723 -0.156649 -0.11806 0.843019 0.309524 0.464231 0.0539808 0.0798109 0.641055 -0.627207 -0.0939262 0.719933 -0.0978893 -0.918389 -0.101275 0.272266 0.53278 0.753017 0.532564 -0.015228 0.670503 0.0473975 -0.897959 -0.032058 0.347305 -0.0871075 -0.325171 0.395672 0.665101 0.16087 -0.464785 -0.233218 0.0542816 0.233499 -0.239312 -0.0320591 0.0881015 -0.635728 -0.730558 0.358829 0.51687 0.455545 0.519233 0.14988 -0.261997 0.0319251 -0.112831 0.370422 0.354112 -0.5066 -0.124944 0.566051 -1.16039 -0.737005 0.329186 -0.318573 -0.273908 0.360313 0.204438 0.192536 -0.153648 0.103055 0.668009 -0.706985 -0.104617 -0.700544 -0.927883 0.690115 -0.153325 -0.84511 -0.856121 -0.194994 -0.545492 -0.369422 0.415687 0.155363 -0.0338088 0.648912 0.432157 -0.59109 -0.450476 -0.477745 0.633588 0.326229 -0.306474 -0.940427 0.638791 -0.43135 0.309693 0.564405 0.375245 -0.152674 -0.648545 0.352328 -0.368768 -0.0698302 0.368715 0.593334 -0.306708 -0.21304 -0.84477 -0.0622677 0.53879 0.00618215 1.02244 0.640037 0.401871 -0.528695 0.0187489 -0.394014 -0.208886 0.0662849 0.040217 0.413918 -0.875774 0.241043 0.0786782 0.150432 -0.436202 -0.709594 0.0178593 -0.395594 -0.441518 -0.492105 0.575778 -0.375592 -0.153337 -0.875183 -0.479094 -0.174554 1.04257 -0.851882 -0.469167 0.538641 0.469316 -0.159513 0.258774 -0.448631 -0.615173 -0.985464 -0.306761 0.995212 0.657001 -0.306357 0.667342 
251 73 156 104 130 55 126 236 241 96 79 110 30 230 92 26 64 175 80 80 119 38 123 255 100 60 108 128 232 6 84 8 126 136 236 159 37 20 76 214 77 134 200 111 166 55 74 204 139 252 104 128 135 72 119 242 133 132 210 190 149 193 25 116 6 201 80 160 193 216 68 45 60 88 124 18 13 67 176 108 44 237 73 195 85 225 239 110 151 85 73 13 97 176 199 29 243 178 97 219 18 81 212 132 162 207 25 216 4 102 31 135 179 24 226 246 122 6 206 211 9 133 245 21 207 48 25 74 168 14 104 125 59 114 176 44 26 104 231 173 158 167 10 247 31 12 103 44 127 29 90 143 8 177 148 95 238 16 131 92 115 214 185 35 234 12 244 20 146 193 137 200 52 16 88 115 129 178 186 155 214 71 198 33 112 78 223 64 128 56 4 34 125 93 62 177 23 114 14 18 11 115 34 53 203 170 232 130 8 172 88 24 17 95 42 189 101 77 25 197 96 76 137 123 182 61 48 151 194 132 19 184 63 205 190 71 223 103 
0.248338 0.391386 -0.651834 -0.141911 0.00714223 0.834458 0.238348 0.712188 0.743546 -0.222028 -0.0783284 0.591879 -0.292426 -0.353882 0.54285 -0.290196 -0.643827 -0.0781248 0.507702 0.877108 0.685981 -0.577811 -0.209557 0.392456 -1.2101 0.445358 -0.18807 0.603288 -0.48158 0.634401 0.822375 -0.563569 -0.420991 0.281053 -0.365846 -0.25087 -0.0473251 0.260372 -0.698653 0.851043 0.0843062 0.636801 0.175818 0.233145 0.799523 -0.184786 0.264735 -0.735724 -0.489843 -0.0463487 0.496379 0.397947 0.445151 0.257446 -0.164554 -0.79201 -0.255401 -0.356459 0.430692 -0.0816334 0.349075 -0.0749687 0.0514402 0.594039 0.684781 -1.00257 -0.363857 -0.298063 0.444672 0.0660653 -0.38659 0.398623 -0.370657 0.180235 -0.789098 -0.480875 0.0770765 -0.248787 0.601 -0.629354 0.360769 0.642428 0.300917 0.296112 -0.063354 -0.302369 -0.101823 -0.338988 -0.524669 0.811954 0.00738388 0.0730485 -0.766894 0.794648 0.46022 -0.297766 0.0250582 1.07276 0.28121 0.407927 0.0401078 -0.240592 -0.471243 -0.0223931 -0.0296817 0.203874 -0.0553942 -0.126647 -0.140765 0.482638 0.0326558 -0.191622 -1.05271 -0.568402 0.192885 0.141033 0.815146 -0.554322 0.620338 0.152081 -0.495841 1.00096 -0.321347 0.230207 0.199166 -0.597655 -0.267819 -0.231924 -0.114775 -0.204933 -0.346166 -1.0624 0.0848806 0.0096016 0.0358361 0.143669 0.121931 0.875817 0.385138 0.387709 -0.0633922 0.674603 -0.500181 0.273651 -0.106738 -0.126124 -0.540517 -0.557687 0.322016 -0.873641 0.22999 0.328794 -0.326639 -0.745896 -0.0374879 -0.668666 0.527119 -0.0446514 0.646319 -0.306653 0.111575 0.950528 0.433603 -0.574776 -0.12481 0.39128 0.418865 -0.502266 -0.359183 -0.0951035 0.838704 -0.564096 -0.52543 -0.380051 -0.566816 0.116842 0.439292 0.700326 -0.286717 0.782714 0.168031 0.843482 0.699736 -0.0229256 0.150153 0.453466 0.319355 0.115192 0.907231 0.784954 0.298169 0.595506 -0.76029 -0.482461 0.344334 -0.430912 -0.776993 0.0253068 0.815211 -0.303232 -0.700471 -0.696963 0.123378 -0.139882 0.451375 0.371118 -0.392492 0.0343494 -0.157397 0.118434 0.208195 0.499654 -0.282982 0.164933 -0.280845 -0.344693 -0.457766 -0.00316501 -0.39419 -0.46266 -0.200501 -0.923735 -0.569948 0.960548 -0.0548816 -0.307316 0.0520252 0.0602201 -0.549434 0.0683678 0.822663 0.664033 -0.25127 0.307461 0.527741 -0.435151 -0.682813 -0.0559695 
89 118 112 231 228 153 201 204 136 45 97 219 40 46 179 70 40 199 114 92 136 109 226 197 134 236 105 235 73 220 51 113 35 108 97 214 152 225 111 58 177 172 71 235 142 217 67 16 197 0 194 162 189 241 10 200 66 118 21 98 143 217 233 182 190 40 112 209 100 2 0 142 65 66 62 241 1 139 159 187 120 32 59 36 226 38 205 132 40 174 50 253 83 214 3 62 31 86 195 219 185 167 56 69 186 29 146 151 246 166 211 244 14 121 179 166 13 135 64 60 140 107 187 1 13 171 160 73 8 201 86 44 197 43 223 152 194 99 35 137 35 25 255 7 32 221 73 126 113 21 174 163 27 219 209 197 165 71 4 135 253 41 209 15 103 237 125 96 128 226 148 20 14 103 161 41 105 96 120 143 110 212 3 200 67 122 133 20 181 60 0 194 123 102 199 16 16 121 192 24 181 138 7 154 101 61 44 232 213 249 164 123 3 250 81 253 174 120 248 237 75 54 176 116 194 127 140 244 73 81 74 46 117 82 171 215 199 170 
0.0640952 -0.0609097 -0.244603 0.169878 0.145918 0.274157 0.192284 -0.230672 -0.187918 0.357414 0.0928904 -0.447889 0.411454 0.571294 0.161564 -0.788117 -0.723685 0.0180238 0.559924 -0.504221 0.00242448 -0.650031 0.302776 -0.666606 0.365902 0.30794 0.381219 -0.338168 -0.696385 0.184719 0.770311 0.386064 -0.648256 -0.724691 0.210999 -0.616502 -0.558228 0.45093 -0.0358839 0.227567 0.758983 0.00791098 -0.303442 0.12399 0.472499 -0.473253 -0.405948 0.593336 0.576815 -0.00461472 -0.557447 -0.0497676 0.210105 -0.0587888 0.0185052 -0.198682 -0.409019 -0.0374014 0.339522 0.550063 -0.361477 -0.365832 0.474517 0.320788 0.0750226 -0.383196 -0.474513 0.186328 -0.28068 -0.417843 -0.372665 -0.197781 0.294422 -0.224626 0.0608806 0.271655 -0.430928 0.238998 -0.545205 -0.560874 0.731091 -0.703259 -0.971441 -0.108269 0.262486 0.219857 0.788749 -0.364834 0.341268 0.48727 0.202114 -0.163972 -0.0420422 0.540215 0.7063 0.477563 -0.616567 0.102933 -0.674776 0.087019 -0.390579 0.575001 -0.607015 -0.651421 -0.567633 0.386081 0.584501 0.486181 -0.390944 0.858023 -0.451122 -0.81184 -0.106833 0.453024 -0.348599 -0.226534 0.553063 0.23962 0.112555 0.142221 -0.127567 0.216735 0.567667 -0.706427 -0.252083 -0.677388 0.755398 -0.15835 0.154227 -0.521164 -0.396822 0.588916 0.171584 0.522885 -0.57141 -0.760853 0.528249 0.0227863 0.739248 0.0679648 -0.480547 -1.10362 0.264937 0.420721 -0.230822 0.235327 -0.304996 0.485583 -0.0683168 0.47053 1.28794 -0.399277 -0.409867 -0.47531 -0.0901671 1.48265 0.23846 -0.140011 0.0676692 0.00311975 0.065632 -0.842836 -0.196344 0.180025 -0.128141 -0.134468 -0.0631618 0.845985 0.158542 -0.733277 0.425766 0.437527 0.135678 -0.137639 0.0186283 -0.237446 -0.52116 0.400342 0.133229 -0.088551 -0.213581 0.472574 0.63622 0.693735 0.327151 -0.111493 0.327252 0.0176117 0.152605 0.0595562 -0.40687 0.375839 -0.126754 0.46004 0.182071 -0.14446 -0.412451 -0.793237 -0.159615 0.0869461 -0.974094 -0.64729 0.348974 0.295133 -0.673982 0.360932 0.35796 0.69275 0.199566 -1.13996 0.290786 -0.045069 -0.0563317 0.651227 0.422815 -0.108451 0.514488 0.678 -0.568941 0.660865 -0.196705 0.372147 0.249097 -0.0322538 0.416694 -0.30235 -0.561747 0.142967 -0.456601 -0.241991 0.0787672 -0.575576 -0.378371 -0.82122 0.527275 0.546363 0.221761 -0.158209 
45 168 55 225 52 135 16 197 87 220 53 215 97 138 61 4 124 149 28 217 33 223 13 192 145 252 44 122 88 41 35 123 43 213 5 237 170 87 117 100 15 74 44 196 158 97 141 160 144 105 175 77 126 131 254 223 246 87 57 199 52 128 163 192 100 56 163 157 82 215 159 182 79 17 223 69 38 33 210 0 15 107 132 145 234 252 57 1 4 123 165 9 240 5 120 4 37 136 164 142 163 92 6 193 21 18 183 129 102 66 216 239 229 238 153 25 156 112 65 232 235 143 229 166 47 253 71 140 55 58 23 173 185 65 141 105 102 36 25 204 231 253 189 229 61 49 253 1 165 132 58 67 88 177 15 226 226 137 187 102 69 28 187 161 101 103 153 8 238 42 191 90 2 118 102 23 204 201 71 97 234 85 29 104 117 51 234 41 136 147 122 114 242 56 199 74 193 249 34 154 222 115 181 73 221 65 244 129 153 173 5 226 246 243 209 193 5 57 61 89 107 73 10 208 170 23 78 198 27 6 221 208 182 113 224 64 154 34 
0.359074 -0.374747 0.248347 0.545526 -0.599698 0.421737 -0.0611195 -0.100217 -0.0765274 -0.396646 -0.85542 0.122361 -0.84449 0.471249 -0.707051 0.374599 1.06893 1.0152 -0.163128 -0.126303 0.164891 0.0044153 -0.811884 -0.0333066 0.0259142 -0.282977 -0.778233 -0.506941 -0.609877 0.485268 0.585498 0.359363 -0.686194 -0.146225 0.378849 -0.369013 0.181245 0.354394 -0.932319 0.0373857 0.469076 0.468397 0.663408 -0.421057 -0.462597 -0.178576 -0.0781005 -0.190284 -0.79558 -0.796422 0.0735486 -0.137459 0.482848 -0.776942 -0.0263758 -0.486025 0.38846 0.292871 0.252021 -0.457568 -0.0986464 -0.660818 0.064189 0.850849 0.367028 0.105409 0.683234 -0.781865 0.0560333 -0.261445 0.660178 -0.109429 -0.491533 0.414791 -0.0998626 -0.0965214 0.41283 -0.330258 0.507271 0.388186 0.640907 -0.0646157 0.469656 -0.797085 0.625076 0.44075 -0.290528 -0.353334 0.035592 0.781731 0.582621 -0.590377 0.352862 -0.567534 0.526464 -0.029911 -0.205603 -0.126583 0.220905 -0.152033 -0.569212 0.517563 -0.698919 -0.388955 -0.708682 0.228735 -0.436392 0.719686 -0.284971 -0.692152 -0.640133 0.392544 0.409296 -0.548699 0.287942 0.398123 0.592532 0.21744 -0.165203 -0.0299123 -0.582413 -0.127286 0.472173 -0.440978 -0.488127 -0.694288 -0.264331 -0.432375 -0.161347 -0.152069 0.37504 0.240681 -0.369634 0.878961 0.195299 -0.520819 0.388907 0.0267487 -0.212703 -0.743516 0.758751 -0.453783 -0.351331 -0.0200757 -0.655985 0.424871 -0.090765 0.15524 0.95724 -0.765415 -0.258968 -0.833406 0.141529 -0.588174 -0.58997 0.264682 0.307395 -0.537165 0.00438226 -0.138743 0.0511093 -0.185465 0.0625827 0.531087 -0.0530376 0.213724 -0.326433 -0.446856 0.648556 0.474619 0.187202 1.01472 0.285793 -0.496065 0.405127 0.145393 0.536221 -0.297609 0.419981 0.00791129 0.0142206 -0.368931 -0.259877 -0.463021 -0.747633 -0.638419 -0.0486197 -0.360531 0.189525 -0.0722741 0.408335 0.0477078 0.0291454 -0.571287 -0.325489 -0.556972 -0.431285 -0.77233 -0.350805 0.560328 -0.637862 -0.308828 0.538727 0.753231 0.720782 0.0782552 0.23168 0.460332 -0.465446 0.0269907 0.411069 0.137301 -0.302427 0.102672 -0.524623 -0.0302047 0.462786 0.0812664 -0.644404 -0.140769 0.0986558 0.448833 -0.335724 -0.562978 -0.892035 -0.0204502 -0.220723 0.65608 0.340934 -0.897692 0.753146 -0.62556 1.00037 -0.0451841 -0.938889 0.398862 -0.203897 0.3142 
247 108 54 70 120 223 39 222 249 50 218 183 118 245 141 205 179 9 180 160 151 163 7 255 71 242 81 135 13 129 62 199 166 229 187 254 74 5 183 250 234 72 139 0 216 186 146 46 151 224 143 194 159 130 198 69 202 219 211 46 188 221 189 85 133 64 196 246 205 72 70 61 117 3 138 198 224 48 172 32 194 67 123 19 103 28 9 200 253 205 120 126 34 31 47 225 114 101 97 162 188 198 192 185 25 191 2 120 148 96 249 67 63 252 249 59 129 3 36 83 173 136 66 201 74 210 23 122 98 213 133 65 75 217 84 237 26 44 221 140 79 156 142 127 240 30 164 151 160 175 107 91 75 219 8 246 29 153 122 117 184 91 91 50 112 53 135 209 154 101 86 170 224 220 63 115 160 188 167 44 3 154 90 31 75 20 156 37 201 207 34 190 136 16 161 1 33 161 32 124 179 121 166 130 20 185 92 95 94 191 129 18 18 23 35 144 142 246 15 215 107 6 165 211 24 151 160 79 27 47 11 142 85 224 86 171 49 46 
0.905811 0.402169 0.841223 -0.514213 0.38413 0.057206 0.114322 0.752549 -0.270966 0.0248992 0.0735535 0.125098 -0.407895 0.768696 0.108399 -0.429731 -0.16559 -0.0373892 0.919291 -0.284313 0.908308 0.420403 -0.251461 -0.921259 -0.287238 0.623238 0.252573 0.481128 -0.915244 -0.535309 -0.160469 -0.0410313 -0.910217 -0.298585 -0.553912 0.191067 0.996991 0.567709 0.406573 -0.431175 0.664241 0.566514 0.489667 0.571128 0.531393 0.253888 0.69846 0.535998 0.480787 0.500431 -0.0559926 -0.668219 -0.737285 0.587574 -0.471893 -0.95214 -0.576821 0.36687 0.893378 0.85436 -0.248484 0.22446 0.21162 0.417864 0.5032 -0.506783 -0.0614349 0.40335 -0.0280207 0.346341 0.305394 0.138582 -0.185953 0.248112 -0.737631 -0.126728 0.338174 0.572063 -0.379951 -0.522235 -0.923653 -0.0431512 -0.673205 0.508934 0.829876 -0.341774 0.0997399 0.710482 0.556538 0.321248 0.399587 -0.662407 0.226903 0.290949 -0.373847 0.332529 -0.644871 0.286354 -0.447854 -0.637536 0.422932 0.136172 0.705706 0.0910336 0.0973658 -0.769796 -0.185883 -0.407518 0.183926 0.258388 0.266524 0.0169906 0.596816 -1.05893 0.529902 0.434906 -0.930977 0.858619 -0.948233 -0.214536 0.168022 -0.273308 0.255664 0.0647126 -0.19277 -0.995787 0.61253 0.771104 0.343765 0.1464 -0.585699 -0.807643 0.748194 -0.380805 -0.0672756 0.0705189 0.0762994 -0.327477 -0.161125 0.426728 -0.38979 -0.266101 -0.152702 -0.767462 -0.639056 -0.52595 0.317444 -0.0843453 -0.0661383 0.172862 -0.371248 0.736803 0.0794836 -0.23402 -0.407474 -0.225213 -0.763682 0.638788 -0.0244567 0.361957 0.646765 0.775198 0.763564 -0.325631 -0.239038 -0.460168 -0.186847 1.11036 0.497588 0.747246 -0.626565 -0.000790371 -0.259724 0.332616 -0.562723 0.72101 0.798545 0.45687 0.489181 -0.541804 -0.512099 -0.20686 -0.500107 -0.602884 0.0848863 0.36328 0.0836802 0.682631 0.394382 0.368932 0.58991 0.579244 0.487635 0.138818 0.417782 0.0527771 -0.120653 -0.667122 0.782047 -0.585725 -0.333427 0.16029 -0.327788 -0.343276 0.777725 0.180032 0.161561 0.718281 0.453658 -0.598324 -0.108753 -0.365906 0.599201 -0.482828 0.0985643 -1.074 0.364559 0.42177 0.612906 -0.707113 -0.0918861 0.0814446 -0.114439 0.737437 0.845524 -0.128026 -0.105673 0.514082 -0.26584 -0.287749 -0.831503 -0.36291 0.0224164 -0.703162 -0.363159 -0.4874 -0.266606 -0.117999 
120 40 100 180 135 195 85 80 126 238 135 155 184 61 149 75 225 101 220 212 124 99 141 136 177 184 152 90 68 216 35 205 219 84 28 82 59 88 128 94 138 237 59 80 92 141 95 29 112 43 3 79 14 212 8 22 235 13 134 159 110 195 216 57 200 243 0 7 18 159 250 13 153 129 53 37 44 30 132 203 122 31 177 143 115 50 205 66 59 243 183 80 105 147 56 242 193 91 61 94 187 206 78 31 13 11 54 56 148 147 6 17 130 113 233 204 72 63 194 74 215 82 20 201 138 158 48 232 197 156 119 123 141 252 171 188 117 168 108 56 126 90 245 236 210 186 152 82 60 201 240 31 216 122 36 239 218 163 229 184 69 156 107 65 250 147 231 10 37 173 44 12 67 65 9 79 98 82 100 28 197 145 112 224 217 91 54 65 18 114 207 201 186 54 178 137 197 25 128 153 68 172 143 32 249 141 239 102 198 0 251 159 113 177 234 101 112 180 41 73 13 196 151 69 70 240 136 99 207 53 110 135 93 87 58 106 38 73 
-0.308869 -0.360519 -0.525871 -0.144291 0.805089 0.574218 0.340487 -0.826288 -0.413848 -0.279939 -0.110402 0.482982 -0.823026 0.509621 -0.629683 -0.856611 -0.364942 0.0742877 0.641154 -0.432164 -0.298885 -0.253988 -0.109947 -0.613474 -0.161449 -0.3289 0.63879 -0.349153 0.664564 0.526335 -0.0537058 0.000426502 0.630257 -0.0385053 0.50231 -0.391382 -0.240247 -0.916158 -0.629154 -0.134967 0.689111 0.060327 -0.234905 0.0677985 -0.593769 0.0227892 0.916568 0.0969247 -0.167129 0.310019 0.682094 0.0794509 0.103847 -0.0821235 0.445533 -1.14449 -0.319495 -0.793459 -0.240027 -0.788954 0.818638 -0.371926 0.188999 -1.18578 -0.477621 0.173457 0.284731 0.70996 0.510513 0.359507 0.172111 -0.0345828 -0.375705 0.510581 0.211714 0.00775065 -0.0953696 0.1532 0.776501 0.0518115 -0.349186 0.688351 0.0288315 -0.350773 -0.211164 -0.799111 0.0343132 0.427141 0.633379 0.283498 -0.107915 0.301391 0.517259 -0.582998 -0.474626 0.0622976 -0.604262 -0.200085 0.0695409 -0.0294307 0.245829 -0.187429 -0.496064 0.0542047 0.192938 -0.226959 0.657844 0.295935 0.375339 0.253259 -0.714854 -0.419218 0.61478 -0.177018 0.150185 -0.0851201 0.188195 -0.302452 -0.353087 -0.100968 0.0634704 0.54191 -0.499927 0.148181 -0.693527 -0.467704 0.620846 -0.154305 0.582939 -0.134156 -0.670028 -0.609419 -0.39353 0.752196 0.353518 0.172069 0.345523 -0.496071 0.318838 -0.590718 -0.515095 0.404347 0.10437 -0.458141 -0.594679 -0.279773 0.156527 0.52209 0.244608 0.0176628 0.489507 0.505933 0.243476 -0.469415 0.374185 -0.707031 0.328202 -0.138142 0.233908 0.50935 -0.509891 -0.358697 0.0653898 0.508937 0.37094 -0.0134175 0.334373 -0.0376317 -0.166955 0.0447794 -0.171131 -0.0163397 0.158856 0.39577 -0.19026 -0.14408 0.0881598 -0.384191 0.491762 0.358625 -0.361924 -0.603373 -0.4462 0.212159 -0.25088 -0.422048 -0.58534 0.467398 -0.644767 -0.960267 -0.210678 0.32743 0.625681 -0.450398 -0.0132517 -0.466678 -0.260903 0.107893 -0.873241 0.44569 -0.280778 0.549367 -0.518321 0.648181 0.178983 0.489739 -0.741603 0.900528 -0.391963 -0.373747 0.102159 0.389474 0.265482 -0.766414 -0.25233 0.380618 -0.240265 0.441821 0.158013 0.385892 0.674526 -0.390736 0.789925 -0.0536979 -0.768975 -0.376861 0.416065 -0.346558 0.133726 -0.0342979 0.682417 -0.947102 -0.15446 0.0240862 -0.243165 0.440116 -0.0377153 -0.426186 
200 80 192 75 4 135 242 74 222 224 240 10 99 144 239 198 187 9 106 155 35 38 247 192 112 197 161 146 139 219 229 87 221 72 171 212 116 174 58 30 113 37 155 99 67 155 71 150 102 137 202 16 88 26 13 33 59 189 165 162 204 185 252 112 125 176 100 249 197 41 151 8 246 28 213 110 233 214 70 14 230 129 65 203 254 244 11 192 99 117 236 7 39 71 207 188 36 96 115 184 71 158 53 18 30 200 197 237 233 195 66 254 154 181 57 200 3 240 70 218 77 32 14 161 17 197 38 199 48 165 15 208 12 164 76 5 38 134 66 248 93 88 240 6 19 73 145 196 4 54 21 197 92 215 85 42 184 164 29 131 44 207 201 195 185 94 129 39 32 233 28 120 240 216 146 58 108 201 206 164 15 72 237 64 1 43 16 105 152 198 175 42 188 48 222 20 20 250 35 156 116 78 153 65 88 97 125 140 188 89 8 179 214 212 15 73 39 12 7 222 223 167 204 54 124 193 223 85 173 150 10 213 163 157 252 232 130 39 
0.0426694 0.0783867 0.375995 0.51753 -0.767471 -0.297028 -0.0246635 0.317619 -0.421197 -0.623436 -0.0427824 -0.231218 -0.310659 0.10884 0.075908 0.0728167 -0.589382 -0.472496 -0.191281 -0.193265 -0.767346 -0.357953 0.216527 0.81849 0.419343 0.248659 -0.00228367 0.141118 -0.430864 -0.0339029 0.405783 -0.573033 -0.362145 -0.714712 0.275241 -0.268138 -0.126545 -0.11002 0.228546 -0.213623 0.299683 0.704554 0.774451 -0.363789 -0.0337921 -0.485727 -0.605314 0.307702 -0.590801 0.144876 -0.427874 -0.330442 -0.0654856 0.424929 0.349125 0.0928259 -0.479451 0.182315 -0.521568 -0.0859777 -0.0430176 -0.506273 0.558635 -0.162864 0.185334 -0.30075 0.391445 0.00730497 0.547277 -0.559071 0.581837 0.796593 0.0913253 -0.187394 -0.526487 -0.500452 -0.429541 0.656009 0.327697 0.377442 -0.991894 0.325783 -0.544213 -0.0816779 0.392683 0.650667 0.587108 0.0669455 -0.317161 0.344818 -0.370284 0.329989 -0.52596 -0.361398 -0.171255 -0.554545 -0.0437799 0.458989 -0.415461 -0.344479 -0.426115 0.619562 0.520453 -0.235243 -0.172882 -0.438838 -0.39262 -0.913325 0.513932 -0.402645 -0.424632 0.449536 0.509431 0.058815 0.400697 0.340104 -0.970184 0.946115 0.119446 0.560538 -0.214428 0.347123 -0.149514 -0.147588 0.431979 -0.0783785 0.526216 0.250051 0.668442 0.627447 -0.224368 0.55723 0.0471718 0.604101 0.0126942 0.214369 0.572736 -0.278112 -0.634488 0.133511 -0.671065 0.022826 -0.508823 -0.447138 -0.783215 0.293316 -0.202264 0.841923 -0.311437 0.251857 0.835872 -0.476828 -0.219544 0.0660998 -0.466387 0.747335 0.236783 -0.537004 0.0933355 -0.0844871 0.296009 0.125223 -0.401739 -0.567975 -0.0368586 0.217578 -0.39015 0.202466 -0.580951 0.616314 0.585461 -0.377775 -0.353096 0.83547 -0.77757 -0.181013 0.0425613 0.806616 0.239271 -0.997054 0.205487 -0.075026 0.667661 0.566846 -0.568503 0.00288907 -0.387337 -0.378145 0.0926189 -0.732682 0.508973 0.42334 -0.23128 0.391051 -0.711408 -0.614333 0.592019 -0.120022 -0.002056 0.144069 0.868147 -0.513028 0.6125 -0.842294 -0.0164441 0.130248 0.167808 0.201778 0.253922 -0.605542 -0.0690979 -0.0185018 -0.438518 -0.116295 -0.705836 0.269983 -0.370276 -0.0487499 -0.473884 -0.488342 0.941395 -0.627467 0.0490577 0.734035 0.26483 0.44498 -0.651959 0.395128 -0.632912 -0.671502 -0.35734 0.707283 0.465249 0.577783 -0.183334 0.408902 0.371314 -0.45299 
103 75 168 120 161 29 12 198 126 168 64 165 23 179 127 143 0 18 213 70 172 107 25 223 134 221 241 26 144 168 5 236 235 38 186 19 143 137 230 207 2 238 252 39 121 43 102 127 176 105 211 180 8 165 150 156 124 93 253 115 2 111 193 111 128 231 133 217 216 33 109 175 165 90 55 227 249 215 190 4 197 97 82 176 173 14 79 237 55 71 93 81 162 253 17 250 137 154 126 155 128 27 27 111 139 145 208 171 46 74 50 103 251 111 186 213 242 122 71 87 222 169 123 208 159 17 192 214 241 74 157 186 43 198 159 6 11 72 34 34 153 219 108 148 233 141 84 190 224 35 16 8 178 102 133 46 114 120 113 231 178 239 240 144 253 40 175 210 150 186 139 194 58 10 215 55 176 245 92 145 220 6 255 138 220 116 160 159 57 213 154 194 31 167 86 46 135 53 215 202 0 227 82 105 30 166 68 202 45 4 192 88 86 89 54 239 219 189 195 125 211 245 9 6 217 44 23 91 15 175 100 254 19 28 52 161 90 208 
0.273189 0.281615 0.773863 0.448353 -0.110969 0.53069 0.235132 -0.442889 0.318394 0.0245745 -0.384324 0.376634 -0.254437 -0.715786 0.662327 -0.651424 0.103582 0.108105 -0.338277 0.668428 0.0921457 0.409101 -0.476677 0.490868 -0.143665 -0.597229 -0.395393 0.231978 0.576795 0.527642 0.584436 -0.381784 0.251421 -0.0849367 -0.775336 -0.355836 -0.124454 0.513726 -0.522184 0.180172 0.0157894 -1.01015 0.070945 0.373705 0.774306 -0.0529148 -0.325447 -0.494429 -0.264576 -0.752992 0.511112 0.51058 -1.26815 -0.544848 -0.440818 -0.191147 -0.222975 0.176865 0.139334 -0.439921 0.0455794 -0.639563 0.619612 0.19061 -0.681561 0.709613 0.360281 0.424042 0.0995777 0.286076 0.499841 -0.971695 -0.714958 -0.995133 -0.51438 0.601182 -0.377882 0.602564 -0.133708 0.548421 -0.776677 -0.365603 -0.132457 -0.314477 -0.372867 0.0721363 0.282257 -0.504518 0.0226204 -0.0588511 0.626825 0.228305 -0.418518 0.316461 -0.469366 0.515547 0.115682 0.154651 0.375796 -0.597056 0.954911 -0.281846 -0.208133 -0.7433 0.61914 0.355273 0.166544 -0.78565 0.214731 0.469636 -0.303752 0.323083 0.26009 0.0811966 0.575212 0.520907 0.420485 0.373279 0.755988 -0.434656 0.00370528 0.644143 0.188257 0.309213 -0.0516594 -0.31191 -0.728117 0.872473 -0.192905 -0.615299 -0.21911 -0.300959 -0.506756 -0.460244 -0.59458 0.181789 -0.0933773 0.893246 -0.493155 -0.0305077 -0.143283 -0.428775 0.245611 -0.133164 0.575282 -0.00505968 0.557904 -0.702103 0.0260038 -0.364747 -0.0930412 0.366884 -0.426254 0.938856 0.256259 -0.722545 -0.219949 -0.557248 -0.230725 -0.365035 -0.265581 -0.200123 0.0620876 0.303788 0.130563 0.30254 -0.107566 0.0394849 -0.16189 0.177296 -0.300559 0.509436 0.0757969 0.198759 0.212507 -0.579031 0.130647 -0.663207 0.011309 0.478132 0.709494 -0.511642 -0.397469 -0.309356 0.419557 0.383858 0.288357 0.798251 0.14544 -0.457332 0.266962 0.63082 -0.849503 0.409825 -0.168395 0.111868 -0.118212 -0.455606 -0.327255 0.404339 0.28665 -0.0345666 0.507784 0.492241 0.604405 -0.303617 0.710676 0.443796 0.64448 -0.656876 -0.431735 -0.0513369 0.306366 0.223859 0.632532 0.782796 -0.878197 0.337111 -0.0974393 0.191025 0.401903 -0.756616 -0.828013 -0.538089 -0.113063 -0.330141 -0.839995 -0.671976 -0.180865 -0.616995 -0.310123 0.490439 -0.5193 -0.575769 -0.710109 0.573824 -0.0369343 0.0412987 
56 100 172 113 107 190 130 101 81 21 7 116 233 62 155 14 126 175 74 150 77 229 190 242 54 236 18 83 239 32 250 143 32 75 149 248 32 13 107 39 192 54 143 3 17 34 188 69 247 176 47 55 33 29 245 4 243 210 152 202 145 20 156 159 136 167 72 253 177 81 183 230 10 237 156 243 193 117 237 197 138 69 202 26 111 228 199 16 206 96 131 178 42 174 54 198 109 249 243 107 158 35 74 72 167 136 98 140 178 167 80 137 173 170 4 166 57 104 151 74 186 204 194 93 66 253 21 233 94 170 195 24 29 15 72 235 245 66 157 249 0 132 29 119 33 246 70 119 240 157 74 155 118 91 183 190 60 26 88 254 137 191 73 76 238 160 220 52 11 243 39 202 60 116 122 12 70 32 117 73 133 56 204 57 228 76 200 104 131 105 102 139 94 129 173 26 91 20 117 112 17 37 251 207 189 151 88 252 127 87 206 101 21 77 95 117 79 197 119 59 0 106 226 214 122 44 155 130 54 129 82 238 224 254 155 243 168 73 
0.0588123 0.449997 -0.651099 0.431694 0.396571 0.750995 0.534035 -0.738998 0.054515 -0.403392 0.748447 -0.340905 0.144458 0.464371 0.638552 0.164818 -0.368595 -0.307292 0.126645 0.200915 -0.363376 0.193572 -0.335984 0.708803 0.744458 -0.128509 -0.0870064 -0.408296 0.620773 0.621212 0.963975 -0.630243 0.133539 0.554847 -0.164399 0.0913511 -0.17897 0.12669 0.550727 -0.0477584 -0.339044 0.431525 0.841025 0.306882 0.673977 0.555015 -0.064268 0.193824 -0.496627 0.466443 -0.511173 -0.361745 -0.342432 -0.564768 -0.770908 0.461054 0.30028 -0.16294 0.164843 -0.591343 -0.757575 0.336197 0.423091 -0.536301 0.266171 -0.020515 -0.418651 -0.0374122 0.216103 -0.320364 0.316207 -0.044819 0.0546988 -0.396968 0.122381 -0.196032 0.313129 -0.305727 -0.509698 -0.159655 0.10434 0.288844 0.536588 -0.416635 -0.246728 -0.648352 -0.540332 -1.05559 -0.495064 -0.152356 0.698534 -0.0739512 0.468941 0.652069 -0.233579 -0.196669 -0.0487313 -0.359133 -0.166955 0.184264 -0.769105 0.331849 0.0442657 0.354016 0.200455 -0.0273598 -0.109925 -0.249214 -0.145138 0.304707 -0.521053 -0.685781 0.156741 0.105185 -0.710168 -0.00231761 0.448126 -0.503189 -0.722837 0.123644 -0.580757 0.619804 0.75531 0.597027 -0.74753 0.181034 -0.232815 0.313882 0.171748 0.517728 0.414264 -0.125015 0.555279 0.417983 0.557712 -0.369985 0.386634 0.6009 0.833365 0.197187 -0.265794 0.514004 -0.884742 1.17994 -0.521019 -0.0825333 -0.66616 0.918434 -0.349053 0.225434 0.355695 0.0283573 -0.0435867 0.374237 0.63874 -0.652808 0.229662 -0.64587 -1.03356 0.044367 -0.0279178 -0.5587 1.29174 0.627423 -0.742441 0.209431 0.0332197 -0.10823 -0.0939674 -0.692476 0.515266 -0.457823 -0.164317 0.810489 0.236914 0.409475 0.310168 0.664817 0.181834 0.238095 0.131996 0.35613 -0.731239 0.329315 -0.350512 0.713905 -0.693548 -0.465477 0.313893 0.222741 0.547326 -0.057132 -0.37241 0.240909 0.275738 0.0505354 0.353171 0.924738 -0.275228 -0.234913 -0.169834 -0.690804 0.132315 0.199596 -0.978956 -0.134935 0.23862 0.919072 -0.344292 0.291443 0.17039 -0.349523 0.613522 -0.227565 -0.551282 -0.160711 0.660976 -0.242292 -0.504214 0.136819 0.662208 -0.315138 0.74454 -0.579499 0.504913 0.641394 0.153389 -0.107692 -0.686048 -0.487408 0.365416 0.589942 0.0668119 -1.0703 -0.611872 -0.559615 -0.0441743 0.668159 
67 76 205 78 234 35 50 2 161 139 102 152 219 33 173 44 173 99 189 62 128 31 212 227 21 244 115 192 252 63 230 26 72 79 250 180 166 130 209 202 28 28 31 252 235 40 222 207 90 11 108 99 83 19 36 164 132 90 234 122 31 208 108 132 67 57 61 145 241 209 87 242 7 2 25 5 223 239 48 166 73 92 240 25 236 239 113 52 12 68 56 14 8 10 181 55 75 10 94 242 191 57 229 85 209 5 46 244 112 190 173 211 56 202 63 67 104 224 185 179 79 13 189 184 136 79 96 160 107 13 33 25 119 182 165 1 45 152 11 94 87 184 73 60 130 64 205 143 132 28 1 227 3 95 238 131 112 137 14 140 126 107 124 155 240 57 55 103 173 203 219 232 52 198 86 237 228 29 35 88 183 109 203 15 6 113 244 186 250 164 159 9 138 214 77 38 52 52 230 134 106 108 55 155 112 3 96 217 26 86 57 66 226 1 129 235 12 98 209 89 85 64 150 0 31 124 84 249 37 191 146 124 81 252 11 206 249 196 
0.593026 0.161121 -0.307289 -0.0643411 0.00124297 -0.296068 0.0848907 -0.0473268 0.0970857 -1.05477 0.291839 -0.236398 -0.200153 -0.54729 0.347766 -0.481329 0.127799 -0.18057 0.0464287 -0.412577 -0.544424 -0.4875 0.803523 0.287005 -0.299245 1.0893 0.190751 0.257923 -0.865871 -0.195913 0.271324 -0.377958 -0.0302067 0.502809 -0.770147 -0.00202176 -0.687752 0.490798 0.0166234 0.263938 0.629418 0.544062 -0.00366157 -0.924075 -0.875138 0.308822 -0.86746 0.214882 -0.582695 -0.276085 -0.131388 -0.924327 0.410333 0.871292 0.18728 -0.308454 -0.26195 0.56378 -0.565751 0.0833113 -0.057272 -0.460732 0.49229 -0.532984 0.41214 -0.309491 -0.341686 -0.508313 -0.0383122 0.446753 -0.575016 0.81612 0.234918 0.0484625 -0.0865641 0.567288 -0.119585 -0.520372 0.04363 0.0538336 -0.713366 0.207547 0.111251 -0.231349 -0.751318 0.0682416 0.588533 -0.124192 -0.303054 -0.308808 -0.854205 0.508839 -0.111677 -0.290851 -0.548916 0.713249 0.493264 0.610698 -0.29343 0.314288 0.668016 -0.416121 0.15207 0.575979 0.562508 -0.526474 -0.550998 0.0448844 -0.205232 0.414146 -0.41637 -0.451861 0.164388 0.119266 0.299024 0.533214 -0.236147 0.478523 -0.503282 0.709786 -0.432519 -0.603123 0.163191 0.499499 -0.708369 0.315581 -0.260483 -0.32666 0.415232 0.314441 0.230246 -0.0999274 -0.789321 0.52186 -0.384519 0.724419 0.494447 0.592186 -0.536162 -0.327034 0.278381 0.153551 0.701792 0.303689 0.502547 -0.442357 1.08606 0.141746 0.677508 0.202154 -0.567303 0.492932 -0.770463 -0.390151 0.239394 0.00928489 0.889055 0.222752 -0.3192 -0.183153 -0.654968 -0.032714 -0.583624 -0.3854 -0.300416 -0.806187 -0.489791 0.696524 0.813747 0.060453 0.358782 0.332654 0.100966 -0.947858 -0.0968606 0.114593 -0.0698667 -0.430837 0.421022 -0.176283 0.464368 -0.041039 0.148235 0.852055 0.231423 0.746624 -0.359636 -0.284634 -0.391121 0.566706 0.688688 0.255038 0.345476 -0.910281 0.41782 0.0711256 0.326154 -0.379425 -0.0957053 -0.442457 -0.577833 -0.108336 0.388093 -0.204078 -0.0950155 0.174492 0.361472 0.10479 0.212694 0.00146031 -0.39025 0.0649065 0.125311 0.735423 -0.0348483 0.0771504 0.0653713 -0.306274 -0.198652 -0.223332 -0.861024 0.177667 0.310696 0.269512 -0.449614 -0.23004 0.184267 -0.137237 -0.188922 0.275526 0.408278 0.258149 0.0630397 0.253164 0.587771 0.604095 0.465429 0.433576 
141 48 232 128 51 71 71 45 193 44 78 52 248 181 220 162 205 155 107 207 205 40 194 59 44 138 95 160 166 221 47 157 86 238 27 72 165 204 182 111 174 40 86 192 155 137 31 221 114 169 235 63 123 168 45 11 146 208 138 200 36 234 139 255 71 97 197 157 60 196 186 100 252 249 83 130 78 12 132 164 155 119 47 58 133 119 182 102 233 201 202 39 100 14 92 43 189 231 84 63 238 151 100 254 46 93 143 167 58 50 249 129 246 86 133 188 187 251 4 132 116 48 202 63 209 61 204 108 30 88 95 111 204 45 37 203 153 145 109 172 250 227 62 245 104 76 71 252 244 153 163 199 99 22 148 153 147 149 170 31 42 210 241 103 33 9 236 25 12 162 102 243 139 147 174 77 249 57 226 200 5 109 2 2 172 172 202 119 140 54 184 208 149 123 22 61 185 189 26 76 77 60 38 138 219 154 40 253 117 53 57 86 20 114 75 75 157 106 26 82 155 65 109 120 30 180 155 166 60 14 73 45 90 82 103 234 4 231 
0.0690594 -0.18676 0.474678 0.386379 0.509977 -0.312831 -0.0897167 0.779921 -0.657623 -0.0923692 -0.342883 -0.505349 0.0455725 0.179251 -0.645508 -0.946125 -0.675803 -0.152308 -0.997657 0.0107473 -0.0379776 0.297493 0.715809 0.368272 -0.815661 -0.376699 0.279129 -1.03129 -0.468138 -0.511766 -0.77623 -0.29444 0.712183 0.0738186 -0.701692 -0.241945 0.450859 0.791386 -0.714677 0.040597 0.697544 -0.076829 -0.47964 -0.081039 0.0976711 -0.608642 0.500435 -0.619677 0.010311 0.278407 0.214783 0.113167 -0.275751 -0.544788 -0.0766163 -0.74193 0.63239 -0.584664 -0.0398504 0.237013 0.152924 0.640461 -0.135828 -0.262906 0.665953 0.389121 -0.283234 -0.613864 0.117959 -0.523139 0.00409455 0.495905 0.223765 -0.488455 0.581718 0.864596 -0.0791853 0.381797 0.441121 -0.0402879 -0.551318 0.528638 0.860194 0.426266 -0.60555 -0.50159 0.662627 -0.892233 -0.64796 -0.681778 0.641128 -0.3858 -0.268733 0.277086 0.605081 -0.20468 -0.656695 -0.504746 -0.70753 0.703333 0.141546 0.564946 0.995494 0.539223 0.164157 -0.0864168 0.624404 -0.488848 0.428929 0.262902 -0.291752 0.794215 -0.587208 -0.349071 0.543117 0.787713 0.766892 -0.627935 0.363361 0.198261 -0.283555 -0.169135 -0.390913 -0.941564 0.278891 0.412516 -0.167223 0.0529729 0.257517 -0.217827 0.381238 0.352951 -0.261597 -0.688127 0.686185 1.58391 0.493295 0.119187 -0.587216 0.19163 0.0841059 -0.384885 -0.232227 0.361265 0.545268 0.275644 -0.613853 0.0871904 -0.271585 0.323498 -0.00815153 -0.479185 0.210738 -0.0720302 0.5937 0.586497 -0.472061 -0.464916 0.842824 0.397794 0.674141 -0.427741 0.673752 0.108472 -0.655939 0.125443 0.582892 1.05071 0.247631 -0.60162 -1.45577 0.604017 -0.198654 0.673675 -0.807451 -0.187764 -0.302385 0.293145 -0.214879 -0.225687 -0.402102 -0.263494 0.552248 0.59284 0.0164179 0.279284 -0.130173 0.908693 0.595585 0.918942 -0.486125 -0.28637 -0.19747 -0.24438 0.674773 0.00498938 -0.325065 0.166769 -0.370824 -0.163236 -1.05 0.549949 -0.646831 0.37 -0.486952 -0.434185 -0.483931 -0.326395 -0.00552339 0.0787041 0.0752751 0.374504 0.534798 -0.594398 0.49741 -0.0840158 -0.309375 -0.0543918 -0.52019 -0.802413 -0.511741 0.286867 -0.255658 -0.0255759 -0.794354 0.764412 0.105741 -0.675987 -0.359211 0.564554 -0.378374 0.701561 0.681577 -0.618411 0.588652 0.160863 -0.348732 -0.466017 
198 121 164 6 147 161 42 196 33 209 190 18 217 240 167 168 90 251 244 3 16 155 149 136 255 237 165 94 19 199 70 48 82 30 145 167 223 32 219 19 231 254 108 184 6 204 69 220 234 135 121 177 229 209 70 252 80 16 70 75 108 137 112 35 66 130 161 219 252 34 227 237 5 122 38 145 115 173 74 60 127 109 120 149 47 198 201 74 25 153 31 24 129 20 194 166 241 239 63 176 187 234 241 94 10 248 195 192 4 211 175 140 120 236 195 145 241 196 36 80 121 26 63 148 161 92 72 34 84 105 168 83 90 112 26 199 191 169 119 75 53 112 247 0 63 115 208 143 212 54 104 55 240 114 64 5 166 189 221 33 201 129 138 174 250 10 132 188 74 253 81 37 44 213 90 205 230 45 118 152 83 90 10 1 233 241 163 37 185 72 93 179 230 10 150 70 105 19 109 254 188 227 79 151 200 218 83 138 240 37 64 28 146 149 37 233 254 235 121 150 191 20 115 231 10 198 177 128 225 97 247 85 172 68 210 14 160 27 
0.0495437 0.000547592 0.264069 -0.180692 -0.383054 -0.374861 0.352811 0.144649 -0.225932 0.396194 0.349282 0.100812 -0.536553 0.264751 0.478654 -0.473915 -0.498539 -0.478958 0.248548 -0.182411 -0.167103 0.142571 -0.0855127 0.597696 -0.0755568 0.0542331 0.0581042 -0.211219 -0.537367 -0.184282 -0.207187 -0.310195 -0.290523 0.498978 -0.49182 -0.509797 0.183893 -1.17585 -0.270583 0.397329 0.224915 -0.0175894 0.445746 -0.0963302 0.0144039 -0.615491 -0.270129 0.377919 0.222207 0.698449 -0.840812 0.293199 -0.55786 0.533375 0.0322554 -0.911466 -0.377632 0.1362 -0.0498306 -0.510024 -0.533751 0.127301 0.0857221 0.309852 0.0733466 0.062832 -0.160344 -0.253998 -0.160654 0.210421 0.272637 -0.383595 0.0247679 -0.0838129 -0.124238 -0.224501 0.274257 0.129375 0.567869 0.407925 -0.673855 0.484711 0.13013 0.316876 0.874885 0.614199 -0.13438 0.589047 -0.0592389 -0.0268724 -0.504045 -0.26115 0.825437 -0.598735 -0.583472 -0.312363 0.630827 0.0672774 0.139741 0.576401 -0.0676469 -0.418257 -0.00974185 0.0457003 -0.238361 -0.209851 -0.649308 -0.13507 1.13311 0.64587 0.19964 0.106684 0.117269 0.322408 0.0665933 -1.06534 -0.23333 1.02199 -0.637527 0.322998 -0.540233 -0.403437 -0.0497166 -0.310072 -0.881817 0.138054 -0.567111 0.625163 -0.0590583 0.388909 -0.524061 0.730929 0.0383657 -0.152146 0.5201 -0.479233 -0.0390299 0.491995 -0.614985 0.74198 0.0220055 0.836882 0.337489 0.609452 -0.554745 -0.00590216 0.329224 -0.388933 0.4904 0.550355 0.166876 0.254226 0.594492 -0.0680225 -0.791853 0.14146 -0.570313 -0.659718 -0.305929 -0.254444 -1.09353 0.0828527 -1.03366 -0.59831 -0.0842277 -0.343752 -0.520306 -0.110198 0.944388 -0.0465037 -0.360037 0.109958 0.556544 0.0228844 -0.455815 0.303325 0.437329 -0.72445 0.611961 -0.704277 0.308563 -0.0331805 -0.58087 0.904328 -0.217789 0.0819573 -0.364704 0.371903 0.0751814 -0.0564033 0.0590057 0.0226243 0.519802 0.0905479 0.545953 0.687431 0.304928 0.424115 0.71019 0.287547 -0.0901215 0.175629 0.13701 0.536532 -0.239644 0.249265 0.437097 0.0731009 1.13337 -0.953351 0.213166 -0.45568 -0.300562 0.319753 0.00903327 0.353151 0.531027 0.95627 0.518173 -0.219666 0.0622441 -0.289117 0.889697 -0.641293 0.53032 0.0897146 0.113053 -0.69217 0.485458 -0.0929733 -0.594229 -0.17614 0.0971378 0.323585 0.221799 -0.173732 -0.25446 -0.307025 
251 89 184 46 137 195 215 17 178 178 190 191 138 103 108 4 32 110 36 141 207 146 132 247 143 233 65 117 11 206 60 20 171 57 3 147 220 10 105 243 97 147 128 218 215 172 241 81 240 176 96 24 184 204 33 49 255 137 160 64 181 64 239 39 87 162 142 156 78 134 67 200 231 92 27 220 219 239 89 107 81 123 182 203 107 230 132 154 58 182 213 52 107 113 53 179 0 103 138 162 207 39 247 241 213 159 209 225 2 182 139 154 64 116 7 83 124 200 241 50 140 24 185 231 59 251 97 48 52 196 21 111 76 88 91 174 188 18 182 109 179 45 89 9 242 227 119 106 163 1 13 181 210 59 230 94 167 66 110 134 124 26 77 132 98 176 242 170 58 150 212 248 211 144 44 185 88 41 213 57 187 187 24 63 97 141 101 155 223 168 119 4 63 76 107 27 15 19 228 203 10 254 15 255 28 122 155 123 152 160 88 204 38 28 138 130 53 233 188 10 151 34 113 131 116 179 145 128 7 124 229 131 19 215 47 109 47 234 
0.301064 0.279978 -0.386263 -0.0431783 0.515181 0.161567 0.316387 0.594075 0.903551 0.0526036 -0.179688 0.380658 -0.109427 -0.517608 0.415551 -0.398978 -0.127344 0.12369 -0.367299 0.616267 0.200327 0.546033 -0.415236 0.344335 -0.211398 0.4325 -0.0409548 -0.196671 -0.116599 0.755293 -0.243028 -0.836649 0.0783423 -0.341453 -1.0319 0.125148 -0.357507 -0.393992 -0.291389 0.628257 -0.0921765 1.03174 -0.217414 -0.211285 -0.582408 -0.227773 0.298913 -0.203132 0.176387 0.48155 0.147615 -0.543615 0.494493 -0.735359 0.591897 0.217598 0.883767 -0.17328 -0.365861 -0.54755 0.626967 -0.780368 -0.488257 -0.639181 -0.371836 0.314746 -0.45131 -0.809729 -0.054953 0.498344 -0.164663 0.104271 -0.325499 0.0739791 0.0206749 -0.478331 -0.00508141 -0.43517 -0.288632 0.0724203 -0.738735 0.248399 0.334141 0.667463 -0.0857897 -0.24724 -0.482805 0.945099 0.391128 0.455107 0.027825 0.0660454 0.139119 0.16794 0.335963 0.363686 -0.836819 0.209829 -0.131505 0.243786 -0.298329 0.326171 0.19038 0.104604 0.373919 0.515492 0.165387 -0.388143 -0.521223 0.194777 0.307703 -0.341404 -0.465954 -0.806322 0.170584 0.651209 -0.516296 0.0193135 1.0247 -0.221313 -0.0153898 -0.152865 0.522592 -0.289555 -0.326409 -0.429191 -0.508039 -0.58824 -0.568218 -0.252175 -0.121809 -0.283177 0.0452623 0.353833 -0.556043 -0.251892 0.00829681 0.420936 -0.102481 0.998612 0.023276 0.124722 0.667819 -0.31103 -0.756534 -0.332551 0.364395 -0.883736 0.0341885 0.317881 -0.176926 -0.48365 0.611203 -0.457625 0.287054 0.296593 -0.238776 -0.516851 -0.458868 -0.0941901 0.338666 0.28557 0.430249 0.406211 -0.730145 -0.122495 0.762194 0.267184 -0.318791 0.284101 -0.421124 -0.28127 0.477028 -0.917418 -0.228759 0.347626 -0.552138 -0.30937 0.600449 -0.0576453 -0.515381 0.32335 -0.497708 0.236054 0.508924 0.839226 0.131487 -0.593641 0.00289151 0.807824 0.180795 0.307017 0.0634569 0.629822 0.71485 0.177676 -0.784799 -0.789459 -0.863965 1.16164 0.363176 -0.527711 -0.623785 0.236136 -0.479516 0.414921 0.710878 0.482101 0.28241 -0.386261 0.317991 -0.490127 -7.9103e-005 0.207557 0.467796 0.181083 -0.00576798 -0.779028 0.123084 -0.805327 0.681216 0.360721 0.443163 0.0346951 -0.168032 0.263626 -0.446088 0.105238 -0.623684 -0.727077 -0.504991 0.0329638 -0.181778 0.415551 0.732454 0.25057 -0.55983 -0.435158 
197 80 226 18 184 199 44 160 213 100 27 41 69 203 129 29 105 141 184 88 168 49 3 195 174 199 210 39 27 131 130 13 124 220 24 98 204 177 20 209 228 253 101 160 178 225 183 199 254 231 121 16 148 155 123 150 153 241 203 214 82 86 180 222 202 114 35 249 25 214 135 123 48 9 113 34 10 73 236 103 95 116 9 119 234 77 35 100 204 74 18 130 7 153 193 59 200 30 110 17 238 101 245 159 76 228 69 192 224 43 253 238 71 77 116 119 196 156 161 75 32 19 163 213 176 173 136 139 48 228 63 171 189 8 187 25 66 55 3 181 44 79 29 92 111 240 53 3 207 217 13 236 152 238 25 175 72 145 113 107 68 131 172 87 188 234 161 68 58 205 95 106 108 99 235 184 153 71 254 44 199 91 75 109 200 69 203 203 31 98 17 76 62 54 54 197 233 111 130 34 224 19 83 123 237 231 88 141 156 236 77 179 255 168 71 151 8 207 166 47 36 195 88 238 192 235 219 48 70 174 149 177 6 248 56 70 109 139 
0.167147 -0.60821 0.625407 -0.0974551 0.137297 -0.665526 0.259766 0.294729 -0.0854465 -0.360029 -0.557871 -0.0993009 0.506452 -0.251531 0.605339 -0.281697 -0.488757 0.739319 -0.504671 -0.179016 -0.229247 1.24293 0.196512 0.743581 -0.221999 0.210663 -0.549954 -0.543053 0.470185 -0.529516 -0.69586 -0.17954 -0.23332 -0.272119 -0.50589 0.217158 0.28128 0.499754 -0.152406 0.417411 0.418554 0.344063 0.577624 -0.630256 -0.182162 -0.588592 0.266168 0.0420206 -0.928981 0.225779 0.504357 0.395385 -0.167015 0.637017 -0.198055 -0.212758 -0.413151 -0.51546 -0.997473 -0.305482 0.0958892 0.71389 -0.501592 0.195879 0.971752 -0.163413 0.952191 -0.21866 0.341728 -0.158265 0.156147 0.11563 -0.0900196 -0.799287 -0.180013 -0.500196 -0.148237 0.258466 0.622033 -0.294966 0.531414 -0.0391964 -0.977925 0.442871 0.189415 -0.330863 -0.450876 -0.402202 0.321505 -0.604505 -0.364254 0.366925 -0.56997 -0.21498 -0.303633 -0.145451 0.442794 -0.435633 0.596692 -0.397553 -0.247247 -0.299177 0.526172 -0.565615 0.217554 -0.102839 0.0645263 0.49978 -0.413624 -0.675086 -0.208827 -0.111968 -0.0896707 -0.674117 -0.573069 0.00954149 -0.432666 -0.374292 -0.267687 0.0795601 0.443677 -0.567878 -0.448163 0.276014 0.237817 -0.317332 -0.523813 -0.0928641 0.529256 -0.768066 -0.239739 0.301973 -0.269518 0.105236 0.424762 -0.308404 0.624516 -0.625869 0.453315 0.385934 0.0759451 -0.926397 -0.0595953 1.03956 -0.284039 -0.278983 0.108774 0.320756 0.908359 0.0203352 -0.462248 0.776896 -0.332916 -0.262758 -0.789222 0.324659 0.151777 -0.0484286 0.243041 -0.717423 0.0624398 -0.403451 -0.134185 0.035194 -0.284029 0.191205 -0.257116 0.431072 0.668254 -0.277004 -0.337041 -0.407798 0.116907 0.13669 -0.4908 -0.614074 0.189131 0.500932 -0.29514 -0.320087 -0.516268 -0.149019 -0.244683 -0.404784 0.286803 0.450293 -0.881029 0.251511 -0.110565 -1.15915 0.286836 0.188684 -0.534812 -0.00134921 -0.0640947 -0.0575258 -0.51458 0.686062 -0.277421 0.182965 0.300951 0.380786 0.960816 -0.230181 -0.235145 -0.17356 0.340447 0.503632 -1.19567 0.228895 0.2352 -0.000459371 0.439968 -0.208731 0.912312 0.403752 0.529021 0.367637 0.110981 0.0839823 -0.299099 0.234358 0.231291 -0.695645 0.249334 0.419203 -0.319058 0.0858251 1.00788 -0.600121 -0.0957679 -0.206083 0.626569 -0.0176132 -0.0541908 -0.541233 -0.721525 -0.599458 
201 189 71 98 235 70 142 197 26 196 2 107 187 148 123 228 92 34 142 131 169 204 207 49 193 244 69 46 126 211 177 28 52 111 12 66 62 140 76 46 196 135 239 189 196 106 127 51 10 80 207 222 206 130 237 232 45 75 62 140 204 148 82 65 32 71 185 61 3 44 111 184 62 57 149 240 153 19 71 123 242 116 175 188 29 245 82 203 11 181 52 96 208 117 80 141 168 102 138 241 46 202 103 62 53 131 227 59 121 180 249 159 79 93 25 174 24 116 36 196 93 99 9 117 172 47 8 107 149 244 219 222 74 166 229 93 99 52 134 201 12 27 185 169 224 81 228 245 129 43 252 203 67 192 43 144 45 31 76 181 245 166 156 69 206 69 22 178 206 131 54 140 102 1 226 170 172 186 101 149 105 149 82 66 231 210 52 85 152 66 196 233 32 185 126 63 151 92 160 83 12 107 79 63 70 135 125 203 127 241 210 92 108 171 3 5 242 110 115 75 146 57 92 40 33 139 13 128 56 56 190 87 237 137 28 226 204 156 
0.501747 -0.938865 -0.234262 0.311132 -1.29676 0.279669 0.37658 0.107928 -0.330372 -0.729812 0.580426 0.367246 0.476409 0.556097 -0.317444 0.806545 0.415884 0.993359 0.545597 -0.615859 -0.379409 -0.383773 0.351702 -0.19192 -0.0918479 0.151314 -0.135248 -0.599751 -0.0688963 0.682391 0.325071 -0.26309 0.101515 0.045149 -0.850404 0.467301 -0.70447 -0.00308897 -0.247384 0.448663 -0.299511 0.574541 0.511792 -0.338002 -0.0419892 -0.535484 0.418965 -0.375205 -0.47855 0.574981 0.338932 0.455382 -0.630214 -0.791037 -0.698163 0.28223 0.519246 0.132029 0.0708264 0.0489655 -0.28993 -0.419138 0.5346 -0.363004 -0.890206 -0.141267 -0.0688913 -0.0672415 0.526904 -0.341697 -0.329728 -0.0151986 0.199067 -0.630342 0.625477 -0.335951 -0.42305 -0.636836 0.0270823 0.20418 -0.495148 0.537838 -0.424614 -0.384047 -1.08078 -0.549212 -0.343903 0.0369119 -0.0446793 0.607874 -0.481169 0.197971 -0.330894 0.344619 -0.301198 -0.38491 0.651084 0.504197 -0.303605 0.945179 0.360312 0.265665 -0.465723 0.212501 -0.391761 -1.18779 -0.0425617 -0.0992895 0.329278 -0.134881 0.061068 0.190031 0.0710124 0.346181 -0.10222 0.0178134 0.0518852 0.294132 0.32878 0.0649408 -0.721617 -0.677221 0.420558 -0.412737 -0.336147 0.709513 0.598409 0.548239 0.0169756 -0.784725 1.0885 0.174448 0.406437 0.3665 0.26494 -0.297287 -0.350821 0.64408 -0.234139 -0.247774 -0.398539 0.383402 -0.467496 -0.794863 -0.999844 0.324556 1.37652 0.369186 -0.473018 -0.969523 0.00140334 0.179842 0.690776 0.668677 -0.334246 -0.28982 -0.59726 -0.482912 -1.29202 -0.382594 0.373029 -1.10184 -0.415563 0.794629 -0.506175 0.407529 -0.728186 0.440297 -0.283659 -0.287874 0.630332 0.39533 -0.162013 -0.380688 0.412725 0.81959 0.26284 0.505168 0.489545 -0.113963 -0.582461 -0.860232 0.487678 0.670573 0.648928 -0.679357 -0.249866 0.0664757 0.296812 0.793361 -0.373784 -0.506096 0.612575 -0.333007 -0.550966 0.130816 -0.308453 -0.399 0.212754 0.0105395 -0.0107501 -0.538864 0.215147 -0.200319 0.357047 0.356911 0.22797 0.0106348 0.599309 -0.167654 0.480108 -0.539302 -0.426052 -0.281861 0.490754 -0.502515 -0.712987 0.319283 0.378601 0.447495 -0.714768 0.746419 -0.703874 -0.0575857 -0.382953 0.419743 0.682999 0.28951 -0.237454 0.47854 0.493141 -0.746197 0.4642 0.309554 -0.521955 0.0982175 0.935265 -0.228098 
125 169 165 156 32 21 72 197 70 106 19 38 239 111 49 149 55 172 163 214 180 135 164 182 255 167 5 167 82 124 58 200 35 230 140 190 231 152 7 220 93 211 4 177 108 29 82 233 182 145 63 193 227 142 87 246 134 222 240 146 241 20 18 90 27 160 30 121 17 163 98 95 5 62 76 135 90 152 60 47 192 221 238 126 162 72 18 236 125 181 107 44 197 116 196 111 204 186 17 61 57 45 48 32 137 147 145 79 113 135 64 101 76 239 158 26 118 74 209 110 195 163 126 227 56 185 165 94 160 98 185 27 8 115 55 191 165 148 18 182 168 124 107 13 65 254 193 195 136 95 121 109 208 202 74 17 249 188 163 4 88 103 48 177 229 48 205 19 64 250 122 83 139 121 199 60 87 128 245 144 51 11 38 49 124 55 137 219 87 48 157 48 77 139 253 9 207 50 229 191 9 232 61 71 50 151 57 61 2 222 163 78 61 227 201 176 33 1 74 153 199 237 237 200 31 24 129 112 122 120 46 218 44 33 214 71 3 151 
0.374383 -0.00359235 0.916532 -0.0436659 0.0292371 -0.337329 0.595313 0.0651999 0.652715 -0.686533 -0.428433 0.585924 -0.711032 -0.0388667 -0.0329467 0.629167 0.12033 0.0362304 0.393919 -0.310747 -0.321246 -0.266725 -0.54163 0.478753 -0.443227 -0.985594 0.111277 0.636411 0.338835 -0.373534 -0.326577 0.801358 -0.547849 0.0206282 -0.975708 -0.301957 -0.200184 0.41773 0.45568 -0.412016 0.324115 -0.102021 0.379363 -0.423184 0.477252 -1.0844 -0.187552 -0.394034 -0.437265 0.0507055 -0.43922 -0.10761 -0.747995 -0.0165363 0.0769823 -0.466916 0.248366 -0.466036 0.686984 0.0660648 0.199543 -0.0471983 0.629349 0.315733 -0.478119 1.04721 -0.308512 -0.237914 -0.243446 -0.312826 0.201345 0.119185 -0.182116 0.703933 -0.665805 0.760446 -0.444776 0.618512 0.193227 -0.387142 0.198373 0.946452 -0.219384 -0.518243 0.0339213 -1.20739 -0.111089 0.0601878 -0.388185 0.562794 0.341971 -0.0955935 -0.212232 0.196318 -0.415379 -0.2195 0.0385154 1.28696 -0.14495 0.473282 -0.341242 0.409558 0.774417 1.08522 0.265489 0.460472 0.155635 0.501227 0.0276392 0.511371 -0.380548 -1.02682 0.313567 -0.395395 -0.574 -0.267511 0.151001 0.942385 -0.374109 -0.45123 0.128861 -0.0929239 0.341254 -0.425075 0.227347 0.200482 -0.772967 -0.29871 -0.0784937 0.405813 0.383334 -0.292208 0.0816216 0.296388 0.0343652 -0.411223 -0.849237 -0.524015 0.0460095 0.469015 -0.204549 0.843578 -0.255455 -0.214539 0.445038 -0.208504 -0.579299 -0.147856 -0.312976 0.249035 -0.225678 0.412332 -0.420663 0.120997 0.456008 0.361759 0.611116 -0.0712189 0.494708 -0.0491979 -0.790983 -0.56204 0.0237404 -0.113761 0.394058 0.652672 -0.193767 0.305254 -0.145064 0.274974 0.45539 -0.604104 -0.25491 0.125186 -0.565893 0.146268 -0.628034 -0.331944 0.15618 -0.264318 0.416944 -0.0160049 0.322174 0.37041 -0.723751 0.830044 0.786775 -0.388662 0.766579 0.581119 -0.116349 0.235609 -0.00586692 0.780382 0.322233 0.194261 -0.0741177 0.489839 0.261461 0.190318 0.0705168 0.508181 0.30369 -0.420974 -0.627729 0.297485 0.093123 0.849295 0.259042 -0.692192 0.503096 -0.331659 -0.175159 -0.659711 -0.8473 0.070381 0.548928 -0.0893683 -0.219458 -0.999027 -0.280937 0.364472 0.17276 0.205058 -0.258545 0.12612 -0.925497 -0.0542404 0.53923 0.0994977 0.316289 0.0495787 -0.558321 0.070716 -0.0577988 0.0771793 0.666577 0.390584 
104 98 30 200 54 152 206 137 18 90 99 61 10 25 17 236 181 242 167 85 197 118 41 90 189 160 113 62 181 12 240 176 114 225 73 124 45 61 198 116 227 109 153 58 115 15 243 156 185 239 201 160 106 215 86 198 42 27 90 0 30 166 221 157 179 1 230 202 214 35 182 3 184 220 200 130 200 65 169 211 159 39 75 57 229 67 76 120 179 59 246 246 20 183 216 25 194 204 99 6 200 40 228 10 52 236 177 240 165 164 50 182 190 189 210 7 178 247 197 78 188 127 190 6 62 30 50 133 203 249 213 34 237 220 28 17 5 11 181 110 158 137 55 120 231 33 129 135 189 62 252 17 5 228 21 240 145 206 95 131 129 109 144 244 176 101 22 157 248 151 15 238 151 68 150 235 201 20 107 200 229 166 157 155 180 192 27 7 223 122 236 106 118 230 166 240 113 91 150 93 31 44 233 200 42 19 180 70 10 92 168 148 96 28 194 208 206 214 231 236 204 163 198 237 3 223 189 78 71 187 27 114 1 18 155 240 77 138 
-0.462859 -0.183677 0.511247 0.0926321 0.014987 0.562674 0.270129 0.0875773 -0.690455 0.429271 -0.584426 -0.341192 -0.596305 0.629684 0.525359 -0.719492 -0.316837 0.107956 0.260431 0.0393628 0.329153 -0.442269 -0.506273 -0.1094 -0.164504 -0.470535 0.110199 0.563588 -0.430245 -0.552553 -0.0304478 0.887034 -0.329323 0.0492982 -0.0575419 -0.0583256 0.103313 0.280776 -0.106289 -0.15637 -0.07996 0.119462 -0.384073 0.423724 0.779081 -0.138974 -0.250054 0.553757 -0.298463 0.0397294 0.133155 0.876862 -0.112254 -0.809388 0.30301 0.227695 -0.236966 -0.389527 -0.942944 -0.0156391 -0.558188 -0.708723 -0.615142 0.297828 -0.198372 0.101808 0.056163 -0.0174119 0.647249 -0.652329 -0.632991 -0.657151 -0.52006 0.525998 -0.614099 0.347819 -0.334004 -0.681083 0.327824 -0.240281 1.10085 0.199623 -0.693413 -0.250331 -0.257292 0.499408 0.260488 0.280002 -0.0292758 -0.309819 -0.180704 0.0663465 0.517404 0.547415 -1.05717 -0.0575783 -0.184201 0.188116 -0.0997503 0.208355 -0.448292 0.0210916 -0.228495 -0.262269 0.78103 -0.561059 -0.201504 -0.331127 -0.289396 0.100149 -0.838629 0.250835 0.594435 -0.341673 -0.919185 -0.619381 0.0619929 -0.419557 -0.218475 -0.150431 -0.197053 -0.493146 0.736676 0.136281 -0.317176 0.75977 0.223829 0.357869 -0.0495638 -0.285799 0.314491 -0.869742 -0.197674 0.497725 -0.210934 0.0111976 -0.452465 0.125468 -0.421763 0.206755 0.406432 -0.450835 0.400061 0.69126 0.372573 0.725118 0.490669 0.334589 -0.62909 0.355145 -0.281928 0.803632 0.387299 -0.762967 0.813939 -0.328392 0.629378 -0.337925 -0.059873 -0.0612355 0.726413 -0.489565 0.608712 -0.0611229 -0.206837 -0.461192 0.405849 0.433055 -0.398713 0.306134 0.434472 -0.289315 0.744451 0.426666 0.231469 -0.474613 -0.0545209 -0.17861 -0.624755 0.53131 -0.837502 -0.117779 -0.757891 -0.641048 -0.158798 0.855972 -0.276928 -0.526802 0.15267 -0.665571 0.164642 -0.50173 0.0434516 -0.0768887 0.545445 0.523822 0.684021 0.0145479 -0.304931 0.794907 -0.645482 -0.771963 -0.329136 -0.329731 -0.714932 0.815383 -0.27166 0.168081 0.0589859 0.0975318 -0.187661 -0.16466 0.311537 0.395371 0.499175 -0.560132 -0.156635 0.849944 0.0134152 0.20222 0.247995 0.0253631 -0.0574291 -0.247058 0.58287 -0.725896 0.144241 0.165796 0.23169 0.36903 -0.0434563 -0.013775 -0.536688 -0.583534 0.395754 0.275885 -0.430838 -0.0894904 
33 228 180 233 186 19 2 114 101 36 248 6 159 64 122 215 117 168 44 237 111 188 167 0 147 161 63 25 127 159 14 156 54 23 45 72 17 112 131 37 209 8 214 123 219 123 165 143 238 189 140 143 208 47 147 232 146 39 44 238 210 177 79 189 58 229 204 168 82 17 74 140 185 51 171 94 18 147 170 76 86 200 170 162 237 53 37 122 167 116 52 191 176 178 108 62 25 118 129 189 192 228 6 73 55 76 228 173 227 165 232 104 45 218 252 29 203 178 180 83 182 206 66 74 77 137 64 182 174 151 233 56 39 97 18 3 154 27 180 82 245 65 117 133 162 202 22 16 100 190 146 76 230 176 109 195 8 141 114 208 143 55 172 221 55 185 254 140 84 26 152 2 221 187 32 99 190 126 138 88 18 226 241 91 111 207 210 201 119 72 103 142 128 114 155 180 25 220 206 112 176 28 212 92 157 188 71 137 238 169 170 9 206 125 168 160 120 13 142 237 77 248 37 48 253 111 224 1 10 37 104 176 170 18 119 186 197 70 
0.414581 -1.14539 -0.209768 -0.141794 -0.455329 0.504837 -0.0783843 -0.494584 -0.248856 -1.00823 0.0990865 -0.334945 -0.228553 0.557629 0.133914 0.603119 -0.743576 0.120803 0.287211 -0.385285 -0.585269 0.255818 -0.430147 0.891128 0.620574 -0.583011 -0.0566851 0.0813516 -0.68526 0.577079 0.26249 0.424239 -0.293578 0.240438 -0.433918 0.21904 0.0566856 0.0359751 -0.342892 0.195186 -0.0292365 0.291419 -0.316797 -0.319828 0.212028 -0.0380565 -0.769266 -0.288809 -0.618873 0.234772 0.241671 -0.599281 -0.288918 -0.361208 -0.0616749 -0.434953 -0.938079 0.0511312 -0.121612 0.284225 0.307966 0.236493 0.42819 -0.664754 0.281276 -0.333388 -0.0455405 -0.290205 -0.627215 0.380337 -0.150023 -0.768936 -0.270821 -0.152925 -0.019423 -0.755231 0.291998 0.489889 -0.565048 -0.733068 0.0625173 -0.819158 -0.747505 0.226236 0.505588 0.143795 0.312867 0.224686 -0.239137 0.772588 0.526443 -0.643393 -0.743729 -0.468106 -0.266125 -0.536794 0.364896 0.791676 0.392745 0.664884 0.617461 -0.461602 -0.324359 0.376458 0.156874 -0.588082 -0.275534 -0.217382 -0.13957 -0.549653 0.390792 -0.413815 0.483843 -0.129722 -0.307696 0.672042 0.516148 0.696011 0.733369 -0.282463 0.507193 0.323302 0.267662 0.0195869 0.245288 -0.417274 0.514946 -0.316471 0.312186 0.204639 0.582052 -0.428377 0.343847 0.171166 0.931258 -0.403517 -0.177839 -0.131304 -0.350192 0.230756 -0.238511 0.174216 -0.415957 0.446901 0.0835341 -0.521256 0.73772 0.425662 -0.288538 -0.11687 -0.328363 -0.108418 -0.136456 -0.190653 1.014 0.665964 -0.758562 0.668672 0.543901 0.229439 0.882303 0.287598 0.289242 -0.0682275 -0.219311 -0.0270781 1.24588 -0.69621 -0.640196 0.0759076 0.0538905 0.824592 0.444507 0.419061 -0.535501 0.268066 0.409938 -0.140373 0.294346 -0.261142 -0.422167 0.398898 -0.189279 0.513504 0.244701 -0.522261 -0.813018 -0.428793 -0.593384 -0.230007 -0.225299 -0.350632 0.192995 0.630959 0.3481 -0.438739 0.646968 -0.258638 -0.983908 0.326699 0.19152 -0.800235 -0.342687 0.0206807 -0.259828 0.103253 -0.802764 0.511884 0.387232 0.534745 0.103158 0.470113 0.269452 0.690457 -0.735285 -0.651427 0.359656 0.131484 -0.445315 0.677459 0.131786 -0.715284 -0.686448 -0.235516 0.200147 0.388801 0.906298 0.0871267 0.339309 0.398379 0.311322 -0.690039 0.666957 0.339989 0.0600233 0.665002 0.54621 -0.449406 
184 86 106 60 255 93 83 60 186 103 135 187 183 34 205 238 102 70 183 204 219 235 3 136 160 189 115 2 199 145 234 78 103 31 164 154 128 194 172 67 251 55 189 118 231 127 91 191 128 125 143 169 194 6 201 5 111 156 128 147 162 59 54 7 13 191 61 190 72 73 156 248 32 30 69 68 243 188 169 100 20 149 17 187 90 92 33 80 38 252 169 55 151 201 79 225 184 212 93 40 230 156 245 219 39 46 55 127 48 213 25 3 152 180 105 53 170 251 240 134 147 174 197 242 195 206 51 43 107 152 205 178 47 59 14 32 171 197 31 124 107 175 165 47 163 187 231 97 114 150 36 141 61 214 20 225 71 11 208 207 225 132 119 7 43 36 35 19 48 59 237 86 226 155 192 81 88 85 95 102 199 62 160 41 219 12 109 168 11 187 11 188 220 190 233 56 125 50 76 126 251 40 210 106 30 59 65 188 4 75 36 113 181 197 223 13 30 135 163 139 200 227 68 208 203 156 178 217 221 106 108 210 139 235 188 155 133 42 
-0.300361 0.0339957 -0.581733 -0.210776 0.487088 0.311134 -0.392744 -0.138117 -0.24302 0.0504969 0.399906 -0.500526 0.706554 -0.691372 -0.0299158 0.0104869 -0.574949 0.0358518 -0.559892 0.0472449 -0.167433 0.653791 0.203082 0.169841 -0.510864 -0.592766 -0.150816 0.452171 0.888438 0.83358 -0.128287 -0.251435 0.174939 0.801649 0.462922 0.429134 -0.0408544 -0.113488 0.609262 0.367114 0.00496344 -0.300787 0.0772063 0.308213 -0.185122 0.148958 0.507302 -0.694393 -0.0514251 0.480531 -0.423229 -0.327726 0.495891 -0.217538 0.0574998 -0.535686 0.0668551 -0.141974 0.340396 0.767342 0.294296 0.66102 -0.186752 -0.420046 -0.565358 0.155052 -0.34062 0.248455 0.179183 0.280083 -0.582146 0.199633 -0.0467745 0.458834 0.6698 0.120421 -0.212368 0.526958 0.208186 -0.291507 0.5517 -0.406346 0.0894905 0.0548475 -0.776862 -0.0777156 -0.42089 0.755676 0.728039 0.489269 -0.68303 0.361976 0.45132 -0.178483 -0.96078 0.486119 0.299267 0.522769 0.490581 0.123214 0.264721 0.287375 -0.98458 -0.110587 -0.657593 0.317069 -0.568817 -0.464354 -0.422695 0.120373 -0.247736 -0.155827 0.0854581 0.0471079 0.180867 0.631685 0.0859873 -0.750484 -0.128299 0.492287 0.23712 0.588768 0.24957 0.232542 0.203468 0.150408 0.387875 0.222654 -0.472005 -0.00912827 0.479546 -0.711812 -0.164391 0.706623 0.577955 -0.41518 -0.217555 0.509896 0.240368 -0.270304 0.010274 -0.902632 0.746308 -0.641637 0.161914 0.413708 0.283812 0.00264824 -0.197471 -0.147809 -0.602397 0.923719 -0.167666 -0.19685 -0.0294687 0.492989 -0.0379585 -0.361069 0.630824 0.435585 0.481915 0.0654489 -0.19538 -0.100931 0.27663 -0.337343 0.750143 0.489951 0.51221 0.353713 -0.509447 0.391439 -0.236799 0.5745 0.668276 0.0828392 0.495445 0.377353 -0.241286 -0.186874 -0.0991113 -0.539375 -0.370655 -0.91983 -0.649965 -0.478743 -0.727488 0.206728 -0.570955 0.0670344 -0.645763 0.416302 -0.727991 -0.851252 -0.501907 -0.787462 -0.0881055 1.2973 -0.400073 0.301253 -0.254614 -0.387169 0.583778 0.167104 -0.0860646 0.553826 -0.49826 0.606468 0.611887 0.0574655 -0.279909 0.0960782 0.713363 0.550933 1.11514 -0.647428 -0.103333 0.611392 -0.348444 -0.0880137 -0.374903 -0.674694 -0.440659 -0.593235 0.0328407 0.146202 0.26261 0.135208 -0.364226 -0.522268 0.339966 0.50645 0.0343406 -0.515209 -0.125893 -0.740943 0.660097 0.088098 
238 42 177 103 203 88 188 99 3 108 253 114 32 238 156 249 17 239 178 163 231 221 178 52 108 235 180 188 183 118 37 230 98 88 13 103 36 115 224 99 88 65 31 220 250 227 45 232 173 73 227 242 6 244 30 5 155 1 128 149 102 219 198 178 111 243 36 34 49 213 150 132 118 77 51 25 84 122 240 119 200 23 201 84 226 112 181 240 217 174 201 93 11 40 20 56 238 191 127 105 146 181 94 80 93 140 179 33 34 6 107 41 159 234 38 3 46 210 36 171 11 108 48 46 45 99 199 16 173 158 116 187 148 57 14 177 212 191 101 166 219 33 146 15 159 239 144 146 199 230 191 164 181 64 104 106 18 242 50 52 179 51 154 90 44 245 218 135 146 150 174 28 0 97 49 138 33 160 148 215 142 60 39 88 119 6 85 16 87 92 54 235 74 188 14 126 233 42 169 35 140 213 99 187 134 120 68 194 160 252 59 35 49 1 240 172 23 214 94 113 19 180 8 120 109 193 135 234 57 4 4 6 68 186 7 212 172 33 
0.0444474 -0.0165524 0.462176 0.323559 -0.23152 0.629964 0.0922798 0.276782 -0.578138 -0.0111759 -0.37129 -0.12743 -0.294828 0.395598 0.0531787 -0.0366406 0.355492 0.117145 -0.487033 -0.429342 0.483522 0.195649 -0.504015 0.402575 0.539902 0.142082 -0.215766 -0.444259 -0.415812 0.0600548 0.418495 -0.310679 0.855734 0.547386 -0.16352 0.69363 0.106203 -0.463842 0.0927291 0.000430416 0.277376 -0.260858 -0.16668 0.785393 0.0348962 -0.418131 0.0478615 -0.643489 -0.431152 0.447238 0.717453 0.658974 0.738755 0.545522 -0.280047 -0.0308485 0.080397 0.05902 -0.0734372 -0.430152 -0.578423 0.732714 0.122165 -0.391301 0.607535 0.122484 -0.507675 -0.581071 -0.55813 -0.129377 -0.456516 -0.570798 -0.874949 -0.288507 0.359355 -0.196684 -0.166611 0.345656 0.193234 0.120073 -0.0307582 -0.805989 -0.206447 0.567617 0.157127 0.460197 0.300095 0.868293 -0.242973 0.650286 -0.0338701 -0.163936 0.31152 0.680034 -0.0105047 -0.337486 -0.257447 -0.73543 -0.329454 -0.354283 -0.95411 0.150011 -0.0278765 -0.792312 -0.775957 0.245054 0.253168 0.479522 -0.608496 0.0841276 0.425251 -0.179432 -0.316525 -0.537865 0.268104 0.290127 0.229477 -0.413567 -0.760847 0.458872 1.12514 -0.398842 -0.0753208 0.418239 0.946405 0.0748613 0.0510006 0.362044 -0.00992579 -0.171068 -0.388444 -0.189427 0.141808 -0.16499 -0.055725 -0.0285975 0.194926 0.112591 0.632636 0.639113 -0.689211 0.0678644 -0.146111 0.291248 -0.81382 0.531505 -0.26004 -0.0954452 0.263358 0.398717 -0.125198 0.23085 -0.0348073 -0.00883316 -0.453501 -0.453089 0.143244 0.735764 -0.548452 -0.0355075 0.522326 0.385456 0.664433 -0.163472 0.154357 0.420038 0.761202 0.375688 0.627037 -0.337709 0.607798 0.286033 0.0926366 -0.221266 -0.056876 0.577363 -0.0486909 0.525634 -1.04108 -0.4656 -0.266423 0.277326 0.0299008 0.654767 0.148931 -0.710739 0.540945 -0.371267 0.478505 1.19491 -0.608361 0.14521 -0.127654 -0.615562 0.194666 0.659482 -0.416801 0.281285 0.0351051 -0.209948 0.107545 0.025946 -0.530123 1.01174 -0.353082 0.267827 0.780069 0.174156 -0.0957086 -0.272271 0.236347 -0.399126 0.447229 0.532019 -0.303544 0.58161 0.317699 -0.0865385 -0.204592 -0.100849 -0.148728 0.269906 -0.378252 -0.25838 0.538425 0.828636 0.678861 -0.454066 0.175764 0.818262 -0.666586 0.448498 -0.0795199 0.0780056 0.802964 0.076835 1.22158 0.35556 
210 154 46 77 228 138 210 220 183 42 88 78 220 10 143 127 198 51 192 53 55 227 94 252 97 142 11 26 202 99 109 234 109 32 55 224 130 121 53 182 199 106 255 13 124 126 226 16 85 217 232 244 57 255 243 133 100 159 147 201 115 186 196 114 171 227 113 150 152 253 108 11 169 66 25 130 84 41 48 21 89 116 84 156 139 66 118 117 9 86 158 236 227 20 22 251 73 74 212 247 23 17 5 76 61 84 7 130 89 83 72 133 85 124 105 96 0 251 196 231 0 208 15 200 50 82 192 229 175 43 176 81 62 78 250 173 81 229 120 27 84 190 228 68 109 95 42 18 241 137 207 177 37 59 191 6 62 252 6 252 190 18 208 20 204 89 126 130 194 148 85 132 217 243 131 127 197 230 195 5 204 163 51 34 148 2 140 153 73 170 222 113 33 36 241 3 114 27 190 175 124 117 45 109 63 166 184 125 19 132 75 152 128 227 42 7 233 26 228 185 19 241 102 142 18 186 13 192 9 75 224 173 229 30 166 24 229 119 
-0.23231 0.0238595 -0.54018 -0.0703984 0.542609 -0.570151 0.243804 0.116941 -0.155365 -0.0702407 -0.0322447 -0.103988 0.224883 -0.0860725 -0.657057 0.444434 0.367791 -0.0488397 0.593866 0.0474317 0.11759 0.516561 -0.48683 -0.148602 0.174269 -0.160126 0.043185 0.0675329 0.194517 -0.378103 0.220649 -0.168346 -0.60845 -0.19983 0.283015 -0.748632 -0.475889 0.184601 0.931452 0.220615 -0.628627 0.517902 0.236384 0.541181 -0.175645 -0.634303 0.135074 0.272829 0.306261 0.692012 -0.181362 -0.370146 0.10314 0.0543014 0.236036 1.10688 -0.382222 0.18874 0.326396 0.475396 1.05671 -0.58753 0.383876 0.610162 0.35755 0.332385 0.810777 -0.199317 0.544054 0.00947982 -0.735688 0.693229 -0.580086 0.0624585 0.215281 0.198233 -0.319673 0.749834 -0.191244 -0.297552 -0.187219 0.528989 -0.35405 -0.234182 0.375923 -0.0359116 -0.0061317 -0.411605 -0.704967 -0.248112 0.502547 0.452513 -0.114974 -0.201944 0.581292 -0.153453 0.137316 -0.274943 -0.0824344 0.730323 0.235835 0.307969 0.824677 0.0575224 -0.436688 0.362295 -0.435233 -0.254261 -0.775354 0.128676 -0.744004 -0.331637 -0.0275815 0.160744 0.283354 -0.384909 -0.583673 -0.357434 0.0748473 0.304682 0.222694 0.426933 0.116097 0.293598 0.485432 -0.11956 0.185882 -0.131102 -0.202083 0.770645 0.389483 -0.474606 0.00107251 0.0769567 0.11404 0.367758 0.113756 0.56144 -0.00980268 -0.459478 0.245335 0.644917 -0.560969 0.19783 -0.177091 0.128588 -0.869809 -0.159443 -0.379841 -0.782304 0.410141 0.712414 0.382268 -0.501326 0.161176 -0.73405 -0.0537788 0.95696 -0.132812 -0.636614 0.123625 0.669681 0.218737 -0.64419 -0.0613017 0.09895 0.346728 -0.374853 -0.231329 0.380518 -0.132939 -0.00695889 -0.583053 0.323345 0.782881 0.17525 -0.336648 0.63737 0.130358 0.259349 0.370875 -0.149723 0.903109 0.0381006 -0.270674 -0.294701 0.270518 0.749423 0.178004 0.70391 0.688965 0.723225 0.919293 -0.12187 -0.919586 -0.158377 -0.273968 0.338787 0.155352 -0.525487 -0.653173 0.962055 -0.194915 0.284477 -0.0383669 0.312199 -0.627396 0.6057 0.307715 0.574842 -0.383898 0.318274 -0.588444 -0.187462 -0.229776 -0.198189 -0.196298 0.115958 -0.295424 0.664572 -0.134059 -1.22142 -0.545803 -0.730399 -0.760326 0.774625 -0.0109555 0.458142 -0.73212 -0.421284 0.47988 -0.282306 0.182196 -0.199923 -0.555136 -0.252218 0.151288 0.726537 
227 200 163 105 135 49 168 42 114 214 177 117 136 130 158 41 149 52 210 243 15 96 169 81 94 121 179 207 108 227 122 58 124 149 248 178 90 63 77 132 58 161 40 131 196 39 45 24 50 170 6 206 120 50 7 49 30 91 176 159 55 253 234 213 226 113 192 213 1 73 169 144 227 156 106 149 169 163 37 173 182 213 47 194 183 117 61 3 191 58 57 122 186 183 172 30 237 215 106 159 169 196 163 46 249 218 75 137 245 36 77 64 249 93 184 148 131 0 115 127 158 200 222 17 36 27 46 67 41 132 17 217 97 44 182 56 129 140 57 100 49 202 151 101 163 249 44 19 75 44 178 144 149 62 145 61 71 49 152 33 14 16 71 255 130 74 149 96 166 223 52 150 145 176 17 143 207 124 113 193 254 245 10 203 34 35 254 70 80 106 192 125 69 37 71 83 109 19 225 229 117 56 122 58 146 251 44 248 188 59 249 15 83 164 68 88 128 109 80 155 142 84 219 87 235 78 174 101 162 242 142 136 97 211 216 104 244 130 
0.517713 0.469338 -0.189422 -0.132563 -0.659647 0.73816 0.250229 0.121588 -0.360315 -0.871117 -0.768813 0.0381115 -0.213858 -1.03198 0.400778 0.0885216 1.04261 0.0892967 -0.37122 0.0535148 -0.768429 0.55304 -0.448022 0.573568 0.834623 -0.766569 -0.510518 0.572855 -0.516573 0.348083 0.523666 -0.351862 -0.0788457 0.422125 0.995334 -0.564765 -0.594726 -0.135655 -0.388121 0.668895 0.166159 -0.367218 -0.711607 -0.270742 0.174347 0.585134 -0.724949 0.0410266 -0.729103 -0.0151239 0.176327 0.354683 -0.364555 0.799014 -0.410319 0.123739 -0.228953 -0.0279046 -0.352112 0.123241 -0.256146 0.396138 -0.886814 -0.437651 -0.613086 0.442794 -0.918176 0.155934 0.274453 0.539913 0.328969 -0.359852 -0.0082001 -0.307379 0.627904 -0.207913 0.630453 -0.418081 0.0788221 -0.103359 0.417857 0.0899442 -0.148973 -0.228904 0.42737 0.637235 0.185521 0.454104 0.344951 -0.330077 0.236428 0.194965 0.632294 0.596407 0.209536 -0.301379 -0.489656 -0.964471 -0.477325 0.472001 0.141999 -0.251398 -0.629363 0.474828 -0.657512 0.359778 -0.236344 0.0102585 -0.571174 -0.633185 -0.578073 0.563375 -0.0491135 0.0955148 0.420236 0.649652 0.667562 -0.490822 -0.186325 0.610996 0.735066 -1.68819e-005 -0.229224 0.434208 -0.0448083 -0.083867 -0.368415 -0.156605 0.312085 -0.262607 0.884102 -0.379701 0.57475 -0.476454 -0.561221 0.315054 -0.128483 -0.58167 0.254371 0.220311 0.180458 1.02047 -0.494516 -0.239274 -0.317353 -0.0622142 -0.587982 -0.0199628 0.630558 -0.541267 0.504263 0.948021 0.0875861 0.28502 -0.677862 -0.146083 0.314265 0.256592 -0.0606822 -0.0476348 0.887726 -0.016778 0.531345 0.283956 -0.760688 -0.398758 -0.728093 -0.991117 -0.345898 -0.177132 -0.754869 0.12885 -0.560922 0.536081 0.353518 -0.0565601 0.586898 0.0890592 -0.65107 0.145215 -0.359378 0.310734 0.168804 0.411962 0.415348 -0.798757 0.154083 0.452374 0.252291 -0.588211 0.545304 -0.00697075 -0.606058 -0.383282 -0.131656 -0.225439 -0.220978 -0.347775 0.523461 -0.282898 0.213932 -0.187218 -0.376435 0.488112 0.42773 -0.0471725 -0.156051 -0.191092 0.0600973 0.0591674 0.176849 -0.893258 -0.0683229 0.0463508 -0.300525 -0.0999033 0.0259732 0.619748 0.654254 0.068053 -0.00609356 -0.812593 0.176091 0.24032 -0.564395 -0.359474 0.739476 -0.046526 -0.345153 0.5549 0.63691 -0.169138 0.865289 0.449197 -0.01959 -0.180444 -0.978271 0.172502 
52 163 67 240 16 122 71 55 127 247 0 221 47 202 105 80 68 174 7 119 111 204 8 168 83 20 27 31 50 71 153 33 69 238 8 172 237 113 201 112 116 132 232 84 87 9 244 100 142 111 202 141 229 187 107 125 36 171 16 66 153 107 174 102 96 7 90 247 21 2 207 54 206 52 112 86 245 228 175 117 231 130 155 174 38 0 150 0 132 145 138 76 91 166 36 247 63 170 155 253 16 220 174 207 32 112 164 182 231 53 182 243 74 47 69 116 25 122 91 207 247 253 86 226 140 251 156 6 126 24 73 171 193 163 203 207 109 195 206 246 66 95 76 242 219 96 115 197 61 136 83 173 128 107 251 135 5 160 134 208 122 89 9 27 84 134 74 10 64 106 121 151 151 130 82 32 188 118 35 138 107 140 5 55 39 188 147 80 97 64 71 249 55 26 195 100 40 169 250 115 239 87 26 120 79 55 167 236 108 69 179 22 151 243 4 96 176 251 69 23 245 83 11 238 97 234 82 237 38 246 205 45 187 18 15 84 141 250 
-0.357128 -0.715808 0.279942 -0.263642 0.481574 0.369489 -0.0937356 0.0390525 0.126266 -0.00182491 -0.559347 -0.299776 0.225385 -0.00565766 -0.715056 -0.0906306 0.403286 0.838864 -0.106339 -0.555416 -0.434986 -0.610106 0.615272 -0.456822 0.0241276 -0.621339 -0.467705 -0.445491 0.389859 -0.0638225 0.397603 0.667092 -0.683458 -0.439565 -0.488834 -0.230619 -0.100329 -0.452143 -0.238986 -0.250316 -0.13284 0.157584 -0.0317956 0.294744 0.547416 -0.643272 0.211943 -0.362692 0.167635 0.165918 -0.151349 -0.228165 -0.327539 -0.21175 0.228895 -0.530478 0.364556 0.697634 0.200345 0.0773777 -0.41701 -0.0305784 0.509761 -0.384452 0.753847 0.587249 0.0615127 0.17697 0.742073 0.568135 0.104676 0.359644 0.316478 0.538449 -0.180469 -0.00260986 0.365014 0.252954 0.347449 -0.0634743 -1.33383 -0.266462 -0.3362 -0.185831 0.126735 -0.608335 -0.340283 -0.356675 0.643308 -0.053708 0.0200508 0.553297 0.454597 -0.68633 0.239691 0.147174 0.120496 0.602969 0.882977 0.955019 -0.232349 0.0583053 -0.168749 -0.77045 -0.362194 0.674041 -0.0760197 1.13687 -0.118858 -0.269643 0.276981 0.0851651 0.608793 -0.81906 -0.152926 -0.146205 -0.426793 0.662818 0.114497 -0.487109 -0.407976 -0.419806 -0.418491 0.0455249 0.183591 -0.00787782 0.377817 -0.448141 -0.675076 -0.869164 0.192414 0.0191418 0.00819412 -0.230119 0.00998701 -0.703038 -1.04456 0.205707 0.0797678 0.251916 -0.446858 0.234359 -0.202568 0.436406 0.518154 0.714024 0.45719 -0.750187 -0.901321 -0.237314 0.548228 0.0833528 0.754578 0.401041 -0.0675307 -0.414482 0.421453 0.293008 0.423264 -0.0181315 0.387435 0.581655 0.408255 0.422177 0.00709901 0.00296025 0.536944 -0.0548458 -0.554272 -0.189151 0.360153 0.485495 -0.52544 -0.882958 0.698178 0.142288 -1.0205 -0.447595 -0.0866299 0.705502 -0.839172 -0.471617 0.4361 -0.310986 -0.392824 -0.426309 -0.759011 -0.0291632 0.312749 0.563591 -0.655342 -0.020254 0.321996 0.383756 -0.0416374 -0.619458 0.478164 -0.163885 0.561249 -0.571342 -0.34414 -0.256514 0.463708 -0.187075 1.00176 -0.0605861 -0.041029 -0.149374 -0.0156686 0.17998 0.0819168 0.322342 0.101851 -0.46973 -0.503599 -0.203127 0.499252 0.219223 0.310907 0.756755 0.48905 0.10092 -0.796986 0.220428 -0.733704 0.696174 -0.129535 -0.325429 0.451418 0.543413 -0.349226 -0.0822274 0.171038 0.658718 0.14849 0.186724 -0.455296 -0.326376 
33 107 35 235 95 90 228 20 30 150 143 28 44 212 120 130 138 140 1 151 213 137 106 86 181 11 38 133 142 197 237 87 225 6 247 200 135 247 250 172 81 68 94 196 212 101 112 202 111 63 254 117 39 189 82 30 91 49 112 64 193 214 223 30 5 217 63 88 185 107 155 252 108 62 115 52 179 151 137 192 22 23 69 167 240 200 150 250 234 162 203 223 97 188 31 180 120 159 252 178 241 37 125 25 50 139 64 241 211 8 129 1 201 250 62 122 180 202 120 23 63 45 183 71 116 143 18 64 184 170 198 67 127 53 21 49 104 80 91 87 237 60 10 98 87 227 254 115 156 218 124 190 76 87 249 84 143 246 161 171 58 166 127 114 33 97 253 164 44 130 231 49 112 103 5 37 167 2 4 62 143 127 187 151 29 202 72 174 31 147 165 58 233 123 85 173 167 129 85 191 184 51 156 165 129 223 112 81 141 146 163 244 191 56 59 90 6 82 79 77 205 92 146 247 236 121 180 208 212 101 34 35 148 58 0 59 195 85 
0.343907 -0.386566 -0.329421 -0.545758 -0.859991 -0.0244628 -0.221295 -0.30034 0.65785 0.333442 0.0538181 -0.0245943 -0.436872 0.333193 0.155978 -0.169009 0.452909 0.625997 -0.654972 -0.347793 -0.266802 0.853862 -0.282518 0.121954 0.449519 0.465018 -0.277639 -0.17757 0.150748 0.254805 0.303334 0.162964 0.340407 1.03944 0.515459 -0.417723 0.344872 -0.0573686 0.171601 -0.299253 -0.0249928 0.168262 -0.24027 0.576348 1.15345 0.0495821 0.532829 -0.0169054 -0.325147 -0.353659 0.269749 0.16053 -0.419563 -0.172905 1.1091 0.504933 -0.0996677 -0.522026 0.759485 -0.68037 0.260192 -0.635545 0.314278 0.174834 -0.142817 0.444747 0.109949 0.407936 0.617868 -0.730984 -1.08079 -0.623194 0.157846 0.475349 0.335329 -0.345685 0.0192408 -0.414153 -0.265938 0.745106 0.540044 0.168713 0.832993 0.384167 0.0977646 -0.323582 0.179222 0.198806 -0.284688 -0.462768 0.0828218 0.0363727 0.450644 -0.826573 -0.597732 -0.666575 -0.174739 -0.521158 0.252169 0.658128 -0.150578 0.171652 -0.336972 -0.249946 -0.396696 -0.215035 -0.111654 -0.00124651 0.492715 -0.859841 0.342267 0.429701 -0.744022 -0.676236 -0.682568 0.557357 0.521758 0.397454 0.159376 -0.645483 -0.110922 0.244769 -0.128776 -0.545249 -0.30197 -0.197705 -0.642721 0.132925 -0.0236999 0.532645 -1.013 0.49405 -0.503956 -0.342806 0.115112 0.918255 -0.690223 -0.804674 0.330276 0.0879122 -0.0826016 -0.373729 0.556 -0.0101683 0.834231 0.230711 -0.231958 -0.962442 -0.379215 0.0477474 -0.0783564 -0.56954 0.16823 0.12536 1.03658 -0.457283 -0.00956713 -0.256521 0.0389557 0.34918 0.0911665 -0.741124 0.128614 0.197132 -0.136819 -0.395121 0.931917 0.846427 0.49343 -0.667414 -0.499448 -0.0798117 0.0815741 -0.7612 -0.475706 0.515805 -0.592415 0.0405526 0.670367 0.530921 -0.537453 0.162521 0.423053 -0.39789 -0.362559 0.412668 0.161141 -0.176818 0.518272 0.197533 0.0805181 -0.472853 -0.168357 -0.833379 0.126244 -0.333036 -0.00789874 -0.111088 -0.547119 0.196288 0.824809 0.280829 -0.572349 0.408365 -0.30924 -0.264763 -0.62637 -0.193464 -0.76963 -0.0684902 -0.0329828 -0.5922 -0.602887 -0.00366343 -0.615303 0.0954803 0.435714 0.126623 0.608233 -0.276207 -0.680133 -0.620071 -0.652496 0.370155 -0.766481 0.31138 0.058954 0.712222 -0.00476348 -0.391461 0.0544059 0.70311 0.56207 -0.211324 0.631306 0.0249555 -0.551327 -0.617316 
61 181 9 93 1 1 0 12 217 136 156 153 42 114 96 218 17 52 43 162 125 203 161 81 8 64 166 61 140 128 171 185 112 255 158 196 14 134 115 44 244 6 58 162 207 206 34 235 45 126 120 38 85 89 35 23 231 11 147 100 228 29 108 84 16 61 177 173 152 50 166 232 171 246 44 170 141 69 84 151 146 205 214 161 232 176 236 47 138 252 84 249 222 115 115 8 255 224 3 120 36 80 157 41 141 146 92 22 45 75 240 45 186 242 71 153 161 146 211 162 129 96 29 138 142 69 127 26 217 17 109 43 107 232 247 39 200 33 218 233 173 109 137 189 97 173 135 206 84 226 221 172 238 88 117 20 17 181 21 204 158 10 223 115 105 185 54 221 225 31 147 4 158 205 122 58 164 181 162 218 171 223 125 42 187 64 67 106 218 200 241 118 176 169 27 53 124 55 123 193 38 251 225 134 42 175 247 18 122 28 31 5 173 251 73 196 97 193 91 175 63 109 216 119 250 220 237 97 56 20 242 24 247 252 31 165 101 142 
0.28524 0.0359428 0.999959 0.477073 1.06554 0.142669 -0.676465 -0.661552 0.0210418 0.0328751 -0.0156275 0.198869 0.410357 0.503334 -0.125039 0.887882 0.635052 -0.40642 -0.54777 -0.104909 -0.25886 -0.745506 -0.480021 -0.519277 0.290591 -0.659463 0.525263 0.376397 -0.0960842 0.224091 -0.18541 -0.671244 0.238323 -0.00899407 -0.48337 -0.782964 -0.594705 -0.506114 -0.411891 -0.59998 0.391034 -0.603603 -0.443907 -0.69667 -0.0676512 -0.537856 -0.358148 -0.0153484 -0.44858 -0.557504 -0.995 0.208159 -0.466833 -0.246645 -0.231041 0.0266169 -0.805075 -0.660663 0.0935781 0.395738 -0.191033 -0.527048 0.17053 -0.908172 0.510676 -0.120624 -1.02107 -0.0926186 0.451863 -0.23251 0.745575 0.459038 -1.12213 -0.229561 -0.0918155 0.0307637 -0.0498627 -0.488897 -0.2892 0.578788 -0.829391 -0.776386 -0.274953 0.372326 0.424257 -0.250118 -0.4557 0.246257 -0.179628 -0.613208 -0.423527 0.210906 0.178111 -0.614938 0.441191 0.696185 -0.346366 0.181795 -1.29304 0.435934 -0.405044 0.0938923 -0.571929 -0.108719 -0.394304 0.431394 -0.402714 -0.420564 0.956234 -0.281762 0.533328 0.0375932 -0.381287 -0.543676 -0.318789 -0.398023 -0.788607 0.263669 0.274844 -0.245475 -0.026965 -0.0269262 -0.196765 0.724155 0.114383 -0.166673 0.508523 0.482742 0.315446 -0.456268 -0.528666 -0.847775 -0.0178503 -0.60671 -0.533099 -0.767273 0.0284679 0.0468734 0.0941006 -0.140622 -0.00946435 0.151078 -0.298324 0.0326116 1.01687 0.0920973 -0.0742958 0.181778 -0.170735 -0.243142 0.156494 -0.255211 -0.354184 0.494493 -0.418125 -0.637027 -0.475232 -0.173856 -0.541215 0.672794 0.719561 -0.151815 0.00624693 -0.11988 0.512881 0.579938 0.645524 -0.671286 0.0602201 0.159791 -0.115964 0.296123 -0.302623 -0.30193 0.50708 0.503206 0.852503 -0.828379 0.0239307 -0.481307 -0.761434 0.838832 -0.588634 1.01737 0.448037 0.0181402 0.324303 -0.527494 0.066378 -0.217961 0.605881 -0.338672 -0.196498 -0.72085 -0.394446 -0.179156 -0.0240669 -0.0506163 -0.50662 -0.341312 -0.159691 0.327259 -0.657625 -0.669798 -0.438192 -0.446328 0.0788549 -0.563957 -0.149574 0.16664 0.397363 -0.17122 -0.117999 -0.204009 -0.253312 0.11563 0.461504 -0.318237 -0.207287 0.397978 -0.000878455 0.152805 -0.671384 -0.754039 -0.385757 0.384335 0.399713 0.0716119 -0.538384 -0.122756 -0.388306 0.403266 -0.47809 -0.419591 -0.0406984 -1.06923 -0.396307 -0.195787 
161 213 229 241 117 162 209 98 217 58 78 100 144 230 206 169 160 214 48 142 67 212 46 202 81 18 158 163 28 59 19 254 178 241 170 148 18 162 15 128 75 90 223 141 4 58 122 104 98 95 173 151 216 72 51 29 205 158 252 62 112 189 212 32 85 60 177 198 37 224 177 138 235 3 33 227 4 9 107 167 37 51 146 72 85 60 93 177 207 89 243 165 161 100 105 85 31 16 200 225 107 113 65 54 245 31 230 57 126 191 21 3 123 157 66 87 235 188 78 59 211 223 230 227 113 145 133 219 37 160 235 116 210 107 255 126 119 247 55 242 128 106 11 91 55 90 47 94 252 254 175 94 207 93 23 96 129 104 177 123 164 172 88 156 226 79 196 178 211 228 201 0 151 119 144 167 96 244 252 111 95 110 111 218 116 55 148 213 144 114 85 65 82 12 93 23 46 181 197 162 150 105 251 45 0 186 85 188 212 100 126 244 47 97 5 251 73 19 209 253 213 11 37 87 47 202 78 72 250 46 156 247 220 21 52 99 133 197 
0.923173 -0.618506 -0.309774 -0.130446 -0.0422757 0.0766035 -0.29588 0.0245845 0.614649 -0.503444 -0.0834202 -0.928387 0.530412 -0.126546 0.274749 -0.214093 1.08554 -0.382839 0.578595 -0.159912 -0.548209 0.0324657 0.0187598 0.548638 0.31229 -0.296794 -1.32951 -0.708701 0.393336 0.437834 0.265771 0.504404 0.659064 -0.244492 0.404765 -0.829007 0.547881 0.199106 0.553577 -0.284403 -0.721819 0.0206456 -0.111212 -0.0247755 0.0226925 0.421837 -0.314659 0.393059 0.665624 -0.271632 -1.08303 -0.61041 0.137195 -0.724754 0.48895 0.282 -0.40326 0.711167 -0.841031 -0.522968 -0.84325 0.33045 0.230101 0.561487 0.82348 -0.594539 -0.113091 0.343514 0.409407 0.00386161 0.273247 0.235071 -0.0442482 0.783489 0.0337625 0.131658 0.331658 -0.119694 -0.884643 -0.58372 -0.28674 0.421342 0.529711 0.585491 -0.0536975 -0.482001 0.389771 -0.275543 -0.305431 -0.382638 0.693729 -0.385117 -0.478701 0.508047 0.291956 -0.0193196 0.297601 -0.416639 -0.238056 -0.440166 0.436828 -0.717367 -0.564416 0.402953 -0.444265 0.510327 -0.343349 -0.484315 -0.335262 0.287153 0.0768962 0.287009 -0.382045 0.823875 0.641671 0.533147 0.205966 0.499328 0.0984459 0.306878 0.175499 0.180229 0.220767 0.525105 -0.599213 0.377487 -0.149402 0.319004 -0.168311 -0.232539 -0.26685 -0.194203 0.0554469 0.0894373 -0.908587 0.700027 -0.217608 0.370148 0.219297 -0.428048 0.228402 -0.568243 0.28012 0.589966 -0.528823 -0.259612 -0.922838 -1.23703 0.157337 0.4973 -0.422439 -0.158942 -0.14263 0.438716 -0.0322338 0.484147 -0.420682 -0.413194 -0.254177 -0.110925 -0.00925079 0.519012 -0.483479 0.0207924 -0.39708 0.0625826 0.0734523 -0.463593 -0.34528 0.0442499 0.235505 -0.606726 0.71686 -1.069 0.882504 0.500986 -0.311999 0.108029 0.83063 0.196095 -0.525127 0.423206 -0.271083 0.00568122 0.00166307 0.364753 -0.579655 0.123655 -0.210076 -0.941136 0.627037 0.0622432 -0.0864467 -0.395601 -0.467011 -0.328335 0.346002 -0.222158 -0.160031 -0.0937363 -0.4725 0.329499 -0.754188 -0.426106 0.538599 0.293596 -0.620451 0.207404 -0.330884 0.0304348 0.179444 0.6155 0.248964 -0.611618 -0.967962 0.55957 0.796186 0.0744417 -0.120247 0.084782 -0.675047 0.698155 -0.283576 0.394953 -0.614331 -0.261711 0.0762383 0.223912 0.332303 -0.0548083 0.000444959 -0.166366 -0.102315 0.617571 -0.241345 0.165217 0.815741 0.149233 
232 222 215 96 119 68 244 149 218 120 79 206 73 130 5 205 173 23 65 181 19 190 25 253 75 251 97 101 51 191 191 53 240 52 141 95 24 245 89 100 186 214 216 124 122 134 196 66 141 89 193 200 33 168 236 185 92 78 126 29 248 178 246 205 16 99 191 165 164 213 247 145 213 130 198 196 150 244 226 38 50 46 189 196 150 198 228 70 57 203 144 200 16 1 34 61 98 198 72 89 77 46 77 0 253 92 251 64 85 141 41 238 209 140 210 163 74 119 172 128 2 102 151 28 144 212 108 182 45 182 122 84 37 37 191 84 34 146 88 156 164 17 217 151 44 67 59 45 176 37 20 252 192 109 238 7 19 130 3 99 120 226 204 94 113 35 168 222 57 253 155 134 198 133 151 129 26 179 31 248 12 101 174 162 69 87 231 76 10 110 168 208 10 164 164 95 170 117 28 212 105 102 6 254 21 81 76 43 0 4 202 40 98 42 237 236 23 38 112 180 105 252 105 175 228 198 160 219 172 239 112 59 201 156 248 140 133 170 
-0.373031 -0.0404598 -0.730463 0.512178 -0.472626 0.443346 0.00965497 0.808476 -0.381064 0.506068 0.86272 0.504257 0.500011 -0.0833124 0.234885 0.137821 0.741317 0.854691 0.752862 -0.121834 -0.025194 0.00250363 -0.196182 0.573706 -0.533856 -0.245194 -0.47183 -0.344569 -0.565762 0.888004 0.239882 0.102107 0.608066 0.36864 0.2109 -0.430073 0.428918 0.0461673 0.298491 -0.379492 -0.245779 -0.282934 -0.114652 0.0141833 -0.953741 -0.0776433 0.420217 0.000598183 -0.413639 -0.878195 0.265123 0.0502278 0.394438 0.108862 0.360488 0.695491 0.151254 -0.765025 0.0483033 -0.642374 0.473151 -0.480858 -0.525897 0.218658 -1.01335 0.428501 0.115142 0.112278 0.408734 -0.518841 0.610985 0.704286 -0.339969 -0.494983 -0.67832 0.622152 0.193389 0.209925 0.146469 -0.684858 0.114319 0.535476 -0.0632201 0.41055 -0.576801 -0.773706 0.824855 -0.507114 -0.562535 0.474196 0.263898 0.192817 -0.113002 -0.436078 0.493852 0.20406 -0.0694505 -0.482889 -1.00928 0.163284 -0.0890781 -0.444491 1.24314 -0.304264 -0.488627 -0.405479 -0.817623 -0.412673 -0.49133 -0.168981 -0.91616 0.232936 0.188741 -0.152646 0.811529 -0.0518754 -0.294625 -0.346354 -0.154058 -0.198981 0.528962 -0.357701 0.0628101 0.390183 -1.05568 0.00162219 0.477171 -0.343397 0.674612 -0.465961 0.389536 0.225222 -0.62072 0.41266 -0.39075 0.408294 0.743274 0.662447 0.119769 0.118917 0.0543545 -0.0982993 0.098575 -0.409766 0.170453 -0.308921 -0.585194 -0.431881 -0.58906 -0.917742 0.000912785 -0.0749631 -0.311631 -0.127853 0.455466 -0.420341 0.379372 0.145647 -0.316693 0.215888 0.0646597 0.505233 -0.375276 -0.814748 0.133522 0.0864565 -0.182304 -0.274244 -0.443645 0.51051 0.936475 0.623758 0.210947 0.427315 -0.955399 0.457329 0.00366983 -0.472178 -0.15865 0.00156745 0.518168 -0.408515 -0.542795 -0.307684 0.190612 -0.212481 0.289888 0.188915 0.180459 0.439895 -0.216102 0.287066 -0.0483293 0.504217 -0.0197745 0.488769 -0.673201 -0.114237 -0.18344 -0.3518 -0.0536615 0.210699 -0.621156 0.158258 0.162819 0.312023 0.0810849 0.0927667 0.455041 0.111129 -0.169072 -0.213277 -0.271368 -0.171424 0.3721 -0.624159 0.26882 -0.417004 0.345873 -0.31617 -0.463091 0.722627 0.313513 -0.459673 0.00304959 0.365809 -0.676094 -0.072511 0.544905 0.669096 -0.491358 -0.428393 -0.00369242 0.0750455 0.427194 0.93869 0.545561 0.131965 
211 73 17 4 128 117 49 46 22 56 176 81 211 125 235 158 61 245 73 23 227 208 192 248 203 153 241 179 237 105 42 69 221 210 185 181 28 233 53 150 220 12 185 90 194 230 117 103 86 180 63 163 38 115 48 161 76 37 205 182 177 242 20 168 72 79 118 154 195 236 39 166 159 30 129 206 230 116 24 54 38 123 135 204 6 9 101 182 147 13 69 110 224 111 175 221 109 231 160 247 188 180 146 191 13 212 120 191 168 48 181 27 193 102 231 141 66 164 226 33 55 232 246 180 85 51 56 179 26 45 56 84 204 143 252 121 108 246 249 69 87 129 196 207 18 234 12 11 31 84 244 15 157 46 0 244 207 148 175 150 222 92 66 230 222 15 118 122 227 120 167 241 213 99 210 93 76 216 228 23 160 139 60 107 189 125 236 143 123 12 207 181 169 132 10 116 18 51 121 209 138 26 232 152 72 127 68 252 204 162 173 151 148 125 91 137 130 123 221 229 248 127 191 173 172 166 53 79 179 44 103 177 83 19 121 112 61 58 
0.482434 -0.0218464 -0.432245 -0.619168 0.457042 0.459952 0.736747 0.558598 0.253862 -0.554369 -0.393988 -0.0829945 -0.272872 -0.305365 0.561575 -0.556301 -0.0383166 -0.154592 -0.842064 -0.371661 0.0709455 0.583799 -0.733902 -0.603294 -0.210683 -0.383384 0.718297 -0.430491 -0.912964 -0.313617 -0.435649 -0.243236 -0.558911 0.198263 -0.397394 -0.559944 -0.592334 -0.641281 -0.462867 -0.0128843 0.588648 -0.105595 0.45857 0.0941713 0.572492 0.262766 0.150255 -0.124601 0.831987 -0.189891 -0.397095 -0.416126 0.00156422 0.720335 -0.501573 0.195666 0.0957978 0.632511 0.0729751 0.387951 -0.53176 0.494428 -0.0136654 -0.121125 -0.385925 0.621828 -0.225043 -0.874464 0.966643 -0.201433 -0.505867 -0.490184 -0.105493 -0.422374 -0.900948 0.101403 0.385007 -0.0213551 -1.16085 -0.501244 -0.696608 0.330348 -0.33399 -0.254374 0.0757641 0.176763 -0.518428 -0.0942607 0.658749 -0.320615 -0.365629 -0.990742 0.377731 -0.406781 0.641236 -0.144199 0.52824 0.285635 -0.785592 -0.659487 0.158847 -0.765861 0.693739 0.410197 0.544123 -0.307148 0.209653 0.160278 0.545099 0.556366 0.974425 -0.354637 0.148156 0.600897 -0.531498 0.520687 -0.759987 0.504436 0.283202 0.237295 -0.0726703 0.457793 0.0447407 0.489981 -0.0782299 0.0755528 -0.247894 0.0456746 0.105708 -0.251986 0.434328 -0.0448569 0.810089 0.414242 0.0207719 -0.454093 0.5955 -0.612499 0.0494984 -0.424092 0.0569643 0.0385217 0.582923 0.57536 0.316928 0.0345356 -0.36481 0.607634 -0.724306 -0.125845 0.717147 -0.446266 0.106972 0.400074 -0.115948 -0.927185 0.0306721 -0.15038 0.239008 -0.551426 0.325791 0.326429 -0.0279333 -0.461711 -0.164359 0.449419 0.759098 0.495109 -0.142286 0.0938767 -0.402147 -0.349812 -0.0403112 -0.59138 0.695398 0.0240241 -0.317566 -0.959276 -0.191849 -0.523965 -0.959653 -0.150954 0.414292 0.864031 0.175212 -0.17285 -0.485035 0.866175 0.554434 0.633994 -0.0941942 0.806302 0.386837 0.138527 -0.0192222 -0.113411 -0.514445 -0.104605 0.994046 0.259918 0.552905 -0.30401 -0.446218 0.318212 -0.165902 -0.709757 -0.303114 0.468689 0.59702 -0.185666 -0.287767 -0.613339 0.324804 0.412833 0.00691437 0.814548 0.0764596 0.326734 -0.459445 -0.165973 0.936735 0.594136 -0.458396 0.10652 0.812833 -0.552584 0.330181 0.0370921 -0.714423 -0.103908 -0.00047458 0.210099 0.219993 -0.137831 -0.0996865 0.478729 -0.44234 0.217054 
229 19 6 84 138 104 96 103 225 67 225 171 93 240 82 34 252 43 196 247 138 249 56 115 46 87 232 16 214 255 113 48 178 130 20 10 202 147 109 254 238 140 171 121 86 132 72 190 229 243 66 12 40 104 192 146 198 191 64 232 41 98 163 194 220 36 121 174 169 106 232 54 122 91 28 125 51 0 44 168 29 219 95 85 22 166 69 81 7 50 181 196 51 234 89 188 124 46 87 19 91 239 109 202 177 231 237 178 10 200 188 57 70 242 129 98 96 91 148 62 202 73 244 50 221 140 77 120 23 133 159 22 23 24 70 90 166 207 210 138 247 228 200 9 19 28 160 112 116 145 236 253 90 187 251 96 79 11 27 100 34 140 176 147 39 114 148 30 242 182 195 163 112 108 176 197 212 148 197 67 193 67 35 167 237 92 95 149 229 153 219 240 244 83 234 222 36 38 48 155 204 95 100 167 67 121 80 16 166 103 26 240 93 144 9 221 147 1 89 236 57 212 162 176 17 9 227 122 45 219 50 29 76 246 44 122 54 105 
-0.0117205 -0.465679 0.615533 0.0966147 -0.0772874 0.282111 0.100143 0.353943 0.221694 0.353571 -0.268247 -0.391568 0.759768 -1.03461 -0.195958 -0.573406 -0.79166 -0.266218 0.7088 -0.00577619 -0.545949 -0.148561 -0.240519 -0.503 -0.285296 -0.557769 -0.0422118 -0.518332 0.600039 -0.789028 -0.0576954 -0.371308 -0.685787 -0.0995351 -0.347176 0.226844 -0.762367 -0.2087 0.155264 0.84671 0.0914148 -0.620184 -0.930127 0.889335 -0.700845 0.135652 0.255599 0.0618679 -0.257175 -0.0855233 -0.978018 -0.38674 -0.922723 0.289654 0.31697 -0.289974 0.0540927 -0.0244261 -0.0234663 -0.451187 -0.191325 0.750784 0.310841 -0.12528 0.0405106 -0.290618 -0.272134 -0.583416 -0.470477 0.650169 0.482194 0.101154 0.465772 0.949349 -0.483843 -0.355017 -0.500135 -0.438621 0.817045 -0.00174245 0.468478 0.148856 -0.308824 -0.451096 -0.613468 0.40188 0.117869 -0.195494 0.55417 0.0503775 -0.59677 -0.0258074 -0.45821 0.107302 -0.271354 0.753246 0.779124 -0.282243 -0.0399586 0.21624 0.288131 -0.656182 0.270826 -0.485877 -0.433114 -0.728954 -0.458641 -0.377294 0.0790397 0.582702 -0.00494702 1.00616 -0.53617 -0.287719 0.0557552 -0.166326 0.720503 -0.373375 0.536455 -0.343199 -0.490875 0.691703 -0.424698 -0.291217 -0.662424 0.337877 -0.625004 -0.731059 -0.236787 -0.392346 0.304505 0.19839 0.446296 0.414376 0.53557 0.415366 0.284205 0.2377 -0.887792 0.215591 -0.280804 0.119381 0.0506669 -0.565328 -0.269787 -0.441865 0.569168 -0.632085 -0.640102 0.218649 0.514044 0.439355 0.915784 0.589189 0.302636 -0.219277 -0.0749372 0.61525 0.636129 0.609036 -0.395376 0.736562 -0.580708 0.14266 -0.393563 0.283184 0.0289351 -0.308025 -0.20436 -0.187973 -0.662475 0.242376 0.65667 0.51057 0.632405 0.599018 -0.210476 -0.584867 -0.305777 0.278756 0.248091 -0.167588 0.477566 -0.290913 0.421008 0.549939 -0.1719 -0.0527511 -0.0690126 0.0346976 0.827699 -0.335708 0.0425956 0.416254 -0.242622 0.296659 -0.0265416 0.829299 -0.162808 -0.0398036 0.167373 0.420899 0.327158 -0.047067 0.234719 -0.349002 0.741266 -0.684691 -0.696547 -0.00436758 -0.415549 0.618959 -0.18846 0.562115 0.75714 0.198879 -0.375546 0.152641 -0.486185 -0.365823 0.287425 -0.529678 0.0927095 -0.268128 -0.0365913 0.0079279 0.919046 -0.554268 0.425084 -0.523534 0.212878 0.289906 0.465022 0.0728832 0.0269608 0.691216 0.487509 0.19035 
64 81 80 70 59 164 102 58 123 19 44 103 214 195 113 74 74 106 22 126 35 34 4 42 93 217 140 224 86 67 246 216 110 25 57 236 111 205 120 112 34 116 104 85 242 102 106 152 171 128 104 190 74 126 210 88 227 221 90 229 162 99 131 198 223 108 204 97 30 157 198 123 37 163 194 88 218 140 40 7 210 214 32 87 73 150 54 16 230 47 182 28 144 92 238 170 179 195 113 148 245 149 93 13 238 226 46 24 121 161 130 102 62 128 25 195 25 121 6 247 168 18 230 181 92 61 196 145 171 7 76 192 37 121 72 120 180 86 246 120 150 138 205 244 23 52 85 158 24 250 110 246 120 178 1 44 135 160 38 14 186 168 133 209 193 247 150 202 117 186 185 234 156 73 140 190 71 131 232 219 192 34 250 35 187 74 189 9 168 182 46 91 82 137 40 45 200 138 97 186 141 103 240 117 139 254 36 165 182 55 166 35 46 175 150 55 132 142 219 66 96 25 61 116 59 165 192 121 114 13 210 188 105 244 226 172 154 217 
-0.295991 -0.228446 -0.410305 0.204216 -0.316253 -0.4965 0.429023 -0.00131216 0.662147 -0.912913 -0.420549 -0.536028 0.358999 -0.309227 0.339171 -0.469245 -0.647413 -1.07511 -0.200924 0.193733 -0.29598 -0.817842 0.749867 -0.813049 -0.587427 0.301935 0.384279 -0.757199 -0.856685 -0.334772 0.684428 0.0725461 0.552199 -0.0369538 -0.335444 0.441371 -0.0311238 0.297853 -0.330173 -0.981017 -0.881056 -0.621781 0.702845 -0.333234 -0.0471962 0.557009 -0.534918 0.693603 -0.359295 0.592238 0.488353 -0.345562 -0.368368 0.59993 0.0995564 -0.74454 0.0482422 0.182997 -0.638114 0.482956 0.605414 -0.0284006 0.260994 -0.170003 0.77502 0.130877 -0.239087 0.585412 0.527618 0.651457 0.747953 -0.714318 0.525737 0.330549 -0.266248 -0.134318 0.349339 -0.346826 -0.35076 -0.469702 -0.462908 -0.0860342 0.579728 0.555029 -0.520204 0.613732 -0.0353772 -0.586564 0.497923 0.393937 0.324332 0.0776663 -0.149036 0.616313 -0.235681 -0.381556 -0.839551 0.415129 0.428621 0.132343 0.511647 -0.478031 0.350675 0.243685 0.484963 0.182953 -0.383753 -0.615697 -0.142948 -0.928413 0.245698 -0.12118 0.523002 0.606098 0.136336 -0.336 0.468062 0.436238 0.571579 -0.92653 -0.646382 0.806074 -0.376213 0.102971 -0.368352 -0.5902 0.684172 -0.122892 -0.181017 0.641226 -0.554736 -0.0323978 -0.55793 -0.203144 0.267776 -0.443545 -0.210964 0.820045 -0.495567 0.105703 -0.666619 -0.243795 -0.112873 -0.37703 -0.167512 0.432242 0.0865587 -0.537375 0.412419 -0.484181 -0.75522 -0.257908 -0.298183 0.424779 0.518701 0.537793 0.496207 0.176833 0.382821 -0.19265 0.769855 0.495281 -0.0130914 -0.0983868 0.374849 0.238229 -0.636397 -0.336586 -0.247163 0.936353 -0.475939 -0.359932 -0.60111 0.45694 0.0352379 -0.245498 -0.467029 -0.0446422 0.478402 -0.450719 -0.892128 -0.836168 -0.490473 -0.535803 -0.281941 0.393996 0.165821 0.603666 -0.0658956 0.762492 -0.243213 -0.28677 0.698539 -0.241017 0.578577 0.625414 0.390777 -0.275681 0.367098 -0.564941 0.380584 -0.483106 -0.225714 0.128307 0.75493 0.117998 0.786208 0.447789 -0.419301 -0.0868864 0.018326 0.353467 -0.420393 -0.549533 -0.452464 -0.191061 -0.465262 -0.422728 -0.666514 -0.677091 -0.0154996 0.757532 0.321555 -0.0848126 0.0679929 0.408153 0.57471 -0.281746 0.849372 -0.173888 0.372446 -0.299088 0.727569 0.684214 -0.478924 -0.40425 0.21352 -0.619521 
105 255 224 65 255 27 173 97 115 236 43 131 223 1 24 189 107 3 107 58 179 140 73 97 127 207 239 52 0 135 208 147 56 98 51 128 71 57 23 7 190 26 9 253 157 16 156 48 111 53 211 163 117 139 241 11 103 105 126 225 54 232 152 241 68 79 87 150 21 194 112 166 12 81 128 3 143 132 96 251 238 40 53 159 123 188 105 150 88 116 217 63 211 240 211 144 126 242 121 176 223 116 135 152 175 16 247 59 0 191 188 249 91 21 169 23 203 18 212 152 148 18 40 107 253 235 196 58 179 99 37 23 136 106 254 75 173 162 226 103 5 41 22 60 4 17 109 101 103 233 218 182 29 123 209 139 146 87 31 188 192 170 125 34 216 191 46 17 97 104 5 171 192 114 218 84 138 31 189 99 158 169 7 27 189 125 51 161 112 33 158 107 119 57 2 25 20 184 158 244 168 231 136 118 70 136 186 151 3 249 238 11 238 12 112 70 131 32 23 237 57 251 127 75 39 125 76 11 9 198 33 178 87 161 69 131 25 124 
0.13811 -0.595737 -1.02421 0.364819 -0.035067 0.44375 0.371732 -0.652384 0.59242 0.151586 0.0514411 0.742002 0.487876 0.69136 0.589419 -0.0579699 -0.267494 0.199349 -0.679489 -0.0333626 -0.193362 1.02779 0.237758 0.335059 0.486404 -0.322649 -0.104379 -0.0067926 -0.334885 0.0266721 0.251481 0.562336 0.719264 0.31159 0.682671 0.214861 0.400609 0.693112 0.367478 0.222842 0.399378 0.291138 -0.300811 0.350813 0.245978 -0.405715 0.00700969 -0.551261 0.454071 -0.179021 0.053125 0.645596 -0.480967 0.0883687 -0.268878 0.676494 0.425255 0.125333 -0.668402 -0.547015 -0.545259 0.334776 0.298357 -0.385412 0.08608 0.326138 -0.296205 -0.225489 0.639141 0.957252 -0.0112132 0.000612991 -0.722203 -0.689462 0.459027 0.915713 -0.795945 0.299812 0.727975 0.279866 0.280917 0.024002 -0.0869903 0.469594 -0.491238 -0.2098 -0.131104 -0.439873 0.490226 0.223321 -0.33869 0.0900059 -0.0279439 -0.395831 -0.465096 0.495536 -0.221667 0.339643 0.252291 -0.375803 -0.0740094 -0.684311 0.577097 0.628723 0.689551 0.0673817 -0.678787 -0.412921 -1.06441 -0.546737 -0.192092 -0.395758 0.161266 -0.451507 -0.793396 0.292176 0.420383 -0.4777 -0.165365 -0.423702 0.266313 0.091731 0.207855 0.174626 -0.0827276 0.467568 -0.344588 0.307442 0.424757 0.385123 -0.170941 0.187127 0.024443 0.76442 0.0318761 -0.822848 0.255303 0.898101 0.087529 -0.456767 -0.362467 0.465789 -0.799666 -1.36529 0.544077 -0.190052 -0.770525 0.201692 -0.803634 0.62658 0.359305 -0.20806 -0.488278 0.129408 -0.131639 0.444603 0.528187 0.346666 -0.449709 0.586568 0.0231727 0.0812655 -0.562122 0.262756 0.00386843 0.300075 -0.225265 0.957368 -1.18605 0.0354994 0.575854 0.0647946 -0.552802 -0.0979862 -0.758758 0.0805293 0.660322 -0.232451 -0.482355 0.614733 -0.121379 -0.232833 0.312368 0.0893662 0.0309839 -0.527235 -0.358008 -0.402389 -0.258612 0.194198 0.376797 -0.544027 0.185539 0.438165 0.0296048 0.298112 0.0270474 0.13468 -0.42773 0.0229006 0.504064 0.603044 0.194768 0.525741 -0.708677 -0.625012 -0.137885 0.229829 0.339689 0.652911 0.405881 0.899526 -0.0526032 0.0741345 0.337157 0.351814 -0.289615 0.0719175 0.188124 0.122563 0.152848 0.410366 0.094727 0.0431769 -0.579448 -0.386506 -0.508011 -0.287224 -0.47738 -0.305918 -0.697229 -0.20289 0.109771 0.325851 0.509213 -0.265439 0.224299 -0.698589 
117 39 136 38 203 172 151 22 136 251 32 51 193 175 16 186 174 59 30 14 7 29 7 202 217 77 241 172 32 35 167 62 189 2 177 159 204 16 13 133 157 124 175 6 112 170 90 159 101 116 208 179 42 167 30 168 24 32 131 122 247 200 85 101 229 13 145 182 160 248 4 180 38 59 99 132 113 132 44 15 105 51 82 30 24 98 3 209 247 86 51 140 185 85 165 186 106 3 43 108 133 29 144 245 183 213 165 243 174 83 204 36 68 215 36 243 170 59 57 241 179 225 143 126 137 240 219 231 145 64 124 246 92 242 165 113 102 77 90 233 48 167 181 72 198 133 85 122 99 67 198 160 212 183 91 160 18 165 109 221 2 225 189 140 89 103 242 248 144 84 132 193 249 246 204 210 138 249 204 253 62 17 236 49 242 97 54 166 196 66 215 91 28 166 15 181 188 54 15 137 183 236 94 210 207 93 9 107 51 208 30 129 186 43 151 86 255 234 34 105 158 229 46 156 196 191 46 232 252 59 215 138 121 242 233 222 189 35 
0.124308 -0.386934 0.581946 -0.704084 0.63721 0.105051 0.486154 -0.32844 0.231802 0.419262 0.472167 -0.442189 -0.229086 0.520061 -0.359741 -0.231521 -0.504599 -0.57847 -0.199735 0.330662 -0.398707 -0.552681 -0.522062 0.439847 -0.094831 0.577706 0.315636 -0.135405 -0.476934 -0.226292 -0.658364 -0.446804 0.49742 -0.185352 -0.493036 0.462931 -0.291565 -0.355119 0.799365 0.204581 -0.220253 -0.678577 0.80415 0.244133 -0.225813 -0.129312 0.071737 0.303901 0.070164 0.306274 0.771447 -0.805935 0.354403 -0.270273 -0.650821 -0.0836708 -0.201894 0.208024 0.669148 -0.378747 -0.247629 -0.0692013 -0.430782 -0.279979 0.0417841 -0.417987 -0.553855 0.598105 0.00915262 0.0867971 -0.278145 0.581617 -0.25097 0.227653 -0.219954 0.766322 0.0673464 -0.0289573 0.716214 0.318623 -0.4449 -0.255842 -0.746873 -0.0872629 -0.312664 0.271354 -0.44121 0.120257 -0.212889 0.25569 -0.0528036 -0.30472 0.158886 0.138274 0.237194 -0.190552 0.552167 -0.632471 -0.63076 -0.676986 -0.0349077 -0.549677 0.558432 0.326012 0.375233 0.421891 0.967839 0.200214 -0.212904 -0.145721 0.167239 0.0126097 0.473223 -0.0666336 -0.327702 -0.245296 0.241785 -0.604761 -0.28366 -0.44406 -0.552944 0.327525 -0.0672943 0.574665 0.258567 0.153004 -0.458646 0.480882 0.0338721 0.745418 0.616551 0.496918 -0.815734 0.319356 -0.419492 -0.176051 0.0411881 0.121621 -0.420201 0.487795 0.136033 0.0556328 -0.40197 -0.254598 -0.6008 0.365109 0.751051 0.223483 0.575677 -0.514585 -0.379917 -0.0281142 -0.0913006 -0.469319 -0.202418 0.223841 -0.120178 0.204669 -0.693494 -0.410346 0.254495 0.20518 -0.0305782 0.0203362 -0.604159 0.0794697 -0.29794 -0.200519 0.0655629 -0.0607434 0.513905 0.818795 0.382369 0.0429018 -0.117302 -0.0316256 0.51148 0.605863 0.114317 -0.23153 -0.243833 -0.3126 -0.997133 -0.212287 -0.726565 0.316825 0.204389 0.139714 -0.389551 0.240933 0.756056 0.730814 0.379371 0.311264 -0.67866 0.379357 0.241358 -0.702975 0.6216 0.918885 0.266733 -0.543669 0.214023 0.688884 -1.03491 -0.285795 0.0387816 -0.504645 0.404179 0.11846 -0.18075 0.00991985 0.33068 -0.0576362 0.830482 0.497572 -0.49289 -0.543921 -0.0731046 0.459414 -0.62375 0.465061 -0.203636 0.193085 -0.406154 -0.262727 -0.126778 0.0819122 -0.0259461 0.254457 -0.72693 -0.246912 0.274675 -0.116218 -0.604504 -0.44876 -0.314317 0.791734 
113 201 44 151 171 247 33 76 108 183 138 216 42 227 10 23 230 98 73 22 212 140 125 226 144 127 42 29 46 98 89 101 45 8 175 159 67 2 73 218 55 255 81 118 59 152 45 25 129 7 171 84 144 53 215 32 187 125 82 254 249 193 163 168 46 96 113 246 121 23 173 75 98 184 19 80 242 218 148 52 210 253 111 188 154 165 247 202 218 174 222 87 39 215 146 164 50 248 29 77 115 230 29 78 190 10 36 100 97 51 91 59 149 129 75 175 89 253 242 185 38 25 168 197 13 102 98 105 210 66 167 252 203 134 174 15 75 66 158 202 182 83 158 131 41 237 98 212 51 27 72 252 29 26 195 222 107 160 200 119 114 193 80 39 225 202 218 140 186 242 249 167 86 17 226 252 42 58 93 84 58 42 202 154 131 68 6 65 151 137 32 52 13 254 212 92 43 81 252 130 251 129 122 248 236 113 175 139 211 91 146 63 216 207 235 68 57 142 8 134 5 189 75 83 191 32 67 172 12 61 58 138 34 186 76 132 222 36 
-0.0832182 -0.310673 -0.323588 -0.0753331 0.368603 0.139966 0.387626 -0.208845 -0.00609781 -0.506517 -0.597125 0.787022 -0.169707 -0.0746977 0.0125772 -0.0788731 -0.713618 -0.767774 0.218664 0.0275651 0.00305653 0.420231 -0.409059 -0.55285 0.129446 -0.0338682 0.453301 -0.113455 0.573175 -0.266682 -0.334617 0.687729 0.515572 0.526167 -0.108604 0.0813724 -0.0279362 0.0140035 -0.648973 0.32807 0.261681 0.473195 0.729951 -0.431061 -0.0284952 0.0599168 0.143811 0.257733 0.495367 -0.309087 0.229161 -0.27443 -0.647209 0.387072 -0.885986 -0.665976 -0.274588 -0.282724 0.308827 0.845072 -0.793758 -0.50897 0.85365 -0.613912 -0.717859 -0.130019 0.772329 0.462645 -0.368144 0.400849 0.551834 -0.787864 -0.169649 0.132105 -0.0733449 -0.40851 -0.140702 0.239444 -0.422351 0.189066 -0.847326 0.0725125 -0.131932 0.361083 -0.0931659 -0.413275 -0.499615 0.137793 -0.200885 0.311914 -0.694012 0.531065 -0.110691 -0.118916 0.185435 0.403542 -0.817514 0.477998 -0.0548035 -0.250177 -0.576831 0.624351 -0.451171 -0.00713191 0.761552 0.626217 -0.561123 -0.195209 -0.156237 0.118754 0.625969 0.789821 -0.516398 -0.0194807 0.143091 0.461338 -0.454922 -0.366285 0.0469706 -0.158624 0.0483603 0.535933 0.218956 -0.14163 0.294634 -0.420896 -0.520989 -0.134937 -0.465473 0.66999 0.363158 0.0882911 -0.0926954 0.11333 0.028415 0.0753582 -0.643529 0.255466 0.0469085 -0.200566 -0.669496 0.779446 0.275468 -0.722546 -0.36867 -0.456084 -0.568851 0.565124 0.166614 -0.555563 0.588557 -0.314897 -0.486957 0.265815 0.428577 0.191847 0.343807 0.174906 -0.00266613 -0.911916 -0.0311234 -0.207717 0.525598 -0.101641 0.488264 -0.432736 0.670379 0.374389 -0.482959 -0.0143632 0.377014 0.237892 -0.0306363 -0.732998 -0.30328 0.373316 0.286221 -0.361985 -0.173912 -0.0023431 0.290099 0.797916 0.464113 -0.110677 -0.0284948 1.00556 -0.584605 -0.494106 0.0525558 0.43941 -0.322487 0.665443 -0.746326 -0.43404 -0.517271 -0.227512 0.476312 -0.0357196 -0.504617 0.287511 0.325152 0.536111 0.456133 0.195551 0.100282 0.590831 0.377183 -0.674546 -0.137482 0.0901679 -0.292325 0.342577 0.00287326 0.806696 -0.682374 -0.757037 -0.116865 -0.015631 0.316406 0.207938 0.626502 -0.226501 -0.408279 0.007489 -0.324662 0.554638 0.159882 0.266746 -0.276837 0.554834 -0.416249 -0.492718 -0.535103 0.0595739 -0.432819 0.151239 -0.565609 0.0456207 
242 172 248 200 40 165 186 122 47 223 142 42 166 246 243 10 226 61 141 64 45 137 131 254 174 6 209 8 236 241 18 74 169 11 249 234 26 38 42 156 37 92 193 171 171 125 99 87 215 212 164 176 1 254 91 204 234 75 14 78 244 185 45 43 190 49 68 159 187 135 61 185 150 14 175 101 172 89 156 142 156 49 19 122 166 96 130 181 139 78 113 180 96 58 39 119 29 50 36 185 123 255 23 249 3 126 127 91 116 94 136 160 1 44 218 52 215 120 6 138 120 119 59 53 233 33 240 42 107 5 146 56 76 125 125 74 202 133 160 68 248 153 40 252 148 173 63 167 159 151 119 237 135 114 161 151 132 126 152 191 178 28 43 20 216 110 211 211 165 66 112 74 214 199 24 251 12 82 23 228 100 104 183 133 188 41 129 6 63 224 161 248 51 71 125 86 47 162 169 128 184 195 92 41 212 77 95 147 148 50 214 77 74 120 249 253 152 187 22 106 125 19 59 108 69 153 98 178 81 97 198 199 253 19 133 66 250 53 
-0.768569 0.308015 -0.880578 -0.236449 -0.206519 0.196304 -0.150738 0.0832097 -0.398666 -0.756639 0.572638 0.567824 -0.571647 0.404443 -0.0926358 0.526082 -0.818176 -0.23108 -0.184476 0.360175 0.582813 0.674752 0.551022 0.998589 -0.455634 -0.554302 -0.937296 0.553205 -0.441671 -0.518756 0.528403 0.197637 0.0763141 -0.642921 0.0343471 0.542536 -0.102188 0.116367 -0.0961714 -0.453563 0.988798 -0.471847 0.220133 0.144795 -0.282211 0.554111 -0.670379 0.00601278 -0.102992 0.37323 -0.742222 0.882628 -0.161646 0.477785 -0.35069 0.656932 -0.353284 0.0348127 -0.190094 0.786056 0.49281 0.911163 0.257035 -0.507595 0.0636619 0.273974 0.176527 0.546962 -0.0315521 0.405073 -0.928046 -0.882716 0.781297 0.530789 -0.117081 0.601128 0.230158 -0.171242 -0.203974 0.715589 -0.320569 0.185528 0.256165 0.218077 -0.523047 -0.512947 -0.271816 0.197681 -0.683927 0.484008 -0.607466 0.47201 -0.514692 -0.0214513 -1.09061 -0.382085 -0.102422 0.591548 0.0561785 -0.236623 -0.675688 0.821301 -0.093118 0.536275 -0.131326 -0.541032 0.601034 -0.358645 -0.19685 0.244959 0.448681 0.584905 -0.120994 0.528382 -0.255501 -0.304688 0.520126 0.684367 0.289212 0.317969 -0.147527 0.0468594 -0.351912 0.0623393 -0.373565 0.095522 -0.764782 -0.570794 0.221359 0.391574 -0.227519 -0.463915 -0.425836 0.334135 0.142191 0.158936 0.883889 -1.08541 1.14061 0.522164 0.61058 0.585625 -0.181659 0.00958517 0.743533 0.161816 0.0218607 0.352174 -0.214165 -0.327431 -0.536008 0.316389 -0.345833 -0.400737 -0.426295 -0.405808 -0.30149 -0.660735 -0.162562 -0.0246072 0.516869 0.00909985 0.942605 0.57266 -0.174262 0.65393 -0.10457 -0.100478 0.241339 -0.0337751 -0.927266 0.350045 -0.331083 -0.398345 -0.552044 0.0293562 0.560529 0.229134 -0.952831 0.342666 -0.00586438 -0.19353 -0.254396 0.0486342 -0.217673 0.669333 -0.100823 0.646058 0.604278 0.486726 0.298778 0.243338 0.285342 0.354413 0.510448 0.195572 -0.291495 0.255717 -0.239224 0.542196 0.340646 0.527207 0.00281672 -0.658192 -0.951627 -0.311747 -0.503982 -0.415616 0.0260054 -0.735518 -0.154379 -0.577483 0.206948 -0.874472 0.497284 0.772983 -0.606727 -0.394987 -0.294416 0.266963 -0.159958 -0.0861944 -0.540361 0.309368 -0.438747 -0.495016 0.744214 0.117785 -0.430109 0.0880616 -0.128179 0.494256 0.258606 -0.472075 -0.372166 -0.710744 0.223125 0.654526 
3 65 23 113 8 36 118 177 204 55 35 223 157 16 32 28 182 202 113 30 178 138 78 55 15 47 132 234 36 109 168 245 126 201 119 235 131 174 70 9 95 78 121 77 241 29 53 108 112 209 110 12 149 49 28 9 16 6 40 232 81 21 33 134 106 192 31 220 158 224 241 103 170 117 150 215 194 7 73 189 119 191 154 249 174 74 1 55 31 73 11 38 196 44 91 201 13 219 29 151 38 113 3 7 147 101 124 33 132 191 89 51 69 140 12 179 217 123 42 103 31 10 182 80 233 173 98 109 247 98 140 200 229 173 94 183 144 216 59 191 180 69 155 205 215 72 246 181 108 126 237 59 230 15 78 175 58 140 78 86 111 176 56 173 161 139 132 59 138 188 122 134 166 117 97 101 26 117 72 217 254 129 235 31 162 254 41 230 60 208 193 140 94 63 95 132 7 110 129 75 150 45 160 227 252 139 125 24 147 81 224 185 98 7 86 76 171 8 250 239 88 33 120 219 129 124 117 214 235 60 73 57 144 181 177 199 55 26 
0.279236 1.011 -0.221853 -0.162416 -0.689466 -0.552065 0.348614 -0.47099 0.363803 -0.08338 -0.207417 -0.366174 -0.308368 -0.683096 0.417745 0.36058 0.521952 0.584684 0.152788 0.278442 0.519961 -0.642628 -0.816657 -0.433459 0.62889 -0.590302 0.456854 -0.184183 -0.151182 0.0259046 0.630309 0.471315 -0.34841 -0.388199 -0.101359 0.309666 -0.247181 0.149127 -0.893073 -0.453071 -0.194169 0.0829263 0.623052 -0.848322 0.386045 0.525453 0.14038 -0.661316 0.0241174 0.329951 0.456366 -0.736816 0.486165 0.537526 0.940737 -0.306934 0.533878 -1.07182 0.00324297 -0.590301 0.487162 0.210669 0.160986 0.65671 -0.724306 -0.487086 0.872033 0.354576 -0.541771 -0.0238331 -0.0058232 -0.04731 0.430666 0.435329 0.0295971 -0.732718 0.680266 0.293925 -0.290513 0.353803 0.525151 0.223702 -0.0154135 0.195184 -0.988105 0.270017 -0.411009 -0.00128809 0.604551 0.533689 0.284777 0.53888 -0.156089 -0.080385 0.420793 0.910716 -0.023057 -0.383102 0.323503 0.3083 0.684829 -0.423266 -0.396502 1.13912 -0.441344 -0.655593 -0.221547 0.22394 0.0596262 0.007981 -0.0847813 -0.1026 -0.395629 -0.517709 -0.558236 -0.494958 0.0726329 0.416542 0.35008 -0.145054 -0.0886036 -0.0644197 -0.0954535 -0.0765492 0.198382 -0.341567 -0.251251 -0.253001 -0.423623 0.0523382 0.35174 -0.199542 -0.0427718 0.180739 -0.678307 0.55042 -0.516236 -0.0615724 -0.483172 0.968468 -0.050596 -0.262942 0.703554 0.105482 0.309938 -0.134654 -0.532094 -0.70711 0.252247 -0.00955732 0.0834657 0.0446704 0.119488 -0.181232 0.431892 0.342632 -0.0373199 -0.0810222 -0.552603 -0.760431 -0.261658 -0.418225 -0.395415 -0.484118 0.0158949 -0.217851 -0.415953 0.44826 -0.336539 0.0525362 -0.583485 0.882792 -0.265961 -0.250476 -0.868225 0.924836 -0.597991 0.672752 -0.00578428 0.614073 -0.46735 -0.434774 -0.0329276 -0.363963 0.146452 0.756411 -0.306056 -0.362225 0.193596 0.37415 -0.319826 -0.460353 0.446133 0.156828 -0.38972 0.22782 -0.341763 -0.519122 -0.580553 -0.161017 0.188332 0.848908 -0.470959 0.207403 -0.364114 0.0558257 -1.13788 -0.475792 -0.300257 -0.264759 0.0874504 0.0449051 -0.671248 -0.517832 -0.347825 -0.0159253 -0.476079 0.384099 -0.492212 0.306409 -0.0820201 0.463186 0.572212 0.760057 -0.479389 -0.641479 0.616066 -0.110999 -0.263675 0.152154 -0.359652 -0.326211 0.14659 -0.955294 0.755032 0.204852 0.507999 0.686747 
26 224 16 171 140 227 131 207 237 37 82 199 166 109 115 225 40 212 76 229 232 118 226 138 214 164 235 196 238 103 15 92 239 100 106 164 61 230 187 123 190 50 18 200 11 217 230 74 156 1 159 150 10 37 108 209 195 185 251 165 4 195 12 233 19 249 30 96 106 112 169 111 224 218 30 30 250 94 40 168 20 90 41 4 11 31 226 72 26 67 200 145 72 145 125 250 208 101 120 97 80 127 70 238 141 116 1 124 47 130 231 232 224 119 75 55 122 36 96 146 136 242 247 27 223 237 99 223 21 108 79 180 33 247 165 106 200 144 227 193 176 80 89 202 170 253 173 100 31 201 244 144 20 42 241 237 69 53 213 246 43 53 50 152 39 81 106 98 113 31 249 74 127 144 160 100 251 229 32 194 6 141 14 188 116 149 123 143 138 229 50 100 218 99 246 129 31 102 179 189 150 103 125 28 254 179 8 203 199 16 91 4 26 45 189 19 185 94 68 21 46 190 213 21 83 62 239 116 250 208 139 150 237 50 80 181 97 137 
-0.914879 0.748128 0.209779 0.296012 -0.369566 -0.53482 -0.277386 -0.0781797 -0.0381314 -0.529986 -0.99851 -0.243185 -0.410414 -0.353039 0.559881 0.0804822 -0.963574 -0.362228 0.0530987 0.309493 -0.100854 -0.585366 -0.101671 -0.626198 0.721416 -0.889683 0.450352 0.299694 -0.0602599 0.426377 -0.622213 0.623331 0.0376298 -0.430299 -0.123591 0.298799 -0.710874 -0.520536 -0.270228 0.442582 0.27161 -0.124803 -0.920396 -0.523398 -0.250313 0.102216 0.0487421 0.0598397 0.595765 0.307038 -0.296991 -0.662004 -0.249017 -0.799259 -0.579887 0.19728 0.349522 0.513803 -0.255603 0.742934 -0.731642 -0.372648 0.437196 0.146906 0.157721 -0.173648 0.161951 0.182267 -0.379433 0.264827 0.460997 0.45344 0.276513 0.109042 -0.190999 -0.0835151 0.00899351 0.324234 -0.616111 -0.197026 0.0514065 0.0983843 -0.331514 -0.773137 0.131731 -0.0730522 0.844952 -0.0409458 -0.0223155 0.518166 0.069688 0.0447223 -0.497691 0.241535 0.867503 0.4888 -0.783067 0.850187 0.381662 -0.0303834 -0.305299 0.856559 0.0694473 0.342157 0.361615 -0.510413 0.696138 0.173457 -0.358297 0.333483 0.375843 -0.000218164 0.123268 0.12197 -0.245699 -0.36394 0.557037 0.66536 0.717693 -0.450901 0.481437 0.10429 -0.133955 -0.36093 -0.364829 0.079389 -0.518315 0.575211 -0.102751 -0.328647 -0.312261 0.207571 -0.16024 1.03591 -0.661615 -0.575093 -0.1898 -0.0121128 0.507445 0.148373 0.453189 -0.279649 0.275652 0.36176 -0.0701531 -1.06248 0.679237 -0.0612669 -0.687953 -1.11346 0.155086 -0.298165 0.894403 0.0350184 0.0572293 0.0856676 -0.504819 1.18979 0.543758 -0.00663919 0.00415798 -0.720036 -0.364266 0.870337 -0.15389 0.552925 0.555694 0.0715068 -0.641468 0.582822 0.103476 -0.0768962 0.52687 0.907634 0.0783657 -0.13716 -0.190914 0.0754685 -0.377435 -1.26339 0.0847028 0.598838 0.305638 0.119477 -0.945537 0.483591 0.0791422 0.29557 -0.515151 -0.346337 -0.246136 0.635959 -0.0491014 0.115979 0.300923 -0.267065 -0.271392 -0.3171 0.649473 0.043321 -0.450996 -0.255853 0.367551 -0.12966 0.151861 0.0817147 -0.86843 0.0117523 0.277358 0.496175 -0.0597256 0.646603 -0.63512 -0.113015 0.391567 0.459449 -0.353884 0.0884213 0.923827 -0.695391 0.00931879 -0.363244 -0.231088 0.1345 -0.242733 -0.121923 0.374689 0.684458 -0.690038 0.673174 0.456604 1.17929 0.00575897 0.337202 0.423874 -0.251745 -0.428224 0.732603 
34 222 201 233 58 130 86 42 232 58 83 27 68 21 176 66 244 23 132 12 147 232 50 199 190 132 20 237 19 97 214 127 29 83 133 232 162 98 148 156 175 212 150 247 156 58 7 162 68 244 25 215 178 145 58 129 141 167 49 3 85 121 44 194 35 126 132 103 182 63 29 18 109 6 134 58 20 161 165 32 192 9 195 7 187 21 141 164 184 91 23 241 190 54 193 194 149 100 238 225 162 140 52 187 232 50 12 223 251 217 167 165 28 5 125 209 89 49 213 125 167 164 121 243 147 161 225 153 98 244 170 232 87 122 201 248 98 193 30 12 231 19 189 47 244 102 23 67 59 190 178 45 251 138 76 120 73 5 44 72 174 123 94 185 207 211 125 194 243 205 142 128 18 255 105 95 26 255 39 84 175 185 178 50 84 246 48 206 200 78 204 134 155 140 60 249 6 118 139 174 27 213 246 179 134 117 30 90 154 237 90 52 150 107 145 58 199 24 187 24 159 239 101 190 66 158 153 56 155 250 137 218 150 88 210 165 192 215 
-0.355816 0.699471 -0.876403 -0.0207243 -0.533846 0.965979 -0.671175 -0.389549 -0.42298 0.18511 0.6334 0.450365 0.355946 -0.612175 0.660532 0.669319 0.844484 -0.189758 -0.551501 0.198944 -0.520423 -0.496145 -0.613712 0.586713 0.198209 -0.719724 -0.372823 0.652122 -0.0515867 0.450845 0.25058 0.176131 -0.41718 -0.308744 -0.563226 1.20009 0.00169009 0.376649 -0.202206 -0.464982 -0.852912 -0.0730514 -0.294277 -0.294507 -0.265252 -0.31404 -0.896711 -0.208489 -0.356508 0.523537 0.565739 -0.483352 0.387968 -0.190208 -0.102785 -0.481195 -0.211631 0.715047 -0.410733 0.411607 -0.302171 0.266733 -0.0877368 -0.411688 0.299415 -0.675954 -0.397685 -0.111686 -0.512295 0.600833 0.419818 -0.0393996 -0.0763805 0.840511 -0.765389 0.0458945 0.0367507 0.584116 -0.478022 -0.188769 0.945264 -0.0565195 -0.290984 0.0326386 0.480029 -0.348109 0.208508 -0.283029 -0.00449161 -0.197241 0.171564 0.818163 0.486693 -0.596664 -0.874546 -1.08515 0.218944 -0.258963 0.500398 -0.806897 -0.322336 -0.0684598 0.510712 -0.552494 0.137537 0.014053 0.310948 -0.417126 0.201922 -0.600453 -0.510953 -0.714544 -0.238476 -0.735496 -1.01173 -0.0107818 0.947806 -0.179279 0.00345218 0.276935 0.0550516 0.752999 -0.319254 0.24112 -0.55218 -0.373524 0.085527 -0.517246 -0.330455 -0.497029 0.0995355 -0.424621 0.461037 0.375129 0.188671 -0.216535 0.640326 0.874278 0.441279 -0.329117 0.507259 0.267156 0.246772 -0.678067 -0.0177072 -0.435428 0.781258 -0.264752 -0.123046 -0.637193 -0.499609 0.240414 -0.85755 -0.272717 -0.142264 -0.299407 -0.732894 -0.112665 -0.474566 -0.55408 -0.0790223 0.247177 -0.540582 0.0270111 0.827066 -0.0433479 -0.295556 0.720048 -0.603734 -0.208268 -0.14028 0.475999 0.0306152 0.150083 0.280341 0.417341 -0.345074 -0.480388 0.0717856 -0.559897 0.0115575 0.103619 -0.91312 -0.785668 0.550222 0.704235 0.936724 -0.425918 -0.271293 -0.370251 0.066245 0.802004 -0.698666 0.670139 -0.392147 0.0904822 0.380791 -0.00131884 -0.395018 0.9362 -0.0417901 -0.395014 0.235803 -0.318599 0.0151798 -0.160363 -0.121505 0.52575 -0.16365 0.0151539 0.248239 0.073274 0.325717 0.0739119 -0.867277 -0.674802 0.456389 -1.17883 0.427463 0.269766 -0.389849 0.905065 0.743789 0.133295 0.713346 0.326026 -0.452407 0.104567 0.244447 -0.597081 -0.309149 0.265895 0.276377 -0.36716 -0.113951 0.0683217 0.23475 1.06826 
182 76 107 147 75 71 172 35 142 145 12 238 255 126 42 49 6 189 49 67 97 227 242 118 67 138 30 182 204 228 97 125 91 34 153 63 251 22 244 200 30 89 188 91 128 253 183 90 32 28 47 73 58 186 128 62 0 206 90 132 172 63 64 210 136 76 32 165 123 105 62 114 165 195 213 110 173 147 38 190 83 27 148 30 117 193 58 148 96 175 168 140 29 205 135 56 156 13 149 123 54 146 54 206 171 122 28 67 154 237 124 74 19 127 27 226 43 149 238 1 13 41 135 242 137 36 237 6 148 186 216 252 153 78 108 38 207 226 170 165 119 208 10 239 116 241 22 23 234 228 29 92 201 215 30 82 139 190 233 59 81 32 155 228 70 79 59 11 197 88 42 230 105 119 44 208 149 15 226 69 76 88 82 195 194 58 6 57 95 86 70 67 176 206 56 196 239 226 161 221 194 83 70 109 145 100 206 133 7 96 176 89 117 253 188 93 108 127 228 171 5 161 62 218 107 17 136 153 49 226 43 156 241 102 52 236 251 199 
-0.214795 0.562285 0.441828 -0.180505 0.657088 0.714193 -0.374295 0.503114 -0.0196094 -0.37402 0.523741 0.768418 0.255285 -0.0211931 0.677142 -0.146233 0.677458 0.449485 -0.340852 -0.0950712 -0.288812 0.335812 0.518671 -0.13588 0.967929 0.223336 -0.225717 0.0495585 0.384502 -0.178222 -0.46048 0.675343 0.466807 0.111698 -0.438 0.300746 0.248604 -0.702431 0.286403 -0.174165 0.304536 -0.0996154 0.0361044 0.0292502 -0.368061 -0.244363 0.682864 -0.284818 -0.0668638 -0.0150985 0.466556 0.269684 -0.177602 0.168684 -0.347882 -0.00987819 0.396599 0.00156146 -0.475165 -0.213635 -0.796083 0.732142 0.0291658 -0.493501 -0.485015 0.246803 0.405596 0.715391 -0.283866 -0.709224 -0.593032 0.250374 -0.257336 -0.726966 -0.785711 -0.485915 0.275421 -0.321073 -0.421827 0.558781 -0.312882 -0.377252 0.753384 -0.384532 -0.302593 -0.457446 -0.559244 -0.371589 -0.790837 0.339174 0.0369261 -0.160212 -0.199173 0.662216 0.455952 0.407185 -0.137935 0.473667 0.25369 0.0953983 0.338276 0.939701 0.663923 0.498136 -0.329995 0.439206 0.0773196 0.617297 0.594398 0.293743 -0.21264 -0.259965 -0.133589 0.89471 0.156882 0.592546 -0.302109 0.262122 -0.429648 -0.0892137 -0.051939 -0.413983 -0.147252 -0.0823192 0.168443 0.177546 -0.0988561 0.383762 -0.556675 0.453356 0.309665 -0.428789 -0.762763 -0.652086 -0.535576 -0.0236075 0.096574 -0.476343 0.680408 0.845096 -0.276431 0.170812 -0.25475 0.503291 0.272855 0.220122 -0.268479 -0.647752 0.295003 0.372025 -0.344573 0.0473305 0.54209 0.944582 0.0351441 -0.326785 -0.14917 -0.761348 -0.294064 0.0612415 0.069233 0.225246 -0.219218 -0.247831 0.630679 0.111531 0.619542 0.159024 -0.0861909 0.0396206 -0.258024 -0.553589 0.0527499 0.0501468 -0.286387 0.74906 -0.945268 0.401952 -0.465468 -0.137288 0.688532 0.392212 0.183187 0.339693 -0.341319 0.2928 0.572883 -0.155083 0.592329 -0.0582363 0.690148 -1.17741 -0.0100354 0.181492 -0.601381 -0.235038 -0.254971 -0.377409 -0.167506 -1.03309 0.0578195 0.382314 -0.316607 0.568629 -0.73488 -0.650944 -0.87215 0.300517 -0.487121 0.737774 0.379415 0.125654 0.225804 -0.474963 -0.319427 -0.61744 -0.242839 0.117701 0.573007 -0.636136 0.244637 0.588849 0.447608 0.543787 -0.246175 -0.565893 0.0750734 0.311312 -0.202536 -0.577069 0.526853 0.0741235 -0.83713 -0.801958 0.801317 0.183988 -0.497291 0.58722 
0 183 195 128 38 42 163 223 77 105 187 120 36 219 54 163 43 82 248 144 53 205 231 205 0 172 116 207 168 62 221 206 140 12 20 202 1 140 81 198 153 54 6 89 54 128 89 99 79 51 166 184 24 46 185 140 176 85 64 216 90 72 4 5 164 150 37 79 121 197 71 123 102 220 105 65 164 115 246 76 119 161 141 229 254 163 31 10 247 119 69 24 101 173 34 131 32 57 8 100 186 20 100 33 215 3 238 47 62 41 243 105 48 191 29 17 32 67 191 232 75 115 44 212 248 126 75 221 14 177 127 195 104 69 49 134 109 35 99 157 62 182 98 235 247 129 31 30 126 117 13 141 206 27 138 135 211 107 0 61 14 255 52 23 124 52 110 43 79 96 184 62 89 61 118 86 99 91 226 167 223 68 193 192 221 35 143 0 228 138 112 120 161 246 59 167 55 140 12 95 164 150 104 194 238 200 255 209 37 182 6 179 190 177 75 84 41 175 103 202 211 128 196 217 186 184 228 3 0 189 38 229 224 107 2 236 111 217 
-0.201153 -0.494309 -0.841991 -0.577453 -0.636872 -0.37525 -0.476404 -0.474765 0.569293 0.476498 0.242531 -0.388221 -0.0500981 0.539046 -0.771678 0.252278 0.5581 0.178231 -0.111962 0.0476066 0.26832 -0.231237 0.344776 -0.0155832 -0.770697 0.139667 -0.341226 -0.0332578 -0.880336 -0.63524 -0.525372 -0.261035 -0.425158 0.456289 0.715217 0.230876 -0.122457 0.310703 -0.416406 -0.300072 -0.348948 0.128475 -0.526657 0.371444 0.0240412 -0.466122 -0.432603 -0.439788 0.321928 0.739808 -0.147262 -0.615497 -0.176388 0.559136 -0.210702 0.0893892 -0.334621 0.0832674 0.418256 0.327053 0.0373197 -0.25459 0.2492 0.519725 0.493009 -0.725334 0.271759 0.16164 -0.378869 -0.671109 0.52902 -0.571236 0.963646 -0.144267 -0.3278 0.222666 -0.455711 0.397639 0.621457 -0.355656 0.288879 0.231992 0.115412 0.0888161 0.199465 0.102183 -0.136952 -0.196039 -0.0977067 -0.730007 -0.636153 0.89412 0.644964 0.573862 0.318576 -0.550872 -0.849644 -0.4458 0.378199 -0.00621337 -0.581082 0.106788 -0.445582 -0.180067 -0.234928 0.170231 -0.296501 0.119684 0.501782 -0.257854 0.38782 0.656825 -0.587812 0.661926 0.324897 -0.38254 0.605621 1.08374 0.0486967 -0.618149 0.161402 0.0512694 -1.04989 -0.425878 -0.369412 0.585609 0.0366429 -0.0953498 0.5604 0.393055 -0.270157 0.279507 -0.824228 0.261915 -0.824628 -0.637233 -0.705368 0.668291 -0.292153 -0.686796 0.576046 -0.417066 0.82008 -0.153468 -0.512422 -0.494181 -0.260023 0.244192 0.182964 0.277977 0.402617 -0.0631433 -0.443177 -0.785431 -0.10812 -0.476298 0.486427 -0.129374 -0.11831 -0.279299 0.368896 -0.452129 0.534971 -0.712925 0.088977 0.303242 -0.20385 -0.0642893 0.289292 -0.829777 0.119623 0.425081 -0.644717 -0.846577 0.0222459 0.156127 0.062366 0.34404 0.341728 -0.135711 -0.243097 0.437755 0.183257 0.369237 0.603744 -0.0802029 0.562553 0.728214 -0.707083 -0.568628 0.459037 0.21343 -0.32383 0.0333588 -0.309632 -0.486086 -0.337728 -0.291381 -0.433454 -0.295861 -0.580617 -0.244558 -0.0458785 0.712807 -0.0589575 0.228871 -0.38039 0.98138 -0.587487 -0.279651 0.165484 -0.318178 0.363325 0.986669 0.284402 -0.0514295 -0.094214 0.488929 0.316413 0.245926 -0.420613 -0.123104 0.221014 0.291456 -0.0332932 -0.0331909 -0.409467 0.0324911 -0.5306 0.0513729 -0.382444 0.573491 -0.290813 0.0872813 0.370706 0.106172 0.169592 -0.0559107 
32 40 159 127 184 84 232 55 87 136 204 123 141 76 5 68 125 81 43 196 23 60 11 172 207 110 244 233 75 241 187 120 201 1 164 162 161 87 3 83 21 121 104 93 163 28 189 107 152 219 53 96 195 65 90 119 212 208 233 15 183 210 190 66 210 198 7 72 147 59 181 80 201 67 69 236 59 59 22 122 22 68 207 210 204 10 165 37 57 91 93 167 122 128 64 23 237 233 70 69 9 125 132 77 191 144 125 17 255 115 231 13 192 36 229 116 92 12 210 4 140 7 28 41 76 72 81 121 216 131 191 14 32 97 135 112 130 242 90 80 68 86 250 122 84 125 113 253 169 180 150 0 16 207 110 251 171 65 105 145 29 168 29 119 220 55 222 200 99 244 138 43 47 251 61 177 222 154 248 189 50 70 94 32 178 145 37 134 165 212 151 15 235 202 31 226 93 203 208 114 117 243 254 78 100 245 118 120 24 129 169 255 120 143 248 15 45 126 5 131 150 88 138 187 1 28 238 123 129 103 77 160 87 185 140 154 134 133 
-0.379628 -0.185733 -0.362903 0.173262 -0.215192 0.877682 -0.162497 -0.623264 0.149136 -0.451711 0.231804 0.508833 -0.309506 0.0734892 -0.273372 -0.529849 0.0872526 0.330038 0.695271 0.68612 0.751181 -0.769838 -0.457421 0.00971307 0.698356 0.139366 0.491658 0.339029 -0.731001 0.508527 -0.265483 -0.312778 -0.62478 0.545399 -0.20575 0.74128 -0.117878 0.470782 -1.16071 0.498598 -0.349672 0.206261 0.440591 -0.305328 0.246246 0.205024 0.653276 -0.530455 0.218118 -0.210614 -0.622405 -0.165212 -0.325834 0.421555 0.815516 0.0724683 0.0309769 0.523215 0.476387 -0.322324 0.28037 0.502318 0.0783518 -0.396597 0.148266 -0.241793 0.784737 0.239101 -0.180737 0.259444 -0.0997371 -0.139833 0.123658 -0.530404 -0.0216526 -0.0368948 -0.399134 -0.426084 -0.437128 0.282888 -0.818573 -0.468428 0.685641 0.129835 -1.07652 -0.366095 0.233611 0.929561 0.445741 0.424337 -0.492263 0.0281064 0.448744 0.607326 0.209309 -0.187428 0.232493 -0.34499 0.517961 0.305352 -0.47785 -0.381148 -0.322276 0.135892 -0.375135 -0.210069 0.287432 1.00316 -0.377234 -0.514923 0.178917 -0.775669 1.10951 -0.48013 0.415246 -0.235189 -0.119717 -0.201193 0.000243579 -0.708847 -0.349004 0.0162906 0.0961166 -0.633771 -0.495668 0.148466 0.671394 0.150485 -0.0559832 -0.222101 -0.0401124 0.400363 0.351044 0.679539 0.274855 -0.636511 0.385078 -0.839872 -0.71661 -0.138779 0.647534 0.0699227 0.0258747 -0.589083 0.407724 -0.264337 -0.214184 0.576117 -0.0697101 0.263811 -0.353462 -0.0143174 -0.389662 0.181733 1.26827 -0.387031 -0.554108 -0.111227 0.330933 0.325915 0.0956021 0.758111 0.552295 -0.182068 0.706269 -0.430693 -0.630333 -0.363832 -0.513537 0.0393029 0.23581 0.70807 0.768204 0.197988 -0.803214 -0.310168 0.128949 0.465638 -0.23956 -0.0696989 0.0168094 -0.446406 0.0368988 -0.578866 -0.274823 -0.0552241 -0.390051 0.281728 -0.517408 -0.137544 -0.16141 0.319437 -0.178624 0.592848 -0.185047 0.239147 0.346755 -0.374184 -0.0131408 0.523137 0.163915 -0.383336 1.18629 0.032721 -0.555681 0.331928 0.507998 -0.849317 0.304597 -0.73014 0.199994 -0.417036 0.44071 0.527419 0.027312 0.780572 -0.301024 0.0553138 -0.165481 0.225056 -0.604421 0.151183 0.743749 0.218657 0.720247 0.467486 -0.0779539 0.51415 -0.421123 -0.317828 0.542824 -0.109842 0.29556 0.462938 -0.120616 -0.659654 -0.0784383 0.469923 
The following result corresponding the SNR point : 1.6 dB.
29 209 246 66 66 196 206 131 122 91 181 237 248 115 179 185 167 7 96 28 163 177 46 62 106 59 143 110 153 181 227 226 147 106 102 119 107 99 241 156 240 106 107 102 221 157 150 212 82 30 146 77 147 170 117 27 248 77 251 125 38 231 184 169 117 72 97 150 218 96 44 106 103 240 79 204 158 151 22 201 247 164 112 118 113 30 145 99 58 195 137 246 155 146 193 19 54 10 61 183 101 202 44 63 228 251 225 15 142 18 144 190 22 32 185 245 79 78 5 124 250 11 68 30 126 84 113 53 105 148 146 157 242 253 19 97 224 129 225 82 234 205 234 16 206 112 82 220 30 71 88 77 67 25 152 99 25 6 254 163 207 126 149 253 59 44 74 185 161 33 215 201 206 90 199 196 247 20 173 238 197 47 114 204 101 113 6 40 56 94 118 97 23 215 198 130 220 153 65 221 44 205 65 97 2 45 53 207 218 163 100 128 228 35 230 15 199 148 21 91 182 15 252 214 165 56 88 115 18 3 232 18 253 220 139 92 203 196 
0.22227 -0.410787 0.0310584 -0.268075 0.438499 -0.610599 -0.04642 -0.621475 0.214658 -0.632381 -0.206642 -0.800549 0.17588 -0.241855 0.157959 0.679643 -0.377766 0.436367 -0.150352 -0.294718 0.140308 0.272204 -0.0445897 0.17638 -0.377366 0.442584 -0.444541 0.158254 -0.222778 -0.682851 0.712602 -0.1264 0.202797 0.389437 -0.113151 -0.55175 -0.556889 0.152653 -0.119946 -0.0159552 -0.530089 -0.84428 0.629216 -0.102165 -0.0540449 -0.227681 0.516916 0.719208 -0.410545 0.358257 0.371572 -0.0572756 -0.645476 -0.487587 0.419291 0.425418 -0.187417 0.388995 -0.452449 0.0835348 -0.579755 0.222153 -0.0988032 0.129115 -0.665076 0.200692 -0.294833 0.0529008 0.0792992 0.253218 0.189199 -0.458703 0.620976 0.109573 -0.447555 0.258127 0.146711 -0.114149 0.359099 -0.480651 0.164201 -0.0609074 1.06223 -1.16916 0.128906 0.611051 -0.548978 0.300338 0.637395 -0.63302 0.482561 0.0536497 -0.0623103 0.335175 0.0407429 0.23766 -0.783448 -0.495762 -0.389153 0.24552 0.885112 0.00615572 0.165579 0.293093 -0.028175 0.201207 -0.474732 -0.418529 -0.0857543 0.138955 0.763295 -0.49063 0.777269 0.620966 0.0643776 -0.421042 0.341393 0.697972 -0.0819407 0.345071 0.186197 -0.142204 -0.242439 0.620858 0.61184 0.30734 -0.381927 0.487752 0.708816 0.178109 -0.0618522 -0.857311 -0.753628 0.0337753 -0.518194 0.0897714 -0.126733 0.296619 0.465266 -0.155283 -0.764312 -0.728649 -0.0160049 -0.0338954 -0.048641 -0.461121 -0.550727 -0.289595 -0.388607 0.575087 0.220416 -0.418187 -0.533823 -0.140203 0.0804096 0.796677 0.605385 -0.244732 -0.530049 0.102275 0.0420416 0.442233 -0.647933 -0.581091 -0.705835 0.453106 -1.00997 0.681822 0.402306 -0.132105 -0.456308 -0.496745 0.825858 0.64748 -0.31078 0.0652124 -0.097457 -0.275124 0.429489 0.0580202 -0.893315 0.189062 0.224485 -0.770037 -0.820261 0.80393 0.325318 0.775454 0.57985 0.628895 -0.459609 -0.174799 -0.389658 0.394261 -0.51462 0.78337 -0.239523 0.488365 0.622139 -0.274685 0.727474 0.23805 -0.299824 -0.0160787 -0.0383661 0.1515 0.149945 -0.264375 0.525769 0.0335949 0.792396 0.240649 -0.179473 0.108165 -0.419757 -0.0828987 0.360853 0.0835809 0.263874 0.157275 -0.748231 0.272267 0.493282 -0.347155 0.663022 -0.440938 -0.658961 0.435134 0.741646 -0.314744 -0.0913759 -0.235482 0.196047 -0.0849273 -0.012004 -0.647466 0.231118 0.927157 
161 155 31 174 188 93 117 172 71 33 225 143 48 197 5 152 132 53 252 61 52 85 239 206 249 161 214 5 121 226 208 181 217 198 34 36 178 117 49 28 9 69 190 236 118 12 188 13 1 207 112 91 207 220 0 224 219 28 92 36 172 202 231 87 252 69 60 15 192 77 13 253 173 1 189 165 242 151 90 97 179 15 75 63 107 41 77 188 113 148 247 212 84 135 237 41 236 128 48 21 215 240 8 166 167 99 133 10 26 242 119 215 87 171 250 77 136 38 6 0 17 254 64 216 13 37 75 186 78 121 137 50 239 231 12 1 14 86 141 252 20 75 184 12 92 154 24 120 213 81 164 236 126 194 214 29 40 135 155 221 178 122 80 126 230 211 95 38 18 255 131 175 74 115 100 154 109 121 91 43 78 100 8 83 164 157 253 2 189 134 111 124 106 170 21 90 22 247 123 110 27 153 103 27 92 157 132 247 86 183 166 192 174 10 95 51 161 179 190 25 146 80 196 107 253 231 241 51 32 237 116 196 92 217 215 0 30 78 
-0.105116 -0.171044 -0.033244 -0.148231 -0.435618 0.849721 0.358871 0.784643 0.231027 -0.026075 -0.579125 0.469115 0.45711 0.100083 -0.265519 -0.0879709 0.165912 0.567055 0.48603 -0.414523 0.0769058 -0.471313 -0.523777 -0.528877 -0.575301 -0.000725359 0.76025 0.195907 0.588095 0.48421 -0.483499 0.0526418 -0.631609 -0.295945 0.00921328 0.104547 0.40256 -0.135483 -0.305131 0.283053 0.423647 -1.00871 0.675389 0.360052 0.634564 -0.330133 0.0228359 -0.395633 0.0916577 -0.939686 0.990864 -0.354167 -0.130872 0.254408 0.143181 0.142952 -0.209908 -0.0587768 0.626212 0.201944 -0.558246 0.0365638 -0.756613 0.313404 0.947308 0.0178347 0.410342 -0.676306 -0.272765 0.135273 0.605748 -0.463658 0.308789 -0.0556613 0.157677 -0.636394 -0.162709 0.300531 -0.617581 -0.385293 0.447299 -0.180587 -0.379482 -0.140936 -0.288512 -0.176954 0.303304 0.851876 0.215662 0.545576 0.711126 0.353597 -0.585868 -0.347372 -0.423294 0.0299382 -0.605437 -0.521094 0.109857 -0.675045 0.549321 1.0363 -0.355443 -0.0366179 0.230755 -0.0296679 0.578617 0.0897371 -0.42842 0.211679 0.330953 -0.0345045 0.231107 0.244549 0.210308 -0.388559 -0.0556346 0.289244 -0.345299 0.150756 -1.06029 -0.380846 -0.312612 0.0969747 0.104101 -0.454852 -0.343973 -0.154599 -0.180808 -0.723428 -0.0801565 -0.352804 -0.725729 -0.132888 -0.113404 0.244907 -0.0949233 -0.569271 0.703165 -0.383574 0.477435 0.849676 -0.57028 0.341186 -0.525036 -0.430023 0.535114 0.322115 0.499403 0.53745 0.567538 0.60532 0.856528 -0.33241 0.455214 -0.140429 0.525477 -0.144413 -0.415333 -0.223774 -0.820458 -0.110501 -0.129542 -0.562828 0.593387 0.709648 -0.467161 -0.258967 0.499536 -0.1186 0.287652 -0.249137 0.871867 0.0748076 0.00243131 -0.439444 0.838649 0.580704 0.344018 0.55949 0.117875 0.962257 0.432398 0.385725 0.053408 0.018199 0.567458 1.05731 -0.366874 -0.325731 0.205864 0.289139 -0.498795 -0.475741 -0.755101 -0.159531 -0.295723 0.207105 -0.426022 -0.129475 -0.0179717 -0.237121 -0.36954 -0.481525 -0.511971 0.108212 -0.576233 0.247727 0.170667 0.866484 0.0318471 -0.641052 0.566278 -0.190591 -0.137549 0.7857 0.615595 -0.282293 0.319299 -0.516721 -0.242338 -0.353797 -0.43774 0.106261 0.496356 -0.297559 -0.498572 0.045198 0.380366 0.717379 0.678323 -0.757673 -0.270974 0.00315344 -0.322495 -0.488444 -0.435753 0.118232 
21 22 114 122 96 85 214 183 79 109 230 179 248 78 183 167 61 236 248 0 78 74 201 123 71 168 22 199 180 177 229 152 10 210 182 220 215 212 43 45 18 29 151 195 105 188 187 100 47 242 240 23 58 204 235 9 201 120 51 70 53 221 170 207 88 138 106 23 204 84 128 65 132 166 208 252 103 184 251 223 175 37 16 60 17 77 143 38 145 101 118 199 185 186 84 4 179 223 120 165 252 239 56 226 42 83 152 59 199 92 60 232 200 242 203 123 158 63 82 56 76 224 55 134 202 70 244 155 39 8 254 114 44 154 18 155 145 150 133 83 171 1 46 46 73 127 160 147 152 53 11 153 164 101 178 13 125 234 22 90 250 206 3 82 83 216 65 119 194 151 172 206 48 219 209 98 43 73 145 47 116 220 221 17 142 70 180 157 116 33 130 255 247 101 171 91 58 162 254 99 179 234 132 50 214 170 118 160 21 51 211 244 214 62 189 247 36 226 61 144 10 139 248 233 45 208 223 64 29 94 197 231 225 0 35 159 191 207 
0.154719 -0.396168 0.127457 -0.379262 -0.0361309 -0.434064 -0.620537 -0.262507 -0.357933 0.51146 0.770336 -0.0770051 0.595925 -0.439455 -0.327131 -0.105583 -0.42121 0.396234 -0.394498 -0.698617 0.311102 0.291751 0.532634 -0.31974 -0.322205 0.507255 -0.539801 0.133884 0.668074 0.56552 0.220834 -0.283162 -0.685792 -0.153901 -0.702042 -0.490768 -0.561122 0.279056 0.236909 -0.655443 0.681956 -0.348809 0.0179957 -0.320314 0.242992 -0.731179 0.124665 0.272018 -0.0435477 0.480107 0.362216 -0.509961 0.421281 0.1042 0.900247 -0.221119 0.254754 0.237358 0.283611 -0.317237 0.23737 0.545316 -0.0620961 1.14189 0.855763 0.144339 0.297718 0.31896 -0.428701 -0.136066 0.67552 -0.197207 0.42036 -0.421238 0.392469 0.728404 -0.182994 0.124734 0.576417 -0.283713 -0.350403 0.137556 0.638008 -0.331225 0.0812974 -0.169703 0.209076 0.311551 0.179508 -0.0745435 -0.459816 -0.425648 0.0368457 0.341724 -0.384945 0.124509 -0.315879 -0.0135532 -0.327683 0.463913 0.309604 0.238026 0.743984 0.646838 -0.22889 0.294689 0.570106 0.244856 0.193933 -0.111407 0.504956 -0.470759 0.599124 0.0467883 0.742207 -0.239017 -0.0963826 -0.0164827 -0.472314 -0.146004 0.563341 0.411304 0.442297 -0.588978 -0.562633 0.625228 -0.696531 0.525897 0.0726198 -0.6281 0.056834 0.335125 0.388139 -0.0171735 -0.591011 -0.649562 -0.196199 -0.276532 0.26496 -0.0683617 -0.116765 0.013275 0.42578 0.741576 -0.395917 -0.22042 -0.781395 0.538333 0.355424 0.358347 0.654092 -0.028031 -0.215712 -0.233216 -0.180072 -0.196238 -0.137858 -0.140537 -0.35078 -0.254262 -0.570592 0.23449 0.448557 0.656558 -0.049668 -0.344061 0.135757 -0.356769 -0.911497 0.195991 -0.563309 0.635927 -0.508046 -0.191149 -0.394739 -0.916535 0.248928 -0.511032 -0.869639 0.359744 -0.5551 -0.57864 0.573348 1.00447 0.349168 -0.107527 -0.216297 0.334259 0.209467 0.28058 0.491144 -0.35328 0.207462 0.315427 0.609244 -0.655639 -0.661611 -0.495382 0.175427 -0.338569 -0.666195 -0.509624 -0.469389 0.326569 0.194363 -0.105417 0.0724964 -0.00389869 0.206588 0.240607 0.750997 -0.620899 0.72781 -0.287669 -0.736325 0.251474 -0.0348819 -0.284397 0.312806 0.285717 -0.517865 -0.592634 0.309945 0.817462 -0.600199 -0.114043 1.01512 -0.704568 0.0670686 0.126619 -0.108249 0.357258 0.57241 -0.414156 -0.709815 0.0556696 0.884221 0.266091 
181 217 144 219 58 235 171 178 216 165 63 197 134 61 116 78 80 111 190 136 62 131 116 0 41 34 178 136 225 188 115 233 165 255 127 38 163 13 112 146 247 97 224 245 59 248 3 3 217 211 153 48 158 21 86 25 72 70 177 163 255 117 193 146 183 160 35 225 16 178 121 187 168 113 63 9 1 116 142 94 233 252 142 201 154 226 113 39 42 23 219 239 18 74 104 41 43 199 201 246 85 171 98 45 198 184 70 16 230 246 73 69 28 187 157 182 170 58 47 100 149 237 20 209 180 200 109 76 251 54 86 200 176 229 69 1 250 20 87 153 160 3 183 104 158 90 232 4 110 160 55 49 6 234 204 29 101 212 163 12 194 214 182 120 151 184 243 118 118 249 35 71 69 135 38 115 135 77 86 219 36 79 233 98 52 64 191 195 136 127 20 15 65 2 187 173 141 119 131 144 142 229 223 162 251 182 79 141 13 242 16 155 238 9 224 134 170 96 5 59 166 122 65 148 205 192 254 19 210 9 53 67 186 149 236 182 215 220 
0.359703 0.143498 0.420585 -0.913632 0.374596 0.190095 -0.378319 0.193637 0.457339 -0.39804 -0.133816 0.297418 0.465995 0.160601 0.121228 0.221662 -0.775132 -0.176946 -0.409635 -0.80519 0.45101 -0.390511 -0.604458 -0.0872641 0.761742 0.639521 -0.430543 0.306546 0.23359 -0.604714 0.287392 -0.236066 -0.593612 0.453193 -0.140802 0.53118 0.316956 0.172999 0.357006 -0.402408 0.1728 0.231548 -0.52042 0.43928 -0.478385 0.153066 0.221028 0.824307 0.383422 0.178111 -0.412139 0.232029 -0.423021 -0.141699 -0.957427 0.759579 0.00640914 0.342168 -0.708036 -0.536045 0.492545 0.897935 -0.307952 0.270863 -0.276872 -0.0850932 -0.123216 0.117935 0.201857 -0.212493 0.618704 0.677001 0.490363 -0.2898 0.374771 -0.266537 -0.74083 0.0531642 -0.214231 1.00975 0.207231 -0.34237 0.394783 1.0062 0.0363239 0.364891 -0.126386 -0.376772 0.189051 -0.273653 0.473447 -0.530904 -0.443763 -0.474553 0.327041 0.455047 -0.289594 0.394174 0.0140163 -0.382468 -0.228437 -1.16158 -1.03978 0.083268 0.621382 -0.503839 0.467757 0.731924 0.231041 0.679283 -0.580035 -0.25007 -0.380899 -1.48271 0.635089 -0.053478 0.526129 0.557241 0.318805 0.0500461 0.0622421 0.525699 0.287639 0.195556 -0.74751 0.283955 0.530504 -0.0901333 0.139831 -0.394103 -0.757321 -0.738153 0.776249 -0.476183 0.32508 0.218348 0.823584 0.382681 -0.281794 0.24027 -0.373813 0.248341 0.0474581 -0.563878 -0.0990479 0.121634 0.109949 0.457419 -0.00731469 0.616702 -0.426641 0.48651 0.0854358 -0.443767 -0.759336 0.12507 0.204308 -0.0727004 -0.493512 0.112215 -0.419809 -0.15082 -0.0972147 0.329658 0.320706 0.103327 -0.156246 -0.31111 0.418192 0.407039 -0.535275 -0.422116 -0.220242 -0.379059 -0.681586 0.169014 -0.790717 -0.696468 0.566699 -0.598665 0.269857 0.535091 0.350475 -0.652363 -0.15978 -0.00585395 -0.470103 -0.422183 -0.278962 -0.750517 -0.130114 -0.291056 0.239333 -0.0524036 -0.375046 0.936776 -0.285879 0.455658 -0.199132 -0.690116 -0.55594 0.265454 0.090702 0.011147 -0.364529 0.552198 -0.000330713 -0.055307 -0.473852 0.147373 -0.337783 -0.279126 0.0120157 0.226083 -0.307131 0.184025 -0.861544 -0.357399 -0.146018 -0.0656891 -0.659711 -0.455365 -0.303288 0.960227 0.0116185 -0.184011 -0.0947298 -0.725667 -0.0848769 -0.295542 -0.176253 0.174734 -0.333952 -0.134737 0.0567738 0.236881 0.0648951 0.605169 
62 179 164 224 102 239 161 91 210 109 99 54 184 148 184 92 90 123 111 225 153 215 43 82 171 189 212 75 23 12 251 185 100 132 49 237 163 225 58 246 198 247 15 230 142 142 214 186 57 243 28 118 115 209 116 214 129 13 226 65 20 87 171 249 181 196 224 229 215 236 104 38 120 183 168 95 22 186 142 120 115 95 215 48 59 225 162 38 0 227 69 171 100 213 255 230 85 30 94 157 148 225 59 142 51 131 188 95 229 134 155 76 46 86 124 99 155 55 95 137 59 222 84 204 211 58 62 162 78 166 242 242 148 60 96 246 55 104 69 5 204 164 10 249 156 47 200 197 105 194 220 162 101 247 224 180 203 174 232 187 173 13 102 65 79 81 101 42 203 228 255 208 115 170 168 40 44 223 107 235 175 61 59 209 97 171 89 130 212 65 195 167 137 255 200 40 66 22 131 230 29 127 157 212 214 207 93 180 250 158 40 228 120 41 27 77 165 205 18 219 174 226 35 137 134 55 25 124 68 219 54 222 158 151 19 73 126 170 
-0.559116 0.544997 0.134171 0.752213 -0.10171 0.305632 -0.449316 -0.165918 0.0987922 0.528745 -0.62171 -0.622179 0.0285557 -0.0551199 -0.701668 0.164475 -0.17533 -0.0124249 0.357117 -0.220582 -0.999974 1.18064 -0.238479 0.308231 -0.973847 -0.461242 -0.515264 -0.806666 -0.424105 -0.178979 0.555474 0.440227 0.115346 0.390137 0.0967864 -0.401814 -0.0222017 0.61982 -0.23471 -0.730087 0.442673 -0.143039 0.898302 0.311441 -0.639367 0.582473 -0.11602 0.528762 0.561971 -0.333935 -0.604865 -0.453872 -0.45816 -0.262602 -0.138181 0.31081 0.0227315 0.715173 -0.272726 0.566251 0.0788881 -0.502413 0.602329 -0.808729 -0.32519 0.11153 -0.378632 -0.228533 0.496661 -0.315296 -0.0266507 0.0424294 -0.0788254 -0.467219 0.965491 -0.148863 -0.264181 -0.159695 0.43545 -0.141673 0.907178 0.508978 -0.293412 -0.767273 -0.283633 0.122861 0.119207 -0.248324 -0.431554 0.28288 -0.0459685 0.09902 -0.488447 0.528935 -0.473767 -1.00999 -0.508383 -0.530747 0.150266 1.03006 -0.161472 0.863757 0.492014 0.310445 -0.643628 -0.747271 0.166145 -0.434213 0.452497 -0.99994 0.187901 -0.325435 -0.434678 -0.188257 -0.561879 0.0899246 0.342342 0.653616 -0.349169 0.472967 -0.134539 -0.525094 0.35136 0.667428 0.022845 -0.658839 0.158091 -0.423698 -0.461352 -0.197582 -0.201898 -0.323517 0.21001 -0.566365 0.367042 -0.123084 -0.102666 0.442389 -0.644894 0.624211 0.38509 -0.384416 0.646273 -0.547394 0.317797 0.0966691 0.430848 0.0933384 -0.395555 0.454846 -0.235029 -0.12547 0.303571 -0.432446 0.0933557 -0.195637 -0.283242 0.139921 0.618169 0.191298 0.689108 -0.308285 -0.09518 0.265951 0.737687 0.431505 0.180967 -0.319669 0.558018 0.381 0.0272889 -0.445455 0.308916 -0.556174 0.318487 -0.282566 0.127002 0.49436 -0.66692 0.0555813 -0.35104 0.312584 -0.972968 0.115655 -0.178286 0.338857 -0.224278 -0.676201 0.56621 -0.0403588 0.365376 -0.455912 0.336495 -0.0095896 -0.690138 0.294028 0.0239935 0.257301 0.00309441 0.441298 0.289397 -0.33998 0.146784 0.111214 0.773961 0.0407143 -0.234654 1.02188 -0.132066 -0.622635 0.741 0.0790921 0.114125 -0.345754 -0.0364392 0.359753 0.771809 0.523702 -0.379396 0.631523 -0.614734 -0.729245 0.804769 -0.387262 0.145562 0.362293 0.400107 -0.225493 0.308911 0.021298 -0.0567302 -0.236247 -0.42202 -0.250233 0.480848 0.171875 -0.0969028 -0.00205816 
233 132 122 222 42 46 139 105 78 235 5 24 160 19 36 233 211 170 57 155 72 15 205 132 207 156 78 53 103 248 245 117 34 91 58 84 72 249 146 121 179 181 198 129 251 64 180 212 221 24 6 219 224 48 250 231 189 69 147 51 160 136 248 28 76 41 101 131 91 77 59 146 143 126 21 157 189 62 252 134 168 63 211 75 15 82 240 10 68 213 151 146 225 49 185 182 211 47 131 66 47 54 122 25 30 238 212 137 96 227 182 140 11 159 31 56 218 201 161 33 22 41 215 76 148 114 208 129 57 14 190 129 46 237 202 193 224 195 64 196 52 80 48 124 51 124 113 133 182 109 121 90 106 141 229 64 37 211 130 187 215 96 100 99 24 74 49 14 206 52 157 28 174 124 61 141 204 110 16 250 104 132 23 14 195 39 136 113 180 88 248 180 211 190 228 248 247 135 77 219 145 171 255 212 114 195 43 249 192 22 90 86 12 111 31 162 210 172 197 96 90 57 157 237 121 236 237 139 194 75 117 46 255 72 229 186 76 163 
0.160444 0.00523431 -0.383736 0.268085 -0.670994 0.962642 0.266869 -0.0428107 -0.145608 -0.577956 0.811106 0.0642231 0.498496 -0.0272085 -0.0922173 0.651333 -0.181201 0.719116 -0.453445 0.176146 0.597991 0.677962 0.187996 0.163919 -0.311281 0.680636 0.312756 0.41882 0.100668 -0.203177 0.0731896 0.363924 -0.155484 0.028124 -0.428243 0.540243 -0.154707 0.124967 -0.217917 -0.243797 -0.183535 0.120215 0.297095 0.460114 -0.574988 0.559518 -0.46314 -0.825778 0.574066 0.24284 -0.146652 0.286745 -0.109693 -0.494332 0.089186 0.462593 0.31841 -0.37074 -0.455587 0.233846 -0.0855007 -0.284779 0.307517 -0.193452 -0.1111 0.347448 0.355003 -0.253149 -0.525341 -0.504635 0.919031 -0.0975268 -0.12296 0.0289131 -0.228478 0.230007 -0.254571 0.179678 0.534635 -0.139714 0.41679 -0.470575 0.284257 -0.289063 0.0220956 -0.0705014 -0.129751 -0.307593 -0.251113 -0.379519 -0.0380407 0.384686 0.12422 0.214271 -0.439865 -0.507691 -0.68851 -0.281026 -0.364368 -0.912299 -0.65214 0.412443 -0.614272 0.0840476 0.361884 0.178231 -0.35656 -0.147608 0.217327 -0.771542 0.0596865 -0.12295 -0.889773 -0.339899 0.063967 0.0126373 -0.0238118 0.0123265 -0.497357 0.212463 0.326739 -0.469091 0.0984182 0.154469 -0.267605 0.409319 0.166899 0.134149 0.565851 0.456499 -0.440724 -0.103616 0.00687055 -0.498914 0.463662 0.374581 0.282165 0.0872127 -0.162674 0.553026 -0.0750851 0.331673 -0.397124 0.740094 0.522731 -0.726932 -0.991773 0.270868 0.629604 -0.400058 0.344118 -0.931057 0.266372 0.13156 -0.842458 0.240708 0.252865 -0.328324 -0.37078 0.442189 -0.253118 -0.48667 -0.43396 0.750395 -0.399586 -0.694713 0.484128 -0.734796 0.425078 0.0362 0.979749 0.557438 -0.307497 0.0145108 -0.470464 -0.836394 -0.00494555 -0.0947465 0.120657 0.891806 -0.125645 -0.38371 0.0736735 0.505466 0.0187958 -0.344674 0.315784 -0.0307378 -0.13921 -0.438717 0.254084 0.0135863 0.409586 0.71256 0.615514 0.161565 0.0581012 -0.573388 0.114052 -0.0562558 -0.333597 -0.368166 0.661288 0.387953 0.716413 -0.463585 -0.151831 0.632124 -0.659451 0.303254 1.12615 0.181843 -0.43671 -0.285536 0.0108443 -0.44951 0.240396 -0.0651597 0.305449 -0.327294 -0.23854 -0.269711 0.391284 -0.36026 0.346653 0.0743444 0.000562218 -0.160244 -0.685673 -0.193417 0.359082 -0.506198 -0.271389 -0.722326 -0.250612 0.656079 0.465959 0.489296 
23 195 165 93 41 115 222 241 133 133 1 7 43 51 167 230 105 15 3 172 183 93 231 128 249 164 6 239 189 84 57 132 204 193 194 136 132 16 233 147 249 201 238 227 92 91 69 140 131 237 147 213 255 175 166 7 143 203 98 156 22 20 62 90 100 60 99 165 231 232 212 88 41 150 17 18 56 175 169 72 11 34 166 44 49 7 229 242 3 29 240 141 215 157 253 122 112 49 115 111 254 172 149 113 69 181 223 128 250 96 50 98 27 229 35 241 35 59 170 192 30 254 128 224 43 247 56 192 151 118 179 10 1 67 56 71 93 37 119 107 237 111 142 202 52 5 224 36 0 154 18 25 113 216 161 183 248 181 91 175 59 242 250 163 93 34 175 114 67 122 149 186 2 160 177 56 75 45 200 1 45 69 48 200 15 194 216 32 217 139 192 166 145 90 196 16 86 97 109 189 6 195 90 228 115 246 188 61 146 169 146 70 180 212 25 2 57 86 53 3 138 157 28 53 217 138 193 116 165 145 187 32 118 131 229 126 92 35 
0.554566 0.677621 0.441329 0.423708 1.01415 0.512982 0.310051 -0.383587 -0.0608208 0.381949 -0.371144 -0.128991 -0.0706193 -0.557027 0.768237 0.39103 -0.0294358 -0.402539 0.104662 -0.224592 -0.246276 0.0889035 -0.286597 0.511226 0.335904 -0.289951 0.0453009 0.682069 0.533566 -0.596465 0.501735 0.188685 0.401984 -0.430531 -0.391773 0.369401 -0.320432 0.057704 -0.293378 -0.291635 0.579641 -0.00870814 -0.350979 0.00989318 0.11562 0.715241 0.557038 -0.342514 -0.38595 0.0802091 0.0142661 0.250302 -0.33446 -0.179257 0.791616 0.203641 0.266037 -0.340881 -0.365871 0.249579 0.373597 0.560005 0.296788 0.284779 0.447569 -0.428891 0.248989 -0.120361 -0.337774 -0.222862 -0.812188 0.690558 0.419022 -0.341337 0.182108 -0.161822 -0.0796794 0.174148 -0.540956 -0.0504313 0.549294 -0.819919 -0.550465 -0.600709 -0.50088 -0.530608 -0.0808427 -0.16373 0.570829 0.320378 0.266866 -0.178105 -0.671701 -0.27864 -0.12734 -0.351504 0.0835927 0.320837 -0.0641875 0.035865 -0.174343 -0.0177526 -0.157947 -0.371213 0.824469 -0.0834099 -0.504584 -0.500495 0.377888 0.339491 -0.207986 -0.108633 0.523545 0.387182 -0.078897 -0.244373 -0.44036 0.0366289 -0.0014113 0.626278 -0.0500366 0.333853 0.314698 -1.36366 -0.535016 -0.17148 0.207049 0.692847 0.241124 -0.160469 -0.205165 0.192452 -0.715541 -0.0794534 0.604366 -0.660056 0.295354 0.41959 0.458018 1.13859 -0.485739 0.0332701 -0.504912 -0.734841 0.452504 0.913365 -0.567872 -0.521544 -0.000220292 -0.422175 -0.804282 -0.468998 -0.231666 -0.536756 0.364122 0.832952 -0.136497 0.275153 0.689359 0.349865 0.4248 0.561823 0.442518 -0.371316 0.402024 0.549631 -0.686664 0.683863 0.719892 -0.409171 0.0104618 0.41817 0.02213 -0.450897 -0.248227 -0.723714 0.22704 0.643167 1.0234 -0.327934 -0.420385 0.727398 0.463124 0.354728 -0.319137 -0.0878837 -0.451762 -0.259137 -0.358137 -0.267959 0.0234942 0.138606 0.0499724 -0.370648 -0.182157 0.293814 0.451262 0.71301 0.168767 0.227112 -0.183402 -0.286112 0.295831 -0.382949 -0.0330739 0.255845 -0.99204 0.658916 0.212635 0.49531 0.59539 -0.0630775 -0.503156 -0.440238 -0.379518 -0.385854 -0.055969 0.45979 0.739735 0.236466 -0.321066 0.934766 0.190319 0.377621 0.305932 -0.34779 0.567569 0.430235 0.133801 0.706138 -0.134859 0.3333 -0.793216 -0.33781 0.0385707 -0.597535 1.04837 -0.556385 
25 73 103 5 77 140 0 151 53 211 66 190 220 93 70 246 11 231 173 76 3 77 49 209 171 87 69 56 33 63 20 108 172 67 143 248 179 210 38 188 59 42 93 179 73 164 55 245 25 31 235 4 159 152 104 161 197 7 147 218 130 190 253 128 177 154 196 88 203 140 173 124 77 70 23 226 62 50 185 143 4 1 168 173 223 31 23 91 71 93 23 100 217 188 194 14 64 20 62 127 81 242 170 151 18 31 101 121 115 11 162 52 174 236 84 205 171 48 233 60 137 234 66 189 249 104 200 167 35 16 103 26 226 170 234 73 198 211 185 252 175 54 61 131 18 41 92 164 165 239 100 177 115 251 101 138 104 137 147 125 125 18 82 84 164 188 171 54 76 241 237 167 132 74 109 198 253 78 178 156 165 170 224 6 148 78 175 15 99 102 217 241 208 240 150 107 250 87 131 155 60 150 181 195 104 176 105 247 99 221 150 180 68 105 34 83 94 175 90 244 17 147 183 227 84 26 26 79 241 16 118 112 74 92 68 123 201 126 
0.617549 -0.43444 -0.487636 -0.129358 0.188052 -0.679815 -0.623177 -0.366151 0.624561 -0.353294 -0.587166 -0.0676043 -0.476848 -0.706015 0.231147 -0.746272 -0.0508068 0.10075 0.465652 0.0099997 -0.670774 0.205675 0.756783 0.0307439 0.348816 -0.012482 0.586394 -0.0845431 0.175046 -0.521179 -0.940303 -0.352706 0.610776 -0.197888 0.3077 0.160127 -0.369829 -0.225352 0.189237 -0.227593 -0.572552 -0.137815 0.107701 0.397355 -0.876036 -0.364438 -0.291365 0.286477 -0.57695 -0.727689 -0.522873 -0.170083 -0.323751 -0.347902 -0.271549 -0.388077 0.446026 -0.12213 0.00500465 -0.531691 0.433943 -0.330733 -0.943109 0.683917 0.434439 -0.440083 0.407133 -0.418933 0.572579 0.73394 -0.536659 0.104329 1.17016 0.712352 0.231839 -0.361961 0.371875 -0.356617 -0.089925 -0.0672492 -0.699818 0.81147 -0.317262 -0.424226 -0.571795 -0.629454 0.698914 -0.575035 -0.0144592 0.156896 -0.285048 0.650997 0.26234 0.811437 -0.506175 0.688606 0.0387831 -0.319762 0.769348 0.265956 -0.0690173 -0.497697 0.707764 0.047133 0.294659 -0.517477 0.47724 -0.0142837 0.33289 -0.0322637 0.182838 -0.619955 -0.648369 0.661821 -0.223606 -0.447821 0.559177 -0.0524292 0.343977 -0.0532117 -0.407378 0.421827 0.533195 -0.194709 0.112905 -0.176837 1.01216 -0.0338226 0.359226 -0.122612 -0.52208 0.425472 -0.948642 0.0813377 -0.14109 -0.341897 0.856166 0.880883 0.675797 -0.673057 0.076379 -0.0492175 0.471632 0.614005 0.416697 -0.514277 0.525517 0.451422 -0.61735 -0.0920265 -0.235968 0.134321 -0.585335 -0.122691 0.620068 -0.069111 -0.121513 0.276839 -0.359217 -0.215191 0.207225 0.24146 -0.350906 -0.209586 -1.01079 -0.785354 -0.160192 -0.243821 0.314266 -0.671521 0.12897 0.635586 -0.194661 -0.607966 0.596969 -0.662038 0.623219 -0.447953 -0.749352 -0.425107 0.438451 0.0346486 -0.647734 -0.377844 0.628013 -0.483789 -0.575218 -0.302803 0.55616 -0.183815 0.661611 -0.013998 0.361186 0.133866 -0.344887 0.227216 -0.786597 0.688923 -0.556786 -0.114031 0.198285 0.729018 -0.114971 -0.565242 0.324955 -0.0347847 -0.1299 -0.951526 0.0199642 -0.578903 0.480422 -0.468106 -0.403702 -0.215684 -0.190012 -0.379057 -0.872361 -0.54875 -0.207378 0.0990403 0.586822 0.211639 -0.242497 -0.165465 0.254864 -0.670146 -0.720997 -0.052744 -0.181525 0.499073 -0.515242 0.0745621 1.01102 0.467976 -0.182892 0.720072 0.193002 0.70532 
162 154 226 229 34 94 149 50 220 34 66 163 150 122 214 14 11 179 19 174 236 147 19 3 126 133 103 154 37 191 216 11 234 57 61 85 139 173 95 239 170 229 202 12 30 32 238 64 81 218 77 225 101 59 171 223 222 103 131 52 204 41 200 221 172 41 157 135 98 209 174 151 221 128 246 9 138 225 203 82 28 149 237 99 54 73 8 17 28 105 54 59 36 84 38 111 124 62 60 70 89 84 166 121 118 146 209 209 32 149 208 117 84 205 228 53 236 104 157 122 101 221 187 119 156 216 96 10 192 208 104 46 233 219 120 220 207 43 248 63 239 222 85 86 225 166 186 78 132 176 147 178 19 107 244 20 227 101 63 97 216 132 37 64 234 160 224 30 183 29 69 175 50 202 207 90 104 238 3 103 50 155 203 19 25 18 128 128 117 78 219 132 224 134 106 224 233 112 151 249 22 164 218 218 244 86 189 185 4 221 16 60 72 204 60 248 98 64 175 43 151 168 89 169 134 134 205 148 137 202 227 201 15 52 232 142 226 73 
-0.333546 0.24464 -0.190466 -0.165685 -0.89805 0.283903 -0.246011 0.975892 -0.173887 0.378186 -0.366517 0.769601 0.163564 -0.151671 -0.026037 0.199042 -0.432926 0.0504802 -0.265597 -0.132161 -0.166546 0.811693 0.958118 0.536131 0.402994 0.136813 0.3782 0.0664192 -0.365543 0.180698 0.354405 0.537888 -0.19554 0.758558 -0.136494 -0.395547 0.33438 0.433231 -0.283811 0.0916912 0.116903 0.530166 0.0168254 0.214025 0.307509 -0.214481 -0.424723 -0.479868 0.287633 -0.287661 -0.382761 -0.0644385 0.300946 -0.701565 -0.740166 0.562831 -0.253337 0.304131 0.1353 -0.223644 -0.127793 0.509547 -1.04322 -0.735708 -0.744669 0.186816 0.163962 0.038106 0.744684 -0.42223 0.15549 -0.317504 -0.267343 0.181351 -0.33733 -0.273934 -0.892671 0.674815 -0.587854 -0.145724 -0.246883 -0.341439 -0.106588 0.201065 -0.415738 -0.554759 1.01974 -0.201384 0.737405 0.361926 -0.16544 -0.0731893 -0.56339 0.207088 -0.56006 0.870728 -0.537062 0.435165 0.357865 -0.507363 0.0575883 -0.574704 -0.682253 0.263114 -0.048481 0.272164 -0.689832 -0.314598 0.0602989 0.652871 0.369578 0.119688 -0.785966 0.524509 -0.0342779 -0.28278 0.103963 -0.285274 0.7291 0.214565 -0.499607 -0.0950701 0.103404 0.19293 -0.361992 -0.158977 0.322552 -0.0807276 0.0873788 0.529304 -0.63905 0.526995 -0.65841 -0.443749 0.0830393 -0.324063 0.0362736 0.883567 -0.219396 0.0705517 0.360401 -0.0495699 0.0453832 0.233653 0.0871935 0.173618 -0.491527 -0.778996 0.586439 -0.443276 -0.357847 0.212753 -0.350222 0.0416252 0.267019 0.311358 -0.111127 0.0750795 -0.307996 0.963514 -0.426273 -0.757653 -0.0341664 0.680275 -0.0665661 0.810527 0.709703 0.199376 0.324357 0.516192 -0.289657 -0.548359 0.278776 -0.953517 -0.499824 0.184625 0.545335 0.191987 -0.132924 -0.366512 0.184194 -0.0478729 -0.18764 -0.417198 -0.0416405 0.627617 -0.567229 -0.865832 -0.743393 -0.164683 -0.328063 -0.658458 -0.647228 0.349164 0.0927082 -0.0322324 0.228513 0.402838 0.770538 -0.293371 0.686712 -0.363978 0.178892 -0.728957 -0.210647 -0.308134 -0.855786 0.694665 0.608164 0.956011 0.684095 -0.719809 -0.194666 0.790662 0.123354 -0.780861 -0.773389 0.464182 -0.21495 0.751015 0.29365 0.210093 -0.19424 0.0733211 0.349859 -0.472189 0.412262 -0.548049 0.552694 0.15999 -0.0410757 -0.512959 0.058935 0.664721 0.605692 0.145837 0.463766 0.631522 
174 149 83 30 111 110 56 104 42 160 112 225 37 94 10 76 133 153 242 69 12 178 39 100 176 112 110 9 84 56 94 183 140 217 68 47 93 161 144 49 95 156 222 238 38 120 43 241 239 175 120 186 118 163 222 202 191 198 8 96 68 166 7 101 179 153 154 150 54 113 238 83 173 189 70 222 72 186 162 248 172 204 19 151 224 156 39 36 60 118 24 209 92 219 79 91 241 221 238 87 176 188 183 41 206 209 192 34 3 216 89 138 6 78 209 184 76 115 30 168 41 152 20 77 95 249 213 26 222 174 146 149 251 232 181 111 138 30 208 152 118 197 159 231 29 71 178 31 4 169 30 4 27 58 52 7 115 224 172 205 119 132 228 58 185 46 64 221 220 196 159 48 15 21 148 73 171 162 46 79 112 94 136 125 198 150 231 33 34 251 116 132 220 111 30 216 182 86 65 191 205 39 150 171 244 70 6 225 103 243 26 190 107 145 29 190 59 169 245 214 166 75 119 190 142 41 59 212 210 221 43 255 102 185 239 86 92 119 
-0.751401 0.662288 0.221611 0.753235 -0.506221 0.40138 -0.274948 0.385028 0.375311 -0.215038 0.115139 -0.339841 -0.0139764 -0.371931 -0.10636 0.680427 0.788369 0.688329 -0.179125 -0.139513 0.597422 -0.128699 0.346901 -0.566919 -0.247146 0.364639 0.588781 0.456758 0.860886 -0.189626 -0.821876 -0.455638 -0.344748 0.389051 0.553143 0.62651 0.178168 0.400518 0.0892454 -0.606182 -0.321306 0.687477 0.040538 0.423956 -0.171916 0.113563 0.514394 -0.217088 -0.443422 -0.429389 -0.703899 0.511922 0.292252 0.0848215 -0.428911 -0.297514 -0.56785 -0.052674 -0.598575 0.454833 -0.469339 0.184187 0.0630195 0.319374 -0.130296 0.325975 -0.508805 -0.0414423 -0.0124857 0.461243 0.133421 -0.101247 -0.669341 -0.674084 -0.720595 0.0850964 -0.738674 0.573566 -0.266905 -0.158753 -0.347125 -0.637315 -0.23827 -0.337919 0.515246 0.732431 0.047363 -0.351027 -0.00972811 -0.113641 -0.093218 -0.539482 -0.145589 0.249623 0.0211956 0.423201 0.189031 -0.267016 0.357929 -0.103699 -0.388927 0.109198 -0.367067 -0.799696 -0.43307 -0.379796 0.0878019 0.877007 0.108864 -0.474646 0.390873 -0.453521 -0.00817187 0.231115 -0.463939 0.0900436 -0.376709 -0.497995 0.0381801 -0.49076 -0.562737 -0.627998 0.499986 0.402743 -0.394502 -0.65687 0.660017 -0.685243 -0.0805019 -0.00901825 0.0332257 -0.330052 -0.250289 -0.102079 -0.40586 0.892589 0.467978 0.166138 -0.257052 0.194808 -0.261434 -0.290266 0.126656 0.599476 -0.972384 0.179073 0.0756724 -0.763644 0.605704 -0.0542982 0.349567 -0.241377 0.413325 -0.469431 0.600526 -0.549275 -0.51994 -0.180501 0.442867 -0.544465 -0.245167 -0.882737 0.422282 0.498871 -0.528946 -0.543648 -0.490302 -0.398361 -0.442841 0.265869 0.0951438 -0.346843 0.135629 0.682817 -0.911246 0.389025 0.414054 -0.0123529 0.166756 0.0794138 0.174497 0.619227 -0.605738 -0.166106 -0.605822 -0.562253 0.304886 -0.391763 -0.293386 0.221953 0.368082 -0.690525 -0.143473 -0.156562 -0.247662 -0.4324 0.766958 0.0948365 -0.224556 0.850112 -0.4904 -0.483837 -0.614687 -0.608023 0.248249 0.899762 -0.0549199 -0.448226 -0.118208 0.613708 0.604267 0.102617 -0.128163 0.335766 0.46632 -0.561609 0.328391 -0.514407 -0.655855 0.705979 -0.383149 -0.128872 0.171263 -0.255627 -0.823414 -0.203322 0.406486 -0.274525 0.349459 -0.559796 -0.242669 -0.625838 -0.920758 -0.742462 -0.120782 -0.0256634 0.0744148 0.314665 
8 20 34 159 236 134 19 67 125 236 26 135 166 12 143 25 16 252 80 157 64 72 186 217 184 133 230 255 12 91 171 145 114 179 167 124 118 74 55 6 209 79 217 217 201 187 161 0 124 87 65 33 17 62 234 209 20 145 21 247 221 146 19 71 16 250 122 226 125 18 222 36 73 147 72 215 149 68 33 28 172 196 237 93 228 98 96 206 182 47 23 31 79 227 13 14 61 83 4 185 140 111 57 129 244 62 41 136 35 114 227 169 246 58 130 226 128 220 81 82 143 50 238 17 74 90 100 183 217 49 187 219 28 205 106 98 64 91 192 135 11 112 123 149 115 28 204 88 28 194 10 182 217 134 252 252 219 212 58 247 84 144 16 2 198 70 37 227 29 190 230 173 200 60 217 86 184 104 38 111 182 122 173 109 201 44 204 178 133 157 70 70 74 232 153 226 233 115 235 193 167 221 86 75 174 248 215 23 123 245 200 133 60 61 83 187 128 3 48 50 159 243 119 210 116 4 24 164 115 132 21 233 170 51 101 104 227 145 
-0.0924357 -0.419475 0.359179 0.578267 -0.0559523 -0.547375 -0.261031 -0.466785 -0.393877 0.456927 -0.032706 -0.0773486 0.824395 -0.737622 -0.881438 -0.398537 -0.053181 0.552707 -0.234597 -0.27192 -0.445645 0.324013 -0.897281 -0.188084 0.0214858 0.500616 -0.0813791 0.473345 0.398116 -0.494715 -0.0179015 0.135977 -0.122607 -0.636657 0.9982 0.613476 -0.224576 0.598371 0.427482 0.652232 0.00741691 0.123609 -0.324433 -0.487287 -0.452916 0.218496 -0.385011 0.0534192 0.259616 0.656689 -0.956931 -0.335986 -0.10013 -0.355238 -0.385424 -0.783318 0.714214 0.0633727 -0.56389 -0.122125 -0.553539 -0.597478 0.259385 -0.50307 0.270429 -0.382353 0.187111 0.697093 0.115275 0.155545 0.707418 -0.815107 -0.18617 -0.00995331 -0.00843293 0.158628 -0.834629 -0.0542817 0.606384 0.105448 -0.181367 0.312881 -0.103229 0.564718 1.01802 -0.582241 -0.620146 -0.260095 -0.101151 0.494393 0.178928 -0.687247 0.115567 -0.293149 -0.226008 0.634071 -0.396999 0.128878 0.19984 -0.301381 -0.167631 0.53614 -0.200202 -0.0808621 -0.312573 -0.120161 0.87794 0.281342 -0.488185 -0.54661 -0.0800646 -0.0684752 0.348919 0.623378 -0.600788 -0.0555064 -0.927372 0.136975 0.519922 0.962159 0.364672 -0.0409171 -0.791089 0.488036 0.270312 -0.667251 -0.0843091 -0.693826 -0.262707 -0.534823 -0.709809 -0.441345 -0.330029 -0.182276 -0.651849 -0.100926 -0.328855 -0.0513475 0.647104 0.295673 0.243879 0.30941 0.0866707 0.438931 -0.258623 -0.45082 -0.766475 -0.159086 0.352309 -0.046449 0.160661 -0.263157 0.227178 -0.221776 0.445166 0.442689 0.650758 -0.493937 -0.317883 0.084279 -0.365825 -0.20845 -0.0722957 -0.579043 -0.409036 -0.393418 -0.0971703 -0.660977 -0.464055 0.00884348 -0.673704 0.277411 -0.132258 0.136703 0.245428 -0.271756 -0.722186 0.509027 -0.958417 -0.20598 0.681093 -0.157126 -0.563269 0.736985 -0.0781394 -0.473644 -0.444861 0.252041 0.554278 0.148161 0.40408 0.537949 -0.378424 0.215329 -0.19119 0.846935 0.154661 -0.0733485 -0.49285 0.308405 0.20866 -0.545795 0.203228 -0.709763 -0.459106 -0.562201 -0.287549 -0.00342958 -0.0928031 0.671912 0.37792 -0.39893 -0.524801 0.36307 0.191475 0.408588 0.480298 0.782665 0.638096 0.246875 -0.274729 0.760853 0.27105 0.40221 -0.612576 -0.671776 0.884339 0.867282 0.0958822 -0.458249 -0.278709 -0.889136 0.223896 0.323955 0.203438 0.627442 1.00318 -0.410948 
197 126 2 160 54 63 53 98 87 198 143 174 209 20 171 26 134 213 181 145 242 125 91 104 6 219 127 24 176 250 180 228 219 217 227 29 131 199 223 255 35 129 140 47 56 20 209 229 206 144 60 224 65 15 233 90 219 130 28 90 91 126 98 89 239 129 226 34 65 114 199 142 254 172 240 59 91 144 62 126 199 58 56 44 224 200 67 49 88 228 54 206 54 247 5 104 55 198 91 165 173 127 200 39 172 11 125 201 84 76 175 100 215 107 35 142 204 77 84 159 218 153 115 40 31 34 185 79 68 40 110 98 57 134 22 234 181 186 178 39 94 70 89 93 38 132 247 150 26 45 201 181 164 158 194 205 202 182 68 208 48 103 12 61 69 102 129 64 93 155 166 124 0 54 74 70 253 172 163 1 217 232 114 98 121 38 3 76 113 44 247 8 233 37 106 90 193 1 68 145 22 243 233 174 242 251 213 59 158 93 20 56 222 157 110 126 93 220 212 142 237 111 255 121 203 75 253 64 13 151 207 50 62 44 24 192 211 87 
0.440938 -0.294798 0.160626 -0.190604 -0.170414 0.0316133 0.140196 0.28479 -0.745793 0.34504 0.890363 0.0330703 0.189034 0.380056 0.103947 -0.0692277 -0.963618 1.00123 -0.109184 -0.839989 -0.150659 -0.0875758 -0.126414 0.131373 0.265871 -0.186164 -0.3431 -0.425049 -0.169391 0.151401 -0.196072 0.546054 -0.714909 0.57129 0.785044 -0.0426928 0.14986 0.592675 -0.335998 -0.769168 0.830863 0.224758 0.775152 0.254648 0.557291 0.649099 -0.540222 -0.434719 0.45649 -0.174818 0.737162 -0.318718 0.479808 0.12761 -0.342046 0.0364921 -0.39388 0.0468741 -0.413169 -0.338965 -0.500502 0.699586 0.496199 -0.253542 0.39978 0.218272 0.397802 -0.62952 -0.0644789 -0.716371 0.372271 -0.418756 -0.263187 0.554813 0.145397 -0.662424 -0.673077 -0.23139 0.757706 0.556419 0.326981 0.389098 0.339591 0.0316779 -0.267319 0.022862 -0.823294 0.549723 -0.115823 0.283263 0.205454 0.55659 -0.536191 0.375103 0.151286 0.39439 -0.00666839 -0.395175 -0.612164 -0.128342 -0.115637 -0.0755381 -0.230092 0.779677 -0.473407 -0.887175 0.414906 -0.563619 0.343807 -0.524379 -0.375679 -0.221756 0.275902 0.30633 -0.194224 0.236226 -0.567755 0.669943 -0.259045 0.664491 -0.631395 0.551531 -0.309704 0.555943 0.602205 -0.515883 -0.882264 -0.28325 -0.0377675 0.156777 0.573136 -0.48376 -0.425848 -0.265619 -0.515789 0.493626 0.443397 0.0827553 0.188364 0.27607 0.0723918 -0.352865 0.577954 0.185695 0.346025 -0.115551 0.0812617 -0.35752 0.0664335 0.242484 -0.744627 0.700942 0.381211 -0.139658 -0.615005 -0.392801 0.137863 -0.564676 -1.04169 0.755437 -0.119502 0.494611 -0.707004 -0.271598 0.746834 -0.101585 0.598421 0.312154 0.10589 -0.511815 0.317956 0.52619 0.314972 -0.0799174 0.616567 -0.0867443 0.421379 0.157446 -0.246847 0.725082 0.661359 -0.134823 0.550373 -0.441501 -0.643706 -0.300723 0.118852 0.454048 -0.0273081 0.237042 0.802682 -0.404237 -0.521852 0.695956 0.264039 -0.572178 -0.572649 -0.214172 -0.0301307 -0.223074 0.61899 0.39342 -0.423175 0.41235 0.40932 -0.502878 0.470966 0.656305 0.321902 0.263739 0.51424 0.179116 0.344976 0.577227 0.177822 -0.429597 0.172638 -0.391678 -0.517205 0.362312 0.312498 -0.408394 0.0915976 -0.612979 -0.426191 -0.663164 -0.53449 -0.319271 0.837613 0.438638 -0.144934 0.708685 0.0443489 0.445285 -0.264831 -0.183251 1.08219 0.049202 
32 228 128 199 160 220 161 77 18 186 220 162 103 195 228 2 20 186 176 226 68 109 82 170 132 59 87 115 63 98 235 82 228 97 39 146 61 105 28 171 141 113 23 164 238 87 78 77 78 119 213 57 131 245 160 213 46 54 81 182 131 227 217 45 4 192 228 204 16 189 86 175 43 33 161 25 115 220 212 93 146 57 132 88 197 101 227 145 152 18 206 49 155 131 40 210 198 78 175 126 173 198 146 77 194 116 139 1 77 224 16 139 14 32 70 198 233 191 144 73 106 54 211 234 200 112 238 231 57 123 183 182 111 166 96 56 33 219 78 8 75 46 197 136 187 95 101 183 84 131 173 202 229 16 39 7 160 222 199 182 166 221 102 247 114 134 251 43 126 85 44 61 2 86 107 108 150 99 129 168 26 229 97 243 52 79 143 173 164 56 87 235 169 128 104 157 127 11 25 217 112 52 158 33 138 135 86 44 188 107 71 143 175 198 142 46 113 148 192 94 153 27 102 38 106 79 121 133 88 212 1 134 246 249 187 179 145 164 
-0.138891 -0.0624037 -0.051875 -0.792847 -0.307181 0.407741 -0.456869 -0.21748 0.234418 -0.319326 -0.126636 -0.984295 0.696401 -0.145047 0.851146 0.324557 -0.308381 -0.0817572 -0.274495 -0.518198 -0.822327 -0.362396 -0.806535 0.587682 0.89237 -0.0415202 0.625311 -0.130026 0.177691 -0.310529 0.146768 0.315083 -0.224258 -0.603666 -0.367785 -0.123954 0.414907 -0.473418 0.161371 0.231804 -0.581412 -0.603851 0.370644 0.946768 0.459116 -0.342986 0.403425 0.0698669 0.357834 -0.3646 -0.61267 -0.594549 -0.279746 0.74463 -0.0376095 0.418784 0.0925882 -0.868576 -0.0224438 0.520643 -1.15815 -0.253404 0.580741 -0.13475 -0.590888 0.181658 -0.0327425 0.013166 0.872123 -0.0117171 0.00039223 -0.0879799 -0.701211 1.03933 -0.0366183 0.174308 0.406766 0.554365 0.0199056 0.768999 0.0790407 -0.354952 0.419064 0.183492 0.493918 -0.184617 0.59595 0.604931 0.290223 0.185531 -0.75991 0.0827774 -0.0863122 0.00482758 -0.345082 0.141662 0.665563 0.290725 0.154839 -0.578637 0.0589364 0.966997 0.0287342 0.342316 0.709035 0.828075 -0.231773 -0.489308 -0.168035 0.0643695 0.468553 0.0227652 -0.441261 -0.512565 0.331591 -0.658274 -0.609002 0.198961 0.662609 0.655583 -0.542121 -0.121947 -0.447233 0.0248247 -0.0876806 -0.412169 -0.318538 0.0935532 -0.168132 -0.457436 -0.205361 -0.656337 -0.047688 -0.330073 -0.287738 -0.046619 -0.426255 0.140187 -0.575508 0.213158 0.571593 1.16791 -0.413618 0.38788 -0.397018 0.0658264 -0.879277 -0.352336 0.496197 0.41717 -0.353108 0.183422 -0.525894 0.446663 -0.0959622 -0.0702174 0.128955 0.266518 0.0749864 0.519812 -0.270721 -0.18053 0.0287381 -0.418447 -0.127044 -0.271021 0.173026 0.201793 0.300501 -0.163008 0.562735 0.0962631 -0.08424 0.0874989 0.764419 -0.381678 -0.846551 0.0558042 -0.122452 -0.372562 0.547346 -0.362632 -0.0262261 -0.0288523 -0.283837 0.668582 -0.168296 0.492511 -0.336683 0.240409 -0.450133 0.158101 -0.835517 -0.356496 0.0910818 -0.133195 -0.130128 0.238137 -0.613815 0.444459 0.395687 0.0953743 -0.374133 0.471143 0.0247905 0.366261 -0.536302 0.0596869 0.698332 -0.00813746 -0.209185 -0.568971 0.219129 -0.796382 0.568882 -0.667811 -0.1863 0.0952692 -0.144116 -0.551651 0.807761 0.366432 0.814339 -0.332172 0.384862 0.421331 0.0376362 0.0040886 -0.18669 0.658931 -0.479782 -0.133025 -0.287297 -0.0833453 -0.293354 -0.355829 -0.328707 0.264185 
63 150 118 205 22 33 198 144 46 99 138 3 214 109 220 91 220 70 86 226 66 50 33 206 44 163 143 129 250 134 167 238 7 139 254 123 208 61 149 126 181 185 81 118 120 87 203 12 128 205 187 251 233 50 202 180 183 213 198 46 234 1 171 151 220 84 230 223 244 111 9 118 242 131 185 241 88 213 28 160 171 8 194 229 206 136 148 59 123 198 242 90 33 70 93 133 62 218 99 187 193 93 63 84 120 190 21 85 146 121 163 10 24 14 83 88 232 16 91 162 206 223 156 215 13 224 134 132 62 233 145 166 60 80 24 129 7 30 157 184 143 195 52 226 85 128 115 153 84 9 9 222 82 21 49 132 32 234 191 68 111 206 46 18 197 120 136 13 75 26 71 12 46 106 102 142 218 135 90 172 105 0 78 70 172 110 61 0 63 20 151 210 246 36 116 232 130 152 85 184 190 54 228 159 166 47 231 59 76 81 247 217 10 245 229 197 35 98 241 18 171 254 137 183 167 195 111 121 159 236 128 80 66 130 235 74 111 86 
0.23085 0.269729 0.636534 0.52131 0.257752 0.203852 0.0978137 -0.165997 -0.256281 0.159888 0.787111 -0.458116 0.150279 -0.248039 -0.0798707 0.553428 -0.630736 0.659878 0.271457 -0.365189 0.101669 0.557129 0.56697 -0.196048 0.546784 -0.354944 0.0410588 0.689108 -0.352494 -0.612279 0.539596 0.124267 -0.115879 0.588159 0.211425 -0.527928 0.80473 -0.0985925 -0.194294 -0.315861 0.502279 -0.397321 0.098189 0.0481486 -0.399577 0.358386 -0.487739 -0.556825 -1.13785 0.518986 0.09316 -0.596844 -0.144707 -0.605268 0.627005 0.197094 -0.268029 -0.315761 -0.360222 -0.293831 0.385953 -0.724201 -0.431616 0.351622 -0.537698 -0.0740562 0.168182 1.025 -0.62109 -0.213782 0.132836 -0.263348 -0.236208 -0.22229 -0.851008 0.0369009 -0.431269 0.0955121 0.678904 -0.35965 -0.473321 0.0373753 -0.77348 0.0338154 -1.08088 -0.0757389 -0.707305 0.271575 0.849531 0.170521 -0.421629 -0.153576 -0.395092 -0.745636 -0.572687 -0.627172 -0.132682 0.146213 0.535218 -0.216078 0.40738 -0.00289608 0.258616 0.198791 0.159262 -0.591926 0.0836624 0.107073 0.0330692 0.299729 0.423141 -0.26997 -0.127964 -0.484727 0.35081 0.154191 0.282493 -0.734192 0.506448 0.343474 0.369949 0.431163 -0.0576201 0.403945 -0.0543112 0.195369 0.502112 -0.285604 -0.618957 -0.482939 -0.217138 0.0590863 0.158387 0.449947 0.0971775 0.602471 -0.166675 0.391037 0.162888 -0.252105 -0.426731 -1.18448 -0.0661593 -0.0115345 -0.252392 0.697677 0.176204 -0.47324 0.603612 -0.43251 -0.305036 0.522769 -0.425993 -0.0910697 -0.122589 -0.370579 -0.353372 0.505483 0.0199732 0.510885 -0.508337 0.524334 0.0310935 0.220616 -0.779067 -0.632243 0.599842 -0.451527 -0.426877 0.24691 -0.315745 -0.352102 0.638234 0.583943 0.157786 -0.476679 -0.352129 -0.179528 -0.264563 -0.164324 -0.57245 0.489309 -0.459237 -0.758888 -0.76722 0.0725702 0.27105 -0.0514984 -0.814927 -0.168974 0.26068 0.0992594 -0.69304 -0.402373 0.332782 0.836266 -0.146516 0.386769 -0.632021 -0.204918 0.919159 -0.287768 -0.10187 -0.675065 -0.0960825 0.22226 -0.325415 0.273845 0.206574 0.138198 0.824148 0.685085 -0.376696 -0.787734 0.142512 0.429505 0.499965 -0.0392506 -0.386926 -0.104093 -0.74298 -0.424084 -0.453065 0.34619 -0.636139 0.694734 -0.168876 0.796075 -0.3679 0.197729 0.887577 0.963925 -0.500117 0.806172 0.0345577 -0.377926 -0.557521 -0.450882 
113 245 178 158 248 214 80 138 81 187 114 217 108 41 49 151 221 175 38 155 156 167 137 4 189 200 29 134 102 23 227 239 72 19 3 24 80 237 233 77 137 8 155 153 239 193 12 136 85 219 127 31 118 186 120 108 111 92 136 98 221 117 47 148 138 68 46 196 47 173 200 91 249 175 127 95 191 16 9 111 189 43 237 205 79 96 149 46 17 173 45 217 216 128 69 45 163 190 223 7 134 109 196 106 38 27 144 199 60 5 26 197 238 105 62 102 84 183 18 133 76 22 79 85 186 72 207 8 204 75 169 196 170 160 23 212 204 7 246 186 67 61 73 107 138 25 193 105 246 52 172 216 245 182 119 87 38 1 247 53 56 112 198 158 121 93 125 40 180 220 118 196 231 24 198 248 183 172 180 236 171 125 166 19 138 53 170 19 5 225 212 89 80 69 252 111 86 152 72 106 192 63 166 89 80 198 87 31 216 57 170 173 247 41 252 135 207 12 44 0 224 12 184 189 20 211 207 23 197 46 94 72 182 155 186 21 2 205 
0.254074 -0.749557 -0.601612 -0.972538 -0.23746 0.50703 0.284809 -0.505604 0.908186 -0.746329 0.951739 -0.438422 0.513557 0.233358 0.543787 0.12754 -0.861008 0.881744 -0.483526 -0.344383 0.861397 0.998464 -0.654499 0.225185 -0.117535 0.298114 1.00143 0.12455 0.175469 -0.323779 0.5064 0.188999 -0.658784 -0.336133 -0.126671 0.0745628 0.390249 0.603372 0.709222 0.147486 0.00763403 0.584314 0.373898 -0.703311 0.302403 -0.726795 0.275516 0.302399 -0.725352 -0.185745 -0.584201 -0.256486 0.401823 -0.0470553 0.175932 0.0997557 -0.396465 0.258483 -0.396315 0.37299 -0.272658 -0.378196 -0.7319 0.238141 0.518332 0.0274478 -0.795684 -0.504141 0.741823 -0.327231 0.0857842 -0.389663 0.238206 0.371803 -0.585389 0.438445 0.124506 -0.407718 -0.490015 0.276675 -0.625474 0.114117 -0.242117 0.152787 0.138948 0.0390686 0.56163 -0.685557 0.301986 -0.395314 -0.219127 0.565255 -0.0318368 -0.295271 0.467489 0.158279 -0.425669 -0.598554 0.322986 0.0547926 -0.427752 0.138737 0.618868 -0.284635 0.245754 -0.666702 0.0714555 0.454801 -0.303924 0.465506 -0.215123 -0.264965 0.385012 -0.348107 -0.307035 -0.224506 1.01816 0.0268395 -0.0825032 -0.0765811 0.212766 0.334799 0.65131 -0.720718 0.367367 0.0464902 -0.184485 0.266094 0.661235 0.0794057 0.32882 0.901526 -0.0576358 -1.32752 0.564138 0.342438 0.242672 0.166009 0.747922 0.406152 0.0335659 0.324738 0.0442011 0.60388 0.141213 0.359517 0.539101 -0.469206 -0.278048 0.445441 -0.301747 -0.658698 0.254169 0.470908 -0.320116 0.502959 -0.0303129 -1.1188 0.0555805 0.416109 -0.208948 -0.221753 0.482369 1.22437 -0.253956 -0.607471 -0.0269375 0.498606 0.118009 0.45826 0.195094 -0.539059 -0.176358 0.404156 -0.344212 0.536361 -0.419425 -0.426417 -0.610486 0.257802 -0.822284 -0.117026 -0.598189 0.982122 -0.442421 -0.289763 0.757605 -0.444641 -0.874013 -0.708015 -0.98114 0.0421614 0.746844 -0.296545 -0.130171 0.350631 -0.311477 0.559203 -0.900027 0.284965 -0.406433 -0.274447 -0.154242 1.0829 0.24343 -0.853097 0.164938 0.182664 0.157012 -0.696619 0.209066 0.258234 0.649573 -0.518367 -0.739813 -0.427529 -0.489036 0.539377 0.399341 -0.251907 -0.541379 -0.0918661 -0.0265821 0.57337 -0.62367 0.561627 0.678921 -0.588824 -0.46891 0.498924 -0.00196159 -0.467174 0.311146 0.207274 -0.0397421 -0.274294 0.16996 0.0332312 
35 3 79 34 171 98 7 47 125 129 134 85 240 235 95 15 64 124 83 38 209 45 216 34 84 181 212 6 186 225 149 236 4 202 47 34 54 140 27 140 235 222 238 86 52 29 91 164 99 62 163 46 97 56 131 205 221 83 239 47 51 82 64 90 32 230 55 36 76 238 44 32 63 2 11 10 207 150 233 195 126 152 24 24 134 136 97 243 214 22 45 108 163 102 97 158 17 37 151 76 189 12 156 138 182 190 79 244 122 70 71 245 52 242 49 126 113 227 87 95 5 215 86 180 220 100 157 130 136 112 174 144 192 130 101 5 143 136 39 124 184 205 175 156 66 170 109 71 0 199 224 207 157 36 134 75 0 43 218 18 67 74 140 26 222 56 116 238 72 113 40 225 228 157 149 227 62 134 224 54 142 198 204 119 80 3 240 35 41 120 214 72 163 89 54 181 17 240 106 41 61 20 16 75 191 61 156 144 238 169 42 115 93 191 63 225 167 186 129 157 200 206 187 130 84 66 80 173 150 152 181 201 129 44 193 87 64 119 
0.815685 0.277885 0.0768259 -0.783017 -0.714736 0.35642 -0.372324 -0.344309 -0.129986 -0.225723 0.119566 -0.337287 -0.527236 -0.107031 -0.218661 -0.985047 0.135284 0.512058 0.320376 -0.0396588 -0.441522 -0.0197732 0.267552 -0.149504 -0.663485 0.505614 -0.0448809 -0.688502 -0.265384 0.0853645 -0.319172 -0.750503 0.470381 0.509785 -0.486102 0.776758 -0.812913 0.124355 -0.545979 0.288253 -0.0352063 0.415538 0.280671 0.0397897 -0.252287 0.741604 0.094186 -0.0476804 0.228997 0.189723 0.682949 -0.478597 -0.0880531 -0.613533 -0.400597 0.122469 0.479499 0.0208022 0.28311 0.668561 -0.572693 0.692585 -0.416161 -0.423388 0.250101 -0.162708 -0.122317 0.101853 0.0826362 0.555219 0.0954356 -0.782217 0.370674 -0.285617 -0.594105 -0.884516 -0.433846 -0.271679 -0.750076 0.911165 0.0155314 -0.210627 0.15659 -0.0715303 -0.697877 -0.365343 -0.422742 0.177472 0.356845 -0.187425 0.611175 -0.504729 0.608975 -0.224859 0.170865 -0.309503 -0.0873471 -0.900281 -0.445214 -0.0378609 0.597373 0.264312 0.557372 0.77781 0.150795 0.130918 -0.105897 0.389514 -0.156289 0.764907 0.0905005 0.270325 0.57539 0.366217 -0.125402 0.539276 0.0746448 -0.320442 0.379052 -0.412931 0.606877 0.32601 0.0951028 0.630826 -0.321589 -0.387131 -0.448714 -0.352332 -0.00644403 -0.501749 -0.370023 -0.671041 -0.254082 -0.419058 0.784567 -0.392666 -0.440682 -0.357291 0.707463 0.523998 0.423791 0.396919 1.02267 -0.568712 -0.0071792 0.395099 -1.05521 -0.339011 0.338456 -0.273506 0.404993 -0.205018 -0.515137 0.0890346 0.406598 0.271489 -0.0210599 0.743055 -0.308196 -0.780404 -0.223955 0.152417 -0.679615 0.0166001 0.431684 -0.219261 1.12693 0.840012 0.572315 0.135383 0.181018 0.123015 -0.406264 0.646009 -0.0569312 -0.236466 -0.148684 -0.617802 -0.198216 0.246972 0.666025 -0.970012 0.609303 -0.0826734 -0.444662 0.480688 -0.12993 -0.332329 -0.285006 0.499978 0.205172 -0.434291 -0.457032 -0.295471 0.162292 -0.422684 0.0976721 -0.021194 0.109378 0.40545 0.152298 0.029251 0.0416891 -0.439971 0.501089 0.742779 -0.275575 0.49151 -0.56852 -0.0441107 0.425405 0.0475009 -0.155166 -0.315505 0.280561 0.47711 -0.00298217 0.680333 1.03905 -0.064029 -0.7174 -0.413963 -0.357769 -0.479098 -0.678386 0.426524 -0.460199 0.320152 0.36501 0.151918 -0.413489 0.25998 0.414797 -0.893018 0.0306898 -0.277894 0.0804435 0.656707 
43 189 81 240 144 5 165 142 237 74 93 221 69 196 119 27 231 165 58 185 187 238 231 245 72 141 61 27 153 201 102 226 74 107 233 180 141 95 28 79 219 159 188 21 149 122 88 24 124 133 132 79 69 229 34 211 184 202 134 24 71 135 117 5 25 86 148 124 134 159 95 222 47 47 18 114 61 96 164 245 51 62 94 30 23 170 24 85 4 39 175 50 241 245 108 160 70 218 93 192 247 226 205 241 161 165 34 194 133 74 129 182 57 171 31 50 45 26 90 161 74 242 237 82 45 37 95 232 100 5 134 214 135 224 101 248 148 43 46 30 153 249 103 92 49 225 186 48 102 203 244 72 50 254 189 203 57 222 139 231 35 27 81 11 34 179 196 215 67 180 121 100 132 51 114 86 151 220 83 63 163 243 150 107 40 160 29 155 4 50 6 10 51 194 77 56 144 185 179 100 17 205 48 98 216 35 135 135 40 171 119 115 49 63 89 237 195 50 51 234 130 187 251 24 43 216 103 246 116 195 240 2 125 78 26 29 78 99 
0.829027 -0.0404363 -0.29142 0.719824 -1.01576 0.473293 -0.413793 -0.112061 0.700143 -0.255337 0.0636456 0.800283 0.262856 0.405046 -0.158317 0.656902 0.146712 0.0279376 -0.350774 -0.992412 0.45344 -0.406762 0.718745 -0.312425 -0.250744 0.0608807 -0.188712 -0.0897722 0.172489 0.205765 0.0902963 0.164311 -0.707602 -0.00248734 -0.456733 -0.33114 1.27455 -0.254643 -0.389077 0.170404 0.251038 -0.309252 0.258915 -0.177592 -0.0663764 -0.328699 -0.764463 -0.50659 0.69099 -0.381274 0.760689 -0.392119 -0.210835 0.262854 0.285417 -0.147735 -0.512895 -0.196299 0.248374 0.757459 -0.756395 -0.989663 -0.821559 0.598446 0.285656 -0.559819 0.117096 0.320456 -0.471847 0.167791 0.451685 0.372918 -0.272748 0.34665 -0.502175 0.153111 -0.480548 -0.422403 0.405413 -0.599048 -0.135944 -0.221871 0.895769 0.718209 0.444764 0.042838 0.211962 -0.385467 0.586321 0.00535994 0.41331 0.633878 0.7369 -0.906757 0.680946 0.115146 0.292702 -0.275874 0.725972 -0.130622 0.0850866 -0.278899 -0.0922828 -0.847474 0.0167509 -0.464845 0.305566 -0.567249 -0.412858 -0.482289 0.422288 0.300215 -0.0490565 0.305927 -0.0172528 -0.414107 -0.0616141 0.394622 0.920471 -0.162818 0.101384 0.324377 -0.416924 0.391743 0.481614 -0.185883 -0.0894441 -0.251491 0.320803 0.358851 0.38073 -0.474213 -0.481135 0.0156718 0.231342 0.305859 0.222699 -0.28073 0.113699 -0.653473 -0.278715 0.386733 -0.509406 0.3496 -0.952645 0.580381 -0.164679 0.399641 0.0384593 0.195089 -0.045657 -0.697412 0.605916 0.306463 -0.572436 0.47864 0.347463 0.552023 -0.0613563 0.307666 0.0769311 0.242751 -0.499859 0.18643 0.157333 -0.562922 -1.02333 0.968779 -0.496891 0.494075 0.57423 0.344238 -0.116586 0.381465 0.0633674 0.246358 -0.0243882 -0.533626 0.660867 -0.60095 -0.460251 0.656775 -0.0914679 0.000993786 0.394849 -0.293031 0.112443 -0.351539 0.174605 0.167215 0.421372 0.435399 -0.17421 -0.481003 -0.462599 0.560216 -0.313894 -0.454065 0.136721 -0.216105 0.540996 -0.438238 0.553822 0.827536 -0.46514 -0.637331 -0.267368 0.271515 -0.095798 -0.705006 0.346989 0.250006 0.262065 0.115356 -0.579362 -0.775624 0.419319 1.05014 -0.218651 0.188578 0.404401 0.0914042 -0.232022 -0.41726 -0.260178 -0.556033 -0.225732 0.331282 0.76751 -0.379894 -0.374129 0.937202 0.443602 -0.0992489 -0.479883 0.757828 0.141459 -0.527974 
131 45 163 109 83 158 54 40 34 229 117 179 31 173 211 157 93 138 182 182 126 17 138 182 30 36 185 221 51 70 77 219 74 91 10 122 95 253 48 243 220 43 44 26 73 20 121 203 79 105 114 106 54 90 21 225 239 84 232 161 182 22 54 76 13 179 88 189 34 87 215 172 165 244 95 174 177 55 172 87 173 8 226 203 247 11 19 42 189 190 67 180 113 71 202 47 8 104 126 221 212 110 174 108 104 208 53 49 90 240 253 99 228 170 31 142 194 179 62 50 211 11 136 150 28 174 27 175 146 237 122 39 19 146 168 101 55 248 131 48 169 131 7 133 3 184 199 5 197 119 68 99 232 193 53 121 115 16 219 60 68 232 93 236 45 59 84 101 87 56 159 95 211 220 50 76 39 75 58 81 228 13 19 120 49 68 84 92 82 194 182 231 188 228 226 110 66 124 24 181 168 172 238 43 142 172 18 104 173 151 8 140 245 140 0 12 192 29 144 232 251 56 158 180 36 216 69 69 246 136 110 83 94 19 193 56 47 129 
0.347831 0.985986 -0.350433 -0.642484 -0.448116 -0.94938 -0.130319 -0.0405153 0.501314 0.086092 0.718507 0.68057 -0.0126723 0.339203 -0.389288 -0.215673 0.455466 0.824158 -0.317992 0.0680088 -0.435128 0.430379 0.447653 0.686445 0.33942 -0.0891465 -0.295091 -0.278684 -0.596815 0.153241 0.603157 -0.640208 0.327946 0.622613 0.209097 -0.151892 0.487276 -0.35283 0.115054 -0.440759 -0.228059 0.079309 0.362612 0.324131 0.963778 -0.697341 0.0712814 0.157034 -0.640307 0.167353 0.412015 -0.0453281 0.186619 -0.109949 -0.275551 -0.643586 -0.398525 -0.51463 -0.45643 0.82054 -0.451159 0.339668 -0.687344 -0.326769 -0.447648 0.668237 -0.185315 -0.330557 -0.635285 0.646917 -0.853863 -0.170484 1.03086 -0.549131 0.350342 -0.284485 -0.054783 0.2224 0.819397 0.133813 0.64753 -0.283697 -0.1734 -0.455194 0.384577 -0.0633267 -0.150826 -0.580059 0.374593 0.263377 -0.0267131 -0.50537 0.33825 0.413876 -0.347606 0.333556 -0.380195 0.801503 0.0330771 0.834579 0.945012 -0.0239261 -0.288045 -0.776023 0.652425 -0.344636 0.51002 0.366671 -0.541656 0.194698 0.063672 0.331909 0.0603871 -0.315927 -0.608648 0.12804 0.291508 -0.234819 0.302628 0.411828 0.385741 0.218808 0.203357 0.132145 0.415027 -0.813244 -0.608582 0.659239 0.309499 -0.340968 0.633881 0.512773 0.2342 0.0784433 0.407151 -0.269977 -0.422139 0.886094 -0.162115 0.221782 -0.598955 -0.342298 0.0158269 0.541346 -0.884929 0.260779 0.140135 -0.487747 0.21174 0.423609 -0.526908 0.41112 -0.192823 0.525114 0.282168 -0.48272 0.0510084 0.801436 -0.182701 0.686257 -0.850567 0.311334 0.0385893 0.559167 0.163995 0.317808 0.480779 -0.545799 0.415488 -0.27774 -0.125083 -0.696164 0.624372 -0.551835 0.0494132 -0.486358 -0.502847 0.289984 -0.358595 0.313647 -0.506048 -0.195362 -0.0772536 0.132098 0.15872 0.252943 0.121483 -0.0918616 -0.00361677 0.425466 -0.117156 -0.115505 -0.0213158 0.389393 -0.18389 0.178135 0.443641 0.0489222 0.1042 0.11631 -0.29145 -0.339941 0.553986 -1.06665 -0.137319 0.877496 -0.357138 -1.48961 0.624782 -0.484669 -0.455049 0.51564 0.732188 0.371052 -0.189437 0.586584 0.65446 -0.426028 0.362114 1.03639 0.69211 -0.873738 0.531153 -0.173674 0.728152 -0.258954 -0.150562 -0.352534 0.239106 0.135695 0.0509373 -0.397534 -0.167901 0.762485 0.308886 -0.506863 -0.487209 -0.760444 
88 245 105 186 189 115 192 88 76 132 251 93 92 207 113 149 176 142 50 117 216 136 249 79 133 190 26 128 118 145 167 229 208 54 50 182 137 209 108 217 212 164 36 179 176 190 91 194 129 54 87 236 26 245 78 174 129 198 41 238 190 112 138 246 14 180 212 174 200 247 251 88 33 81 9 237 103 134 234 205 149 75 16 153 172 8 68 43 128 225 37 56 135 198 74 32 72 176 127 91 114 73 8 180 197 189 194 103 202 181 147 4 178 7 30 132 78 195 102 205 2 253 216 33 129 108 222 126 97 47 190 16 190 91 184 76 62 185 211 149 198 50 25 20 170 229 240 246 159 143 69 85 128 225 221 168 126 203 236 48 67 243 223 64 239 235 117 85 224 15 255 120 175 220 159 111 232 156 133 41 7 225 197 23 180 79 238 152 36 72 255 113 255 34 245 47 70 183 13 25 195 42 112 128 42 35 65 9 52 25 245 24 145 83 153 240 8 196 216 55 188 187 127 144 123 231 6 153 98 115 78 58 229 247 201 167 36 226 
-0.423199 -0.242608 -0.404102 0.202314 0.665289 -0.551853 0.440798 -0.22053 0.249258 -0.250165 -0.207119 -0.528966 0.0389359 0.390879 0.272942 -0.0785293 0.490763 -0.936218 -0.155062 0.359614 -0.282463 1.14441 0.309749 -1.00413 0.396081 0.0539077 -0.0349269 0.814774 0.0466019 0.244262 -0.656738 0.529281 0.533237 -0.789524 0.185571 -0.237292 0.339767 0.126341 -0.230224 0.316394 0.502376 1.29212 -0.791791 -0.794414 0.451949 0.594376 0.921292 -0.770338 -1.03313 0.00244573 -0.0416833 -0.579467 -0.385328 -0.594236 0.38436 0.268113 -0.609776 -0.71327 -0.567732 0.661145 0.118486 -0.102629 0.544832 -0.904798 -0.146026 -0.694332 -0.193871 0.0484064 -0.396276 -0.17982 0.889117 -0.462276 -0.21278 -0.0687455 0.250079 -0.324085 -0.408393 -0.886138 -0.413285 0.643153 0.157961 0.562998 -0.348374 0.0712295 1.0101 0.314037 0.3128 0.366028 0.356235 -0.3418 0.679498 0.142398 0.397598 -0.352124 -0.216602 -0.881671 -0.494948 -0.359335 0.865277 0.207269 0.641078 -0.492195 0.988496 -0.0313197 0.0187187 0.0673185 0.674453 0.900879 -0.19306 0.135591 0.420794 0.678477 0.122771 -0.159043 -0.546301 -0.0550044 0.490455 0.322338 -0.0862493 -0.522413 0.326638 -0.529257 0.820623 -0.245041 0.246563 -0.225768 -0.72847 0.249864 -0.334317 -0.856323 -0.54853 -0.104977 0.578469 0.550941 -0.0616964 0.366132 -0.096227 0.798679 0.896684 0.503347 0.188486 -0.410521 -0.38435 0.438555 -0.427408 0.465068 -0.533341 0.0186364 0.381669 0.48681 0.325587 -0.343117 0.477958 -0.0890214 -0.475524 0.134601 0.33518 -0.0804403 0.200551 0.243831 0.276899 -0.0492964 -0.31175 0.630691 0.436588 -0.361315 0.293149 0.371807 -0.87561 -0.434743 -0.0128474 0.470074 -0.15945 -0.414558 -0.284015 0.769403 0.751851 -0.355723 -0.273282 0.24885 0.380335 0.116851 0.391394 0.428799 0.304857 0.34443 0.678675 0.350081 0.217051 -0.40782 0.879072 0.327893 -0.278098 0.320091 0.18254 -0.551222 -0.483924 -0.524297 -0.315577 0.213532 0.201948 0.333893 0.582296 0.223586 1.07996 0.0775113 0.016211 0.630647 -0.452666 -0.112038 -0.772744 0.738465 0.401296 -0.333456 0.0986805 -0.324261 -0.347883 -0.416953 -0.1398 -0.680623 -0.308691 -0.228578 -0.157259 0.703719 -0.205418 0.616398 0.141555 -0.0489217 1.10126 0.0091657 0.43205 -0.910828 0.45758 -0.214216 -0.852811 -0.392547 0.444873 -0.54449 
230 193 241 170 196 106 84 160 69 139 193 99 189 130 109 149 79 143 232 104 185 111 52 249 157 106 127 19 83 240 249 164 139 184 233 120 35 143 208 214 83 116 239 60 168 52 61 44 48 33 50 215 248 182 254 82 9 114 65 209 152 15 181 9 10 131 112 152 239 239 163 47 178 39 173 59 107 78 36 48 193 185 164 115 166 130 132 215 184 122 230 40 231 20 176 86 193 75 40 8 216 154 53 142 168 230 208 135 19 144 102 222 231 3 196 235 144 35 64 199 205 53 105 189 178 166 189 191 33 161 143 34 244 168 122 149 192 52 87 36 62 138 53 158 11 221 150 124 13 71 84 218 75 166 129 41 137 144 35 40 12 174 38 252 148 88 89 103 173 97 106 217 209 144 88 153 231 95 55 249 11 11 224 107 124 119 114 249 110 149 159 204 44 71 103 68 192 59 210 240 57 229 125 158 100 2 129 145 101 197 187 59 154 244 85 104 70 1 146 236 56 209 226 229 49 216 189 159 198 197 152 194 125 235 39 101 161 40 
-0.0872664 -0.133099 0.427215 -0.540069 -0.331969 0.276265 0.579089 -0.112177 0.123802 0.158978 0.161371 -0.307798 -0.769416 -0.268451 0.235681 -0.316669 0.512634 -0.546915 -0.644132 -0.507356 0.180635 0.0603247 -0.29897 0.156858 -0.749156 0.578632 -0.601567 -0.0172974 -0.860098 0.419855 -0.557328 -0.15615 0.00439628 -0.0346767 0.0597774 -0.419432 -0.228818 -0.385417 0.480325 0.342554 0.0468617 0.831677 -0.368686 0.299508 -0.827956 0.241059 0.44315 -0.186528 -0.484628 -0.400668 0.374541 -0.0314557 -0.0390814 -0.27682 0.790872 -0.0410417 -0.685244 -0.342466 -0.0417824 0.137299 -0.23606 0.443306 -0.158176 0.293722 0.22147 -0.436137 -0.0673514 -0.545704 -0.375148 -0.408298 -0.0592455 -0.489626 0.156966 0.624653 -0.156349 0.156266 -0.396707 -0.0508088 -0.694574 0.676704 0.398548 0.0812354 -0.161927 -1.00771 -0.3385 -0.287926 0.361709 0.231205 0.0564771 0.558205 -0.135597 -0.114343 -0.456954 0.655784 0.34395 -0.543995 -0.429861 -0.750476 0.323264 0.424928 -0.0031977 -0.027857 -0.260798 0.706843 -0.267189 0.241816 -0.123494 -0.601226 -0.208837 -0.174779 -0.566241 0.838661 -0.0467468 -0.514531 0.8939 0.191771 -0.134681 0.511993 0.27226 -0.916516 0.458237 -0.390949 -0.00211621 -0.354904 0.686893 -0.537024 0.0453502 0.151292 0.577084 -0.0649703 0.42737 0.591887 -0.381898 -0.242169 0.178672 0.0149206 0.0970304 0.43517 0.347433 0.484694 -0.463097 0.0295435 0.117141 0.454329 -0.637027 -0.168839 -0.231431 0.709607 -0.462298 -0.212465 0.456153 0.309545 -0.164575 -0.857354 -0.016875 0.426617 -0.654822 0.322278 0.668947 -0.451699 0.0861663 -0.153611 -0.0868551 0.590766 -0.0978975 0.219671 -0.606589 0.711615 0.173848 0.413646 0.413036 0.0863193 -0.320017 0.583469 0.124279 -0.77777 -0.931475 0.252431 0.817954 -0.106435 0.212843 0.398955 0.0719075 -0.656534 0.273836 -0.116499 -0.868086 0.514558 0.138038 0.494166 0.487186 0.238588 0.385242 -0.736596 0.653465 0.423143 0.377728 -0.433454 -0.253025 0.168143 -0.430257 0.240843 -0.547927 0.0420226 -0.431652 0.0492496 0.256553 -0.0272455 0.113139 0.956998 -0.15474 0.188324 0.343683 0.404203 -0.00607823 -0.108333 0.33543 0.378153 0.099673 -0.695193 1.14841 -0.389175 -0.150952 -1.18985 0.446582 0.176591 -0.525743 -0.00320725 -0.0705034 -0.193112 -0.253857 -0.332439 -0.316084 0.110951 -0.513846 -0.759305 -0.200231 0.267955 
61 212 209 125 82 158 99 183 212 0 120 225 191 220 174 23 166 25 107 167 125 88 212 84 64 61 125 244 2 162 125 48 85 208 53 210 47 241 176 199 132 243 191 25 224 177 10 8 115 22 91 29 94 178 214 101 248 154 91 72 185 52 121 124 210 182 46 155 90 101 66 125 191 174 140 111 135 251 252 151 240 177 246 47 28 171 216 135 247 113 198 190 170 27 243 209 242 16 101 226 65 174 38 90 52 141 151 106 107 19 226 125 165 217 180 77 27 171 15 37 129 187 192 76 165 167 11 178 62 183 255 140 199 91 163 103 206 253 142 10 229 234 214 6 153 158 179 94 109 81 212 79 88 169 225 96 64 8 172 150 62 178 105 255 161 77 220 24 75 29 69 74 131 29 241 170 133 148 208 179 71 137 190 212 252 86 186 47 216 129 247 239 114 30 109 146 47 177 171 181 37 39 93 77 225 122 241 57 104 5 9 167 146 245 163 153 236 11 186 204 143 75 19 139 26 172 215 72 168 197 100 242 69 133 221 186 173 28 
0.265639 -0.0692522 0.690647 0.375064 0.691543 -0.0353717 0.194943 -0.136148 -0.538911 -0.0429602 0.157995 -0.294279 0.477292 -0.366345 -0.242143 0.122031 0.343693 -0.468543 -0.619112 -0.409831 0.554733 -0.964158 0.382835 0.4447 0.374949 -0.655479 -0.0590242 0.321331 -0.449939 0.300094 0.0327973 -0.871364 -0.787753 -0.0519964 -0.584666 -0.798053 0.0698413 -0.722447 -0.159813 -0.43684 -0.316612 0.246481 0.522472 0.201365 -0.331871 0.222779 -0.762865 0.495061 0.758278 0.0248196 -0.0665753 -0.245782 0.166546 0.660441 0.495399 -0.613918 0.420786 0.777728 0.025722 0.21773 -0.0566838 0.0162248 -0.562219 0.625701 -0.485617 -0.779232 0.339072 -0.169775 0.49573 -0.123364 0.066095 0.401112 -0.545797 -0.314876 -0.114247 -0.0741174 -0.11704 0.0660845 -0.209632 -0.650547 -0.0512624 -0.138573 -0.085142 0.721393 0.736853 0.13636 0.928174 -0.0659406 -0.00244498 0.0602131 -1.03536 -0.730507 -0.45682 0.796148 0.140658 0.344739 0.440751 0.300044 0.23688 0.737618 -0.00835665 0.287334 -0.191712 -0.0285654 -0.0214083 -0.0879086 0.78985 1.09169 0.520449 -0.98185 0.580194 0.74063 -0.701988 0.284621 0.356637 0.912573 -0.308011 0.584011 -0.732973 0.610258 0.47611 0.402026 0.281427 -0.478869 0.612212 -0.684323 0.431752 -0.204418 -0.209373 0.0331299 0.412952 -0.311653 -0.459996 0.43801 -0.0782726 0.173135 0.632454 -0.773903 -0.767811 0.074938 0.0555734 -0.136163 -0.710998 -0.656963 0.737439 0.0810109 -0.708259 0.346944 -0.636678 0.585993 0.312023 -0.793147 0.608551 1.07963 0.542708 -0.801781 -0.491211 -0.00478307 -0.463738 -0.685955 0.176618 0.0993594 0.829565 0.296037 -0.0133846 0.413231 0.408011 -0.375609 -0.635203 -0.277784 -0.687035 0.0577994 0.706329 -0.692388 0.573866 -0.197623 -0.388555 -0.225826 0.182814 -0.878205 0.567183 -0.387566 0.234889 0.253035 -0.799066 -0.170391 0.96363 0.0158373 0.475321 -0.958529 0.194301 -0.674124 -0.580324 -0.0300949 -0.419113 -0.935147 -0.249845 -0.644153 0.102482 -0.447823 -0.0227029 0.212998 0.693521 0.437783 0.961223 0.347262 -0.182469 -0.707723 0.590725 0.0759504 -0.0813531 0.675816 0.485784 0.856971 -0.234014 -0.373179 0.0842585 -0.850516 0.309594 -0.0641069 0.652612 0.168019 0.315599 0.870343 -0.579366 -0.0319864 -0.321043 -0.785457 -0.428457 -0.263557 -1.1467 0.130413 -0.746383 0.249649 -0.349271 -0.473107 -0.377169 0.64812 
250 220 31 41 153 215 235 192 155 93 166 88 183 132 219 157 8 190 70 120 229 24 247 35 33 59 155 67 55 85 221 159 105 26 136 212 133 216 59 189 134 100 90 164 150 41 64 28 249 249 203 22 56 51 56 235 129 124 217 185 190 209 216 113 104 191 124 143 210 242 80 186 133 191 246 72 74 53 38 1 182 155 55 237 141 31 118 66 103 69 108 109 214 218 224 23 60 232 2 4 143 54 49 103 234 38 213 188 98 97 18 87 249 11 12 128 126 253 97 181 69 67 249 30 153 240 171 41 168 229 138 223 161 254 116 189 167 20 127 123 61 48 243 133 128 12 179 123 10 101 241 171 75 63 6 210 139 7 247 252 216 245 184 95 175 100 181 33 31 111 228 175 229 249 66 70 97 172 92 127 128 201 210 52 167 230 118 165 218 50 107 25 220 30 250 134 196 243 181 119 111 68 251 158 214 46 147 149 25 3 39 122 230 155 158 87 197 202 195 86 22 48 72 203 101 2 86 203 96 222 249 150 7 245 210 43 209 167 
0.0983157 0.32674 0.38637 0.557514 -0.160653 0.102476 0.337602 0.521806 -0.486935 -0.415102 -0.0155353 0.0176169 0.0286967 -0.419885 0.24871 0.324618 0.630892 0.46069 0.120268 0.170306 0.550409 -0.344851 -0.129235 -0.858725 0.272229 -0.671562 -0.163743 0.691629 -0.605449 0.196288 -0.359189 -0.474855 0.860316 -0.560826 -0.589211 0.146277 0.667939 -0.131305 0.0821713 0.150898 0.494947 0.38059 0.458335 -0.0593176 0.395419 -0.355011 -0.177072 0.145974 0.107553 0.116009 -0.0343196 0.276741 -0.221693 0.228458 0.508449 -0.103606 -0.641865 -0.211557 -0.463878 -0.254386 -0.811981 -0.245323 0.141544 -0.197297 0.233419 0.478443 -0.37272 0.00854964 0.498068 -0.284221 -0.10589 0.40592 0.568331 -0.548646 -0.193802 0.858869 0.466862 -0.240645 0.417766 -0.44252 0.140519 -0.129925 0.528142 0.13714 -0.512906 0.00967376 -0.262506 0.405828 -0.358139 -0.518924 -0.618438 0.503603 0.152007 -0.46699 0.233829 0.266348 0.241931 0.213336 0.426982 0.0550268 -0.0569147 0.391314 -0.511986 0.636583 -0.159538 -0.553504 0.0571991 -0.534338 -0.771946 -0.600743 0.27918 0.514092 0.558229 -0.0608083 0.178324 0.190012 0.451845 -0.447569 -0.108555 0.793391 0.378907 -0.18951 0.549249 0.0718897 0.164039 -0.329122 -0.914392 0.434032 -0.296898 -0.628194 -0.318858 0.0967955 -0.565831 -0.408372 -0.230293 -0.193637 -0.7946 -0.00853641 0.435094 -0.186046 0.545052 0.70273 -0.74333 0.80135 -0.480687 1.07889 0.760339 -0.131095 -0.805906 -0.183316 0.413108 -0.147138 -0.298809 -0.0272739 -0.690239 -0.227447 0.414131 0.487359 0.503389 -0.267893 0.522035 -0.430456 0.113946 -0.459751 -0.510798 0.239954 0.221047 -0.283056 -0.136006 -0.612835 -0.296627 0.432257 -0.0476905 0.185796 -0.138043 -0.616261 0.329724 0.250829 0.501516 -0.375602 0.311015 0.127858 0.221585 0.524489 0.795051 -0.00911522 -0.55013 -0.452895 -0.290119 0.291677 -0.30308 -0.234164 0.987521 -0.499011 -0.465507 -0.343618 -0.33024 -0.0352222 -0.316775 -0.293862 0.700248 0.278508 -0.160476 0.768141 0.093011 0.0429936 -0.0707108 -0.638302 0.937737 0.862257 -0.585689 0.598898 0.641639 -0.382108 -0.0503788 0.467967 0.256083 0.514817 -0.470344 -0.669776 -0.291455 -0.409482 0.73236 0.0726825 0.253274 0.395117 0.253037 -0.267666 0.538192 0.122259 -0.117315 -0.523777 0.388479 -0.277109 0.634421 -0.12179 0.333114 -0.328862 
234 154 161 162 186 224 117 183 140 249 211 125 115 51 94 243 132 53 151 141 47 131 214 194 214 228 107 35 158 153 48 190 103 32 213 150 68 204 158 162 121 106 239 44 25 112 219 245 62 27 234 103 85 96 52 5 221 250 16 43 227 185 49 220 33 44 86 148 250 172 78 227 88 127 99 110 74 174 8 199 113 149 221 38 53 144 143 56 214 57 116 143 82 127 143 74 58 39 195 198 146 194 177 156 161 221 171 19 171 15 156 11 50 36 230 36 167 54 41 195 7 111 18 187 162 96 187 82 28 165 133 234 46 13 142 3 141 218 7 148 141 227 175 66 255 162 32 33 135 90 231 103 123 215 181 155 34 49 45 91 17 245 167 27 143 159 12 95 188 252 209 248 101 226 101 157 246 17 127 114 89 165 137 215 164 210 189 98 170 110 235 230 179 46 178 171 191 121 196 138 210 23 173 197 223 223 252 99 56 111 191 243 203 38 162 185 120 185 148 4 128 176 92 211 191 240 84 185 67 59 111 188 3 21 6 244 239 7 
-0.729291 0.564536 -0.374813 0.404228 -0.628126 0.48345 0.0826785 0.574978 -0.306432 0.462095 -0.313925 0.230386 0.319812 -0.407169 -0.472918 -0.152445 0.556197 -0.484991 -0.742104 -0.584012 -0.455134 0.461475 -0.499389 0.51564 -0.679216 -0.143773 0.017782 -0.023163 -0.859584 0.150624 -0.311169 0.593307 0.410864 0.410111 -0.219455 0.586538 0.696307 0.461562 -0.742486 0.947586 -0.330103 -0.216025 -0.120592 -0.788605 -0.143828 0.0850254 0.164294 -0.0343837 0.311858 -0.241208 0.713155 0.0805171 -0.0602713 0.405417 -0.146452 -0.459907 0.219847 -0.117497 0.383075 -0.0703838 -0.151732 0.726707 -0.73681 0.372979 0.158888 -0.450438 0.497238 0.47554 0.0913797 -0.371378 -0.239036 0.0739982 0.202056 -0.214839 -0.715863 0.55515 0.251463 0.487473 0.128162 0.0560303 0.160978 0.82175 -0.398466 -0.124257 -0.122835 -0.638232 0.572991 0.307729 -0.255274 -0.634035 0.355398 0.689705 0.371572 0.164084 -0.141762 -0.114023 0.82662 0.541871 -0.631725 -0.42812 0.608302 0.655474 0.045601 0.223236 0.343386 0.298624 -0.484693 -0.492708 0.81546 0.224098 -0.724442 -0.441205 -0.304704 0.11375 0.526751 -0.121116 0.233597 -0.427959 0.131511 -0.434224 0.461998 0.316272 -0.0444104 -0.698243 0.603049 0.639909 0.552841 0.514068 -0.293632 -0.208107 0.0366481 -0.398483 -0.649003 0.185521 -0.0194544 0.112487 -0.0397085 -0.36387 0.150962 -0.576962 0.933536 -0.0277377 -0.277206 -0.51853 0.835846 0.728286 0.404827 -0.32034 0.292431 -0.0116011 -0.898263 0.66076 0.43009 -0.0692474 0.21006 0.317952 -0.485281 -0.764992 -0.0576771 0.188278 0.514405 0.736517 0.449588 0.403608 -0.103693 0.260869 -0.389291 -0.355475 0.592352 -0.244258 -0.247676 -0.801842 -0.947719 -0.374905 -0.356946 0.245972 -0.357595 0.228778 0.699111 0.0792176 0.417851 -0.814631 -0.0754456 0.208916 -0.415227 0.675695 -0.177419 0.00195193 -0.209283 -0.16728 -0.0722541 0.702394 -0.62618 0.265808 0.629685 -0.373915 0.657077 -0.561881 0.73054 0.726637 -0.274075 -0.154813 0.543521 -0.42666 -0.411201 0.0152139 0.932366 0.632404 0.881677 0.166752 -0.329155 0.278984 -0.29573 0.691463 0.337323 -0.459149 0.557038 0.0151814 -0.373054 -0.139738 0.319034 0.725273 0.0746307 -0.0905302 -0.23254 0.823019 0.0461593 0.536081 0.190492 -0.305102 -0.700599 0.269184 0.501123 -0.149833 -0.663611 0.637584 0.448028 -0.392888 
220 26 46 20 2 103 98 122 248 95 168 140 168 65 252 241 88 95 143 5 201 21 183 203 29 153 137 225 174 88 154 9 194 162 100 40 124 92 27 181 230 166 69 185 5 227 247 129 162 234 165 193 223 31 160 68 221 13 247 111 54 104 158 72 201 141 71 64 182 247 88 86 10 57 77 252 64 29 152 64 128 164 35 136 41 114 154 192 200 77 17 247 108 132 148 158 105 5 54 13 224 48 130 27 206 229 39 110 156 111 25 171 181 178 34 191 154 152 78 196 20 134 175 62 136 214 59 148 162 108 85 117 126 174 25 171 21 175 72 215 148 160 191 220 141 219 169 235 211 127 72 248 143 53 87 44 90 178 218 121 5 175 181 152 174 195 206 7 157 121 204 119 46 202 180 245 59 189 208 210 30 42 111 158 52 152 16 111 153 57 232 82 81 46 240 107 175 40 212 154 41 245 191 131 239 255 88 161 125 227 181 44 249 30 251 83 61 18 192 227 102 103 167 205 234 1 84 252 73 190 37 58 233 43 102 74 129 163 
-0.0711336 -0.291387 0.576157 0.438254 0.0386141 -0.287335 -0.0589078 0.1443 -0.660267 0.201282 -0.390171 0.536172 0.595883 -0.552612 -0.258274 -0.710528 -0.470517 0.199614 -0.196043 0.0317193 -0.337076 -0.378485 -0.0455552 -0.199003 -0.372348 -0.625855 0.111587 0.284218 0.63776 -0.323675 -0.427063 -0.466689 -0.331252 0.350852 0.0453247 -0.630654 -0.282471 -0.203224 -0.256091 -0.903556 0.352645 0.624499 -0.245853 -0.472371 -0.241619 0.319616 0.52935 -0.0540168 -1.05141 0.355881 -0.111392 -0.679152 -0.926978 0.327217 0.549179 -0.283179 -0.0368138 -0.111181 -0.82163 0.206712 0.639472 0.81753 0.040326 -0.623809 -0.243267 0.00748259 -0.352842 0.23598 0.775823 0.736712 0.217672 0.44278 -0.020889 0.100696 0.270841 -0.0584631 -0.549934 -0.40322 0.574867 -0.133409 -0.415194 0.103051 -0.0919029 0.526506 -0.0353277 0.180985 -0.0180366 0.189867 -0.156486 -0.210082 0.530229 0.56541 0.0735365 0.121633 -0.606463 0.398673 -0.88988 -0.254422 -0.399428 0.380379 -0.401373 0.683356 -0.0568614 0.386043 0.532581 -0.507282 -0.367308 -0.563711 -0.36138 -0.40386 0.780039 -0.408386 0.0220378 -0.565909 0.182075 0.314061 0.387088 0.495699 0.44439 0.36253 1.04938 -0.508347 0.0609839 -0.5782 0.631546 0.279775 0.0860496 0.362841 -0.363964 -0.579217 -0.0177398 0.113588 -0.107005 -0.478998 0.243864 0.151643 0.998122 0.170634 0.146501 0.4829 0.471071 0.132717 0.310305 0.163782 0.691763 0.350771 0.265035 0.589865 -0.554559 0.367694 -0.0588885 0.713632 0.3253 -0.681093 0.30177 -0.492735 -0.288075 -0.570595 0.120778 -0.363457 0.441156 0.045415 -0.721025 0.779619 -0.412365 -0.602398 0.22991 0.419968 0.515869 -0.34377 -0.111883 -0.387981 0.148764 -0.889859 -0.393289 -0.775058 0.431041 0.444779 -0.203975 -0.52924 0.488005 0.604298 -0.25316 0.567949 0.181115 0.528259 -0.115123 0.126462 -0.554506 -0.657842 0.280315 -0.176291 0.378257 -0.0770951 0.451913 0.190391 0.501699 -0.269964 -0.199433 -0.886474 0.541937 -0.235764 0.314072 0.606599 -0.00943367 -0.225863 -0.433546 0.576657 0.735054 -0.0821889 -0.532416 0.528157 -0.461382 -0.381469 -0.169758 0.126725 0.555425 -0.204725 -0.299827 -0.186786 -0.0641851 -0.0650582 0.26513 0.0178829 -0.543492 0.801273 0.625462 1.27772 -0.111858 0.203451 -0.268037 0.40921 -0.0888786 -0.216358 -0.14172 0.277452 0.430799 -0.518343 
157 89 206 1 222 141 79 217 46 227 233 127 54 174 109 192 219 128 185 45 137 22 128 12 88 11 108 57 79 89 68 207 192 26 30 66 97 179 98 104 251 37 94 30 202 114 14 238 218 15 155 44 45 89 111 5 174 157 97 61 105 181 112 209 177 242 53 246 213 38 8 197 143 221 234 187 153 99 140 162 145 238 222 255 112 57 132 158 65 48 54 79 190 210 76 237 53 169 191 104 228 209 132 126 65 186 120 65 135 226 101 126 163 91 127 96 188 162 5 162 4 108 112 100 190 211 61 219 224 247 4 30 119 254 159 158 215 144 117 132 67 134 69 106 164 115 103 92 20 15 217 43 204 194 211 254 98 240 127 194 41 101 214 85 179 252 47 114 32 216 37 202 32 25 99 132 129 177 47 222 124 29 236 129 101 42 244 118 182 161 56 231 163 198 144 28 113 57 47 213 206 169 23 242 190 173 64 247 44 201 71 227 29 39 64 51 98 225 184 169 218 25 124 87 48 249 227 184 119 170 217 240 212 98 165 79 0 177 
-0.0374042 -0.00466724 0.245504 0.316186 0.579083 -0.205971 0.207199 0.180925 0.32019 -0.64691 -0.0255918 -0.337504 -0.0638693 -0.0173718 0.12349 -0.160321 -0.66273 0.317408 0.0878001 0.794198 -0.152839 -0.309051 0.162457 0.531064 0.111296 -0.0920536 -0.309028 -0.171557 -0.759818 -0.281213 -0.416871 -0.268826 0.377313 0.655417 0.75629 0.37484 0.488726 -0.610255 0.716294 0.109166 0.326477 -0.172432 -0.106198 0.723835 -1.31607 -0.235265 -0.145379 0.0812363 0.362772 0.918299 0.622076 0.451218 0.165237 -0.278652 0.550032 -0.317072 0.875194 0.109275 -0.158948 0.226531 -0.126559 -0.209943 0.905718 0.349709 -0.294427 0.72075 0.960042 0.185849 0.151865 0.401964 -0.454778 -0.654315 -0.505285 0.298003 -0.0519051 -0.36087 -0.329587 0.0448207 0.197374 0.164854 0.178886 -0.635312 -0.251693 0.0310182 -0.336895 0.734803 0.663822 0.382893 0.117974 0.665798 0.772635 -0.30704 0.115608 0.291928 -0.0664612 -0.685896 -0.695106 0.541979 0.202457 -0.534413 0.771692 0.554392 -0.324859 -0.275178 0.143427 0.734688 0.901463 0.640913 0.0949307 0.26659 -0.939615 0.363516 0.0645932 0.19108 0.436131 0.180391 -0.541794 0.394176 0.552499 -0.596487 -0.242451 -0.280692 0.211906 -0.610518 -0.542735 -0.475631 0.680606 0.843429 0.863302 0.443287 -0.147743 0.0934687 0.680806 -0.268671 0.752433 0.35696 -0.57551 -0.0234215 -0.651476 0.0430628 -0.358228 0.175181 -0.257821 0.168144 -0.15473 -0.319114 -0.376805 0.317251 -0.108789 -0.349575 -0.396828 0.251882 0.758919 -0.587105 0.576632 0.336191 -0.339456 0.541372 -0.635653 -0.716021 0.182797 -0.446373 -0.548386 0.169461 -0.265713 -0.189501 -0.580205 0.816417 -0.578113 0.325013 -0.249456 -0.334084 0.627915 -0.731888 -0.307013 -0.381588 -0.232258 -0.102112 -0.105822 -0.14374 -0.643364 -0.53551 -0.353203 0.426209 -0.741623 -0.240123 0.408383 0.44025 -0.00525606 -0.590289 -0.611515 -0.532641 -0.324715 -0.452843 -0.0871242 0.572557 0.0839448 0.150446 0.00842773 -0.0515453 0.187799 0.601108 -0.103633 0.65125 -0.109297 -0.15752 -0.699493 -0.252697 -0.63841 -0.343568 0.190512 0.32461 -0.471105 0.598201 0.380092 -0.45017 0.513431 -0.578382 -0.576835 -0.374004 0.287136 0.0116365 -0.850952 -0.0674001 0.182411 0.0982395 0.524433 0.101463 -0.824546 -0.527581 -0.238297 -0.684809 -0.236116 -0.394437 -0.426159 0.918067 0.25175 -0.181761 
55 169 142 178 12 253 38 49 152 88 154 238 68 198 148 10 199 133 53 65 190 117 119 180 82 73 59 132 153 198 212 131 110 69 140 233 56 96 136 193 17 189 238 202 10 73 106 43 21 160 233 61 195 2 51 151 135 89 219 142 164 179 209 122 236 102 254 29 192 25 117 147 230 6 20 67 98 212 205 55 109 105 58 172 208 209 126 230 112 34 196 61 76 94 114 158 219 112 216 212 178 213 92 132 110 7 66 39 121 100 57 51 5 58 9 42 0 127 189 79 57 12 108 161 30 227 77 214 144 235 104 102 156 167 159 76 196 174 99 188 227 169 110 177 19 26 103 240 28 130 153 97 20 50 229 206 102 240 227 149 187 18 103 52 135 39 235 131 47 98 97 47 226 73 91 194 196 3 107 3 130 180 56 135 189 163 124 166 143 209 40 83 122 33 184 22 142 184 45 255 243 43 20 97 225 156 107 186 207 100 241 255 96 36 81 179 239 17 123 177 182 209 28 142 207 215 186 153 162 158 183 80 193 254 75 100 36 202 
-0.0600915 0.647381 0.347373 0.000541219 0.670091 0.0865075 0.0680637 -0.420142 0.351537 0.0808247 -0.132844 -0.030376 -0.245712 0.52444 -0.736753 0.345915 0.154768 0.295584 0.971468 0.262344 -0.0979742 -0.143319 -0.0698362 0.610069 -0.718103 0.564475 -0.306985 -0.280655 -0.238175 0.749459 -0.267634 -0.500257 -0.18481 -0.46212 0.0149572 0.357975 -0.246586 -0.456454 -0.220953 -0.30717 0.122322 0.0711631 0.102164 0.555068 0.572655 0.372651 0.12331 -0.116224 -0.504153 0.46545 0.144684 -0.454934 -0.000952299 0.49349 -0.701773 -0.177227 -0.221349 -0.347744 -0.22857 -0.0122889 0.63102 0.804253 -0.937334 -0.575876 -0.155159 -0.513549 -0.426647 0.708134 0.233841 0.30909 -0.701399 0.930863 -0.0295422 -0.202066 -0.323538 0.866088 0.571599 -0.774814 0.527338 -0.0132133 0.0699126 0.36337 -0.509921 -6.73791e-005 0.203918 -0.752644 0.0697825 0.385638 0.0362116 0.0983708 0.537196 0.387333 -0.0294903 0.17183 -0.0682535 0.208556 -0.079009 -0.294106 0.496396 -0.203559 -0.259924 -0.40916 0.133775 -0.0593336 -0.651011 -0.21535 0.654945 -0.771814 -0.346069 -0.41783 0.512806 0.969556 -0.197967 0.190902 0.287128 -0.220039 0.396965 -0.0705403 -0.653933 0.954347 -0.428493 0.360184 -0.59695 0.608446 -0.185159 -0.446286 -0.658064 -0.433112 0.59645 0.49929 0.6266 -0.501144 -0.588111 0.0119373 0.328085 -0.00854084 0.567333 -0.381596 0.128927 -1.0159 -0.804464 -1.45192 -0.627415 -0.154519 0.794112 -0.610259 0.132991 -0.127514 0.143281 -0.369612 -0.331227 0.120463 -0.0611568 -0.138704 -0.741168 -0.598728 -0.146373 -0.412211 0.439335 -0.510466 -0.371386 0.295663 -0.10059 -0.0365114 0.432175 0.701409 -0.712936 0.2698 0.509376 -0.395039 0.250743 -0.384653 0.622252 0.212501 0.271491 -0.117441 0.690995 0.240695 0.545743 -0.260777 0.632704 0.65273 0.651343 -0.337404 0.224078 -0.679187 0.0412092 -0.594128 0.357666 0.301919 -0.0895097 0.938096 -0.335649 1.05129 -0.213452 -0.454639 1.19667 -0.877593 0.158938 -0.284132 0.702268 -0.370185 -0.17043 0.836772 -0.738535 -0.152623 0.330046 -0.427465 0.253414 0.797994 -0.142739 0.289204 -0.193664 0.161941 0.291104 -0.118443 -0.975384 -0.618394 0.663597 -0.321763 -0.621763 0.156518 -0.343274 -0.0576786 -0.0272233 -0.330597 -0.0803934 0.481472 0.298409 -0.687024 -0.588349 0.0205053 -0.0458842 0.468214 0.184088 0.120323 -0.386416 -0.747015 
24 106 132 135 164 202 253 45 182 63 251 113 247 33 243 8 132 29 194 12 89 6 75 123 235 56 193 200 97 220 19 228 179 250 22 27 190 185 228 197 14 161 236 28 42 55 122 78 150 41 17 92 94 238 144 139 106 115 69 93 214 192 150 249 63 113 237 57 104 245 4 37 6 92 244 93 14 73 42 93 173 133 176 159 186 33 139 39 199 159 130 121 187 224 238 156 141 153 7 228 87 41 217 90 254 145 87 171 174 28 205 246 52 55 186 166 90 125 24 240 231 125 235 71 229 76 157 105 13 158 102 14 246 168 231 3 137 24 250 30 54 92 33 177 98 200 217 18 181 125 51 212 207 228 11 86 210 109 90 170 48 34 37 177 252 178 225 74 85 120 84 84 5 107 145 14 79 32 180 124 209 75 224 94 5 182 77 51 127 250 157 207 29 219 161 17 45 127 46 159 236 20 24 110 128 98 55 224 68 44 40 71 50 124 194 36 125 41 181 55 155 131 205 0 218 215 36 148 130 43 133 170 220 33 143 201 42 74 
0.284593 -0.384818 -1.36925 0.334711 0.0409933 0.0618355 -0.0860792 -0.48248 -0.0411052 0.315134 0.136265 0.519076 -0.498803 0.745909 -0.296425 -0.132248 -0.0784726 -0.474178 0.183228 -0.540138 -0.25981 -0.042503 -0.418063 0.599636 0.386174 0.36396 -0.227899 -0.435264 -0.495265 -0.106367 -0.666052 0.66098 -0.0785491 -0.278426 0.552846 -0.286354 -0.0858098 0.838857 -0.175433 0.44303 -0.0251509 0.138181 -0.142561 -0.350441 -0.158368 -0.109334 0.632017 0.22326 0.292198 -0.292316 0.250651 0.027497 0.481634 0.316728 0.490889 -0.015027 0.567963 -0.500341 -0.0176337 -0.0407589 0.0419532 -0.0559863 -0.154032 -0.626672 -0.290914 0.022521 0.163072 -0.31458 0.459228 0.313356 -0.575702 0.788592 0.461867 0.657505 0.10442 -0.160818 0.196231 -0.00575934 -0.598551 -0.335082 0.497348 0.580819 -0.0870265 0.227717 0.298278 0.524526 0.302628 0.228647 0.314668 -0.591006 -0.814907 -0.855187 -0.236659 0.495947 0.618251 -0.11728 0.357671 0.0882968 0.40917 -0.145189 0.343251 0.222495 0.334551 0.239594 -0.118481 -0.324242 -0.777798 -0.534407 -0.347976 0.332505 -0.559603 -0.288146 0.772155 0.0781619 -0.178998 -0.478652 0.168669 0.792145 0.615428 0.743087 0.0166331 0.343917 0.0208674 0.386595 -0.146259 -0.835083 -0.187096 -0.171742 -0.390512 -0.951216 0.212764 -0.489937 -1.32371 -0.721131 -0.436276 0.7227 0.22945 -0.0916869 0.657627 0.910541 0.0573871 -0.249917 -0.39719 -0.466281 -0.20998 0.505162 -0.230567 -0.0767259 -0.227126 -0.830062 0.167786 -0.0206617 -0.319987 -0.445835 0.682174 0.154953 -0.209863 -0.490603 -0.174289 -0.0774336 0.136846 -0.516449 -0.580544 0.329675 -0.346206 -0.14343 0.168258 -0.203375 -0.435294 0.49181 0.437704 -0.409238 0.168514 -0.598329 0.0191798 0.0388485 0.552526 0.722018 -0.963693 0.0645407 -0.356267 -0.269912 0.422814 -0.324704 -0.0597775 -0.0498256 -0.658276 0.187592 0.557215 0.447471 0.125623 -0.764638 0.437889 0.492397 -0.297305 0.19208 -0.332462 -0.0166636 0.786009 0.0836191 -0.634541 -0.941138 -0.517685 0.105293 0.384942 -0.322706 -0.521688 -0.264535 0.528637 -0.223978 -0.205314 -0.211393 -0.138184 -0.302771 0.386548 0.532172 -0.00903968 -0.869296 -0.298048 0.675806 -0.204744 -0.129846 0.392563 0.13849 0.0284447 -0.156143 -0.35022 -0.288456 0.0974447 0.332506 0.570453 -0.655405 0.194564 -0.795676 0.821376 0.595962 0.624426 -0.585636 
240 199 248 61 112 209 134 134 208 82 190 86 113 243 27 44 198 167 165 53 141 36 83 205 215 227 239 178 173 225 247 207 45 211 157 211 197 175 174 97 121 13 78 78 139 119 191 209 149 225 139 1 14 167 81 22 56 118 212 147 18 110 59 157 71 247 212 224 173 206 172 159 95 98 81 136 8 55 121 4 255 118 144 70 179 96 14 144 25 184 58 65 28 236 106 23 152 203 94 246 16 51 201 225 143 251 126 135 205 99 106 219 121 59 227 49 103 69 45 168 114 167 77 65 208 67 52 68 146 232 82 104 6 221 227 11 143 227 124 38 166 29 40 67 157 139 93 37 16 221 180 10 133 161 229 181 65 122 20 248 98 132 178 3 166 80 34 154 128 133 252 146 81 192 172 116 208 3 224 0 134 105 128 29 195 112 87 38 202 60 228 170 128 223 59 172 241 88 255 102 69 81 189 184 176 63 100 239 116 139 124 51 76 55 232 16 132 209 76 112 59 104 24 209 244 238 226 70 57 11 250 6 219 226 89 227 43 74 
-0.379732 -0.377394 -0.375393 0.244946 -0.029117 0.45024 -0.0437292 0.285738 -0.0003591 0.455966 0.325881 -0.432911 -0.363076 -0.228747 0.595785 -0.0924344 0.0373082 -0.759739 -0.358988 0.470508 0.693741 0.560611 0.28798 0.376758 0.485002 -0.616319 0.146719 0.0737253 0.410145 0.196974 -0.550614 -0.36187 -0.165302 -0.682008 -0.315144 -0.560774 0.3599 0.60843 0.585778 -0.147028 0.518741 -0.557717 -0.21504 -0.404293 0.542759 -0.726467 0.47693 0.237322 -0.43023 0.704675 0.321852 -0.36051 -0.482479 -0.415885 -0.488127 0.310698 -0.125135 0.287895 0.352918 -0.0184051 -0.224693 -0.275888 -0.094909 0.174678 -0.220948 -0.564721 -0.136189 -0.714803 0.123091 0.118357 0.117488 0.156548 -0.453597 -0.174482 -0.5867 -0.505482 0.230616 -0.570679 0.202013 -0.185944 0.264231 0.0907865 -0.26558 0.691022 0.260677 0.80084 -0.159939 0.18397 -0.790975 0.332672 0.325543 -0.309166 0.736613 -0.352522 0.873686 -0.240268 0.20694 -0.368638 -0.611057 -1.12126 0.375696 0.23456 0.118195 -0.653777 0.232374 0.143227 -0.180854 -0.799104 0.070297 0.357756 0.187295 0.312905 -0.0588879 0.0704251 -0.677999 0.476534 0.43756 -0.0523236 -0.43868 -0.116575 -0.281182 -0.183297 0.170093 0.207433 -0.625326 0.392476 0.10924 -0.574957 -0.507515 0.422815 0.370848 -1.19943 -1.15113 -0.318385 0.411387 0.189026 0.511841 0.0254744 -0.0271412 -0.799643 -0.225461 0.581772 0.0580691 0.102919 0.646787 -0.306648 0.138946 -0.251047 -0.563204 0.326029 -0.318616 0.501494 0.358446 -0.336476 0.610249 -0.670979 0.190095 0.443174 -0.272414 -0.461167 0.419467 0.177624 0.252693 0.333148 -0.250528 -0.684547 -0.123833 1.10243 -0.623048 -0.560882 0.394873 -0.661006 -0.420052 0.191717 -0.27647 -0.703981 0.892802 0.178712 -0.373941 -0.823754 0.434202 0.30936 0.233332 -0.317449 0.655004 0.016076 -0.171687 0.774079 -0.234138 -0.456332 0.0870347 0.957617 -0.154311 0.650741 0.498047 0.207022 0.707413 -0.513524 0.0134807 0.393529 0.552612 0.703045 -0.333334 -0.735609 -0.57783 0.288774 0.269781 0.291373 0.0822447 1.05657 0.256209 0.5046 -0.0263448 0.720313 0.80583 -0.481809 -0.127993 0.436158 0.0190775 -0.285155 0.254314 0.66772 -0.144383 0.0321419 0.422478 -0.833949 0.532606 0.120569 -0.32584 0.921754 -0.793488 0.468844 0.62816 -0.375338 -0.0923855 -0.371265 -0.853611 0.0644924 
53 188 166 15 236 18 46 206 132 186 42 50 214 195 110 15 192 128 45 168 44 57 69 35 248 236 101 216 1 102 152 228 166 140 255 23 90 71 131 171 219 117 143 115 16 227 146 227 170 18 197 95 159 76 116 48 112 92 79 101 106 214 149 199 95 165 59 32 97 187 68 154 200 229 171 19 17 116 232 255 142 198 152 26 121 252 25 160 9 46 193 57 52 228 7 33 245 65 204 120 171 126 89 24 214 224 153 210 60 30 52 198 171 110 219 92 100 226 117 162 159 1 144 206 91 173 24 35 167 149 153 110 117 208 25 14 86 65 84 144 90 247 222 13 100 184 137 214 254 177 100 115 60 117 76 3 122 37 221 233 255 48 188 136 151 167 130 168 17 33 219 246 15 23 239 229 234 176 13 11 12 190 16 245 141 173 81 133 4 30 118 94 131 127 68 166 14 74 96 16 33 159 106 21 179 146 191 211 249 215 206 103 149 132 154 150 247 63 201 36 9 21 133 186 17 117 69 92 125 55 99 238 131 10 215 226 144 105 
0.285267 -0.705555 0.64049 -0.417146 0.544572 0.241993 -0.610648 -0.356495 0.014959 -0.00308606 -0.0656093 0.454898 0.473888 0.0545652 -0.815263 0.472708 -0.609728 0.513576 1.06463 -0.43913 -0.209303 0.434479 -0.515742 0.785938 0.0645854 0.735714 0.391303 0.90344 0.0616789 -0.125955 0.380549 -0.182935 -0.250877 -0.634072 0.347291 0.046284 -0.542199 0.768836 0.0160363 0.0982783 -0.523846 0.498988 -0.395737 -0.175797 0.226254 0.0257294 -0.620891 -0.308107 -0.308941 0.72648 0.344167 0.617871 -0.312205 0.200983 -0.613764 -0.0253678 -0.116846 1.16485 0.332643 -0.268584 -0.74222 -0.685208 0.262761 -0.0147533 -0.57832 -0.210531 0.548807 -0.278779 -0.821458 -0.191361 -0.693899 0.180826 -0.642043 0.140752 -0.181717 0.398432 0.375843 0.297549 -0.324372 -0.0435375 -0.319232 0.455646 -0.721719 0.278654 -0.363802 0.310811 -0.207942 -0.313341 -0.508722 0.49645 -0.366967 -0.273623 0.144472 -0.0164392 -0.274766 -0.793091 -0.43819 0.368979 0.260257 0.124481 0.43887 0.141311 0.433228 0.419065 -0.0875101 0.547238 -0.67191 -0.367033 -0.89402 -0.339053 0.294995 0.624188 -0.325273 0.260532 0.599617 0.770412 -0.227319 1.00513 0.435108 -0.0962858 0.579034 0.241443 0.274097 0.525996 -0.302772 -0.58569 -0.214013 0.0671764 -1.04209 -0.41563 -0.28403 -0.847993 0.0626643 -0.278243 0.345381 0.251041 -0.0999127 -0.282845 -0.328108 -0.835785 0.1603 -0.735336 -0.712631 0.204094 0.128861 0.0575171 0.320467 0.520014 -0.161774 0.496385 -0.291367 -0.503509 0.20414 -0.627003 -0.337201 0.322536 -0.696803 1.01083 -0.715221 0.497153 -0.495329 -0.243255 0.372042 0.355878 -0.0651455 0.0404879 -0.425612 -0.527001 0.339472 -0.0544263 -0.618157 0.436118 0.318732 0.47678 -0.164433 -0.350978 0.779832 -0.117626 -0.0448401 0.124075 -0.19679 -0.508181 0.50416 0.117722 0.389169 0.45161 -0.495931 -0.317666 -0.150774 0.115471 -0.126075 -0.534114 -0.107033 -0.856978 -0.476932 -0.0464134 0.651865 0.780783 0.374326 0.245509 -0.681137 -0.216874 0.4602 0.179405 -0.190119 0.107921 0.601009 0.64254 0.042921 -1.19814 0.378475 -0.372262 -0.33418 0.239723 -0.0534962 -0.929244 -0.506563 -0.86682 -0.134025 0.330427 -0.230451 -0.235162 0.776973 0.257057 0.215804 -0.55396 -0.78987 -0.204363 -0.0197753 -0.462063 -0.462865 -0.311748 -0.437439 0.69654 -0.0344501 -0.328863 0.208509 0.256134 
11 209 240 18 250 215 181 67 38 79 255 250 176 138 47 75 206 40 9 213 130 42 78 62 160 182 163 194 1 180 80 57 36 34 91 145 62 67 196 129 94 96 25 11 228 99 184 177 182 232 227 17 215 241 46 85 150 45 148 102 161 0 68 131 131 68 163 102 51 123 71 130 204 72 220 76 52 12 85 98 116 72 231 185 248 6 166 201 210 174 155 109 28 73 236 58 111 184 18 24 147 202 186 231 84 210 185 194 140 160 208 245 83 233 195 160 70 212 26 5 33 17 223 229 42 70 66 74 63 211 187 84 229 159 77 22 102 232 145 177 221 28 25 220 237 185 6 164 200 162 48 85 107 215 68 25 181 30 89 167 219 54 110 89 60 213 152 136 135 228 90 124 34 201 190 14 158 190 209 175 142 226 64 147 79 138 8 250 215 237 221 201 230 4 153 224 42 254 241 169 172 6 14 247 16 50 52 229 12 73 204 147 197 155 242 111 192 93 247 173 135 228 35 98 144 99 251 244 109 250 11 64 185 142 162 79 160 192 
0.429913 0.132553 -0.215478 0.0921165 -0.542295 0.0394099 -0.740636 -0.488316 0.154792 -0.265703 -1.08763 -0.388948 0.48784 -0.123 0.775551 0.758557 -0.716785 -0.427455 -0.362154 -0.0847675 0.502653 0.0157775 -0.1059 0.426296 -0.560288 0.357209 -0.51729 0.314616 -0.642498 -0.75639 -0.047227 -0.269156 0.0921488 0.487103 -0.11073 0.940935 0.472615 0.0605079 0.555327 0.546622 0.0981471 0.627814 0.409225 -0.0480673 0.212976 -0.373505 0.562514 -0.0879729 0.254753 -0.752715 0.570601 -0.58765 0.477257 0.349849 -0.282744 0.423375 0.143303 0.331057 -0.439592 0.239522 -0.411412 -0.65359 0.137783 0.15342 -0.314792 0.402879 0.377359 -0.652757 -0.241252 0.22585 -0.644554 -0.240816 0.0372471 0.687639 0.319764 0.248499 -0.0157053 -0.615279 0.281871 -0.389703 -0.10495 -0.0146445 0.439233 0.179193 -0.0971082 0.139898 0.239196 0.597694 -0.585288 0.449388 -0.284245 -0.14595 0.345031 0.655082 -0.0422465 0.57437 -0.429128 -0.38295 -0.511594 0.0470853 0.146756 0.313503 -0.744897 0.33454 -0.150525 0.411583 0.0182002 0.379756 -0.693423 -0.47416 -0.918302 0.739868 0.124575 0.568443 -0.125801 0.645317 0.107986 -0.108925 -0.712816 -0.342686 0.0443845 0.567294 -0.277314 0.985209 -0.252459 -0.848279 0.527666 -0.656215 -0.790352 0.398318 0.740155 0.659419 -0.0989439 -0.57414 0.672708 0.191914 -0.357186 -0.963133 -0.178264 0.216206 -0.382611 0.22244 -0.405197 -0.287157 -0.19705 -0.297651 -0.0815308 0.430567 -0.0932863 -0.264898 -0.452586 -0.199445 1.0507 -0.180744 0.0682852 -0.130378 -0.0435058 -0.924821 0.650067 0.239925 -0.538382 0.179994 -0.331798 -0.637055 0.0250169 -0.291779 -0.673624 0.302881 -0.354869 0.164034 -0.542619 0.284317 -0.117861 0.834555 -0.13146 0.0885811 -0.868065 0.175633 0.877413 0.479921 0.00733222 -0.0970454 0.400802 0.289592 -0.617272 0.0235729 0.244056 0.470166 -0.0895328 -0.062964 -0.191968 -0.292485 0.0439261 -0.511288 -0.293434 -0.330153 -0.489576 0.307285 -0.584316 0.596935 0.180676 0.306716 0.368445 -0.479767 0.556589 0.411349 -0.376433 0.628883 -0.177602 0.572549 -0.818516 0.144019 -0.133757 0.458474 0.0779353 0.43156 -0.365914 0.372515 -0.14107 -0.0735997 -0.0244646 -0.964857 1.27845 0.136274 0.314613 -0.657705 -0.174417 0.43325 -0.163956 0.00861713 -0.130918 -0.588676 0.0569604 -0.0595855 0.60006 -0.655193 0.182766 -0.302279 
108 13 73 172 79 229 254 126 254 59 15 48 183 135 112 92 245 128 32 239 0 48 124 0 248 229 3 25 252 124 70 124 222 253 97 86 79 90 167 165 101 0 174 180 114 141 16 227 41 187 205 214 208 72 224 4 15 81 21 6 128 11 29 45 139 238 7 199 153 179 32 1 128 147 72 221 25 30 237 1 161 240 4 230 123 131 117 185 202 221 214 225 85 179 147 230 171 13 125 0 239 116 51 28 51 45 30 61 137 20 189 42 63 36 89 209 167 192 80 6 35 138 115 250 240 112 246 163 187 201 158 93 160 69 77 147 204 153 247 252 200 51 122 155 119 50 251 217 137 190 42 103 144 82 34 3 236 114 34 212 64 127 247 105 148 87 114 66 133 74 178 182 190 125 70 183 55 214 31 60 8 32 127 187 67 236 124 85 154 223 159 22 215 68 236 1 40 172 212 193 30 221 83 178 40 208 212 76 107 114 96 233 126 185 80 137 136 75 88 204 121 52 108 102 204 52 170 217 234 212 172 231 169 97 192 193 81 38 
-0.479233 -0.459885 0.297961 0.753093 -0.372524 0.743831 0.635144 -0.242239 0.667488 -0.162625 0.425202 0.0994282 -1.11313 0.104763 -0.695032 -0.635822 0.587806 -0.397077 0.0345238 0.195266 -0.798787 -0.53396 0.370804 -0.78396 -0.13093 -0.694697 0.794584 0.0954355 -0.376914 0.146013 -0.959004 0.535945 0.615151 0.363486 0.523346 0.351545 -0.853026 -0.125666 0.229372 -0.286587 0.683129 -0.728772 -0.120824 -0.449815 -0.0684694 0.191526 0.236487 0.837471 -0.290409 0.499299 0.757882 0.490754 0.695156 0.38074 0.785196 -0.146921 -0.522651 0.726686 0.367229 0.814333 0.754692 0.320177 0.747085 0.136031 0.18238 0.50084 0.0914571 0.645809 0.092662 0.237366 0.399319 0.0858538 0.798269 0.258449 -0.278378 0.674192 0.352924 -0.00817319 -0.256658 -0.181016 0.46113 0.958038 0.126402 0.689066 -0.487783 -0.423548 -0.103764 -0.0963884 -0.250379 -0.508952 -0.212281 -0.266722 0.29877 0.557097 -0.759514 -0.152847 0.59119 0.473997 -0.112868 -0.502445 0.0331733 -0.00416174 -0.494782 0.601169 0.541003 0.636047 -0.0341765 0.132252 -0.636907 -0.179552 -0.672173 0.238827 -0.73888 -0.556349 -0.174272 -0.607459 0.589826 0.308555 0.535034 -0.434806 -0.347983 -0.621694 0.696314 0.990402 0.471126 -0.210362 0.106501 -0.234468 0.871382 -0.282849 0.371995 -0.785005 0.353472 0.525458 0.956758 1.29251 0.50685 -0.548405 0.101305 -0.374487 -0.441551 -0.0695954 -0.0684282 0.0245979 -0.3955 -0.904958 -0.485625 -0.711216 -0.220183 0.0510658 -0.31209 -0.304374 -0.129625 0.503002 0.230035 0.363998 -0.292414 0.222347 0.292828 0.664446 0.588894 -0.0991116 -0.366797 0.00691834 -0.574099 -0.445807 -0.536007 -0.616888 -0.549308 -0.513721 -0.0535198 -0.690772 0.441689 -0.290431 -0.17438 -0.148048 -0.298476 -0.035148 0.294956 0.296112 0.714334 0.591627 0.149285 -0.211357 -0.305742 0.298758 -0.25173 -0.373219 -0.358913 -0.158334 -0.848542 -0.522574 -0.0238101 -0.610627 -0.556819 0.113476 0.617787 0.260145 0.329723 1.29036 -0.0694108 -0.38818 0.0690398 -0.51192 -0.477728 0.0121597 -0.045942 0.794285 -0.131615 0.905415 -0.0785963 -0.317305 -0.363434 -0.156132 -0.198057 0.0149917 0.815326 -0.340311 -0.924209 0.67161 0.0762714 0.298089 0.172918 -0.183327 -0.193683 -0.432571 0.461953 0.427187 0.0432683 0.42867 0.566681 0.651508 0.246199 -0.447818 0.523919 0.410161 0.831183 0.647935 
204 37 38 191 207 144 179 102 153 138 55 120 227 90 16 16 169 68 74 157 107 218 112 236 43 178 74 56 175 2 182 103 195 161 168 71 40 52 163 102 235 121 191 37 81 127 152 189 228 97 37 209 198 169 177 147 107 27 2 138 147 130 232 225 90 155 102 29 39 241 221 151 95 24 88 105 121 218 60 70 103 19 119 163 30 120 189 69 38 69 191 130 115 52 72 79 231 99 145 28 215 8 118 225 125 64 94 120 94 130 1 11 248 107 116 14 18 42 222 82 246 112 105 147 88 13 34 6 157 153 211 91 79 243 142 84 51 55 21 25 119 27 202 166 166 173 191 147 30 133 205 148 73 173 94 57 9 120 145 243 99 111 108 188 115 86 109 154 71 46 239 8 23 157 61 149 176 118 164 45 93 103 173 100 138 155 222 151 3 244 22 90 145 56 171 196 114 53 107 187 40 37 50 140 146 141 180 99 170 5 205 242 115 91 164 206 168 18 111 180 194 98 125 165 39 111 232 232 229 43 196 99 139 120 25 218 246 191 
-0.711389 0.31382 0.28399 0.0715745 -0.332701 -0.266388 0.21815 0.402973 0.0678937 -0.748828 0.144749 -0.475801 -0.177646 0.306244 -0.0264329 -0.306878 -0.38481 0.288195 0.366414 -0.313529 -0.646061 0.409753 -0.287105 -0.596494 -0.0226344 0.0310665 0.314588 0.436309 0.526954 -0.183643 -0.337346 0.107979 0.505323 0.331781 0.36509 0.440569 -0.500341 -0.0977586 0.125395 0.335161 -0.816232 0.0862738 -0.906944 -0.134491 0.200452 -0.646489 0.0124285 0.562208 0.554919 0.0108924 -0.00791418 -0.190982 0.889205 0.55422 -0.57546 0.136633 -0.66133 0.634105 1.0756 0.0514242 -0.504029 0.510449 0.788778 0.318502 0.417298 -0.133643 0.105996 0.378173 -0.0581102 -0.644918 -0.0656448 0.888391 -0.389971 1.10104 0.0730504 0.563082 -0.272293 -0.126819 -0.356501 0.517821 0.0184604 0.238788 0.499581 0.0205276 0.607596 -0.0604312 -0.421581 -0.670451 0.0611335 -0.903643 -0.403879 0.299673 0.153447 0.499471 0.264659 -0.383158 0.240806 0.599647 0.0759682 -0.357361 -0.228266 0.487256 0.337159 0.2402 -0.482379 0.0742551 -0.178888 -0.373194 0.220866 -0.52375 0.527895 -0.517764 -0.637002 -0.340913 -0.707149 -0.452457 0.810426 -0.10694 -0.524929 -0.490589 -0.712293 -0.180378 -0.32244 -0.08318 0.203787 0.198865 0.046331 -0.291916 0.0427505 -0.0112148 -0.579902 0.249796 -0.419888 0.782877 -0.584112 0.487055 -0.365962 -0.201571 0.133735 0.180402 -0.621103 -0.431426 0.574357 -0.272179 -0.0292369 0.628444 -0.0205424 0.0906722 -0.486309 -0.503534 0.0769035 -0.20013 0.132398 -0.437946 0.514868 0.414855 0.42636 0.266491 -0.671607 0.44945 0.111733 0.447943 -0.912435 0.929991 -0.624295 0.410084 0.449222 -0.540722 -0.10778 0.111088 -0.848239 0.546423 -0.236567 0.109614 0.172873 0.845571 -0.325018 -0.352586 -0.769363 0.145454 0.211059 -0.0554265 0.505831 -0.162647 -1.06787 -0.0158874 0.540446 0.208022 -0.446051 0.206421 0.087907 0.389628 0.704234 0.0659081 -0.723041 0.108624 -0.439912 0.631645 -0.294849 -0.971042 -0.477499 0.149494 0.214762 -0.293804 0.0363445 0.111115 -0.730725 0.158587 0.00444687 0.494911 -0.428916 0.678413 -0.063601 -0.127081 0.172536 -0.520141 0.164734 -0.141623 -0.600264 0.594632 0.829342 0.697217 -0.467778 -0.273643 0.6792 0.328135 0.124043 0.241984 -0.768628 0.814276 -0.158595 0.0728777 -0.646426 0.341985 -0.554394 -0.309639 -0.0198434 -0.510994 
32 105 116 47 173 111 186 64 162 63 218 223 138 33 111 0 154 224 59 59 66 248 131 4 107 44 214 110 0 59 120 249 184 161 227 100 110 125 41 115 77 153 39 143 89 196 88 72 134 248 245 161 46 143 248 198 28 167 157 253 162 159 103 82 86 136 190 1 6 151 166 183 154 157 186 195 66 28 179 35 84 97 152 93 105 169 77 65 34 79 181 41 174 239 250 25 135 211 205 35 12 210 118 210 161 248 111 2 167 17 8 28 24 152 200 54 155 227 112 126 88 212 64 166 18 183 167 148 227 238 108 97 17 211 0 117 9 173 158 8 249 150 97 188 172 235 67 85 137 56 2 42 178 68 232 4 73 37 144 37 209 181 171 206 175 141 75 131 244 89 40 91 112 227 119 74 48 41 193 3 30 96 214 193 76 67 44 205 235 32 241 68 250 188 26 245 165 73 140 22 43 244 120 31 243 169 69 132 128 92 125 134 97 114 197 134 145 194 98 94 235 155 37 204 103 155 178 204 151 203 22 136 25 134 206 86 125 191 
-0.0506152 -0.035435 -0.536414 -0.396725 -0.0135131 0.19712 -0.314737 -0.125783 -0.0600135 -0.230499 -0.225334 0.583922 0.286131 0.293148 0.292407 -0.469178 -0.229679 -0.715966 0.110653 -0.196282 -0.0678384 0.739361 0.211773 -0.346572 0.583813 0.745761 0.884178 0.722809 -0.265546 0.478231 0.112379 -0.535161 0.342367 0.236202 0.283098 0.419399 -0.914803 -0.49237 -0.809859 0.289476 0.712575 0.376624 0.181494 -0.109667 -0.0130352 0.470506 0.823425 -0.721084 -0.718035 0.115124 -0.444094 0.328742 0.158783 0.317777 -0.551948 0.1459 -0.458407 -0.258985 -0.96742 -0.152809 -0.221947 0.35718 -0.00568977 -0.803746 -0.687068 0.49885 0.296422 -0.58141 -0.0968275 0.455884 -0.999458 -0.0266044 0.229224 0.882521 0.387519 0.511198 0.313388 0.502662 0.167991 0.0729552 -0.049313 0.344394 -0.391819 0.530218 0.418312 -0.311025 0.263821 0.399575 0.562856 0.437866 0.692516 0.692167 0.0290774 -0.503687 0.252916 0.272074 0.261146 0.583363 0.0665462 0.231722 -0.344742 0.0788599 -0.84072 0.33537 0.255879 -0.0294511 -0.231579 -0.443889 -0.658294 0.195085 -0.267336 0.0334981 0.405468 0.656229 0.105701 0.498854 -0.20539 -0.0590993 0.221619 0.0955029 -0.088747 -0.0720233 -0.658624 -0.493514 0.194776 -0.338552 0.0078289 -0.301073 -0.397642 -0.116055 -0.0921449 0.63805 -0.189542 -0.213753 -0.409175 -0.347564 -0.196578 -0.535759 -0.97601 -0.315563 -0.472158 0.662987 -0.178276 0.128499 0.182721 0.219429 -0.69316 0.276167 0.235775 -0.209234 -0.30498 0.178783 0.631856 0.54952 -0.509392 0.319587 0.720666 0.654846 -0.132847 -0.512329 -0.860408 0.110581 -0.391384 -0.202752 -0.262523 -0.447116 0.944674 -0.172311 -0.473298 0.327393 -0.272156 0.428073 0.670939 -0.0710199 0.249425 0.406661 0.419304 0.327445 -0.0327201 -0.349138 -0.691971 -0.536814 -0.366799 0.103047 -0.549782 -0.294875 0.428398 -0.42749 -0.25996 -0.669778 -0.284051 -0.593112 0.427115 -0.229843 -0.765881 0.345398 -0.445914 0.555645 0.378134 -0.00213228 -0.0778546 -0.29568 0.331916 0.215192 -0.261006 0.145283 -0.371974 -0.248935 -0.536976 0.225635 0.313045 -0.216072 0.0794861 -0.594308 0.31394 0.539056 -0.49463 0.212675 -0.0401543 0.40065 -0.508039 0.291164 0.590051 -0.199897 -0.361543 -0.0983413 -0.0262173 -0.585568 -0.253396 -0.162275 -0.285471 0.177964 0.987079 0.576352 -0.211868 0.252444 0.527764 -0.129636 
15 5 23 103 9 196 43 189 237 217 29 20 27 140 131 155 1 14 109 176 133 223 74 244 61 181 121 113 162 133 100 128 27 187 84 141 79 125 87 109 213 117 190 251 53 217 194 134 180 47 159 127 30 244 106 173 52 38 72 117 183 10 92 169 48 199 247 178 252 30 136 124 78 0 17 153 113 113 192 159 164 73 202 83 92 18 140 202 126 173 59 207 106 124 182 41 192 241 90 25 43 225 224 42 58 153 189 128 254 138 23 64 67 189 238 40 192 50 75 47 240 187 4 40 0 150 202 162 19 251 176 49 23 200 165 224 203 13 213 116 26 135 43 22 70 188 18 64 186 120 65 154 213 171 233 57 38 129 148 249 24 150 80 79 0 167 207 241 139 23 198 127 144 103 180 191 129 146 254 228 198 115 182 124 203 64 4 216 168 200 70 14 130 195 74 186 163 132 152 179 102 85 17 180 166 27 102 233 123 49 187 64 76 160 106 154 117 242 151 36 204 90 100 63 125 57 31 90 28 152 217 169 187 78 155 202 138 40 
0.660477 0.0492747 0.283644 0.348685 -0.421199 -0.0672305 -0.451859 -0.601028 -0.0682664 -0.634195 0.41921 -0.243093 -0.579731 -0.424086 -0.609953 -0.648946 0.143034 0.644432 0.560906 -0.115654 0.730111 -0.283615 -0.68966 -0.529146 0.263586 0.349379 0.165865 -0.475969 -0.630035 0.0722232 0.669073 -0.551086 0.589253 -0.519514 -0.417835 -0.327311 -0.336397 -0.554059 -0.292627 -0.52024 -0.351184 -0.108389 0.0608405 -0.397182 -0.272761 0.105102 0.0506778 0.145368 0.476836 0.408839 -0.0946433 0.37943 -0.273556 0.654236 -0.782246 -0.606258 0.109206 -0.892564 -0.0273253 0.0192976 0.215217 0.0309503 0.333864 0.0997453 0.205503 -0.619067 0.346291 0.793835 -0.209116 0.622393 0.688773 0.746121 0.395452 0.00921941 -0.720383 0.227857 0.461274 0.211273 0.705851 0.197523 0.475181 -0.684808 0.357413 0.703811 0.285935 -0.105057 -0.286667 -0.516856 -0.137619 -0.229831 0.564848 -0.581683 0.655216 -0.148531 -0.130064 -0.658068 0.0668636 0.475159 -0.405339 0.419138 0.284534 0.106111 -0.152518 0.112067 -0.21475 -0.321665 0.603148 0.197054 -0.488635 -0.605334 -0.124443 0.901106 0.633048 0.489024 -0.376538 -0.258159 -0.356235 -0.636003 -0.706442 0.629746 0.485537 0.314696 -0.33385 0.540288 0.240755 -0.472611 -0.117143 0.244797 0.122569 -0.261104 -0.111916 -0.539467 -0.135306 -0.0195378 -0.0657928 -0.665152 -0.370206 0.236885 -0.440725 -0.16278 -0.373661 0.0937797 -0.402058 -0.854045 0.104844 -0.497972 0.168651 0.668102 -0.494247 -0.117432 0.322375 -0.736464 -0.663204 -0.262726 -0.597996 -0.4581 0.302967 0.742552 -0.365279 -0.100039 0.353343 -0.157483 0.65843 0.0531024 -0.378807 -0.182212 -0.14185 -0.0614792 0.999468 0.131828 0.527961 0.669793 0.133828 -0.259896 0.73157 0.447165 -0.704178 0.949403 -0.387922 0.504464 0.277479 -0.199139 0.567744 -0.465073 -0.167352 -0.556068 0.541636 -0.209423 0.186067 0.504575 0.619364 0.00726082 0.700825 -0.398191 0.427658 0.311196 0.737141 0.479996 -0.703264 0.413539 0.592684 -0.399861 0.736676 -0.00855801 0.35039 0.0977616 -0.0524508 0.365692 0.207738 -0.229798 -0.518558 0.050629 0.245774 0.389374 0.305098 -0.780036 0.331624 -0.112961 -0.46569 0.0140588 0.29488 0.561395 0.406817 -0.314739 -0.542822 0.514169 -0.0109437 -0.647862 -1.19778 0.0745899 -0.775281 -0.24298 0.421356 -0.225497 -0.156527 -0.426545 -0.152146 -0.483016 
188 198 64 34 225 236 203 190 92 93 223 175 146 70 70 199 94 10 183 204 249 244 6 197 177 185 122 222 45 36 227 68 163 47 80 161 242 87 33 21 22 33 150 230 120 103 6 123 225 237 144 236 180 148 163 51 70 133 109 115 188 125 96 232 34 7 243 238 77 128 85 4 10 97 79 10 228 125 197 165 149 229 74 223 27 108 253 201 3 156 216 133 206 87 31 225 60 137 130 8 165 191 197 84 220 143 224 163 113 208 183 148 29 237 155 113 82 255 168 170 247 217 167 214 85 171 208 6 239 135 39 4 158 102 88 248 58 55 244 118 249 34 156 94 13 25 107 181 193 89 89 129 251 195 83 169 231 173 232 147 206 123 70 231 110 165 250 172 178 91 193 195 58 39 252 129 113 185 132 103 147 221 27 251 102 56 253 231 56 253 136 86 124 103 211 245 224 196 159 86 30 89 138 152 45 134 101 39 58 235 41 139 154 147 120 158 226 188 175 89 34 47 107 22 153 127 79 95 249 142 73 102 208 248 16 94 86 185 
-0.622413 0.425303 0.64195 0.216818 0.255512 0.318031 -0.97331 0.490761 -0.677585 0.410258 0.836015 0.0157374 -0.454984 -0.174582 0.0192474 0.303553 -0.26365 0.0503803 -0.796791 -0.133047 0.326095 -0.772054 0.461646 -0.842205 -0.395614 0.220481 -0.590973 -0.209744 -0.0321301 -0.758765 -0.540478 -0.408769 0.258169 -0.824345 -0.556391 -0.550676 -0.266899 0.0277565 0.371046 0.239075 -0.158959 -0.454978 -0.159806 0.447694 -0.0306811 -0.0290901 0.63999 0.572878 0.650329 0.13007 -0.157864 0.116795 -0.535097 -0.218879 0.0457834 0.405839 -0.504347 0.2979 0.242098 0.460631 0.670115 0.0414549 -0.341993 0.344558 -0.767827 -0.157042 0.336089 0.194141 -0.19586 -0.307998 0.362832 -0.105014 0.505404 -0.657583 0.667353 -0.199748 0.140769 0.0958778 0.386833 -0.802948 0.0976501 0.35247 -0.149805 0.244673 0.723349 -0.330857 -0.0715165 0.432195 0.411941 0.619629 0.123496 0.22244 0.193499 0.380274 -0.617117 0.460766 -0.284351 1.08006 -0.270693 -0.280288 0.130433 -0.263647 -0.260418 0.637686 -0.715868 -0.163552 -0.0359835 -0.266024 -1.20063 -0.298485 0.5238 -0.193133 -0.287582 0.194084 0.627448 -0.475307 -0.423772 -0.64092 0.687921 -0.426015 0.4095 0.522879 0.479364 -0.649044 -0.296141 -0.0171899 0.380219 0.741934 -0.0980066 0.673842 0.109917 1.04765 -0.407008 -0.229914 1.23986 0.0402557 -0.42072 0.653798 -0.350728 0.776425 -0.550869 -0.0690418 -0.128754 -0.831138 0.19733 0.638982 0.162995 -0.0850835 0.317942 -0.119874 -0.177232 0.0111998 -0.526124 -0.433968 0.593006 0.178454 -0.0981428 -1.21817 0.303531 0.66979 0.51933 -0.627334 -0.554323 0.557545 0.579871 0.688842 0.604971 1.11701 -0.403831 -0.403739 0.186223 0.478384 0.830571 0.159002 0.296006 0.37471 0.147524 0.631696 0.82 0.160447 -0.805892 -0.35894 -0.0452785 -0.47594 0.538531 -0.301517 0.27946 -0.104967 -0.0796712 -0.227643 0.226227 0.273973 0.385112 -0.226205 -0.361099 -0.629952 0.351802 0.208573 -0.740213 0.0487634 0.372265 -0.274825 -0.990364 0.609921 0.186247 0.278288 -0.307698 0.509276 -0.130441 0.644927 -0.0662717 0.250728 -0.228481 0.417043 -0.143664 -0.574182 -0.149635 0.888452 0.248657 0.0159521 0.431818 -0.404927 0.0702706 0.608882 0.524921 -0.10473 0.117954 0.2946 0.514684 0.190408 -0.561668 -0.179162 -0.411903 -0.162499 0.787814 -0.284079 -0.608978 0.935767 
64 65 251 7 250 139 26 30 121 247 139 71 238 48 38 239 217 4 82 27 48 130 191 228 29 18 123 108 243 152 175 201 214 80 210 216 111 138 53 46 196 146 170 13 157 144 173 175 220 178 62 77 106 134 119 178 116 197 245 51 51 209 138 107 105 29 156 65 169 214 45 237 182 177 79 44 80 135 139 87 18 222 252 54 184 118 19 221 11 149 166 98 96 43 38 16 32 16 184 129 2 131 206 130 112 239 243 109 31 34 195 3 48 152 116 132 246 163 39 156 228 49 216 152 160 223 75 251 187 23 120 26 140 137 100 54 3 117 154 120 242 9 238 161 6 180 81 13 108 5 172 178 81 153 212 245 120 55 78 202 90 57 94 140 38 12 130 0 15 227 76 204 33 248 133 24 30 255 100 179 184 214 86 182 166 230 250 189 46 36 77 150 128 132 8 90 188 86 242 131 59 153 28 125 76 26 80 226 242 41 85 211 111 60 30 106 27 200 20 165 121 10 191 104 184 85 58 45 119 54 255 163 50 117 199 108 206 74 
-0.190249 -0.480475 -0.505292 -0.936283 0.0622522 0.123888 0.256366 -0.251843 0.202401 0.0311274 -0.281344 -1.02248 -0.131691 -0.826809 0.574298 -0.674548 0.366733 -0.178399 -0.371587 -0.0312861 0.0425055 0.722444 -0.0211714 0.506798 0.303311 0.11376 0.282975 0.407318 -0.401091 -0.0966442 -0.365315 -1.00552 -0.264962 0.764285 -0.0826759 0.198512 0.0282181 0.296652 0.265385 0.487588 0.0823654 0.370039 -0.565894 0.603159 -0.841045 -0.45031 -0.234255 0.292956 -0.306872 0.278531 -0.467088 0.506032 0.1774 -0.46588 0.00185744 0.103994 -0.0639974 0.387777 0.528447 0.407851 0.311239 -0.284634 -0.29729 -0.505844 0.170967 -0.818711 -0.333622 0.543843 -0.0532032 0.128565 0.364631 -0.482589 0.335274 0.920982 0.139066 -0.621441 0.752762 0.185813 -0.0727631 0.457844 0.440163 0.309331 -0.0417937 -0.014232 -0.128877 -0.489947 -0.850029 0.362981 0.217117 0.20938 0.639947 -0.277372 -0.708921 -0.751427 0.20221 -0.199994 -0.329014 0.142723 0.0663658 0.721781 -0.319803 -0.438668 -0.101596 0.578389 -0.35063 -0.263442 -0.998129 -0.316087 0.91253 0.0413365 -0.177921 -0.643179 -0.297354 0.579982 -0.235385 -0.322451 0.0683621 0.705325 -0.294341 -0.525749 0.704045 0.895154 0.761821 0.398672 0.233033 0.448373 -0.0669953 0.0473537 -0.188901 -0.548382 -0.107688 0.74142 0.201688 -0.241191 0.0869145 0.562488 -0.00232711 -1.04018 0.722792 -0.722799 -0.580251 -0.724485 -0.413145 -0.264275 -0.196429 0.386001 0.109938 -0.483276 0.308807 -0.173653 0.330363 -0.0632476 0.12434 1.15096 -0.313286 0.617837 0.274349 -0.31283 -0.27844 -0.414864 -0.54538 -0.640078 -0.741121 -0.15148 -0.140285 0.770796 -0.416969 -0.127297 0.290055 0.257988 -0.00927163 0.62407 -0.500311 -0.792519 -0.300965 0.661756 0.608264 0.31719 0.272562 0.558728 0.179194 -0.119326 -0.270913 0.444771 -0.120715 -0.668533 -0.190023 -0.422516 0.0538349 -0.313591 0.178916 0.180031 0.320731 -0.301049 0.63424 -0.0868481 0.195947 -0.401697 -0.295378 -0.52277 -0.416583 0.418014 -0.573756 -0.0567797 -0.251492 -0.223668 -0.583177 0.187744 0.567712 0.0848178 -0.734902 0.666099 -0.0868464 0.127403 0.716393 -0.253546 -0.475644 5.65257e-005 0.513665 0.103851 -0.605582 0.564044 0.682498 -0.0949141 0.35117 0.778962 0.0513906 0.0548713 0.29541 0.506963 0.906051 0.620684 -0.875546 -0.583151 -0.421978 0.0888668 0.584791 -0.479514 
127 73 85 202 241 177 163 183 84 10 123 97 130 71 3 213 130 142 218 178 3 118 99 179 139 63 123 181 96 217 139 128 172 205 83 69 54 39 67 134 156 72 172 110 85 2 255 201 182 177 97 39 73 149 113 55 103 166 86 160 11 66 27 223 182 235 90 246 123 156 40 81 219 22 39 231 74 124 73 8 31 145 73 44 110 246 110 140 202 144 173 92 51 175 166 174 119 41 254 89 75 132 199 207 188 143 217 15 204 147 53 150 196 183 199 209 126 101 164 203 228 88 30 94 201 187 240 162 80 187 202 229 254 189 135 96 215 63 253 93 7 253 206 147 55 117 25 224 200 10 53 135 65 90 115 225 59 74 10 65 209 178 146 225 47 139 120 12 87 194 8 113 247 40 29 163 248 57 169 13 93 238 43 133 171 232 88 114 45 98 214 219 57 178 235 195 129 67 199 17 145 176 141 154 54 52 42 243 206 119 252 144 194 34 18 69 150 196 107 168 63 73 226 55 199 219 16 10 227 4 78 250 42 2 31 110 111 146 
0.931201 0.402297 0.000830408 0.238333 0.70708 0.08047 0.192901 -0.537523 0.0846477 -0.13002 0.173219 0.420607 -0.561864 -0.620092 0.795079 -0.442533 0.209804 -0.924205 0.980356 -0.311328 0.911022 -0.27268 0.0286755 -0.528171 0.102209 0.601686 -0.672901 0.237152 -0.954689 -0.19476 0.782625 0.647876 -0.122778 -0.848575 -0.561802 -0.703373 0.42159 0.300142 0.120872 -0.00265203 0.481322 -0.210895 -0.107804 -0.582734 0.038079 0.962199 -0.879883 0.619242 0.692861 0.406284 -0.103587 -0.572662 -0.330751 0.771561 -0.0178203 0.386521 0.339494 0.328385 0.580651 -0.185301 0.556841 0.419964 -1.11055 0.390457 -0.107577 -0.683775 0.214098 0.000731153 0.127647 -0.247349 0.250884 -0.433494 -0.555349 0.489042 -0.271609 0.563894 -0.0153268 -0.573328 -0.0585534 -0.795803 0.0294331 0.629811 0.169254 -0.0311931 -0.293193 0.826592 0.790074 -0.31905 0.501199 -0.842879 -0.522527 -0.00634621 -0.341499 0.570611 0.640043 -0.661634 -0.420531 0.286341 0.355326 -0.540863 0.112287 -0.0022796 -0.597502 0.133117 -0.141801 0.520814 0.227807 -0.330817 -0.450299 -0.503289 0.25396 -0.341288 0.41354 0.622257 -0.226995 -0.110548 -0.303582 -0.195123 -0.693419 -0.349899 0.437025 0.00571833 0.155103 0.205304 0.388579 -0.0892588 0.240814 0.0985971 -0.337245 0.411976 -0.243231 -0.720229 -1.12982 -0.749737 0.0750137 0.454502 -0.751298 -0.103492 0.408369 0.487377 -0.50578 -0.457503 0.0301688 0.419294 -0.378417 0.664251 -0.527433 0.318112 0.302019 -0.14272 0.0178762 0.177643 -0.254802 -0.442137 -0.537273 -0.0265748 0.226642 0.156994 -1.09711 -0.0891911 0.101483 0.321922 -0.122294 -0.30377 -0.0863878 -0.33878 -0.690616 0.31178 -0.267677 0.287316 0.4167 -0.775472 0.170066 0.487697 0.274629 -0.2219 0.45927 0.318142 -0.140625 -0.912733 -0.4642 0.357792 0.514311 -0.366855 0.593621 0.448148 0.0266362 -0.250894 0.849448 0.730924 0.281482 0.0270257 0.140974 0.549994 -0.601497 0.512118 -0.380899 -0.541379 0.324074 0.837345 0.279197 0.258196 -0.0582696 0.460237 0.657987 0.179125 -0.269405 -0.492455 0.670019 0.629342 -0.172007 0.253588 0.336205 0.372948 1.01656 -0.779138 0.0822691 -0.709181 0.202746 0.0137705 0.335052 0.172121 -0.752327 0.330103 -0.120078 -0.316728 0.0747828 -0.244834 -0.530185 0.497571 0.871628 -0.211611 0.727451 -0.427603 -0.191385 0.276949 -0.0413024 -0.210743 
181 6 26 92 102 116 218 78 129 182 34 145 190 59 69 137 55 10 235 168 83 90 22 21 142 81 32 228 111 178 31 5 169 111 48 54 27 95 27 86 3 240 177 102 14 99 200 224 233 77 8 6 184 234 45 142 49 56 125 62 111 62 12 24 5 35 186 129 181 227 35 107 176 92 95 161 39 95 202 38 69 106 62 73 229 65 0 118 136 227 119 15 161 196 244 183 23 81 196 190 105 57 189 20 102 32 157 254 85 10 41 255 221 180 208 36 17 81 157 61 69 218 130 69 113 70 192 23 223 76 80 141 190 12 39 253 234 229 73 175 214 88 216 60 220 155 11 94 72 142 156 82 157 81 94 142 113 172 204 83 208 77 115 86 85 166 75 4 108 227 104 26 255 14 159 212 83 110 255 193 219 169 151 167 41 169 48 244 113 1 145 63 145 58 254 109 77 50 59 83 53 47 239 232 50 60 72 114 97 78 100 27 241 185 248 229 174 252 124 238 119 32 54 97 193 26 112 169 100 56 7 51 28 172 10 55 62 157 
0.441351 -0.249653 0.657956 -0.359637 0.512284 0.762734 -0.515299 0.608175 -0.516423 0.0924285 0.305099 -0.0594902 -0.876761 -0.61709 -0.168338 -0.588624 -0.118018 -0.0442901 -0.100368 0.625505 -0.456398 -0.514582 -0.0509058 -0.807745 -0.704497 -0.327527 0.225984 0.418617 0.463206 -0.397027 0.188871 -0.407751 -0.266243 -0.0970141 -0.0443348 -0.679001 -0.399752 0.567261 0.475271 -0.135821 -0.488572 0.0556889 0.556379 -0.314984 0.285377 -0.0907172 0.27978 0.0518952 -0.784763 0.092136 -0.543773 0.466042 0.354552 -0.866522 0.565317 0.385528 -0.667341 0.385146 0.402643 0.443537 -0.521811 -0.179014 0.214284 0.221796 0.735841 -0.207405 -0.404536 0.455562 -0.771448 -0.232311 -0.586879 0.627613 -0.469111 0.0675984 0.514178 -0.652552 0.553094 0.445042 -0.0446701 0.62758 -0.272229 0.607031 -0.389589 -0.184996 -0.473613 0.0273047 0.0214061 -0.382099 0.759057 0.0492559 -0.205038 -0.574881 0.0822014 -0.823688 -0.302303 0.544635 -0.240446 -0.0941585 -0.190684 0.153586 0.581326 0.339425 -0.786097 0.239149 0.542219 0.507028 -0.824801 0.243265 0.287092 0.344103 -0.359131 -0.121058 -0.275107 -0.754374 0.979817 -0.291471 -0.0268929 -0.551309 0.0981027 -0.667672 0.517476 -0.505057 -0.439127 0.126944 -0.903712 -0.241974 -0.156857 0.452146 0.339179 -0.147071 0.0211664 -0.796411 0.224363 0.514966 -0.227176 -0.445902 -0.512959 0.116874 -0.530934 0.901407 0.293948 -0.0100484 -0.229857 -0.902424 0.143522 0.0240959 0.574802 0.521037 0.0525224 0.139439 0.178338 0.443048 -0.392001 -0.330738 0.019749 0.121584 -0.610022 0.178041 -0.450044 0.111675 -0.206019 0.776523 -0.112498 0.00788554 0.292094 -0.691806 0.221993 -0.533491 -0.866772 -0.129627 -0.269614 0.607094 0.338764 -0.0961468 0.21116 -0.0570884 -0.177813 0.373228 0.523552 -0.309578 0.0634568 -0.395286 -0.479588 -0.402822 0.494414 -0.625131 0.281012 -0.0622465 0.459374 0.0129497 -0.484661 -0.535298 -0.211753 0.42908 0.478817 -0.0191882 -0.540408 0.143729 -0.506017 0.499557 0.171732 0.536101 -0.286452 0.145664 0.415197 -0.395143 0.473635 -0.63663 -0.661201 -0.451693 -0.34867 -0.0821908 -0.421269 0.848855 -0.554635 -0.524493 -0.0498444 -0.368534 0.0577744 -0.0664988 -0.447774 0.298366 0.703324 0.696904 0.358249 0.0912095 0.491895 0.0959128 -0.608872 -0.0386565 0.278322 -0.336668 -0.6449 0.245118 0.42115 0.0374392 0.0954977 0.522264 
28 194 222 136 85 188 223 224 254 201 53 78 7 28 224 179 73 248 248 7 190 196 46 73 223 168 242 202 165 184 98 79 147 21 10 214 125 119 163 137 196 182 218 61 148 115 55 255 25 166 87 150 221 139 127 165 117 117 105 246 156 77 130 218 245 103 233 157 142 11 125 113 112 145 121 232 3 219 41 176 211 13 13 255 40 66 152 171 44 134 99 19 228 84 35 124 122 232 235 100 110 48 85 88 242 92 220 45 3 164 218 249 112 146 15 137 118 164 138 25 141 242 194 26 202 5 107 209 5 67 176 158 161 30 218 191 194 233 58 215 247 29 141 35 247 243 121 174 104 224 42 75 111 182 110 154 182 172 127 32 17 173 2 3 39 152 89 81 129 218 10 222 85 210 193 191 56 91 186 122 87 66 125 240 139 42 167 238 188 173 2 228 252 108 196 97 193 178 191 126 211 219 95 35 137 186 202 193 183 166 160 229 235 236 136 182 138 223 179 250 98 144 132 3 128 220 204 154 236 225 155 170 185 207 83 7 106 107 
-0.410341 0.0405164 0.644261 0.458307 0.54597 -0.470988 0.0534572 -0.194431 -0.513677 -0.00166014 -0.245152 -0.612993 -0.877085 -0.292799 -0.0741355 -0.155952 -0.161211 0.891142 -0.198698 0.269847 0.273701 -0.27588 0.377691 0.291248 -0.667225 0.183189 -0.789598 0.460561 -0.446684 0.0835584 -0.310022 0.638638 0.110279 -0.460398 0.656362 -0.111305 0.100485 -0.383607 -0.420494 -0.627215 -0.141543 -0.0588418 0.270936 0.363552 -0.193783 -0.200874 -0.354757 0.62799 0.31815 -0.0681079 -0.172997 0.45433 0.125473 -0.371895 -0.0338408 0.518564 -0.757131 -0.484322 -0.609036 -0.634361 -0.575549 0.655742 0.575698 -0.0987166 -0.554341 0.307248 0.34953 0.289578 -0.167637 0.488474 0.330354 0.265265 0.215554 -0.434531 -0.00982813 0.301339 -0.584559 -0.0125876 0.129547 0.0966562 0.345841 -0.456175 0.719492 -0.620267 -0.226532 0.578697 -0.261204 -0.54978 -0.0640097 0.618028 0.193746 0.794386 0.0362841 -0.671706 -0.126578 -0.326417 0.160223 0.439985 0.551466 -0.626372 -0.0758245 -0.138027 -0.445509 -0.697031 -0.28746 -0.135007 0.328572 0.769672 0.403928 -0.358016 -0.269691 -0.751991 -0.0645986 -0.283855 -0.0391826 -0.455063 -0.55828 -0.0339362 0.626016 -0.0847284 1.07867 0.413303 0.151533 0.0591507 0.157153 0.535216 -0.148173 0.507786 0.150334 -0.293874 -0.170322 0.392336 -0.310846 0.17776 0.397924 -0.978377 -0.0735081 -0.502896 -0.287713 0.744579 0.745135 -0.305247 0.335298 -0.0152821 -0.315216 -0.247706 -0.899884 0.580222 0.365648 0.0441609 0.329474 0.582621 0.498955 0.157001 0.592406 -0.344826 -0.503096 -0.123906 -0.066554 -0.478552 0.711994 0.0814283 0.024493 -0.386902 0.584658 0.376102 -0.188935 -0.210708 -0.159994 -0.312565 0.136625 -0.30812 -0.653989 -0.620416 0.452736 0.158559 -0.000821099 0.798236 0.467888 0.308155 -0.0152014 0.675963 -0.00602174 -0.229132 0.378915 -0.364864 -0.331054 0.491478 -0.299623 -0.213348 0.16062 -0.443449 -0.148989 0.230847 0.675941 0.591757 0.736944 0.031987 0.288467 0.138584 -0.115981 -0.558246 -0.440778 0.226394 -0.485719 0.216616 -0.285085 0.508564 -0.359778 0.474926 -0.409142 -0.327794 0.0722827 0.36243 0.00259168 0.348138 -0.466807 -0.376457 -0.422148 0.294046 -0.0183074 -0.797699 -0.423608 0.180094 0.205689 -0.45444 0.316399 -0.837145 -0.425409 0.422598 -0.651491 0.736728 -0.384091 -0.534668 -0.633756 0.570527 0.300153 -0.019171 
135 4 240 179 39 138 13 32 164 49 17 0 194 175 251 137 143 71 119 152 191 206 226 157 92 248 55 176 168 71 232 34 141 242 62 131 93 11 1 178 42 246 23 94 234 152 147 101 31 37 25 154 190 150 114 2 34 157 47 58 206 255 44 50 17 17 248 12 217 162 90 190 238 162 161 205 84 1 64 0 253 117 234 252 117 16 148 43 88 168 237 151 227 92 130 60 238 187 133 99 87 53 105 64 70 124 174 209 16 130 109 225 31 202 76 251 244 201 108 71 185 79 93 22 49 59 18 229 193 218 162 22 213 157 12 108 89 248 59 166 211 237 85 247 13 200 156 88 75 91 68 9 92 197 179 3 206 34 110 105 249 163 85 12 1 173 16 250 254 26 73 230 15 70 48 45 233 77 7 198 242 108 11 253 218 220 61 179 38 179 219 252 43 124 58 111 58 144 165 47 172 107 206 180 43 136 113 193 220 9 94 232 205 154 48 208 131 225 231 213 237 120 109 123 167 242 158 240 218 89 212 119 21 76 8 109 151 30 
0.517834 0.146301 0.305888 -0.395375 -0.550812 -0.457329 -0.220248 0.312762 0.410453 -0.531332 0.777513 -0.55977 -0.421472 -0.813138 0.312702 -0.31866 -0.324101 0.193663 0.0431686 -0.225765 0.284707 0.905494 -0.115037 -0.12017 0.419148 -0.0131644 -0.240313 0.0746846 0.29683 -0.0742218 -0.343695 0.716291 0.243233 0.0475529 0.319104 -0.349254 0.049766 0.449599 -0.31879 -0.500433 -0.507303 0.582075 -0.316689 0.0825133 -0.237481 0.00480027 -0.448022 0.880604 0.306314 0.114888 0.54475 0.0488835 -0.362319 -0.922156 -0.140481 0.0192753 -0.170447 -0.362575 0.0492573 -0.501088 -0.472422 0.517597 -0.306658 -0.487554 -0.914539 -0.562951 0.14464 -0.310199 0.0529658 0.0358829 -0.224031 0.144415 0.297066 -0.348631 -0.325192 -0.490369 0.510805 0.463414 -0.463873 -0.611667 0.35951 -0.253155 0.071761 -0.22285 0.519413 -0.309312 -0.233944 -0.661155 -0.871705 -0.189491 -0.239241 -0.338477 -0.14702 -0.0747193 -0.448462 0.231582 -0.0897802 -0.1373 0.0949199 -0.139568 -0.345874 -0.506517 -0.1049 0.446626 0.18134 -0.279456 0.36625 0.259484 -0.356682 0.206458 -0.00419709 0.891546 0.325776 0.54768 -0.588028 0.377751 0.0969449 0.330841 0.441577 0.057383 0.2365 -0.107504 -0.061904 0.503082 0.148772 -0.846682 -0.675264 0.418685 0.774743 0.738121 0.796586 0.90491 -0.625224 -0.931622 -0.0709375 -0.0947985 0.240328 1.13237 0.411133 -0.649314 -0.292223 0.315975 0.266389 -0.256043 0.321024 0.391082 0.389285 -0.428812 0.596712 0.744606 0.0223186 -0.145909 -0.506262 -0.349286 -0.311953 0.146305 0.576171 -0.307578 0.286022 0.454229 0.494939 0.428283 1.13091 0.790518 0.74438 0.767405 -0.251779 0.478531 -0.4445 0.419298 0.67012 1.19705 -0.226294 -0.0969665 0.075435 0.514092 -0.261619 0.152682 -0.762236 -0.373848 -0.853261 0.584287 0.476204 0.0937678 0.141092 -0.0121272 0.492082 0.317412 -0.104864 -0.378225 0.22837 0.45073 -0.455153 0.00918349 0.432263 0.307242 0.366664 -0.430549 0.358592 -0.345122 -0.319637 -0.458216 -0.439116 0.757732 0.364147 0.514075 0.0781564 0.73784 -0.127121 -0.0624683 0.344593 -0.351449 0.243894 0.693395 -0.231662 -0.785317 -0.606768 -0.638238 -0.554552 -0.573002 0.107447 0.539246 -0.169064 0.120097 -0.757683 0.0239329 -0.505488 -0.301958 -0.652256 0.351178 -0.388119 0.500927 0.762395 0.417377 -0.37662 -0.571364 -0.0996028 -0.68795 
216 64 10 161 0 201 196 56 180 24 191 2 240 84 17 11 217 191 56 6 117 9 49 65 17 156 58 235 5 242 123 170 137 23 38 16 242 62 142 116 194 249 118 187 219 253 219 161 17 109 175 63 68 54 113 58 95 86 198 65 16 194 160 99 108 102 153 21 138 195 27 86 190 192 86 212 200 171 55 148 195 152 235 56 127 13 214 233 162 103 20 251 114 136 197 2 87 15 227 38 68 169 3 249 146 155 43 218 26 103 206 142 227 248 155 68 167 141 29 31 50 160 157 199 230 5 102 213 71 201 51 198 136 38 238 251 132 64 163 239 109 189 196 10 13 170 108 239 219 126 202 98 152 181 181 249 193 39 193 163 88 210 239 239 58 109 203 11 36 209 38 87 252 177 229 160 254 155 22 149 233 40 227 27 113 35 134 59 24 184 126 35 1 105 0 51 92 228 163 25 98 219 159 161 10 121 134 115 56 192 228 239 131 111 186 122 130 102 98 203 242 71 197 191 178 121 128 73 193 6 58 133 252 230 152 32 135 72 
-0.453565 -0.683505 -0.557338 0.448693 0.00914127 -0.257379 0.117679 0.314478 -0.808502 -0.766446 -0.517984 -0.4662 -0.493584 -0.645948 0.0561283 -0.22929 0.221435 -0.175788 -0.240628 -0.22463 -0.504425 -0.0414981 -0.845607 -0.313475 0.334998 -0.213563 -0.652339 -0.195524 0.443213 0.152622 -0.114535 0.0539856 -0.285148 0.130877 -0.32194 -0.171935 -0.0880306 -0.240072 -0.455042 -0.828839 0.797902 -0.611432 -0.126011 0.676259 0.185422 -0.342995 0.240969 -0.140028 -0.399815 -0.15887 -0.19533 -0.25288 -0.880577 -0.223233 0.640026 -0.0880204 -0.293051 -0.421029 -0.242838 0.497797 0.817897 0.0343834 -0.357765 -0.313736 0.381919 -0.251473 0.80246 -0.314737 0.0702021 0.434607 0.131336 0.600436 -0.462681 -0.338758 -0.379841 -0.239771 1.41189 -0.00809206 -0.562826 -0.564276 0.330898 0.411514 0.347246 0.616112 0.0471095 0.441217 -0.173384 0.39809 -0.376773 0.248421 -0.200072 0.131973 -0.413357 -0.136417 -0.705617 -0.183135 0.447093 -0.510856 -0.39977 -0.252981 0.526851 0.280786 -0.134245 0.377173 -0.259939 0.161077 0.254765 -0.830109 0.463297 -0.606394 0.85557 -0.198283 0.676952 0.225154 0.129846 -0.158455 0.105481 -0.470534 -0.61428 -0.539628 0.41734 0.422658 -0.449397 0.18257 -0.148953 -0.491119 -0.237922 -0.555848 0.191607 0.301399 -0.0961646 0.448941 0.35718 -0.180102 -0.55 0.330172 -0.164614 0.71551 0.100792 0.472095 0.321531 0.574182 -0.836891 0.11038 0.0296299 -0.513156 -0.60429 -0.0106633 0.464609 0.968617 0.158396 0.202352 -0.180421 0.857169 0.193732 -0.03046 -0.579036 -0.249989 -0.452831 -0.210884 0.135294 -0.295796 0.681689 -0.587882 0.545874 -0.0656829 0.966768 -0.240883 0.677372 -0.286785 -0.0899454 0.619571 -0.237173 -0.645717 -0.669737 -0.450512 -0.0421403 -0.386941 0.0609711 -0.517656 0.0666926 0.130476 -0.105053 -0.355997 -0.0866605 -0.567669 -0.937762 -0.206521 -0.678877 -0.565013 0.105761 -0.347045 0.379002 -0.336022 -0.444987 -0.489691 0.387257 -0.473748 -0.892274 -0.789071 -0.79958 -0.456797 0.233056 0.705141 0.151204 -0.290391 0.0338711 0.940169 -0.469059 0.213219 -0.367533 0.0570478 0.386436 0.101511 0.0450215 -0.1354 0.956155 0.231315 -0.438382 0.436118 -0.0808276 0.218091 1.00639 0.676684 0.450088 -0.33143 -0.0513422 -0.0592345 -0.29493 -0.548923 -0.293814 0.328651 -0.526497 0.544358 -0.625353 -0.555635 0.398803 0.328328 
232 253 136 69 17 141 182 2 199 114 41 192 171 14 16 206 184 179 253 14 76 172 124 207 200 208 135 111 177 54 82 202 114 27 77 100 208 218 220 97 49 49 69 112 244 104 134 22 129 141 24 24 254 201 221 205 133 99 101 15 122 81 241 35 239 240 185 140 79 253 71 190 37 198 56 157 195 68 191 154 139 183 10 44 230 251 154 220 114 141 65 116 60 94 97 142 50 71 72 212 64 54 217 41 25 189 41 60 229 143 237 90 175 73 240 94 137 90 78 249 250 7 34 185 252 155 201 14 117 78 109 170 238 236 165 199 239 225 229 227 227 228 189 90 18 181 77 6 59 66 144 87 63 95 222 196 114 210 86 27 106 97 100 81 145 51 180 188 71 133 247 128 120 159 101 204 66 67 212 14 132 33 87 1 121 113 203 57 194 170 231 172 212 185 46 188 71 93 216 112 87 233 202 90 96 150 7 118 99 204 24 34 43 220 252 129 87 23 235 98 82 234 136 17 44 202 81 149 33 58 21 191 252 22 121 69 2 88 
-0.69529 0.0146735 -0.688166 0.598131 -0.635321 0.259233 0.13725 0.091795 0.711502 -0.425427 0.501272 1.0946 0.23656 -0.00231733 0.306568 0.879641 -0.30607 -0.744543 -0.409432 0.797194 -0.700779 -0.685152 -0.486146 0.0719266 0.187539 -0.104185 -0.009519 -0.216595 -0.653685 -0.538269 0.705835 -0.227981 0.607017 0.0111153 -0.194158 -0.428963 0.297347 -0.36336 -0.295831 -0.261259 0.584974 -0.587313 0.830297 -0.0668664 -0.359109 -0.515022 -0.803297 0.141185 -0.350188 0.581159 0.536251 -0.324191 0.288808 0.486696 -0.689516 0.10633 -0.251858 0.547751 -0.0998153 -0.205727 0.00231464 -0.311017 -0.199272 -0.65504 0.0744118 0.310118 0.162441 -0.213306 0.0928719 0.0473838 0.144327 0.342984 0.0184851 0.43233 -0.328932 0.0740029 0.163408 0.85831 0.34186 0.135333 0.169581 -0.489622 0.409799 0.669968 -0.180494 0.0197353 -0.315882 -0.72166 -0.361098 -0.194388 -0.049747 -0.502747 -0.707528 -0.950194 0.284056 0.0375222 0.52545 0.00719969 -0.627777 0.105039 0.00817246 -0.0495117 -0.597079 0.568287 -0.391096 0.11585 0.524658 0.335469 -0.211968 -0.468283 -0.771875 -0.362603 -0.420707 -0.62929 -0.479597 -0.588823 0.767368 -0.198827 -0.250816 -0.501944 -0.784753 0.444848 0.0101625 0.83998 -0.0548894 -0.501615 0.94677 0.0599846 -0.738188 -0.701011 0.139367 -0.0536009 0.519433 0.216607 -0.603826 0.17857 0.463182 0.388328 -0.0174172 -0.315087 -0.00303748 0.167048 -0.483697 0.093488 0.69103 -0.218364 0.184199 0.828108 0.241159 0.696276 0.63128 0.782236 -0.109878 0.662262 0.00233713 0.163902 -0.198258 -0.740758 -0.702127 -0.621687 0.139609 -0.190324 0.587546 0.285703 0.264347 -0.146978 0.339226 -0.287736 0.229591 0.495046 0.587707 0.103252 -0.334452 0.241966 -0.037047 0.518876 -0.391342 -0.159894 0.676558 0.522275 0.390915 0.218256 0.621821 -0.433768 -0.344775 0.0889191 0.505507 0.776297 -0.142294 -0.281276 0.0704127 0.809161 -0.156567 -0.416986 0.0263981 0.353194 -0.0810736 -0.292344 0.383874 0.221472 -0.479556 0.22114 -0.440861 -0.455639 1.08141 0.205448 0.594404 0.468844 0.25943 0.30938 0.205473 -0.665267 -0.334925 -0.297989 -0.371549 0.240148 0.383009 0.307347 -0.0544022 0.407256 -0.201272 0.336542 0.623787 -0.0238107 0.791013 -0.120768 -0.264122 -0.421429 0.0556639 0.751395 -0.0840534 0.346154 -0.280748 0.329927 0.331554 -0.58064 0.539358 0.294751 
114 43 74 217 200 201 86 222 174 77 228 203 226 79 91 216 130 5 67 46 6 192 183 73 155 189 102 17 143 144 134 198 186 18 178 139 92 223 234 33 90 155 16 217 187 53 190 233 153 207 18 248 157 104 194 141 155 23 5 170 22 193 63 151 210 65 57 198 14 121 96 96 155 84 33 152 81 189 20 144 94 252 2 99 158 4 124 188 2 220 6 155 230 204 30 28 74 38 168 216 63 110 87 203 79 53 91 101 235 207 103 101 200 45 51 153 42 21 172 185 205 12 60 91 63 10 68 15 246 253 17 144 120 148 2 189 182 145 165 216 168 142 75 155 6 154 121 103 241 68 15 246 2 175 174 201 22 217 93 0 80 139 159 253 203 101 100 81 78 235 56 136 103 252 5 47 244 35 134 88 225 105 25 16 254 152 176 171 127 199 187 225 176 90 27 76 240 237 21 174 108 213 168 20 32 21 18 162 214 218 208 9 239 228 176 92 155 193 139 12 139 116 123 114 209 102 106 83 80 222 65 115 229 0 33 186 10 29 
-0.6086 0.47093 -0.426162 -0.172152 0.231762 -0.244959 0.0506914 -0.176765 -0.32751 -0.132472 -0.308655 -0.045633 -0.767751 0.648925 -0.284586 -0.430974 -0.576549 0.053782 -0.525242 -0.0362213 -0.312067 -0.588753 0.253854 -0.290552 0.121464 -0.943465 -0.538106 1.22846 0.0937194 -0.958593 -0.185453 0.739288 -0.59807 -0.257971 -0.0378239 0.391785 0.0464874 -0.338964 0.409236 0.294929 0.799608 -0.637865 -0.178511 0.100473 -0.29056 -0.745962 0.579153 0.147555 -0.107041 0.38008 -0.2974 -0.311773 0.156645 -0.177655 0.447667 -0.506574 0.0166443 0.176713 0.745273 0.307587 0.603084 -0.21891 -0.736366 0.392776 -0.189263 0.54426 0.0182507 0.161452 -0.0235648 0.404929 -0.64022 0.471967 0.322027 -0.307745 0.728566 0.682773 -0.0300663 -0.308433 0.578015 -0.721939 -0.387318 -0.395141 -0.162389 -0.210477 -0.373976 0.152759 0.760589 0.219474 0.0207393 0.509157 -0.419138 -0.193082 -0.498663 -0.612847 0.606664 0.291561 -1.07299 0.542561 -0.29383 -0.147348 -0.099498 0.873082 0.279734 0.341618 0.725797 0.417602 -0.501513 0.290054 -0.293248 -0.106398 0.458459 -0.340589 0.995716 0.274515 -0.239347 0.125683 0.171087 -0.452885 0.634212 -0.557411 -0.462401 -0.188614 -0.086638 0.483442 -0.0427047 -0.160046 0.0079868 -0.282702 0.00891187 0.203954 0.00974551 -0.585345 -0.553158 0.00315989 0.0382678 0.202974 -0.0789149 -0.432841 0.508475 -0.135121 -0.553371 -0.778567 -0.133585 -0.291955 0.225332 0.119896 -0.256728 -0.436239 0.0754225 -0.0539525 0.783843 -0.0899852 -0.611791 0.326658 0.329846 -0.0968493 -0.255531 0.48251 -0.0190311 -0.175115 -0.230205 0.690184 0.35991 0.278278 -0.427631 -0.377793 -0.18067 -0.129282 -0.0374002 0.14414 0.246236 -0.190908 -0.4592 -0.381713 0.56591 0.483923 0.296977 0.446101 0.401063 -0.320442 0.546755 0.360643 -0.0301434 -0.0608419 -0.116995 -0.157797 -0.718269 0.495131 -0.665992 -0.635934 0.587608 -0.467393 -0.0251605 0.216321 -0.274684 0.324993 -0.0278965 -0.019746 -0.414819 0.249772 0.140963 -0.403936 0.0765655 0.569013 0.208206 -0.28253 -0.0799939 0.379425 -0.0735415 0.0873911 0.69269 -0.0544681 -0.647219 -0.170143 0.381202 -0.540503 0.734167 -0.287056 -0.77327 -0.34533 0.541352 -0.93044 -0.532395 0.41879 0.47012 0.709989 0.276581 0.292638 0.0144758 -0.786602 -0.831743 0.554104 -0.262796 -0.141557 -0.785633 -0.617534 0.0985426 -0.259035 
145 172 111 67 128 110 59 39 127 2 90 87 49 72 164 61 74 210 99 115 67 9 197 189 174 65 254 137 110 27 124 47 140 163 238 181 49 170 191 212 157 28 170 249 247 220 42 188 130 216 215 45 234 196 99 112 169 39 50 45 4 140 28 194 41 8 69 234 130 162 49 62 148 140 108 248 125 44 16 135 3 92 215 35 200 125 133 26 32 60 249 1 114 62 128 44 84 134 59 32 28 126 108 199 45 136 189 147 115 1 7 93 10 195 152 64 68 55 124 80 173 45 16 87 124 146 97 97 104 104 221 94 171 7 218 49 244 129 43 44 39 212 254 48 17 5 98 15 14 31 112 191 73 150 106 140 67 161 189 253 117 102 200 169 91 73 66 35 94 83 1 19 18 142 171 90 205 218 159 14 35 60 113 225 27 16 208 117 200 143 230 71 160 253 247 176 110 91 36 44 157 245 0 209 43 192 139 180 158 41 64 92 25 91 115 49 219 249 104 5 55 33 89 188 145 254 111 61 197 228 239 53 52 106 16 178 70 86 
0.453174 -0.467069 -0.333334 -0.414637 0.313274 -0.270861 -0.0723616 0.446444 -0.522913 -0.0699119 0.441623 0.219424 -0.557366 0.553803 -0.0398458 0.114903 -0.0588673 0.445752 0.346307 0.974326 -0.240082 0.178327 0.405431 -0.73425 0.0667329 0.0763432 -0.485185 0.0189389 -0.477618 -0.540604 -0.0848565 0.189557 -0.347728 -0.216063 0.167704 -0.775687 0.0158589 -0.277169 -0.865012 0.340712 -0.190847 0.35991 -0.011576 0.509362 -0.784493 0.200967 0.570961 -0.483001 0.412169 0.540602 -0.0510393 0.601862 0.48121 0.337627 0.0367874 -0.615595 0.376249 0.37485 0.749969 -0.176725 0.179506 0.239462 0.159955 -0.230116 0.482738 0.360936 0.420726 0.189648 0.780254 0.787397 0.553364 0.321788 -0.373013 0.37091 -0.0921846 -0.412091 -0.361382 -0.477096 -0.0406366 -0.223082 -0.57919 0.444678 -0.67948 -0.0845325 0.444891 -0.435618 0.449433 -0.55074 1.04456 0.551228 0.419924 -0.23158 0.595895 0.143177 0.649672 -0.238771 0.74883 -0.564734 -0.323333 -0.410275 -0.0635137 0.673747 -0.480345 -0.38624 -0.38842 -0.814303 -0.089318 0.13162 -0.745233 -0.213322 0.548201 -0.723963 -0.263991 -0.789941 0.860351 -0.424796 -0.550023 0.626383 -0.511883 0.406795 0.564905 -0.122565 0.819904 0.299549 0.733647 0.826504 -0.376481 -0.353982 -0.538373 0.374545 -0.664052 0.558122 -0.218077 -0.595877 0.67798 -0.372256 -0.229247 0.320186 -0.959264 -0.772148 0.379209 -0.62419 0.604212 0.674519 -0.311927 0.32 -0.392764 -0.194024 -0.495 0.167593 0.740828 0.0473251 0.767573 0.0497525 -0.36065 -0.643701 0.380419 0.445555 0.427338 0.0133773 0.663569 0.449473 -0.785422 0.0340647 -0.816938 -0.305856 -0.183932 -0.491549 -0.0163394 -0.419762 -0.0905715 0.25216 -0.919709 -0.0714049 0.398569 -0.160416 0.416593 -0.0584326 0.373172 -0.618203 -0.219874 -0.230029 0.538269 0.236437 0.739754 -0.783309 -0.0131182 0.0190481 0.470059 -0.161438 -0.29812 0.361637 0.141263 0.617607 0.669701 0.64173 -0.314343 0.642045 -0.512456 0.172127 0.333062 -0.276842 -1.05668 -0.218075 -0.307788 0.393824 -0.0274465 -0.2798 0.0571848 0.30455 0.708203 0.171334 -0.0358922 0.592345 0.499347 0.733785 0.207018 -0.521912 -0.355403 0.426905 -0.549472 -0.356721 -0.505696 -0.173767 -0.191044 0.425889 0.434444 0.152462 -0.672949 0.0158381 0.275337 -0.0633301 0.373025 0.177162 -0.31449 0.571012 0.408889 -0.459886 
254 158 246 117 82 16 31 214 141 17 11 234 143 251 239 98 155 39 186 223 6 121 141 237 42 129 211 99 163 40 220 6 126 117 47 198 241 51 242 104 23 179 110 5 82 7 142 122 238 53 4 60 1 105 72 77 198 144 241 53 42 145 233 252 11 209 160 229 109 229 148 169 142 86 48 252 124 110 238 124 170 84 27 151 62 96 156 44 65 183 242 176 90 172 230 87 128 201 177 127 147 111 53 19 34 18 91 237 227 158 87 155 222 170 201 130 245 163 121 237 88 177 195 248 14 143 85 93 82 148 218 228 158 74 17 135 186 112 72 101 202 48 203 103 96 204 63 227 39 126 226 126 88 207 76 103 208 249 232 221 178 181 100 103 22 84 131 98 17 166 242 217 90 159 1 71 50 23 233 218 150 214 7 57 234 210 116 238 231 209 16 84 14 95 195 237 240 162 194 144 167 121 49 72 233 90 120 129 53 252 186 219 8 84 119 93 0 244 220 254 29 2 73 27 225 241 86 8 154 220 8 104 215 126 214 232 17 46 
-0.91194 0.56833 0.751283 0.460965 0.412173 0.0976385 0.311144 0.297189 -0.273336 0.129557 -0.0819563 0.270765 0.261125 -0.0460775 -0.455956 0.673125 -0.483912 0.177034 0.766726 -0.582169 1.1122 0.195611 0.504715 0.149948 0.344459 0.0598357 0.364005 -0.759275 0.336273 0.847291 0.726163 -0.374386 -0.280876 -0.0637034 -0.703334 -0.530253 0.899505 0.147289 0.185318 -0.547254 -0.736158 -0.698237 -0.455825 -0.354472 0.748195 -0.395654 -0.631357 -0.282817 0.224362 0.577492 -0.0761895 0.648745 0.509442 -0.198356 -0.760547 -0.743488 0.233424 0.268361 0.106229 -0.053838 -0.306756 -0.515232 0.425588 0.163204 0.136293 0.0148901 0.296745 0.868383 -0.0975612 -0.0581095 -0.158682 -0.116043 0.942094 -0.68474 -0.604646 -0.704361 -0.0420243 0.596803 -0.277223 -0.360196 0.337277 -0.038433 -0.70672 0.541744 0.274582 -0.283888 -0.493874 -0.634189 -0.0617595 0.40833 -0.213808 0.673968 -0.259774 0.310878 0.211192 0.294264 0.374559 0.288241 0.525259 0.34944 -0.191885 -0.838784 -0.489223 0.886806 0.19655 0.138536 -0.22043 0.530223 0.243751 -0.0964046 0.266303 0.67667 -0.0264509 0.140518 0.113904 -0.0121958 0.0952819 0.105755 -0.0191064 0.211012 -0.612385 0.782255 -0.421858 -0.300817 -0.116233 0.822624 -0.317071 -0.85272 0.928013 0.566035 -0.413065 0.442148 -0.376287 -0.371002 0.240513 0.667802 0.0402561 0.550544 0.209869 -0.311205 -0.53039 0.731186 -0.462726 -0.622473 -1.04236 0.278861 -0.343768 0.467468 0.320813 0.120464 -0.195664 0.505475 0.337155 -0.073109 -0.130763 0.356183 0.536808 -0.107534 0.258946 0.497906 -0.529875 0.299967 0.187148 -0.687625 -0.506268 -0.474328 -0.662381 0.0263808 0.476757 -0.496902 0.0303841 0.278547 0.64837 -0.0931323 -0.18931 -0.432551 0.546618 -0.634603 0.203709 0.535548 -0.454736 0.00867255 -0.131148 0.746959 -0.0738874 -0.910697 0.29382 1.22629 -0.145207 0.236698 0.936049 0.39788 0.119775 -0.114535 -0.396445 0.0838574 -0.394916 -0.140073 -0.466251 -0.154616 0.159931 -0.0934369 -0.886893 -0.723963 -0.106356 -0.641126 -0.337417 0.173899 0.385764 0.477217 -0.437841 -0.182067 0.431501 -0.451887 0.295962 -0.0996953 0.120967 -0.0719698 -0.326448 -0.76549 -0.779595 0.203961 -0.0782485 -0.634972 0.352177 -0.100444 -0.326649 -0.481941 -0.390622 0.544789 -0.426272 0.0938142 0.0220146 -0.205674 -0.228828 0.0641567 -0.666859 0.549772 
111 217 56 45 77 248 58 197 17 235 192 155 203 47 11 83 146 126 185 103 56 172 108 164 33 127 116 253 77 34 61 191 125 179 64 19 135 159 141 150 71 97 150 6 107 239 222 211 82 92 246 148 19 137 125 141 151 84 212 115 225 237 126 33 103 160 159 13 18 117 5 244 204 32 159 170 153 109 69 187 162 0 4 77 178 165 44 207 255 255 252 195 225 92 71 118 241 40 166 221 18 48 129 69 40 53 113 81 86 201 137 15 63 165 157 100 21 130 148 144 69 250 144 8 33 191 190 244 235 240 102 123 249 6 135 22 169 140 204 196 217 129 108 45 188 18 0 183 172 61 84 181 109 78 0 15 112 241 122 247 214 212 95 213 188 21 122 107 72 159 239 162 245 6 121 245 96 239 81 11 203 33 80 22 8 204 121 247 61 183 36 5 243 58 162 110 93 118 184 218 228 97 124 111 87 58 61 96 78 118 112 121 228 160 211 33 83 110 9 81 230 193 246 140 173 27 197 137 139 114 201 62 185 232 176 215 226 36 
0.051184 0.544515 0.789989 0.302149 -0.340445 0.709052 0.29364 -0.186088 0.199184 -0.226991 -0.82951 0.334243 0.147486 0.0119368 0.171955 0.601645 0.0919735 -0.422683 -0.0927116 0.193716 0.288494 -0.107491 -0.788732 -0.0520322 0.515116 -0.127318 0.635588 0.552306 -0.0474817 0.0111942 -0.431471 -0.489118 -0.11011 -0.0315881 0.143535 0.317949 -0.317363 0.101478 0.623209 0.177584 -0.133172 -0.46973 -0.176178 0.994088 0.375697 0.131874 0.497273 0.167512 -0.0478894 0.197988 -0.713728 -0.0889749 -0.161998 0.285588 -0.320748 -0.424793 0.17835 -0.212593 0.4597 -0.460685 -0.207557 -0.543678 0.63678 -0.149863 -0.303029 -0.0749154 -0.469698 -0.58691 0.214284 -0.576223 -0.0431762 -0.437029 -0.252483 -0.0593792 -0.130113 0.696623 -0.584513 0.137769 0.0620551 -0.228236 -0.709178 -0.213243 -0.707617 -0.371101 -0.194271 -0.391906 0.328092 0.583061 0.293071 0.598881 -0.271581 0.30631 0.00126722 -0.255901 0.0475877 0.230664 0.027634 -0.092011 -0.242189 0.404842 -0.630612 0.0351423 -0.187471 -0.215178 0.336236 0.364485 0.281252 0.305787 -0.303872 0.0706293 -0.229777 -0.835733 0.526963 0.427496 -0.519437 0.155179 0.0916864 -0.190123 -0.588845 0.154096 0.338085 0.388881 -0.659956 -0.788694 0.469172 -0.372914 0.498354 -0.304938 -0.553888 0.459483 -0.119181 -0.0579343 0.554326 -0.559101 -0.381953 0.892661 -0.934885 0.591556 0.523905 0.349453 -0.0434206 0.378378 0.284099 -0.308166 0.299595 -0.367568 0.290239 0.369399 0.141155 0.466367 -0.822888 0.474735 0.556259 0.101514 0.217553 -0.615533 -0.203263 0.247417 0.167573 -0.0431312 -0.784693 -0.250299 0.0164207 0.886033 0.435324 0.506687 -0.151228 -0.795975 -0.269057 -0.570408 0.369687 0.216533 -0.27342 1.25213 -0.784386 0.220235 -0.175006 -0.508458 0.596004 0.488575 -0.0926372 0.381747 0.222162 -0.609023 -0.770291 -0.409385 0.75865 -0.171017 -0.548145 0.493558 -0.238433 0.244352 0.164919 -0.307643 -0.522968 -0.560834 -0.732898 0.850561 -0.772431 -0.59424 0.000749333 0.504445 -0.00728631 0.26876 -0.00133381 0.399251 0.376526 -0.497835 -0.430078 -0.222554 0.0240693 -0.99153 0.739752 0.271543 0.667603 -0.291177 0.50505 0.262859 -0.0562708 0.154491 0.447099 0.507279 -0.225953 0.3417 0.12401 -0.549919 0.312011 0.42825 -0.0335031 -0.339966 0.924708 -0.615109 -0.594138 0.61005 -0.171007 -0.345987 0.627114 0.639638 
113 75 71 148 255 33 84 129 189 75 147 21 104 150 192 29 217 135 227 104 85 57 122 121 120 115 167 248 75 129 196 185 73 156 220 43 70 29 120 226 85 210 80 156 45 33 84 169 118 223 122 77 131 60 91 243 49 142 35 205 244 58 187 140 239 187 117 166 197 47 220 94 126 208 29 166 239 9 24 232 60 95 124 185 211 88 34 170 10 176 57 120 123 126 27 172 130 222 99 132 110 107 21 183 52 27 245 120 165 234 211 131 169 159 230 84 223 177 113 68 82 153 169 19 96 125 12 214 6 177 166 209 53 101 10 92 112 56 248 153 7 241 105 65 106 93 126 28 208 128 41 9 217 235 224 45 220 107 152 2 123 117 128 162 59 65 185 127 227 229 118 205 3 175 190 249 160 248 132 19 153 143 37 203 145 60 224 103 29 207 71 177 9 41 170 99 216 28 97 226 57 109 80 189 35 228 105 128 10 66 28 159 128 8 242 160 193 113 113 51 55 132 149 254 77 183 173 48 128 86 231 239 145 205 153 120 14 36 
-0.113651 -0.832003 0.242604 0.101154 -0.296348 -0.340924 0.1209 -0.341075 0.624388 -0.0341724 -0.791702 0.0129199 -0.649984 -0.391417 0.276338 -0.78688 0.202146 0.742513 0.227639 -0.294 -0.615364 -0.430058 0.508152 -0.734127 -0.528393 -0.54466 0.565274 -0.701699 0.32033 -0.361253 -0.277648 0.231169 0.0107719 0.0293966 0.150037 0.601554 0.194514 0.252616 0.416222 0.321906 0.600514 -0.330978 -0.134793 -0.70362 -0.302455 0.620101 -0.66199 -0.191058 0.0429894 -0.237101 0.442511 -0.181351 0.813543 -0.680192 0.102731 -0.196187 0.485093 -0.578968 -0.383899 0.139078 -0.301052 -0.820576 -0.816649 0.710278 0.471435 -0.44713 0.858314 0.771618 0.536489 0.172261 -0.312856 0.470277 -0.0786961 -0.0392646 -0.104881 -0.324249 -0.534459 0.0862394 0.238474 -0.439334 0.189854 0.433368 -0.289467 -0.350504 0.501382 -0.414967 -0.359278 0.180262 0.507957 -0.39337 0.595923 -0.136316 0.541214 0.0816865 -0.23059 0.338809 -0.525168 -0.357484 -0.654732 -0.00976223 -0.497663 0.4169 0.375236 -0.0894294 -0.758527 0.290106 0.0448613 -0.412114 0.0670327 -1.05901 -0.254566 0.110833 -0.116767 -0.893561 -0.534052 -0.553644 -0.498609 0.074579 0.180045 -0.168256 -0.721573 -0.312801 0.722872 0.503427 0.512488 -0.547858 0.336846 -0.311621 0.265691 -0.358488 -0.167597 0.551911 0.0035249 -0.668838 -0.275867 0.916162 0.433869 0.00703949 -0.24374 -0.0275997 -0.237349 -0.465892 0.149837 0.350068 0.151803 0.412262 -0.763238 -0.0220925 -0.422278 0.143277 0.416705 0.729945 -0.506236 -0.587996 -0.645127 0.271932 -0.374127 0.722495 0.54508 -0.19234 -0.215631 -0.543997 0.335076 0.18356 0.394461 -0.00708086 0.522264 -0.185144 0.431545 -0.208577 -0.57605 0.647622 0.390231 0.408787 -0.480722 -0.403124 0.430547 0.123705 -0.10885 0.367005 0.245406 0.0109887 0.206917 -0.246337 0.246428 -0.396794 -0.465201 0.170293 0.0491468 0.676776 0.5939 -0.399281 0.0322206 -0.322238 -0.152196 0.53369 0.403053 0.633438 0.3477 -0.396972 0.719502 0.62157 0.249742 -0.58579 0.164568 0.189081 0.472266 -0.312276 0.442825 0.811247 0.0792619 -0.203963 -0.520321 1.06524 -0.14557 0.499331 -0.613415 -0.36598 -0.287172 0.446105 0.396477 0.337308 0.44243 0.379504 0.406961 -0.188974 -0.382904 0.0223301 -0.18406 -0.510364 -0.0408391 -0.379313 0.276731 -0.233319 -0.290829 -0.53487 -0.258373 -0.657071 
62 101 3 68 78 46 165 186 222 242 227 184 41 198 178 243 132 177 170 219 129 233 27 249 60 27 181 47 206 70 214 63 192 124 174 229 231 132 49 31 88 178 72 179 240 205 117 243 242 213 54 250 113 45 211 58 168 196 211 74 254 101 90 174 106 163 61 22 174 196 112 7 214 43 171 192 201 224 59 156 203 170 103 33 170 36 120 254 198 111 41 253 227 185 229 85 5 243 190 188 77 168 6 49 160 103 125 66 2 225 158 131 197 39 192 40 55 86 213 252 213 52 26 221 119 100 178 218 185 172 108 63 34 119 149 4 106 102 185 122 249 168 99 131 98 247 103 214 8 59 192 232 77 125 72 163 130 85 86 217 183 11 139 24 148 176 71 243 124 206 191 3 101 92 125 148 168 132 72 89 171 10 138 169 107 235 142 233 151 146 32 125 223 116 131 94 187 73 151 98 133 126 156 196 111 54 169 102 156 180 230 121 117 66 4 75 164 187 115 72 122 152 179 178 230 56 252 165 126 164 132 174 148 36 92 215 74 32 
-0.244349 0.236709 0.2106 0.012672 -0.255958 0.48482 -0.725482 -0.606773 0.0511529 0.464148 0.38072 -0.307375 -0.929802 0.193739 0.255827 -0.382418 0.609281 0.118141 -0.759608 -0.35819 -0.477693 -0.148857 -0.691913 -0.561804 -0.665875 -0.298191 -0.0408375 -0.141391 -1.21324 -0.407538 1.22995 -0.841298 -0.0544571 0.302995 -0.0648808 0.536735 -0.335053 -0.319829 0.322022 -0.128587 -0.394293 0.0524947 0.752416 0.393298 -0.628813 0.646273 -0.346605 -0.87686 0.620278 -0.581448 0.264565 -0.265334 -0.699517 0.069893 -0.614426 0.600932 -0.0502642 -0.671558 -0.300027 0.131261 0.00591615 0.189194 -0.523784 0.343699 -0.540645 -0.209897 0.279075 -0.00228218 0.326866 -0.564998 0.639892 -0.277357 -0.312429 0.631637 -0.405131 -0.317622 0.260359 -0.26522 0.135514 0.634163 0.434996 -0.171308 -0.492552 -0.736732 -0.179723 0.0151948 0.241653 0.621213 -0.711214 -0.0643653 -0.543568 0.190549 -0.138627 0.580882 0.106099 0.33998 0.425113 -0.666168 -0.110775 0.227256 0.00198752 0.651982 -0.360439 -0.500248 -0.158134 0.333527 0.971665 0.193387 -0.180512 -0.396414 0.335291 -0.0283572 -0.596044 0.475697 0.194408 -0.0792957 0.133727 0.426341 -0.423638 0.238013 0.641295 0.126396 0.0544781 -0.840829 0.716395 0.300634 0.39728 0.234496 -0.451889 -0.680121 0.169724 -0.718999 -0.404253 -0.826513 0.165453 0.820233 0.901011 -0.274071 0.566814 -0.190225 0.210658 1.03368 0.131524 0.782242 -0.296764 0.658946 -0.439902 0.39709 -0.170913 0.80863 -0.578296 0.0212505 1.05035 0.460647 0.140172 0.684271 0.0479835 -0.698788 0.2264 0.396691 0.332471 0.223049 -0.793064 -0.171523 -0.0514435 -0.0913559 -0.949162 0.549058 0.200838 -0.196924 -0.1641 0.590903 -0.630182 -0.0387093 0.265079 0.0809508 0.063569 0.614555 0.00966124 0.531494 0.784119 0.0014571 -0.800554 -0.0389849 0.324258 -0.470925 -0.469213 0.302126 0.0193644 0.519913 0.284951 0.447625 -0.545811 -0.887671 0.383128 0.183001 0.180592 0.599356 -0.244609 -0.572662 0.233832 -0.121473 -0.364367 0.386734 -0.196014 -0.272999 -0.176843 -0.172879 0.472559 -0.519671 0.00958245 -0.798607 0.660935 0.270701 -0.120954 0.100465 0.282584 0.137872 0.125449 0.0621312 -0.0790304 0.352944 -0.417036 -0.503342 -0.654471 0.666651 -0.0197275 0.0239837 -0.31717 -0.549094 -0.0215583 -0.311342 -0.361857 0.589763 0.777949 -0.446428 -0.48026 -0.323458 
146 158 241 141 166 190 31 4 137 27 134 242 76 224 150 228 2 124 135 112 109 60 53 157 20 54 188 209 21 19 118 123 170 68 173 38 180 243 36 220 95 71 226 102 98 214 77 13 139 22 92 225 157 152 89 124 239 220 130 249 212 214 198 18 160 160 208 180 178 199 75 138 0 86 118 200 78 237 63 93 195 17 196 70 31 45 149 28 178 186 119 204 229 197 233 37 194 156 92 136 244 42 162 48 45 168 183 60 215 20 20 77 226 62 98 196 7 192 87 112 231 224 232 150 168 97 91 36 126 102 48 117 208 34 70 195 79 18 179 64 72 226 155 5 189 229 182 135 79 175 164 214 13 101 123 229 147 116 126 250 238 107 179 122 237 92 222 226 223 190 94 138 250 219 227 158 218 100 145 64 238 183 218 251 86 121 200 40 138 233 213 65 164 77 8 179 171 129 233 74 122 73 24 217 89 69 36 236 58 219 160 46 133 186 226 190 176 55 186 165 125 7 31 212 144 64 217 110 106 96 240 149 127 58 113 82 106 164 
-0.411877 0.330155 0.0195476 -0.562591 0.384643 -0.125565 -0.749522 0.562956 -0.44987 0.299816 0.156176 0.550441 0.624498 -0.449131 -0.0908798 0.0787809 0.523366 0.281831 -0.857811 -0.0396256 0.316415 0.428743 0.729192 0.0348325 -0.202547 -0.42783 0.341902 0.944826 -0.58714 -0.332218 -0.903097 -0.100573 0.081092 0.736862 0.232882 -0.0482122 0.17787 0.485771 -0.331961 0.0619467 -0.517092 0.594533 0.779781 0.249414 0.0429132 0.30184 -0.502134 0.503462 0.422737 0.780901 0.0381208 0.635563 0.415545 -0.562794 -0.224151 -0.880819 -0.355423 -0.245274 -0.0339035 -0.410837 -0.886655 0.176532 -0.566156 -0.257925 -0.0273694 -0.227019 -0.367307 0.138178 0.199762 -0.280404 -0.439813 -0.0321228 0.230073 0.141826 -0.354988 0.294266 0.351449 -0.525808 -0.478648 -0.583714 -0.633731 0.282655 0.432158 0.210844 -0.234082 -0.228923 0.462311 0.34679 -0.640268 0.033866 -0.78383 -0.0475143 -0.111831 0.854243 0.045086 0.681367 -0.33261 -0.373367 0.557113 0.317947 -0.106324 0.00579597 0.104752 -0.129177 -0.470929 -0.300071 -0.655207 -0.601944 -0.343434 0.817555 0.668477 0.341804 -0.808493 0.733355 0.228968 -0.444227 -0.196019 0.00744702 0.0735655 0.790545 0.254703 -0.166959 0.162035 -0.364524 -0.752419 0.535769 0.541407 -0.0961943 -0.586344 0.200883 -0.263029 -0.262991 -0.141633 -0.204066 -0.360039 -0.200623 0.049023 -0.24714 0.347234 -0.1171 0.0801861 0.813965 0.139855 -0.244675 0.43506 0.580583 -0.0146448 -0.500988 -0.099063 -0.182339 -0.596566 0.558319 -0.440243 -0.11585 -0.4438 -0.887802 -0.0640954 -0.0353621 0.549769 0.427863 0.466726 0.114007 0.0606273 0.277219 -0.168219 0.0474749 0.421937 -0.536585 0.146452 -0.836684 0.670075 0.452348 0.45397 0.408104 -0.277136 -0.887242 0.291766 -0.428649 -0.104783 -0.748806 0.788652 0.344094 -0.54682 -0.166107 0.426579 -0.11511 0.657035 -0.187187 0.252836 -1.16279 -0.61314 0.426719 0.00405846 -0.253105 0.101655 -0.692173 0.0173835 -0.200341 -0.124222 -0.33557 0.10804 0.567366 0.43416 -0.547367 0.581683 0.627412 0.126196 -0.152345 -0.107757 -0.194214 0.461758 0.378828 0.43755 -0.0847391 -0.350294 0.680282 -0.112514 -0.806407 -0.357741 -0.662421 0.35524 -0.34804 0.862437 0.704515 0.0273267 -0.224044 0.656769 -0.19899 0.232032 -0.840615 -0.592683 -0.381557 0.471811 0.617331 -0.479355 -0.150441 0.25644 -0.468726 
80 212 164 139 43 52 132 118 119 172 122 204 202 63 215 248 193 211 101 149 216 65 61 110 177 4 80 205 175 36 83 130 65 115 36 183 63 231 22 116 61 51 8 35 28 76 171 232 17 150 116 18 109 36 238 14 170 173 100 214 16 16 222 252 168 234 255 221 157 41 13 244 100 25 23 242 133 164 29 60 228 230 95 189 111 50 93 103 102 164 80 195 246 6 175 50 63 17 249 104 97 255 93 65 176 40 135 220 164 50 85 12 241 74 154 84 241 5 172 150 173 88 62 30 204 100 147 101 150 41 42 3 50 246 33 108 225 226 140 250 24 173 212 46 243 116 147 160 71 64 133 222 35 242 92 196 77 1 165 22 208 224 43 41 12 96 27 15 173 108 219 154 42 109 165 198 221 174 145 1 13 17 1 113 186 85 121 229 221 183 137 192 241 95 68 8 129 14 175 100 235 105 122 200 120 220 10 153 186 113 111 109 140 230 69 3 85 36 87 94 88 239 90 16 36 100 26 112 34 247 118 114 247 83 241 183 115 244 
0.029384 -0.489029 -0.425174 0.104149 0.478519 -0.234921 0.911945 -0.453636 -0.647929 0.0208828 0.690052 -0.639581 0.543235 -0.754679 0.353647 0.0071055 -0.478893 -0.259614 1.15819 -0.0794714 -0.306324 0.155594 -0.189524 0.462967 0.341374 0.707092 -0.248405 0.299446 -0.355212 -0.574205 -0.374325 0.243326 0.611252 -0.12958 -0.226649 0.78602 0.147357 1.06031 -0.221343 -0.837877 -0.516757 -0.734055 0.657575 -0.281915 0.301983 -0.13703 -0.102678 -0.364696 -0.424257 -0.555085 0.462644 -1.05934 0.0644445 -0.02198 -0.33472 0.393357 -0.210806 0.701066 -0.273237 -0.626615 0.749875 0.568891 -0.00139444 -0.596478 0.575361 0.516654 0.38811 -0.715838 0.217042 0.538436 0.480406 -0.549066 -0.0536965 -0.528711 0.813733 0.387424 -0.127718 0.505216 -0.282763 -0.14492 -0.299554 -0.140374 -0.557869 0.402983 0.492984 0.0131208 0.398872 -0.460148 -0.298016 -0.220644 0.711559 -0.0229199 -0.114599 -0.435479 -0.423046 0.0963391 -0.243576 0.307641 -0.591767 0.600284 -0.620625 -0.428012 0.269417 0.367936 0.19883 0.607804 0.413849 0.349489 0.418441 0.412275 -0.589427 -0.556902 0.477414 0.446953 0.214095 -0.294733 -0.216734 -0.339562 0.150842 0.651569 -0.507617 -0.683632 -0.705042 -0.114005 0.704835 0.294191 0.184981 0.344279 0.418692 -0.537221 -0.344865 -0.401717 -0.436399 -0.0498791 0.352683 0.0529448 0.436213 0.383261 -1.03127 0.17867 0.402435 -0.342821 0.432849 0.580513 -0.0572329 -0.215823 0.514569 -0.441846 -0.759866 0.649227 0.644162 -0.366638 0.443193 -0.616869 0.3944 -0.547285 0.453635 -0.459382 -0.0786596 0.459115 -0.5566 -0.697667 -0.240648 1.14389 0.323536 -0.209797 0.572523 0.36593 0.220017 -0.27595 -0.0671003 -0.786457 -0.129426 -0.566721 0.0895474 -0.569425 0.27901 -0.910277 0.795733 0.442201 0.509498 0.03533 0.296622 0.203397 -0.262184 0.18251 0.321094 -0.20982 -0.475284 0.560772 0.373125 -0.535724 0.344995 -0.303888 -0.613292 -0.0787442 -0.0666569 0.498365 -0.664784 0.0227231 0.151597 -0.819217 0.391673 -0.0520392 -0.485061 0.139731 -0.665994 -0.440795 -0.727777 -0.388636 -0.826039 -0.0862511 0.377315 0.123728 0.836957 0.497977 0.897235 -0.536367 0.0222552 0.555895 0.0543766 -0.119714 0.047966 0.31364 0.185202 -0.308261 0.0138788 -0.0567718 0.208413 0.235217 -0.0496846 0.751257 -0.190635 0.528536 0.230116 -0.254721 -0.671341 0.702652 
185 247 204 216 134 80 207 163 163 181 23 199 219 210 206 103 53 62 160 204 172 189 198 207 177 200 239 1 49 81 223 31 246 191 220 23 104 13 107 172 5 203 88 141 254 9 201 190 97 189 138 241 183 244 219 207 228 184 173 163 79 191 174 229 93 82 123 206 244 47 7 133 118 170 115 84 2 23 142 161 141 210 50 189 217 194 6 70 174 43 222 176 39 12 167 44 31 48 41 28 43 207 79 215 64 141 37 160 228 119 105 228 147 4 160 89 184 175 159 240 115 133 169 151 40 112 230 171 51 161 213 44 212 52 47 55 12 193 30 197 7 53 242 87 193 28 163 97 165 82 169 157 107 198 42 160 169 188 207 143 84 152 141 175 179 71 2 101 180 151 155 249 146 177 191 79 128 27 171 233 5 215 51 177 246 251 72 52 43 122 148 222 25 154 233 184 193 95 70 124 127 113 219 128 46 213 221 185 37 245 178 111 111 168 11 74 109 94 161 7 100 151 109 58 17 18 80 30 167 38 192 243 156 156 60 248 141 45 
0.72522 -0.100914 0.26969 0.751449 0.570888 0.184983 0.00556157 0.748442 0.069239 0.170745 0.247125 -0.705862 0.255416 0.713467 0.367738 0.365028 -0.470801 -0.204174 0.547231 0.501031 -0.0574714 -0.150269 0.292247 0.344471 -0.212045 -0.123008 -0.133282 -0.0715386 0.456134 -0.5952 0.411674 0.793134 -0.405492 0.187018 0.617797 -0.111628 -0.333373 -0.278486 -0.299297 0.329544 -0.0988013 -0.238301 -0.763912 0.24229 0.522261 -0.499245 0.184951 -0.650367 0.215968 0.465028 0.59931 -0.176768 -1.17989 -0.7887 -0.0535788 0.696543 0.0185801 0.734583 -0.612529 0.0396369 -0.072914 0.18015 -0.209931 0.0150384 0.0741859 0.442178 -0.455271 0.0144361 0.0306301 0.0284357 -0.362344 -0.394934 -0.314422 -0.44991 0.271387 -0.203297 0.554864 0.151449 -0.930454 0.113849 0.337694 0.0100698 0.873099 -0.272884 0.901261 -0.44857 0.218602 -0.345206 0.510537 0.42221 0.714317 -0.504032 0.0482715 -0.814319 0.28278 0.53996 0.943355 0.399754 -0.189513 0.277306 0.0392357 -0.459692 0.338707 0.664437 -0.368603 0.108186 -0.649189 -0.973654 0.248484 -0.376221 -0.433559 0.0264403 0.0302556 0.562159 0.420399 0.181761 0.188768 -0.735294 -0.344708 0.203581 0.764492 -0.117301 0.244536 -0.508323 -0.333886 0.568648 0.263215 -0.686722 0.17394 -0.141171 0.365465 -0.666854 0.380865 0.383571 -0.691514 0.098295 -0.154432 0.268853 -0.0780941 0.141599 0.687513 0.581381 -0.502218 -0.370203 -0.083314 -0.674055 -0.393643 -0.404136 -0.128681 0.108969 -0.581279 0.434377 -0.409375 0.567237 0.0247019 0.0930716 0.291429 -0.310173 -0.0769306 0.108199 -0.155473 -0.616448 0.481252 0.447697 -0.260391 0.512596 -0.840536 -0.122669 -0.644379 -0.23319 0.803321 0.0365776 -0.251097 0.370265 -0.307266 0.578528 -0.912267 0.996611 0.449118 -0.746305 -0.374056 0.119993 0.22842 0.659988 0.401243 0.913553 0.0856154 0.667911 -0.658852 -0.099747 0.484098 0.41161 0.452505 -0.144194 -0.453151 -0.206875 0.816078 0.758472 -0.679179 0.798579 0.181961 -0.782414 -0.675054 0.122671 -0.155007 -0.65837 0.832859 0.352521 0.539731 0.319299 0.123845 -0.122849 -0.0697219 0.596835 0.264138 0.479357 -0.0718152 -0.115047 -0.623551 -0.787892 -0.38313 -0.308186 -0.442597 -0.242844 -0.116985 -0.188329 0.0641007 -0.64661 0.0593432 0.568391 -0.569583 -0.368953 0.461112 -0.69376 -0.509942 -0.719721 0.224568 -0.168653 
215 179 52 241 93 125 109 92 251 49 229 11 112 251 236 70 64 80 29 48 197 155 156 135 46 69 92 137 47 237 81 142 181 12 143 69 200 116 135 241 192 218 44 15 190 74 148 63 180 125 34 190 202 147 92 138 179 31 2 25 89 110 174 93 111 95 247 135 217 92 206 176 21 226 149 32 65 30 159 249 134 32 204 206 13 45 252 127 144 66 217 114 21 149 12 169 23 173 112 215 209 38 150 166 193 202 46 255 138 199 211 145 21 68 48 79 75 229 226 4 173 68 106 244 45 225 80 61 8 83 198 119 137 98 131 217 176 21 109 25 134 171 49 225 230 173 217 201 254 29 37 81 195 17 209 220 119 187 85 58 158 52 226 46 108 27 1 129 195 245 126 253 150 110 49 44 28 226 129 24 44 31 121 61 226 136 93 66 197 118 75 194 147 203 58 25 37 133 9 148 93 246 181 65 212 62 176 66 19 234 171 159 173 208 24 249 72 91 65 163 109 216 134 160 168 41 225 205 58 83 16 23 165 32 160 238 215 54 
0.127138 0.252513 0.00273245 -0.645145 0.390479 -0.441779 -0.0701131 0.388415 0.481892 -0.0798036 -0.7007 -0.0952438 0.00277988 0.146744 -0.730101 0.284255 -0.817998 -0.906303 0.582613 -0.836547 0.170382 0.544018 -0.665685 -0.830267 0.332051 -0.430902 -0.0796681 -0.461855 0.236537 0.0359023 0.0857472 0.440616 0.761039 -0.563944 0.593797 0.0386211 0.17775 -0.0217911 -0.0517123 -0.0392498 1.0106 -0.779475 -0.0342747 0.366267 0.823203 0.611475 0.587561 -0.411291 0.782338 -0.41234 -0.298194 0.122807 -0.256381 -0.013182 0.538723 -0.365277 -0.263811 -0.459582 0.604808 0.295918 0.239372 -0.488767 -0.314726 0.098103 0.160705 0.407494 -0.384132 0.492425 0.449851 0.243751 0.51847 0.00600073 0.778869 -0.450894 -0.842106 -0.105133 0.543686 0.467247 -0.533133 0.0433628 0.450332 0.219166 0.61224 -0.147667 -0.746769 0.84544 0.609973 0.412939 0.199896 0.590182 -0.658632 0.848726 -0.685606 -0.0454658 0.210665 -0.653382 -0.603591 -0.685112 -0.24644 -0.347803 0.46825 0.32181 0.526204 -0.803543 0.235351 0.280755 -0.559815 0.295303 0.316443 0.0867775 0.738795 0.0752259 -0.96215 -0.289824 0.4703 0.576298 -0.492249 -0.119108 0.611388 0.36545 -0.139306 0.53613 0.82368 0.108125 -0.108024 -0.563193 0.316621 -0.815066 -0.443693 -0.126414 0.22842 -0.139671 0.109536 -0.549392 0.0358276 0.0391252 -0.50888 -0.348589 -0.212915 -1.06922 0.424725 -0.413454 0.450084 -0.655204 0.285829 -0.473058 -0.0869971 0.349943 -0.0100597 -0.361689 -0.367607 -0.492395 -0.0976932 0.389125 -0.313169 -0.254677 0.437159 0.0642395 -0.310203 -0.269313 0.294193 -0.179434 -0.220595 -0.0691134 -0.806788 -0.372169 0.237824 0.386082 0.246274 0.385724 -0.130552 0.638072 0.510679 -0.0299289 -0.404072 0.254367 -0.842395 0.108747 0.102283 0.471856 0.361884 -0.498853 -0.482475 -0.067388 0.770804 0.278944 -0.0734981 -0.351673 -0.661134 -0.72595 0.00797922 -0.040272 -0.289919 0.518565 0.500525 0.0847952 -0.474799 1.02281 -0.366458 -0.0347203 0.55655 -0.329936 0.959406 0.0565803 -0.109353 0.293771 0.250143 -0.24925 -0.593917 0.0615346 0.416832 0.337279 0.931052 -0.523803 0.349921 0.0807144 0.385343 -0.254364 -0.283675 0.825533 -0.00188215 -0.647375 -0.763248 0.157876 0.491325 0.051445 0.0785669 0.49344 -0.925333 0.581457 -0.439564 -0.558209 0.397392 -0.602378 0.615661 0.858059 -0.00300121 -0.178591 
146 199 178 24 36 65 38 200 72 27 99 184 143 85 66 24 6 63 58 120 23 33 142 48 17 205 143 63 185 147 175 247 146 192 33 13 21 220 222 59 177 239 223 165 103 108 232 129 135 190 27 157 39 54 206 145 23 209 116 112 177 179 246 103 149 176 105 26 243 148 213 197 15 190 175 95 157 88 197 98 220 93 14 87 246 220 198 172 174 235 133 168 4 213 81 38 92 134 141 183 231 66 5 152 2 245 174 25 11 250 36 108 21 94 229 223 186 129 91 147 138 249 143 117 252 121 241 18 172 65 94 26 17 123 89 161 216 18 28 224 68 97 238 184 56 200 131 69 124 35 109 172 14 232 121 36 217 71 209 161 33 89 255 54 227 214 239 23 255 70 209 135 219 41 40 152 180 80 243 191 115 149 213 121 202 255 254 90 180 86 208 47 84 215 124 44 87 73 193 186 101 45 12 104 58 147 204 186 41 119 149 173 182 152 157 7 190 197 133 116 192 172 97 195 4 237 193 25 43 172 85 211 43 178 152 113 216 158 
-0.291138 0.441857 -0.482407 -0.0325626 -0.0637695 -0.34665 -0.793445 0.610392 -0.167521 0.845636 0.192078 0.345235 -0.32185 -0.187733 0.186294 0.517955 -0.50582 0.792518 -0.101641 -0.40881 1.04833 0.375857 -0.35561 0.377367 -0.396843 0.194924 -0.0214693 0.229021 -0.0076804 -0.18701 -0.726548 -0.173996 -0.444479 -0.285248 0.651514 -0.0122531 -0.599527 -0.0290547 -0.527686 -1.0064 -0.185175 -0.77259 -0.375391 -0.249274 -0.140766 0.0771925 0.579224 -0.775246 -0.12171 0.847597 0.596143 -0.274608 -0.258238 0.268631 -0.163087 -0.154894 -0.673348 -0.0492613 -0.605607 0.254623 -0.451518 -0.182785 1.06921 0.635353 -0.0916732 -0.375213 -0.413146 0.189364 -0.128554 -0.465776 0.498169 -0.40681 0.440676 0.262448 -0.61432 0.0416521 -0.259768 0.278623 -0.337714 -0.51489 0.283647 0.554338 -0.325497 -0.468688 -0.358611 0.167445 0.257749 -0.324763 -0.0987776 -0.0949152 -0.394166 0.174524 0.229907 0.307161 -0.356058 0.483095 0.290846 0.561634 0.667356 0.0115773 -0.216453 -1.02644 -0.479185 0.334172 -0.00228167 -0.139167 0.882685 -0.440358 0.817202 -0.409949 0.616298 -0.350527 -0.327364 0.209326 -0.0571422 -0.0835643 0.119745 -0.321936 0.333624 -0.397711 -0.408646 -0.177777 -0.519531 0.14902 0.722662 0.193805 -0.141054 -0.603878 -0.040792 0.564605 0.301751 -0.303972 -0.389912 -0.170284 -0.339514 -0.81194 0.370831 0.857217 0.184839 0.0219343 0.357585 -0.0022755 -0.271453 -0.865776 -0.358207 0.34288 -0.802937 0.622238 0.261114 0.780028 -0.428266 -0.715485 0.0335288 -0.499882 -0.0163055 0.344136 0.208155 0.240241 0.348136 -0.661161 0.798553 0.734748 -0.0130445 -0.521895 -0.259325 -0.32126 -0.312472 -0.223225 0.140853 -0.0643902 -0.46333 0.189254 -0.335357 0.440683 -0.0834116 -0.172659 -0.232802 0.0550043 0.55269 0.241985 -0.617174 -0.840605 0.155345 0.569279 -0.722753 -0.366897 -0.681962 -0.43743 0.577741 0.051619 -0.0175079 -0.454917 0.144022 0.0753977 -0.560874 -0.540788 0.365283 -0.493941 -0.422797 -0.238076 0.59629 -0.493041 0.142545 0.40694 -0.449177 -0.151116 0.167866 0.710921 -0.56604 0.176868 -0.171517 0.292844 -0.638548 -0.168559 -0.265004 0.554557 0.135104 0.332497 0.556359 0.891096 0.26103 0.0453522 -0.144736 -0.880579 0.05938 -0.201373 -0.285313 0.073428 0.483793 0.504108 -0.0854475 0.779001 0.238056 0.437195 -0.0603512 -0.452285 0.0966455 -0.676583 
216 8 65 23 205 252 156 7 40 62 249 79 242 67 249 107 13 228 130 49 163 144 148 130 126 123 74 60 94 156 14 95 151 107 194 66 115 120 39 64 203 204 83 206 72 165 219 151 253 248 26 111 143 154 148 86 50 178 237 110 154 212 160 229 99 44 65 215 17 56 206 119 161 30 206 250 50 127 87 58 184 174 237 180 93 14 51 60 213 169 150 139 22 98 39 222 17 34 131 175 166 203 36 146 99 28 208 193 214 187 136 202 54 134 6 88 104 130 234 174 135 130 12 148 59 217 130 242 177 57 40 61 45 15 33 144 34 172 208 16 218 108 87 13 75 59 136 79 105 68 65 254 235 222 182 184 70 117 119 17 106 131 149 149 162 168 14 197 165 185 138 224 255 72 173 250 107 5 229 254 97 57 254 127 66 140 242 62 230 129 63 187 168 84 41 102 28 74 49 7 35 44 212 34 192 12 26 82 138 8 94 63 92 85 80 84 88 0 42 181 194 49 15 22 63 239 95 113 129 246 115 37 80 13 33 199 82 170 
-0.161488 -0.492292 -0.599121 0.577304 0.275341 -0.966171 0.477783 0.194741 0.0107035 -0.383538 0.0316362 -0.0942607 -0.45084 -0.501848 -0.777242 -0.785498 0.479283 -0.452525 -0.125262 -0.360575 -0.317417 -0.73125 0.11472 -0.0392908 0.114851 0.364811 -0.209618 -0.50963 0.211562 -0.643482 -0.320505 -0.228643 0.356511 -0.271091 0.766173 0.270607 -0.254926 0.277119 -0.0626555 0.767078 -0.145934 -0.568428 -0.0383326 -0.0770142 0.652871 0.789277 0.156089 0.84867 -0.262305 -0.338753 0.605117 0.337798 0.383665 -0.082852 0.0827208 -0.185526 0.174468 0.847559 0.0229769 0.309034 -0.837222 -0.620574 -0.921306 -0.351249 -0.439072 -0.367874 -0.469583 0.129809 -3.64284e-006 0.193036 -0.444786 -0.323124 -0.492909 0.514829 0.031549 0.046198 0.312972 0.591854 -0.467615 -0.00706304 0.127416 -0.135389 -0.566053 0.584146 0.869283 -0.279955 0.491001 0.201117 0.817257 0.46046 0.945622 0.210698 -0.313102 -0.439747 0.713249 -0.0889201 -0.157974 0.465069 -0.434445 0.0633722 0.134935 0.393569 1.06459 0.353391 0.379198 0.431354 -0.227037 -0.161474 -0.468556 -0.151854 0.801398 -0.6232 0.379679 -0.410196 -0.250127 0.941332 0.467329 0.217965 0.347142 0.787815 0.486472 0.302585 -0.634876 0.312541 -0.335722 0.64181 0.946371 -0.136594 0.20299 -0.118012 0.435648 0.324423 -0.718976 -0.510858 -0.524216 -0.286037 -0.140199 -0.373497 -0.227814 0.149988 -0.0120943 -0.166684 -0.0682215 0.457281 -0.350082 0.631905 -0.465682 0.0411057 -0.679101 -0.458876 -0.625294 0.301367 0.843254 0.125043 -0.114046 -0.104626 0.488781 -0.262627 -0.681915 -0.210231 0.00962364 0.453977 -0.403465 0.00508672 -0.0733073 0.287977 -0.71047 0.491768 -0.575511 -0.0336998 -0.163933 0.240725 0.227908 0.142064 -0.587201 0.354254 -0.330666 -0.46145 0.299258 -0.301162 0.678186 -0.942861 -0.501612 0.0683548 0.137184 0.512953 -0.794223 -0.608244 -0.179167 -0.350349 -0.284071 0.167905 -0.14467 0.0466128 -0.447572 0.290286 0.105514 0.438716 0.000782064 -0.734432 -0.00690314 0.463503 -0.60886 0.164351 1.10993 0.427627 -0.0121465 -0.139566 -0.0903686 0.0286501 -0.525298 0.554074 -1.08092 -0.375117 1.34036 0.374056 -0.377168 -0.636804 0.178591 -0.00442928 0.100783 0.38318 -0.576319 -0.537729 -0.152742 0.553298 0.314394 0.358089 0.370408 -0.77583 -0.277619 -0.553036 -0.177344 -0.737687 0.341185 0.692093 0.369024 -0.229078 
1 133 233 163 92 112 173 94 4 198 90 53 235 177 13 191 129 39 236 11 254 30 125 90 229 191 191 72 116 178 2 97 211 94 69 206 188 127 139 254 153 89 48 156 177 122 99 139 46 204 204 64 109 71 209 221 171 196 91 121 144 207 222 134 15 160 179 65 133 199 160 57 107 177 113 96 83 123 172 160 33 51 27 235 62 142 180 114 125 243 167 252 13 235 125 239 29 216 150 68 64 68 67 137 162 144 129 191 104 72 226 143 85 186 97 200 189 50 244 199 101 46 214 85 47 80 89 85 142 141 244 84 208 1 76 247 237 193 216 185 117 92 181 128 112 232 67 138 129 64 84 4 49 39 166 0 180 76 1 191 164 242 93 227 181 229 142 62 24 246 37 137 33 51 173 196 53 80 216 55 182 95 214 94 40 221 19 17 48 103 181 161 235 4 89 188 170 29 37 59 143 16 246 98 242 243 7 168 38 199 60 250 173 37 193 211 90 174 35 56 193 58 52 244 25 24 153 99 232 142 166 222 151 252 237 41 138 211 
-0.191984 -0.342229 0.0166753 -0.299752 -0.480411 -0.223755 -0.606073 -0.537017 0.0595766 -0.393396 0.592556 -0.295433 -0.479805 -0.593136 -0.281071 0.780579 0.195051 -0.573863 -0.23631 0.202523 -0.171083 0.907532 0.392622 0.677798 0.547086 -0.20619 -0.142239 -0.0872702 -0.620312 0.782329 -0.84174 0.00327705 -0.321334 -0.00859003 0.404247 0.431462 0.334314 -0.625538 0.40326 -0.771846 -0.702776 0.116744 -0.253625 -0.0207571 0.817771 0.882649 -0.0010163 0.0285785 0.211907 -0.554072 0.523166 0.415781 -0.930195 0.332543 -0.142204 0.685801 -0.167207 0.220755 0.663383 0.46266 0.305205 -0.709242 0.0506281 0.0891336 0.376496 -0.202037 1.09705 -0.784378 -0.114261 -0.318785 -0.226207 -0.0208676 -0.0749027 0.182954 0.662562 -0.387829 -0.220669 -0.534717 0.0198109 0.230318 -0.593533 0.180862 -0.425751 -0.0241438 0.466934 -0.132543 0.765928 0.234387 0.231223 -0.600574 0.288852 0.0555694 0.837638 -0.0302213 -0.580638 -0.928964 0.802122 0.411276 -0.0766117 0.139121 -0.398256 -0.365283 0.047392 -0.139002 0.532767 -0.342931 -0.504029 0.090557 0.678642 0.295643 -0.400114 -0.109091 -0.276172 -0.42268 1.14559 0.624243 -0.062246 -0.564344 -0.778632 -0.721893 0.0526597 0.440029 0.195654 0.450623 0.661655 0.011702 -0.480367 -0.102769 0.35533 0.010585 -0.378657 -0.278577 -0.568013 -0.0718716 0.0428915 0.350111 -0.131196 0.324438 0.0837505 -0.454143 -0.53537 0.336121 0.202346 -0.150169 0.497463 -0.173517 0.525299 -0.0200888 -0.00695567 -0.196334 -0.0919894 -0.0758937 0.44916 0.364457 -0.37462 0.563289 -0.463777 -0.231132 -0.626206 -0.303693 -0.649584 0.474931 1.10502 0.251865 0.136132 0.495232 0.440781 0.274202 -0.339258 0.0321407 0.447541 0.189347 1.35344 -0.527137 0.169843 -0.3649 0.265097 -0.507699 0.269337 -0.0246235 0.512038 1.01537 0.286244 0.0213552 -0.411588 0.267814 -0.230047 0.203679 -0.659253 -0.0766163 0.270341 0.0126504 0.268444 0.156683 0.61481 -0.35401 -0.274944 0.298528 0.0988198 0.658897 0.288969 0.575769 0.524002 -0.0483118 0.490129 0.233248 -0.255215 0.657241 0.709059 0.384221 0.313527 0.642187 0.648915 0.566707 -0.088784 0.0447348 -0.061854 -0.0554242 -0.665755 0.151794 -0.270902 0.032345 0.608821 -0.100478 -0.422142 -0.315908 0.331683 -0.831042 0.730529 -0.0635702 0.286873 -0.733882 -0.18638 0.715637 -0.0732143 -0.769639 0.148879 -0.504602 
236 150 127 235 74 11 195 103 32 231 157 38 134 86 66 156 70 145 26 176 101 126 213 117 90 165 107 212 138 216 211 77 77 120 232 119 249 35 112 163 171 69 138 156 19 255 56 242 80 191 72 97 212 239 100 94 167 75 86 195 103 127 216 78 90 35 179 13 193 6 184 25 119 115 217 110 144 84 68 208 223 237 59 162 96 123 86 31 112 27 28 142 149 234 55 240 197 118 87 194 203 156 228 24 132 233 4 54 24 136 178 147 212 177 98 28 124 207 12 79 12 84 108 6 208 43 187 188 130 241 33 169 153 188 139 107 248 207 184 16 166 32 160 81 213 98 255 6 89 151 254 193 168 6 194 33 159 55 19 31 74 177 23 33 203 45 205 189 212 50 101 53 13 7 248 215 98 130 51 225 24 7 27 196 177 83 176 124 46 253 207 38 99 148 212 31 140 92 63 83 177 5 241 80 32 116 22 239 134 215 217 206 134 37 155 178 173 218 71 132 0 1 239 65 79 78 41 47 100 205 42 25 190 206 90 215 220 10 
-0.687748 -0.48151 0.459495 -0.225486 -0.650425 0.687708 0.5792 0.373587 -0.372514 0.461839 0.34757 -0.551958 0.800986 0.334324 -0.432189 0.836905 0.229129 0.469119 0.205967 0.496973 0.303801 0.00295199 0.0845017 -0.411318 0.194142 0.522323 -0.413115 0.500143 -0.765273 0.236892 0.696416 0.144824 -0.0227416 0.532569 -0.681193 0.676583 -0.203271 -0.267489 0.391838 -0.0911376 0.667379 -0.15828 -0.357331 0.305311 -0.231128 -0.265824 -0.682205 -0.727338 -0.0794888 0.317546 -0.591581 -0.118171 -0.249547 -0.785635 0.299583 0.329266 0.05453 0.901493 0.577371 -0.045003 -0.533464 -0.0638557 0.337311 -0.253031 -0.244273 -0.55771 -0.648962 -0.158536 -0.31854 0.285276 -0.219121 -0.157989 0.843002 -0.371581 0.44634 -0.224738 -0.343314 0.171611 0.361902 0.257962 0.187062 -0.452374 -0.28107 -0.231538 0.320932 -0.237535 -0.46491 0.243451 0.0877594 -0.127291 0.351353 -0.445339 0.00125243 0.434891 -0.16446 -0.417678 -0.577599 0.302552 0.612013 -0.84259 -0.421756 0.131359 -0.0496416 0.0706962 -0.0333851 0.438083 0.290375 -0.0138212 -0.168255 -0.383719 0.137637 -0.170957 -0.128841 0.222312 0.0674669 -0.38317 -0.179551 -0.251018 0.0359679 -0.422373 -0.336068 -0.00834564 0.462845 0.638822 0.339839 -0.519938 -0.407266 0.464265 -0.603143 0.256367 0.330426 -0.131626 -0.762413 0.217906 0.150768 0.176452 0.191022 -0.962047 -0.695294 -0.173325 0.311487 -0.43278 -0.217283 0.366586 -0.714979 0.371057 -0.253033 -0.237286 0.540523 -0.356946 -0.109657 -0.275107 -0.599098 -0.191939 -0.45988 -0.436331 0.714916 0.174912 -0.332345 0.769091 0.728071 -0.889714 0.0258725 -0.286338 -0.991427 0.20384 0.398065 -0.297531 0.411649 -0.0256609 0.357564 0.481256 0.224348 0.32039 -0.194187 -0.547859 0.782897 -0.665633 0.437616 -0.285774 0.487384 -0.797368 0.514316 0.88996 0.596754 -0.699412 0.318155 -0.280858 0.517536 0.220381 0.0310602 -0.420052 -0.27301 0.347103 0.330461 0.474842 -0.0581695 -0.575498 -0.0879047 0.16701 -0.113026 -0.674538 0.632806 -0.17832 0.0854687 0.808007 0.142809 0.00535107 0.00659627 -0.439821 -0.0619368 0.344997 -0.707784 0.437722 1.02402 -0.192003 -0.654402 -0.199389 0.216146 0.0782292 0.508817 0.266478 -0.00726809 0.652874 0.0974122 0.559636 -0.064715 0.254663 -0.466174 -0.79058 -0.322915 0.00754702 -0.836835 -0.467786 -0.959482 0.648317 0.240583 -0.0695773 
175 169 182 65 147 120 215 238 224 160 237 122 205 26 7 95 77 136 203 83 208 59 20 225 105 50 145 5 167 81 115 243 61 172 187 53 250 84 251 134 188 202 111 240 170 48 148 202 199 135 112 17 86 69 11 146 211 158 176 56 241 37 112 17 100 70 6 247 204 60 127 182 75 163 6 158 139 70 122 216 59 161 171 53 93 253 37 55 5 88 148 142 236 254 249 236 155 10 136 149 99 23 103 56 169 26 105 127 73 98 212 3 225 252 106 109 198 151 17 246 194 0 16 14 215 27 100 72 150 76 0 65 196 100 143 168 84 193 55 69 91 201 87 175 115 5 77 97 205 51 67 212 221 112 193 131 158 40 243 64 68 25 96 26 84 206 45 216 4 227 226 205 52 234 123 90 36 18 23 165 109 27 151 155 180 235 143 208 111 230 65 54 22 183 120 52 157 110 86 102 200 218 169 159 54 91 151 118 34 154 246 182 250 249 111 71 198 57 129 122 159 108 97 255 230 94 116 11 54 25 111 197 139 224 100 165 72 96 
-0.0419354 0.416047 0.894161 0.641734 -0.192451 0.0534619 -0.467335 -0.184865 0.444708 0.0746175 -0.568721 0.587561 -0.253913 0.174709 -0.257833 0.526685 -0.609835 0.385117 0.181928 0.0620319 0.45218 0.439173 -0.23449 0.108997 0.561253 -0.211735 -0.272698 0.121467 -0.702139 -0.361286 0.553189 -0.448834 0.266475 0.430768 -0.618767 -0.0582383 -0.123193 0.0148856 -0.579936 0.0503708 -0.83576 0.0989893 -0.277094 0.108794 0.379247 -0.361541 0.325823 0.454642 0.233286 0.388275 0.254016 -0.672528 0.563166 -0.523804 0.501382 0.248957 -0.369717 0.144011 0.711039 0.386194 -0.801543 0.211352 0.0491091 0.38441 -0.145489 -0.622208 0.287334 -0.676871 -0.464684 0.991078 0.348866 0.164785 -0.417159 -0.859631 -0.245041 -0.572276 -0.582524 0.343629 -0.272453 0.485012 0.441382 -0.245818 0.591732 0.556947 -0.7233 0.371313 0.405326 -0.0358868 -0.81378 0.211862 -0.723263 0.0242738 0.548554 0.316456 0.212237 -0.287141 0.137623 -0.553889 0.494338 -0.0404642 -0.174045 -0.351767 0.321966 0.345476 -0.464226 -0.0953918 -0.0427385 0.643034 0.234744 -0.0706219 -0.0921722 -0.196013 0.809203 0.851142 0.592867 -0.346585 -0.558004 -0.160499 -0.520939 -0.755443 0.392423 0.475474 0.362223 0.653569 0.267627 -0.76557 0.137238 -0.781396 0.196155 -0.393489 0.552121 0.398561 -0.411756 -0.297774 0.00458069 -0.600459 -0.401688 0.101828 -0.241266 -0.0942926 -0.044703 -0.456516 -0.302244 0.197371 0.131063 0.088677 -0.379136 0.99143 -0.260561 -0.346926 0.413255 0.250814 0.508537 0.200462 -0.103789 -0.497343 0.369722 -0.677242 0.719655 -1.0197 0.250067 -0.410034 -0.00512313 -0.619613 0.664972 -0.670005 0.527121 0.266085 0.511429 0.420986 -0.38027 0.372519 0.744768 0.285112 -0.488839 0.00397059 0.0653063 -0.189324 0.13303 0.0210839 0.344501 0.126164 0.0975539 -0.594748 0.72421 0.458419 -0.336211 -0.507514 -0.403037 0.304466 0.414902 0.0206432 -0.0618864 -0.450748 -0.144016 0.135699 -0.303851 0.491076 0.143684 -0.631593 -0.264348 0.296276 -0.815028 -0.123603 0.519451 -0.0372602 -0.546409 -0.889989 0.0326819 -0.195408 -0.163797 -0.412308 0.473662 -0.233693 0.123116 1.11974 0.119579 -0.267666 -0.00724301 -0.611548 -0.474797 -0.537872 -0.583825 -0.330741 0.350816 0.833914 0.533978 -0.204177 -0.715688 0.27428 -0.2556 0.711671 0.647874 -0.245282 -0.137411 -0.745993 0.505615 -0.803085 
71 15 217 79 10 143 221 9 207 254 226 10 31 0 241 123 225 163 72 17 159 235 226 196 171 111 33 122 58 127 165 45 109 216 75 111 81 194 141 254 18 44 217 156 2 96 28 231 150 176 208 190 35 213 156 120 210 234 163 193 234 246 23 221 180 164 45 32 137 50 167 44 112 213 140 116 4 227 59 46 121 222 197 171 111 152 234 217 161 176 84 192 169 43 83 18 172 162 232 206 190 218 226 30 171 159 95 209 43 44 53 192 48 104 13 248 122 59 49 103 168 168 198 54 152 200 238 149 195 83 152 76 219 85 162 223 2 58 118 141 51 160 245 43 65 236 101 79 169 91 69 217 94 90 222 225 80 123 122 176 139 20 55 162 129 217 242 125 137 23 126 18 159 201 113 71 15 51 231 31 205 68 160 54 90 255 254 111 155 73 44 59 241 193 232 159 243 76 31 189 17 234 162 206 236 64 12 68 9 231 46 108 68 174 130 127 151 87 203 166 234 6 59 202 46 162 104 231 62 255 129 16 209 183 15 207 39 228 
0.699144 0.500652 0.135248 -0.182988 -0.149332 0.00447338 0.478995 -0.2495 0.038941 0.0955133 -0.0644236 0.701308 -0.219581 -0.0936681 -0.224672 -0.232693 -0.0806307 0.0513309 -0.108986 0.506635 0.204705 -1.1849 0.231675 0.268462 0.560127 0.688142 0.881563 0.194785 -0.0985597 -0.737096 0.144351 -0.104457 -0.242321 0.610366 -0.788837 0.0199859 -0.68974 -0.751855 -0.112217 -0.289987 0.426843 0.410554 0.125139 0.108622 -0.572 0.165097 -0.250789 0.549833 -0.046667 -0.695482 0.0279633 0.288026 0.146411 0.0132316 0.656987 0.725234 0.506119 -0.2771 -0.0496732 0.491008 -0.898174 -0.183771 -0.232451 -0.251442 0.490686 0.569234 0.220811 0.525383 -0.239551 -0.802391 0.98621 0.183905 -0.415057 0.00882586 0.716654 0.305874 0.19829 -0.0509662 0.696896 0.217594 -0.0529242 0.402636 -0.806615 -0.724446 0.0110285 0.677648 0.16993 0.758454 0.246793 0.740067 -0.20467 0.0500567 -0.319095 -0.230292 0.0409073 -0.327218 0.650291 0.40377 0.248717 0.767847 0.966262 -0.633442 -0.264427 -0.482124 -0.267215 -0.942272 -0.462917 -0.242774 -0.363614 -0.584711 -0.345781 -0.608621 0.606685 -0.0888108 -0.0439813 -0.86268 0.379287 0.227948 0.203439 -0.143834 0.0162754 0.513763 -0.212835 0.658995 -0.0193479 0.72621 0.187205 -0.108456 0.14939 -0.319497 -0.249476 -0.39995 -0.491988 0.124904 0.171986 0.43292 0.420093 0.58565 -0.261265 -0.111009 -0.277895 0.417987 -0.409456 0.134838 -0.099191 -0.857481 -0.592514 -0.379125 -0.901723 -0.0168415 0.492961 -0.419909 0.879807 -0.381707 -0.510749 -0.565764 0.225843 0.268939 0.0728397 -0.576933 0.315414 0.26525 0.352553 0.063454 0.692043 -0.849189 -0.514055 -0.148077 0.0296883 -0.189391 -0.247944 0.878812 -0.27209 0.357125 0.027856 0.0567488 -0.442509 -0.11341 -0.0869949 -0.535099 -0.540939 0.465627 -0.0688827 0.88503 -0.237359 -0.21267 0.249628 -0.45316 -0.682936 0.0185539 0.476926 0.40042 0.481515 -0.033013 -0.259453 0.94591 -0.4753 0.845281 -0.364556 0.611881 0.123918 0.791263 0.364113 0.270381 -0.654494 0.470106 -0.135147 -0.282562 0.606085 0.208587 -0.280794 -0.318424 -0.714248 0.394163 -0.707425 0.124407 -0.529351 0.139391 -0.334092 0.465025 0.627017 0.363987 0.115055 0.380185 0.0165174 0.541919 -0.228572 0.0826695 -0.0660284 0.0438874 -0.196653 -0.0184716 0.47346 0.498466 0.619544 0.161124 0.693947 0.601541 
20 105 254 178 66 32 112 10 111 57 131 194 3 138 157 60 29 40 199 204 172 15 15 215 32 54 172 207 59 56 104 192 48 67 37 72 227 81 159 60 130 251 103 164 118 185 109 15 254 128 67 206 166 7 244 218 177 172 175 157 156 21 46 84 47 191 180 81 14 161 131 36 144 106 141 185 153 158 160 62 61 18 244 17 112 65 195 181 73 108 244 22 110 78 142 185 75 127 200 180 36 171 156 242 35 117 132 246 76 15 185 211 186 214 77 240 230 220 60 116 132 229 95 241 32 238 176 215 17 224 212 171 235 189 16 106 43 108 37 83 66 48 118 95 192 95 19 78 188 140 115 163 126 181 48 72 218 234 48 173 90 159 29 150 96 32 169 150 166 107 109 185 204 251 222 236 92 116 194 245 167 3 188 62 174 196 176 123 218 64 66 244 210 218 182 109 198 156 209 37 192 206 2 20 168 42 55 113 71 201 101 80 34 107 86 240 107 63 32 11 117 190 158 95 0 136 212 235 58 79 232 98 206 124 80 73 135 56 
-0.28941 -0.777003 0.347359 -0.517864 0.303894 -0.201451 0.133799 -0.427587 0.391094 -0.0330234 -0.328981 0.298474 -0.0427482 0.328299 0.751561 -0.292664 0.173369 0.489886 -0.225711 0.554077 0.314139 -0.254343 0.162459 0.538106 -0.132029 0.471328 -0.843225 -0.621536 0.342213 0.0996413 -0.512218 0.245949 -0.490678 0.365899 -0.241488 0.0465137 -0.515267 -0.66234 0.203245 -0.330946 -0.486483 -0.407867 -0.812965 -0.460848 -0.352538 0.49831 -0.266398 -0.0236897 0.0681277 -0.205236 -0.475921 0.025263 0.399621 -0.0521942 0.4453 -0.141884 -0.265392 0.230233 -0.601758 0.917772 -0.39139 0.0104574 -0.629172 -0.251951 0.162072 0.69349 0.823065 0.598192 -0.645655 0.717505 0.44732 -0.214277 0.287874 -0.00156323 -0.123227 0.632863 0.128254 0.467791 -0.357446 -0.239275 0.0400147 0.701936 -0.0633759 -0.72661 -0.772412 -0.0653939 -0.363129 0.471104 -0.516856 0.465365 -0.291149 0.20819 0.152485 -0.290391 0.599252 -0.0161227 0.656447 0.907058 0.222564 -0.324812 0.177487 0.209932 -0.500135 -0.684411 -0.815415 0.253257 -0.352591 -0.0316567 -0.220628 -0.564835 -0.142644 0.532464 0.441406 -0.537486 0.458822 0.238883 0.497967 -0.503194 -0.193623 -0.349491 0.0315138 -0.606857 -0.516516 0.763666 -0.28722 0.349118 -0.161569 -0.429332 -0.222271 0.110521 -0.142023 0.186111 0.142474 -0.396385 -0.0886019 -0.503108 -0.371554 -0.699498 -0.30216 0.496973 -0.022036 0.174298 -0.192089 -0.594815 -0.0464292 0.915308 0.433605 -0.420197 -0.376626 -0.550076 0.712305 0.0526149 -0.418791 -0.503192 0.460749 0.372183 -0.0547483 -0.845789 0.452895 0.272572 -0.107475 -0.119271 0.666175 0.285212 -0.50348 0.205823 -0.937681 0.216157 -0.15587 0.846033 0.382623 0.173886 -0.714169 -0.4293 -0.294111 -0.0328628 0.211829 0.82656 -0.0347538 0.594348 -0.48797 -0.0166166 -0.541983 -0.754339 0.297218 1.15464 0.543178 -1.1158 0.0228965 -0.452959 0.564513 0.681546 -0.558627 -0.75827 -0.452463 -0.862862 -0.501411 0.428626 -0.683721 -0.578262 -0.274145 0.335061 0.300531 -0.380069 0.274926 0.481289 -0.241359 -0.415477 -0.51677 0.0184948 0.162063 0.281484 -0.0790225 0.36323 0.0238111 0.888936 0.394327 0.447198 0.264951 -0.150311 -0.0260447 0.223569 0.419961 0.748381 0.589831 0.327929 -0.403325 0.154414 0.584883 0.715203 -0.84911 -0.0969572 0.210374 -0.120271 -0.420829 0.355956 -0.00175643 -0.0783468 
164 3 236 99 170 51 92 175 202 157 124 37 42 237 228 198 135 159 218 97 24 80 235 102 23 6 76 71 246 180 33 186 82 232 79 160 188 198 6 19 218 60 79 59 254 51 72 216 84 22 61 181 222 112 52 51 223 108 211 40 222 57 251 125 70 201 137 95 99 33 93 62 58 118 240 125 120 125 174 64 179 16 244 200 194 161 132 17 179 192 115 64 43 78 224 141 126 252 178 95 83 74 28 1 166 250 225 144 3 109 98 77 218 137 124 131 141 162 51 192 235 182 165 237 239 155 244 253 18 118 144 134 220 224 204 9 181 30 56 154 184 171 35 87 69 10 106 54 44 39 8 251 149 68 53 164 169 243 240 19 83 193 96 214 214 25 148 148 68 93 158 109 66 25 175 47 232 10 254 169 20 52 227 83 195 155 24 30 45 192 23 66 54 75 59 100 137 227 161 240 135 35 29 174 104 149 227 188 157 201 103 75 64 128 35 92 102 28 16 12 193 152 235 157 200 44 187 106 174 250 138 20 62 218 18 52 56 88 
-0.132984 -0.365742 -0.0193752 -0.0266884 -0.424024 0.779655 -0.764128 -0.133372 -0.0100491 -0.338781 -0.265403 -0.631542 -0.106629 -0.723804 -0.767813 -0.508254 -0.413568 -0.213446 1.12788 0.296597 -0.539269 0.763016 0.283539 0.305831 0.738971 0.21931 -0.707584 -0.458032 -0.307101 0.474615 0.545236 -0.551107 -0.442296 0.509869 -0.15911 0.447318 -0.568465 -0.0147026 -0.0454638 -0.167797 0.197006 0.613349 -0.80611 -0.45242 0.0641908 0.667812 -0.520343 -0.746422 -1.01151 0.119956 0.219262 0.109706 0.719459 -0.558251 0.0674952 -0.824885 0.0294114 0.71072 -0.0557831 0.436473 -0.695322 0.272472 -0.258409 0.0737341 -0.0514171 -0.237684 -0.579692 0.739041 -0.284651 -0.154179 0.280835 -0.482661 -0.00660402 -0.386965 0.366287 0.130025 0.0931304 -0.5377 0.158286 -0.296252 -0.402992 0.164452 0.558327 0.392998 0.354007 0.620836 0.481896 -0.599345 0.558817 -0.00504688 0.246699 -0.133143 -0.0454982 0.496946 -0.264778 0.180119 -0.185687 0.134609 -0.274061 0.17954 0.0887584 0.33619 -0.371177 -0.0811649 0.192534 0.0681204 0.879509 0.0283937 -0.289439 0.535687 0.782081 0.437695 -0.43825 -0.2222 0.546612 -0.846386 -0.515801 0.545989 0.302468 0.028189 -0.0354285 0.516068 0.242288 -0.230832 0.0284551 -0.0640938 0.553797 0.768397 0.13144 0.470745 0.308468 -0.301866 -0.236547 0.0598587 -0.300749 0.0993487 0.414812 0.502047 0.210105 0.662394 0.523727 -0.621543 -0.000243123 0.603169 -0.231939 0.288184 -0.58101 -0.381747 0.664012 -0.688543 0.244233 0.084714 0.446538 0.0824672 -0.104549 -0.457921 -0.691342 0.406905 0.550788 -0.498148 -0.394612 0.00310169 -0.26589 0.192962 0.659129 -0.646173 -0.358724 -0.630112 -0.335181 -0.681778 -0.0932793 -0.777599 0.187361 -0.676321 0.621221 -0.525078 0.19005 0.52347 -0.268832 0.398604 -0.776458 0.491497 0.200644 0.688964 -0.515376 0.350465 0.282295 -0.41771 -0.174411 0.337967 -0.20962 -0.29829 0.723778 0.305419 0.334358 -0.971269 0.0913707 -0.43819 -0.319262 -0.0957225 -0.00528861 0.231122 -0.387868 0.158649 -0.728242 -0.117398 -0.140418 -0.304236 -0.424029 0.0557585 0.270149 -0.235525 -0.0466041 -0.290087 0.737261 -0.171057 0.0816419 0.265708 0.630145 -0.796466 -0.404035 -0.315842 0.756558 0.0433014 -0.556844 0.24048 0.123656 -0.475471 0.758535 0.0294925 0.0957365 0.638818 -0.269798 -0.0538396 0.348684 -0.805933 1.2863 0.394241 
77 237 31 51 58 107 6 135 48 255 139 15 34 0 68 171 33 132 52 113 94 231 83 248 174 161 149 11 195 48 12 116 179 52 82 89 17 107 37 233 163 154 248 241 62 80 254 149 174 190 177 198 130 234 176 17 232 12 125 136 224 128 242 28 126 82 176 221 205 81 149 195 88 225 63 221 201 221 126 96 18 98 175 10 253 34 126 86 145 60 183 179 127 144 141 173 200 159 128 155 104 233 126 43 227 238 209 99 234 226 46 161 207 101 43 220 187 35 152 129 121 45 255 224 183 26 5 199 167 234 244 5 52 51 138 185 37 124 26 108 159 240 107 145 115 221 8 254 5 48 77 24 207 223 129 185 43 109 246 192 168 228 123 215 95 112 214 148 159 45 195 226 230 77 123 226 103 25 86 68 149 193 231 9 51 62 182 2 25 254 31 70 31 39 105 116 101 41 126 51 214 60 103 63 250 57 127 205 206 141 52 28 0 106 228 122 13 17 112 74 27 229 96 254 19 242 50 20 53 233 205 11 184 214 163 196 199 2 
0.644423 -0.724423 0.598784 0.530122 -0.0601774 -0.372257 0.104618 0.0617737 0.241448 -0.436075 0.65788 0.0741109 0.109012 0.672115 0.368122 0.31548 0.880884 0.241287 0.780226 0.560841 0.486488 0.168115 -0.210747 0.263246 0.781327 0.348799 -0.191675 -0.285512 0.72079 0.22714 -0.132124 -0.423536 -0.861166 0.698387 -0.146636 0.169803 0.347134 0.320234 -0.721331 -0.765909 0.397419 0.589798 -0.217496 -0.0182109 -0.317977 0.238359 -0.195433 -0.560772 -0.605267 0.757989 0.42811 -0.766068 -0.992501 -0.357031 -0.259507 -0.0977513 0.128122 0.274498 0.575381 -0.0919863 0.192618 -0.277534 -0.363801 0.281528 -0.383547 -0.125535 -0.336312 -0.354722 0.502559 0.195652 0.0130476 -0.723659 0.735493 0.278388 -0.0649776 -0.00370179 0.38778 0.445017 -0.0928061 0.173064 0.151731 0.571627 -0.268471 0.530081 -0.0544792 -0.397249 -0.38427 0.229314 0.146661 0.906648 0.42371 0.470986 -0.394263 -0.0881664 -0.323735 -0.900477 -0.876235 0.0521033 -1.10675 -0.40546 -0.968436 -0.180719 -0.173466 -0.523964 -0.324127 -0.142197 0.141041 -0.547116 -0.0679427 0.0167212 -0.0285699 -0.24924 -0.466642 -0.788095 -0.0905974 -0.357642 -0.950866 -0.347617 0.430025 -0.316465 -0.134383 0.0734215 -0.306006 -0.370337 -0.739971 0.435793 -0.280333 0.456953 0.375055 -0.179108 -0.331117 -0.167666 -0.921736 -0.0604787 -0.445896 0.151271 -0.38432 -0.341141 0.169707 -0.523104 0.0522906 -0.534547 0.0648896 0.75588 -0.312544 -0.308207 0.10108 -0.0291804 0.795743 0.253808 -0.757008 -0.142663 0.0589049 -0.340577 -0.0508762 -0.206384 0.876197 0.657193 0.0210245 -0.447964 -0.127873 0.43669 0.568569 0.301515 0.394683 -0.570234 0.309289 -0.371619 0.463369 0.686283 0.676135 -0.728525 -0.34549 0.0108587 0.890721 0.705069 -0.0574444 0.227795 -0.163297 -0.210094 0.68949 -0.224484 0.127393 -0.150207 -0.187355 -0.189678 -0.250684 0.225388 0.0506203 0.0268699 0.279245 -0.111949 0.36118 0.401527 0.643682 0.379705 -0.883642 -0.0593856 -0.333839 -0.441412 0.0992267 -0.494363 -0.208653 -0.477147 -0.520507 0.353245 0.282884 0.765515 0.505967 -0.104816 0.656866 0.123757 0.0764735 -0.102323 0.126584 0.567147 0.658977 0.151673 -0.41641 0.318835 -0.151247 -0.34664 0.377408 0.0651678 0.00749192 -0.0626158 -0.488048 -0.233453 -0.427104 -0.330776 0.608418 0.711804 -0.664613 -0.257081 -0.692078 0.0421544 0.145328 0.338344 
171 9 180 125 197 5 177 246 15 225 35 69 38 137 99 241 113 24 3 56 53 175 255 88 13 77 27 18 75 32 131 206 123 195 135 20 134 79 190 85 86 23 32 83 174 53 19 55 131 210 104 219 149 60 66 179 77 63 70 215 205 151 25 132 47 73 89 250 211 32 58 181 234 25 124 237 234 218 179 98 156 108 203 207 4 13 98 226 165 50 116 237 236 52 1 38 185 138 220 85 9 47 58 26 32 8 176 204 3 149 115 71 106 239 234 210 200 175 136 152 226 198 10 227 159 170 217 103 115 211 181 28 185 75 154 26 188 3 152 255 82 213 38 34 97 140 89 42 117 20 172 165 2 215 11 32 70 244 188 3 134 222 101 112 66 10 140 186 31 73 9 49 34 185 22 28 248 110 83 53 56 75 113 174 173 197 202 229 238 86 19 220 217 211 226 118 53 4 19 23 136 192 17 189 75 64 134 16 123 196 126 85 175 232 225 57 12 227 151 89 252 53 183 90 231 145 32 195 66 253 237 29 102 122 52 61 61 39 
0.42411 0.420249 -0.382773 0.846466 0.412559 0.630852 -0.732828 0.547286 0.605191 -0.312657 -0.0143314 0.488197 0.195858 0.0900901 -0.750567 -0.322723 -0.798478 -0.612298 -0.0898108 0.271916 0.0678427 0.873932 -0.225372 0.418237 0.221127 -0.669293 0.0131841 -0.34211 -0.0298967 0.704988 0.656287 0.136953 -0.115369 -0.39181 0.350378 -0.136861 -0.647896 -0.31296 0.072933 0.64272 0.214246 -0.54285 -0.0112621 0.111953 -0.329369 -0.334334 -0.429445 -0.633756 0.740139 -0.322391 -0.68578 -0.0198019 0.59105 0.494985 -0.301749 0.504079 -0.319594 -0.0220069 0.930552 -0.0793887 0.312386 0.348015 0.139869 0.361928 0.641243 1.07143 0.328567 0.279033 -0.0964628 -0.687544 -0.653921 -0.534773 0.199505 0.120451 -0.960445 -0.82866 -0.205097 0.429928 0.359653 0.103232 -0.0545494 0.630643 -0.387538 -0.348844 -0.208325 0.331864 0.0688895 -0.490842 0.31633 -0.136133 1.02585 -0.268205 -0.220599 -0.10164 0.118863 -0.354711 -0.600697 1.0644 -0.131493 -0.59873 -0.510454 0.225774 -0.251236 -0.776206 0.295145 -0.460656 -0.196371 0.081187 -0.120128 -0.0942737 -0.223994 0.979056 0.381348 -0.0414006 -0.205467 -0.621483 -0.531445 -0.0202596 0.442674 -0.683715 0.530818 -0.269151 -0.800665 -0.479456 -0.0617605 0.339473 0.202457 0.0146672 0.119223 -0.689895 -0.328041 -0.68478 0.480658 0.530238 0.304439 -0.523751 -0.958602 -0.379275 -0.621132 0.0908762 0.365411 -0.877539 0.143537 -0.23263 -0.0603569 -0.261123 -0.0966143 -0.153092 -0.383629 -0.479046 -0.431764 -0.624493 -0.683294 -0.481188 0.128386 0.199581 0.67894 0.383208 -0.282763 -0.174106 0.755097 -0.831785 0.325999 -0.379505 0.0211869 0.142071 -0.629153 -0.11662 0.341727 0.603497 0.493159 0.473996 -0.166657 0.224966 -0.340227 0.429692 1.0412 0.265392 0.120389 0.681428 0.998526 0.874591 -0.0868195 -0.155779 -0.416183 -0.27728 -0.438033 0.769066 0.267546 -0.124499 -0.0685809 -0.585619 0.430971 -0.967869 0.106614 -0.661309 -0.691781 -0.130284 -0.594058 0.340531 0.732015 -0.324906 0.371915 0.543132 -0.562549 -0.28118 0.633149 -0.415916 0.0970986 0.160332 -0.197134 0.721986 0.342433 -0.640852 -0.163822 -0.667495 -0.399211 -0.0203881 -0.238055 -0.781197 0.502908 -0.191223 -0.0492523 -0.708825 0.599381 0.651132 -0.792087 0.781473 -0.0722941 -0.0950928 0.740305 -0.146298 -0.560456 -0.212154 -0.726442 -0.403661 -0.406799 -0.456813 
125 148 4 94 104 212 247 5 147 238 36 144 117 215 223 32 12 87 40 48 245 20 154 147 141 50 205 132 186 192 125 36 29 184 29 164 95 134 251 32 214 118 117 66 84 229 242 69 125 204 63 110 27 162 3 252 21 138 155 38 38 219 1 177 142 22 121 95 56 171 145 104 75 53 152 7 99 24 180 133 185 108 209 16 12 133 182 202 227 122 131 67 181 182 96 15 168 144 105 212 7 175 95 144 238 10 158 191 130 171 116 202 108 75 205 32 115 11 87 222 197 143 200 240 78 205 123 58 237 174 131 93 123 94 189 18 128 84 86 228 249 51 219 248 196 139 145 10 230 121 30 214 85 240 85 254 178 166 114 197 121 254 147 214 50 84 190 181 32 207 42 56 130 239 140 143 5 236 14 187 197 38 92 199 165 186 6 141 19 198 248 91 91 81 51 24 111 160 200 36 140 238 43 106 6 106 53 120 242 5 250 21 38 168 200 39 144 93 123 200 133 55 51 201 164 193 60 40 52 188 30 86 0 235 134 207 191 180 
0.972831 -0.603966 0.360832 0.171769 0.409469 0.528207 0.623635 0.0676545 -0.507157 -0.350659 0.15137 0.240635 0.249592 -0.10743 -0.416099 0.107342 -0.618386 -0.657764 0.685948 -0.26473 0.0524553 -0.0682634 -0.135009 -0.181912 -0.27256 0.530181 0.609489 0.119939 0.624898 -0.0764558 0.244154 -0.550552 -0.147511 -0.360646 -0.221474 0.716828 -0.449236 0.252808 0.0395623 -0.0126831 -0.630087 -0.171449 0.629212 -0.495781 0.81174 -0.124278 0.320142 0.656188 0.34057 0.600821 -0.177966 -0.25828 -0.299025 0.741623 0.288737 0.549828 0.320041 -0.578783 -0.13218 -0.129287 -0.352829 -0.282998 -0.395107 -0.430396 0.0395067 0.34179 -0.478342 -0.675066 -0.225146 -0.0493292 -0.456719 -0.164522 -0.193351 0.118309 0.383054 0.0473567 -0.478401 0.325634 0.64238 0.631386 -0.306686 -0.420492 0.0553855 -0.47506 -0.163043 0.411218 -0.513245 -0.0413434 0.61935 -0.917086 0.193223 -0.293678 0.583657 0.208753 0.00745421 0.429875 0.252421 -0.189702 0.520767 -0.365727 0.476652 0.75286 0.426384 -0.46663 0.485628 0.205996 0.526811 -0.230786 0.294714 -0.143133 0.517952 0.416957 0.558852 -0.204858 0.191783 0.178804 0.572784 -0.538588 0.355606 0.732895 -0.370043 -0.239145 -0.531983 -0.719447 -0.669643 -0.00321894 -0.132616 0.602042 -0.435274 -0.752481 0.534365 0.620555 -0.13669 -0.314393 -0.478378 -0.0774262 0.434608 0.127827 0.521236 -0.188199 0.248779 -0.352909 0.167016 -0.475405 -0.10234 -0.421814 0.0603426 0.281974 -0.759758 0.376087 -0.650853 -0.604906 -0.383564 -0.0863487 -0.25213 0.375483 0.118634 0.241827 -0.78097 -0.676468 0.489297 0.0612423 0.571295 -0.0147212 0.431408 0.465144 0.290388 0.3964 -0.336395 -0.223007 0.275222 0.118513 -0.0445896 0.00842592 -0.332981 0.482471 0.00262576 0.73199 0.184619 0.00592269 0.573194 0.0954814 -0.364719 0.145331 0.240358 0.637098 -0.431041 -0.605372 0.140316 0.135081 -0.375482 0.653271 0.243512 -0.384049 0.474508 0.295281 0.505665 -0.266125 -0.44436 -0.0466389 -0.426721 0.30853 -0.353259 -0.386852 0.79767 0.124979 -0.580343 -0.409528 0.558845 -0.721511 0.350116 0.325449 -0.026488 -0.372244 0.244727 0.523247 -0.516314 -0.989314 0.818405 -0.327735 -0.922417 -0.123438 -0.464506 0.255826 -0.444597 0.695535 -0.515568 0.126745 0.141851 0.387928 -0.619486 0.74878 -0.646189 -0.756953 -0.00408718 -0.0489359 -0.231144 -0.888804 
52 54 78 33 22 190 177 9 58 94 160 80 105 66 198 168 121 30 243 92 76 103 113 101 11 63 39 34 137 0 149 240 180 148 142 64 219 162 35 107 180 218 100 186 184 253 153 128 91 97 77 195 124 5 246 166 23 154 109 195 220 55 137 74 214 53 247 141 92 161 87 186 161 196 63 29 141 100 45 27 147 191 214 59 71 239 128 150 2 56 130 115 9 91 16 3 97 34 132 113 33 134 100 115 101 241 9 2 62 20 173 43 139 11 114 19 189 167 231 88 136 136 16 16 96 69 226 116 69 35 156 60 77 63 222 255 49 44 97 15 72 238 78 252 128 71 80 192 52 204 12 109 164 143 254 139 101 80 202 192 228 72 195 125 9 154 119 184 226 108 24 41 239 188 255 234 50 192 18 100 166 248 138 20 190 242 222 131 244 84 252 244 148 72 130 114 24 227 45 21 10 120 221 48 209 6 90 225 54 240 222 109 228 17 243 26 175 253 53 202 85 189 62 102 247 224 208 220 54 157 201 48 18 236 144 179 35 75 
-0.401511 -0.480897 0.318053 0.0393383 0.290071 0.775602 -0.103647 -0.0424547 -0.355819 0.769057 0.276267 -0.587465 -0.0301339 0.531707 -0.314411 -0.20964 -0.23189 0.526018 0.457991 0.20532 -0.25271 -0.603165 0.551499 -0.210541 0.654036 0.0201571 -0.707074 -0.0234678 -0.0116109 0.522001 -0.55173 -0.754179 0.18714 0.641096 0.573446 -0.325586 0.342015 0.234102 -0.646976 -0.539632 -0.179429 0.257738 0.306134 0.334892 0.461034 0.719136 -0.544502 0.57945 0.209473 -0.343428 -0.246219 -0.377097 0.295713 0.134424 -0.204327 0.151977 0.407502 -0.617695 -0.446715 0.144242 -0.675163 -0.0140882 -0.116202 -0.677233 -0.0388268 0.30741 -0.490123 0.759376 0.548217 0.723945 -0.602815 -1.09553 -0.125246 0.154387 0.335476 0.356218 -0.138161 -0.330912 0.266471 -0.918865 0.00196856 -0.510432 -0.253691 -0.18919 -0.588247 0.455011 -0.792261 0.789928 -0.0702609 0.0393615 0.192376 0.196854 0.44554 -0.276123 0.420262 -0.216158 0.166386 -0.468248 0.0289405 0.0624808 -0.580395 0.494807 0.509369 -0.970536 -0.30882 0.694395 -0.152771 -0.308434 -0.725235 -1.09871 0.33282 -0.199592 -0.152772 0.0846843 0.352897 -0.527339 -0.719298 -0.267805 0.393121 0.2765 -0.290903 -0.209395 -0.0702543 0.231542 -0.918026 -0.162283 -0.407286 0.623927 0.260693 -0.286349 -0.184643 -0.051278 0.0850231 0.687343 0.57312 -0.0496586 0.30707 0.591527 0.639489 0.211743 0.0635055 -0.775595 -0.366367 -0.22235 0.561834 0.336152 0.192014 -0.255207 0.278173 -0.251197 0.435045 0.437878 -0.972683 0.000443721 0.655965 0.413557 0.622626 -0.898779 0.237817 -0.898395 -0.156124 -0.243751 0.114352 0.280606 -0.643479 -0.202659 0.852932 -0.945228 -0.0838134 0.130301 0.619776 -0.394849 -0.258879 0.694893 0.564541 -0.24177 0.150684 -0.465367 -0.24476 -0.870955 0.262411 0.534277 0.163524 -0.023217 -0.332701 -0.206954 0.54803 -0.590751 -0.270715 0.0569369 0.0106692 -0.582128 0.541273 0.193256 -0.184695 -0.00707836 -0.160479 -0.296242 0.0915807 -0.328291 0.7217 0.241209 0.163873 0.3167 0.103176 0.31139 -0.620321 -0.258541 0.270983 0.223577 0.186143 -0.442967 -0.357817 0.0210214 -0.0257836 -0.566254 -0.711677 0.0961956 -0.522888 -0.21428 -0.595931 0.441529 0.196809 -0.401191 -0.201507 -0.400095 -0.281951 0.0044341 -0.328436 -0.179007 -0.990512 0.161025 -0.261269 -0.635129 -0.291673 -0.648784 -0.0972201 -0.464281 
236 169 175 140 65 184 181 120 176 213 250 125 100 190 189 3 47 198 230 214 157 135 101 218 70 86 114 191 14 182 168 127 198 21 115 34 247 207 74 35 237 189 103 182 182 249 92 21 84 178 139 58 163 14 55 223 190 104 104 45 56 143 241 5 251 144 85 249 147 115 65 87 81 1 159 94 242 48 231 73 127 23 99 19 217 223 68 219 202 213 32 8 125 110 101 8 182 123 129 153 201 27 207 29 188 184 48 192 234 208 220 4 178 136 64 126 166 223 157 90 240 237 4 90 51 55 5 204 217 76 72 132 255 8 55 123 247 201 149 251 102 212 181 236 91 122 34 223 177 42 18 106 40 155 3 51 102 21 132 230 76 195 158 2 45 15 121 64 45 79 165 113 248 234 49 217 178 127 226 19 233 61 237 152 92 206 11 44 118 125 42 164 158 56 36 112 182 216 108 167 77 119 37 28 134 103 13 43 105 244 118 65 161 235 216 56 126 7 191 189 27 174 37 251 42 218 27 88 223 110 143 217 68 121 226 147 172 82 
0.0858382 -0.391673 0.518941 0.257769 -0.121342 -0.078727 0.000601236 0.861526 0.311514 -0.147513 -0.0306456 0.140655 -1.58552 -0.0944841 -0.116142 0.764849 0.644072 0.699204 -0.334463 0.322419 -0.979786 0.411774 -0.231078 0.507009 -0.30992 -0.234109 0.304961 0.212867 -0.019881 0.320938 -0.179513 0.35187 0.0459145 -0.232851 -0.34491 0.042715 0.192822 -0.26198 0.834746 -0.504465 -0.409809 -0.562672 -0.799877 0.340894 0.512646 1.05676 -0.0643174 0.23363 0.870286 -0.45516 0.430192 -0.626749 0.141962 0.308526 -0.286471 0.598209 -0.389732 -0.14932 0.105448 0.524194 0.135186 -0.124442 1.15511 -0.300976 -0.21907 -0.0616805 -0.427377 -0.291299 -0.303806 0.0872119 0.0916321 0.555447 0.735603 -0.556795 0.472451 0.109494 0.389434 -0.295418 0.076913 0.30778 0.0853777 0.394244 -0.516407 0.546892 0.466326 0.279581 0.144666 0.110181 0.205132 -0.110469 -0.0531994 0.423411 0.625648 0.421744 0.514323 -0.639945 0.123421 -0.548316 0.0705225 -0.869181 -0.75832 -0.185007 0.36866 -0.783305 -0.076334 -0.000838063 0.142528 -0.0301361 0.160442 0.636521 0.154571 0.810101 0.350788 -0.233001 0.43829 -0.326763 -0.0274484 0.295139 -0.511348 0.117282 0.285003 0.592532 -0.801966 -0.394601 -0.114561 -0.223586 -0.168448 -0.0172262 0.687375 0.153869 -0.0811794 0.701636 -0.485725 0.563012 -0.465803 -0.185215 -0.186622 0.25256 0.0954053 -0.0421056 -0.265908 0.0986062 0.313131 -0.108027 0.0772041 -0.128824 0.134823 0.0109806 -0.896384 0.85314 0.160163 0.0382248 -0.0390026 0.49872 -0.192104 -0.377778 0.840411 -0.350057 -0.0115311 -0.1161 -0.443846 -0.206878 0.604104 0.319908 0.360444 -0.43447 -0.381857 0.389636 0.391859 0.541905 0.0232887 -0.511271 -0.178838 -0.406193 -0.733867 0.70999 0.38743 -0.354751 0.471417 -0.72624 -0.843434 0.169885 -0.0100401 -0.283896 -0.935887 0.354742 -0.354237 0.548272 0.637161 -0.566157 0.602405 -0.270633 -0.66339 0.505241 -0.0602568 -0.22899 -0.28668 -0.404931 0.348376 -0.553458 0.124553 0.544851 0.633595 -0.776008 0.116777 -0.569809 0.209221 -0.439374 -0.579201 0.466693 -0.158425 -0.19843 0.529288 0.493972 0.2093 -0.861363 0.267889 0.315082 0.532121 0.56626 0.86104 0.821395 0.17271 0.764309 0.0703071 0.475721 0.223453 0.26036 0.272632 0.309571 -0.166741 -0.648251 -0.4468 -0.122642 0.731504 -0.156813 0.866777 0.465902 
255 7 63 138 249 28 103 57 95 215 123 210 218 213 174 108 169 189 40 25 210 32 227 115 80 49 237 27 23 184 199 154 26 133 75 105 248 214 102 119 200 32 229 172 43 244 35 190 113 182 6 151 185 40 156 138 73 137 158 191 109 37 157 252 219 34 20 222 102 228 67 138 254 235 163 60 205 191 80 89 54 112 254 117 141 211 199 112 156 224 178 134 75 193 199 79 135 125 244 157 41 98 119 2 72 157 48 13 232 211 240 0 182 117 10 72 189 166 3 247 210 60 26 124 222 235 138 150 3 161 9 67 136 215 212 138 199 32 136 213 93 19 127 31 33 112 33 192 128 235 40 96 34 220 156 232 87 239 129 3 125 204 180 203 11 251 114 183 212 7 99 78 153 196 50 105 72 99 243 195 144 139 109 99 239 36 127 14 195 10 244 211 73 2 30 118 61 234 175 200 5 186 74 190 201 90 4 112 170 233 175 131 204 170 156 161 76 152 29 46 198 84 33 33 100 107 192 121 21 98 185 56 253 101 21 8 172 70 
0.700927 -0.13936 0.224707 0.0304405 0.352691 0.822428 0.381764 1.02472 0.434839 0.0227511 0.499135 -0.204006 -0.140662 -0.291187 -0.63673 -0.173346 0.140669 -0.358264 0.343667 0.201117 0.301119 0.450337 -0.562097 -0.538667 -0.647096 0.838344 -0.378509 -0.0623192 -0.742204 -0.287153 0.289677 -0.163872 0.400335 -0.523859 -0.208702 0.772568 0.65862 0.365116 0.426485 0.400471 -0.12329 -0.804736 0.172841 0.536395 0.138914 -0.737323 -0.4233 -0.365271 0.325475 0.308246 0.440216 -0.418347 -0.360829 0.346671 0.109384 -0.739804 0.400618 -0.716668 -0.460463 0.15992 0.663982 0.712452 0.040935 -0.128681 0.177956 -0.075501 -0.325376 0.312781 0.44532 -0.373884 0.287694 -0.211184 -0.0509577 0.720364 0.74703 -0.444105 0.537261 0.0721737 0.208277 0.501404 0.427635 0.504626 -0.0545796 0.0944994 0.154143 0.774519 0.448411 -0.906728 -0.318124 0.609941 -0.434078 0.0538216 -0.191935 -0.519544 0.781059 0.345038 -0.696772 0.634102 -0.205313 0.477326 0.767774 -0.633571 0.406593 0.247153 0.683225 0.212198 -0.0765839 -0.31175 0.840357 -0.00778584 0.743053 0.273319 -0.243669 0.27617 0.539806 -0.157957 0.0288744 0.0436605 -0.344553 0.675887 -0.779248 -0.326561 0.991188 0.602037 -0.53889 -0.0159164 0.0120177 0.0307833 0.663673 -0.550614 -0.151776 0.0412298 0.209568 0.286332 -0.0826183 0.585338 0.534403 0.0692347 0.368292 0.594185 0.790497 0.358572 0.11457 0.27084 -0.259707 -0.404919 -0.838226 0.315627 -0.321617 0.367164 -0.805667 -0.500606 0.099257 -0.467949 -0.212547 0.812764 0.115072 -0.815604 -0.265554 -0.174128 -0.524963 0.589528 -0.67598 -0.376521 0.324425 -0.52012 0.444166 0.0742511 -0.725302 -0.86812 -0.120005 -0.0239505 -0.191794 0.525995 -0.688109 -0.378845 0.482887 0.447859 -0.0821214 -0.229726 -0.271799 0.391136 -0.368169 0.322279 0.486347 0.13257 -0.0505796 -0.220938 0.660557 0.169988 0.0102027 -0.347046 -0.514364 -0.707142 -0.405538 0.155706 0.847503 -0.179795 0.80543 -0.0996972 -0.0199453 -0.270843 -0.393293 -0.167485 0.750115 0.589613 -0.507032 -0.728886 0.622927 -0.363613 0.144976 0.891486 -0.392971 0.571462 0.123754 1.03534 0.251247 0.405774 -0.595376 0.48435 0.365812 -0.146986 -0.426277 -0.667696 0.195127 0.444627 0.395432 -0.655562 0.781058 -0.527858 -0.479707 -0.151643 -0.73304 -0.286096 -0.248053 0.16301 0.316116 0.165251 
