row_number
119
col_number
238
rank
119
ary
256
*****1's_location/per_row****
0   4  0   108     51   110     119   20     187   80   
1   4  1   215     52   54     120   207     188   30   
2   4  2   236     53   52     121   68     189   222   
3   4  3   45     54   245     122   66     190   66   
4   4  4   170     55   14     123   131     191   112   
5   4  5   4     56   77     124   112     192   201   
6   4  6   34     57   231     125   50     193   150   
7   4  7   188     58   6     126   197     194   200   
8   4  8   240     59   58     127   116     195   192   
9   4  9   96     60   34     128   253     196   104   
10   4  10   96     61   17     129   102     197   214   
11   4  11   77     62   116     130   158     198   105   
12   4  12   253     63   18     131   118     199   44   
13   4  13   17     64   140     132   158     200   235   
14   4  14   237     65   209     133   48     201   225   
15   4  15   191     66   162     134   214     202   200   
16   4  16   213     67   91     135   184     203   63   
17   4  33   246     81   249     145   86     193   182   
18   4  17   238     82   173     146   57     194   197   
19   4  18   17     83   216     147   20     195   172   
20   4  19   237     84   109     148   219     196   37   
21   4  20   41     68   252     149   38     197   48   
22   4  21   9     69   3     150   32     198   244   
23   4  22   218     70   56     151   27     199   101   
24   4  23   216     71   213     152   89     200   211   
25   4  24   235     72   80     136   154     201   135   
26   4  25   10     73   135     137   137     202   99   
27   4  26   227     74   70     138   240     203   89   
28   4  27   207     75   10     139   254     187   96   
29   4  28   17     76   120     140   160     188   197   
30   4  29   177     77   148     141   210     189   48   
31   4  30   24     78   15     142   203     190   60   
32   4  31   234     79   104     143   251     191   46   
33   4  32   131     80   21     144   238     192   119   
34   4  0   59     87   5     160   124     219   64   
35   4  1   95     88   131     161   103     220   78   
36   4  2   7     89   172     162   49     204   87   
37   4  3   209     90   199     163   139     205   19   
38   4  4   240     91   236     164   143     206   83   
39   4  5   108     92   168     165   225     207   27   
40   4  6   15     93   133     166   199     208   72   
41   4  7   202     94   220     167   205     209   164   
42   4  8   209     95   249     168   92     210   205   
43   4  9   232     96   57     169   59     211   20   
44   4  10   206     97   224     153   123     212   76   
45   4  11   78     98   97     154   99     213   227   
46   4  12   94     99   69     155   186     214   233   
47   4  13   72     100   86     156   57     215   251   
48   4  14   46     101   242     157   229     216   4   
49   4  15   134     85   205     158   120     217   246   
50   4  16   67     86   136     159   234     218   227   
51   4  41   40     82   75     135   129     212   76   
52   4  42   221     83   91     119   162     213   141   
53   4  43   236     84   49     120   83     214   30   
54   4  44   197     68   250     121   35     215   178   
55   4  45   167     69   104     122   101     216   148   
56   4  46   11     70   97     123   174     217   137   
57   4  47   150     71   246     124   249     218   180   
58   4  48   26     72   172     125   97     219   55   
59   4  49   144     73   10     126   198     220   130   
60   4  50   124     74   148     127   32     204   76   
61   4  34   24     75   254     128   25     205   49   
62   4  35   8     76   160     129   120     206   46   
63   4  36   28     77   215     130   54     207   54   
64   4  37   122     78   97     131   243     208   231   
65   4  38   130     79   246     132   125     209   201   
66   4  39   104     80   157     133   111     210   103   
67   4  40   64     81   187     134   33     211   17   
68   4  64   242     111   138     148   189     232   133   
69   4  65   41     112   78     149   78     233   206   
70   4  66   2     113   108     150   131     234   35   
71   4  67   53     114   16     151   229     235   159   
72   4  51   142     115   193     152   97     236   205   
73   4  52   111     116   85     136   78     237   117   
74   4  53   1     117   107     137   56     221   98   
75   4  54   245     118   16     138   55     222   74   
76   4  55   112     102   154     139   239     223   49   
77   4  56   43     103   198     140   154     224   91   
78   4  57   160     104   119     141   112     225   78   
79   4  58   169     105   50     142   54     226   57   
80   4  59   140     106   21     143   117     227   167   
81   4  60   123     107   25     144   153     228   156   
82   4  61   229     108   33     145   134     229   208   
83   4  62   214     109   58     146   110     230   64   
84   4  63   62     110   201     147   56     231   195   
85   4  46   82     104   48     156   126     179   74   
86   4  47   10     105   239     157   33     180   122   
87   4  48   237     106   9     158   235     181   59   
88   4  49   170     107   152     159   37     182   119   
89   4  50   218     108   247     160   73     183   167   
90   4  34   242     109   13     161   217     184   142   
91   4  35   94     110   216     162   47     185   62   
92   4  36   167     111   173     163   88     186   82   
93   4  37   126     112   177     164   116     170   123   
94   4  38   175     113   83     165   97     171   166   
95   4  39   83     114   12     166   136     172   235   
96   4  40   241     115   212     167   243     173   230   
97   4  41   43     116   17     168   198     174   254   
98   4  42   237     117   12     169   165     175   20   
99   4  43   137     118   231     153   141     176   135   
100   4  44   53     102   138     154   216     177   240   
101   4  45   117     103   95     155   132     178   164   
102   4  21   132     88   166     176   154     222   118   
103   4  22   75     89   30     177   174     223   97   
104   4  23   39     90   21     178   195     224   246   
105   4  24   228     91   204     179   61     225   86   
106   4  25   211     92   231     180   232     226   43   
107   4  26   131     93   202     181   143     227   20   
108   4  27   108     94   96     182   121     228   25   
109   4  28   196     95   152     183   191     229   50   
110   4  29   198     96   166     184   202     230   16   
111   4  30   6     97   39     185   141     231   77   
112   4  31   12     98   130     186   90     232   207   
113   4  32   62     99   241     170   54     233   37   
114   4  33   129     100   134     171   34     234   170   
115   4  17   242     101   45     172   86     235   226   
116   4  18   84     85   162     173   163     236   25   
117   4  19   11     86   3     174   80     237   123   
118   4  20   17     87   246     175   211     221   22   
*****1's_location/per_col****
0   119  0   1     119   200     120   156     121   222     122   154     123   21     124   116     125   236     126   114     127   182     128   132     129   66     130   82     131   98     132   106     133   23     134   216     135   177     136   107     137   219     138   124     139   33     140   55     141   196     142   221     143   117     144   21     145   51     146   6     147   220     148   34     149   194     150   14     151   152     152   141     153   83     154   95     155   52     156   254     157   147     158   235     159   249     160   121     161   100     162   110     163   64     164   158     165   106     166   90     167   64     168   131     169   117     170   49     171   94     172   239     173   144     174   128     175   170     176   74     177   120     178   79     179   205     180   39     181   208     182   226     183   173     184   57     185   36     186   162     187   77     188   69     189   72     190   166     191   58     192   57     193   161     194   41     195   173     196   111     197   166     198   231     199   241     200   252     201   182     202   29     203   34     204   80     205   170     206   24     207   159     208   5     209   102     210   239     211   221     212   94     214   252     215   76     216   181     217   203     218   110     219   165     220   143     221   248     222   211     223   36     224   197     225   179     226   121     227   228     228   16     229   44     230   85     231   250     232   103     233   162     234   249     235   210     236   195     237   241   
1   119  1   1     119   242     120   182     121   59     122   252     123   14     124   78     125   150     126   150     127   170     128   212     129   141     130   48     131   44     132   111     133   220     134   85     135   168     136   42     137   191     138   246     139   200     140   169     141   66     142   128     143   240     144   128     145   197     146   107     147   233     148   53     149   51     150   150     151   15     152   110     153   58     154   236     155   111     156   198     157   219     158   148     159   204     160   38     161   216     162   250     163   10     164   100     165   28     166   60     167   168     168   5     169   229     170   22     171   130     172   45     173   19     174   190     175   162     176   14     177   79     178   154     179   94     180   47     181   63     182   199     183   160     184   173     185   24     186   119     187   13     188   143     189   63     190   116     191   194     192   182     193   97     194   167     195   160     196   46     197   116     198   135     199   247     200   243     201   170     202   150     203   115     204   129     205   162     206   177     207   103     208   208     209   149     210   45     211   135     212   133     214   72     215   59     216   28     217   53     218   250     219   207     220   254     221   241     222   43     223   24     224   129     225   122     226   36     227   249     228   155     229   119     230   193     231   35     232   62     233   205     234   131     235   237     236   218     237   247   
2   119  2   1     119   222     120   27     121   18     122   152     123   41     124   33     125   76     126   48     127   255     128   77     129   220     130   109     131   126     132   145     133   168     134   142     135   41     136   43     137   232     138   163     139   193     140   22     141   217     142   164     143   196     144   206     145   148     146   198     147   113     148   84     149   185     150   48     151   93     152   156     153   190     154   72     155   145     156   2     157   41     158   42     159   245     160   80     161   17     162   189     163   114     164   106     165   140     166   143     167   27     168   222     169   45     170   221     171   212     172   62     173   199     174   197     175   105     176   70     177   99     178   108     179   182     180   246     181   32     182   138     183   96     184   34     185   176     186   41     187   81     188   241     189   38     190   113     191   179     192   141     193   245     194   232     195   115     196   251     197   132     198   237     199   70     200   211     201   5     202   48     203   5     204   138     205   105     206   174     207   249     208   43     209   39     210   236     211   237     212   11     214   15     215   18     216   89     217   72     218   182     219   226     220   130     221   201     222   194     223   117     224   195     225   179     226   137     227   241     228   97     229   193     230   164     231   249     232   43     233   108     234   217     235   235     236   11     237   179   
3   119  3   1     119   25     120   60     121   119     122   34     123   245     124   128     125   17     126   73     127   16     128   158     129   76     130   77     131   216     132   74     133   61     134   27     135   245     136   35     137   241     138   255     139   233     140   153     141   150     142   56     143   182     144   100     145   236     146   201     147   197     148   144     149   168     150   200     151   132     152   50     153   164     154   42     155   54     156   214     157   248     158   134     159   185     160   33     161   130     162   25     163   8     164   151     165   74     166   208     167   8     168   154     169   45     170   39     171   194     172   7     173   18     174   166     175   241     176   184     177   131     178   109     179   219     180   96     181   225     182   91     183   62     184   170     185   188     186   83     187   42     188   8     189   9     190   171     191   152     192   6     193   185     194   168     195   251     196   161     197   18     198   120     199   184     200   145     201   218     202   32     203   218     204   10     205   82     206   90     207   119     208   35     209   197     210   83     211   56     212   194     214   115     215   40     216   53     217   243     218   90     219   75     220   117     221   4     222   170     223   26     224   59     225   1     226   162     227   8     228   2     229   23     230   41     231   119     232   104     233   240     234   178     235   95     236   242     237   1   
4   119  4   1     119   27     120   127     121   67     122   7     123   192     124   222     125   241     126   166     127   77     128   130     129   65     130   28     131   251     132   91     133   49     134   70     135   33     136   79     137   122     138   126     139   193     140   139     141   235     142   2     143   202     144   25     145   219     146   120     147   22     148   146     149   14     150   216     151   47     152   54     153   8     154   141     155   183     156   132     157   179     158   157     159   232     160   25     161   131     162   11     163   105     164   87     165   91     166   188     167   105     168   238     169   202     170   243     171   236     172   205     173   143     174   210     175   122     176   225     177   35     178   165     179   95     180   214     181   230     182   41     183   140     184   83     185   234     186   64     187   141     188   45     189   201     190   16     191   101     192   83     193   124     194   14     195   140     196   31     197   143     198   109     199   72     200   172     201   77     202   185     203   146     204   52     205   224     206   253     207   67     208   68     209   171     210   205     211   2     212   236     214   172     215   208     216   113     217   39     218   11     219   53     220   30     221   186     222   218     223   230     224   255     225   9     226   58     227   81     228   93     229   74     230   112     231   212     232   191     233   64     234   232     235   206     236   135     237   72   
5   119  5   1     119   125     120   197     121   85     122   251     123   122     124   67     125   89     126   89     127   49     128   188     129   144     130   210     131   38     132   163     133   155     134   150     135   241     136   123     137   130     138   224     139   72     140   45     141   229     142   74     143   189     144   74     145   146     146   62     147   180     148   47     149   114     150   157     151   26     152   195     153   53     154   73     155   50     156   50     157   166     158   153     159   213     160   193     161   24     162   90     163   231     164   36     165   244     166   104     167   241     168   253     169   14     170   19     171   138     172   70     173   238     174   226     175   22     176   51     177   63     178   18     179   17     180   134     181   200     182   82     183   214     184   12     185   105     186   202     187   218     188   80     189   200     190   106     191   175     192   176     193   217     194   235     195   214     196   230     197   106     198   229     199   128     200   29     201   49     202   89     203   87     204   42     205   22     206   248     207   132     208   33     209   249     210   70     211   119     212   183     214   2     215   85     216   46     217   47     218   90     219   117     220   198     221   221     222   215     223   105     224   178     225   16     226   1     227   250     228   131     229   202     230   15     231   60     232   168     233   181     234   234     235   41     236   198     237   128   
6   119  6   1     119   106     120   72     121   112     122   108     123   6     124   248     125   128     126   128     127   146     128   197     129   145     130   206     131   77     132   84     133   236     134   247     135   51     136   200     137   250     138   47     139   201     140   155     141   69     142   204     143   209     144   225     145   76     146   42     147   101     148   118     149   148     150   128     151   213     152   135     153   119     154   221     155   84     156   207     157   51     158   59     159   162     160   157     161   120     162   188     163   109     164   45     165   12     166   4     167   72     168   106     169   216     170   98     171   90     172   91     173   217     174   34     175   37     176   6     177   43     178   61     179   73     180   170     181   11     182   28     183   29     184   240     185   172     186   51     187   110     188   73     189   27     190   101     191   164     192   255     193   82     194   250     195   158     196   121     197   199     198   226     199   210     200   185     201   24     202   128     203   24     204   14     205   37     206   252     207   130     208   200     209   232     210   17     211   226     212   195     214   40     215   112     216   165     217   118     218   188     219   202     220   215     221   2     222   193     223   103     224   50     225   93     226   20     227   73     228   238     229   201     230   204     231   130     232   200     233   61     234   137     235   242     236   195     237   164   
7   119  7   1     119   6     120   145     121   92     122   87     123   95     124   160     125   165     126   56     127   91     128   36     129   13     130   243     131   107     132   51     133   111     134   231     135   95     136   169     137   128     138   29     139   120     140   228     141   135     142   97     143   49     144   24     145   89     146   206     147   178     148   185     149   247     150   48     151   61     152   166     153   139     154   244     155   211     156   246     157   95     158   220     159   82     160   72     161   3     162   6     163   101     164   121     165   51     166   200     167   163     168   251     169   52     170   118     171   114     172   192     173   186     174   106     175   128     176   172     177   253     178   126     179   116     180   223     181   219     182   150     183   112     184   22     185   115     186   53     187   244     188   163     189   93     190   232     191   26     192   62     193   82     194   196     195   194     196   170     197   186     198   63     199   172     200   142     201   138     202   182     203   138     204   66     205   3     206   104     207   92     208   169     209   178     210   53     211   78     212   114     214   131     215   21     216   204     217   97     218   116     219   205     220   189     221   223     222   22     223   25     224   109     225   254     226   207     227   163     228   225     229   155     230   235     231   92     232   100     233   126     234   238     235   73     236   159     237   254   
8   119  8   1     119   109     120   144     121   11     122   187     123   179     124   112     125   106     126   91     127   14     128   60     129   30     130   214     131   147     132   247     133   97     134   165     135   201     136   176     137   62     138   20     139   55     140   236     141   59     142   21     143   39     144   120     145   222     146   43     147   151     148   148     149   107     150   79     151   162     152   218     153   84     154   211     155   119     156   3     157   93     158   53     159   170     160   120     161   184     162   197     163   7     164   95     165   247     166   178     167   7     168   149     169   242     170   199     171   128     172   73     173   198     174   14     175   62     176   122     177   220     178   202     179   237     180   36     181   48     182   157     183   87     184   163     185   191     186   154     187   211     188   183     189   99     190   168     191   121     192   163     193   1     194   107     195   241     196   71     197   198     198   45     199   206     200   26     201   137     202   28     203   148     204   207     205   254     206   97     207   11     208   176     209   161     210   73     211   21     212   128     214   26     215   27     216   251     217   246     218   197     219   147     220   195     221   141     222   90     223   193     224   185     225   100     226   164     227   7     228   200     229   219     230   127     231   49     232   35     233   154     234   170     235   216     236   146     237   206   
9   119  9   1     119   49     120   111     121   254     122   123     123   126     124   37     125   82     126   49     127   147     128   63     129   145     130   173     131   81     132   48     133   114     134   199     135   129     136   103     137   224     138   21     139   198     140   178     141   104     142   244     143   35     144   126     145   163     146   20     147   242     148   128     149   182     150   36     151   119     152   57     153   247     154   223     155   184     156   184     157   77     158   64     159   44     160   11     161   69     162   121     163   90     164   99     165   97     166   193     167   129     168   45     169   158     170   166     171   230     172   88     173   139     174   39     175   219     176   161     177   13     178   191     179   148     180   210     181   218     182   118     183   201     184   172     185   216     186   232     187   101     188   131     189   218     190   243     191   156     192   150     193   78     194   246     195   201     196   127     197   243     198   104     199   28     200   56     201   147     202   78     203   204     204   253     205   219     206   80     207   57     208   30     209   73     210   88     211   203     212   217     214   50     215   254     216   153     217   128     218   121     219   249     220   5     221   42     222   208     223   216     224   164     225   141     226   11     227   98     228   96     229   232     230   135     231   38     232   211     233   235     234   239     235   214     236   68     237   28   
10   119  10   1     119   185     120   207     121   138     122   38     123   159     124   79     125   12     126   12     127   71     128   84     129   238     130   92     131   145     132   99     133   42     134   173     135   77     136   195     137   58     138   180     139   119     140   139     141   88     142   41     143   49     144   189     145   36     146   191     147   91     148   21     149   105     150   12     151   219     152   39     153   161     154   18     155   99     156   232     157   77     158   132     159   122     160   237     161   67     162   163     163   146     164   148     165   35     166   75     167   207     168   185     169   76     170   112     171   53     172   129     173   248     174   118     175   93     176   159     177   11     178   27     179   123     180   179     181   135     182   172     183   213     184   134     185   44     186   77     187   83     188   123     189   135     190   91     191   229     192   100     193   252     194   58     195   213     196   247     197   129     198   124     199   240     200   253     201   70     202   12     203   64     204   249     205   93     206   165     207   121     208   112     209   192     210   59     211   124     212   203     214   202     215   138     216   81     217   21     218   163     219   182     220   174     221   117     222   190     223   46     224   249     225   30     226   101     227   111     228   95     229   77     230   41     231   121     232   195     233   27     234   113     235   243     236   203     237   229   
11   119  11   1     119   17     120   22     121   167     122   29     123   33     124   23     125   128     126   180     127   63     128   79     129   171     130   151     131   183     132   14     133   169     134   114     135   33     136   162     137   231     138   211     139   37     140   244     141   127     142   132     143   1     144   68     145   48     146   114     147   96     148   218     149   10     150   136     151   35     152   6     153   93     154   140     155   228     156   131     157   33     158   64     159   138     160   193     161   163     162   17     163   154     164   192     165   14     166   38     167   22     168   40     169   150     170   100     171   122     172   26     173   92     174   62     175   231     176   53     177   57     178   88     179   107     180   198     181   216     182   242     183   117     184   91     185   243     186   31     187   14     188   145     189   46     190   214     191   75     192   165     193   138     194   4     195   21     196   36     197   92     198   208     199   53     200   202     201   212     202   126     203   212     204   242     205   140     206   49     207   167     208   162     209   53     210   31     211   208     212   122     214   97     215   239     216   56     217   132     218   107     219   177     220   196     221   198     222   105     223   205     224   166     225   191     226   190     227   145     228   186     229   37     230   132     231   167     232   19     233   88     234   199     235   72     236   59     237   191   
12   119  12   1     119   124     120   162     121   172     122   190     123   146     124   149     125   234     126   137     127   49     128   210     129   25     130   194     131   246     132   249     133   70     134   215     135   32     136   18     137   217     138   78     139   126     140   233     141   68     142   197     143   38     144   185     145   238     146   28     147   193     148   180     149   97     150   199     151   65     152   248     153   51     154   95     155   3     156   128     157   148     158   117     159   109     160   185     161   62     162   124     163   150     164   159     165   249     166   25     167   150     168   153     169   100     170   17     171   250     172   218     173   154     174   49     175   217     176   178     177   229     178   160     179   134     180   166     181   232     182   19     183   37     184   202     185   27     186   133     187   95     188   150     189   77     190   102     191   50     192   202     193   139     194   97     195   228     196   235     197   154     198   1     199   80     200   127     201   93     202   98     203   180     204   61     205   94     206   200     207   172     208   18     209   193     210   36     211   197     212   250     214   127     215   244     216   195     217   114     218   26     219   34     220   7     221   75     222   2     223   12     224   181     225   219     226   92     227   150     228   171     229   10     230   47     231   172     232   48     233   133     234   109     235   243     236   169     237   182   
13   119  13   1     119   116     120   77     121   123     122   2     123   216     124   59     125   247     126   116     127   224     128   108     129   54     130   8     131   74     132   85     133   22     134   112     135   200     136   50     137   157     138   36     139   27     140   106     141   148     142   210     143   92     144   216     145   255     146   79     147   181     148   178     149   219     150   80     151   204     152   11     153   111     154   241     155   195     156   195     157   122     158   223     159   47     160   194     161   5     162   212     163   248     164   131     165   85     166   23     167   200     168   68     169   92     170   37     171   250     172   94     173   97     174   237     175   64     176   41     177   165     178   207     179   236     180   84     181   43     182   167     183   104     184   58     185   253     186   95     187   228     188   30     189   231     190   222     191   147     192   58     193   199     194   4     195   104     196   179     197   222     198   65     199   48     200   201     201   224     202   199     203   178     204   198     205   64     206   33     207   228     208   230     209   203     210   94     211   141     212   150     214   201     215   123     216   73     217   163     218   212     219   119     220   218     221   72     222   130     223   253     224   243     225   6     226   194     227   232     228   62     229   226     230   32     231   134     232   172     233   95     234   238     235   229     236   110     237   48   
14   119  14   1     119   157     120   43     121   50     122   176     123   45     124   208     125   142     126   142     127   36     128   124     129   76     130   136     131   210     132   169     133   64     134   18     135   237     136   165     137   203     138   131     139   38     140   162     141   242     142   231     143   146     144   231     145   141     146   218     147   95     148   31     149   14     150   142     151   164     152   32     153   187     154   200     155   169     156   11     157   237     158   129     159   56     160   225     161   94     162   161     163   51     164   19     165   90     166   170     167   43     168   157     169   125     170   105     171   232     172   107     173   254     174   182     175   24     176   45     177   89     178   172     179   168     180   84     181   44     182   130     183   23     184   188     185   68     186   237     187   171     188   168     189   44     190   107     191   21     192   126     193   132     194   203     195   23     196   221     197   107     198   127     199   10     200   20     201   36     202   142     203   243     204   110     205   24     206   230     207   149     208   98     209   8     210   91     211   127     212   233     214   193     215   50     216   150     217   31     218   161     219   190     220   191     221   27     222   74     223   68     224   110     225   70     226   238     227   39     228   37     229   237     230   147     231   118     232   165     233   177     234   97     235   167     236   81     237   21   
15   120  15   1     119   111     120   28     121   63     122   18     123   134     124   223     125   9     126   203     127   204     128   175     129   66     130   214     131   147     132   237     133   217     134   83     135   134     136   215     137   181     138   119     139   173     140   65     141   70     142   34     143   169     144   161     145   233     146   248     147   207     148   226     149   205     150   203     151   29     152   176     153   152     154   171     155   237     156   81     157   134     158   138     159   196     160   64     161   20     162   111     163   104     164   131     165   2     166   245     167   28     168   19     169   21     170   228     171   27     172   97     173   91     174   15     175   181     176   1     177   124     178   112     179   193     180   51     181   121     182   241     183   139     184   40     185   50     186   134     187   230     188   102     189   163     190   159     191   197     192   164     193   196     194   43     195   68     196   110     197   91     198   47     199   1     200   78     201   4     202   203     203   4     204   241     205   116     206   42     207   63     208   215     209   44     210   137     211   47     212   174     213   136     214   12     215   227     216   191     217   34     218   193     219   35     220   168     221   51     222   90     223   61     224   252     225   197     226   6     227   102     228   45     229   173     230   34     231   63     232   215     233   112     234   70     235   220     236   231     237   197   
16   119  16   1     119   218     120   61     121   22     122   107     123   123     124   224     125   212     126   182     127   28     128   120     129   121     130   177     131   130     132   243     133   229     134   87     135   123     136   125     137   124     138   40     139   110     140   58     141   118     142   42     143   78     144   79     145   161     146   86     147   95     148   53     149   214     150   158     151   231     152   169     153   168     154   187     155   174     156   6     157   186     158   106     159   73     160   240     161   109     162   218     163   14     164   190     165   243     166   140     167   14     168   127     169   249     170   122     171   29     172   66     173   145     174   28     175   124     176   244     177   165     178   137     179   199     180   72     181   96     182   39     183   160     184   91     185   205     186   41     187   187     188   14     189   198     190   77     191   242     192   138     193   2     194   214     195   255     196   142     197   145     198   90     199   202     200   52     201   15     202   56     203   15     204   131     205   225     206   239     207   22     208   125     209   95     210   41     211   42     212   29     214   6     215   54     216   235     217   241     218   151     219   59     220   155     221   7     222   180     223   159     224   111     225   200     226   85     227   14     228   141     229   94     230   254     231   22     232   70     233   180     234   73     235   32     236   57     237   129   
17   119  17   1     119   58     120   100     121   179     122   86     123   108     124   214     125   245     126   245     127   112     128   91     129   27     130   253     131   37     132   129     133   11     134   56     135   113     136   145     137   242     138   18     139   131     140   110     141   174     142   105     143   46     144   105     145   241     146   206     147   212     148   223     149   227     150   245     151   102     152   139     153   185     154   246     155   129     156   239     157   61     158   225     159   171     160   97     161   35     162   106     163   68     164   207     165   216     166   133     167   100     168   58     169   172     170   156     171   125     172   47     173   190     174   94     175   32     176   108     177   220     178   141     179   118     180   59     181   155     182   229     183   52     184   70     185   240     186   113     187   114     188   118     189   155     190   111     191   199     192   168     193   237     194   242     195   52     196   49     197   111     198   95     199   24     200   48     201   112     202   245     203   89     204   99     205   32     206   158     207   209     208   115     209   235     210   47     211   95     212   138     214   234     215   179     216   216     217   223     218   106     219   181     220   66     221   36     222   19     223   240     224   99     225   3     226   117     227   116     228   135     229   113     230   217     231   67     232   145     233   161     234   119     235   252     236   55     237   199   
18   120  18   1     119   249     120   67     121   95     122   236     123   173     124   125     125   118     126   218     127   3     128   108     129   74     130   11     131   152     132   38     133   54     134   13     135   173     136   153     137   100     138   200     139   85     140   225     141   56     142   142     143   39     144   195     145   84     146   19     147   168     148   27     149   145     150   218     151   209     152   132     153   215     154   30     155   38     156   52     157   173     158   131     159   231     160   115     161   167     162   249     163   32     164   77     165   57     166   23     167   67     168   126     169   53     170   80     171   154     172   86     173   9     174   61     175   100     176   146     177   135     178   17     179   7     180   201     181   103     182   101     183   169     184   83     185   91     186   173     187   105     188   143     189   250     190   14     191   117     192   35     193   231     194   248     195   1     196   107     197   233     198   138     199   146     200   220     201   114     202   218     203   114     204   101     205   99     206   106     207   95     208   153     209   33     210   144     211   138     212   254     213   2     214   150     215   137     216   185     217   30     218   7     219   28     220   181     221   201     222   123     223   102     224   97     225   117     226   75     227   143     228   179     229   85     230   142     231   95     232   153     233   17     234   56     235   214     236   254     237   117   
19   119  19   1     119   179     120   116     121   117     122   118     123   162     124   44     125   120     126   46     127   139     128   124     129   54     130   197     131   122     132   38     133   83     134   72     135   162     136   3     137   73     138   223     139   9     140   159     141   183     142   75     143   188     144   246     145   17     146   2     147   34     148   30     149   236     150   241     151   199     152   123     153   49     154   59     155   144     156   161     157   113     158   60     159   148     160   248     161   215     162   179     163   203     164   68     165   38     166   177     167   203     168   151     169   216     170   232     171   193     172   227     173   112     174   55     175   73     176   205     177   36     178   206     179   114     180   29     181   194     182   94     183   91     184   23     185   140     186   149     187   59     188   203     189   56     190   98     191   108     192   16     193   148     194   236     195   121     196   37     197   112     198   93     199   103     200   84     201   129     202   11     203   129     204   48     205   102     206   173     207   117     208   3     209   34     210   149     211   75     212   193     214   161     215   192     216   152     217   178     218   173     219   213     220   142     221   235     222   186     223   187     224   67     225   243     226   220     227   203     228   251     229   104     230   51     231   117     232   214     233   186     234   87     235   181     236   65     237   243   
20   119  20   1     119   107     120   171     121   167     122   78     123   48     124   146     125   116     126   119     127   203     128   24     129   12     130   37     131   94     132   196     133   152     134   66     135   122     136   144     137   190     138   8     139   6     140   202     141   188     142   91     143   198     144   48     145   135     146   229     147   15     148   250     149   89     150   127     151   230     152   214     153   113     154   166     155   54     156   245     157   128     158   197     159   68     160   48     161   187     162   137     163   164     164   3     165   196     166   191     167   164     168   169     169   198     170   47     171   242     172   136     173   124     174   85     175   190     176   150     177   69     178   143     179   114     180   227     181   216     182   11     183   132     184   181     185   31     186   175     187   39     188   189     189   62     190   226     191   73     192   181     193   83     194   156     195   132     196   221     197   226     198   18     199   222     200   93     201   203     202   170     203   250     204   141     205   53     206   179     207   87     208   25     209   19     210   136     211   91     212   242     214   93     215   115     216   55     217   151     218   137     219   46     220   126     221   82     222   36     223   31     224   232     225   210     226   17     227   238     228   41     229   133     230   148     231   184     232   71     233   175     234   68     235   112     236   13     237   222   
21   119  21   1     119   175     120   247     121   16     122   20     123   187     124   246     125   95     126   95     127   156     128   150     129   231     130   252     131   151     132   28     133   188     134   78     135   24     136   6     137   159     138   186     139   253     140   90     141   201     142   154     143   43     144   154     145   128     146   9     147   23     148   171     149   58     150   95     151   249     152   94     153   82     154   64     155   28     156   70     157   111     158   219     159   232     160   57     161   158     162   133     163   174     164   240     165   107     166   195     167   24     168   87     169   40     170   197     171   30     172   213     173   146     174   221     175   182     176   251     177   180     178   96     179   162     180   81     181   5     182   4     183   50     184   79     185   126     186   98     187   125     188   99     189   5     190   164     191   83     192   247     193   167     194   225     195   50     196   19     197   164     198   73     199   248     200   237     201   156     202   95     203   119     204   216     205   182     206   36     207   54     208   131     209   153     210   213     211   73     212   205     214   103     215   16     216   107     217   171     218   133     219   46     220   45     221   105     222   143     223   126     224   216     225   31     226   189     227   67     228   34     229   98     230   149     231   110     232   71     233   170     234   92     235   2     236   45     237   248   
22   119  22   1     119   130     120   197     121   134     122   41     123   234     124   135     125   154     126   115     127   5     128   180     129   222     130   29     131   181     132   106     133   90     134   23     135   234     136   182     137   21     138   69     139   255     140   62     141   72     142   143     143   105     144   88     145   252     146   53     147   18     148   45     149   174     150   115     151   110     152   145     153   100     154   34     155   106     156   92     157   234     158   152     159   52     160   149     161   244     162   9     163   96     164   215     165   75     166   57     167   197     168   130     169   82     170   240     171   179     172   250     173   27     174   71     175   165     176   171     177   124     178   51     179   9     180   70     181   169     182   175     183   230     184   245     185   237     186   234     187   187     188   140     189   77     190   18     191   159     192   101     193   52     194   21     195   78     196   189     197   38     198   131     199   171     200   121     201   150     202   115     203   150     204   217     205   165     206   190     207   225     208   182     209   99     210   173     211   131     212   31     214   167     215   134     216   214     217   34     218   9     219   36     220   194     221   146     222   141     223   128     224   163     225   159     226   221     227   140     228   200     229   255     230   143     231   225     232   182     233   51     234   72     235   103     236   31     237   159   
23   119  23   1     119   225     120   61     121   50     122   173     123   204     124   183     125   216     126   70     127   114     128   39     129   126     130   212     131   41     132   165     133   151     134   168     135   204     136   7     137   94     138   188     139   21     140   86     141   30     142   175     143   250     144   163     145   45     146   241     147   90     148   197     149   106     150   91     151   37     152   223     153   193     154   148     155   77     156   203     157   205     158   108     159   178     160   78     161   254     162   225     163   169     164   180     165   165     166   16     167   57     168   181     169   229     170   149     171   43     172   113     173   59     174   136     175   94     176   24     177   84     178   244     179   202     180   49     181   44     182   125     183   116     184   35     185   138     186   68     187   148     188   57     189   147     190   137     191   252     192   219     193   178     194   106     195   46     196   249     197   59     198   122     199   24     200   111     201   96     202   228     203   96     204   112     205   254     206   215     207   50     208   7     209   90     210   68     211   175     212   43     214   160     215   221     216   174     217   23     218   215     219   15     220   123     221   146     222   35     223   2     224   200     225   170     226   26     227   57     228   73     229   3     230   119     231   50     232   8     233   244     234   104     235   239     236   189     237   170   
24   119  24   1     119   227     120   38     121   6     122   102     123   249     124   233     125   68     126   169     127   202     128   59     129   147     130   133     131   191     132   180     133   189     134   245     135   97     136   95     137   213     138   226     139   61     140   145     141   99     142   149     143   2     144   118     145   26     146   64     147   126     148   231     149   204     150   75     151   173     152   219     153   110     154   51     155   177     156   153     157   134     158   239     159   50     160   118     161   255     162   63     163   88     164   104     165   180     166   142     167   88     168   144     169   2     170   209     171   5     172   100     173   166     174   176     175   213     176   152     177   244     178   248     179   230     180   135     181   254     182   15     183   247     184   218     185   167     186   87     187   51     188   56     189   83     190   220     191   1     192   218     193   119     194   204     195   247     196   212     197   166     198   111     199   57     200   82     201   202     202   125     203   231     204   78     205   92     206   189     207   6     208   96     209   52     210   100     211   149     212   5     214   82     215   37     216   234     217   195     218   63     219   138     220   16     221   44     222   222     223   254     224   136     225   11     226   130     227   79     228   22     229   172     230   46     231   18     232   223     233   87     234   50     235   53     236   200     237   57   
25   119  25   1     119   182     120   61     121   1     122   107     123   240     124   224     125   185     126   185     127   192     128   227     129   60     130   198     131   59     132   200     133   194     134   96     135   143     136   234     137   181     138   40     139   30     140   197     141   90     142   42     143   249     144   42     145   8     146   86     147   51     148   241     149   32     150   158     151   89     152   97     153   168     154   4     155   238     156   238     157   186     158   246     159   128     160   85     161   109     162   151     163   110     164   15     165   243     166   121     167   143     168   55     169   140     170   147     171   101     172   146     173   164     174   28     175   225     176   244     177   76     178   137     179   167     180   72     181   159     182   71     183   174     184   184     185   99     186   171     187   22     188   115     189   159     190   77     191   112     192   91     193   56     194   214     195   174     196   116     197   77     198   90     199   129     200   31     201   192     202   185     203   53     204   131     205   225     206   69     207   97     208   125     209   95     210   146     211   82     212   29     214   52     215   1     216   235     217   241     218   151     219   102     220   19     221   80     222   180     223   99     224   111     225   189     226   85     227   113     228   175     229   171     230   150     231   98     232   54     233   41     234   204     235   173     236   19     237   129   
26   119  26   1     119   153     120   142     121   244     122   201     123   80     124   168     125   156     126   156     127   49     128   170     129   25     130   66     131   246     132   179     133   85     134   32     135   146     136   18     137   152     138   175     139   10     140   233     141   54     142   114     143   87     144   237     145   238     146   215     147   17     148   164     149   97     150   156     151   55     152   212     153   188     154   247     155   179     156   90     157   146     158   82     159   139     160   185     161   52     162   134     163   209     164   159     165   160     166   220     167   142     168   153     169   143     170   89     171   35     172   59     173   151     174   23     175   95     176   80     177   207     178   2     179   150     180   75     181   117     182   61     183   37     184   104     185   27     186   146     187   249     188   150     189   117     190   17     191   219     192   224     193   227     194   152     195   145     196   44     197   154     198   197     199   127     200   254     201   93     202   156     203   93     204   144     205   95     206   200     207   172     208   89     209   53     210   133     211   197     212   250     214   231     215   244     216   195     217   164     218   134     219   34     220   7     221   48     222   202     223   33     224   138     225   107     226   253     227   47     228   101     229   10     230   114     231   172     232   18     233   2     234   68     235   88     236   250     237   219   
27   119  27   1     119   112     120   177     121   20     122   103     123   44     124   245     125   189     126   236     127   135     128   154     129   3     130   57     131   32     132   159     133   139     134   4     135   44     136   93     137   196     138   149     139   142     140   60     141   87     142   176     143   68     144   221     145   92     146   157     147   184     148   203     149   146     150   167     151   164     152   133     153   183     154   170     155   8     156   113     157   44     158   208     159   47     160   41     161   56     162   112     163   27     164   109     165   159     166   237     167   177     168   114     169   12     170   181     171   30     172   166     173   243     174   195     175   196     176   21     177   2     178   254     179   110     180   232     181   67     182   185     183   197     184   230     185   253     186   239     187   170     188   205     189   247     190   220     191   6     192   156     193   47     194   13     195   125     196   101     197   243     198   127     199   21     200   255     201   84     202   19     203   84     204   185     205   56     206   24     207   20     208   93     209   21     210   239     211   89     212   30     214   252     215   222     216   70     217   176     218   110     219   165     220   96     221   232     222   230     223   62     224   80     225   58     226   126     227   205     228   115     229   33     230   228     231   20     232   248     233   254     234   172     235   202     236   138     237   58   
28   119  28   1     119   229     120   29     121   90     122   147     123   166     124   11     125   30     126   133     127   235     128   31     129   129     130   118     131   114     132   135     133   68     134   18     135   210     136   201     137   85     138   254     139   69     140   183     141   228     142   219     143   47     144   62     145   67     146   142     147   230     148   137     149   59     150   123     151   233     152   215     153   75     154   199     155   240     156   111     157   91     158   15     159   220     160   62     161   252     162   115     163   251     164   17     165   135     166   131     167   251     168   236     169   54     170   57     171   119     172   165     173   28     174   235     175   85     176   116     177   9     178   189     179   146     180   64     181   190     182   153     183   223     184   204     185   7     186   98     187   199     188   50     189   14     190   150     191   27     192   204     193   37     194   59     195   89     196   78     197   28     198   80     199   41     200   21     201   103     202   203     203   137     204   12     205   151     206   68     207   90     208   201     209   134     210   143     211   219     212   119     214   21     215   48     216   38     217   162     218   115     219   114     220   173     221   243     222   160     223   231     224   217     225   245     226   55     227   251     228   247     229   26     230   197     231   155     232   187     233   98     234   220     235   157     236   87     237   41   
29   119  29   1     119   231     120   195     121   125     122   101     123   194     124   65     125   70     126   231     127   90     128   97     129   190     130   73     131   208     132   149     133   160     134   45     135   205     136   116     137   136     138   212     139   95     140   206     141   128     142   46     143   112     144   194     145   207     146   166     147   31     148   191     149   27     150   51     151   7     152   80     153   184     154   233     155   157     156   157     157   193     158   209     159   132     160   33     161   118     162   129     163   241     164   161     165   69     166   28     167   205     168   246     169   112     170   104     171   185     172   21     173   158     174   165     175   60     176   43     177   16     178   222     179   25     180   249     181   78     182   117     183   171     184   253     185   170     186   63     187   144     188   41     189   78     190   109     191   174     192   253     193   87     194   202     195   171     196   176     197   109     198   128     199   17     200   34     201   90     202   87     203   12     204   235     205   60     206   162     207   80     208   245     209   20     210   21     211   135     212   216     214   113     215   125     216   9     217   191     218   129     219   62     220   167     221   181     222   29     223   170     224   140     225   175     226   33     227   211     228   55     229   63     230   30     231   215     232   139     233   169     234   124     235   44     236   4     237   17   
30   119  30   1     119   244     120   209     121   158     122   55     123   195     124   10     125   141     126   141     127   252     128   105     129   249     130   159     131   253     132   120     133   186     134   126     135   185     136   92     137   75     138   174     139   242     140   73     141   228     142   222     143   217     144   143     145   132     146   60     147   128     148   93     149   61     150   141     151   91     152   224     153   6     154   66     155   120     156   49     157   185     158   160     159   168     160   157     161   135     162   64     163   153     164   81     165   155     166   113     167   209     168   244     169   110     170   237     171   162     172   12     173   192     174   37     175   72     176   195     177   146     178   99     179   127     180   177     181   196     182   169     183   101     184   19     185   193     186   185     187   118     188   127     189   196     190   128     191   107     192   103     193   187     194   75     195   101     196   41     197   12     198   96     199   54     200   108     201   43     202   141     203   227     204   23     205   72     206   136     207   204     208   237     209   56     210   156     211   96     212   165     214   125     215   158     216   197     217   93     218   64     219   29     220   26     221   65     222   235     223   193     224   23     225   207     226   176     227   245     228   251     229   185     230   222     231   95     232   92     233   99     234   58     235   82     236   170     237   107   
31   120  31   1     119   243     120   237     121   187     122   21     123   76     124   128     125   132     126   146     127   238     128   19     129   93     130   4     131   37     132   60     133   135     134   39     135   76     136   127     137   249     138   239     139   229     140   208     141   172     142   45     143   109     144   235     145   191     146   39     147   99     148   205     149   149     150   203     151   150     152   115     153   87     154   226     155   78     156   51     157   76     158   66     159   17     160   171     161   18     162   243     163   143     164   198     165   60     166   82     167   237     168   110     169   105     170   202     171   104     172   11     173   58     174   131     175   249     176   123     177   157     178   147     179   155     180   181     181   23     182   163     183   57     184   36     185   206     186   76     187   60     188   119     189   29     190   43     191   186     192   97     193   17     194   169     195   90     196   136     197   58     198   88     199   123     200   83     201   241     202   193     203   241     204   163     205   98     206   210     207   187     208   127     209   123     210   207     211   88     212   104     213   180     214   14     215   182     216   240     217   45     218   155     219   86     220   111     221   181     222   65     223   77     224   214     225   106     226   7     227   119     228   174     229   229     230   45     231   187     232   127     233   147     234   216     235   13     236   71     237   106   
32   119  32   1     119   143     120   199     121   23     122   122     123   222     124   182     125   110     126   11     127   223     128   9     129   68     130   245     131   211     132   197     133   121     134   240     135   229     136   109     137   32     138   7     139   30     140   57     141   232     142   157     143   75     144   18     145   81     146   189     147   162     148   149     149   244     150   12     151   17     152   3     153   78     154   61     155   253     156   179     157   112     158   55     159   181     160   18     161   201     162   143     163   225     164   89     165   197     166   68     167   225     168   247     169   13     170   147     171   146     172   119     173   160     174   223     175   32     176   59     177   120     178   86     179   29     180   248     181   255     182   171     183   28     184   139     185   213     186   74     187   61     188   225     189   80     190   156     191   136     192   139     193   154     194   244     195   190     196   168     197   160     198   198     199   43     200   216     201   172     202   163     203   149     204   158     205   251     206   26     207   23     208   109     209   162     210   218     211   157     212   146     214   179     215   66     216   51     217   95     218   19     219   116     220   104     221   254     222   145     223   65     224   83     225   177     226   106     227   225     228   127     229   239     230   243     231   23     232   25     233   145     234   181     235   42     236   238     237   4   
33   119  33   1     119   16     120   66     121   63     122   108     123   233     124   62     125   72     126   16     127   141     128   250     129   125     130   173     131   192     132   168     133   243     134   200     135   174     136   165     137   6     138   86     139   176     140   78     141   157     142   40     143   51     144   233     145   229     146   46     147   37     148   167     149   179     150   70     151   118     152   247     153   160     154   252     155   89     156   130     157   9     158   107     159   161     160   111     161   238     162   156     163   103     164   88     165   168     166   197     167   174     168   217     169   51     170   96     171   241     172   95     173   185     174   206     175   1     176   21     177   98     178   44     179   248     180   158     181   121     182   14     183   34     184   8     185   137     186   105     187   85     188   94     189   15     190   93     191   31     192   8     193   129     194   216     195   34     196   145     197   93     198   55     199   201     200   152     201   141     202   129     203   167     204   183     205   1     206   184     207   85     208   57     209   244     210   95     211   65     212   241     214   152     215   59     216   154     217   214     218   156     219   74     220   133     221   172     222   110     223   137     224   144     225   180     226   111     227   32     228   208     229   225     230   142     231   182     232   249     233   105     234   161     235   99     236   150     237   201   
34   119  34   1     119   112     120   177     121   20     122   103     123   44     124   245     125   189     126   236     127   135     128   11     129   3     130   57     131   32     132   159     133   139     134   4     135   44     136   93     137   196     138   149     139   33     140   60     141   87     142   176     143   68     144   221     145   92     146   157     147   184     148   203     149   146     150   167     151   164     152   133     153   183     154   170     155   8     156   113     157   44     158   208     159   47     160   41     161   56     162   112     163   27     164   109     165   159     166   237     167   177     168   114     169   12     170   181     171   30     172   166     173   243     174   195     175   196     176   21     177   2     178   254     179   110     180   232     181   67     182   185     183   197     184   230     185   253     186   239     187   159     188   205     189   247     190   220     191   6     192   156     193   47     194   13     195   125     196   101     197   243     198   127     199   21     200   255     201   84     202   19     203   84     204   185     205   170     206   24     207   20     208   93     209   21     210   239     211   89     212   30     214   252     215   222     216   70     217   176     218   110     219   165     220   96     221   232     222   230     223   62     224   80     225   58     226   126     227   205     228   115     229   33     230   228     231   20     232   248     233   254     234   172     235   202     236   138     237   58   
35   119  35   1     119   125     120   211     121   182     122   25     123   6     124   186     125   85     126   112     127   80     128   220     129   97     130   100     131   122     132   127     133   227     134   119     135   109     136   175     137   18     138   191     139   106     140   199     141   244     142   216     143   84     144   165     145   123     146   202     147   251     148   82     149   50     150   207     151   95     152   250     153   71     154   130     155   146     156   169     157   63     158   164     159   64     160   165     161   176     162   243     163   40     164   241     165   127     166   97     167   40     168   200     169   153     170   61     171   237     172   128     173   90     174   80     175   18     176   107     177   181     178   196     179   144     180   253     181   66     182   42     183   198     184   56     185   152     186   2     187   130     188   40     189   45     190   142     191   194     192   56     193   103     194   50     195   48     196   208     197   90     198   133     199   69     200   239     201   149     202   160     203   82     204   34     205   7     206   47     207   182     208   175     209   246     210   67     211   216     212   237     214   239     215   136     216   225     217   24     218   243     219   122     220   188     221   20     222   23     223   114     224   215     225   5     226   16     227   40     228   10     229   75     230   141     231   37     232   213     233   2     234   64     235   52     236   29     237   69   
36   119  36   1     119   134     120   251     121   64     122   223     123   214     124   162     125   97     126   134     127   74     128   107     129   187     130   91     131   102     132   112     133   202     134   37     135   96     136   24     137   118     138   210     139   211     140   23     141   204     142   82     143   172     144   214     145   58     146   36     147   92     148   150     149   232     150   84     151   195     152   101     153   85     154   29     155   5     156   5     157   161     158   75     159   183     160   228     161   66     162   46     163   130     164   231     165   22     166   43     167   96     168   65     169   172     170   51     171   120     172   115     173   114     174   83     175   226     176   203     177   234     178   253     179   178     180   247     181   20     182   53     183   200     184   67     185   229     186   149     187   233     188   145     189   215     190   170     191   81     192   67     193   166     194   163     195   200     196   32     197   170     198   3     199   199     200   147     201   74     202   166     203   193     204   71     205   226     206   144     207   233     208   54     209   94     210   115     211   192     212   19     214   129     215   64     216   88     217   150     218   46     219   184     220   9     221   185     222   6     223   229     224   194     225   124     226   228     227   17     228   224     229   149     230   113     231   165     232   1     233   146     234   109     235   8     236   180     237   199   
37   119  37   1     119   180     120   83     121   98     122   244     123   64     124   217     125   176     126   176     127   242     128   136     129   16     130   163     131   35     132   197     133   68     134   121     135   26     136   227     137   18     138   235     139   8     140   141     141   56     142   47     143   21     144   47     145   55     146   236     147   20     148   34     149   45     150   176     151   158     152   27     153   188     154   149     155   197     156   72     157   26     158   17     159   87     160   60     161   105     162   10     163   31     164   71     165   128     166   66     167   83     168   180     169   245     170   191     171   142     172   101     173   30     174   231     175   76     176   64     177   7     178   81     179   184     180   92     181   61     182   150     183   237     184   210     185   223     186   26     187   63     188   184     189   61     190   101     191   23     192   114     193   133     194   18     195   237     196   130     197   101     198   15     199   53     200   106     201   29     202   176     203   69     204   241     205   76     206   82     207   123     208   215     209   207     210   253     211   15     212   243     214   39     215   98     216   252     217   34     218   10     219   40     220   85     221   203     222   3     223   223     224   241     225   37     226   157     227   117     228   143     229   26     230   104     231   189     232   227     233   81     234   80     235   25     236   200     237   23   
38   120  38   1     119   23     120   135     121   251     122   74     123   126     124   183     125   37     126   140     127   100     128   145     129   166     130   146     131   220     132   55     133   198     134   149     135   126     136   11     137   103     138   206     139   190     140   16     141   248     142   229     143   224     144   92     145   105     146   149     147   210     148   99     149   253     150   184     151   30     152   160     153   214     154   207     155   55     156   117     157   126     158   156     159   216     160   137     161   59     162   23     163   255     164   185     165   61     166   238     167   135     168   211     169   162     170   18     171   8     172   218     173   230     174   84     175   103     176   153     177   196     178   38     179   31     180   25     181   3     182   176     183   5     184   118     185   128     186   126     187   61     188   50     189   115     190   62     191   65     192   155     193   216     194   192     195   215     196   142     197   230     198   158     199   153     200   68     201   94     202   200     203   94     204   176     205   120     206   89     207   251     208   11     209   40     210   42     211   158     212   8     213   179     214   226     215   250     216   244     217   229     218   31     219   124     220   121     221   25     222   127     223   212     224   203     225   65     226   113     227   50     228   177     229   190     230   229     231   251     232   11     233   38     234   41     235   1     236   164     237   65   
39   119  39   1     119   160     120   164     121   230     122   32     123   182     124   151     125   155     126   19     127   118     128   142     129   109     130   128     131   31     132   57     133   223     134   103     135   28     136   198     137   37     138   122     139   104     140   55     141   181     142   161     143   89     144   186     145   22     146   132     147   44     148   239     149   64     150   105     151   92     152   93     153   190     154   16     155   206     156   112     157   243     158   195     159   202     160   1     161   80     162   160     163   59     164   88     165   57     166   109     167   59     168   29     169   169     170   85     171   149     172   137     173   177     174   118     175   37     176   170     177   189     178   108     179   53     180   41     181   83     182   162     183   245     184   135     185   165     186   153     187   16     188   59     189   214     190   97     191   218     192   84     193   219     194   64     195   217     196   255     197   177     198   100     199   54     200   12     201   216     202   236     203   239     204   252     205   116     206   79     207   230     208   198     209   44     210   153     211   161     212   149     214   112     215   215     216   228     217   226     218   193     219   212     220   33     221   147     222   200     223   138     224   139     225   237     226   188     227   59     228   199     229   207     230   58     231   230     232   18     233   200     234   202     235   246     236   15     237   39   
40   119  40   1     119   106     120   255     121   112     122   192     123   6     124   85     125   128     126   106     127   243     128   3     129   143     130   39     131   194     132   150     133   19     134   79     135   72     136   18     137   222     138   1     139   201     140   94     141   153     142   225     143   209     144   6     145   116     146   63     147   101     148   88     149   166     150   107     151   213     152   135     153   163     154   221     155   207     156   61     157   16     158   59     159   134     160   175     161   253     162   188     163   154     164   234     165   150     166   115     167   72     168   184     169   209     170   97     171   89     172   17     173   217     174   41     175   37     176   219     177   43     178   117     179   73     180   246     181   27     182   235     183   158     184   53     185   103     186   113     187   110     188   52     189   206     190   91     191   164     192   53     193   224     194   157     195   158     196   56     197   91     198   69     199   210     200   40     201   243     202   82     203   88     204   50     205   37     206   252     207   110     208   174     209   232     210   17     211   225     212   89     214   40     215   228     216   98     217   118     218   188     219   202     220   198     221   2     222   138     223   103     224   29     225   93     226   175     227   212     228   168     229   51     230   156     231   23     232   108     233   113     234   134     235   14     236   195     237   210   
41   119  41   1     119   98     120   31     121   225     122   158     123   252     124   8     125   164     126   164     127   59     128   116     129   63     130   71     131   162     132   96     133   228     134   147     135   31     136   187     137   92     138   42     139   145     140   13     141   208     142   245     143   70     144   245     145   91     146   40     147   249     148   29     149   113     150   164     151   238     152   114     153   243     154   163     155   96     156   109     157   154     158   128     159   217     160   22     161   172     162   242     163   180     164   198     165   229     166   159     167   31     168   98     169   33     170   81     171   209     172   176     173   11     174   125     175   171     176   252     177   26     178   124     179   53     180   148     181   169     182   127     183   143     184   69     185   173     186   205     187   202     188   53     189   169     190   251     191   37     192   222     193   156     194   241     195   143     196   134     197   251     198   139     199   56     200   112     201   59     202   164     203   133     204   231     205   171     206   160     207   240     208   60     209   146     210   176     211   139     212   175     214   100     215   225     216   229     217   29     218   242     219   239     220   186     221   84     222   220     223   173     224   231     225   7     226   50     227   196     228   110     229   205     230   19     231   76     232   187     233   203     234   195     235   177     236   136     237   37   
42   119  42   1     119   115     120   223     121   93     122   62     123   250     124   235     125   31     126   102     127   152     128   176     129   48     130   244     131   58     132   128     133   88     134   217     135   250     136   185     137   220     138   165     139   42     140   231     141   25     142   207     143   3     144   81     145   169     146   64     147   65     148   44     149   213     150   102     151   146     152   184     153   191     154   153     155   128     156   67     157   250     158   22     159   202     160   170     161   141     162   83     163   173     164   158     165   154     166   118     167   223     168   115     169   192     170   159     171   33     172   178     173   239     174   172     175   220     176   77     177   32     178   91     179   174     180   38     181   68     182   95     183   204     184   7     185   107     186   250     187   5     188   76     189   203     190   65     191   135     192   53     193   202     194   208     195   2     196   30     197   139     198   249     199   77     200   75     201   41     202   102     203   41     204   95     205   114     206   157     207   93     208   185     209   46     210   86     211   249     212   253     214   123     215   97     216   20     217   153     218   174     219   130     220   78     221   38     222   198     223   199     224   105     225   135     226   179     227   76     228   99     229   42     230   207     231   93     232   185     233   91     234   25     235   60     236   253     237   135   
43   119  43   1     119   249     120   67     121   95     122   198     123   173     124   24     125   118     126   246     127   3     128   183     129   74     130   63     131   152     132   105     133   54     134   19     135   173     136   153     137   100     138   109     139   232     140   225     141   56     142   138     143   62     144   195     145   84     146   238     147   168     148   27     149   145     150   155     151   209     152   239     153   18     154   99     155   38     156   52     157   158     158   59     159   231     160   115     161   242     162   249     163   143     164   77     165   105     166   23     167   143     168   126     169   53     170   80     171   254     172   86     173   233     174   61     175   100     176   160     177   135     178   57     179   7     180   10     181   103     182   31     183   169     184   123     185   91     186   144     187   99     188   143     189   250     190   36     191   148     192   35     193   231     194   145     195   1     196   107     197   233     198   134     199   146     200   110     201   114     202   6     203   114     204   101     205   229     206   106     207   95     208   153     209   168     210   144     211   138     212   254     214   150     215   137     216   185     217   142     218   106     219   28     220   181     221   201     222   17     223   102     224   21     225   117     226   244     227   143     228   234     229   85     230   252     231   95     232   133     233   17     234   247     235   214     236   251     237   117   
44   119  44   1     119   149     120   201     121   78     122   218     123   23     124   71     125   103     126   84     127   231     128   133     129   204     130   79     131   215     132   24     133   237     134   22     135   137     136   101     137   145     138   136     139   102     140   246     141   179     142   130     143   58     144   23     145   31     146   19     147   255     148   225     149   169     150   220     151   32     152   55     153   50     154   20     155   113     156   30     157   104     158   9     159   112     160   23     161   196     162   241     163   54     164   51     165   24     166   128     167   54     168   235     169   58     170   229     171   105     172   224     173   239     174   108     175   145     176   3     177   97     178   151     179   1     180   117     181   217     182   187     183   44     184   42     185   242     186   141     187   109     188   162     189   249     190   100     191   173     192   42     193   10     194   169     195   44     196   140     197   239     198   47     199   191     200   228     201   231     202   216     203   225     204   181     205   66     206   76     207   78     208   148     209   62     210   224     211   130     212   105     214   228     215   238     216   96     217   18     218   241     219   244     220   205     221   27     222   94     223   242     224   206     225   115     226   28     227   168     228   131     229   61     230   33     231   247     232   67     233   141     234   112     235   35     236   221     237   191   
45   119  45   1     119   141     120   60     121   13     122   165     123   196     124   45     125   198     126   198     127   169     128   3     129   49     130   135     131   18     132   193     133   179     134   218     135   133     136   102     137   154     138   213     139   150     140   147     141   197     142   207     143   161     144   207     145   104     146   153     147   122     148   201     149   189     150   88     151   210     152   215     153   27     154   52     155   193     156   82     157   209     158   234     159   206     160   142     161   139     162   61     163   156     164   75     165   149     166   111     167   133     168   78     169   146     170   9     171   227     172   4     173   71     174   140     175   25     176   240     177   59     178   46     179   80     180   40     181   85     182   68     183   53     184   203     185   205     186   12     187   254     188   29     189   85     190   54     191   10     192   60     193   5     194   87     195   53     196   62     197   54     198   197     199   195     200   155     201   169     202   198     203   84     204   217     205   25     206   94     207   113     208   91     209   252     210   4     211   173     212   129     214   89     215   13     216   107     217   201     218   61     219   244     220   199     221   183     222   151     223   205     224   217     225   242     226   162     227   7     228   56     229   12     230   48     231   192     232   67     233   216     234   245     235   34     236   199     237   195   
46   119  46   1     119   81     120   66     121   124     122   99     123   50     124   48     125   191     126   255     127   97     128   37     129   120     130   143     131   105     132   93     133   156     134   77     135   148     136   189     137   213     138   139     139   65     140   46     141   176     142   106     143   137     144   4     145   149     146   160     147   44     148   78     149   83     150   255     151   94     152   49     153   178     154   237     155   93     156   41     157   148     158   39     159   236     160   28     161   207     162   22     163   159     164   110     165   100     166   215     167   66     168   81     169   198     170   226     171   220     172   32     173   58     174   19     175   221     176   50     177   92     178   21     179   22     180   95     181   170     182   31     183   227     184   131     185   109     186   148     187   134     188   190     189   209     190   44     191   222     192   254     193   236     194   213     195   5     196   51     197   192     198   29     199   144     200   61     201   200     202   255     203   200     204   129     205   221     206   231     207   26     208   189     209   75     210   135     211   29     212   23     214   69     215   124     216   34     217   78     218   22     219   88     220   187     221   229     222   242     223   201     224   104     225   222     226   172     227   190     228   121     229   65     230   106     231   26     232   189     233   21     234   176     235   102     236   23     237   222   
47   119  47   1     119   227     120   185     121   6     122   107     123   249     124   167     125   187     126   169     127   176     128   59     129   142     130   133     131   251     132   180     133   178     134   245     135   249     136   96     137   213     138   183     139   61     140   10     141   99     142   149     143   30     144   171     145   26     146   64     147   52     148   89     149   204     150   75     151   197     152   68     153   184     154   51     155   247     156   153     157   134     158   211     159   119     160   118     161   255     162   227     163   138     164   104     165   180     166   163     167   88     168   23     169   2     170   76     171   5     172   49     173   166     174   174     175   213     176   124     177   244     178   222     179   230     180   135     181   101     182   15     183   175     184   218     185   80     186   87     187   51     188   88     189   83     190   209     191   1     192   58     193   119     194   204     195   155     196   159     197   166     198   111     199   124     200   164     201   237     202   125     203   237     204   78     205   255     206   4     207   6     208   96     209   52     210   87     211   149     212   5     214   42     215   37     216   234     217   195     218   230     219   191     220   16     221   44     222   218     223   254     224   24     225   11     226   130     227   88     228   22     229   129     230   46     231   6     232   223     233   222     234   50     235   35     236   200     237   11   
48   119  48   1     119   155     120   93     121   194     122   126     123   1     124   192     125   151     126   227     127   62     128   209     129   230     130   229     131   224     132   111     133   85     134   152     135   104     136   188     137   7     138   79     139   19     140   83     141   221     142   36     143   181     144   191     145   154     146   35     147   81     148   236     149   252     150   172     151   148     152   43     153   144     154   63     155   204     156   189     157   132     158   2     159   235     160   191     161   195     162   166     163   12     164   82     165   111     166   106     167   12     168   135     169   181     170   112     171   163     172   203     173   27     174   24     175   7     176   105     177   76     178   213     179   56     180   80     181   23     182   248     183   45     184   255     185   207     186   244     187   63     188   176     189   131     190   61     191   212     192   255     193   107     194   252     195   45     196   211     197   27     198   68     199   100     200   87     201   183     202   48     203   236     204   15     205   123     206   85     207   194     208   188     209   41     210   203     211   36     212   163     214   87     215   60     216   161     217   4     218   166     219   224     220   193     221   6     222   136     223   23     224   168     225   143     226   243     227   219     228   3     229   64     230   179     231   116     232   92     233   244     234   235     235   253     236   139     237   100   
49   119  49   1     119   89     120   223     121   237     122   56     123   200     124   190     125   219     126   89     127   82     128   148     129   50     130   6     131   139     132   105     133   149     134   41     135   21     136   66     137   247     138   215     139   25     140   44     141   79     142   16     143   30     144   16     145   59     146   231     147   176     148   37     149   236     150   142     151   101     152   196     153   64     154   147     155   209     156   209     157   241     158   156     159   151     160   205     161   108     162   88     163   70     164   130     165   226     166   137     167   21     168   35     169   63     170   203     171   87     172   38     173   232     174   222     175   83     176   91     177   109     178   65     179   194     180   254     181   99     182   124     183   20     184   54     185   3     186   106     187   34     188   117     189   99     190   128     191   95     192   162     193   161     194   112     195   20     196   204     197   128     198   79     199   122     200   244     201   82     202   161     203   228     204   189     205   83     206   187     207   196     208   26     209   49     210   38     211   116     212   51     214   9     215   237     216   175     217   37     218   88     219   125     220   240     221   179     222   158     223   3     224   171     225   72     226   205     227   178     228   249     229   106     230   181     231   238     232   206     233   58     234   250     235   62     236   92     237   122   
50   119  50   1     119   147     120   5     121   6     122   137     123   26     124   100     125   177     126   177     127   186     128   112     129   250     130   174     131   18     132   138     133   56     134   93     135   221     136   180     137   153     138   240     139   68     140   212     141   193     142   83     143   44     144   252     145   226     146   69     147   170     148   28     149   237     150   177     151   203     152   91     153   236     154   24     155   138     156   94     157   221     158   14     159   39     160   206     161   213     162   85     163   121     164   175     165   52     166   11     167   5     168   147     169   15     170   64     171   67     172   179     173   255     174   150     175   124     176   26     177   181     178   20     179   245     180   244     181   101     182   143     183   127     184   183     185   238     186   221     187   116     188   245     189   101     190   170     191   61     192   142     193   144     194   153     195   195     196   37     197   141     198   241     199   33     200   66     201   104     202   177     203   190     204   45     205   124     206   131     207   76     208   64     209   223     210   75     211   241     212   106     214   184     215   6     216   205     217   28     218   85     219   73     220   54     221   253     222   151     223   87     224   45     225   169     226   92     227   59     228   197     229   68     230   83     231   76     232   180     233   20     234   146     235   74     236   106     237   61   
51   119  51   1     119   86     120   134     121   102     122   89     123   167     124   137     125   110     126   86     127   213     128   221     129   224     130   121     131   207     132   13     133   25     134   185     135   85     136   82     137   88     138   75     139   112     140   54     141   131     142   135     143   214     144   167     145   87     146   223     147   216     148   145     149   92     150   29     151   231     152   64     153   38     154   133     155   215     156   73     157   196     158   238     159   201     160   117     161   16     162   108     163   94     164   56     165   13     166   187     167   94     168   93     169   214     170   233     171   218     172   143     173   37     174   188     175   239     176   34     177   42     178   28     179   30     180   175     181   123     182   115     183   111     184   43     185   78     186   45     187   103     188   96     189   156     190   76     191   202     192   43     193   204     194   178     195   111     196   51     197   76     198   77     199   11     200   247     201   213     202   101     203   145     204   199     205   239     206   91     207   103     208   62     209   174     210   143     211   135     212   218     214   247     215   253     216   52     217   193     218   108     219   173     220   254     221   150     222   154     223   78     224   220     225   235     226   117     227   172     228   153     229   140     230   249     231   40     232   241     233   45     234   201     235   197     236   3     237   11   
52   119  52   1     119   218     120   190     121   212     122   225     123   59     124   89     125   34     126   34     127   101     128   155     129   199     130   167     131   209     132   139     133   208     134   188     135   190     136   161     137   187     138   113     139   237     140   93     141   185     142   196     143   1     144   196     145   238     146   32     147   63     148   239     149   159     150   34     151   216     152   104     153   55     154   119     155   139     156   214     157   67     158   249     159   70     160   65     161   123     162   145     163   144     164   248     165   118     166   71     167   190     168   72     169   223     170   230     171   31     172   50     173   174     174   88     175   46     176   59     177   186     178   194     179   207     180   233     181   127     182   53     183   245     184   246     185   221     186   86     187   3     188   207     189   127     190   110     191   125     192   19     193   176     194   102     195   245     196   10     197   110     198   87     199   146     200   57     201   101     202   34     203   253     204   39     205   46     206   128     207   192     208   48     209   26     210   50     211   87     212   140     214   41     215   212     216   118     217   239     218   145     219   126     220   58     221   226     222   66     223   221     224   39     225   85     226   154     227   169     228   33     229   86     230   69     231   9     232   156     233   165     234   252     235   148     236   160     237   146   
53   119  53   1     119   120     120   58     121   244     122   39     123   99     124   57     125   157     126   193     127   65     128   209     129   224     130   164     131   196     132   49     133   230     134   38     135   99     136   251     137   12     138   104     139   111     140   1     141   129     142   145     143   14     144   204     145   80     146   150     147   103     148   115     149   30     150   193     151   101     152   10     153   231     154   176     155   49     156   152     157   99     158   183     159   131     160   94     161   248     162   51     163   179     164   93     165   190     166   106     167   58     168   120     169   78     170   172     171   186     172   46     173   218     174   66     175   137     176   95     177   75     178   232     179   189     180   87     181   117     182   11     183   159     184   237     185   8     186   99     187   18     188   174     189   114     190   103     191   220     192   242     193   131     194   12     195   255     196   108     197   228     198   109     199   95     200   67     201   97     202   193     203   97     204   11     205   137     206   83     207   244     208   251     209   140     210   33     211   109     212   142     214   163     215   44     216   72     217   176     218   189     219   206     220   81     221   53     222   187     223   74     224   247     225   220     226   223     227   174     228   211     229   111     230   145     231   244     232   251     233   232     234   129     235   216     236   142     237   220   
54   119  54   1     119   235     120   147     121   214     122   55     123   45     124   140     125   42     126   50     127   159     128   75     129   105     130   220     131   148     132   240     133   38     134   156     135   45     136   225     137   195     138   155     139   157     140   103     141   138     142   125     143   169     144   139     145   198     146   190     147   145     148   19     149   110     150   11     151   98     152   203     153   65     154   149     155   37     156   204     157   183     158   21     159   68     160   150     161   251     162   235     163   193     164   63     165   240     166   85     167   193     168   165     169   185     170   15     171   189     172   44     173   232     174   54     175   195     176   241     177   78     178   255     179   86     180   101     181   92     182   218     183   228     184   25     185   31     186   27     187   149     188   193     189   116     190   207     191   210     192   153     193   68     194   110     195   117     196   26     197   232     198   59     199   241     200   166     201   227     202   35     203   227     204   182     205   174     206   111     207   214     208   225     209   145     210   27     211   125     212   189     214   56     215   226     216   231     217   180     218   111     219   69     220   161     221   238     222   25     223   41     224   191     225   181     226   216     227   193     228   119     229   179     230   87     231   214     232   164     233   118     234   71     235   52     236   1     237   181   
55   119  55   1     119   28     120   53     121   5     122   85     123   77     124   19     125   102     126   115     127   175     128   168     129   84     130   73     131   110     132   238     133   109     134   1     135   223     136   254     137   49     138   147     139   173     140   87     141   220     142   81     143   3     144   77     145   23     146   96     147   65     148   26     149   170     150   224     151   117     152   56     153   89     154   164     155   103     156   91     157   197     158   22     159   43     160   77     161   14     162   174     163   116     164   21     165   238     166   201     167   116     168   216     169   3     170   55     171   137     172   86     173   245     174   232     175   49     176   212     177   142     178   132     179   76     180   74     181   129     182   134     183   2     184   183     185   122     186   242     187   164     188   36     189   244     190   178     191   135     192   183     193   194     194   170     195   2     196   190     197   245     198   214     199   171     200   123     201   175     202   205     203   26     204   105     205   114     206   157     207   5     208   80     209   46     210   86     211   81     212   137     214   123     215   185     216   159     217   44     218   174     219   207     220   24     221   58     222   177     223   129     224   204     225   255     226   195     227   230     228   29     229   250     230   57     231   27     232   62     233   242     234   43     235   161     236   172     237   171   
56   119  56   1     119   17     120   235     121   128     122   163     123   177     124   227     125   194     126   194     127   148     128   196     129   107     130   179     131   204     132   224     133   137     134   74     135   192     136   48     137   140     138   185     139   187     140   46     141   6     142   164     143   69     144   164     145   116     146   72     147   184     148   49     149   205     150   168     151   155     152   202     153   170     154   58     155   10     156   10     157   95     158   150     159   19     160   213     161   132     162   92     163   25     164   211     165   127     166   86     167   192     168   130     169   93     170   102     171   240     172   230     173   228     174   166     175   217     176   139     177   201     178   231     179   121     180   178     181   40     182   32     183   141     184   66     185   215     186   55     187   207     188   63     189   40     190   73     191   162     192   235     193   81     194   91     195   141     196   152     197   73     198   6     199   147     200   59     201   148     202   194     203   159     204   142     205   217     206   61     207   173     208   108     209   188     210   230     211   114     212   38     214   31     215   128     216   176     217   49     218   92     219   109     220   117     221   111     222   12     223   215     224   153     225   248     226   129     227   34     228   13     229   55     230   220     231   87     232   2     233   57     234   218     235   16     236   117     237   147   
57   119  57   1     119   185     120   207     121   138     122   38     123   159     124   79     125   19     126   12     127   246     128   84     129   55     130   92     131   145     132   99     133   42     134   173     135   77     136   195     137   58     138   225     139   119     140   139     141   88     142   41     143   49     144   189     145   37     146   191     147   91     148   21     149   105     150   12     151   219     152   39     153   161     154   18     155   99     156   232     157   77     158   132     159   122     160   20     161   67     162   163     163   146     164   148     165   35     166   234     167   207     168   185     169   76     170   112     171   53     172   129     173   248     174   118     175   93     176   159     177   11     178   27     179   123     180   179     181   8     182   172     183   24     184   134     185   44     186   77     187   83     188   123     189   135     190   91     191   229     192   100     193   122     194   58     195   213     196   247     197   33     198   124     199   240     200   253     201   70     202   12     203   70     204   86     205   93     206   165     207   121     208   195     209   192     210   59     211   124     212   203     214   202     215   138     216   81     217   21     218   163     219   182     220   174     221   117     222   190     223   46     224   249     225   30     226   101     227   123     228   95     229   119     230   41     231   121     232   195     233   27     234   113     235   243     236   203     237   229   
58   119  58   1     119   188     120   89     121   227     122   251     123   189     124   17     125   243     126   96     127   158     128   38     129   164     130   201     131   23     132   215     133   52     134   102     135   189     136   150     137   20     138   40     139   197     140   56     141   105     142   206     143   72     144   202     145   1     146   228     147   2     148   26     149   234     150   137     151   45     152   173     153   12     154   180     155   204     156   43     157   189     158   247     159   25     160   76     161   94     162   188     163   237     164   4     165   215     166   88     167   79     168   143     169   170     170   63     171   28     172   30     173   68     174   214     175   20     176   116     177   51     178   121     179   160     180   169     181   138     182   36     183   131     184   48     185   221     186   107     187   180     188   79     189   34     190   93     191   85     192   115     193   25     194   234     195   129     196   200     197   68     198   178     199   116     200   238     201   205     202   33     203   205     204   149     205   94     206   73     207   227     208   150     209   2     210   107     211   240     212   28     214   74     215   110     216   123     217   206     218   160     219   186     220   57     221   169     222   48     223   11     224   171     225   109     226   37     227   79     228   218     229   128     230   3     231   227     232   44     233   121     234   225     235   141     236   163     237   109   
59   119  59   1     119   224     120   181     121   40     122   146     123   88     124   152     125   103     126   191     127   17     128   41     129   154     130   114     131   87     132   35     133   79     134   8     135   182     136   186     137   149     138   236     139   1     140   130     141   174     142   178     143   136     144   82     145   184     146   39     147   50     148   208     149   57     150   83     151   143     152   221     153   242     154   73     155   31     156   226     157   102     158   189     159   69     160   82     161   112     162   25     163   135     164   218     165   35     166   6     167   135     168   142     169   24     170   165     171   60     172   138     173   251     174   19     175   149     176   238     177   4     178   84     179   220     180   106     181   134     182   68     183   16     184   209     185   247     186   195     187   73     188   61     189   243     190   249     191   12     192   209     193   94     194   57     195   16     196   153     197   251     198   254     199   49     200   255     201   168     202   38     203   208     204   111     205   183     206   79     207   40     208   186     209   109     210   138     211   178     212   60     214   255     215   161     216   140     217   125     218   25     219   87     220   192     221   205     222   225     223   124     224   46     225   116     226   86     227   135     228   232     229   131     230   213     231   216     232   237     233   195     234   69     235   97     236   9     237   49   
60   119  60   1     119   103     120   233     121   152     122   34     123   217     124   172     125   60     126   103     127   70     128   25     129   113     130   49     131   158     132   242     133   107     134   35     135   212     136   53     137   184     138   94     139   182     140   132     141   37     142   115     143   245     144   217     145   180     146   203     147   42     148   65     149   234     150   57     151   144     152   187     153   209     154   90     155   111     156   111     157   137     158   174     159   229     160   126     161   85     162   21     163   224     164   91     165   108     166   122     167   212     168   112     169   97     170   79     171   225     172   215     173   63     174   155     175   52     176   131     177   39     178   163     179   138     180   125     181   161     182   5     183   166     184   164     185   150     186   100     187   2     188   227     189   161     190   191     191   86     192   189     193   43     194   68     195   166     196   12     197   191     198   37     199   23     200   46     201   70     202   43     203   93     204   58     205   52     206   11     207   187     208   32     209   231     210   215     211   145     212   3     214   197     215   152     216   173     217   65     218   21     219   84     220   251     221   188     222   74     223   150     224   120     225   102     226   126     227   206     228   249     229   100     230   141     231   14     232   232     233   198     234   168     235   19     236   192     237   23   
61   119  61   1     119   233     120   227     121   73     122   28     123   245     124   97     125   121     126   121     127   196     128   202     129   124     130   111     131   226     132   182     133   101     134   98     135   15     136   154     137   50     138   167     139   61     140   126     141   179     142   60     143   206     144   53     145   114     146   91     147   234     148   188     149   125     150   121     151   104     152   43     153   27     154   57     155   182     156   200     157   15     158   94     159   115     160   35     161   24     162   117     163   187     164   9     165   247     166   189     167   227     168   233     169   56     170   184     171   18     172   181     173   159     174   10     175   88     176   245     177   252     178   171     179   68     180   34     181   7     182   85     183   127     184   48     185   215     186   15     187   79     188   68     189   7     190   234     191   134     192   51     193   67     194   50     195   127     196   191     197   153     198   193     199   58     200   116     201   243     202   121     203   65     204   168     205   88     206   199     207   42     208   184     209   195     210   5     211   193     212   63     214   8     215   73     216   33     217   188     218   117     219   201     220   59     221   83     222   108     223   185     224   168     225   64     226   4     227   207     228   54     229   15     230   60     231   42     232   154     233   171     234   143     235   99     236   63     237   134   
62   119  62   1     119   235     120   147     121   214     122   84     123   45     124   58     125   42     126   114     127   159     128   76     129   105     130   220     131   148     132   240     133   38     134   156     135   45     136   225     137   195     138   155     139   179     140   103     141   138     142   180     143   169     144   139     145   198     146   156     147   145     148   19     149   110     150   11     151   98     152   209     153   65     154   149     155   37     156   204     157   45     158   21     159   68     160   150     161   72     162   235     163   6     164   63     165   240     166   85     167   147     168   165     169   185     170   15     171   189     172   44     173   232     174   54     175   195     176   241     177   78     178   118     179   86     180   238     181   92     182   182     183   228     184   144     185   31     186   27     187   240     188   193     189   116     190   172     191   210     192   153     193   68     194   158     195   117     196   26     197   232     198   59     199   241     200   81     201   227     202   35     203   227     204   182     205   149     206   111     207   214     208   225     209   241     210   27     211   125     212   189     214   56     215   226     216   231     217   180     218   86     219   69     220   161     221   238     222   25     223   41     224   127     225   181     226   28     227   193     228   130     229   179     230   180     231   214     232   164     233   118     234   71     235   52     236   1     237   181   
63   119  63   1     119   72     120   190     121   30     122   227     123   58     124   106     125   109     126   55     127   74     128   215     129   140     130   171     131   121     132   94     133   115     134   6     135   248     136   253     137   166     138   77     139   201     140   34     141   242     142   251     143   102     144   179     145   114     146   93     147   228     148   92     149   219     150   122     151   35     152   144     153   203     154   255     155   79     156   199     157   164     158   184     159   250     160   179     161   36     162   72     163   37     164   213     165   94     166   140     167   37     168   75     169   10     170   178     171   17     172   233     173   4     174   74     175   166     176   194     177   3     178   63     179   89     180   161     181   236     182   51     183   41     184   149     185   13     186   22     187   255     188   37     189   2     190   139     191   5     192   149     193   182     194   219     195   205     196   163     197   4     198   206     199   221     200   7     201   126     202   148     203   92     204   107     205   49     206   20     207   30     208   253     209   228     210   231     211   251     212   17     214   7     215   177     216   101     217   232     218   195     219   121     220   80     221   156     222   129     223   33     224   146     225   39     226   176     227   37     228   78     229   191     230   150     231   30     232   132     233   22     234   250     235   225     236   207     237   221   
64   119  64   1     119   111     120   200     121   9     122   20     123   35     124   179     125   24     126   111     127   142     128   159     129   193     130   80     131   254     132   198     133   156     134   71     135   131     136   233     137   187     138   117     139   238     140   163     141   225     142   103     143   98     144   35     145   72     146   220     147   182     148   128     149   61     150   26     151   171     152   78     153   129     154   36     155   205     156   205     157   3     158   21     159   59     160   199     161   34     162   91     163   126     164   119     165   56     166   150     167   131     168   146     169   98     170   127     171   106     172   118     173   237     174   252     175   186     176   7     177   22     178   181     179   246     180   50     181   19     182   2     183   183     184   185     185   92     186   124     187   166     188   204     189   184     190   31     191   215     192   185     193   229     194   40     195   183     196   138     197   31     198   176     199   253     200   231     201   142     202   229     203   128     204   239     205   186     206   87     207   166     208   178     209   157     210   118     211   27     212   245     214   137     215   9     216   224     217   42     218   91     219   113     220   55     221   234     222   125     223   92     224   48     225   60     226   199     227   222     228   145     229   154     230   93     231   85     232   76     233   124     234   226     235   172     236   139     237   253   
65   119  65   1     119   125     120   241     121   85     122   7     123   122     124   95     125   89     126   89     127   49     128   188     129   144     130   210     131   38     132   163     133   94     134   150     135   202     136   168     137   130     138   224     139   72     140   145     141   229     142   74     143   189     144   74     145   146     146   223     147   180     148   47     149   114     150   89     151   26     152   195     153   53     154   73     155   163     156   50     157   202     158   153     159   213     160   193     161   6     162   90     163   231     164   36     165   244     166   104     167   241     168   125     169   14     170   19     171   138     172   106     173   238     174   140     175   22     176   122     177   63     178   227     179   17     180   134     181   200     182   82     183   214     184   12     185   105     186   202     187   218     188   17     189   200     190   106     191   175     192   197     193   217     194   130     195   214     196   230     197   106     198   119     199   128     200   29     201   245     202   89     203   87     204   42     205   22     206   248     207   132     208   33     209   249     210   70     211   119     212   56     214   2     215   85     216   79     217   47     218   90     219   117     220   199     221   221     222   27     223   105     224   42     225   16     226   1     227   250     228   131     229   202     230   15     231   60     232   168     233   181     234   234     235   209     236   198     237   175   
66   120  66   1     119   19     120   146     121   147     122   219     123   20     124   119     125   227     126   87     127   253     128   5     129   91     130   148     131   101     132   94     133   140     134   47     135   20     136   197     137   108     138   216     139   167     140   168     141   2     142   80     143   254     144   76     145   7     146   47     147   14     148   70     149   172     150   87     151   195     152   100     153   36     154   92     155   94     156   209     157   20     158   255     159   79     160   249     161   32     162   19     163   185     164   28     165   162     166   149     167   146     168   138     169   113     170   189     171   56     172   90     173   193     174   24     175   108     176   81     177   153     178   114     179   71     180   120     181   145     182   204     183   174     184   64     185   41     186   20     187   31     188   240     189   238     190   142     191   30     192   68     193   79     194   179     195   160     196   66     197   193     198   234     199   81     200   176     201   89     202   231     203   89     204   204     205   43     206   226     207   147     208   197     209   25     210   12     211   234     212   84     213   93     214   235     215   23     216   124     217   80     218   71     219   1     220   175     221   120     222   144     223   49     224   118     225   30     226   251     227   240     228   72     229   167     230   80     231   147     232   197     233   114     234   2     235   132     236   78     237   30   
67   119  67   1     119   14     120   148     121   140     122   164     123   139     124   135     125   52     126   183     127   116     128   84     129   234     130   170     131   4     132   119     133   251     134   142     135   225     136   40     137   150     138   199     139   216     140   137     141   110     142   166     143   134     144   56     145   133     146   48     147   23     148   13     149   85     150   112     151   154     152   28     153   162     154   82     155   1     156   163     157   236     158   26     159   155     160   168     161   7     162   14     163   58     164   46     165   119     166   62     167   58     168   73     169   143     170   53     171   202     172   221     173   244     174   116     175   150     176   106     177   71     178   66     179   196     180   37     181   226     182   67     183   59     184   213     185   60     186   121     187   82     188   58     189   122     190   89     191   201     192   157     193   97     194   85     195   44     196   95     197   244     198   107     199   33     200   179     201   132     202   232     203   13     204   186     205   57     206   3     207   140     208   40     209   23     210   121     211   166     212   202     214   163     215   210     216   193     217   22     218   87     219   55     220   12     221   29     222   214     223   206     224   102     225   64     226   239     227   58     228   128     229   169     230   146     231   140     232   31     233   214     234   155     235   94     236   86     237   219   
68   119  68   1     119   161     120   213     121   149     122   135     123   29     124   184     125   250     126   234     127   239     128   128     129   64     130   38     131   140     132   191     133   216     134   199     135   81     136   83     137   238     138   139     139   32     140   20     141   5     142   188     143   84     144   29     145   131     146   82     147   80     148   9     149   19     150   97     151   66     152   95     153   202     154   110     155   61     156   89     157   88     158   68     159   231     160   29     161   222     162   40     163   133     164   16     165   191     166   21     167   133     168   62     169   84     170   70     171   130     172   211     173   113     174   23     175   238     176   115     177   28     178   8     179   218     180   114     181   244     182   155     183   147     184   117     185   91     186   30     187   205     188   254     189   182     190   137     191   92     192   117     193   55     194   19     195   147     196   196     197   113     198   224     199   212     200   156     201   239     202   46     203   9     204   227     205   45     206   85     207   252     208   123     209   27     210   211     211   188     212   130     214   156     215   33     216   198     217   136     218   40     219   189     220   154     221   204     222   221     223   91     224   233     225   148     226   240     227   201     228   102     229   104     230   152     231   206     232   247     233   30     234   231     235   49     236   187     237   212   
69   119  69   1     119   106     120   255     121   112     122   108     123   6     124   248     125   128     126   128     127   243     128   197     129   143     130   206     131   194     132   84     133   19     134   247     135   72     136   18     137   250     138   1     139   201     140   155     141   69     142   225     143   209     144   225     145   167     146   63     147   101     148   118     149   166     150   107     151   213     152   135     153   163     154   221     155   84     156   207     157   16     158   59     159   162     160   175     161   253     162   188     163   109     164   234     165   12     166   115     167   72     168   184     169   216     170   97     171   90     172   17     173   217     174   41     175   37     176   219     177   43     178   61     179   73     180   170     181   27     182   28     183   158     184   240     185   103     186   51     187   110     188   52     189   27     190   91     191   164     192   255     193   82     194   157     195   158     196   121     197   91     198   69     199   210     200   185     201   243     202   128     203   88     204   50     205   37     206   252     207   130     208   174     209   232     210   17     211   226     212   89     214   40     215   112     216   12     217   118     218   188     219   202     220   195     221   2     222   138     223   103     224   50     225   93     226   20     227   212     228   238     229   51     230   204     231   23     232   200     233   113     234   137     235   14     236   195     237   210   
70   119  70   1     119   51     120   93     121   157     122   253     123   89     124   56     125   240     126   91     127   11     128   81     129   108     130   200     131   244     132   61     133   166     134   222     135   89     136   6     137   137     138   57     139   208     140   35     141   115     142   121     143   207     144   241     145   34     146   144     147   213     148   83     149   197     150   91     151   176     152   67     153   133     154   78     155   61     156   95     157   89     158   167     159   53     160   237     161   99     162   228     163   43     164   136     165   129     166   127     167   93     168   51     169   231     170   205     171   13     172   219     173   49     174   110     175   118     176   206     177   70     178   105     179   228     180   203     181   153     182   96     183   182     184   198     185   5     186   89     187   76     188   139     189   120     190   213     191   251     192   32     193   53     194   137     195   138     196   181     197   224     198   150     199   168     200   77     201   31     202   91     203   31     204   48     205   118     206   71     207   234     208   6     209   217     210   55     211   150     212   159     214   33     215   157     216   45     217   78     218   228     219   183     220   1     221   177     222   46     223   100     224   143     225   251     226   158     227   139     228   23     229   208     230   121     231   234     232   6     233   105     234   115     235   119     236   159     237   251   
71   119  71   1     119   196     120   194     121   39     122   163     123   69     124   173     125   223     126   42     127   54     128   204     129   64     130   169     131   88     132   12     133   43     134   11     135   69     136   74     137   198     138   145     139   235     140   105     141   215     142   65     143   187     144   55     145   129     146   135     147   31     148   155     149   218     150   110     151   46     152   189     153   66     154   184     155   22     156   15     157   52     158   225     159   5     160   133     161   98     162   196     163   122     164   62     165   12     166   67     167   27     168   79     169   29     170   201     171   186     172   165     173   249     174   141     175   198     176   236     177   139     178   47     179   126     180   180     181   240     182   211     183   13     184   21     185   111     186   200     187   184     188   27     189   242     190   252     191   128     192   76     193   5     194   218     195   18     196   40     197   249     198   153     199   236     200   228     201   151     202   108     203   151     204   212     205   98     206   58     207   39     208   74     209   31     210   200     211   65     212   186     214   164     215   119     216   48     217   9     218   58     219   229     220   232     221   131     222   21     223   226     224   156     225   233     226   14     227   27     228   207     229   147     230   158     231   39     232   175     233   47     234   56     235   80     236   224     237   233   
72   119  72   1     119   68     120   200     121   166     122   20     123   132     124   179     125   24     126   111     127   142     128   159     129   193     130   80     131   254     132   56     133   156     134   213     135   131     136   178     137   187     138   117     139   57     140   163     141   225     142   103     143   98     144   35     145   192     146   220     147   182     148   128     149   40     150   26     151   171     152   136     153   129     154   10     155   205     156   54     157   3     158   21     159   59     160   35     161   34     162   91     163   126     164   39     165   56     166   150     167   126     168   146     169   98     170   127     171   245     172   118     173   109     174   252     175   187     176   7     177   228     178   181     179   177     180   50     181   19     182   2     183   183     184   185     185   92     186   124     187   10     188   204     189   184     190   31     191   49     192   185     193   18     194   40     195   183     196   138     197   109     198   176     199   253     200   137     201   119     202   229     203   128     204   239     205   186     206   156     207   166     208   178     209   157     210   118     211   103     212   245     214   137     215   155     216   224     217   42     218   91     219   82     220   55     221   63     222   125     223   19     224   48     225   198     226   199     227   222     228   145     229   154     230   93     231   85     232   76     233   124     234   59     235   172     236   236     237   253   
73   119  73   1     119   92     120   232     121   148     122   236     123   237     124   88     125   67     126   67     127   47     128   249     129   124     130   112     131   183     132   251     133   26     134   153     135   222     136   185     137   146     138   163     139   62     140   209     141   186     142   150     143   173     144   150     145   212     146   4     147   99     148   121     149   119     150   255     151   27     152   13     153   98     154   106     155   211     156   211     157   226     158   178     159   193     160   165     161   179     162   191     163   18     164   31     165   76     166   108     167   222     168   9     169   127     170   213     171   103     172   65     173   220     174   11     175   204     176   135     177   80     178   129     179   125     180   58     181   107     182   37     183   61     184   215     185   56     186   195     187   234     188   141     189   107     190   196     191   44     192   46     193   22     194   197     195   61     196   70     197   196     198   186     199   85     200   170     201   47     202   22     203   60     204   96     205   204     206   16     207   13     208   6     209   68     210   65     211   110     212   159     214   168     215   148     216   45     217   121     218   191     219   198     220   20     221   91     222   105     223   56     224   134     225   41     226   165     227   184     228   169     229   195     230   43     231   172     232   157     233   55     234   145     235   156     236   20     237   85   
74   119  74   1     119   200     120   204     121   136     122   170     123   98     124   152     125   99     126   99     127   80     128   143     129   97     130   205     131   159     132   238     133   201     134   109     135   6     136   175     137   77     138   228     139   75     140   199     141   236     142   24     143   222     144   233     145   123     146   119     147   61     148   234     149   50     150   99     151   105     152   229     153   14     154   26     155   238     156   41     157   6     158   117     159   103     160   165     161   251     162   144     163   78     164   241     165   196     166   185     167   204     168   200     169   73     170   187     171   255     172   27     173   173     174   4     175   130     176   98     177   147     178   23     179   40     180   20     181   164     182   34     183   198     184   235     185   118     186   6     187   127     188   40     189   164     190   61     191   5     192   30     193   140     194   77     195   148     196   31     197   90     198   216     199   239     200   195     201   149     202   99     203   42     204   17     205   130     206   47     207   182     208   187     209   126     210   2     211   216     212   237     214   162     215   136     216   225     217   234     218   144     219   122     220   188     221   213     222   56     223   232     224   226     225   121     226   81     227   141     228   28     229   75     230   24     231   182     232   175     233   23     234   244     235   62     236   237     237   5   
75   119  75   1     119   42     120   6     121   131     122   5     123   150     124   179     125   140     126   222     127   81     128   177     129   172     130   113     131   28     132   88     133   219     134   141     135   150     136   216     137   197     138   151     139   120     140   152     141   23     142   98     143   181     144   168     145   188     146   144     147   101     148   227     149   182     150   77     151   225     152   153     153   67     154   163     155   7     156   78     157   150     158   70     159   58     160   127     161   21     162   42     163   165     164   202     165   88     166   186     167   6     168   226     169   138     170   139     171   76     172   41     173   246     174   228     175   197     176   231     177   200     178   24     179   102     180   83     181   148     182   1     183   161     184   17     185   180     186   114     187   88     188   166     189   123     190   204     191   69     192   244     193   58     194   238     195   196     196   205     197   246     198   12     199   231     200   124     201   187     202   162     203   187     204   1     205   21     206   9     207   131     208   216     209   231     210   114     211   85     212   76     214   208     215   4     216   125     217   98     218   102     219   133     220   36     221   83     222   17     223   80     224   54     225   221     226   104     227   166     228   134     229   120     230   217     231   131     232   93     233   24     234   230     235   135     236   191     237   221   
76   119  76   1     119   65     120   96     121   212     122   21     123   122     124   32     125   67     126   85     127   4     128   169     129   218     130   84     131   219     132   156     133   151     134   207     135   231     136   193     137   123     138   103     139   125     140   97     141   171     142   14     143   163     144   79     145   59     146   117     147   98     148   217     149   42     150   50     151   205     152   130     153   56     154   132     155   34     156   187     157   62     158   175     159   162     160   79     161   174     162   49     163   2     164   236     165   156     166   19     167   2     168   168     169   76     170   227     171   190     172   89     173   138     174   4     175   123     176   157     177   233     178   92     179   255     180   24     181   127     182   223     183   129     184   164     185   172     186   221     187   132     188   2     189   69     190   112     191   38     192   164     193   105     194   42     195   247     196   93     197   138     198   30     199   229     200   99     201   184     202   8     203   217     204   140     205   154     206   151     207   212     208   193     209   118     210   159     211   14     212   190     214   99     215   10     216   74     217   245     218   49     219   219     220   90     221   1     222   60     223   136     224   199     225   71     226   166     227   2     228   142     229   204     230   77     231   22     232   26     233   221     234   162     235   80     236   178     237   229   
77   119  77   1     119   23     120   58     121   37     122   59     123   124     124   22     125   217     126   23     127   194     128   62     129   31     130   28     131   228     132   247     133   136     134   97     135   185     136   105     137   170     138   225     139   129     140   115     141   213     142   171     143   108     144   124     145   53     146   1     147   209     148   89     149   212     150   246     151   207     152   68     153   150     154   148     155   253     156   253     157   182     158   162     159   165     160   110     161   229     162   230     163   138     164   206     165   19     166   27     167   185     168   69     169   108     170   114     171   208     172   87     173   55     174   203     175   51     176   232     177   20     178   103     179   88     180   128     181   211     182   47     183   72     184   133     185   14     186   249     187   180     188   100     189   28     190   49     191   11     192   133     193   139     194   118     195   72     196   156     197   49     198   160     199   82     200   164     201   194     202   139     203   15     204   24     205   51     206   4     207   68     208   143     209   17     210   87     211   111     212   238     214   42     215   37     216   76     217   89     218   230     219   191     220   71     221   223     222   93     223   14     224   175     225   77     226   110     227   46     228   243     229   249     230   151     231   43     232   96     233   196     234   99     235   39     236   5     237   82   
78   119  78   1     119   196     120   62     121   223     122   33     123   229     124   16     125   85     126   85     127   118     128   232     129   126     130   142     131   39     132   192     133   116     134   59     135   135     136   107     137   184     138   84     139   63     140   26     141   189     142   247     143   140     144   247     145   182     146   96     147   239     148   58     149   49     150   85     151   193     152   228     153   251     154   91     155   192     156   218     157   135     158   29     159   175     160   44     161   69     162   249     163   117     164   209     165   215     166   35     167   62     168   196     169   66     170   94     171   191     172   235     173   22     174   250     175   75     176   229     177   52     178   248     179   106     180   53     181   79     182   254     183   3     184   138     185   71     186   135     187   137     188   106     189   79     190   235     191   74     192   161     193   37     194   184     195   3     196   17     197   235     198   11     199   112     200   224     201   179     202   85     203   23     204   211     205   75     206   93     207   253     208   94     209   57     210   125     211   11     212   21     214   200     215   223     216   30     217   58     218   249     219   195     220   105     221   168     222   165     223   71     224   211     225   14     226   100     227   149     228   220     229   135     230   38     231   152     232   107     233   248     234   155     235   34     236   13     237   74   
79   120  79   1     119   82     120   157     121   71     122   93     123   110     124   219     125   160     126   153     127   249     128   149     129   72     130   123     131   83     132   131     133   196     134   224     135   110     136   4     137   23     138   46     139   107     140   201     141   169     142   165     143   138     144   85     145   60     146   224     147   120     148   98     149   134     150   170     151   226     152   137     153   13     154   116     155   221     156   106     157   110     158   80     159   38     160   182     161   66     162   82     163   50     164   240     165   131     166   161     167   157     168   34     169   61     170   125     171   234     172   146     173   75     174   191     175   23     176   127     177   112     178   78     179   184     180   121     181   238     182   64     183   47     184   132     185   6     186   110     187   131     188   242     189   171     190   109     191   89     192   203     193   38     194   5     195   87     196   45     197   75     198   228     199   127     200   118     201   225     202   239     203   225     204   64     205   175     206   122     207   71     208   4     209   127     210   209     211   228     212   234     213   174     214   62     215   29     216   54     217   165     218   184     219   218     220   245     221   121     222   52     223   185     224   1     225   89     226   31     227   242     228   26     229   107     230   165     231   71     232   4     233   78     234   63     235   90     236   252     237   89   
80   119  80   1     119   46     120   18     121   235     122   253     123   252     124   14     125   74     126   225     127   200     128   137     129   81     130   211     131   165     132   122     133   161     134   55     135   180     136   22     137   206     138   140     139   98     140   32     141   237     142   33     143   96     144   184     145   210     146   239     147   185     148   156     149   231     150   109     151   83     152   92     153   132     154   240     155   110     156   234     157   40     158   37     159   82     160   15     161   23     162   46     163   100     164   111     165   122     166   81     167   100     168   187     169   89     170   36     171   16     172   164     173   209     174   200     175   206     176   72     177   149     178   94     179   62     180   138     181   6     182   48     183   10     184   254     185   29     186   84     187   240     188   100     189   230     190   21     191   162     192   43     193   173     194   231     195   179     196   108     197   209     198   38     199   47     200   68     201   188     202   141     203   156     204   125     205   214     206   178     207   235     208   22     209   185     210   44     211   33     212   16     214   234     215   233     216   245     217   215     218   59     219   248     220   242     221   50     222   76     223   181     224   186     225   130     226   154     227   100     228   25     229   97     230   107     231   235     232   238     233   76     234   82     235   27     236   85     237   208   
81   119  81   1     119   43     120   67     121   51     122   162     123   221     124   202     125   55     126   43     127   228     128   224     129   112     130   178     131   233     132   136     133   130     134   114     135   164     136   41     137   44     138   171     139   56     140   27     141   207     142   205     143   107     144   221     145   165     146   225     147   108     148   198     149   46     150   128     151   253     152   65     153   19     154   204     155   229     156   170     157   98     158   119     159   234     160   180     161   8     162   54     163   47     164   28     165   136     166   211     167   164     168   160     169   107     170   250     171   109     172   201     173   90     174   94     175   249     176   17     177   21     178   14     179   15     180   217     181   179     182   183     183   185     184   155     185   39     186   152     187   189     188   48     189   78     190   38     191   101     192   155     193   102     194   89     195   185     196   151     197   38     198   168     199   139     200   245     201   228     202   188     203   198     204   237     205   249     206   163     207   189     208   31     209   87     210   201     211   85     212   109     214   245     215   240     216   26     217   238     218   54     219   216     220   127     221   75     222   77     223   39     224   110     225   251     226   180     227   86     228   194     229   70     230   242     231   20     232   246     233   152     234   234     235   236     236   66     237   139   
82   119  82   1     119   93     120   176     121   43     122   232     123   181     124   184     125   201     126   201     127   54     128   66     129   106     130   204     131   187     132   115     133   96     134   27     135   21     136   121     137   32     138   76     139   53     140   243     141   139     142   26     143   219     144   26     145   69     146   98     147   254     148   158     149   9     150   201     151   246     152   48     153   104     154   172     155   115     156   128     157   180     158   79     159   36     160   31     161   113     162   127     163   164     164   148     165   119     166   255     167   176     168   93     169   205     170   211     171   156     172   248     173   129     174   237     175   20     176   181     177   251     178   250     179   252     180   126     181   58     182   195     183   146     184   226     185   102     186   21     187   112     188   252     189   58     190   208     191   145     192   65     193   198     194   70     195   146     196   61     197   208     198   206     199   15     200   30     201   54     202   201     203   4     204   89     205   20     206   149     207   81     208   83     209   12     210   248     211   206     212   19     214   47     215   43     216   119     217   158     218   127     219   225     220   110     221   152     222   111     223   102     224   89     225   101     226   153     227   186     228   185     229   21     230   84     231   77     232   121     233   103     234   223     235   239     236   247     237   145   
83   120  83   1     119   161     120   112     121   252     122   72     123   34     124   91     125   36     126   11     127   23     128   134     129   21     130   127     131   118     132   147     133   67     134   81     135   34     136   123     137   238     138   193     139   142     140   25     141   5     142   136     143   158     144   190     145   131     146   199     147   70     148   175     149   19     150   11     151   116     152   250     153   90     154   150     155   147     156   89     157   34     158   217     159   55     160   29     161   80     162   161     163   189     164   54     165   8     166   243     167   112     168   76     169   84     170   183     171   108     172   153     173   101     174   60     175   238     176   4     177   237     178   221     179   35     180   204     181   249     182   227     183   22     184   160     185   200     186   34     187   191     188   133     189   182     190   70     191   51     192   170     193   55     194   172     195   31     196   165     197   113     198   188     199   4     200   37     201   16     202   11     203   16     204   227     205   205     206   168     207   252     208   123     209   176     210   30     211   188     212   130     213   26     214   48     215   171     216   198     217   150     218   35     219   140     220   154     221   204     222   117     223   244     224   215     225   51     226   24     227   133     228   180     229   142     230   136     231   252     232   123     233   221     234   5     235   87     236   130     237   51   
84   119  84   1     119   114     120   54     121   32     122   26     123   25     124   18     125   222     126   62     127   69     128   134     129   243     130   104     131   242     132   142     133   174     134   89     135   25     136   58     137   79     138   137     139   166     140   96     141   42     142   99     143   160     144   213     145   107     146   44     147   214     148   87     149   52     150   183     151   68     152   228     153   145     154   13     155   178     156   35     157   120     158   111     159   234     160   17     161   57     162   114     163   172     164   177     165   142     166   94     167   172     168   208     169   235     170   108     171   48     172   230     173   110     174   229     175   79     176   216     177   162     178   226     179   66     180   131     181   10     182   80     183   30     184   31     185   39     186   252     187   13     188   172     189   55     190   63     191   251     192   125     193   234     194   52     195   200     196   3     197   110     198   106     199   113     200   204     201   217     202   138     203   217     204   135     205   103     206   203     207   32     208   58     209   214     210   252     211   99     212   48     214   35     215   38     216   2     217   100     218   203     219   21     220   11     221   86     222   212     223   194     224   211     225   155     226   179     227   172     228   43     229   163     230   189     231   32     232   47     233   212     234   246     235   6     236   255     237   155   
85   120  85   1     119   82     120   157     121   71     122   93     123   110     124   219     125   160     126   153     127   249     128   149     129   72     130   123     131   83     132   221     133   196     134   148     135   110     136   4     137   23     138   46     139   107     140   201     141   169     142   165     143   138     144   85     145   60     146   224     147   120     148   98     149   134     150   153     151   226     152   137     153   13     154   116     155   221     156   106     157   110     158   49     159   38     160   182     161   66     162   82     163   50     164   240     165   254     166   161     167   157     168   34     169   61     170   125     171   253     172   146     173   75     174   191     175   23     176   127     177   112     178   78     179   184     180   121     181   238     182   64     183   47     184   132     185   6     186   110     187   131     188   242     189   171     190   109     191   89     192   203     193   38     194   5     195   87     196   45     197   75     198   228     199   127     200   118     201   225     202   153     203   225     204   64     205   175     206   122     207   71     208   4     209   101     210   209     211   228     212   234     213   174     214   62     215   29     216   54     217   116     218   184     219   218     220   245     221   121     222   52     223   185     224   1     225   89     226   31     227   242     228   26     229   107     230   165     231   71     232   4     233   78     234   169     235   90     236   252     237   89   
86   119  86   1     119   23     120   9     121   251     122   240     123   126     124   7     125   37     126   254     127   100     128   202     129   166     130   231     131   220     132   61     133   198     134   149     135   126     136   11     137   103     138   70     139   49     140   16     141   248     142   158     143   48     144   92     145   105     146   249     147   210     148   78     149   253     150   184     151   30     152   46     153   66     154   120     155   55     156   117     157   20     158   156     159   216     160   137     161   133     162   23     163   50     164   185     165   61     166   238     167   50     168   211     169   162     170   18     171   8     172   218     173   230     174   100     175   103     176   36     177   196     178   47     179   31     180   69     181   3     182   24     183   5     184   127     185   128     186   42     187   120     188   50     189   115     190   132     191   81     192   155     193   216     194   253     195   215     196   54     197   230     198   19     199   153     200   34     201   94     202   200     203   94     204   176     205   107     206   89     207   251     208   11     209   210     210   42     211   158     212   8     214   117     215   250     216   244     217   229     218   89     219   124     220   121     221   25     222   38     223   212     224   93     225   65     226   77     227   50     228   130     229   190     230   187     231   251     232   119     233   38     234   41     235   1     236   164     237   104   
87   119  87   1     119   232     120   26     121   184     122   195     123   178     124   253     125   130     126   36     127   99     128   89     129   162     130   43     131   173     132   103     133   14     134   97     135   228     136   57     137   131     138   55     139   81     140   1     141   71     142   90     143   163     144   178     145   100     146   217     147   4     148   179     149   158     150   19     151   127     152   205     153   117     154   218     155   227     156   183     157   87     158   5     159   48     160   178     161   116     162   2     163   30     164   166     165   103     166   225     167   30     168   222     169   163     170   216     171   132     172   96     173   181     174   60     175   69     176   104     177   82     178   83     179   211     180   136     181   171     182   145     183   194     184   18     185   106     186   143     187   239     188   37     189   212     190   234     191   240     192   18     193   109     194   155     195   194     196   92     197   234     198   170     199   250     200   11     201   99     202   120     203   179     204   151     205   69     206   67     207   248     208   59     209   200     210   96     211   90     212   132     214   11     215   177     216   129     217   10     218   2     219   186     220   113     221   110     222   73     223   106     224   25     225   88     226   12     227   72     228   137     229   160     230   172     231   210     232   150     233   143     234   48     235   23     236   192     237   250   
88   119  88   1     119   96     120   145     121   130     122   44     123   76     124   52     125   173     126   173     127   9     128   31     129   19     130   34     131   186     132   109     133   16     134   138     135   195     136   249     137   251     138   233     139   135     140   166     141   178     142   240     143   170     144   240     145   100     146   228     147   222     148   206     149   141     150   173     151   41     152   8     153   231     154   50     155   109     156   203     157   54     158   103     159   14     160   127     161   94     162   111     163   197     164   205     165   152     166   164     167   195     168   236     169   88     170   93     171   58     172   223     173   177     174   158     175   6     176   76     177   81     178   43     179   42     180   21     181   11     182   174     183   204     184   47     185   17     186   124     187   227     188   217     189   11     190   211     191   66     192   145     193   33     194   234     195   204     196   112     197   211     198   214     199   140     200   5     201   9     202   173     203   245     204   149     205   6     206   183     207   98     208   150     209   2     210   223     211   214     212   28     214   119     215   130     216   152     217   206     218   111     219   161     220   83     221   207     222   156     223   17     224   149     225   159     226   181     227   192     228   78     229   124     230   237     231   147     232   110     233   107     234   95     235   87     236   83     237   140   
89   119  89   1     119   106     120   72     121   112     122   108     123   51     124   248     125   54     126   128     127   146     128   197     129   145     130   206     131   77     132   84     133   236     134   247     135   51     136   200     137   250     138   47     139   201     140   155     141   137     142   204     143   209     144   225     145   76     146   42     147   101     148   118     149   148     150   128     151   78     152   135     153   119     154   221     155   84     156   251     157   51     158   59     159   162     160   157     161   120     162   188     163   109     164   45     165   12     166   4     167   72     168   106     169   216     170   98     171   90     172   91     173   217     174   34     175   37     176   6     177   21     178   61     179   188     180   170     181   11     182   28     183   29     184   240     185   172     186   51     187   110     188   73     189   27     190   101     191   164     192   255     193   162     194   250     195   158     196   121     197   199     198   226     199   6     200   185     201   24     202   128     203   24     204   14     205   37     206   252     207   130     208   200     209   232     210   17     211   226     212   195     214   40     215   112     216   165     217   221     218   188     219   202     220   215     221   2     222   193     223   142     224   50     225   164     226   20     227   73     228   238     229   201     230   204     231   130     232   200     233   61     234   137     235   242     236   195     237   164   
90   119  90   1     119   203     120   59     121   177     122   168     123   90     124   5     125   84     126   100     127   35     128   150     129   210     130   165     131   53     132   253     133   76     134   37     135   90     136   223     137   155     138   43     139   39     140   206     141   9     142   250     143   79     144   11     145   145     146   97     147   63     148   38     149   220     150   22     151   196     152   139     153   130     154   55     155   74     156   133     157   115     158   42     159   136     160   49     161   235     162   203     163   12     164   126     165   253     166   170     167   159     168   87     169   111     170   30     171   103     172   88     173   205     174   108     175   155     176   255     177   156     178   227     179   172     180   202     181   184     182   169     183   213     184   50     185   62     186   54     187   55     188   159     189   232     190   69     191   185     192   47     193   136     194   220     195   234     196   52     197   205     198   118     199   255     200   81     201   219     202   70     203   219     204   113     205   235     206   222     207   177     208   223     209   63     210   54     211   250     212   103     214   112     215   217     216   211     217   117     218   222     219   138     220   95     221   193     222   50     223   82     224   99     225   119     226   173     227   159     228   238     229   123     230   174     231   177     232   85     233   236     234   142     235   104     236   2     237   119   
91   119  91   1     119   167     120   238     121   160     122   114     123   125     124   90     125   92     126   198     127   68     128   164     129   82     130   213     131   65     132   140     133   33     134   32     135   226     136   182     137   110     138   151     139   4     140   50     141   130     142   242     143   96     144   85     145   218     146   156     147   200     148   103     149   228     150   81     151   6     152   83     153   239     154   57     155   124     156   175     157   133     158   250     159   9     160   85     161   221     162   100     163   38     164   79     165   140     166   24     167   38     168   2     169   96     170   174     171   240     172   18     173   203     174   76     175   110     176   159     177   16     178   77     179   117     180   181     181   237     182   13     183   64     184   99     185   251     186   43     187   57     188   244     189   235     190   195     191   48     192   99     193   101     194   228     195   64     196   94     197   203     198   223     199   196     200   219     201   68     202   152     203   103     204   161     205   230     206   33     207   160     208   210     209   169     210   18     211   242     212   240     214   219     215   190     216   10     217   233     218   100     219   216     220   39     221   19     222   163     223   237     224   184     225   150     226   69     227   145     228   135     229   54     230   115     231   71     232   147     233   43     234   9     235   153     236   36     237   196   
92   119  92   1     119   113     120   122     121   2     122   214     123   253     124   221     125   111     126   111     127   157     128   219     129   120     130   145     131   118     132   141     133   153     134   192     135   3     136   201     137   119     138   80     139   60     140   151     141   180     142   84     143   239     144   84     145   16     146   172     147   102     148   255     149   64     150   33     151   178     152   194     153   77     154   8     155   193     156   193     157   105     158   241     159   29     160   170     161   218     162   51     163   220     164   30     165   251     166   242     167   3     168   110     169   5     170   59     171   202     172   57     173   85     174   56     175   223     176   245     177   152     178   15     179   83     180   167     181   35     182   142     183   65     184   109     185   198     186   75     187   44     188   230     189   35     190   154     191   224     192   182     193   112     194   177     195   65     196   232     197   154     198   180     199   31     200   62     201   157     202   111     203   106     204   27     205   223     206   138     207   194     208   250     209   190     210   57     211   164     212   58     214   104     215   2     216   203     217   255     218   51     219   204     220   38     221   160     222   117     223   198     224   222     225   103     226   52     227   226     228   67     229   75     230   49     231   196     232   108     233   82     234   133     235   71     236   38     237   31   
93   119  93   1     119   176     120   246     121   164     122   141     123   61     124   161     125   162     126   162     127   17     128   94     129   129     130   105     131   91     132   223     133   47     134   75     135   101     136   84     137   65     138   76     139   36     140   198     141   252     142   137     143   208     144   37     145   43     146   225     147   90     148   153     149   44     150   162     151   13     152   239     153   233     154   170     155   223     156   25     157   101     158   194     159   228     160   251     161   3     162   45     163   253     164   172     165   122     166   52     167   246     168   176     169   7     170   23     171   69     172   53     173   119     174   70     175   11     176   61     177   145     178   255     179   134     180   67     181   55     182   41     183   89     184   6     185   126     186   101     187   109     188   134     189   100     190   90     191   217     192   236     193   226     194   65     195   107     196   115     197   190     198   181     199   64     200   128     201   244     202   162     203   244     204   154     205   11     206   124     207   66     208   23     209   242     210   35     211   181     212   99     214   1     215   164     216   169     217   153     218   45     219   180     220   237     221   224     222   131     223   186     224   21     225   8     226   142     227   134     228   207     229   36     230   137     231   66     232   84     233   255     234   117     235   230     236   99     237   217   
94   119  94   1     119   126     120   10     121   152     122   15     123   167     124   200     125   137     126   127     127   243     128   206     129   233     130   147     131   36     132   232     133   112     134   138     135   167     136   117     137   82     138   164     139   86     140   181     141   57     142   166     143   194     144   229     145   217     146   173     147   175     148   56     149   199     150   215     151   62     152   182     153   197     154   248     155   9     156   210     157   167     158   202     159   78     160   129     161   63     162   126     163   242     164   67     165   232     166   211     167   10     168   59     169   131     170   128     171   212     172   123     173   7     174   49     175   82     176   52     177   69     178   40     179   170     180   245     181   161     182   97     183   254     184   51     185   193     186   150     187   248     188   247     189   141     190   73     191   207     192   1     193   78     194   47     195   81     196   74     197   7     198   20     199   52     200   132     201   208     202   251     203   208     204   3     205   63     206   27     207   152     208   117     209   52     210   150     211   255     212   212     214   109     215   12     216   135     217   166     218   170     219   146     220   108     221   245     222   51     223   240     224   90     225   122     226   184     227   247     228   244     229   136     230   118     231   152     232   231     233   40     234   55     235   148     236   220     237   122   
95   119  95   1     119   253     120   241     121   55     122   96     123   199     124   164     125   176     126   53     127   154     128   143     129   201     130   157     131   97     132   75     133   135     134   169     135   36     136   87     137   111     138   142     139   184     140   47     141   194     142   254     143   235     144   3     145   58     146   145     147   188     148   44     149   192     150   187     151   228     152   231     153   223     154   48     155   233     156   144     157   8     158   88     159   67     160   3     161   240     162   94     163   77     164   232     165   75     166   183     167   77     168   39     169   230     170   190     171   162     172   134     173   206     174   154     175   111     176   227     177   218     178   180     179   95     180   123     181   245     182   251     183   79     184   148     185   189     186   182     187   48     188   26     189   103     190   163     191   115     192   148     193   112     194   192     195   118     196   28     197   206     198   172     199   105     200   20     201   117     202   41     203   44     204   25     205   156     206   135     207   55     208   87     209   116     210   174     211   254     212   162     214   20     215   100     216   49     217   59     218   94     219   97     220   99     221   168     222   69     223   131     224   128     225   42     226   217     227   77     228   84     229   151     230   78     231   133     232   54     233   182     234   67     235   7     236   17     237   105   
96   119  96   1     119   148     120   246     121   28     122   48     123   143     124   82     125   32     126   148     127   245     128   201     129   234     130   189     131   190     132   21     133   205     134   244     135   18     136   138     137   185     138   71     139   117     140   153     141   86     142   127     143   115     144   143     145   224     146   198     147   94     148   147     149   167     150   211     151   114     152   232     153   225     154   112     155   250     156   250     157   4     158   199     159   175     160   226     161   120     162   47     163   92     164   180     165   171     166   213     167   18     168   46     169   115     170   95     171   152     172   67     173   113     174   77     175   78     176   255     177   195     178   90     179   85     180   179     181   207     182   243     183   169     184   60     185   208     186   197     187   149     188   13     189   207     190   223     191   41     192   74     193   154     194   96     195   169     196   14     197   223     198   86     199   186     200   105     201   245     202   154     203   22     204   130     205   78     206   63     207   232     208   165     209   58     210   67     211   36     212   81     214   10     215   28     216   150     217   147     218   47     219   188     220   191     221   142     222   172     223   208     224   64     225   80     226   226     227   53     228   42     229   197     230   51     231   204     232   50     233   91     234   101     235   141     236   249     237   186   
97   119  97   1     119   9     120   57     121   46     122   171     123   162     124   238     125   174     126   174     127   209     128   10     129   166     130   53     131   202     132   188     133   5     134   230     135   40     136   151     137   123     138   196     139   83     140   77     141   164     142   160     143   225     144   152     145   109     146   94     147   1     148   140     149   69     150   174     151   214     152   200     153   90     154   184     155   188     156   241     157   40     158   70     159   158     160   3     161   64     162   142     163   111     164   56     165   89     166   127     167   57     168   9     169   75     170   103     171   112     172   180     173   143     174   48     175   86     176   162     177   154     178   228     179   253     180   240     181   227     182   133     183   190     184   128     185   82     186   40     187   62     188   253     189   227     190   1     191   60     192   136     193   30     194   123     195   190     196   132     197   180     198   201     199   176     200   125     201   178     202   174     203   229     204   236     205   86     206   217     207   59     208   103     209   50     210   24     211   201     212   49     214   203     215   46     216   248     217   140     218   142     219   2     220   67     221   149     222   61     223   148     224   236     225   22     226   235     227   18     228   144     229   40     230   160     231   59     232   151     233   228     234   4     235   21     236   168     237   60   
98   120  98   1     119   153     120   166     121   246     122   245     123   52     124   175     125   244     126   125     127   218     128   13     129   154     130   91     131   102     132   126     133   136     134   197     135   52     136   219     137   140     138   5     139   16     140   7     141   160     142   208     143   9     144   94     145   173     146   197     147   71     148   68     149   90     150   188     151   38     152   54     153   143     154   55     155   151     156   239     157   52     158   122     159   174     160   135     161   210     162   153     163   62     164   142     165   126     166   11     167   166     168   117     169   82     170   99     171   141     172   202     173   134     174   211     175   140     176   128     177   236     178   162     179   20     180   184     181   86     182   49     183   250     184   185     185   56     186   231     187   126     188   109     189   67     190   40     191   41     192   228     193   174     194   36     195   189     196   25     197   134     198   30     199   128     200   212     201   58     202   169     203   58     204   49     205   152     206   164     207   246     208   219     209   128     210   231     211   30     212   141     213   103     214   78     215   196     216   229     217   208     218   20     219   80     220   170     221   184     222   6     223   235     224   255     225   46     226   39     227   109     228   3     229   16     230   208     231   246     232   139     233   162     234   177     235   50     236   254     237   46   
99   119  99   1     119   86     120   105     121   47     122   229     123   4     124   39     125   102     126   171     127   96     128   99     129   181     130   179     131   234     132   161     133   73     134   90     135   189     136   202     137   28     138   33     139   76     140   113     141   83     142   144     143   147     144   198     145   82     146   140     147   164     148   151     149   215     150   138     151   106     152   172     153   122     154   252     155   180     156   206     157   42     158   51     159   139     160   198     161   43     162   86     163   48     164   85     165   161     166   181     167   48     168   123     169   238     170   221     171   182     172   11     173   108     174   96     175   28     176   185     177   45     178   115     179   224     180   93     181   124     182   199     183   132     184   219     185   175     186   247     187   252     188   48     189   54     190   244     191   119     192   219     193   177     194   215     195   32     196   107     197   108     198   13     199   183     200   65     201   230     202   192     203   151     204   60     205   241     206   193     207   47     208   202     209   164     210   137     211   144     212   182     214   206     215   240     216   190     217   16     218   162     219   167     220   35     221   24     222   26     223   92     224   154     225   6     226   235     227   48     228   12     229   114     230   246     231   47     232   109     233   247     234   139     235   211     236   22     237   141   
100   119  100   1     119   152     120   73     121   75     122   29     123   8     124   204     125   22     126   152     127   89     128   4     129   2     130   116     131   238     132   213     133   207     134   162     135   224     136   56     137   53     138   247     139   1     140   35     141   193     142   97     143   33     144   8     145   98     146   84     147   140     148   43     149   149     150   111     151   218     152   233     153   153     154   49     155   9     156   167     157   203     158   175     159   30     160   137     161   186     162   70     163   197     164   142     165   213     166   79     167   224     168   189     169   33     170   119     171   216     172   60     173   202     174   151     175   135     176   57     177   100     178   71     179   23     180   85     181   36     182   121     183   62     184   76     185   127     186   188     187   99     188   187     189   254     190   47     191   102     192   76     193   51     194   58     195   62     196   171     197   47     198   7     199   37     200   96     201   89     202   51     203   43     204   179     205   135     206   77     207   99     208   126     209   125     210   60     211   221     212   220     214   96     215   109     216   115     217   67     218   70     219   5     220   21     221   243     222   14     223   127     224   44     225   39     226   137     227   45     228   118     229   68     230   205     231   52     232   144     233   188     234   10     235   227     236   25     237   37   
101   119  101   1     119   221     120   169     121   206     122   115     123   174     124   3     125   179     126   179     127   42     128   157     129   165     130   180     131   245     132   20     133   171     134   21     135   78     136   26     137   146     138   198     139   220     140   102     141   46     142   71     143   94     144   71     145   62     146   10     147   203     148   96     149   248     150   179     151   97     152   219     153   1     154   31     155   20     156   114     157   252     158   48     159   199     160   64     161   176     162   235     163   181     164   110     165   65     166   153     167   169     168   221     169   230     170   244     171   196     172   2     173   32     174   116     175   28     176   174     177   204     178   158     179   111     180   185     181   213     182   189     183   159     184   125     185   90     186   78     187   226     188   111     189   213     190   2     191   105     192   107     193   186     194   146     195   159     196   118     197   2     198   16     199   9     200   18     201   42     202   179     203   85     204   136     205   28     206   60     207   34     208   134     209   255     210   58     211   16     212   191     214   155     215   206     216   65     217   96     218   235     219   139     220   240     221   145     222   162     223   90     224   136     225   172     226   195     227   167     228   81     229   78     230   37     231   148     232   26     233   8     234   11     235   236     236   51     237   105   
102   119  102   1     119   2     120   226     121   52     122   83     123   56     124   94     125   98     126   239     127   146     128   28     129   14     130   81     131   176     132   17     133   87     134   93     135   154     136   168     137   139     138   255     139   7     140   233     141   125     142   58     143   231     144   56     145   55     146   177     147   131     148   209     149   166     150   16     151   60     152   4     153   232     154   167     155   63     156   82     157   75     158   106     159   90     160   56     161   1     162   207     163   97     164   141     165   17     166   240     167   97     168   20     169   231     170   88     171   46     172   180     173   157     174   194     175   139     176   175     177   160     178   200     179   101     180   182     181   252     182   114     183   186     184   249     185   96     186   19     187   167     188   6     189   192     190   205     191   47     192   249     193   197     194   166     195   186     196   118     197   157     198   21     199   251     200   61     201   146     202   153     203   209     204   62     205   178     206   254     207   52     208   103     209   110     210   180     211   58     212   46     214   61     215   248     216   68     217   212     218   207     219   35     220   107     221   190     222   42     223   96     224   196     225   245     226   152     227   195     228   95     229   193     230   89     231   140     232   215     233   19     234   90     235   147     236   117     237   251   
103   119  103   1     119   57     120   78     121   111     122   77     123   132     124   244     125   118     126   118     127   91     128   139     129   33     130   36     131   49     132   4     133   133     134   163     135   214     136   187     137   136     138   62     139   158     140   30     141   253     142   224     143   180     144   224     145   95     146   3     147   110     148   235     149   97     150   7     151   76     152   204     153   167     154   161     155   26     156   26     157   199     158   251     159   153     160   178     161   50     162   55     163   131     164   79     165   21     166   45     167   214     168   207     169   103     170   150     171   109     172   249     173   89     174   64     175   85     176   37     177   60     178   169     179   232     180   116     181   104     182   210     183   216     184   25     185   18     186   22     187   193     188   172     189   104     190   83     191   29     192   78     193   128     194   154     195   216     196   188     197   83     198   253     199   246     200   241     201   91     202   118     203   17     204   40     205   85     206   12     207   10     208   140     209   51     210   249     211   162     212   47     214   126     215   111     216   212     217   235     218   55     219   220     220   15     221   124     222   231     223   18     224   40     225   215     226   63     227   114     228   183     229   22     230   88     231   125     232   160     233   81     234   165     235   105     236   15     237   246   
104   119  104   1     119   101     120   8     121   251     122   12     123   105     124   82     125   6     126   53     127   55     128   114     129   141     130   84     131   219     132   255     133   57     134   58     135   213     136   61     137   117     138   34     139   160     140   54     141   52     142   115     143   25     144   118     145   70     146   241     147   13     148   146     149   94     150   53     151   87     152   193     153   15     154   203     155   255     156   201     157   213     158   73     159   88     160   95     161   103     162   136     163   145     164   5     165   210     166   78     167   8     168   101     169   24     170   249     171   10     172   151     173   133     174   109     175   153     176   105     177   108     178   32     179   149     180   196     181   38     182   247     183   106     184   206     185   173     186   213     187   43     188   149     189   3     190   13     191   49     192   166     193   88     194   117     195   229     196   250     197   85     198   204     199   163     200   91     201   185     202   53     203   185     204   245     205   153     206   28     207   18     208   61     209   119     210   184     211   204     212   27     214   214     215   251     216   172     217   146     218   136     219   26     220   112     221   39     222   60     223   42     224   72     225   49     226   107     227   149     228   30     229   160     230   115     231   18     232   61     233   32     234   52     235   233     236   27     237   49   
105   119  105   1     119   205     120   170     121   237     122   255     123   5     124   212     125   241     126   72     127   120     128   178     129   223     130   86     131   94     132   206     133   35     134   194     135   5     136   118     137   27     138   54     139   95     140   42     141   142     142   180     143   126     144   19     145   200     146   175     147   141     148   159     149   43     150   38     151   249     152   25     153   9     154   195     155   153     156   115     157   5     158   246     159   218     160   121     161   232     162   205     163   105     164   7     165   206     166   98     167   60     168   172     169   91     170   104     171   21     172   152     173   119     174   6     175   27     176   83     177   97     178   146     179   216     180   30     181   99     182   63     183   165     184   36     185   77     186   3     187   195     188   60     189   181     190   173     191   163     192   17     193   218     194   43     195   40     196   158     197   119     198   73     199   83     200   44     201   81     202   240     203   81     204   51     205   232     206   182     207   237     208   118     209   141     210   3     211   180     212   21     214   243     215   204     216   31     217   20     218   216     219   71     220   226     221   30     222   36     223   75     224   147     225   137     226   24     227   60     228   15     229   224     230   69     231   237     232   49     233   146     234   96     235   33     236   157     237   137   
106   119  106   1     119   206     120   167     121   195     122   111     123   164     124   150     125   45     126   94     127   29     128   160     129   80     130   161     131   175     132   89     133   238     134   63     135   2     136   172     137   91     138   96     139   99     140   17     141   67     142   147     143   65     144   93     145   106     146   200     147   68     148   76     149   222     150   62     151   220     152   129     153   118     154   185     155   117     156   8     157   78     158   152     159   23     160   93     161   103     162   34     163   227     164   181     165   89     166   87     167   227     168   191     169   65     170   217     171   44     172   46     173   42     174   219     175   91     176   166     177   145     178   10     179   226     180   224     181   128     182   116     183   126     184   47     185   132     186   151     187   185     188   79     189   21     190   236     191   174     192   47     193   243     194   222     195   126     196   245     197   42     198   216     199   225     200   187     201   20     202   171     203   76     204   18     205   97     206   238     207   195     208   172     209   212     210   46     211   147     212   44     214   187     215   72     216   121     217   170     218   34     219   175     220   50     221   255     222   173     223   201     224   148     225   246     226   204     227   188     228   241     229   114     230   190     231   115     232   3     233   151     234   23     235   122     236   92     237   225   
107   119  107   1     119   225     120   18     121   216     122   253     123   15     124   14     125   93     126   225     127   12     128   123     129   202     130   230     131   248     132   130     133   161     134   6     135   180     136   45     137   206     138   140     139   101     140   147     141   38     142   33     143   89     144   33     145   142     146   239     147   118     148   215     149   2     150   109     151   83     152   222     153   132     154   71     155   106     156   106     157   40     158   229     159   82     160   154     161   23     162   59     163   98     164   188     165   122     166   81     167   180     168   49     169   193     170   124     171   153     172   164     173   77     174   200     175   214     176   72     177   205     178   94     179   56     180   138     181   181     182   48     183   110     184   133     185   115     186   241     187   235     188   114     189   181     190   21     191   7     192   254     193   141     194   231     195   110     196   64     197   21     198   38     199   208     200   189     201   12     202   141     203   156     204   125     205   214     206   155     207   222     208   22     209   185     210   164     211   168     212   16     214   68     215   216     216   245     217   215     218   59     219   236     220   242     221   5     222   76     223   115     224   186     225   26     226   154     227   223     228   182     229   241     230   227     231   171     232   233     233   84     234   197     235   27     236   116     237   208   
108   119  108   1     119   117     120   166     121   196     122   245     123   128     124   175     125   125     126   125     127   249     128   13     129   154     130   91     131   102     132   151     133   136     134   242     135   52     136   219     137   36     138   203     139   16     140   7     141   112     142   208     143   42     144   94     145   173     146   197     147   40     148   68     149   90     150   125     151   33     152   54     153   143     154   55     155   151     156   144     157   52     158   34     159   174     160   120     161   210     162   20     163   62     164   142     165   29     166   132     167   166     168   117     169   247     170   99     171   1     172   202     173   60     174   211     175   152     176   128     177   14     178   162     179   109     180   184     181   122     182   49     183   199     184   185     185   56     186   52     187   126     188   109     189   122     190   40     191   46     192   228     193   23     194   36     195   199     196   25     197   134     198   30     199   106     200   212     201   58     202   125     203   138     204   255     205   152     206   164     207   246     208   99     209   131     210   231     211   30     212   141     214   78     215   196     216   229     217   68     218   20     219   80     220   170     221   139     222   6     223   163     224   255     225   74     226   39     227   234     228   3     229   16     230   208     231   246     232   219     233   162     234   160     235   50     236   141     237   46   
109   119  109   1     119   93     120   100     121   209     122   86     123   113     124   214     125   43     126   245     127   236     128   91     129   218     130   29     131   62     132   114     133   163     134   206     135   113     136   145     137   74     138   148     139   131     140   110     141   119     142   217     143   178     144   105     145   44     146   21     147   88     148   223     149   128     150   210     151   8     152   139     153   205     154   32     155   129     156   224     157   113     158   155     159   171     160   2     161   35     162   93     163   68     164   176     165   114     166   72     167   100     168   58     169   79     170   170     171   55     172   111     173   127     174   94     175   74     176   108     177   103     178   141     179   106     180   59     181   166     182   229     183   247     184   70     185   87     186   47     187   114     188   118     189   177     190   212     191   169     192   168     193   171     194   242     195   175     196   49     197   127     198   200     199   108     200   48     201   173     202   197     203   173     204   229     205   32     206   158     207   209     208   145     209   108     210   47     211   95     212   55     214   234     215   179     216   213     217   217     218   106     219   181     220   66     221   59     222   19     223   9     224   99     225   199     226   117     227   118     228   135     229   131     230   116     231   209     232   36     233   141     234   137     235   98     236   30     237   199   
110   119  110   1     119   222     120   228     121   126     122   205     123   17     124   92     125   18     126   117     127   133     128   64     129   132     130   19     131   70     132   209     133   108     134   237     135   166     136   179     137   119     138   203     139   62     140   130     141   140     142   94     143   155     144   128     145   207     146   41     147   40     148   138     149   135     150   190     151   33     152   161     153   101     154   232     155   144     156   162     157   44     158   9     159   253     160   128     161   111     162   222     163   204     164   27     165   209     166   132     167   204     168   38     169   42     170   35     171   65     172   231     173   182     174   133     175   119     176   183     177   248     178   4     179   159     180   57     181   242     182   195     183   11     184   180     185   100     186   15     187   232     188   204     189   91     190   202     191   21     192   180     193   149     194   135     195   136     196   98     197   182     198   112     199   106     200   78     201   8     202   23     203   138     204   255     205   152     206   84     207   126     208   179     209   131     210   123     211   94     212   65     214   78     215   219     216   99     217   68     218   20     219   70     220   77     221   102     222   224     223   122     224   250     225   151     226   120     227   204     228   51     229   71     230   76     231   103     232   245     233   15     234   253     235   150     236   211     237   106   
111   119  111   1     119   20     120   220     121   249     122   119     123   148     124   191     125   90     126   20     127   233     128   74     129   37     130   193     131   240     132   114     133   6     134   250     135   11     136   203     137   137     138   205     139   156     140   211     141   253     142   34     143   246     144   148     145   155     146   171     147   107     148   109     149   86     150   217     151   229     152   3     153   136     154   195     155   8     156   8     157   76     158   184     159   206     160   189     161   91     162   187     163   183     164   78     165   130     166   179     167   11     168   168     169   246     170   120     171   192     172   129     173   208     174   115     175   70     176   87     177   244     178   39     179   198     180   55     181   32     182   131     183   164     184   10     185   236     186   52     187   7     188   199     189   197     190   13     191   209     192   10     193   230     194   238     195   164     196   242     197   13     198   243     199   188     200   101     201   233     202   230     203   71     204   83     205   70     206   150     207   7     208   112     209   201     210   129     211   22     212   138     214   190     215   249     216   50     217   109     218   187     219   214     220   227     221   135     222   251     223   236     224   180     225   153     226   189     227   40     228   228     229   158     230   35     231   21     232   81     233   52     234   177     235   178     236   61     237   188   
112   119  112   1     119   34     120   157     121   29     122   93     123   127     124   219     125   153     126   153     127   53     128   149     129   214     130   123     131   133     132   221     133   196     134   148     135   110     136   4     137   5     138   111     139   107     140   201     141   12     142   85     143   138     144   85     145   232     146   224     147   109     148   98     149   134     150   153     151   43     152   137     153   73     154   116     155   221     156   20     157   110     158   49     159   38     160   183     161   66     162   184     163   50     164   187     165   254     166   172     167   157     168   34     169   186     170   204     171   253     172   146     173   213     174   191     175   175     176   127     177   143     178   78     179   242     180   121     181   80     182   64     183   7     184   132     185   179     186   110     187   131     188   242     189   80     190   146     191   89     192   203     193   162     194   5     195   7     196   45     197   146     198   228     199   59     200   118     201   225     202   153     203   35     204   1     205   175     206   122     207   71     208   216     209   101     210   209     211   228     212   210     214   62     215   29     216   54     217   98     218   184     219   218     220   245     221   222     222   52     223   179     224   1     225   237     226   31     227   68     228   26     229   110     230   165     231   174     232   4     233   78     234   169     235   90     236   234     237   89   
113   120  113   1     119   180     120   115     121   51     122   196     123   105     124   140     125   98     126   100     127   177     128   93     129   67     130   238     131   120     132   30     133   160     134   15     135   105     136   23     137   2     138   4     139   178     140   85     141   128     142   185     143   113     144   234     145   221     146   15     147   167     148   80     149   72     150   201     151   138     152   56     153   245     154   158     155   30     156   126     157   105     158   49     159   42     160   172     161   232     162   180     163   97     164   83     165   239     166   174     167   115     168   61     169   17     170   124     171   166     172   3     173   10     174   78     175   2     176   249     177   137     178   209     179   16     180   107     181   179     182   109     183   200     184   205     185   146     186   105     187   147     188   214     189   5     190   32     191   211     192   208     193   42     194   219     195   111     196   77     197   10     198   24     199   249     200   27     201   195     202   127     203   195     204   109     205   18     206   34     207   51     208   23     209   14     210   39     211   24     212   164     213   222     214   88     215   169     216   118     217   185     218   16     219   64     220   136     221   107     222   243     223   220     224   204     225   211     226   44     227   214     228   247     229   178     230   185     231   51     232   23     233   209     234   148     235   154     236   106     237   211   
114   119  114   1     119   251     120   202     121   107     122   149     123   152     124   70     125   21     126   25     127   193     128   171     129   186     130   110     131   74     132   120     133   19     134   78     135   151     136   254     137   239     138   146     139   192     140   189     141   69     142   176     143   218     144   203     145   99     146   95     147   198     148   66     149   55     150   139     151   160     152   235     153   250     154   196     155   156     156   102     157   213     158   132     159   173     160   75     161   243     162   251     163   238     164   145     165   120     166   164     167   238     168   220     169   210     170   137     171   208     172   22     173   116     174   193     175   239     176   15     177   39     178   241     179   43     180   188     181   46     182   109     183   114     184   130     185   129     186   131     187   196     188   238     189   58     190   233     191   105     192   194     193   34     194   55     195   180     196   134     197   116     198   147     199   246     200   83     201   255     202   159     203   66     204   91     205   87     206   185     207   107     208   254     209   198     210   131     211   176     212   208     214   102     215   113     216   253     217   90     218   18     219   172     220   222     221   119     222   59     223   154     224   209     225   212     226   108     227   238     228   181     229   215     230   165     231   107     232   82     233   59     234   173     235   175     236   142     237   121   
115   119  115   1     119   246     120   40     121   253     122   198     123   115     124   24     125   132     126   246     127   206     128   183     129   213     130   63     131   28     132   105     133   41     134   19     135   13     136   68     137   100     138   109     139   228     140   224     141   56     142   138     143   53     144   115     145   84     146   238     147   167     148   147     149   214     150   155     151   156     152   154     153   18     154   211     155   151     156   52     157   158     158   71     159   247     160   244     161   242     162   221     163   143     164   114     165   105     166   74     167   143     168   116     169   53     170   14     171   254     172   243     173   233     174   3     175   229     176   160     177   217     178   57     179   96     180   10     181   102     182   31     183   38     184   123     185   125     186   144     187   95     188   22     189   250     190   36     191   12     192   123     193   231     194   145     195   38     196   240     197   36     198   134     199   130     200   110     201   206     202   6     203   147     204   101     205   229     206   159     207   95     208   153     209   168     210   243     211   138     212   254     214   110     215   78     216   185     217   142     218   221     219   83     220   181     221   218     222   17     223   125     224   21     225   87     226   244     227   241     228   234     229   8     230   252     231   128     232   133     233   144     234   247     235   60     236   113     237   130   
116   119  116   1     119   193     120   245     121   166     122   1     123   192     124   118     125   205     126   205     127   11     128   133     129   48     130   248     131   101     132   82     133   90     134   139     135   245     136   56     137   54     138   32     139   24     140   138     141   72     142   113     143   63     144   113     145   89     146   179     147   60     148   102     149   121     150   205     151   191     152   45     153   217     154   162     155   82     156   216     157   58     158   51     159   249     160   68     161   187     162   30     163   33     164   12     165   157     166   198     167   245     168   158     169   2     170   188     171   143     172   26     173   34     174   73     175   212     176   192     177   9     178   243     179   213     180   228     181   71     182   167     183   42     184   107     185   124     186   46     187   65     188   213     189   71     190   175     191   57     192   150     193   146     194   74     195   42     196   155     197   175     198   17     199   95     200   190     201   11     202   205     203   207     204   14     205   212     206   246     207   141     208   100     209   76     210   26     211   17     212   239     214   105     215   166     216   157     217   102     218   30     219   120     220   255     221   64     222   5     223   124     224   14     225   111     226   186     227   159     228   140     229   46     230   184     231   218     232   56     233   134     234   240     235   221     236   69     237   57   
117   119  117   1     119   54     120   150     121   154     122   221     123   240     124   94     125   224     126   195     127   104     128   60     129   147     130   190     131   134     132   175     133   30     134   110     135   240     136   85     137   234     138   201     139   247     140   179     141   24     142   231     143   124     144   119     145   36     146   217     147   6     148   15     149   131     150   195     151   125     152   138     153   173     154   183     155   175     156   165     157   240     158   137     159   99     160   88     161   157     162   212     163   127     164   144     165   203     166   178     167   150     168   54     169   167     170   79     171   61     172   159     173   5     174   160     175   233     176   235     177   226     178   98     179   3     180   26     181   130     182   57     183   155     184   39     185   241     186   240     187   132     188   52     189   188     190   6     191   136     192   23     193   99     194   7     195   163     196   63     197   101     198   140     199   235     200   19     201   139     202   195     203   139     204   57     205   233     206   236     207   154     208   85     209   172     210   80     211   140     212   215     214   128     215   228     216   42     217   183     218   3     219   12     220   151     221   26     222   142     223   81     224   82     225   136     226   64     227   52     228   71     229   247     230   231     231   154     232   85     233   98     234   24     235   126     236   215     237   136   
118   119  118   1     119   166     120   163     121   186     122   213     123   233     124   117     125   62     126   63     127   45     128   170     129   96     130   115     131   116     132   10     133   176     134   128     135   233     136   111     137   165     138   102     139   16     140   211     141   50     142   239     143   104     144   162     145   79     146   74     147   158     148   88     149   183     150   89     151   57     152   81     153   99     154   228     155   29     156   134     157   46     158   31     159   137     160   73     161   83     162   166     163   152     164   33     165   10     166   236     167   152     168   230     169   157     170   35     171   231     172   121     173   11     174   69     175   165     176   154     177   64     178   41     179   65     180   238     181   136     182   52     183   133     184   145     185   214     186   172     187   228     188   152     189   139     190   43     191   192     192   106     193   137     194   183     195   27     196   60     197   11     198   91     199   154     200   75     201   82     202   90     203   82     204   190     205   191     206   39     207   186     208   111     209   158     210   172     211   239     212   231     214   246     215   194     216   40     217   131     218   39     219   25     220   156     221   76     222   182     223   147     224   218     225   19     226   9     227   152     228   38     229   84     230   209     231   186     232   118     233   182     234   36     235   120     236   144     237   19   
