row_number
69
col_number
345
rank
69
ary
8
*****1's_location/per_row****
0   15  0   2     23   7     46   2     69   3     92   4     115   5     138   6     161   5     184   7     207   4     230   2     253   2     276   3     299   2     322   1   
1   15  1   7     24   6     47   5     70   4     93   5     116   6     139   3     162   2     185   7     208   7     231   5     254   5     277   6     300   5     323   5   
2   15  2   6     25   6     48   2     71   7     94   1     117   3     140   1     163   2     186   7     209   1     232   6     255   4     278   4     301   6     324   7   
3   15  3   4     26   7     49   1     72   6     95   4     118   5     141   2     164   2     187   3     210   4     233   7     256   5     279   2     302   5     325   2   
4   15  4   3     27   2     50   5     73   1     96   1     119   2     142   4     165   3     188   3     211   6     234   4     257   2     280   7     303   6     326   3   
5   15  5   6     28   2     51   4     74   6     97   6     120   3     143   4     166   5     189   1     212   6     235   6     258   2     281   5     304   7     327   1   
6   15  6   1     29   6     52   1     75   7     98   7     121   7     144   6     167   5     190   2     213   5     236   6     259   1     282   7     305   7     328   6   
7   15  7   6     30   2     53   2     76   2     99   4     122   7     145   4     168   7     191   2     214   1     237   5     260   5     283   5     306   3     329   3   
8   15  8   7     31   3     54   5     77   3     100   5     123   6     146   4     169   2     192   1     215   1     238   4     261   2     284   6     307   1     330   1   
9   15  9   1     32   1     55   6     78   5     101   6     124   2     147   6     170   6     193   1     216   5     239   5     262   1     285   4     308   1     331   6   
10   15  10   6     33   5     56   2     79   5     102   4     125   3     148   7     171   6     194   1     217   4     240   3     263   3     286   5     309   7     332   2   
11   15  11   7     34   6     57   4     80   4     103   6     126   2     149   5     172   1     195   7     218   1     241   4     264   4     287   6     310   5     333   2   
12   15  12   7     35   1     58   5     81   4     104   1     127   4     150   7     173   3     196   7     219   1     242   1     265   5     288   5     311   5     334   2   
13   15  13   1     36   5     59   1     82   4     105   3     128   2     151   3     174   5     197   7     220   1     243   1     266   4     289   3     312   1     335   7   
14   15  14   2     37   4     60   2     83   6     106   4     129   1     152   4     175   5     198   1     221   1     244   2     267   4     290   7     313   5     336   1   
15   15  15   7     38   4     61   2     84   2     107   3     130   7     153   2     176   1     199   7     222   4     245   1     268   5     291   6     314   7     337   1   
16   15  16   1     39   5     62   7     85   3     108   5     131   1     154   4     177   2     200   1     223   2     246   1     269   3     292   7     315   6     338   4   
17   15  17   5     40   5     63   4     86   5     109   6     132   4     155   3     178   6     201   2     224   3     247   4     270   4     293   5     316   3     339   6   
18   15  18   5     41   3     64   4     87   2     110   6     133   5     156   7     179   2     202   5     225   5     248   7     271   4     294   2     317   1     340   1   
19   15  19   3     42   6     65   1     88   1     111   3     134   2     157   3     180   5     203   7     226   5     249   1     272   3     295   1     318   3     341   6   
20   15  20   3     43   3     66   4     89   5     112   6     135   3     158   2     181   6     204   4     227   5     250   4     273   2     296   7     319   3     342   7   
21   15  21   4     44   1     67   7     90   1     113   2     136   6     159   2     182   5     205   3     228   3     251   3     274   5     297   4     320   6     343   4   
22   15  22   7     45   5     68   6     91   7     114   7     137   3     160   3     183   5     206   6     229   1     252   3     275   2     298   1     321   5     344   6   
23   15  0   3     45   1     67   2     89   7     111   2     133   2     155   2     177   7     199   3     221   7     243   5     265   2     287   7     309   6     331   3   
24   15  1   5     23   2     68   6     90   6     112   1     134   7     156   6     178   4     200   6     222   2     244   5     266   2     288   7     310   7     332   6   
25   15  2   5     24   1     46   2     91   7     113   1     135   1     157   3     179   5     201   3     223   6     245   6     267   5     289   1     311   5     333   6   
26   15  3   3     25   7     47   5     69   1     114   3     136   4     158   4     180   4     202   1     224   2     246   4     268   7     290   4     312   2     334   2   
27   15  4   6     26   2     48   4     70   3     92   4     137   1     159   4     181   6     203   7     225   1     247   1     269   6     291   7     313   1     335   5   
28   15  5   1     27   1     49   2     71   4     93   7     115   5     160   7     182   4     204   3     226   1     248   7     270   3     292   2     314   4     336   4   
29   15  6   2     28   6     50   7     72   6     94   1     116   6     138   4     183   7     205   6     227   5     249   6     271   5     293   1     315   6     337   2   
30   15  7   1     29   5     51   3     73   4     95   7     117   1     139   3     161   2     206   3     228   1     250   1     272   7     294   1     316   2     338   6   
31   15  8   4     30   5     52   1     74   4     96   2     118   3     140   6     162   6     184   5     229   3     251   1     273   3     295   3     317   4     339   2   
32   15  9   7     31   3     53   2     75   4     97   3     119   5     141   1     163   6     185   6     207   4     252   4     274   3     296   4     318   2     340   7   
33   15  10   4     32   6     54   4     76   1     98   7     120   2     142   2     164   7     186   1     208   3     230   6     275   5     297   3     319   2     341   6   
34   15  11   3     33   7     55   2     77   6     99   7     121   7     143   2     165   3     187   4     209   3     231   3     253   5     298   4     320   1     342   7   
35   15  12   3     34   3     56   4     78   3     100   5     122   2     144   6     166   6     188   4     210   4     232   4     254   1     276   4     321   3     343   1   
36   15  13   1     35   4     57   6     79   3     101   6     123   6     145   6     167   1     189   5     211   3     233   5     255   1     277   1     299   5     344   2   
37   15  14   5     36   6     58   1     80   6     102   2     124   7     146   7     168   6     190   2     212   6     234   3     256   5     278   5     300   5     322   4   
38   15  15   6     37   2     59   7     81   3     103   4     125   3     147   5     169   5     191   7     213   7     235   4     257   4     279   2     301   2     323   1   
39   15  16   7     38   2     60   2     82   4     104   1     126   6     148   5     170   6     192   1     214   3     236   6     258   6     280   5     302   2     324   2   
40   15  17   1     39   2     61   7     83   3     105   2     127   1     149   2     171   4     193   7     215   7     237   2     259   1     281   3     303   5     325   6   
41   15  18   4     40   1     62   5     84   4     106   3     128   2     150   5     172   1     194   7     216   1     238   7     260   5     282   6     304   7     326   1   
42   15  19   1     41   7     63   6     85   1     107   7     129   7     151   2     173   3     195   4     217   5     239   2     261   1     283   3     305   6     327   3   
43   15  20   1     42   3     64   6     86   4     108   3     130   4     152   3     174   2     196   7     218   2     240   1     262   7     284   3     306   5     328   1   
44   15  21   3     43   5     65   6     87   2     109   7     131   3     153   1     175   7     197   5     219   2     241   3     263   2     285   4     307   4     329   1   
45   15  22   2     44   2     66   2     88   2     110   4     132   4     154   6     176   6     198   3     220   1     242   4     264   7     286   1     308   4     330   2   
46   15  0   4     43   2     63   5     83   6     103   5     123   4     143   6     163   4     206   7     226   6     246   6     266   4     286   2     306   5     326   6   
47   15  1   5     44   7     64   4     84   5     104   5     124   2     144   5     164   3     184   1     227   1     247   3     267   7     287   4     307   4     327   4   
48   15  2   7     45   7     65   7     85   6     105   5     125   6     145   4     165   6     185   7     228   3     248   4     268   2     288   2     308   7     328   7   
49   15  3   1     23   6     66   6     86   6     106   1     126   1     146   7     166   5     186   6     229   5     249   3     269   5     289   2     309   1     329   7   
50   15  4   6     24   5     67   4     87   4     107   2     127   5     147   3     167   7     187   3     207   3     250   7     270   6     290   6     310   4     330   2   
51   15  5   7     25   5     68   1     88   6     108   2     128   6     148   4     168   4     188   2     208   4     251   1     271   4     291   5     311   1     331   3   
52   15  6   7     26   6     46   7     89   4     109   7     129   5     149   3     169   7     189   1     209   5     252   6     272   1     292   7     312   1     332   6   
53   15  7   7     27   3     47   5     90   6     110   3     130   4     150   1     170   2     190   7     210   1     230   3     273   6     293   1     313   3     333   1   
54   15  8   7     28   1     48   7     91   6     111   6     131   4     151   7     171   4     191   3     211   7     231   3     274   7     294   1     314   3     334   1   
55   15  9   5     29   7     49   3     69   3     112   5     132   7     152   3     172   4     192   6     212   1     232   5     275   4     295   1     315   4     335   7   
56   15  10   4     30   4     50   2     70   4     113   2     133   5     153   4     173   1     193   2     213   4     233   7     253   2     296   4     316   7     336   1   
57   15  11   5     31   1     51   7     71   6     114   7     134   1     154   5     174   3     194   3     214   3     234   3     254   3     297   7     317   3     337   7   
58   15  12   2     32   5     52   6     72   1     92   7     135   6     155   4     175   1     195   4     215   2     235   5     255   4     298   7     318   4     338   5   
59   15  13   4     33   6     53   7     73   5     93   3     136   6     156   7     176   6     196   6     216   5     236   4     256   4     276   2     319   2     339   7   
60   15  14   3     34   5     54   3     74   5     94   2     137   6     157   4     177   5     197   4     217   4     237   5     257   7     277   2     320   6     340   1   
61   15  15   5     35   2     55   3     75   5     95   6     115   4     158   4     178   1     198   5     218   4     238   3     258   2     278   4     321   3     341   6   
62   15  16   5     36   4     56   7     76   7     96   5     116   5     159   1     179   3     199   6     219   3     239   7     259   4     279   4     299   2     342   4   
63   15  17   7     37   1     57   4     77   6     97   4     117   4     160   2     180   3     200   4     220   1     240   6     260   3     280   1     300   1     343   1   
64   15  18   4     38   5     58   2     78   6     98   3     118   4     138   7     181   3     201   3     221   3     241   1     261   2     281   6     301   6     344   2   
65   15  19   7     39   1     59   4     79   5     99   5     119   3     139   4     182   5     202   6     222   1     242   7     262   6     282   7     302   1     322   2   
66   15  20   5     40   5     60   6     80   4     100   4     120   5     140   3     183   3     203   5     223   4     243   3     263   1     283   3     303   4     323   5   
67   15  21   1     41   5     61   2     81   3     101   7     121   5     141   7     161   3     204   5     224   5     244   4     264   1     284   2     304   3     324   5   
68   15  22   7     42   6     62   5     82   3     102   7     122   4     142   1     162   5     205   3     225   2     245   4     265   3     285   6     305   2     325   2   
*****1's_location/per_col****
0   236  0   1     69   4     70   1     72   4     73   5     74   1     76   6     77   4     78   4     80   1     81   2     82   5     83   7     84   7     85   3     86   3     87   4     88   7     89   4     90   3     91   6     92   2     93   3     95   2     96   1     97   1     98   4     99   1     100   4     102   4     103   7     104   1     105   1     106   7     107   1     108   3     109   6     110   1     111   5     112   6     113   4     114   2     115   3     117   5     118   1     120   2     121   1     122   6     123   7     124   1     127   3     128   4     129   6     130   5     131   6     132   3     133   2     134   7     135   4     136   7     137   6     138   2     139   5     140   1     141   2     142   5     143   5     144   5     145   4     146   7     147   4     148   5     149   3     150   1     151   1     152   2     153   6     154   3     155   3     156   3     157   2     159   1     160   4     162   3     163   3     164   7     166   1     167   4     169   5     170   6     171   4     172   5     173   3     176   1     177   6     178   7     179   7     180   7     181   2     183   1     184   2     185   6     186   5     187   5     188   5     189   7     190   2     191   6     192   3     193   4     194   1     195   6     196   7     197   6     199   6     200   7     201   1     202   7     204   2     205   5     206   2     208   7     209   7     210   2     211   4     212   7     213   6     214   5     215   6     216   3     218   7     219   1     221   4     222   5     223   2     224   3     226   5     227   1     228   6     229   7     230   4     231   1     232   5     233   5     234   3     235   1     236   6     237   6     240   4     243   1     244   1     246   2     247   4     248   1     251   6     252   2     253   1     254   3     255   2     256   3     257   7     258   5     259   7     260   5     261   2     262   5     263   6     264   3     266   6     267   1     268   3     269   2     270   7     271   1     272   3     273   7     275   2     276   5     277   1     278   7     279   5     280   6     281   7     283   5     285   4     286   4     287   4     289   1     290   3     291   1     292   7     293   7     294   7     295   4     296   6     297   4     299   2     300   2     301   3     302   4     304   1     305   4     306   2     307   3     308   5     309   4     310   1     311   2     312   7     313   7     314   7     315   2     316   4     317   3     318   6     319   2     320   2     321   6     322   6     324   7     325   7     326   3     327   1     328   7     329   7     333   6     335   6     336   5     337   6     338   1     339   7     340   1     341   7     342   3     343   2     344   1   
1   241  1   1     69   3     70   2     71   7     72   3     74   5     75   5     76   5     77   4     79   5     80   7     82   5     83   5     84   6     85   5     86   5     87   4     88   4     90   5     91   2     92   3     94   7     95   4     96   6     97   2     98   5     99   5     100   7     101   3     102   7     104   1     106   1     107   6     109   6     110   6     111   6     112   1     113   4     115   5     116   3     117   1     118   5     119   1     120   5     121   5     122   7     123   4     124   1     125   7     126   7     127   3     128   3     129   2     130   1     131   4     132   1     133   1     134   6     136   6     137   5     139   6     141   1     142   1     143   2     144   1     145   6     146   3     147   6     148   7     149   3     150   5     152   2     153   7     154   3     155   3     156   7     157   5     159   4     160   4     161   1     162   4     163   5     164   3     166   2     167   3     168   6     169   7     170   3     171   3     172   4     173   4     174   4     175   6     176   3     177   4     178   6     179   6     180   3     181   4     182   5     183   3     184   1     185   4     186   5     187   2     188   6     189   3     191   7     192   1     193   5     194   3     195   6     196   4     197   7     198   1     199   4     201   2     202   2     203   7     204   2     205   5     206   1     207   5     208   2     209   3     210   7     211   2     212   6     213   6     214   2     215   6     216   1     217   2     218   4     219   7     220   3     222   1     223   3     224   2     225   4     226   5     227   3     228   3     229   6     230   5     231   6     232   4     233   5     234   6     235   4     236   2     237   4     241   3     242   1     243   3     244   2     245   3     246   6     247   6     248   7     250   2     251   4     252   4     253   3     254   6     255   6     256   5     257   4     258   6     259   2     260   1     261   4     262   1     265   6     269   7     270   7     271   6     272   5     273   2     275   6     276   4     277   4     278   4     279   6     280   5     281   3     282   5     283   1     286   3     287   5     288   3     289   7     290   1     291   2     293   2     295   1     296   7     297   3     298   4     299   1     300   3     302   2     303   1     304   2     306   5     307   7     308   3     309   3     310   7     311   4     312   1     313   2     314   5     315   7     316   3     317   2     318   5     319   4     320   2     321   3     322   7     323   4     324   6     326   4     327   1     328   3     329   6     330   6     331   7     332   5     333   6     334   1     335   4     336   1     337   6     338   6     339   4     341   7     342   4     343   1     344   4   
2   245  2   1     69   2     70   1     71   5     72   3     74   5     75   4     77   7     79   2     81   3     82   3     83   7     85   5     86   5     87   6     88   4     89   7     90   7     91   4     92   6     93   7     94   3     95   4     96   3     97   1     98   4     99   5     101   2     102   1     103   5     104   2     106   7     107   6     109   6     110   6     112   3     113   7     114   3     115   3     116   3     117   5     118   1     119   4     120   1     121   1     122   2     123   4     124   5     125   4     126   5     127   5     128   3     129   6     130   1     131   1     132   2     133   6     134   5     135   1     136   1     137   5     138   2     140   2     142   5     143   6     144   4     146   5     147   6     148   2     149   1     150   6     151   7     152   6     153   2     154   4     155   2     156   6     157   4     158   2     159   7     160   4     161   5     162   5     163   7     164   6     165   6     166   7     167   5     168   5     169   7     170   6     171   3     172   7     173   6     174   6     175   3     176   2     177   6     179   4     180   4     181   5     182   2     183   1     184   6     185   2     186   5     188   2     189   4     190   1     191   1     192   1     193   2     194   5     195   5     196   7     197   1     198   2     199   3     200   6     201   7     202   7     203   7     204   1     205   5     206   2     207   1     209   3     211   6     212   1     213   5     214   3     216   7     217   3     218   2     219   6     220   5     221   6     222   1     224   4     225   2     226   4     227   4     228   7     229   5     230   6     232   2     233   2     234   1     235   2     236   4     237   2     238   2     239   3     240   4     241   1     242   2     243   4     244   6     245   6     246   4     247   7     248   4     249   2     250   5     252   7     253   6     254   5     255   3     256   3     257   2     259   4     260   3     263   7     265   7     266   2     267   1     269   4     270   7     271   4     272   7     273   5     274   4     275   1     277   3     278   4     279   5     280   2     281   7     282   7     283   4     284   4     285   1     287   5     288   6     289   5     290   1     291   6     292   1     293   1     294   3     295   4     296   1     297   2     298   4     299   7     300   3     301   4     302   3     303   2     304   4     305   1     306   4     307   1     308   2     309   5     310   5     311   5     313   3     314   5     315   4     316   2     317   1     319   5     320   4     321   2     322   3     323   1     324   5     325   6     326   6     327   3     328   2     329   5     330   6     332   2     333   7     335   3     336   1     337   5     338   2     339   5     340   7     341   4     342   2     343   3   
3   231  3   1     69   1     70   6     71   4     72   5     74   2     75   7     76   2     77   3     78   5     79   3     80   6     82   5     83   3     84   6     85   3     86   5     88   6     89   4     91   7     92   1     94   4     95   6     96   3     97   2     98   7     99   4     101   5     102   5     103   7     104   3     106   4     107   3     108   6     109   6     110   1     112   2     113   5     114   2     116   5     117   7     118   2     119   1     121   4     122   5     123   3     124   5     125   1     126   2     127   2     128   2     130   1     131   2     132   6     133   3     136   5     137   5     138   1     139   4     140   7     141   3     142   3     143   4     144   2     145   7     146   4     147   3     148   3     149   5     151   1     152   7     153   2     154   3     155   6     157   7     159   7     160   3     161   2     162   4     163   2     164   7     165   1     166   1     167   1     168   4     169   3     170   2     172   1     173   2     174   7     175   5     176   5     177   2     178   4     179   4     180   3     181   5     182   6     183   6     184   4     185   1     187   4     188   7     189   1     190   3     192   6     193   2     195   3     196   7     197   3     199   2     200   2     201   5     202   1     203   6     204   5     205   6     206   2     207   6     208   5     209   4     210   1     211   6     212   2     213   6     214   3     215   5     216   1     217   6     218   6     221   2     222   3     223   1     225   3     226   3     227   5     228   6     232   5     233   4     235   2     236   1     237   2     239   3     240   6     241   6     243   4     244   3     245   7     246   2     247   2     248   5     249   4     250   3     251   1     252   7     253   3     254   6     255   5     257   2     259   1     260   3     261   1     262   1     264   4     265   7     266   2     268   3     270   3     271   6     272   2     274   6     276   4     277   6     278   4     279   1     280   2     281   1     283   6     284   2     286   7     288   1     289   5     290   6     291   3     293   1     295   5     296   5     297   4     298   4     299   5     300   2     302   3     303   6     305   3     306   1     307   2     308   5     309   6     310   7     311   2     312   5     313   1     314   5     316   1     317   2     318   7     319   3     320   6     321   3     322   3     323   1     324   6     325   7     326   2     327   3     328   1     329   5     330   2     331   6     332   2     333   3     334   5     335   2     336   4     338   7     339   3     340   7     341   6     342   4     343   2     344   5   
4   245  4   1     69   7     70   7     71   4     73   1     74   1     77   4     78   5     79   5     80   1     81   2     83   2     85   4     86   2     87   3     88   7     90   3     91   5     92   4     93   6     94   5     95   6     96   4     97   5     98   3     99   2     100   6     101   2     102   7     103   7     104   2     105   7     106   4     107   4     108   6     109   6     110   4     111   7     112   6     113   5     114   1     116   1     117   7     118   5     119   5     120   7     121   3     122   6     123   6     124   7     125   3     126   5     127   7     128   2     129   5     130   1     131   3     132   1     133   4     134   6     135   1     138   7     139   4     140   7     141   5     142   4     143   6     144   2     145   4     146   5     148   5     149   2     150   7     151   4     152   3     154   7     155   3     158   7     159   3     160   4     161   5     162   2     163   4     164   2     165   6     166   3     167   3     168   1     169   2     171   3     172   1     173   1     174   4     175   2     176   5     177   4     178   7     180   5     181   5     182   3     183   6     184   6     185   3     186   7     187   7     188   1     189   3     190   5     191   7     192   3     193   4     194   3     195   3     196   1     197   5     198   5     199   3     200   1     201   4     202   1     203   4     204   1     206   1     207   4     208   3     209   4     211   1     212   4     213   5     214   5     215   1     216   5     218   7     219   7     220   2     221   4     222   3     223   5     224   2     225   3     226   3     227   4     228   6     229   7     231   3     232   7     233   4     234   7     235   7     236   1     238   7     239   5     241   7     242   3     243   5     244   3     245   3     246   4     247   5     248   5     249   6     250   4     251   2     252   4     253   4     254   1     255   2     256   1     257   6     258   1     260   2     261   5     262   2     263   7     264   4     265   6     266   6     268   5     269   2     270   2     271   2     272   3     273   1     274   4     275   3     276   5     277   1     278   6     279   3     281   7     282   4     284   2     285   4     286   2     287   7     288   5     289   1     290   6     291   1     293   2     295   4     296   3     299   7     300   6     301   6     302   4     303   3     304   3     305   3     306   1     307   7     308   4     309   5     310   6     311   6     312   1     313   4     315   7     316   2     317   5     318   2     319   2     320   4     321   5     322   3     323   1     324   2     325   6     326   2     327   4     328   3     329   1     330   6     331   4     332   1     333   1     335   7     336   1     338   3     339   5     340   3     341   7     342   1     343   6     344   6   
5   238  5   1     69   7     70   2     71   5     72   5     73   6     74   7     75   2     76   3     77   7     78   5     80   3     82   2     83   6     84   1     85   6     86   2     88   6     89   2     90   3     91   2     92   6     93   6     94   2     95   3     96   3     97   6     98   7     99   2     100   6     101   3     104   6     105   6     106   5     107   7     109   3     110   4     112   2     113   1     114   2     115   6     116   6     117   5     118   6     119   7     120   2     121   7     123   6     124   4     125   5     126   4     127   4     128   4     130   5     131   1     132   3     133   2     134   6     135   5     136   4     138   3     139   4     140   4     141   3     142   3     143   3     144   2     145   2     146   1     147   4     148   4     151   2     152   7     154   4     155   4     156   2     157   3     158   6     159   5     160   2     161   5     162   5     163   3     164   5     165   3     166   4     167   4     168   3     170   2     172   5     173   5     174   1     175   5     176   1     177   7     178   4     179   2     180   2     181   4     182   4     183   1     186   6     187   3     188   1     189   4     190   2     191   3     192   4     193   5     194   3     195   2     196   5     197   3     198   5     201   1     202   1     203   1     204   1     205   1     206   1     207   1     208   2     210   3     211   7     212   7     213   1     214   3     215   2     216   1     217   7     218   7     219   6     220   3     221   3     222   7     224   5     225   5     226   7     227   7     228   6     229   1     230   4     231   6     232   1     233   1     234   4     235   4     236   5     239   7     240   2     241   4     242   6     243   6     244   4     246   6     247   2     250   5     251   5     252   3     253   3     254   1     255   6     257   3     258   1     259   5     260   5     261   6     262   3     263   4     264   1     266   4     267   6     269   3     270   5     271   3     272   5     273   4     274   5     275   7     276   6     277   7     278   2     279   7     280   4     281   7     282   3     283   7     285   2     286   5     287   6     288   2     289   6     290   4     292   4     293   7     294   7     295   6     297   1     298   7     300   4     301   6     302   6     303   4     304   3     305   3     306   1     307   5     308   6     311   6     312   7     313   4     314   6     315   7     317   5     318   3     320   7     322   3     323   2     324   4     325   6     326   7     327   3     329   3     330   7     331   1     332   6     333   2     334   7     335   7     336   2     337   6     338   2     339   6     340   7     341   4     342   6     343   4     344   3   
6   249  6   1     69   7     70   7     71   2     72   3     73   1     74   5     76   3     77   3     78   6     79   6     80   2     81   4     83   2     84   4     85   1     86   7     87   7     88   6     89   2     90   1     92   2     93   5     94   6     95   5     96   5     97   2     98   6     99   7     100   1     101   2     103   1     104   5     105   6     106   4     107   1     108   6     109   5     110   2     111   4     112   7     113   1     114   7     115   5     116   6     117   1     118   6     119   2     120   6     121   3     122   3     123   4     124   3     125   2     127   2     128   2     129   3     130   5     131   7     132   5     133   2     134   3     135   5     136   3     137   3     139   3     140   7     141   7     142   4     143   7     144   4     145   6     146   6     147   1     148   1     149   6     152   5     153   1     154   1     155   5     156   5     157   1     158   2     159   7     160   6     161   2     162   3     163   6     164   7     165   2     166   4     167   1     169   7     171   2     172   1     173   3     174   5     175   1     176   1     177   1     178   2     179   5     180   7     181   3     182   3     183   3     184   2     187   4     188   5     189   3     190   5     191   5     192   4     193   2     194   3     195   3     196   6     197   5     198   3     199   5     200   2     201   4     202   1     203   4     204   3     205   5     206   3     207   6     208   2     209   4     210   5     211   4     212   6     213   2     214   6     215   7     216   2     217   3     218   4     219   5     220   2     223   4     224   7     225   1     226   7     228   6     229   2     230   6     231   1     232   7     233   4     235   2     236   1     238   5     239   3     241   1     242   7     243   3     244   6     245   1     246   3     247   5     248   5     249   5     251   2     252   4     253   2     255   3     256   5     257   1     258   7     260   4     261   5     262   2     263   2     265   5     266   6     267   4     268   1     270   4     271   2     273   1     275   2     276   4     277   2     278   4     279   6     280   3     281   6     282   1     284   2     285   1     286   4     287   3     288   3     289   1     290   3     291   6     293   5     294   4     295   6     296   7     297   5     298   6     299   3     300   7     301   3     302   4     303   6     304   7     305   5     306   2     307   2     308   3     309   6     310   3     311   4     312   6     313   2     314   3     315   3     316   5     317   2     318   5     319   5     320   1     321   7     322   3     323   6     324   3     325   1     326   3     327   1     328   5     329   5     330   6     331   6     332   3     333   3     335   1     336   4     337   2     338   4     339   1     340   4     341   3     342   7     343   3     344   1   
7   233  7   1     69   3     70   6     71   1     73   7     74   5     76   4     77   5     78   7     79   5     80   2     81   4     82   2     83   6     84   1     85   6     86   3     88   7     89   4     90   2     91   2     92   3     93   3     94   2     95   3     96   4     97   5     98   1     99   7     100   5     101   2     102   4     103   4     104   3     105   2     106   2     107   1     108   4     109   5     113   2     114   1     115   5     116   6     117   1     118   5     120   5     121   6     122   3     123   1     124   1     125   4     126   7     127   7     128   4     129   4     130   1     131   5     132   5     133   1     135   5     136   6     137   7     138   6     139   5     140   5     141   7     142   4     143   7     144   7     145   5     146   7     147   2     148   6     151   1     152   4     153   5     156   3     157   5     158   4     160   5     161   6     162   1     163   5     165   4     166   3     167   6     168   4     169   7     170   7     171   1     172   6     173   6     174   6     175   7     176   3     177   6     178   2     179   3     180   7     181   1     182   1     183   2     185   7     186   6     187   6     188   5     189   7     190   3     191   6     193   6     194   2     196   2     197   4     199   2     200   2     201   6     206   3     208   1     209   6     210   3     211   1     212   5     214   2     215   4     216   3     217   5     218   6     219   1     220   1     221   5     222   6     223   4     224   3     226   4     227   1     228   6     230   4     231   4     232   7     233   1     234   3     235   7     236   4     237   6     238   2     239   2     240   6     243   2     244   7     245   2     246   1     247   4     248   2     249   3     250   1     251   2     252   1     253   5     254   1     256   7     257   4     258   4     259   7     260   1     261   2     262   4     265   3     267   7     269   7     271   2     272   2     273   6     274   4     275   3     276   4     277   1     278   7     279   6     280   4     281   7     282   4     283   4     284   3     285   4     286   3     288   2     289   4     290   4     291   6     292   4     293   3     294   2     296   4     297   7     299   3     300   4     301   4     302   7     303   4     304   4     305   1     306   3     308   4     309   3     310   1     312   5     313   6     316   7     317   7     318   6     319   4     320   6     321   4     322   6     323   2     325   1     326   1     327   3     329   2     330   1     331   7     332   4     333   5     334   1     335   7     336   3     338   6     339   5     340   7     341   7     342   1     343   2     344   6   
8   241  8   1     69   2     71   1     72   2     74   1     75   4     76   6     77   7     78   5     79   7     80   3     81   1     82   5     83   2     84   1     85   3     87   5     88   1     89   2     90   1     91   5     92   4     93   3     94   2     95   7     96   6     97   4     98   4     99   4     100   5     101   6     102   2     104   4     105   1     106   4     107   5     108   2     109   7     110   4     111   3     112   1     113   3     114   7     116   6     117   4     118   5     119   3     120   4     121   7     122   5     123   1     124   7     125   5     126   1     127   7     128   7     130   6     131   5     132   6     133   5     134   4     137   4     138   4     139   1     140   7     142   2     143   3     145   4     147   4     148   7     149   7     150   3     151   1     152   4     153   3     156   2     157   1     158   4     159   3     160   7     161   5     162   6     163   4     164   7     165   1     167   3     168   1     169   2     170   3     171   1     173   4     174   6     175   6     176   6     178   1     179   1     180   3     181   7     182   2     183   1     184   5     185   3     186   3     187   4     189   2     191   5     192   4     193   7     194   4     195   3     196   5     197   1     198   4     199   2     201   7     203   3     204   7     205   5     206   5     207   5     208   5     209   1     210   2     211   7     212   3     213   4     215   6     216   5     217   2     218   7     219   6     220   6     221   3     222   4     223   5     225   6     226   5     227   7     229   5     230   7     231   7     232   1     233   5     234   1     235   3     236   6     237   7     238   3     240   7     241   6     242   1     245   6     246   3     247   3     248   1     249   3     250   7     251   4     252   7     253   3     254   6     255   2     256   7     257   5     258   6     259   4     260   5     261   3     262   7     263   6     264   2     265   7     266   3     267   1     268   3     269   4     270   3     271   1     272   4     273   6     274   6     275   5     276   1     277   4     278   7     279   7     280   7     281   4     282   4     283   4     285   5     286   7     287   2     288   5     289   1     290   6     291   3     292   2     293   6     294   2     295   7     296   1     297   3     300   5     301   1     302   3     303   3     304   2     306   1     307   5     308   7     309   4     310   4     313   7     314   3     315   3     316   2     317   6     319   5     320   3     321   4     323   3     324   6     325   2     326   6     327   6     329   5     330   5     331   7     332   3     333   5     334   4     335   5     336   6     337   6     338   7     339   4     340   6     342   4     343   5     344   5   
9   248  9   1     69   1     70   3     72   3     73   4     75   2     76   4     77   6     78   3     79   7     80   3     81   1     82   3     83   7     84   5     85   1     86   3     87   6     88   4     89   2     90   1     91   7     92   1     93   1     94   1     95   7     96   4     97   6     98   4     99   4     100   5     101   1     102   3     103   1     104   4     105   6     106   2     107   1     108   3     109   4     110   3     112   2     113   7     114   5     115   2     116   1     118   6     119   6     120   6     121   3     122   5     123   2     124   2     126   5     127   2     128   7     129   7     132   5     134   1     135   2     136   5     137   1     138   5     139   1     140   5     141   1     142   7     143   6     144   7     145   7     147   1     148   1     149   6     150   1     151   4     152   2     154   1     155   6     156   4     157   1     158   1     159   4     160   7     161   2     162   2     163   5     164   4     166   2     168   2     169   3     170   7     171   6     172   7     173   5     174   1     177   2     178   4     179   5     180   1     181   6     182   5     183   1     184   7     185   5     186   6     187   1     188   6     189   2     190   1     191   1     192   3     193   2     194   1     195   5     196   3     197   2     198   6     199   5     200   7     201   1     202   5     203   2     204   4     205   3     206   3     207   2     208   4     209   4     210   7     211   7     212   4     213   5     214   6     215   2     216   4     218   4     219   3     220   3     221   7     222   1     223   1     225   4     226   2     227   2     228   4     230   1     231   4     232   2     233   7     234   3     235   4     236   2     237   1     238   7     239   5     240   4     241   4     242   6     243   3     244   5     245   2     246   2     247   5     248   7     249   7     251   6     252   4     253   3     254   6     255   5     258   2     260   7     261   1     262   3     263   6     264   4     265   5     266   4     267   6     268   1     269   7     270   5     271   6     272   6     273   1     274   5     277   4     278   2     279   7     280   4     281   5     282   2     284   4     285   6     286   3     287   2     288   3     289   7     290   1     291   6     292   5     293   2     294   2     295   1     296   2     297   1     299   4     300   7     301   3     302   3     303   2     304   1     305   4     306   4     307   3     308   3     309   2     310   4     311   6     313   4     314   2     316   3     317   3     318   7     319   5     320   3     321   7     322   2     323   2     324   4     325   6     326   5     327   4     328   4     329   3     330   4     332   1     333   1     334   2     335   6     336   4     338   5     339   6     340   1     341   1     342   7     343   6     344   3   
10   241  10   1     72   2     73   7     74   1     75   4     76   5     77   2     78   1     79   1     80   4     81   1     83   6     85   7     86   5     88   2     89   6     90   5     91   2     92   7     93   2     94   7     95   1     96   4     97   3     98   5     99   3     103   4     104   6     105   2     106   6     107   5     108   7     109   6     110   6     111   6     115   3     116   3     117   5     118   7     119   3     120   1     121   6     122   2     123   6     124   4     125   1     126   2     127   1     128   5     129   7     130   3     131   6     132   2     133   3     134   5     135   6     136   3     137   7     138   6     139   5     140   2     142   6     143   7     145   7     146   5     147   6     148   3     149   1     150   7     151   6     152   2     153   6     154   1     155   7     156   1     157   6     158   4     159   2     161   7     162   4     163   7     164   2     168   6     169   1     170   7     171   3     172   7     173   6     174   6     175   4     176   2     177   3     178   4     179   5     180   7     181   5     182   1     184   6     185   3     186   2     187   6     188   6     189   7     191   5     192   2     194   1     195   6     196   2     197   7     198   6     199   2     200   3     201   5     203   4     204   6     205   3     206   2     207   5     208   2     209   3     211   6     212   4     213   6     214   5     215   6     216   3     217   1     218   5     219   2     220   5     221   7     222   4     223   5     224   3     225   6     226   4     227   5     228   6     229   3     230   6     231   5     233   7     234   1     235   1     236   4     237   6     238   2     239   5     240   7     241   5     243   1     244   5     245   2     246   5     247   4     248   3     249   7     250   2     251   4     252   5     253   6     254   6     255   1     256   4     257   3     258   6     259   5     260   3     261   6     262   4     263   7     264   1     265   4     266   6     267   3     268   2     269   2     270   1     273   7     274   2     275   7     276   4     277   5     278   1     279   7     280   2     281   1     282   1     283   4     284   6     285   1     286   2     288   6     289   2     290   1     291   1     293   5     294   6     295   1     296   4     297   7     298   5     300   2     301   5     302   1     303   5     304   7     305   1     306   5     307   5     308   1     309   4     310   3     311   5     313   1     314   7     315   6     316   1     317   7     318   1     319   2     320   7     322   3     323   7     324   3     325   7     326   7     327   6     328   1     329   5     330   5     332   2     333   4     334   4     336   1     337   4     338   1     339   6     340   6     342   4     343   6   
11   236  11   1     70   6     71   2     72   7     74   4     75   3     76   4     77   5     78   3     79   5     80   1     81   2     82   6     85   4     87   4     88   2     89   7     90   3     91   4     92   3     93   7     94   1     95   1     96   6     97   4     98   5     100   6     101   5     103   5     104   6     105   3     106   3     109   3     110   7     111   7     112   7     113   4     114   7     115   7     116   3     117   5     118   1     119   3     120   1     121   5     122   1     126   3     128   1     129   7     130   5     131   3     132   7     134   5     135   5     136   3     137   7     139   1     140   3     142   5     143   1     144   2     146   6     147   4     148   1     149   1     150   1     151   1     152   5     154   2     155   7     156   5     157   7     158   7     159   2     160   3     161   1     162   6     163   6     164   7     165   1     167   7     168   1     169   5     170   7     171   1     173   6     174   2     175   7     176   3     177   4     178   2     179   6     182   7     183   3     184   6     185   5     186   5     187   7     189   6     190   2     191   3     192   5     193   1     194   6     195   4     196   6     197   2     198   3     201   5     202   4     203   1     204   6     205   5     206   5     207   4     208   4     209   2     210   2     211   3     213   4     215   5     216   6     217   5     218   2     219   3     220   1     221   3     222   2     223   6     224   7     225   3     226   6     228   1     229   2     231   1     232   5     233   2     234   4     235   1     237   6     239   1     240   2     241   4     242   2     243   4     244   5     245   5     246   3     250   2     251   6     252   7     253   4     254   1     255   3     256   4     257   2     258   2     259   6     260   5     261   3     262   7     263   3     264   2     265   2     266   3     267   2     268   2     270   7     271   4     272   5     273   1     274   4     275   3     276   4     277   6     279   3     280   2     281   7     282   6     283   6     284   6     285   3     286   5     287   6     288   6     289   5     290   2     291   7     292   3     293   2     294   1     295   7     296   3     298   3     299   7     300   2     302   4     303   2     304   6     305   7     306   5     307   6     308   3     309   5     310   1     311   6     312   2     313   4     314   3     315   4     316   4     317   4     319   7     320   7     321   3     322   7     323   7     324   1     325   6     326   2     328   2     330   2     331   4     332   2     333   3     334   1     335   7     336   6     337   5     338   1     339   2     340   4     341   3     342   6     343   1     344   4   
12   236  12   1     69   4     70   4     71   7     73   5     74   2     75   5     76   6     77   6     78   1     79   3     80   6     81   7     82   4     85   3     86   1     87   2     88   5     90   4     91   1     92   2     93   2     94   5     95   4     97   7     98   4     99   6     100   2     101   1     102   4     104   7     105   6     106   4     108   2     109   7     110   2     111   1     112   3     113   7     114   7     115   6     116   1     117   3     118   2     119   4     120   2     121   1     122   1     125   5     126   7     128   4     129   6     130   4     131   7     132   1     133   4     134   5     135   3     136   1     137   5     138   7     140   7     141   3     142   4     143   4     144   2     145   5     146   5     147   7     148   2     149   7     150   2     151   6     152   1     153   7     155   5     156   1     157   3     158   3     160   6     161   7     162   1     163   4     164   3     165   4     167   3     168   2     169   2     170   6     171   2     172   5     173   3     175   3     176   1     178   2     179   4     180   6     181   2     182   1     183   5     184   2     188   4     189   1     190   2     191   6     192   5     193   7     194   4     195   5     196   6     197   3     198   7     199   3     200   2     201   1     202   5     203   4     204   1     205   5     206   3     207   4     208   4     209   6     210   7     212   3     213   3     214   2     216   2     217   7     219   3     221   3     222   2     223   7     224   5     225   3     226   4     227   1     228   5     229   4     230   2     231   4     232   7     233   6     234   5     235   1     236   4     237   3     238   1     240   7     241   1     242   7     243   6     244   5     245   7     246   3     247   3     248   3     249   5     250   7     251   6     252   7     253   3     255   2     256   6     257   3     260   3     261   3     263   7     264   4     265   4     266   1     267   6     268   2     270   5     271   6     272   1     274   2     276   2     278   4     281   3     282   5     283   5     284   5     286   1     287   5     288   7     289   7     290   1     291   1     292   3     293   6     294   2     295   5     296   6     298   5     300   7     301   4     302   4     303   3     304   6     305   5     307   2     308   7     309   4     310   1     311   7     312   1     313   5     315   1     316   7     318   5     319   6     320   5     321   2     322   6     323   3     325   6     326   6     327   4     328   2     329   3     330   1     331   3     332   5     333   7     334   5     335   3     336   6     337   5     338   5     339   7     340   5     341   7     342   7     343   6     344   3   
13   245  13   1     69   5     70   6     71   4     73   5     74   7     75   4     76   4     77   5     78   2     79   6     80   7     81   2     82   3     83   7     84   2     86   3     88   5     89   3     90   1     91   1     92   5     93   7     94   7     95   3     96   6     97   5     98   4     99   4     100   4     101   5     102   4     103   5     104   5     105   7     106   5     107   5     108   7     109   4     111   5     113   2     114   3     116   5     117   7     118   5     119   4     120   7     121   3     122   3     123   6     124   2     125   2     126   3     127   1     128   4     129   2     130   1     131   3     132   2     133   5     134   1     135   2     136   3     137   1     138   1     139   7     140   4     141   3     142   6     143   2     144   4     145   4     146   1     147   4     149   5     150   6     151   4     152   3     153   2     154   6     155   2     156   4     157   7     158   3     160   7     161   2     162   6     163   4     164   6     165   5     166   7     167   2     169   6     170   3     171   3     172   7     173   2     176   7     177   6     178   6     180   3     181   5     182   6     183   5     184   2     185   3     186   3     187   7     188   2     189   7     190   2     192   3     193   6     194   1     195   4     196   3     197   2     198   7     199   6     200   3     202   7     203   3     204   1     205   2     206   3     207   7     208   6     209   5     210   6     211   6     212   4     213   5     214   1     215   1     216   5     218   1     219   7     220   5     222   3     223   5     224   4     225   5     227   4     228   2     230   6     231   5     232   6     233   6     234   2     235   7     236   6     237   5     239   1     240   6     241   2     243   1     244   5     245   3     246   5     248   3     249   4     250   5     251   5     252   6     254   2     256   4     257   1     258   3     260   2     261   3     262   1     263   4     264   4     265   2     266   1     268   7     269   7     270   1     271   3     272   5     273   4     274   1     275   3     277   5     278   4     279   3     280   3     281   6     282   2     283   6     284   6     285   1     286   3     287   2     288   7     289   2     290   4     291   1     292   3     293   7     294   7     295   7     297   2     298   5     301   7     302   5     303   6     304   4     305   4     306   4     307   3     308   3     309   4     310   1     312   6     313   2     314   3     315   6     316   2     317   2     318   3     319   4     320   7     321   7     322   7     323   5     324   4     325   6     326   7     327   5     328   1     329   1     330   2     331   7     332   5     334   5     335   4     336   5     337   2     338   3     339   5     340   3     342   1     343   6     344   3   
14   240  14   1     69   6     70   2     72   4     73   3     74   2     75   2     76   3     77   1     78   5     79   6     80   4     81   4     82   2     83   4     85   4     86   3     87   4     88   1     89   7     90   2     91   5     92   1     93   1     94   7     95   5     96   1     97   4     98   6     99   6     100   1     101   1     102   3     103   6     104   1     105   7     106   5     107   4     108   3     110   2     111   4     112   7     113   2     114   1     115   5     117   7     118   3     119   6     120   1     121   5     122   1     124   1     125   1     126   1     127   5     128   4     129   2     130   4     132   3     134   6     135   6     136   1     138   1     139   4     141   4     142   5     143   7     144   7     145   1     146   3     148   3     150   2     151   2     152   3     153   6     154   3     155   1     156   4     157   1     158   6     159   2     160   4     161   5     163   2     164   3     165   3     166   6     168   3     169   7     170   4     172   6     173   7     174   2     175   1     176   4     178   5     179   5     180   6     181   4     182   4     183   7     184   2     185   2     187   7     188   6     189   2     190   5     191   1     192   6     193   5     196   3     197   2     198   7     199   1     200   6     201   3     202   5     204   7     205   6     206   2     207   3     208   1     209   6     210   1     211   1     212   1     213   7     214   7     215   2     216   6     217   1     218   6     219   7     220   6     221   2     222   6     223   4     224   3     225   7     226   1     227   5     229   2     230   3     231   2     232   5     234   7     236   7     237   5     238   1     240   6     241   5     242   6     244   3     246   7     247   3     248   4     249   6     250   4     251   6     252   6     253   6     254   4     255   2     257   5     259   4     260   2     261   4     262   2     263   4     264   7     267   2     269   4     270   5     271   4     272   3     273   3     274   3     275   7     276   5     277   3     278   7     280   5     281   4     282   3     283   2     284   5     285   2     286   7     287   1     288   6     289   5     290   4     291   3     292   6     293   2     294   7     295   2     296   6     298   1     299   1     300   7     301   2     302   1     303   2     304   2     305   5     306   1     307   5     308   5     310   2     312   2     313   5     314   7     315   6     316   2     317   1     318   4     319   5     320   4     321   3     322   2     323   1     324   6     325   4     326   5     327   4     328   1     329   2     331   4     332   4     333   6     334   2     335   2     336   1     337   5     338   1     341   2     342   2     343   2     344   7   
15   244  15   1     70   6     71   2     74   3     75   5     76   4     77   7     78   7     80   2     81   5     82   3     83   6     84   3     85   6     86   5     87   5     88   5     89   1     90   7     91   2     92   3     93   6     94   2     95   6     96   7     97   6     98   6     99   7     100   2     101   5     102   3     103   2     104   1     105   6     109   2     110   5     111   6     112   7     113   3     114   6     115   3     116   1     118   6     119   3     120   4     121   4     122   6     123   2     124   3     125   1     126   5     127   3     128   7     129   1     130   3     131   6     132   2     133   2     134   7     135   7     136   1     137   6     138   4     139   7     140   4     142   6     143   4     144   6     146   6     147   2     148   1     149   3     150   5     151   3     152   7     155   4     156   2     157   4     159   1     160   2     161   4     162   4     163   4     164   2     165   4     166   2     167   6     168   1     169   2     170   4     171   4     172   7     173   3     174   4     175   4     176   2     177   7     178   7     179   4     180   3     181   7     182   3     184   1     185   7     186   7     187   1     188   1     189   2     190   4     192   6     193   5     194   2     195   5     196   6     197   5     198   2     199   3     200   4     201   5     202   6     203   2     205   6     206   2     207   4     208   5     209   5     210   5     211   7     212   5     213   5     214   7     215   5     216   6     217   2     218   2     219   2     221   4     222   5     223   4     225   1     226   2     227   3     228   7     229   7     230   6     231   7     233   6     234   4     235   1     236   4     237   2     238   5     239   1     240   5     241   6     242   2     243   2     244   7     245   5     246   5     247   2     248   4     250   3     252   2     253   5     254   2     255   6     256   4     257   5     258   4     259   4     260   1     261   2     262   6     263   7     264   3     265   2     266   1     267   2     268   4     269   2     270   5     271   2     274   6     275   5     276   6     277   3     279   5     280   4     281   1     282   5     283   5     284   2     285   1     286   1     289   2     290   5     291   4     292   6     294   4     295   6     296   1     297   6     298   6     299   5     300   7     301   1     302   1     303   4     304   5     305   2     307   6     308   2     309   4     310   6     311   6     312   7     314   2     316   1     317   4     319   7     320   3     321   7     322   1     323   6     324   2     325   1     326   1     327   6     328   5     330   4     331   3     332   6     333   5     334   4     335   7     336   7     337   3     338   6     339   2     340   3     341   5     342   3     343   3   
16   238  16   1     69   7     71   4     72   2     73   7     76   2     77   6     78   7     79   1     80   1     81   3     82   6     83   1     84   1     86   7     87   1     88   3     89   2     90   2     91   5     92   4     93   5     94   2     95   3     96   3     98   5     99   6     100   4     101   6     102   1     103   1     104   5     105   2     106   1     107   4     108   3     109   2     110   1     111   3     113   2     114   2     115   6     116   7     118   1     119   6     120   6     121   7     123   4     124   3     125   2     127   4     129   4     130   1     131   6     132   7     133   6     134   6     135   4     138   7     139   2     140   4     141   1     142   7     143   5     144   6     146   1     147   5     148   3     149   4     150   3     151   2     152   4     153   7     154   3     155   1     156   1     157   6     158   7     159   5     160   2     162   1     164   6     165   4     166   6     167   2     168   5     170   1     172   1     173   5     174   6     176   4     177   2     178   2     179   6     180   2     181   3     182   1     185   2     186   5     187   4     188   4     190   3     191   4     192   1     193   6     194   5     195   1     196   6     197   3     199   7     200   7     201   7     202   1     203   3     204   2     206   7     207   4     208   3     209   5     210   6     211   6     212   7     213   3     214   6     215   6     216   3     217   4     218   7     219   7     222   4     223   6     225   2     226   6     227   4     228   5     229   7     230   7     231   5     232   2     233   6     234   5     235   6     237   5     238   7     239   2     240   3     241   2     242   6     243   7     244   7     245   4     246   2     247   7     248   1     249   2     250   6     251   4     252   2     253   6     254   7     255   4     257   6     259   3     260   1     261   6     262   7     263   2     264   5     265   6     267   3     268   4     269   4     270   6     271   2     273   1     274   2     275   2     277   5     278   1     279   2     280   3     281   4     282   6     283   7     284   1     285   3     286   3     287   7     290   7     291   1     292   2     293   5     294   7     295   3     296   1     297   6     298   1     299   2     300   1     301   5     302   6     303   4     304   2     305   3     306   4     307   7     308   3     309   4     310   1     311   5     312   4     313   2     314   3     315   5     316   3     317   6     318   2     319   2     320   5     321   5     322   1     323   1     324   7     325   6     326   6     329   2     331   5     332   5     333   1     334   3     335   1     336   7     337   5     340   5     341   7     342   6     343   1     344   1   
17   237  17   1     70   7     71   4     72   4     73   4     74   3     75   7     76   2     77   3     78   4     79   3     80   1     81   6     82   1     83   1     84   1     85   3     86   3     89   7     90   1     91   5     92   3     93   6     94   6     95   2     96   7     97   3     99   5     101   2     102   7     103   2     104   7     106   3     107   6     109   4     110   6     111   3     112   7     113   4     114   5     115   1     116   4     117   3     118   7     119   6     120   3     121   2     122   3     123   6     124   5     125   6     126   7     127   5     128   4     130   6     131   4     132   4     133   3     134   4     135   5     137   5     138   3     139   6     143   1     144   7     145   4     146   3     147   5     148   6     149   7     150   2     151   4     152   6     153   2     154   6     155   6     156   6     157   2     158   2     159   5     160   5     162   5     163   1     165   4     166   2     167   5     168   1     169   4     170   4     171   4     172   1     173   2     174   4     175   3     176   1     177   6     178   1     180   2     181   7     182   2     184   4     185   6     186   4     187   1     188   6     189   2     190   1     191   2     193   1     194   5     195   5     196   7     197   2     198   4     199   5     200   4     201   4     202   5     203   6     204   2     205   4     206   3     207   7     208   6     209   4     210   5     211   4     212   5     213   5     214   2     216   2     217   3     218   7     219   4     220   5     222   5     225   1     228   5     229   5     231   7     232   7     233   2     234   6     235   4     236   7     237   1     238   6     239   3     240   7     241   3     243   2     244   7     245   6     247   5     248   1     249   5     250   3     251   2     252   1     253   3     254   2     255   5     257   7     258   6     259   5     260   2     261   5     262   2     263   6     264   7     267   1     268   2     270   2     273   5     274   1     275   6     276   3     277   2     278   4     279   5     280   7     281   5     282   3     283   4     285   1     286   6     287   7     288   2     290   5     291   7     292   6     293   5     294   5     295   2     296   7     297   7     298   2     299   2     300   6     301   4     303   5     304   4     305   3     306   7     307   4     309   3     310   3     311   1     313   3     314   5     315   2     316   1     317   3     318   6     319   6     320   2     321   3     322   1     323   6     324   5     326   5     327   6     328   1     329   5     330   3     331   4     332   7     333   7     334   7     335   2     336   6     337   1     338   7     341   3     342   3     343   7     344   1   
18   248  18   1     70   5     71   2     72   7     73   3     74   2     75   1     76   2     77   5     78   3     79   4     80   1     81   5     82   2     83   3     84   3     85   7     86   7     87   5     88   4     89   1     90   3     91   5     92   4     93   5     94   1     96   7     97   4     98   6     99   7     100   2     101   5     103   5     104   3     105   6     106   2     107   4     108   5     109   2     111   5     112   6     113   6     114   6     115   1     116   3     117   1     118   3     119   4     121   2     122   7     123   5     124   3     125   5     126   7     127   4     129   3     130   5     132   4     133   1     134   1     135   6     136   7     137   6     138   4     139   5     140   3     141   2     143   5     144   1     145   1     146   6     147   2     149   4     150   1     152   4     153   1     154   1     155   2     156   1     157   7     158   5     159   3     161   1     162   2     163   5     164   7     166   5     167   7     168   5     169   1     170   3     171   2     172   7     173   6     174   5     177   5     179   2     180   5     181   5     183   4     185   7     186   5     187   4     191   5     192   3     193   6     194   3     195   7     196   2     197   1     198   6     199   7     200   7     202   7     203   5     204   4     205   3     206   7     207   7     208   5     209   5     210   2     211   3     212   1     213   5     214   6     215   3     216   2     217   2     218   7     219   4     220   7     221   2     222   1     223   1     224   2     225   7     226   5     227   2     228   5     229   2     230   4     232   2     233   1     234   5     235   7     236   4     238   4     241   2     242   2     243   3     244   3     245   6     246   4     247   5     248   1     249   2     250   1     252   7     253   2     254   1     256   7     257   5     258   3     259   6     260   5     261   5     262   3     263   2     264   4     265   4     266   2     267   1     268   4     269   4     271   7     272   5     273   6     274   1     275   7     276   1     277   4     278   2     279   6     280   3     281   4     282   4     283   1     284   1     285   7     286   2     287   2     288   2     289   4     290   4     291   3     292   2     293   1     294   5     295   7     296   5     297   5     298   6     299   4     300   7     301   6     302   3     303   6     304   4     305   1     306   3     307   3     309   5     310   5     311   1     312   5     313   6     314   3     315   6     316   3     317   3     318   2     319   5     320   4     321   4     322   7     323   6     324   4     325   3     326   3     327   5     328   2     329   1     330   5     331   6     332   2     333   2     334   4     335   3     336   6     337   5     338   7     339   4     340   7     341   4     342   6     343   1     344   7   
19   252  19   1     69   2     70   5     71   7     72   6     73   7     74   1     75   6     76   6     77   4     78   3     79   5     80   3     81   6     82   5     84   5     85   3     86   3     87   4     88   2     89   5     90   2     91   2     92   2     93   5     94   7     95   4     96   5     97   3     98   3     99   2     101   5     103   5     104   2     105   1     106   2     107   4     109   3     110   1     111   4     112   6     113   7     114   3     115   6     116   4     118   5     119   3     120   2     121   7     122   4     123   3     124   1     125   5     126   6     127   6     128   5     129   5     130   6     131   7     134   5     135   1     136   3     137   4     138   2     139   6     140   4     141   5     142   5     143   2     144   7     145   5     147   3     148   3     149   1     150   3     152   3     153   4     154   6     155   5     156   7     157   6     159   4     160   3     161   7     163   7     164   7     165   7     166   3     167   1     168   4     169   4     170   3     171   2     172   5     173   1     174   1     175   1     176   3     177   5     178   5     179   1     180   1     181   2     182   1     183   7     184   2     185   3     186   6     187   6     188   1     189   6     190   7     191   3     192   7     193   1     194   3     195   5     196   7     197   6     198   1     199   5     201   4     203   4     204   1     205   1     206   6     207   1     208   5     209   1     210   3     211   7     212   2     213   6     214   3     215   7     216   3     217   1     218   5     219   2     220   5     221   4     222   2     223   5     224   1     226   4     227   2     228   7     229   1     230   2     231   5     232   2     233   1     234   5     235   4     236   7     237   5     239   4     240   1     241   5     242   2     244   2     245   5     247   1     248   5     249   7     250   2     251   4     252   6     253   4     254   1     255   6     256   1     257   6     258   6     259   2     260   5     261   5     262   3     263   3     265   3     266   1     267   1     268   5     269   4     270   3     271   3     272   4     273   5     274   3     275   2     276   4     277   4     278   5     279   4     280   7     281   5     282   2     283   5     284   2     285   2     286   4     287   5     288   2     290   4     292   6     293   3     295   4     296   4     297   5     298   5     299   5     301   5     302   2     303   6     304   2     305   7     306   3     307   6     308   6     309   1     310   3     311   4     312   6     313   1     314   3     315   5     316   5     317   2     319   1     320   3     321   6     322   4     323   4     324   3     325   4     326   5     327   7     328   6     329   1     330   1     331   5     332   5     333   4     334   4     336   7     337   7     338   7     339   5     340   2     341   6     342   6     343   2   
20   238  20   1     69   4     70   3     72   4     73   1     74   1     75   3     76   6     77   1     78   4     79   4     81   1     82   7     83   7     85   4     87   5     88   6     89   7     91   2     92   1     93   5     94   4     95   7     96   3     97   5     98   1     99   1     100   1     102   6     103   1     104   6     105   4     106   2     107   5     108   2     109   2     110   4     112   6     113   6     114   2     115   5     116   3     119   1     120   4     121   5     122   2     124   7     125   4     126   4     127   7     128   5     130   3     131   5     132   4     133   6     134   1     135   2     136   3     137   5     138   5     139   3     140   7     141   5     142   3     143   7     144   7     145   6     147   3     148   3     149   2     151   3     152   5     153   7     154   5     155   5     156   5     157   1     158   7     159   1     160   4     161   7     162   1     163   4     164   7     165   4     166   5     167   6     168   6     169   2     170   2     172   6     173   1     174   1     175   7     176   7     177   7     178   7     179   2     180   2     182   1     186   6     187   4     188   4     189   5     190   7     191   6     193   5     195   1     197   5     198   3     199   6     200   6     201   7     202   7     203   5     205   2     206   5     207   1     208   1     209   2     210   7     211   2     212   6     213   5     214   2     215   2     216   5     217   6     218   7     219   4     220   6     223   2     224   3     225   1     226   4     228   3     229   5     230   5     232   2     234   1     235   3     236   1     237   3     238   7     239   1     240   6     241   7     242   5     245   1     246   2     247   5     248   4     249   3     250   4     251   4     252   7     253   4     254   5     255   5     256   2     257   7     258   5     259   5     260   2     261   3     262   5     264   5     266   1     267   4     268   5     269   1     270   2     271   2     272   2     273   4     274   1     275   4     276   7     277   2     278   7     279   4     281   2     282   7     283   5     284   6     285   7     286   3     287   1     288   2     289   2     290   4     291   5     292   5     294   2     295   6     297   1     298   5     299   1     300   1     301   6     304   5     305   5     306   4     307   6     308   5     310   7     311   5     312   2     313   6     314   7     316   1     317   2     318   7     319   3     320   2     321   4     323   6     324   6     325   4     326   1     327   6     328   7     329   4     330   5     331   2     332   1     333   2     334   2     335   5     336   7     337   1     338   3     339   2     340   4     341   7     342   5     343   2     344   2   
21   253  21   1     69   7     70   5     71   2     72   6     73   4     74   1     76   7     77   3     78   2     80   6     81   5     82   4     83   1     84   5     85   5     86   6     87   2     88   1     89   1     91   3     92   2     94   4     95   3     96   5     97   3     99   2     100   4     101   2     102   7     103   4     104   7     105   4     107   2     108   4     109   2     110   4     111   2     112   3     113   2     114   2     115   6     116   2     117   7     118   6     119   1     120   2     121   6     122   7     123   2     124   2     125   1     126   2     128   3     129   3     130   7     131   4     132   5     133   1     134   7     136   4     137   4     138   5     140   2     141   7     142   6     143   4     145   3     146   3     147   3     148   4     149   3     150   3     151   5     152   5     153   2     154   1     155   1     156   7     157   1     158   5     159   1     160   2     161   6     162   6     163   3     164   4     165   5     166   3     167   4     168   4     169   1     170   4     171   4     172   1     173   6     174   4     176   3     177   4     178   3     179   6     180   7     181   7     182   3     183   6     184   5     185   6     186   2     187   4     188   4     189   2     190   4     191   4     192   2     196   6     197   3     198   7     199   7     200   1     201   6     202   1     203   6     205   5     206   2     207   7     209   1     210   3     211   1     212   4     213   7     214   4     215   5     216   4     217   2     218   6     219   6     220   2     221   5     222   6     223   4     224   6     225   7     226   2     227   4     228   7     229   4     230   3     231   3     232   3     233   2     234   2     235   2     236   2     237   4     238   6     239   1     240   6     241   3     242   7     243   5     244   3     245   5     246   2     247   6     248   6     249   6     250   1     251   6     252   6     253   6     254   1     256   6     257   7     258   1     259   6     260   1     261   5     262   1     263   4     264   7     265   6     266   7     267   6     268   1     269   1     270   3     271   3     273   2     274   4     275   5     276   2     277   2     278   1     279   1     280   1     281   6     282   6     283   7     284   2     285   2     286   7     287   4     288   7     289   2     290   7     292   6     293   7     294   7     295   5     296   5     297   4     298   6     300   3     301   1     302   4     303   6     305   2     306   1     307   4     308   4     309   1     310   6     311   5     312   2     313   7     314   1     315   3     316   3     317   3     318   2     320   1     321   6     322   2     323   5     324   6     326   5     328   2     329   5     330   2     331   5     332   1     333   7     334   2     335   6     336   6     337   3     338   3     339   5     340   1     341   2     342   2     343   1     344   5   
22   242  22   1     69   1     70   5     71   1     73   3     74   1     75   1     76   6     77   4     78   5     79   4     80   6     83   4     84   1     85   7     86   6     87   7     88   2     89   1     90   2     91   3     92   3     93   6     94   2     95   5     96   6     97   5     98   5     99   4     100   7     101   1     102   7     104   1     105   2     106   7     108   4     109   2     110   7     113   6     114   4     115   4     117   1     118   7     119   1     122   6     123   1     124   2     125   7     126   2     127   1     128   2     129   4     130   5     132   1     133   4     134   4     136   4     137   2     138   1     139   7     140   1     141   7     142   1     143   4     144   3     145   6     146   4     147   7     148   6     149   6     150   4     151   3     152   2     154   3     155   7     156   3     157   4     158   1     159   1     160   6     161   5     162   4     163   5     164   3     166   5     167   2     168   1     169   2     170   6     171   4     172   7     174   7     176   2     177   2     178   5     179   1     181   7     182   4     183   3     184   3     187   7     188   5     189   2     190   2     191   2     192   6     193   1     194   1     195   6     196   1     197   4     198   4     199   3     200   6     201   4     202   1     203   5     204   1     205   5     206   6     207   5     208   5     209   3     210   2     211   4     212   4     213   5     214   4     215   6     217   4     218   5     219   6     220   5     222   5     223   3     224   1     225   3     226   2     227   6     228   1     229   6     230   4     231   7     232   4     234   3     235   5     236   3     237   5     238   6     239   2     241   3     242   4     244   5     245   1     246   4     247   4     248   4     249   5     250   6     251   6     253   3     255   6     256   7     257   7     258   1     259   7     260   1     261   2     262   1     263   5     264   1     265   4     266   4     267   6     268   1     269   7     270   6     271   4     272   5     273   1     274   5     275   5     276   2     277   6     278   4     279   1     280   7     281   6     282   4     283   7     284   4     285   2     286   3     287   7     289   6     292   5     294   5     295   6     296   6     297   6     298   1     299   3     300   7     301   4     302   6     303   3     304   3     306   3     308   4     309   5     310   4     311   7     312   4     313   2     314   3     315   5     316   5     317   3     318   2     320   2     322   6     323   2     324   5     325   1     326   4     327   4     328   5     329   6     330   3     331   7     332   7     333   4     334   7     335   3     336   5     337   7     338   1     339   1     340   3     341   4     342   4     344   3   
23   236  23   1     69   6     70   1     71   5     72   1     73   6     74   5     75   2     76   6     78   5     79   6     80   4     82   1     83   4     84   1     85   5     86   3     87   3     88   5     89   7     90   7     91   7     92   6     93   1     94   7     96   2     97   4     98   1     99   6     100   2     101   1     103   2     104   7     105   2     107   6     108   3     109   5     110   7     111   2     112   4     113   2     114   3     115   4     116   4     117   5     118   1     119   2     120   5     123   4     124   1     125   4     126   4     127   4     129   6     131   2     132   4     133   7     134   1     135   1     136   5     137   7     138   7     139   6     140   5     141   6     142   7     144   2     145   1     146   3     147   7     148   6     149   4     150   4     151   4     152   7     153   3     154   4     155   6     156   1     157   1     159   5     160   5     161   1     162   3     164   1     165   7     166   3     167   1     168   7     169   1     172   5     173   6     174   1     175   4     176   1     177   2     178   6     179   6     180   5     181   3     182   2     183   1     184   3     185   6     186   1     187   4     188   5     189   5     190   6     193   2     194   5     195   4     196   3     197   2     199   2     200   4     201   1     202   6     203   7     204   2     205   3     206   5     207   5     208   6     209   2     210   4     211   6     212   4     213   6     214   5     215   6     217   4     218   3     219   3     220   4     221   1     222   3     224   2     225   3     226   1     227   6     228   4     229   3     230   2     231   7     233   5     234   1     236   3     237   5     238   5     239   6     241   7     242   4     243   4     244   2     245   2     246   4     247   4     248   3     249   4     250   7     251   7     252   5     253   4     254   1     255   2     258   7     259   2     261   5     262   4     263   7     264   7     265   7     266   3     267   2     269   2     270   4     271   4     272   3     273   7     274   2     275   4     277   7     278   5     279   5     280   5     281   3     282   6     283   4     284   4     285   2     286   6     289   2     290   6     291   2     292   2     293   5     294   3     295   2     296   2     297   3     298   5     299   4     300   3     301   1     302   3     303   1     305   5     307   3     308   3     310   5     311   4     312   6     313   4     314   5     317   2     319   5     320   5     321   7     322   2     325   3     326   7     327   7     328   3     329   4     331   2     333   2     334   1     335   4     337   4     338   1     339   3     340   7     341   5     342   7     343   5   
24   239  24   1     69   5     71   1     73   5     74   3     75   7     76   3     77   5     78   5     79   5     80   3     82   2     83   2     84   2     85   7     86   3     87   2     88   1     89   6     90   3     91   1     92   7     93   7     94   7     95   6     96   3     97   6     98   6     99   1     100   6     101   6     102   6     103   7     105   7     106   3     107   5     108   4     109   2     110   2     111   4     112   2     113   1     114   2     115   6     116   5     119   7     120   7     121   7     122   6     123   6     124   2     125   3     126   6     128   7     130   4     131   7     132   6     133   4     134   5     136   6     137   3     139   5     140   5     142   5     143   2     144   6     145   4     147   3     148   4     149   2     151   5     152   4     153   4     154   5     155   3     156   2     157   2     158   1     159   2     160   7     161   5     162   3     164   1     166   6     167   3     168   4     170   4     171   7     172   1     173   1     174   4     175   5     176   4     177   1     178   1     179   6     180   1     181   1     182   4     184   2     185   2     186   1     188   6     189   1     190   5     191   2     192   3     193   7     194   3     195   1     196   1     197   7     198   1     199   6     200   7     202   7     203   5     204   4     205   4     206   3     207   7     208   1     209   4     210   5     211   4     212   1     213   4     214   3     215   3     217   5     218   6     219   3     220   6     221   7     222   6     223   2     224   1     225   3     226   4     227   4     230   7     231   1     233   6     234   4     235   3     236   7     238   7     240   1     241   6     243   1     244   4     246   7     247   4     248   2     250   4     251   4     252   4     253   2     254   6     255   5     256   2     257   4     258   2     259   2     260   5     261   2     263   2     264   5     265   5     266   4     267   7     268   6     269   3     270   2     271   1     272   2     273   1     274   7     276   2     277   5     278   1     281   1     282   2     283   2     284   3     285   3     286   7     287   4     288   3     289   1     290   7     291   4     292   5     293   6     294   3     295   4     296   7     298   4     299   1     300   2     301   3     302   5     303   6     306   6     307   1     308   2     309   4     310   3     311   7     312   1     314   4     315   6     316   2     317   6     318   7     319   5     321   5     322   7     323   5     324   2     325   4     326   6     327   5     328   6     329   3     330   3     331   5     332   1     333   2     334   7     335   2     336   4     337   1     338   4     340   7     341   1     342   4     343   6     344   2   
25   243  25   1     69   7     71   3     72   5     73   7     74   4     76   4     77   1     78   1     80   7     82   2     83   6     84   3     85   1     86   7     87   5     88   5     89   2     90   1     91   4     92   2     93   4     95   3     97   4     98   5     99   1     100   4     101   6     102   2     103   5     104   3     105   6     106   4     107   3     108   6     109   3     111   4     112   5     113   7     114   3     115   6     116   7     117   2     120   3     121   2     122   2     123   5     124   6     125   4     126   1     127   6     129   2     130   4     131   7     132   6     133   1     134   1     136   5     137   7     138   7     139   7     140   4     141   3     142   4     143   2     144   7     145   7     146   2     148   7     149   4     150   5     152   3     154   6     155   3     156   6     157   7     158   3     159   6     161   3     162   2     164   5     165   7     166   6     168   5     169   5     170   4     171   5     172   6     173   4     174   5     175   7     176   7     177   4     178   2     179   4     180   2     181   7     182   3     183   7     184   1     185   3     187   3     188   6     189   1     190   5     191   6     192   1     193   6     194   7     195   1     196   2     197   3     198   4     199   2     200   3     201   4     202   7     203   4     204   6     205   3     207   7     210   7     211   4     212   6     214   4     215   4     216   6     217   1     218   3     219   3     221   3     223   5     224   4     225   2     226   5     227   7     228   7     229   6     230   3     231   1     232   2     233   7     234   4     235   5     236   3     237   1     238   6     239   2     240   1     241   4     242   1     243   7     244   2     246   3     247   1     249   1     250   2     251   1     252   5     254   3     255   7     256   4     257   3     258   7     259   4     260   4     261   2     262   6     263   1     264   6     265   2     266   7     267   6     269   3     270   4     271   7     272   1     273   7     274   2     275   6     276   4     277   2     279   1     281   1     282   4     283   4     284   1     285   4     286   6     287   7     289   4     290   5     291   2     292   7     293   6     294   4     295   5     296   7     297   2     298   7     299   2     300   5     301   4     302   7     303   6     304   2     305   2     306   1     307   7     308   4     309   5     311   7     312   1     313   5     314   1     315   4     316   5     317   4     319   1     320   6     321   6     322   3     323   6     324   3     325   1     326   2     327   4     328   7     329   4     330   7     331   4     332   5     333   5     334   2     336   2     337   3     338   7     339   6     340   5     341   6     342   7     343   7     344   3   
26   240  26   1     69   1     71   2     72   2     73   7     74   5     75   5     76   5     77   5     78   2     79   3     80   7     81   7     82   6     84   1     85   2     86   1     87   4     88   4     89   3     90   7     91   4     94   4     95   5     96   6     97   7     98   3     99   3     100   4     101   3     102   3     103   2     106   6     107   4     108   3     109   2     110   5     111   7     112   3     113   4     114   3     115   3     116   6     117   5     118   2     119   1     120   5     121   4     122   1     123   7     124   3     125   5     126   1     127   3     128   7     129   1     131   7     132   6     133   3     134   4     135   5     136   5     137   2     138   1     139   3     140   1     141   5     142   1     143   4     144   7     145   3     147   2     148   7     149   5     150   3     151   3     152   6     153   7     154   5     155   3     157   1     158   4     159   1     160   2     161   6     162   2     163   1     164   7     165   7     166   3     167   6     168   3     169   1     170   7     171   7     172   5     173   4     174   6     175   3     176   7     178   5     180   6     182   3     183   3     184   5     185   3     186   6     187   3     188   6     189   6     190   1     191   6     192   5     193   2     194   2     197   3     198   6     199   3     201   6     202   3     204   7     205   2     206   4     207   5     208   5     209   7     210   4     211   4     212   3     213   7     215   6     216   2     217   7     218   4     219   1     220   5     221   4     222   3     223   7     224   6     226   3     227   6     228   1     229   3     230   3     231   3     232   4     233   4     234   1     235   6     236   7     237   1     238   7     239   2     240   3     241   1     242   4     243   5     245   7     246   3     247   3     248   1     250   3     253   5     254   1     255   7     256   7     257   7     258   7     260   2     261   3     262   4     264   5     265   2     266   2     267   4     268   4     269   1     270   7     271   7     272   7     273   4     274   5     275   1     276   1     277   5     280   7     282   6     284   5     285   4     286   4     287   5     288   6     289   5     290   4     292   2     293   2     294   4     295   1     296   7     298   1     299   1     300   3     301   7     302   2     304   7     305   4     308   5     309   4     310   2     311   6     312   5     314   5     315   2     316   2     317   7     318   6     319   3     321   1     322   5     323   7     324   3     325   5     326   3     327   3     328   6     329   5     330   7     331   2     332   7     333   4     334   7     335   4     336   2     337   2     338   6     339   5     340   2     341   5     343   4   
27   239  27   1     69   1     70   3     71   7     72   7     74   6     75   7     76   2     77   5     79   1     80   4     81   6     82   5     83   3     84   5     85   2     86   3     87   2     88   5     89   1     90   5     91   2     92   5     93   1     94   7     95   6     96   5     97   6     98   1     99   1     100   4     101   3     103   3     104   3     105   6     106   1     108   5     109   3     111   6     113   7     115   7     116   1     119   1     120   5     121   2     122   1     123   5     124   4     125   1     126   7     127   6     128   4     129   5     130   6     131   1     132   1     133   3     134   4     135   2     136   7     137   5     138   5     139   7     140   3     141   5     142   3     143   6     144   2     145   4     146   6     148   7     149   3     150   4     151   5     152   6     154   6     155   1     156   2     157   4     158   4     159   2     160   1     162   3     164   5     165   6     166   3     167   4     170   2     171   6     172   1     173   1     175   5     176   3     177   1     178   4     179   5     180   4     182   5     183   4     185   7     186   5     187   6     189   4     190   2     192   2     193   2     194   2     195   7     196   7     197   2     198   6     199   2     200   6     201   6     202   6     205   1     206   5     207   7     208   1     209   1     210   1     211   4     212   5     213   6     214   6     215   5     216   3     218   4     219   3     220   4     221   7     222   6     223   5     224   6     226   7     228   2     229   5     231   2     232   7     233   1     234   1     235   1     237   3     238   6     239   3     240   7     242   4     243   6     244   1     245   4     246   4     248   6     249   7     250   4     251   6     252   1     253   1     254   5     255   4     256   7     257   3     258   7     259   6     260   1     261   1     262   2     263   4     264   1     265   3     266   3     267   4     268   7     269   6     270   5     271   4     272   5     273   6     274   3     275   2     276   4     277   1     278   5     280   4     281   4     283   6     284   1     286   5     287   1     288   2     289   5     290   7     291   5     292   7     293   5     294   5     295   7     296   2     297   6     298   5     299   1     300   6     302   3     303   5     304   5     305   4     306   2     307   3     308   5     309   3     310   3     311   3     312   4     313   7     314   1     315   6     316   2     317   5     318   2     319   1     320   6     322   1     323   7     324   1     325   7     326   5     327   2     330   7     331   1     332   6     333   5     334   5     335   3     337   7     338   3     339   4     340   4     341   2     342   1     344   7   
28   242  28   1     69   4     70   2     71   4     72   2     73   5     74   5     75   2     76   7     77   4     78   4     79   7     80   7     81   1     82   4     83   7     84   1     85   1     86   4     88   5     89   4     92   2     93   4     94   5     95   6     96   2     98   3     99   2     100   5     101   7     102   3     104   3     106   7     107   7     108   2     109   2     110   6     111   7     113   2     114   3     115   1     116   7     117   5     118   4     119   1     120   5     121   5     122   6     123   5     124   5     125   6     126   4     127   5     128   5     129   3     130   5     131   5     132   7     133   3     134   2     135   2     136   3     137   5     139   2     140   2     141   6     142   7     143   1     144   6     145   4     146   5     147   6     148   2     149   2     150   4     151   5     153   6     154   4     155   2     156   5     157   1     158   3     161   1     162   1     163   3     164   5     165   5     166   2     167   3     168   7     169   1     170   6     171   4     172   2     173   5     174   2     175   7     176   5     177   4     178   3     179   7     180   5     181   7     182   7     184   3     186   7     187   7     188   3     189   4     190   3     192   1     194   5     195   1     196   7     197   3     198   6     199   7     200   1     201   5     203   4     204   6     205   1     206   2     207   1     208   6     209   7     212   7     214   5     215   7     216   4     217   1     218   1     219   5     220   5     221   3     222   3     223   7     225   4     226   4     227   5     230   2     231   2     232   5     233   7     234   6     235   7     236   1     237   5     238   1     239   2     240   2     241   5     242   1     243   6     244   3     245   3     246   7     247   5     248   4     249   4     250   6     251   3     252   7     253   5     254   3     255   3     256   6     257   4     258   1     259   1     260   3     261   6     262   4     263   3     264   2     265   2     266   3     267   2     268   2     269   4     270   4     271   1     272   6     274   4     275   3     276   4     277   3     278   5     280   7     281   6     282   7     283   1     284   1     285   7     286   4     287   1     288   1     289   5     290   7     291   1     292   2     293   1     294   1     295   1     297   2     298   6     299   1     300   1     301   5     302   1     303   1     304   2     305   6     306   6     307   1     308   4     309   1     311   4     312   2     313   4     314   2     315   2     317   5     319   5     320   6     321   2     323   7     324   7     326   7     327   1     328   1     329   4     330   4     332   7     333   2     334   4     336   2     337   3     338   2     339   7     341   4     343   5   
29   231  29   1     69   7     71   2     72   1     73   1     74   6     75   7     76   5     78   5     79   3     80   2     82   2     83   6     84   4     85   7     88   2     89   5     91   5     92   3     93   2     94   1     95   6     96   1     97   7     98   1     99   2     100   6     101   2     102   6     103   3     105   7     106   1     107   6     108   5     109   3     110   3     111   2     112   1     113   7     114   6     115   1     116   6     117   3     118   5     119   5     120   3     121   5     122   7     123   5     124   4     125   5     127   3     128   5     129   6     130   1     132   7     133   6     134   5     137   1     138   3     139   3     140   5     142   5     143   4     144   5     145   7     146   4     147   7     148   3     149   6     150   7     151   7     152   5     154   5     155   4     156   3     157   6     158   5     159   7     161   7     162   6     164   3     165   3     168   5     169   6     170   5     171   5     172   6     173   4     174   4     176   7     177   6     178   3     179   5     181   2     182   2     183   1     184   5     185   5     186   6     187   1     188   1     189   4     190   2     191   3     192   1     194   4     195   2     196   1     197   2     198   6     199   6     200   7     201   6     202   5     203   2     204   4     205   6     206   3     207   6     208   2     209   5     210   2     211   4     213   5     214   4     216   4     217   4     218   2     219   5     220   2     222   4     223   1     224   1     226   2     228   6     229   5     230   7     231   6     232   4     233   5     234   5     236   7     237   3     238   7     239   4     241   6     243   6     244   2     245   1     246   3     247   6     248   3     249   1     250   6     251   6     252   4     253   1     254   2     255   6     256   4     258   6     259   1     261   6     263   7     264   3     266   7     268   6     269   6     271   3     272   7     273   5     274   3     275   5     276   7     277   1     279   1     280   3     282   5     283   6     284   5     286   6     288   6     289   4     290   3     291   4     292   7     293   3     294   3     296   3     297   6     298   7     299   5     300   2     301   4     302   5     303   2     305   7     306   2     307   4     308   7     309   5     310   2     311   4     312   1     313   2     314   5     316   1     317   6     318   3     319   7     321   5     322   3     323   7     325   1     326   6     327   5     328   3     329   7     330   3     332   2     333   6     334   3     335   3     336   1     337   6     338   7     340   3     342   1     343   2     344   3   
30   241  30   1     70   5     71   2     72   7     73   5     74   5     75   1     76   1     77   4     78   5     79   7     80   4     82   1     83   6     84   1     85   4     86   5     87   1     88   1     89   4     90   1     91   2     92   1     93   1     94   6     95   7     96   3     98   2     99   7     100   2     102   2     104   6     105   7     106   3     107   2     108   7     109   1     110   1     111   3     112   1     113   4     114   3     115   6     116   2     117   7     118   3     119   7     120   2     121   7     122   1     123   6     124   5     125   6     126   3     127   4     129   2     130   7     131   1     132   3     133   4     134   7     135   1     136   6     137   6     138   5     139   7     140   6     141   5     142   3     143   1     144   2     145   3     146   6     147   6     148   2     149   1     150   6     153   7     154   4     156   5     157   5     158   5     159   3     160   5     161   3     162   4     164   5     165   5     166   3     167   6     168   5     169   7     170   3     171   1     172   6     174   1     175   3     177   6     178   5     179   4     181   1     182   5     183   2     184   7     185   3     186   1     187   3     188   6     189   1     191   7     192   3     193   6     195   6     196   4     197   7     198   5     199   3     200   7     201   5     202   4     203   3     204   5     205   1     207   7     208   5     209   6     210   2     212   2     213   4     214   6     215   4     216   1     217   1     218   4     219   6     221   5     222   6     224   2     225   3     226   4     227   2     228   3     230   6     231   4     232   7     233   1     234   5     235   1     236   7     238   7     239   7     240   2     241   7     242   6     243   2     244   2     245   4     246   1     249   3     250   6     251   5     253   6     254   4     255   4     256   2     257   6     259   2     260   7     262   6     263   6     264   4     265   3     266   1     268   3     269   3     270   6     271   5     272   4     273   3     274   3     275   6     276   3     277   4     278   1     279   2     280   6     282   6     283   3     284   2     285   6     286   5     288   6     290   5     291   3     292   5     293   2     294   7     295   3     296   4     298   4     300   4     301   4     303   7     304   3     305   7     306   2     307   1     308   7     309   6     310   4     311   2     313   3     314   5     315   3     317   2     318   3     319   6     320   7     321   4     322   4     323   1     324   7     325   3     326   3     327   5     328   4     329   6     330   1     331   5     332   6     333   6     334   5     335   4     336   5     337   1     338   2     339   1     341   6     342   5     343   7     344   4   
31   243  31   1     69   2     70   6     71   7     72   4     73   5     74   7     75   1     76   5     77   5     78   4     79   3     80   2     81   7     82   4     83   2     84   7     85   2     86   7     87   2     88   4     89   1     90   7     92   5     93   5     94   4     95   4     96   7     97   5     98   1     99   5     100   6     102   1     103   7     104   4     105   2     106   5     107   3     108   7     111   2     112   4     113   4     114   2     115   6     116   6     117   1     118   6     119   5     120   1     121   3     122   7     123   5     124   7     125   7     126   5     127   7     128   2     129   7     130   1     131   6     132   1     133   3     134   7     135   5     136   1     137   5     138   3     139   6     140   7     141   1     143   7     144   1     145   7     146   1     147   4     148   6     149   2     151   4     153   2     154   5     155   5     156   6     157   3     158   1     159   4     160   6     161   6     163   1     165   5     166   7     167   3     168   2     169   1     170   6     172   2     173   5     174   4     175   7     176   6     178   4     179   5     180   1     182   6     183   5     184   2     185   7     186   5     187   1     189   1     190   2     191   7     192   5     195   6     196   2     197   3     198   3     199   4     200   6     201   5     202   3     203   1     206   1     207   5     208   2     209   5     210   2     211   3     212   2     213   3     214   3     215   1     216   7     217   6     219   1     220   5     221   6     222   7     223   7     224   3     225   4     226   1     227   4     228   3     230   3     231   4     232   5     233   4     234   7     235   4     236   3     238   6     239   5     240   4     241   5     242   1     243   6     244   2     245   6     246   6     247   1     248   5     249   5     250   6     251   7     252   1     253   2     254   6     255   3     257   7     260   3     263   1     264   7     265   6     266   1     268   6     269   6     270   6     271   7     273   1     274   2     275   2     276   1     277   5     278   1     279   3     280   1     281   7     282   4     283   2     284   5     285   2     286   7     287   3     288   7     289   2     290   1     292   7     294   4     295   6     296   4     297   1     298   1     300   3     301   5     302   2     303   3     304   5     305   7     306   4     308   7     309   1     310   5     312   1     313   3     314   5     315   2     316   2     317   7     318   3     319   5     320   3     321   3     322   5     324   5     325   5     326   2     327   6     328   7     329   6     330   3     331   3     332   3     333   1     334   7     335   1     336   6     337   7     339   3     340   5     341   5     342   5     343   2     344   1   
32   233  32   1     69   4     70   5     71   7     72   4     73   1     76   5     77   7     78   2     79   4     80   3     82   5     84   7     85   1     86   7     88   5     89   7     90   1     91   6     92   4     93   6     94   2     95   5     96   2     97   5     98   5     99   5     100   1     101   2     102   3     104   7     106   3     107   2     108   5     110   1     111   6     113   7     114   7     115   7     116   5     117   7     118   5     119   1     121   7     122   7     123   3     124   4     125   5     126   1     127   2     128   1     129   2     130   4     131   2     132   3     133   6     134   2     135   6     136   6     137   4     138   6     139   5     141   4     142   5     143   3     144   4     145   7     147   7     148   3     150   2     151   4     153   6     154   5     155   1     156   5     157   5     159   2     160   1     161   5     162   3     163   2     164   3     165   4     166   1     167   6     168   1     169   5     170   7     171   4     173   3     175   2     176   2     177   2     178   1     179   2     180   6     181   2     182   5     183   4     184   4     185   2     186   5     187   5     188   4     190   3     191   4     192   7     193   4     194   2     196   5     197   2     198   6     199   4     200   7     202   7     203   4     205   1     206   2     207   7     209   6     210   4     211   7     212   3     213   6     214   1     215   7     217   5     218   2     219   3     220   6     221   7     222   5     223   4     224   5     226   6     227   4     228   3     229   1     230   6     231   4     232   4     233   6     236   4     238   3     239   4     240   1     241   6     242   2     243   2     244   5     245   2     246   2     247   4     248   6     250   4     251   5     252   6     253   6     254   3     255   7     256   5     258   6     259   3     260   6     261   4     262   5     263   5     264   1     266   1     267   4     268   1     269   5     270   3     271   7     272   5     273   5     274   4     275   7     276   3     277   1     278   7     280   5     281   3     282   4     283   7     284   5     285   7     288   6     290   1     291   6     292   6     293   4     294   5     295   6     296   1     297   3     298   2     300   1     301   2     302   5     304   6     305   6     306   6     308   2     310   5     311   6     312   4     313   4     315   6     316   3     319   2     320   5     321   2     323   2     324   2     325   6     326   2     327   3     328   6     330   7     331   3     332   3     333   6     334   5     335   7     337   2     338   3     339   6     340   4     341   3     342   6     343   4     344   7   
33   241  33   1     69   7     70   7     71   3     72   5     73   7     74   1     75   3     76   4     77   6     79   2     80   7     82   7     83   6     84   1     85   1     86   2     87   2     89   4     90   2     91   4     92   5     93   5     94   3     95   6     96   7     97   5     98   3     99   4     100   6     101   1     103   3     105   1     106   7     107   4     108   3     110   2     112   2     113   1     114   2     115   4     118   3     119   4     120   4     121   5     122   6     123   5     124   2     125   7     128   4     129   4     130   4     131   3     133   3     134   2     135   4     136   6     137   4     138   4     139   5     140   5     141   7     142   7     143   3     144   1     146   4     147   1     148   6     149   4     150   3     151   7     152   7     153   3     154   7     155   5     156   3     157   1     158   6     159   6     160   1     161   1     162   1     163   2     164   5     165   2     166   4     168   3     169   5     171   6     172   6     173   7     175   2     176   3     177   1     178   2     179   2     180   6     181   2     182   3     183   5     186   2     187   7     188   1     189   5     190   4     191   5     192   4     193   1     195   6     196   7     197   5     198   2     199   5     201   3     203   4     204   6     205   7     206   3     207   6     208   3     209   3     210   1     211   2     212   6     213   5     214   6     215   1     216   1     217   1     218   6     219   2     221   2     222   7     223   3     224   4     226   6     227   3     228   1     230   6     232   5     234   5     235   5     236   3     237   1     238   2     239   5     240   2     242   7     243   4     244   6     245   6     246   2     247   5     248   5     249   6     250   7     252   2     253   4     255   3     256   6     257   5     258   7     260   3     261   5     262   5     263   6     264   2     265   2     266   5     267   4     268   5     269   1     271   4     272   2     273   5     274   4     275   4     276   5     277   3     278   7     279   4     282   7     283   2     284   1     285   5     286   2     287   5     288   3     290   5     291   3     292   6     293   6     294   1     295   5     296   6     297   1     298   5     299   1     300   6     301   5     302   2     303   4     304   2     305   2     306   7     308   2     309   7     310   2     311   4     312   7     313   1     314   3     315   2     316   1     317   5     318   6     319   5     320   4     321   5     322   2     323   3     324   4     325   4     326   3     327   6     328   4     329   4     330   1     331   6     332   4     333   4     334   1     335   6     336   6     337   7     338   4     339   5     340   6     341   3     343   6     344   3   
34   249  34   1     71   6     75   2     76   1     77   7     78   4     79   6     80   4     81   3     83   7     84   6     85   4     86   4     87   5     88   6     90   1     91   7     93   2     94   5     95   2     96   2     97   3     98   7     99   4     100   3     101   7     102   5     103   7     104   2     105   3     106   5     107   7     108   2     109   2     111   4     112   4     113   1     115   4     116   6     117   1     118   2     119   6     120   3     121   7     122   7     123   6     124   1     125   7     126   4     127   4     128   3     129   2     130   6     131   3     132   2     133   2     135   3     136   4     137   1     138   7     139   1     140   7     141   7     142   5     143   4     144   6     145   4     146   2     147   4     148   4     149   6     150   2     151   7     152   6     153   3     155   7     156   4     158   7     159   1     162   1     163   2     164   3     165   3     166   7     167   3     168   6     169   5     170   7     171   3     172   6     173   2     174   5     175   2     176   3     177   1     178   3     179   1     180   5     181   7     182   4     183   6     184   7     185   7     186   4     187   1     188   2     189   3     190   7     191   7     192   3     193   1     194   7     195   2     196   1     197   1     198   5     199   3     200   5     201   2     202   5     203   7     204   6     205   6     206   1     207   4     208   6     210   4     211   2     212   7     213   5     214   2     215   3     216   3     217   4     219   7     220   2     221   5     223   4     224   7     225   6     227   2     228   6     229   3     230   5     231   6     232   1     233   7     234   2     235   6     236   3     238   5     239   1     240   3     241   3     242   3     243   7     244   5     245   6     246   6     247   6     248   7     249   6     252   2     253   3     254   3     255   7     256   2     257   7     258   1     259   2     260   5     261   5     262   5     263   6     264   7     265   5     266   7     267   4     268   2     269   5     270   1     271   3     272   6     273   2     274   4     275   4     276   2     277   3     278   4     279   4     280   3     281   7     282   5     283   4     284   6     285   7     286   3     287   6     288   3     289   4     290   6     291   4     292   1     293   6     294   1     295   2     296   2     297   7     298   4     299   6     300   6     301   5     302   7     303   4     305   6     306   6     308   4     309   5     310   1     312   5     313   7     315   3     316   5     317   2     318   3     319   6     320   1     322   6     323   3     324   2     325   2     326   6     327   3     328   3     329   4     330   5     331   1     332   6     333   4     334   5     335   1     337   7     338   4     339   1     340   2     341   6     342   1     343   7     344   2   
35   245  35   1     69   6     71   6     72   3     73   6     74   2     75   4     76   6     77   4     78   2     79   2     80   5     81   1     82   6     83   7     84   7     85   4     86   7     87   2     88   1     89   1     90   3     91   2     92   4     93   7     94   7     95   2     96   7     97   6     98   3     99   4     100   4     102   2     103   2     104   5     106   7     107   2     108   4     109   4     110   3     112   6     113   2     114   1     115   6     116   6     117   3     118   6     119   1     120   5     122   1     123   2     124   3     125   1     126   7     127   2     128   7     129   1     130   3     131   1     132   1     133   1     134   1     135   2     136   5     137   2     138   3     139   2     140   7     141   6     142   1     143   7     144   6     146   4     147   5     148   2     149   6     150   4     151   2     152   6     153   4     154   1     155   2     156   2     158   5     159   3     160   1     161   2     162   6     163   2     164   6     166   7     168   5     169   1     170   5     171   4     173   6     174   6     175   4     177   3     179   2     180   1     181   2     182   2     183   6     184   5     186   1     187   6     188   2     190   4     191   6     192   5     193   5     194   7     197   6     198   2     199   5     200   1     201   1     202   1     203   1     204   1     205   1     206   2     207   7     208   7     209   3     210   4     211   3     212   5     213   4     216   3     217   3     218   3     219   5     220   6     221   1     222   7     223   7     224   6     225   6     226   4     227   6     229   4     230   7     231   3     232   4     233   3     234   3     235   6     236   5     237   2     238   3     239   6     241   1     242   4     243   2     244   3     245   6     246   6     247   2     248   6     249   3     250   3     251   2     254   3     255   1     256   7     257   6     258   1     259   3     261   3     262   7     263   1     264   4     265   3     266   1     268   1     270   2     271   2     272   2     273   1     274   3     275   5     276   6     277   4     278   4     279   5     280   6     281   3     282   2     283   5     284   2     285   1     286   5     287   5     288   6     289   6     290   6     291   1     292   6     293   4     294   2     295   7     296   5     297   1     298   1     299   7     300   7     302   3     303   4     304   5     306   5     307   6     308   5     309   4     310   3     311   4     312   2     315   4     316   7     317   3     318   3     320   6     321   1     322   2     323   4     324   1     325   7     326   4     327   7     328   3     329   2     330   3     331   4     332   1     333   5     334   2     335   4     336   2     337   7     339   5     340   4     342   5     343   7     344   1   
36   243  36   1     69   1     70   5     71   3     72   7     73   7     74   7     75   4     77   4     78   1     79   5     80   1     81   4     82   7     83   2     84   4     85   4     86   7     87   2     89   7     90   4     91   1     92   2     93   3     94   7     95   3     97   5     98   2     99   5     100   2     103   2     105   4     107   1     108   1     109   4     110   1     111   2     112   4     113   5     114   3     115   5     116   6     117   7     118   6     119   5     120   4     121   6     122   6     123   7     124   7     126   1     128   4     130   1     131   7     132   5     134   1     135   5     136   3     137   5     138   4     139   1     140   5     141   3     142   2     143   3     145   6     146   2     147   2     148   3     149   3     150   1     151   1     152   1     153   1     154   1     155   1     156   5     157   3     158   1     159   2     160   5     161   4     162   6     163   2     164   2     165   1     166   1     167   7     168   6     169   4     171   6     172   7     173   5     174   1     175   6     176   2     177   1     178   1     179   3     180   6     181   2     182   5     183   1     184   3     185   3     186   6     187   3     188   4     189   7     190   2     191   3     192   4     194   2     195   2     196   6     197   6     198   7     201   5     202   6     204   3     205   1     206   3     207   5     208   6     209   1     211   5     212   1     213   3     214   2     215   3     216   7     217   4     218   4     219   3     220   7     221   2     222   2     223   3     224   7     225   4     226   7     227   4     228   2     231   4     232   6     233   4     234   7     235   6     236   4     237   2     238   1     239   2     240   4     242   7     243   2     244   4     245   3     246   4     247   7     248   3     249   6     250   6     251   7     252   4     253   2     254   7     255   6     256   5     257   7     258   6     259   7     260   4     262   7     263   1     264   2     265   4     266   2     267   6     268   5     269   6     270   7     271   4     272   4     273   1     274   5     275   2     276   3     277   2     278   6     279   3     282   2     283   2     284   7     285   5     286   6     287   5     288   5     289   1     291   5     293   3     294   5     295   5     296   3     297   6     301   5     302   3     303   1     304   5     306   7     307   3     309   3     310   6     311   7     314   1     315   4     316   6     317   5     318   5     319   7     320   6     321   2     322   6     323   6     324   3     325   7     326   2     327   4     328   6     329   3     330   5     331   4     332   2     333   7     334   1     335   1     336   6     337   4     338   6     339   2     340   7     341   2     342   1     343   2   
37   243  37   1     70   7     71   6     72   2     73   1     74   3     75   6     76   2     77   6     78   6     79   6     80   1     82   3     83   3     84   5     85   6     86   7     87   2     88   7     90   3     91   3     95   5     97   6     98   2     99   3     100   5     101   7     103   1     105   3     106   3     108   7     109   4     110   7     111   4     112   5     113   6     114   5     115   1     116   1     117   6     118   3     119   4     120   4     121   7     122   1     123   6     126   6     127   3     128   7     129   4     131   2     132   5     133   5     134   7     135   1     136   7     137   3     138   6     139   5     140   6     141   4     142   5     143   5     144   4     145   4     146   1     147   2     148   6     149   3     150   5     151   2     153   4     154   1     155   3     156   7     157   6     158   2     159   5     160   6     161   7     162   4     163   4     164   2     165   7     166   1     167   4     168   2     169   4     170   6     171   7     172   4     173   6     174   7     175   6     176   4     177   3     178   3     179   2     180   5     181   7     182   3     184   1     185   6     186   2     187   2     188   3     190   6     191   3     192   7     193   6     194   6     195   7     196   1     197   6     199   7     200   6     202   4     203   7     204   3     205   5     206   2     207   7     208   7     209   4     210   6     211   4     212   2     213   4     214   2     215   7     217   1     218   7     219   7     220   7     221   1     222   3     223   1     224   7     225   7     226   4     227   7     228   3     229   2     230   3     231   6     232   3     233   4     234   2     235   4     236   2     237   3     238   7     239   3     240   1     241   6     242   4     244   6     247   4     248   3     249   4     250   7     251   1     252   3     253   2     254   3     256   6     257   2     258   7     259   5     260   3     261   7     262   5     263   4     264   6     265   6     266   6     267   7     268   7     269   3     272   4     273   6     274   3     275   3     276   4     278   4     279   1     280   6     281   1     282   5     284   6     285   1     286   3     287   3     289   3     290   1     291   5     293   1     294   7     295   1     296   6     297   7     298   2     299   4     300   2     301   2     302   5     303   6     304   5     305   3     306   7     307   5     308   7     309   7     310   6     311   3     312   6     313   7     314   4     315   5     316   5     317   4     318   5     319   5     322   6     323   6     324   6     325   3     326   1     327   5     328   3     329   3     330   4     331   6     332   4     333   6     334   7     337   5     338   1     339   3     340   6     341   2     343   1     344   1   
38   231  38   1     69   2     70   7     71   2     72   7     73   5     74   4     75   5     77   4     78   6     79   7     81   5     82   4     83   7     84   7     85   3     86   2     87   6     88   5     90   3     92   4     93   2     95   5     97   3     98   1     99   2     100   5     101   6     102   5     103   2     104   7     105   6     106   7     107   1     108   7     109   4     110   1     111   6     112   6     113   2     114   7     115   5     116   6     118   3     119   7     121   4     122   3     123   2     125   6     126   5     127   6     128   1     129   1     130   2     131   6     132   6     133   3     134   1     135   1     136   4     137   6     138   2     139   2     140   2     141   1     143   5     144   6     145   2     146   7     147   7     148   2     149   3     150   2     151   1     152   4     153   1     155   1     156   7     157   4     158   6     160   4     162   5     163   1     164   5     165   3     166   6     167   4     168   4     169   4     170   6     171   5     172   3     173   3     174   5     175   1     176   2     177   1     178   4     179   3     182   4     183   7     185   2     186   7     187   6     188   5     189   2     190   3     191   2     194   4     195   3     196   3     197   4     198   2     200   5     201   7     203   4     204   6     205   7     206   2     207   3     208   5     209   6     210   4     212   1     213   5     214   5     215   5     216   7     217   6     218   7     219   6     220   3     221   5     222   5     223   4     224   6     225   5     227   5     228   5     229   2     230   1     231   6     232   4     233   1     235   1     239   1     240   5     241   5     242   7     243   4     244   1     245   5     247   4     248   4     249   2     250   3     251   1     252   7     254   6     255   7     256   7     257   3     258   6     259   4     260   2     261   3     262   7     264   3     265   5     266   7     267   4     269   7     270   7     271   3     273   2     274   2     275   6     276   6     278   2     279   5     280   4     281   3     283   6     284   4     285   1     287   3     288   6     289   3     290   4     291   4     292   1     293   3     294   6     295   1     296   7     297   7     298   3     299   5     300   5     301   5     302   3     304   4     305   2     306   1     308   1     310   3     311   5     314   5     315   4     316   2     318   2     319   3     320   7     322   3     324   4     326   5     327   5     328   7     329   3     330   3     332   4     333   7     334   6     335   4     337   7     338   3     339   6     340   4     341   2     343   6     344   3   
39   241  39   1     69   5     70   2     71   3     72   1     73   4     74   3     75   1     76   2     78   3     79   7     80   1     81   4     82   2     83   5     84   6     85   1     87   5     88   7     89   4     90   2     91   3     92   3     93   1     94   7     96   3     97   1     99   7     100   2     101   4     102   6     104   7     105   2     106   7     107   1     108   3     109   7     110   5     111   7     112   7     113   1     114   3     115   5     116   4     117   4     118   3     119   6     120   7     121   3     122   1     123   2     124   1     125   5     126   1     129   5     130   2     131   1     132   2     133   2     135   5     136   3     137   4     138   2     139   3     140   6     141   7     142   7     144   5     145   7     148   4     149   3     150   5     151   3     152   7     154   3     155   7     156   4     157   3     158   5     159   5     160   2     161   3     162   2     163   1     164   2     165   3     166   1     167   1     168   6     169   7     170   5     171   5     172   2     173   5     174   7     176   7     177   1     178   1     179   1     180   7     181   3     182   6     183   3     185   3     186   4     187   3     188   7     190   4     191   4     192   7     193   2     194   2     195   4     196   3     197   1     198   3     199   3     200   7     203   6     204   5     205   6     206   5     207   7     208   4     209   7     210   7     211   7     212   1     214   2     215   1     216   5     217   4     218   1     219   2     220   5     221   5     222   7     223   2     224   4     225   1     226   4     228   4     229   7     231   7     232   7     233   1     235   7     236   5     238   2     239   1     240   1     241   5     242   7     243   4     244   4     245   7     246   1     247   2     248   7     249   2     251   6     252   2     253   5     254   1     255   3     257   5     258   4     260   6     261   1     262   5     263   6     264   2     265   2     266   1     268   6     269   7     270   3     271   6     273   2     274   7     275   6     276   7     277   7     278   7     280   4     281   3     282   5     283   7     284   5     286   1     287   4     288   5     289   6     290   7     291   5     292   3     293   5     295   1     296   7     297   2     298   4     299   6     301   6     303   3     304   2     305   5     306   1     307   5     308   3     309   7     310   1     311   4     312   5     313   4     314   7     316   2     317   7     318   6     319   4     320   4     321   1     322   5     323   4     324   2     325   1     326   3     327   2     328   7     329   5     330   5     331   4     333   4     334   1     335   5     336   6     337   3     338   3     340   7     342   2     343   4     344   7   
40   237  40   1     71   3     72   4     73   6     75   5     76   5     77   5     78   1     79   3     80   7     82   6     84   7     85   6     86   4     87   5     88   7     89   4     90   1     92   6     93   2     94   7     95   6     96   4     97   7     98   4     99   1     100   2     101   1     102   4     104   1     105   3     106   5     107   4     108   6     110   7     111   3     112   2     114   2     115   6     116   6     118   6     119   7     121   5     123   3     125   3     127   5     128   2     129   1     130   2     131   4     132   1     133   1     134   3     135   3     136   2     137   1     138   1     139   5     140   2     141   6     142   2     143   3     144   6     145   3     146   7     147   2     148   2     149   6     150   2     151   7     152   2     153   1     154   2     155   6     156   2     157   5     158   2     159   3     160   6     161   7     162   3     163   3     164   4     166   4     167   4     168   5     169   3     171   6     173   1     174   2     176   4     177   3     178   5     179   5     180   1     181   7     182   4     183   5     185   6     186   7     187   6     188   4     190   2     191   5     192   2     194   3     195   7     196   7     197   3     198   6     199   7     200   1     201   5     202   3     203   2     204   7     205   1     206   1     207   5     209   4     210   3     211   7     213   4     215   1     216   1     217   4     218   5     219   1     220   4     221   6     223   5     224   7     225   4     226   1     228   7     229   1     230   3     231   6     233   2     234   3     235   1     236   3     237   1     238   6     239   5     240   7     241   2     242   3     243   6     244   6     245   1     246   1     247   5     248   1     249   5     250   3     251   5     252   7     253   1     256   1     258   3     259   3     260   3     261   4     262   7     263   1     264   5     265   3     266   2     267   2     268   3     269   4     270   4     271   3     272   2     273   5     274   7     275   3     276   3     278   6     279   1     280   5     281   6     282   2     283   6     284   3     285   7     286   4     287   2     288   6     290   4     292   1     294   7     295   6     296   7     297   7     298   3     299   4     300   3     301   2     303   5     304   7     305   7     306   5     307   7     308   5     309   6     310   1     311   1     312   4     313   5     314   6     315   3     316   3     317   7     318   1     319   2     320   3     321   6     322   6     323   3     324   1     325   1     326   2     328   4     329   5     330   7     332   2     333   5     334   1     336   6     338   1     339   6     340   7     341   3     343   2     344   4   
41   241  41   1     69   3     71   3     72   5     73   7     74   1     75   3     76   7     77   7     78   3     79   2     80   6     81   4     83   3     84   3     85   7     86   6     87   2     88   1     89   7     90   3     91   7     92   7     93   5     94   2     95   1     96   7     99   4     100   6     101   7     102   5     103   4     104   2     105   1     106   2     107   1     108   1     109   2     110   7     111   6     112   1     113   6     114   5     115   7     117   5     118   1     119   4     120   6     121   3     122   3     123   3     125   6     126   7     127   5     128   3     130   2     131   1     132   1     133   6     135   5     136   1     137   1     138   5     141   3     142   4     143   5     144   2     146   7     147   5     149   7     150   7     151   6     153   3     154   2     155   3     156   6     157   7     159   7     160   2     161   3     162   1     163   7     164   6     165   6     166   6     167   7     168   1     169   4     171   5     172   1     173   6     174   5     175   1     176   3     177   6     178   7     180   1     181   3     182   5     183   5     184   4     185   7     187   7     188   2     189   3     190   4     191   5     192   7     193   7     194   6     195   2     196   1     197   6     198   2     199   4     200   4     201   2     202   1     203   1     206   3     207   2     208   3     209   4     210   6     211   4     212   7     213   6     214   1     215   2     216   2     217   4     218   4     219   7     220   1     221   7     222   7     223   6     224   7     225   4     226   5     227   3     228   7     229   3     230   6     231   1     232   1     233   4     234   6     235   2     236   6     237   2     239   4     240   4     241   1     242   6     243   7     246   3     247   1     248   2     249   1     250   3     251   4     252   4     254   2     255   1     256   7     257   7     258   1     259   2     260   1     261   5     262   3     263   5     264   6     265   2     266   2     267   1     268   1     269   1     270   3     271   2     273   2     274   6     275   7     276   6     278   4     279   1     280   7     281   7     283   3     284   6     285   2     287   6     288   4     290   5     291   2     292   7     294   6     295   1     296   6     297   2     298   1     299   3     300   4     301   3     302   3     303   5     304   6     305   3     306   1     308   1     310   1     311   6     312   2     313   5     314   2     315   1     316   5     317   4     318   2     319   3     320   4     321   1     322   4     323   2     325   5     327   7     328   1     329   4     330   3     331   5     332   6     334   7     335   6     336   1     337   2     339   1     340   1     341   5     343   7     344   4   
42   250  42   1     69   2     70   7     71   2     72   4     73   5     74   7     75   1     76   6     77   1     79   7     80   2     81   6     82   1     83   1     84   5     85   7     86   3     87   7     88   7     89   2     90   5     92   6     93   7     94   1     96   3     97   2     98   2     99   3     100   6     101   7     103   6     104   3     105   5     106   1     107   6     108   4     109   1     110   7     111   3     112   2     113   3     114   1     115   5     116   3     117   5     118   6     119   1     121   1     122   3     123   1     124   6     125   6     126   7     127   7     128   4     129   2     130   1     131   7     133   7     134   1     135   1     136   6     137   3     139   7     140   6     141   1     142   7     145   5     146   5     147   6     148   1     149   7     150   6     151   4     152   3     153   4     154   7     155   1     156   7     157   4     158   2     159   5     160   6     161   4     162   7     163   2     164   2     169   6     170   5     171   7     172   5     173   7     174   5     176   3     177   7     178   5     179   3     180   5     181   1     182   4     183   3     184   6     185   2     186   4     187   5     188   6     189   4     190   2     191   6     192   3     193   6     194   7     195   6     196   5     197   1     198   6     199   7     200   7     201   7     202   4     203   1     204   1     205   5     206   7     207   6     208   7     209   7     210   4     211   3     212   4     214   7     215   6     216   5     217   1     218   6     219   5     220   5     221   4     222   6     223   5     224   5     225   4     226   1     227   2     228   6     229   1     230   7     231   4     232   6     233   1     234   5     235   1     236   2     237   2     238   5     240   2     241   5     242   3     243   3     244   2     245   2     246   1     247   1     248   7     250   5     251   3     252   1     254   7     255   7     256   5     257   3     258   5     259   4     260   5     261   5     262   2     263   7     264   7     265   2     267   6     268   6     269   3     271   5     272   1     273   2     274   4     275   7     276   6     277   6     278   7     279   5     280   3     281   7     282   5     283   3     284   1     285   4     286   4     287   6     288   4     289   6     290   6     291   2     292   7     293   7     294   5     295   5     296   3     297   3     298   3     300   3     301   1     302   5     303   6     304   7     305   3     308   7     309   6     310   6     311   1     312   2     313   4     314   5     316   6     317   6     318   2     322   5     323   5     324   3     325   5     326   4     327   5     328   3     329   4     330   2     331   1     332   6     333   2     334   7     335   4     336   4     337   3     338   2     339   2     340   7     341   7     342   7     343   1     344   2   
43   241  43   1     69   3     70   3     71   1     72   3     73   2     74   5     75   3     76   6     77   6     78   1     80   7     81   1     83   2     85   4     86   3     87   1     88   4     89   4     90   6     91   5     92   6     94   4     95   2     96   5     97   4     98   5     99   4     101   7     102   4     103   1     104   7     105   5     107   1     108   3     110   6     111   1     112   5     113   5     114   5     115   7     116   3     117   6     118   6     119   4     120   3     121   3     123   5     125   2     126   1     127   6     128   6     129   3     130   7     131   7     132   3     133   7     134   4     135   6     136   6     137   1     138   7     139   6     140   1     141   1     142   2     143   1     144   5     145   2     146   3     147   2     148   7     149   2     150   2     151   5     152   2     155   3     157   5     159   7     160   4     161   1     162   3     163   7     164   3     165   6     166   7     167   7     168   6     170   1     172   5     173   1     174   5     175   7     177   5     178   2     179   7     180   2     181   4     182   5     184   2     185   7     186   6     188   2     189   6     190   3     191   6     192   5     193   7     194   7     195   4     196   5     197   3     198   3     199   4     200   7     203   6     204   6     205   3     206   1     207   3     209   5     210   1     211   4     212   7     213   3     214   2     215   3     216   1     217   1     218   6     220   4     221   6     222   3     223   6     224   2     225   2     226   6     227   2     228   4     229   3     230   4     231   6     233   1     234   4     236   1     237   7     239   5     240   3     241   4     242   7     243   4     244   6     245   1     246   3     247   4     248   2     251   6     252   1     253   1     254   5     255   6     256   2     257   4     258   3     260   5     262   3     263   6     264   5     265   7     266   6     267   5     268   2     269   2     270   7     271   5     272   5     273   5     274   5     275   6     276   1     277   1     278   6     279   7     280   4     281   2     282   4     283   2     284   7     285   6     286   1     287   1     288   6     289   2     290   2     291   3     292   4     293   3     294   6     295   5     296   7     297   3     298   4     299   1     300   6     301   3     302   3     304   5     305   5     307   1     308   3     309   1     310   1     311   4     312   3     314   2     316   5     318   6     319   2     321   5     322   6     323   2     324   3     325   1     326   4     327   7     328   7     329   5     330   6     331   6     332   2     333   4     334   5     335   4     336   1     337   3     338   7     339   1     340   3     341   5     342   1     343   6   
44   235  44   1     69   4     70   5     71   3     72   5     73   5     74   2     75   1     76   6     77   1     78   4     79   7     80   3     82   5     83   5     84   1     85   7     87   4     88   7     89   1     90   5     91   6     92   6     93   7     94   2     95   4     96   1     97   7     98   6     99   5     100   5     101   4     102   3     104   3     106   3     107   3     108   6     109   6     110   1     111   2     112   2     114   1     117   6     120   5     121   7     122   2     124   7     126   3     127   3     128   4     129   2     130   6     131   4     132   6     133   6     134   5     135   1     136   5     137   1     138   5     139   6     140   6     141   4     142   3     143   3     144   7     145   5     146   2     147   5     148   5     149   6     151   4     152   7     153   5     154   1     156   2     157   7     158   1     159   6     160   6     161   2     163   3     165   4     166   1     168   1     169   6     171   4     172   1     174   4     176   4     177   6     178   4     182   7     183   3     184   7     185   5     187   4     188   2     189   4     190   1     191   2     192   7     193   5     194   4     195   7     197   3     199   7     200   4     201   1     202   4     203   3     204   7     205   7     206   5     207   1     208   7     209   6     210   5     211   3     212   6     213   2     214   4     215   4     216   3     217   1     218   7     219   5     220   4     221   7     222   3     224   3     225   5     226   6     227   4     228   4     229   1     230   6     233   2     234   2     235   3     236   3     237   6     238   3     239   1     240   1     241   5     242   2     243   3     244   2     245   1     246   6     247   6     248   3     249   3     250   4     251   2     252   7     253   2     256   7     257   1     258   6     259   6     260   4     261   4     262   6     263   2     264   7     265   1     266   1     267   4     268   4     269   1     270   7     271   1     273   6     274   6     275   1     276   5     278   6     279   7     280   4     281   6     282   2     283   2     284   6     286   2     287   7     288   3     289   6     290   7     291   7     292   7     293   6     294   6     297   2     298   3     299   3     300   2     301   5     303   3     304   3     307   5     308   1     309   7     310   3     311   5     312   6     313   5     314   2     315   5     316   6     317   7     320   6     321   2     322   1     323   1     324   4     326   5     327   6     328   5     329   4     330   4     331   4     332   1     333   3     334   2     335   1     336   2     337   3     338   2     339   7     340   6     342   4     343   3     344   7   
45   249  45   1     69   3     70   1     72   7     73   1     74   2     75   3     76   3     77   6     78   5     79   2     80   2     82   1     83   1     84   7     85   1     86   1     87   5     88   7     89   4     90   2     91   2     92   2     93   7     94   7     95   3     96   6     97   3     98   6     99   2     100   2     101   2     102   1     103   3     104   5     105   2     106   7     107   3     108   5     109   5     110   1     111   5     112   5     113   4     115   1     116   5     117   6     118   7     119   7     120   7     121   5     122   4     123   7     124   4     125   7     128   2     129   5     130   6     131   7     132   2     133   2     134   5     135   4     136   6     137   3     138   4     139   5     140   7     141   2     142   5     144   6     145   1     146   6     147   1     148   1     149   6     150   1     151   2     152   2     154   1     157   3     158   5     159   3     160   3     161   2     162   1     163   2     164   3     165   1     166   2     167   6     168   2     169   2     171   1     173   1     174   6     176   6     177   6     178   7     179   6     180   1     181   5     182   4     183   2     184   2     185   1     186   1     187   2     188   3     190   4     191   6     192   2     193   3     194   4     195   3     196   6     197   6     198   3     199   3     200   2     201   4     202   2     203   1     204   4     205   5     206   7     209   4     211   5     212   2     213   4     214   2     216   1     217   6     218   4     219   3     220   2     221   4     222   5     223   7     224   4     225   7     227   5     230   4     231   1     232   6     233   7     234   6     235   3     236   1     237   1     238   1     239   4     241   6     242   5     243   5     244   7     245   5     246   2     247   2     248   2     249   1     251   6     253   1     254   2     255   6     256   3     257   2     258   2     259   7     260   4     261   7     262   2     263   6     264   4     265   5     266   1     268   5     269   2     270   2     271   2     272   5     273   6     274   4     275   3     276   5     277   6     278   4     279   1     280   1     281   7     282   2     283   1     284   4     285   2     286   2     287   3     288   6     289   7     290   4     291   1     292   4     295   1     296   7     297   7     298   1     299   3     300   2     301   6     302   6     303   1     304   6     305   2     306   1     308   6     309   4     310   2     311   4     312   6     313   5     314   3     316   4     317   5     318   4     319   6     320   1     321   3     322   7     323   5     324   1     325   2     326   7     327   2     328   3     329   3     330   2     331   2     332   4     333   7     334   3     335   6     336   6     337   6     338   7     339   6     340   5     341   7     342   7     343   3     344   7   
46   256  46   1     69   2     70   7     71   3     72   2     73   7     74   2     75   7     76   4     77   4     78   7     79   2     80   4     81   2     82   3     83   2     84   1     86   2     87   5     88   4     90   7     91   2     92   2     93   5     94   4     95   2     96   6     97   4     98   2     99   3     100   3     101   6     102   4     104   5     105   6     106   7     107   3     108   2     109   5     110   5     111   2     112   3     113   3     114   3     115   1     116   5     117   6     118   7     119   7     120   1     121   1     122   6     123   2     124   7     125   5     126   5     127   6     128   4     129   4     130   5     131   1     132   6     133   6     134   1     135   2     136   4     137   2     138   5     139   7     140   2     142   1     143   5     144   2     145   2     146   6     148   7     149   6     150   4     151   4     152   6     153   7     154   6     155   1     156   5     157   4     159   2     160   7     161   1     162   2     163   3     164   1     165   4     167   2     168   4     169   3     170   6     171   4     172   6     173   1     174   6     175   5     176   7     177   1     178   5     179   5     180   4     181   3     182   7     183   7     184   5     185   4     186   3     188   6     189   4     191   6     192   3     193   3     194   2     195   3     196   6     197   1     199   1     200   2     201   7     202   5     203   4     204   5     205   4     206   1     207   1     208   5     210   7     211   6     212   2     213   4     214   6     215   4     216   3     217   5     218   6     220   5     221   2     222   4     223   2     224   4     225   1     226   3     227   3     228   3     229   6     230   2     231   5     232   5     233   6     234   5     235   1     236   7     237   5     238   3     239   2     240   4     241   4     242   5     243   4     244   6     245   7     246   7     247   1     249   5     250   4     251   2     252   1     253   5     254   5     255   5     256   3     257   7     258   1     260   5     261   1     263   2     264   7     265   4     266   7     267   6     268   3     269   5     270   2     271   4     272   2     273   3     274   7     275   7     276   1     277   5     278   4     279   6     280   5     281   6     282   2     284   5     285   3     286   6     287   4     289   6     290   1     291   6     293   4     294   6     295   3     296   1     297   5     298   3     299   6     300   3     301   5     302   5     303   6     304   1     305   7     306   2     307   2     308   4     309   4     310   2     311   7     312   5     313   2     314   4     315   2     316   4     317   4     318   6     319   1     320   1     321   2     322   4     324   7     325   6     326   7     327   5     328   6     329   2     331   7     333   1     334   6     335   3     336   5     337   3     338   7     339   6     340   5     341   4     342   7     343   1     344   1   
47   246  47   1     69   2     70   2     71   1     72   4     73   6     74   5     75   4     76   5     77   4     78   6     79   1     80   4     82   2     83   2     84   6     85   4     86   5     87   7     88   5     89   4     90   5     91   6     92   7     93   2     94   5     95   6     96   1     97   5     98   3     100   2     102   2     103   3     104   5     105   3     106   7     107   5     108   1     109   6     110   6     111   2     113   5     114   5     115   3     116   5     117   5     118   7     119   6     120   4     121   4     122   2     123   6     125   4     126   2     127   4     128   7     129   1     130   4     131   1     132   1     133   4     134   5     136   7     137   5     139   3     140   6     141   5     142   3     143   4     144   1     145   2     146   4     147   1     148   7     149   1     150   7     151   6     153   7     154   2     155   6     156   3     157   2     158   7     159   7     160   1     161   3     162   4     163   7     164   3     166   5     167   6     168   2     169   6     170   5     171   7     172   5     173   5     174   3     175   5     176   5     177   5     178   4     179   7     180   3     181   5     182   6     183   4     185   2     187   1     188   7     189   3     190   6     191   3     192   7     193   4     194   6     195   4     196   5     197   5     198   2     199   6     200   3     201   1     202   2     205   6     206   7     207   4     208   3     209   5     212   4     213   2     214   3     215   1     216   5     217   7     218   6     219   4     221   3     222   1     223   1     224   6     226   6     227   5     228   4     229   3     230   4     231   5     232   2     233   3     234   2     236   2     237   2     238   3     240   7     242   5     243   3     245   4     247   2     248   3     251   3     252   3     253   1     254   6     255   5     256   2     257   3     258   6     259   4     260   3     261   7     262   5     263   5     264   6     265   5     266   1     267   3     268   4     269   4     270   3     271   4     272   2     273   6     274   3     275   3     276   7     277   3     278   5     279   3     280   7     281   3     282   2     284   2     285   2     286   7     287   6     288   6     289   1     290   6     292   6     293   5     294   2     295   4     296   5     297   4     298   3     299   2     301   2     302   7     303   1     304   1     306   3     307   1     308   1     309   5     310   4     311   1     312   2     313   1     314   6     315   2     316   1     317   5     318   4     319   4     320   1     321   2     322   5     323   5     324   6     325   1     326   6     327   3     329   1     330   1     333   6     334   6     335   7     336   4     337   4     338   2     339   2     340   3     341   1     342   3     343   1     344   7   
48   252  48   1     69   4     70   3     71   7     72   1     73   2     74   3     75   7     76   7     77   1     78   3     79   6     80   2     81   5     82   3     83   3     84   5     85   7     86   6     87   5     88   3     89   4     90   1     92   7     93   5     95   2     96   5     97   4     98   3     99   7     100   7     101   7     102   5     104   3     105   1     106   5     107   4     108   1     109   4     110   1     111   7     112   1     115   4     116   7     117   6     118   3     119   7     120   6     121   5     123   3     124   5     126   7     127   5     128   5     129   7     130   4     131   1     132   7     133   2     134   7     135   3     136   7     137   6     138   4     139   2     140   4     141   5     142   3     143   7     144   5     145   2     146   2     147   1     148   4     149   4     150   5     151   2     152   4     153   6     154   6     155   3     157   5     158   3     159   3     160   7     161   1     162   2     163   3     164   5     165   3     166   3     167   4     169   6     170   6     171   1     172   3     173   6     174   5     175   7     176   4     177   6     178   6     180   1     181   6     182   3     183   1     184   2     185   3     186   2     187   5     188   7     189   4     190   7     191   2     193   7     194   6     195   7     196   4     197   6     198   1     199   3     200   4     201   5     203   5     204   2     205   1     206   6     207   1     210   2     211   6     212   2     213   4     214   2     215   7     216   3     217   6     218   3     219   4     220   4     221   4     222   3     223   4     226   3     227   5     229   5     230   4     231   3     232   3     233   4     234   4     235   2     236   2     237   5     238   7     239   3     240   4     241   4     242   5     243   5     244   7     245   1     246   2     247   1     248   7     249   5     250   2     251   3     252   6     253   1     254   1     255   5     256   2     257   3     258   2     260   2     261   6     262   1     263   1     264   1     265   4     266   4     267   2     269   2     270   5     271   5     272   1     273   6     274   1     275   2     276   7     277   3     278   5     279   7     280   6     281   1     282   5     284   4     285   4     286   1     287   6     288   1     289   3     290   7     291   7     292   1     293   2     294   2     295   3     296   1     298   5     299   4     300   1     301   3     302   7     303   7     304   1     305   5     306   4     307   1     308   1     310   4     311   6     312   3     313   1     314   7     316   2     317   4     319   7     320   6     321   7     323   2     324   7     325   2     326   7     327   2     328   4     329   3     330   3     331   7     332   2     333   6     334   6     335   5     336   5     337   1     338   4     339   5     340   6     341   6     342   4     343   7     344   5   
49   238  49   1     69   3     70   5     71   3     72   1     73   3     74   5     75   7     76   5     77   1     78   7     79   5     80   6     81   3     82   6     83   7     84   2     85   2     86   5     87   1     88   4     89   4     90   3     92   4     94   7     95   7     96   3     98   3     99   4     100   1     103   4     104   7     106   2     107   6     108   7     110   2     111   3     112   1     113   3     114   1     115   2     116   6     117   7     118   3     119   3     120   6     121   7     122   5     123   4     125   2     126   4     127   1     129   7     130   4     132   1     133   5     134   1     135   6     136   4     137   7     138   3     139   4     140   6     141   3     143   7     145   3     146   6     147   2     148   4     149   4     150   2     151   6     152   5     154   1     155   7     157   6     158   1     159   6     160   2     161   7     162   3     163   4     165   7     166   6     168   4     171   3     172   2     173   2     174   5     176   1     177   3     179   6     180   3     181   2     182   7     183   7     185   6     186   4     187   7     188   5     191   4     192   3     193   6     194   5     195   7     196   1     197   5     198   4     199   1     200   3     201   6     202   6     203   5     204   1     206   2     207   3     208   4     209   5     210   1     211   4     212   1     213   6     214   7     215   6     216   1     217   6     218   4     219   7     220   6     221   2     222   5     223   7     224   4     225   7     226   5     227   6     228   2     229   2     230   2     231   2     232   3     234   7     235   7     236   7     237   4     238   3     239   2     240   7     241   2     242   1     244   7     245   2     246   1     247   1     248   5     249   6     250   5     251   4     252   1     253   1     254   2     255   1     256   6     258   3     259   4     260   2     261   6     262   5     265   4     266   6     267   1     268   6     269   7     270   4     271   6     273   1     274   3     275   7     276   1     277   3     278   6     279   6     281   4     282   4     283   5     284   5     285   1     287   6     289   4     290   4     291   7     292   5     293   1     294   1     295   5     296   1     297   6     298   1     299   5     300   1     301   3     302   7     303   5     304   3     305   6     306   4     307   3     308   4     309   4     310   4     311   7     312   4     313   4     314   4     315   5     316   1     318   5     319   5     320   5     322   1     323   7     324   7     325   5     326   1     327   5     329   4     333   6     334   1     335   2     336   3     337   5     338   5     339   1     340   4     341   3     342   6     343   2     344   2   
50   248  50   1     70   3     71   4     72   1     73   4     74   3     75   1     76   3     77   7     78   3     79   7     81   2     82   2     84   2     85   6     87   2     88   6     89   4     90   3     92   7     93   6     94   2     95   7     96   5     97   6     98   5     99   3     100   4     102   4     103   3     105   1     106   1     107   5     109   5     110   5     111   1     112   2     113   2     114   6     115   1     116   2     117   4     118   3     119   3     120   6     121   2     122   6     124   2     125   5     126   2     127   1     128   1     129   1     130   3     131   5     132   2     133   2     134   4     135   5     136   1     137   2     138   6     139   4     140   3     141   1     142   1     143   7     144   4     145   3     146   6     148   2     150   2     151   7     152   4     154   1     155   5     156   3     157   6     158   2     159   2     160   1     161   3     163   5     164   5     165   1     166   6     167   7     168   6     169   7     170   3     171   4     172   2     173   2     174   5     175   5     176   4     177   1     178   2     179   2     180   5     181   3     182   3     183   4     184   2     186   6     187   1     189   7     191   4     192   2     193   6     194   2     196   7     198   6     199   2     200   3     202   3     203   5     204   6     205   4     206   4     207   4     208   5     209   1     210   4     211   7     212   7     213   6     214   6     215   4     216   4     218   2     219   3     220   1     221   4     222   4     223   1     224   2     225   1     227   5     228   1     229   6     231   2     232   5     233   1     234   3     236   6     237   7     238   1     239   4     240   1     241   4     242   7     243   6     244   5     245   7     246   3     247   3     248   6     249   3     250   3     251   2     252   1     253   1     254   4     255   1     256   7     257   1     258   7     259   5     260   3     261   7     262   4     263   2     264   1     265   5     266   5     267   6     268   2     269   2     270   5     271   1     272   3     273   3     274   2     275   2     276   5     277   2     279   1     280   3     281   2     282   5     283   5     284   3     285   5     286   5     289   4     290   3     291   4     292   1     293   5     294   2     295   4     296   2     297   5     298   2     300   7     301   2     302   2     303   4     304   3     305   7     306   5     307   3     308   7     309   4     310   5     311   5     313   4     314   4     315   1     316   4     317   1     318   4     319   3     321   3     322   5     323   7     324   3     325   3     326   3     327   6     328   1     329   6     330   3     331   1     332   3     333   4     334   2     335   3     336   6     337   1     338   6     339   5     340   7     341   7     342   2     343   2     344   3   
51   241  51   1     69   3     70   2     72   3     73   2     74   2     75   2     76   1     77   3     79   6     80   1     81   5     82   1     83   3     84   1     86   1     88   2     89   1     90   7     91   3     92   4     93   7     94   4     95   4     96   6     97   1     98   5     99   2     100   2     101   1     102   4     104   1     105   5     106   4     107   7     108   1     109   6     110   5     111   6     112   3     113   5     114   7     116   3     117   5     118   7     119   4     120   6     121   6     122   3     123   2     124   1     125   1     126   4     127   1     128   1     129   4     130   5     131   3     132   1     133   7     134   4     135   3     136   2     137   7     138   7     139   7     140   7     141   4     142   1     143   3     145   1     146   3     147   5     148   7     149   1     150   2     151   4     152   1     153   3     154   4     155   7     156   4     157   2     158   1     159   2     160   3     161   7     162   7     163   3     164   5     166   1     167   2     168   1     169   5     171   2     172   3     173   5     174   5     175   4     176   3     177   3     178   2     179   5     180   4     183   4     184   4     186   3     187   1     189   3     190   7     191   7     192   3     193   2     195   6     196   4     197   3     198   1     199   6     200   5     201   3     202   4     203   6     204   7     205   1     206   5     207   1     209   6     210   7     211   1     212   3     213   4     215   5     216   6     217   4     218   4     219   2     221   3     222   5     223   6     224   2     226   3     227   6     228   5     229   4     230   7     231   4     232   3     233   2     234   5     235   4     236   7     237   7     238   5     240   2     241   1     243   6     244   2     245   4     246   3     247   4     248   2     249   2     250   1     251   6     252   1     255   1     256   3     257   5     258   4     259   7     260   6     261   6     262   5     263   2     264   5     265   1     266   2     267   4     268   1     269   5     271   2     272   1     273   6     275   5     276   7     277   5     278   4     279   1     281   4     282   1     283   4     284   5     285   5     288   6     289   2     291   5     292   7     293   4     294   4     297   5     298   2     299   5     300   3     301   2     303   3     304   5     305   4     306   7     307   7     308   7     309   5     311   7     313   4     314   4     317   5     318   7     319   7     320   2     321   1     322   7     323   5     325   5     326   7     327   5     328   5     329   5     330   3     331   4     332   3     333   2     334   3     335   1     336   2     337   1     338   2     339   3     340   1     341   4     342   5     343   1     344   7   
52   246  52   1     69   3     70   7     71   5     72   5     73   7     74   7     75   3     77   3     78   5     79   7     80   5     81   4     82   7     84   1     85   5     86   7     87   7     88   1     89   1     90   1     91   3     92   3     93   2     95   7     96   3     97   6     98   7     100   3     101   5     102   2     104   5     105   2     106   2     107   3     108   5     109   4     110   3     111   3     112   1     113   5     114   5     115   3     116   4     118   5     119   1     120   7     121   7     122   7     123   7     124   6     125   1     127   3     128   1     129   1     130   3     131   7     132   1     135   5     136   3     137   5     138   1     139   2     140   4     141   7     142   7     143   2     144   1     145   2     146   3     147   5     149   4     150   4     151   4     152   6     153   1     154   2     156   4     157   3     158   1     159   3     160   6     161   6     162   1     163   6     164   6     165   3     166   4     167   4     168   3     169   5     170   3     171   1     172   3     173   6     175   1     176   5     177   3     178   3     179   6     180   7     181   4     182   4     183   5     184   1     185   3     186   2     187   2     188   3     189   6     191   4     192   2     193   2     194   6     195   4     197   2     198   1     199   7     200   6     201   6     202   2     203   3     204   6     205   7     206   2     207   4     208   5     209   7     210   2     211   1     212   6     213   4     214   3     215   7     216   7     217   6     218   3     219   6     220   5     222   5     223   2     224   1     225   1     228   4     229   1     230   2     231   3     232   2     233   7     234   3     235   2     236   3     237   1     238   1     239   6     241   3     242   7     243   1     244   1     245   7     246   2     247   7     248   4     249   3     250   2     252   1     253   4     254   7     255   1     257   1     258   5     259   7     260   4     261   7     262   2     263   6     264   1     265   5     266   2     267   4     268   3     269   2     270   4     271   3     272   4     273   2     274   1     275   1     277   4     278   4     280   2     281   6     282   5     283   2     284   1     285   1     286   6     287   3     288   1     289   4     290   2     291   3     292   4     293   4     294   5     295   6     296   6     297   7     298   2     301   6     302   7     303   1     304   7     305   6     306   5     307   7     308   7     309   5     310   4     311   1     313   5     315   3     316   3     318   4     319   1     320   1     321   4     322   2     323   2     324   3     325   7     326   1     327   2     328   2     329   1     330   7     331   6     332   4     333   1     334   1     336   2     339   1     340   5     341   3     342   1     343   4   
53   249  53   1     69   5     70   4     71   1     72   7     73   7     74   1     75   1     76   7     78   7     79   3     80   2     81   7     82   7     83   7     84   2     85   5     87   1     88   3     89   3     90   7     91   4     92   4     93   4     95   2     96   4     97   4     98   1     99   7     100   6     101   6     102   5     103   7     104   3     105   1     106   5     107   1     109   5     110   1     111   3     112   1     113   2     115   2     116   3     117   4     118   7     119   7     120   6     121   6     122   2     123   5     124   6     125   1     126   1     127   6     128   7     129   5     130   4     131   5     132   7     133   7     134   7     135   5     136   7     137   4     138   4     139   3     140   2     141   7     142   4     143   3     145   5     146   4     148   3     149   1     150   6     151   3     152   7     153   3     154   4     157   1     158   2     159   3     160   1     161   2     162   7     163   4     164   5     165   2     166   6     167   7     168   4     169   5     170   1     171   2     172   7     173   1     175   1     176   5     177   7     178   3     179   1     180   2     181   2     182   6     183   4     184   7     185   1     187   2     188   2     189   3     190   5     191   7     192   3     193   7     194   6     195   6     196   2     198   5     199   5     200   1     201   4     202   4     203   3     204   5     205   1     206   5     207   7     208   6     209   7     210   7     211   3     212   6     213   4     214   5     215   3     216   4     217   5     218   5     219   5     220   3     221   1     222   7     223   7     224   7     225   3     226   3     227   1     228   2     230   1     231   3     232   5     233   2     235   3     237   6     238   1     239   1     240   3     241   7     242   6     243   4     245   2     246   2     247   7     248   6     249   6     250   5     251   3     252   3     253   2     254   7     255   4     257   1     258   7     260   3     261   6     262   1     263   6     264   4     265   6     266   1     267   2     268   3     269   1     270   6     271   3     272   2     273   2     274   4     275   3     276   4     277   7     278   3     279   3     280   1     281   2     282   1     283   3     284   7     285   1     289   7     290   2     291   2     292   2     293   7     294   1     295   3     296   3     297   2     298   4     299   5     300   3     301   3     302   2     304   4     305   4     306   3     307   1     309   3     310   7     311   2     312   4     313   2     314   5     315   3     316   2     318   2     319   1     320   6     321   3     322   5     323   7     324   7     328   4     329   4     330   2     331   7     332   1     333   2     334   6     335   6     337   1     338   3     339   5     340   2     341   4     342   6     343   1     344   5   
54   246  54   1     69   6     70   2     71   1     72   4     73   3     74   1     75   4     77   3     78   2     79   7     80   3     81   1     82   2     83   6     84   1     85   3     86   4     89   7     90   1     91   7     92   1     93   7     94   4     95   3     96   7     97   1     98   4     99   1     100   4     101   3     102   7     103   4     104   7     105   2     106   1     107   6     108   5     109   6     110   2     111   3     113   1     114   1     115   2     116   1     117   4     118   5     119   7     120   4     121   7     122   3     123   1     124   2     125   3     126   6     127   2     128   1     129   4     130   5     131   5     132   5     133   6     134   6     135   3     136   6     137   1     138   3     139   7     140   2     141   6     142   1     144   6     145   6     146   5     147   7     148   4     149   1     150   4     152   2     153   3     154   3     155   3     156   3     157   4     158   4     159   1     160   4     161   5     162   3     163   4     164   6     165   6     166   4     167   5     168   2     169   3     170   6     171   5     172   7     173   1     174   6     175   7     176   1     179   6     180   2     181   6     182   3     183   6     186   7     187   4     189   7     190   7     191   3     192   3     193   6     194   2     195   6     197   4     198   3     199   4     200   2     201   5     202   1     203   2     204   6     205   7     206   1     207   4     209   6     210   6     211   7     212   3     213   3     214   1     215   7     216   3     217   3     218   6     219   5     221   6     222   6     223   3     224   1     225   6     226   1     227   3     228   1     229   7     230   7     231   3     232   6     233   2     234   1     235   1     236   2     237   6     238   5     239   3     240   3     242   3     243   2     244   7     245   1     246   6     247   2     248   6     249   7     250   4     251   6     253   3     254   1     256   6     257   3     258   3     259   2     260   6     262   6     263   5     264   5     265   4     266   2     267   5     268   6     270   6     271   1     272   2     273   5     274   4     276   3     277   1     279   7     281   6     282   7     283   5     284   4     286   2     288   3     289   2     290   5     291   4     292   5     293   3     294   4     295   4     297   2     298   6     300   6     301   6     302   3     303   5     304   2     305   4     307   5     308   2     309   4     310   1     312   6     313   7     314   7     315   3     316   6     317   7     318   1     319   4     320   5     321   3     322   3     323   4     325   2     326   4     327   1     328   4     329   5     330   4     331   7     332   5     333   1     334   6     335   1     336   1     337   7     338   6     339   3     341   3     342   1     344   1   
55   243  55   1     69   4     70   1     71   2     72   2     73   4     75   6     76   3     77   3     78   7     79   5     81   3     82   1     83   2     84   6     86   7     87   1     88   3     89   4     91   3     92   4     93   2     94   5     95   6     96   1     97   5     98   3     99   3     100   7     101   4     103   3     104   5     105   1     106   3     107   5     108   1     109   7     110   6     111   1     112   6     114   6     115   4     116   7     117   2     118   5     119   2     120   1     121   7     122   6     123   3     124   7     125   4     126   7     128   1     129   4     130   7     131   6     132   1     133   1     134   5     135   7     136   5     137   4     138   5     139   7     140   4     141   4     142   6     143   4     144   5     148   6     149   1     150   5     152   6     153   1     154   7     155   2     156   3     157   7     158   3     159   1     160   1     161   2     162   3     163   2     164   2     165   7     166   5     167   1     168   5     169   1     170   1     171   6     172   2     173   1     174   3     175   6     176   6     178   4     179   2     180   2     181   7     183   4     184   5     185   2     186   5     187   7     188   6     189   6     190   6     191   4     192   7     193   2     194   5     195   4     196   1     199   3     201   3     202   6     203   1     204   7     205   6     206   3     207   4     208   7     209   6     210   5     212   2     213   5     214   2     215   4     216   3     217   4     218   1     220   4     222   7     223   4     224   4     225   7     226   7     227   1     228   2     229   3     230   2     232   1     233   3     234   5     235   7     236   1     237   3     238   7     239   7     240   4     241   6     242   7     243   3     247   3     248   3     249   2     250   7     251   5     252   6     253   4     254   4     255   6     256   4     258   7     259   5     260   3     261   4     262   2     263   5     264   4     265   4     266   4     267   6     269   6     270   1     271   3     272   5     273   7     274   3     275   2     276   5     277   4     278   4     279   2     280   3     281   1     282   1     283   2     284   3     285   4     286   5     287   6     288   4     289   2     292   5     293   1     294   2     295   2     296   5     297   6     298   6     299   7     300   1     301   3     302   1     303   6     304   2     305   6     306   6     307   5     309   6     310   3     312   7     314   6     315   1     317   5     318   2     319   2     320   1     321   4     322   6     324   1     326   2     327   2     328   6     329   5     330   5     331   4     332   6     333   2     334   2     335   3     336   7     337   6     338   1     340   4     341   6     342   3     343   6     344   7   
56   244  56   1     69   3     70   3     71   2     73   1     74   4     75   5     76   5     77   2     78   3     79   1     80   4     81   3     82   3     83   5     84   7     85   5     86   1     87   5     88   6     90   1     91   7     92   4     95   7     96   4     97   3     98   6     99   4     100   4     101   7     102   2     103   5     104   1     105   1     106   2     107   5     109   1     110   4     111   1     112   5     113   7     114   5     115   4     116   5     117   4     119   4     120   2     121   7     122   2     123   7     124   2     125   4     126   6     127   3     128   5     129   3     130   4     131   3     132   6     133   7     134   1     136   1     137   3     139   2     141   3     142   2     144   7     145   2     146   5     147   6     148   7     149   2     151   2     152   5     153   3     155   4     156   1     157   6     158   3     159   2     160   7     161   5     163   7     165   5     166   1     168   3     169   5     170   2     171   2     172   6     173   2     174   1     175   2     176   4     177   2     178   2     179   1     180   6     181   1     182   1     183   6     184   1     185   5     186   3     187   2     188   6     189   4     190   1     191   2     192   7     193   7     194   6     195   5     196   5     197   4     198   4     200   5     201   6     203   6     204   5     205   6     206   4     208   4     209   7     210   7     211   4     212   3     213   7     215   6     216   2     217   6     219   3     220   4     221   7     222   4     223   6     224   4     225   1     226   3     227   6     228   6     229   5     230   5     231   4     232   6     233   2     234   5     235   5     236   5     237   6     238   3     239   2     240   3     241   4     242   3     243   2     245   2     246   1     247   1     248   3     249   6     250   5     251   7     252   1     254   1     255   1     256   3     257   3     258   2     259   4     260   7     261   7     262   1     263   2     264   6     265   2     266   7     267   4     269   1     270   3     271   1     272   5     273   4     274   7     275   3     276   1     277   6     279   3     280   6     281   3     283   2     284   6     285   5     286   4     287   6     288   3     289   6     290   5     291   1     292   4     294   6     295   5     296   3     297   5     298   2     299   7     300   2     301   2     302   6     303   5     304   7     305   6     306   7     307   4     308   6     309   2     311   5     312   3     313   4     315   4     316   4     317   4     318   7     320   3     321   6     324   4     325   3     327   5     328   2     329   5     330   3     331   4     332   6     333   6     335   4     336   7     337   4     338   2     339   7     340   5     341   2     342   7     343   5     344   2   
57   247  57   1     70   1     71   3     72   2     74   7     75   6     76   3     77   5     78   3     79   1     80   4     81   1     82   1     83   1     84   5     85   1     86   6     87   5     88   3     89   2     90   1     91   6     92   5     93   1     94   1     96   2     98   5     99   6     100   6     101   5     102   2     103   1     104   2     105   2     106   7     107   1     108   3     109   6     110   2     111   4     112   4     113   3     114   2     115   4     120   4     121   5     122   2     123   5     124   4     125   1     126   6     127   6     128   4     129   1     130   1     131   2     132   1     133   3     134   4     135   3     136   3     137   6     138   1     139   7     140   4     141   1     142   6     143   5     144   3     145   6     146   2     147   1     148   5     151   2     152   1     153   7     154   6     155   3     156   2     157   2     158   3     159   2     160   5     161   3     162   5     163   2     164   5     165   4     166   1     167   5     168   6     169   6     170   3     171   4     172   2     173   2     174   4     175   1     176   2     177   3     178   1     179   5     180   2     181   1     182   4     185   5     186   2     187   6     188   3     189   6     190   7     191   4     192   3     193   7     195   7     196   5     197   2     198   7     199   7     200   2     201   7     202   5     203   2     204   4     205   1     207   1     208   2     209   6     211   6     212   1     213   5     214   3     215   3     216   6     217   2     218   1     219   4     221   7     222   6     223   7     224   3     226   1     227   3     228   6     229   1     230   2     231   6     233   7     234   4     235   6     236   7     237   1     238   2     239   7     240   1     241   1     242   1     243   6     244   6     245   1     247   5     248   1     249   5     250   6     251   1     252   1     254   4     255   4     256   4     257   7     258   2     259   2     260   6     261   7     264   6     265   4     266   4     268   5     269   2     270   6     272   1     274   1     275   3     276   4     277   6     278   6     279   3     280   1     281   3     282   3     283   7     284   4     285   4     286   3     288   6     289   2     290   3     291   4     292   1     293   3     294   7     295   1     296   6     297   1     298   3     299   7     300   3     301   2     302   6     304   1     305   7     306   1     307   1     308   3     309   6     310   1     311   1     312   4     313   6     314   5     316   5     317   4     318   7     319   7     320   6     321   5     322   7     323   5     325   2     326   3     327   7     328   1     329   6     330   4     331   3     332   3     333   6     334   1     335   6     336   1     337   5     338   5     339   2     340   4     342   5     343   2     344   4   
58   247  58   1     69   5     70   2     71   1     72   6     74   5     75   4     76   4     78   1     80   2     81   7     82   5     83   5     84   5     85   7     87   5     88   5     89   2     90   4     91   1     92   2     93   4     94   2     95   6     96   5     97   1     98   4     100   2     101   5     102   6     103   4     104   5     105   3     106   7     107   4     108   2     109   5     110   7     111   5     112   3     113   2     114   4     115   4     116   2     117   2     118   6     121   5     122   7     123   4     124   6     125   5     126   3     127   7     128   7     129   1     130   4     131   4     132   7     134   5     136   4     137   3     139   4     140   3     141   3     143   7     144   6     145   7     146   4     147   7     148   5     149   1     150   7     151   7     152   2     153   5     154   2     155   3     156   1     157   4     158   5     159   6     160   1     161   2     162   2     163   6     164   3     165   2     166   5     167   4     169   3     170   2     171   2     172   7     173   5     174   7     175   7     176   5     177   6     178   1     179   6     180   1     181   5     182   1     186   2     187   7     188   6     189   5     190   2     191   4     192   6     193   7     194   7     195   7     196   6     197   3     198   2     199   5     200   3     201   7     202   5     204   7     205   5     207   7     208   7     209   5     210   5     211   6     212   5     213   7     214   1     216   7     218   6     219   7     220   7     221   6     222   4     223   3     225   3     226   1     227   2     228   7     229   1     230   4     231   4     232   5     233   5     234   1     235   2     236   3     238   3     239   7     240   6     241   7     242   7     243   7     244   1     245   1     246   3     248   3     249   1     251   7     252   6     253   4     254   6     255   3     256   6     257   3     258   2     259   6     260   4     261   2     262   5     263   4     264   1     265   5     266   7     267   3     268   3     270   3     271   7     272   1     273   2     274   7     275   1     276   6     277   3     278   1     279   1     280   7     281   2     282   3     283   6     284   3     285   2     286   4     287   6     289   1     290   2     291   7     292   3     294   5     295   2     296   2     297   2     298   5     299   5     300   3     301   2     302   4     303   7     304   2     305   7     306   1     307   6     308   7     309   1     310   3     311   4     312   1     313   7     315   6     316   3     317   6     318   1     319   3     321   3     322   7     323   7     324   2     325   6     327   7     328   7     330   3     331   7     332   5     333   7     334   7     335   7     336   7     337   2     338   7     339   7     340   4     341   6     342   7     343   6     344   6   
59   234  59   1     70   1     72   6     73   3     74   1     75   6     76   4     77   7     78   7     79   1     80   2     82   1     83   6     85   2     86   5     87   1     88   5     89   5     90   3     91   4     92   4     93   3     94   1     95   7     96   6     97   2     98   5     99   3     100   5     101   5     102   4     103   4     104   5     105   6     106   5     108   2     109   6     110   5     111   4     112   2     113   5     114   7     115   7     116   6     117   1     118   6     119   3     120   5     124   4     125   2     126   6     127   1     128   4     129   2     130   4     131   5     132   5     133   5     134   4     135   5     136   7     137   6     138   3     139   2     140   3     141   7     142   7     143   6     144   4     145   7     147   5     148   4     149   1     150   3     151   2     152   6     153   7     154   3     155   7     156   3     157   3     158   6     159   1     162   5     163   5     164   7     166   2     167   4     168   3     169   4     170   3     172   1     173   5     175   3     176   6     177   3     178   3     179   4     181   4     182   1     184   6     185   7     187   3     189   1     190   3     191   4     192   1     193   6     195   5     197   6     198   1     199   6     200   3     201   7     202   4     203   3     204   5     205   7     206   7     208   5     210   6     211   1     212   1     213   1     215   5     216   3     217   2     218   3     219   3     220   2     221   1     222   2     223   1     224   2     225   7     226   6     227   6     228   3     230   6     231   7     232   5     233   4     234   4     235   4     236   4     237   4     238   5     240   4     241   2     242   6     243   1     244   7     245   7     246   7     247   6     248   7     249   7     250   6     251   3     252   4     253   1     254   4     255   3     256   3     257   7     259   6     261   3     262   7     263   1     264   5     266   4     267   3     269   4     270   7     271   1     272   7     273   1     274   6     275   2     276   4     277   4     278   7     279   7     280   3     281   6     282   3     283   7     285   6     287   5     289   4     290   4     291   6     292   3     293   3     296   4     297   1     298   5     302   1     303   3     304   3     305   4     306   2     307   7     308   3     310   2     311   6     312   7     313   2     314   6     315   4     316   1     317   5     318   4     319   2     320   4     321   6     322   4     323   6     326   6     327   7     328   2     329   5     330   5     331   5     332   4     333   6     335   6     336   6     339   4     340   5     341   1     342   4     343   7     344   3   
60   251  60   1     69   6     70   7     71   7     73   1     74   4     75   5     76   7     77   6     78   2     79   1     80   6     81   4     82   4     83   1     84   1     85   3     86   6     88   4     89   7     90   4     91   3     92   1     93   1     94   7     95   4     96   1     97   3     98   2     101   4     102   3     103   4     104   1     105   1     106   1     107   4     108   6     109   3     110   7     111   7     112   6     113   5     115   7     116   2     118   5     119   5     120   2     122   3     123   7     124   1     125   1     126   6     127   3     128   1     129   4     130   4     131   4     132   2     133   1     134   3     135   4     136   4     137   6     138   6     139   5     140   7     141   7     142   4     143   6     144   4     145   2     146   1     147   4     148   4     149   6     150   3     151   6     152   1     153   5     154   1     155   7     156   1     157   6     158   2     159   3     160   3     162   3     163   1     164   7     165   6     166   4     167   3     168   7     169   4     170   3     171   5     172   5     174   7     175   1     176   7     177   6     178   3     179   1     180   7     181   1     182   2     183   7     185   5     186   4     187   3     189   2     190   2     191   7     192   3     193   2     194   7     195   5     196   1     197   5     198   2     199   4     200   1     201   3     202   6     203   5     204   1     205   7     206   6     207   6     208   4     209   5     210   6     211   2     212   5     213   4     214   3     215   7     216   6     217   3     218   3     219   2     220   3     221   5     223   6     224   6     225   2     226   2     228   6     229   6     230   5     231   5     232   3     233   3     234   3     235   3     236   3     237   3     238   4     239   6     240   4     241   2     242   5     244   5     246   7     248   2     249   5     250   1     251   4     253   2     254   2     255   2     256   7     257   1     258   5     259   5     260   4     261   1     262   3     263   7     265   7     266   7     267   5     268   5     269   2     270   5     271   4     273   4     274   5     275   1     276   6     277   3     278   4     279   2     280   2     281   6     282   2     283   2     284   2     286   1     287   7     288   6     289   3     291   2     292   6     294   2     296   1     297   5     298   5     299   2     300   3     301   6     303   5     304   3     305   3     306   4     307   4     309   5     310   5     311   6     312   5     313   7     314   4     315   7     316   3     317   2     318   5     319   4     320   4     321   3     322   5     323   6     324   1     325   2     326   7     327   5     328   7     329   4     330   3     331   3     332   7     333   1     334   7     335   2     336   4     337   4     338   3     339   6     340   7     341   6     342   2     344   5   
61   245  61   1     69   4     70   7     71   3     72   5     73   1     74   2     75   2     76   5     77   7     78   3     79   5     80   7     81   2     82   2     83   7     84   5     85   4     86   7     87   4     88   2     89   6     90   2     91   7     92   2     93   6     94   7     95   3     96   4     97   4     100   6     101   4     103   3     104   3     105   5     106   5     107   6     108   5     109   4     110   1     111   5     112   3     113   5     114   7     116   1     118   4     119   4     120   5     121   6     122   4     123   3     124   1     125   1     126   2     127   6     128   6     129   4     130   3     131   5     133   1     134   6     135   6     136   5     137   5     138   1     140   1     141   2     142   2     143   4     144   5     145   4     146   7     147   2     148   2     149   7     150   7     151   3     152   7     153   3     155   7     156   2     157   6     158   7     159   6     160   4     161   5     162   4     163   7     164   6     165   3     167   1     168   5     169   4     170   2     171   4     172   2     173   7     174   4     175   7     176   6     177   6     178   7     179   3     180   1     181   4     182   2     183   5     184   6     186   1     187   1     188   7     189   3     190   3     191   4     192   2     193   3     194   4     195   5     196   4     198   3     199   7     200   4     201   6     202   2     203   4     204   7     205   7     206   3     207   3     208   2     209   4     211   4     212   1     213   2     214   5     215   2     216   7     218   2     220   6     221   4     223   6     224   7     225   7     226   7     228   5     231   3     232   3     234   5     235   4     236   5     237   7     238   3     239   4     240   2     241   3     242   2     243   4     244   6     245   7     246   3     247   4     248   6     249   4     250   7     251   2     252   2     253   3     255   7     257   5     258   2     259   6     260   2     261   1     262   7     263   4     264   7     265   6     266   3     267   4     268   2     269   2     270   6     271   1     273   4     274   6     275   4     276   5     277   1     278   4     279   2     280   6     282   3     283   4     284   4     285   4     286   6     287   6     288   7     289   1     291   5     293   6     294   2     296   3     297   7     298   4     299   2     300   5     301   7     303   5     305   3     306   2     307   2     308   5     309   5     310   4     311   3     312   4     315   3     316   2     317   5     318   4     319   2     320   4     321   4     323   2     324   4     325   6     326   7     327   3     328   6     329   6     330   3     331   1     332   1     333   6     334   2     335   7     336   4     337   1     338   4     340   2     341   7     342   1     343   6     344   6   
62   237  62   1     70   4     72   1     73   2     74   6     75   2     76   7     77   5     78   7     79   1     80   6     81   4     82   1     83   5     84   3     85   5     86   1     87   5     88   2     90   7     91   4     94   6     95   7     96   1     97   2     98   2     100   2     101   6     102   3     103   4     104   7     105   7     106   1     107   4     108   3     109   6     110   5     111   2     112   5     113   1     114   5     115   4     116   2     117   3     118   2     119   2     121   7     122   2     123   2     124   5     125   2     126   2     127   6     129   7     131   3     132   5     133   1     134   5     135   7     136   6     137   3     138   5     139   5     140   1     141   1     142   4     143   2     144   4     145   5     146   4     147   2     148   4     150   6     151   5     152   3     153   1     154   7     155   1     156   7     157   3     159   3     160   7     161   6     163   2     164   1     166   7     167   1     168   5     169   5     170   5     171   1     173   3     176   3     177   2     178   1     179   7     180   6     181   1     182   3     183   6     185   5     186   1     188   3     190   4     191   5     192   1     193   1     194   6     195   7     196   3     197   5     198   6     199   7     201   1     202   4     204   2     205   7     207   3     208   4     209   7     212   3     213   7     214   1     215   7     216   6     217   5     218   3     219   5     220   1     221   1     222   3     223   2     224   3     225   1     226   6     227   6     228   1     229   4     230   1     231   7     232   6     233   7     234   2     236   1     237   2     238   5     239   1     240   5     241   2     243   2     244   2     245   3     246   5     247   5     248   1     249   7     250   5     251   1     252   7     253   4     254   3     257   4     258   3     259   7     260   3     261   7     263   4     264   6     265   1     266   2     267   7     268   1     269   4     270   3     271   4     274   6     275   4     276   5     277   7     278   1     279   3     280   4     282   4     283   4     284   5     285   7     286   5     287   2     288   1     289   7     290   4     291   5     292   4     293   3     294   1     295   5     296   1     297   1     298   7     299   4     300   4     301   5     302   5     304   7     305   6     306   4     308   1     309   3     310   6     311   1     312   7     314   2     315   7     316   3     318   4     320   1     322   5     323   7     324   5     325   7     326   3     327   4     328   5     329   2     330   1     331   1     332   2     333   7     334   5     335   5     336   6     337   4     340   7     341   1     342   1     343   7     344   1   
63   245  63   1     70   4     71   4     73   7     74   1     75   7     76   4     77   2     78   3     80   2     81   2     82   4     83   6     84   2     85   3     86   2     87   3     88   4     89   1     91   3     92   3     93   5     94   6     95   5     96   1     97   5     98   5     99   5     100   7     101   1     102   1     103   7     104   2     105   1     106   2     107   7     108   2     109   1     110   6     112   3     113   5     114   4     115   4     116   7     117   1     118   6     119   6     120   1     121   4     122   1     123   3     124   3     125   3     126   4     128   2     129   6     130   5     132   2     133   7     134   4     135   2     136   7     137   5     138   7     139   1     140   7     141   2     142   7     143   7     144   6     145   4     146   5     147   4     148   5     149   6     151   1     152   5     153   1     154   5     155   2     156   5     157   4     159   2     160   1     161   4     162   2     163   7     164   5     165   5     166   2     167   6     168   5     169   4     170   5     171   7     172   6     173   1     174   2     175   1     176   3     177   3     178   1     179   3     180   1     182   2     183   3     184   5     186   1     187   4     188   7     189   7     190   1     191   4     192   7     193   6     194   2     195   7     197   6     198   7     199   7     200   3     201   3     202   2     203   5     204   3     205   3     206   7     207   7     208   2     210   2     211   1     212   3     213   6     214   7     215   6     216   1     217   4     218   7     219   3     220   6     221   2     222   3     223   3     224   6     225   3     226   6     228   7     229   5     230   1     231   6     232   4     234   3     235   3     236   5     239   2     241   6     242   1     243   5     244   6     245   4     246   6     247   1     251   4     252   2     253   7     254   7     255   3     256   6     257   4     258   3     259   2     260   6     261   6     262   3     263   4     264   7     265   1     266   7     267   1     268   6     269   5     270   3     271   1     272   7     274   2     275   3     277   7     278   7     279   5     280   7     281   1     282   6     283   7     284   1     285   2     286   7     287   3     288   5     290   6     291   4     292   4     293   5     294   7     295   5     298   6     299   2     300   3     301   2     304   1     305   5     306   7     307   1     308   3     309   3     310   7     312   5     313   2     314   1     315   6     316   5     317   5     318   4     319   5     320   6     321   3     322   4     323   3     324   5     325   6     326   4     327   2     328   3     330   5     331   5     332   3     333   7     334   2     335   7     337   6     338   2     339   6     340   4     342   1     343   3     344   3   
64   241  64   1     69   6     70   3     71   1     72   5     73   4     74   5     76   2     77   6     78   7     79   1     80   1     82   7     83   7     84   7     85   1     86   3     87   2     88   7     89   3     90   7     91   6     93   2     94   2     95   2     96   1     97   5     98   2     99   7     101   6     102   1     104   5     106   3     107   7     108   1     109   3     110   1     111   4     113   5     114   3     115   3     116   1     117   7     118   3     119   6     120   7     121   1     122   2     123   5     124   1     125   4     126   1     127   4     128   6     129   1     130   7     131   2     132   7     133   7     134   6     135   3     136   6     138   4     139   3     140   1     141   1     142   3     143   2     144   2     145   6     146   7     147   6     150   3     151   7     152   5     154   2     155   1     156   2     157   1     158   3     159   4     160   4     162   5     163   6     164   3     165   7     166   4     167   1     168   1     169   5     170   1     171   6     172   6     173   5     174   2     175   2     176   6     177   4     178   5     179   2     180   1     181   5     182   1     183   4     184   3     185   1     186   3     188   4     189   6     190   3     191   2     192   4     193   7     194   6     196   5     197   1     198   6     199   7     200   7     201   4     203   1     204   5     205   1     206   2     208   5     211   2     212   3     213   4     215   5     216   3     217   4     218   7     220   6     221   2     222   3     223   1     224   2     225   1     226   2     227   1     228   6     229   1     230   2     231   2     232   5     233   5     234   4     236   2     237   4     238   5     239   3     240   3     241   5     243   4     244   1     245   2     246   3     247   1     248   1     249   5     251   3     252   7     253   7     254   2     255   2     256   1     257   6     258   3     259   6     260   1     261   2     262   7     263   6     264   2     265   1     266   3     267   4     268   7     269   7     270   6     271   1     272   3     273   6     274   1     275   1     276   1     277   5     278   4     280   4     282   5     284   1     286   7     288   4     289   5     290   4     291   5     292   2     293   6     294   1     295   6     296   4     297   7     299   3     300   7     301   4     302   7     303   3     304   2     306   3     307   1     308   2     309   3     310   1     311   1     312   7     313   3     314   5     317   5     318   3     319   5     320   6     321   7     322   7     323   6     324   5     326   1     327   6     328   5     329   5     330   5     331   3     333   7     335   6     337   7     338   4     339   7     340   1     341   4     342   2     343   3     344   7   
65   247  65   1     69   1     71   5     72   4     73   1     74   7     75   7     76   3     77   1     78   5     80   2     81   3     82   2     83   6     84   7     85   1     86   4     87   3     88   3     89   3     90   5     91   6     92   4     94   4     95   7     96   5     97   2     98   2     99   7     100   2     103   6     104   7     107   5     108   5     109   3     110   7     111   5     112   6     113   3     114   3     115   2     116   6     117   3     118   6     119   3     120   6     121   4     122   6     123   3     124   1     125   6     126   5     127   5     128   1     129   3     130   7     131   6     133   4     135   5     136   7     137   6     138   6     139   5     140   5     141   2     143   6     144   2     145   7     146   3     147   7     148   3     149   7     150   7     151   5     152   4     153   2     154   5     155   2     156   6     157   7     158   7     159   4     160   7     161   7     162   4     163   5     164   5     165   2     166   5     167   3     168   7     169   5     170   6     171   2     172   7     173   7     175   3     176   4     178   7     179   2     180   5     182   6     183   3     184   4     185   2     186   4     187   2     188   1     189   4     190   5     191   7     192   3     193   1     194   1     195   6     196   1     197   7     198   1     200   4     201   3     202   5     203   6     204   5     206   5     207   1     209   7     211   3     212   3     213   1     214   1     216   6     217   5     218   6     219   5     220   7     221   2     222   4     223   7     225   5     226   4     227   1     229   5     230   2     231   1     232   4     233   5     234   7     235   1     236   5     237   3     238   3     239   7     240   4     241   7     242   7     243   1     244   1     245   3     246   6     247   5     249   3     250   5     251   6     252   7     253   7     254   7     255   5     258   2     259   3     260   7     261   7     262   2     263   1     264   4     265   2     266   3     267   1     268   6     269   6     270   5     271   6     272   2     273   3     275   2     276   5     277   5     279   4     280   3     282   5     283   5     285   3     286   2     287   6     288   3     289   2     290   5     291   7     292   5     293   1     294   3     295   5     296   6     297   5     298   5     299   4     300   1     301   2     302   5     303   3     304   2     305   3     306   5     307   1     308   5     309   1     310   7     311   1     312   6     313   6     314   6     315   4     316   6     317   4     318   4     319   3     320   5     321   1     322   4     323   4     324   4     325   4     326   1     327   1     329   6     330   4     331   2     332   6     334   3     335   5     336   7     337   3     338   5     339   3     340   2     341   3     342   5     344   7   
66   238  66   1     69   5     71   2     72   5     73   6     74   3     77   5     78   1     79   3     80   5     82   5     83   1     86   6     87   3     88   4     90   7     91   5     92   5     93   1     95   1     96   7     97   2     98   3     99   1     100   2     101   5     102   4     104   2     105   2     106   4     107   3     108   2     109   4     110   4     111   2     112   2     113   6     114   5     115   4     117   7     118   7     119   1     120   5     121   7     122   4     123   1     124   5     125   7     126   1     127   2     128   6     129   6     130   3     131   4     132   5     133   2     134   1     135   1     136   1     137   3     138   4     139   1     140   7     141   3     142   2     143   7     144   4     145   3     146   6     147   2     148   3     150   4     151   7     152   5     153   5     154   1     155   7     156   1     157   3     159   7     161   7     162   4     163   6     164   3     165   4     166   4     167   2     169   4     170   6     172   6     174   3     176   5     177   4     178   1     179   1     181   7     182   3     184   4     185   5     187   3     188   7     189   6     190   3     192   1     193   4     194   5     195   1     196   1     197   7     199   4     200   2     201   5     202   5     203   6     204   6     205   2     206   3     207   4     208   2     209   5     210   7     211   7     212   2     213   7     215   2     216   3     217   5     218   2     219   3     220   4     221   7     222   6     223   3     224   2     225   6     226   4     227   2     228   5     229   7     230   2     231   7     232   4     233   2     234   1     235   6     237   3     238   5     239   3     240   1     241   6     242   4     243   3     244   7     246   2     247   2     248   7     249   6     250   2     251   4     252   7     253   1     255   6     257   6     258   7     259   1     260   5     261   6     262   7     263   7     265   5     266   5     267   2     268   5     269   6     270   1     271   5     272   5     273   7     274   3     275   4     276   7     277   6     278   2     279   6     280   3     282   6     283   5     284   2     285   2     286   4     288   3     290   7     291   7     292   2     293   6     294   3     295   6     296   6     297   4     298   2     300   5     301   1     302   6     306   3     307   5     308   7     309   2     310   7     311   2     312   2     313   7     314   1     316   3     317   4     318   2     320   4     321   2     322   7     323   3     324   1     325   1     326   1     327   2     329   2     330   6     331   3     332   6     333   7     334   5     335   2     336   7     337   4     338   3     339   6     340   5     341   4     343   3     344   4   
67   246  67   1     69   2     70   1     73   7     74   5     75   4     76   1     77   5     78   1     79   1     80   5     81   3     82   7     83   4     84   7     85   2     86   2     87   1     88   7     89   2     90   6     91   4     92   2     93   1     94   6     95   7     96   7     98   5     99   5     100   7     101   1     102   3     103   5     104   3     105   5     106   7     109   2     110   1     111   4     112   2     113   4     114   3     115   2     116   7     117   1     118   2     119   6     120   5     121   3     122   7     123   7     124   6     125   6     127   7     128   7     129   2     130   1     131   3     132   6     133   3     134   6     135   4     136   2     137   1     138   1     139   5     140   2     141   2     142   5     143   2     144   1     145   3     146   2     147   3     148   7     149   4     150   1     151   5     152   2     153   5     154   2     155   6     156   7     157   7     158   7     160   2     161   1     162   2     163   6     164   5     165   5     166   5     167   5     168   1     169   3     170   5     171   3     172   2     173   2     174   3     176   7     178   7     179   2     180   4     181   4     182   2     183   5     184   2     186   7     187   3     188   6     189   1     190   1     191   6     192   6     193   2     194   6     195   1     196   2     197   6     198   4     199   5     201   6     203   5     204   1     205   5     206   5     208   1     209   3     210   3     211   1     213   7     214   3     215   5     216   2     217   3     218   3     220   1     221   2     222   5     223   5     224   5     225   6     226   2     227   3     228   5     229   1     230   4     231   1     232   1     233   4     234   4     238   5     239   2     240   6     241   3     242   7     243   4     244   2     245   7     246   2     247   7     248   5     249   5     251   6     252   3     253   1     254   6     256   3     258   3     259   7     261   5     262   3     263   6     264   5     265   6     267   4     269   2     271   5     273   2     274   2     275   7     276   5     277   7     278   3     279   7     281   7     282   1     283   7     284   2     285   7     286   7     287   4     288   3     289   2     290   5     291   1     292   3     293   1     294   1     295   3     296   3     298   5     299   7     300   2     301   4     302   5     303   5     304   7     305   7     306   6     307   7     308   1     309   7     310   5     311   1     312   2     313   6     314   5     315   3     316   4     318   7     320   6     321   1     322   3     323   7     324   4     326   1     327   5     328   5     329   5     330   1     331   5     332   2     333   3     334   4     335   6     336   1     337   6     338   2     339   2     340   3     341   7     342   1     343   7     344   2   
68   243  68   1     69   5     70   5     71   2     72   1     73   2     74   1     75   5     77   6     78   3     80   4     82   4     83   7     84   3     85   1     86   3     87   7     88   5     89   4     90   7     91   7     92   5     93   6     94   5     95   6     96   2     97   6     98   4     100   6     101   1     102   1     103   7     105   7     106   4     107   7     108   1     109   6     110   1     111   2     112   2     113   1     114   1     115   7     116   2     117   7     118   4     119   3     120   1     121   2     122   1     123   3     124   2     125   4     126   4     127   2     128   7     129   1     130   4     131   1     132   1     134   1     135   6     136   6     137   6     138   4     139   7     140   3     141   6     143   3     144   3     145   3     146   6     147   1     148   3     149   2     150   7     151   5     152   7     154   2     155   5     156   6     157   4     159   5     160   5     161   2     162   7     163   2     164   1     165   4     166   2     167   1     168   1     169   7     170   7     171   7     172   5     173   4     176   1     177   1     179   7     180   4     181   7     182   5     183   1     184   5     185   4     186   4     187   6     188   6     189   4     190   2     191   1     192   4     193   5     194   4     196   7     197   6     198   4     199   1     200   4     201   5     202   1     203   5     204   4     205   3     206   7     207   1     208   1     210   4     211   1     213   7     215   7     216   4     217   6     218   7     220   2     221   6     222   3     223   7     224   4     225   7     226   4     227   5     228   2     229   4     230   5     231   1     232   6     233   1     234   3     235   6     236   2     237   5     238   3     239   2     241   3     242   1     243   2     249   5     250   7     251   2     252   5     253   2     254   3     255   2     256   2     257   6     258   1     259   4     260   4     261   5     262   1     263   4     264   4     265   1     266   7     267   7     269   6     270   4     272   3     273   7     274   7     276   6     277   2     278   5     279   6     280   1     281   6     283   1     284   5     285   7     286   5     287   2     288   5     289   6     290   6     291   4     292   7     294   1     295   3     296   6     297   6     298   5     299   1     300   6     301   6     302   2     303   2     304   3     305   3     306   2     308   6     309   7     311   3     312   6     313   6     314   1     315   1     316   7     317   4     318   2     319   5     321   3     322   6     323   6     324   5     325   1     326   2     328   6     330   5     331   6     332   3     333   2     334   2     335   3     336   4     338   3     339   7     340   4     341   2     342   2     343   7     344   6   
