row_number
76
col_number
361
rank
76
ary
8
*****1's_location/per_row****
0   19  0   2     19   3     38   5     57   5     76   3     95   1     114   5     133   3     152   4     171   3     190   1     209   6     228   2     247   4     266   3     285   5     304   1     323   3     342   4   
1   19  1   7     20   4     39   5     58   1     77   5     96   6     115   6     134   6     153   3     172   5     191   1     210   6     229   5     248   3     267   4     286   3     305   1     324   1     343   2   
2   19  2   6     21   7     40   3     59   2     78   5     97   7     116   3     135   3     154   7     173   5     192   1     211   5     230   6     249   3     268   4     287   7     306   7     325   6     344   2   
3   19  3   4     22   6     41   6     60   2     79   4     98   4     117   5     136   1     155   3     174   1     193   7     212   1     231   7     250   7     269   3     288   6     307   5     326   3     345   5   
4   19  4   3     23   7     42   3     61   7     80   4     99   5     118   2     137   6     156   2     175   2     194   7     213   1     232   4     251   2     270   2     289   7     308   5     327   1     346   2   
5   19  5   6     24   6     43   1     62   4     81   4     100   6     119   3     138   3     157   2     176   6     195   7     214   5     233   6     252   5     271   5     290   5     309   1     328   6     347   1   
6   19  6   1     25   6     44   5     63   4     82   6     101   4     120   7     139   1     158   3     177   2     196   1     215   4     234   6     253   4     272   2     291   2     310   5     329   2     348   1   
7   19  7   6     26   7     45   2     64   1     83   2     102   6     121   7     140   2     159   5     178   5     197   7     216   1     235   5     254   5     273   5     292   1     311   7     330   2     349   6   
8   19  8   7     27   2     46   2     65   4     84   3     103   1     122   6     141   4     160   5     179   6     198   1     217   1     236   4     255   2     274   3     293   7     312   6     331   2     350   5   
9   19  9   1     28   2     47   5     66   7     85   5     104   3     123   2     142   4     161   2     180   5     199   2     218   1     237   5     256   2     275   6     294   4     313   3     332   7     351   3   
10   19  10   6     29   6     48   2     67   6     86   2     105   4     124   3     143   6     162   2     181   5     200   5     219   1     238   3     257   1     276   4     295   1     314   1     333   1     352   6   
11   19  11   7     30   2     49   1     68   1     87   1     106   3     125   2     144   4     163   2     182   2     201   7     220   4     239   4     258   5     277   2     296   5     315   3     334   1     353   7   
12   19  12   7     31   3     50   5     69   3     88   5     107   5     126   4     145   4     164   3     183   7     202   4     221   2     240   1     259   2     278   7     297   2     316   3     335   4     354   7   
13   19  13   1     32   1     51   4     70   4     89   1     108   6     127   2     146   6     165   5     184   7     203   3     222   3     241   1     260   1     279   5     298   5     317   6     336   6     355   6   
14   19  14   2     33   5     52   1     71   7     90   7     109   6     128   1     147   7     166   5     185   7     204   6     223   5     242   2     261   3     280   7     299   6     318   5     337   1     356   5   
15   19  15   7     34   6     53   2     72   6     91   5     110   3     129   7     148   5     167   7     186   3     205   4     224   5     243   1     262   4     281   5     300   5     319   6     338   6     357   2   
16   19  16   1     35   1     54   5     73   1     92   4     111   6     130   1     149   7     168   2     187   3     206   4     225   5     244   1     263   5     282   6     301   6     320   1     339   7     358   2   
17   19  17   5     36   5     55   6     74   6     93   5     112   2     131   4     150   3     169   6     188   1     207   7     226   3     245   4     264   4     283   4     302   7     321   5     340   4     359   6   
18   19  18   5     37   4     56   2     75   7     94   1     113   7     132   5     151   4     170   6     189   2     208   1     227   1     246   7     265   4     284   5     303   7     322   7     341   6     360   5   
19   19  0   1     37   1     55   7     73   1     91   5     109   7     127   1     145   4     163   1     181   4     199   2     217   2     235   6     253   4     271   5     289   3     307   4     325   7     343   2   
20   19  1   4     19   7     56   6     74   4     92   4     110   5     128   1     146   3     164   2     182   7     200   1     218   6     236   6     254   3     272   6     290   5     308   7     326   4     344   7   
21   19  2   7     20   2     38   7     75   6     93   3     111   2     129   4     147   2     165   1     183   4     201   6     219   2     237   2     255   4     273   2     291   2     309   4     327   5     345   6   
22   19  3   4     21   1     39   4     57   6     94   1     112   3     130   5     148   1     166   2     184   3     202   5     220   5     238   5     256   1     274   4     292   7     310   3     328   4     346   5   
23   19  4   7     22   7     40   5     58   7     76   4     113   6     131   6     149   2     167   3     185   3     203   5     221   4     239   7     257   4     275   1     293   2     311   6     329   6     347   3   
24   19  5   4     23   2     41   2     59   1     77   1     95   1     132   4     150   5     168   4     186   1     204   3     222   2     240   6     258   2     276   2     294   6     312   1     330   4     348   6   
25   19  6   5     24   4     42   3     60   3     78   7     96   1     114   7     151   4     169   5     187   5     205   6     223   7     241   7     259   2     277   3     295   7     313   2     331   7     349   3   
26   19  7   5     25   3     43   3     61   1     79   2     97   2     115   7     133   5     170   5     188   6     206   7     224   3     242   1     260   3     278   7     296   3     314   2     332   2     350   1   
27   19  8   2     26   5     44   4     62   2     80   2     98   2     116   5     134   7     152   3     189   7     207   3     225   1     243   3     261   2     279   3     297   6     315   6     333   6     351   7   
28   19  9   5     27   1     45   3     63   6     81   2     99   7     117   7     135   1     153   4     171   1     208   4     226   2     244   4     262   1     280   7     298   1     316   6     334   6     352   3   
29   19  10   3     28   5     46   5     64   5     82   5     100   3     118   3     136   7     154   7     172   4     190   6     227   4     245   6     263   1     281   4     299   2     317   7     335   7     353   6   
30   19  11   6     29   1     47   1     65   5     83   6     101   1     119   6     137   3     155   1     173   1     191   2     209   2     246   4     264   3     282   2     300   7     318   5     336   3     354   3   
31   19  12   7     30   1     48   3     66   2     84   2     102   4     120   1     138   1     156   3     174   1     192   2     210   4     228   4     265   4     283   2     301   4     319   5     337   6     355   5   
32   19  13   4     31   4     49   7     67   7     85   1     103   5     121   5     139   3     157   5     175   3     193   2     211   6     229   4     247   7     284   7     302   3     320   2     338   1     356   6   
33   19  14   1     32   7     50   7     68   4     86   2     104   6     122   1     140   6     158   5     176   2     194   1     212   1     230   1     248   1     266   1     303   4     321   5     339   6     357   1   
34   19  15   5     33   6     51   5     69   5     87   4     105   7     123   6     141   2     159   3     177   1     195   7     213   7     231   6     249   7     267   4     285   2     322   2     340   5     358   4   
35   19  16   4     34   6     52   2     70   4     88   2     106   4     124   6     142   6     160   6     178   1     196   3     214   2     232   3     250   2     268   1     286   2     304   3     341   6     359   4   
36   19  17   1     35   7     53   5     71   3     89   4     107   4     125   1     143   6     161   1     179   2     197   5     215   7     233   3     251   3     269   5     287   6     305   1     323   4     360   5   
37   19  18   2     36   7     54   6     72   5     90   7     108   4     126   5     144   3     162   2     180   1     198   2     216   5     234   6     252   7     270   6     288   3     306   6     324   1     342   2   
38   19  0   1     36   4     53   1     70   6     87   7     104   3     121   2     138   1     155   2     172   1     208   7     225   3     242   3     259   4     276   7     293   3     310   3     327   4     344   5   
39   19  1   7     37   3     54   4     71   3     88   7     105   4     122   5     139   2     156   7     173   5     190   3     226   2     243   3     260   4     277   4     294   7     311   2     328   6     345   7   
40   19  2   7     19   6     55   6     72   5     89   1     106   1     123   7     140   4     157   4     174   4     191   6     227   1     244   4     261   5     278   2     295   4     312   1     329   6     346   4   
41   19  3   4     20   7     56   3     73   7     90   4     107   7     124   6     141   1     158   4     175   7     192   2     209   1     245   1     262   3     279   6     296   4     313   4     330   7     347   7   
42   19  4   7     21   3     38   4     74   3     91   7     108   6     125   5     142   2     159   3     176   4     193   5     210   6     246   6     263   2     280   7     297   6     314   6     331   4     348   5   
43   19  5   5     22   7     39   5     75   3     92   2     109   7     126   4     143   6     160   5     177   5     194   3     211   2     228   7     264   7     281   2     298   3     315   5     332   5     349   1   
44   19  6   3     23   1     40   3     57   5     93   1     110   5     127   4     144   1     161   6     178   2     195   3     212   2     229   6     265   4     282   5     299   3     316   6     333   7     350   7   
45   19  7   4     24   5     41   4     58   5     94   1     111   2     128   4     145   3     162   4     179   1     196   4     213   4     230   6     247   4     283   5     300   6     317   6     334   1     351   5   
46   19  8   7     25   2     42   6     59   1     76   3     112   1     129   3     146   1     163   5     180   1     197   4     214   1     231   7     248   1     284   6     301   5     318   3     335   6     352   2   
47   19  9   2     26   2     43   2     60   1     77   4     113   4     130   6     147   1     164   7     181   6     198   4     215   3     232   2     249   5     266   2     302   4     319   6     336   7     353   7   
48   19  10   6     27   1     44   7     61   5     78   3     95   6     131   6     148   2     165   1     182   2     199   6     216   6     233   3     250   5     267   4     303   1     320   2     337   7     354   7   
49   19  11   2     28   7     45   2     62   4     79   4     96   2     132   2     149   4     166   5     183   7     200   6     217   7     234   4     251   2     268   2     285   1     321   2     338   7     355   6   
50   19  12   1     29   5     46   1     63   6     80   4     97   4     114   5     150   3     167   5     184   5     201   6     218   2     235   1     252   3     269   7     286   6     322   2     339   7     356   5   
51   19  13   1     30   5     47   3     64   1     81   1     98   2     115   4     151   4     168   4     185   6     202   2     219   6     236   4     253   2     270   1     287   7     304   1     340   5     357   5   
52   19  14   5     31   6     48   4     65   5     82   5     99   2     116   2     133   2     169   7     186   2     203   7     220   4     237   3     254   4     271   1     288   4     305   5     341   4     358   6   
53   19  15   1     32   4     49   2     66   1     83   2     100   1     117   6     134   1     170   4     187   2     204   1     221   4     238   2     255   4     272   4     289   6     306   6     323   5     359   3   
54   19  16   3     33   1     50   2     67   7     84   5     101   3     118   2     135   3     152   2     188   3     205   6     222   2     239   1     256   5     273   7     290   4     307   6     324   2     360   1   
55   19  17   4     34   7     51   2     68   2     85   3     102   5     119   7     136   3     153   3     189   3     206   6     223   2     240   1     257   4     274   6     291   4     308   7     325   4     342   7   
56   19  18   3     35   6     52   5     69   7     86   6     103   5     120   6     137   3     154   1     171   4     207   5     224   7     241   3     258   3     275   4     292   6     309   2     326   3     343   4   
57   19  0   5     35   7     51   4     67   5     83   4     99   5     115   4     150   4     166   3     182   6     198   4     214   7     230   4     265   1     281   4     297   6     313   5     329   1     345   4   
58   19  1   6     36   3     52   6     68   5     84   7     100   4     116   7     151   4     167   2     183   1     199   5     215   6     231   4     247   1     282   1     298   4     314   5     330   7     346   1   
59   19  2   5     37   2     53   4     69   5     85   7     101   4     117   4     133   1     168   1     184   3     200   2     216   1     232   7     248   4     283   1     299   7     315   2     331   3     347   5   
60   19  3   2     19   7     54   6     70   1     86   7     102   3     118   4     134   3     169   7     185   5     201   1     217   7     233   2     249   7     284   3     300   7     316   4     332   3     348   6   
61   19  4   4     20   6     55   6     71   2     87   4     103   5     119   1     135   1     170   3     186   3     202   6     218   3     234   4     250   7     266   3     301   2     317   3     333   3     349   3   
62   19  5   1     21   7     56   3     72   2     88   2     104   5     120   2     136   6     152   6     187   4     203   3     219   4     235   3     251   2     267   4     302   3     318   4     334   3     350   7   
63   19  6   5     22   3     38   4     73   7     89   6     105   4     121   7     137   5     153   2     188   5     204   4     220   4     236   2     252   2     268   7     303   6     319   6     335   3     351   2   
64   19  7   1     23   3     39   6     74   3     90   1     106   7     122   4     138   1     154   3     189   1     205   3     221   6     237   6     253   4     269   3     285   1     320   4     336   6     352   5   
65   19  8   5     24   7     40   1     75   6     91   5     107   6     123   3     139   3     155   4     171   7     206   7     222   4     238   1     254   4     270   4     286   1     321   1     337   2     353   1   
66   19  9   5     25   4     41   5     57   5     92   6     108   5     124   7     140   3     156   6     172   1     207   1     223   7     239   1     255   1     271   2     287   7     322   2     338   1     354   6   
67   19  10   6     26   2     42   5     58   2     93   5     109   4     125   1     141   3     157   4     173   4     208   6     224   2     240   3     256   6     272   6     288   1     304   1     339   7     355   3   
68   19  11   5     27   4     43   5     59   7     94   4     110   7     126   2     142   5     158   5     174   3     190   3     225   5     241   3     257   7     273   3     289   7     305   2     340   3     356   5   
69   19  12   5     28   6     44   7     60   7     76   4     111   3     127   4     143   3     159   6     175   2     191   3     226   6     242   2     258   3     274   2     290   5     306   3     341   5     357   5   
70   19  13   4     29   2     45   6     61   3     77   7     112   4     128   3     144   3     160   4     176   5     192   5     227   4     243   4     259   2     275   1     291   7     307   6     323   1     358   1   
71   19  14   7     30   5     46   6     62   2     78   5     113   3     129   6     145   5     161   3     177   4     193   7     209   1     244   2     260   6     276   6     292   1     308   2     324   6     359   6   
72   19  15   6     31   7     47   5     63   6     79   1     95   1     130   5     146   4     162   6     178   4     194   3     210   6     245   2     261   3     277   1     293   6     309   7     325   4     360   3   
73   19  16   4     32   6     48   4     64   5     80   6     96   7     131   7     147   7     163   5     179   3     195   5     211   7     246   6     262   5     278   4     294   4     310   2     326   4     342   7   
74   19  17   1     33   5     49   3     65   4     81   6     97   3     132   4     148   1     164   5     180   1     196   4     212   4     228   5     263   4     279   3     295   1     311   6     327   7     343   3   
75   19  18   7     34   6     50   3     66   3     82   6     98   4     114   7     149   7     165   3     181   3     197   5     213   2     229   7     264   7     280   2     296   2     312   6     328   3     344   4   
*****1's_location/per_col****
0   253  0   1     76   2     77   6     78   3     79   1     80   1     81   5     82   3     83   3     84   4     85   3     86   6     87   7     88   2     89   4     90   3     91   7     92   1     93   4     94   3     95   2     96   4     97   5     98   3     99   6     100   1     101   3     103   6     104   7     106   1     107   4     108   1     109   7     111   3     112   6     113   1     117   4     118   5     119   6     120   4     123   2     124   6     125   7     126   5     127   4     128   3     129   5     130   7     131   4     132   2     133   2     134   6     135   4     136   4     137   1     138   2     139   5     140   2     141   1     142   5     143   6     144   6     145   5     146   4     147   4     148   2     149   6     151   4     153   6     154   4     155   7     156   6     157   2     158   2     159   3     160   1     161   4     162   2     163   5     164   5     165   5     167   3     168   3     170   6     171   4     172   7     173   4     174   2     175   7     176   4     177   4     179   6     181   4     182   2     183   5     184   4     185   6     186   7     187   7     188   2     189   4     190   7     191   7     192   4     193   5     194   5     195   4     196   1     197   6     199   7     200   7     201   7     202   4     203   3     204   2     205   2     206   6     207   3     208   6     209   4     210   4     211   5     212   1     213   6     214   1     215   1     216   3     217   5     219   6     220   7     221   6     222   5     223   3     224   7     225   3     226   2     228   2     229   5     230   7     231   5     232   2     233   3     234   2     235   3     236   6     237   7     238   7     239   2     240   2     241   5     242   5     244   1     245   7     246   5     247   6     248   6     249   3     250   4     251   4     252   4     253   5     254   4     255   3     256   1     257   7     258   1     259   2     261   1     262   1     263   6     264   4     265   2     266   2     267   5     268   6     269   7     270   1     271   2     274   6     276   2     277   4     278   2     279   6     281   6     282   1     283   3     284   4     286   4     288   1     289   1     290   7     291   7     292   2     293   3     294   6     295   3     296   3     297   3     298   6     299   2     300   7     301   6     302   5     304   6     305   3     306   7     307   3     308   6     309   2     310   7     311   6     312   3     314   7     316   4     317   2     318   3     320   4     321   7     323   3     324   7     325   5     326   2     328   7     329   3     330   7     331   5     332   3     333   7     335   4     336   6     338   2     339   1     340   4     341   5     342   1     343   7     344   6     345   5     346   4     347   3     348   5     349   7     350   4     351   7     352   4     353   1     354   5     355   2     356   6     357   5     358   5     359   3     360   3   
1   247  1   1     76   6     77   4     78   6     79   6     80   5     81   5     83   5     84   2     85   5     86   4     87   1     89   2     92   2     93   7     94   2     95   7     96   3     98   6     99   7     100   2     102   5     103   1     104   7     106   7     107   2     108   2     109   1     110   1     111   1     113   7     114   4     115   5     116   6     117   4     118   1     119   4     120   4     121   4     122   4     123   5     124   5     125   5     126   7     127   7     129   3     130   2     131   2     132   1     133   7     134   4     135   6     136   7     137   2     138   4     139   7     140   1     141   3     142   3     143   3     144   1     145   7     146   4     147   3     148   6     149   4     150   6     152   2     153   4     154   2     155   1     156   6     157   3     158   7     159   7     160   4     161   6     162   3     163   3     165   1     166   2     167   2     168   1     169   7     170   7     171   6     173   4     174   3     175   4     176   5     178   5     179   6     180   4     181   4     182   4     183   1     185   7     186   1     188   6     189   2     190   6     191   3     193   2     194   5     195   6     196   2     197   4     200   5     201   7     203   6     204   5     206   2     207   2     209   7     210   1     211   5     212   7     214   1     215   7     216   4     217   2     218   7     220   4     221   3     222   3     223   3     224   3     225   3     226   7     227   3     228   1     229   5     230   5     232   2     233   4     234   5     235   6     236   6     237   6     238   6     239   1     240   1     241   2     242   5     243   5     244   6     245   3     246   7     248   7     249   6     250   7     251   1     252   1     253   7     254   4     255   6     257   2     258   7     259   5     260   5     261   1     262   7     263   1     264   7     265   7     266   1     267   7     268   7     270   6     271   2     272   3     273   5     275   7     276   7     277   1     279   5     280   7     282   6     283   3     284   2     285   4     286   2     287   2     288   1     289   6     290   5     292   1     293   6     294   3     295   5     296   2     297   6     298   7     299   3     300   2     301   5     302   4     303   5     304   2     305   1     306   7     307   1     308   6     309   2     310   4     311   7     312   1     313   6     314   2     315   4     316   2     317   7     319   2     320   5     321   2     323   4     324   3     325   7     326   7     327   1     328   4     329   4     330   4     331   3     332   4     333   3     334   1     335   6     336   7     339   1     341   4     342   2     343   3     344   6     345   4     346   3     347   6     348   6     349   2     350   1     353   6     354   1     355   2     356   5     357   4     358   5     359   2   
2   252  2   1     76   6     77   1     78   5     80   1     82   6     83   5     84   6     85   2     86   6     87   3     89   5     90   2     91   1     92   1     93   7     94   1     95   2     96   2     97   2     98   1     99   5     100   5     101   7     102   7     103   5     104   5     105   3     106   3     107   4     108   3     109   1     110   6     111   3     112   4     113   1     114   7     115   5     116   6     117   7     118   2     119   7     120   6     121   3     122   6     123   3     124   3     126   2     127   3     128   5     129   6     130   7     131   6     132   5     134   2     135   5     137   6     138   2     139   2     140   5     141   3     143   2     144   7     145   4     146   7     147   2     148   1     149   4     150   7     151   5     152   4     153   2     154   7     155   4     157   1     158   4     159   3     160   3     161   1     162   7     163   7     164   4     165   2     166   3     167   3     168   2     169   6     170   4     171   7     172   7     173   3     174   1     175   6     176   4     177   3     178   3     179   3     180   5     181   7     182   4     183   6     184   4     185   3     186   4     187   5     191   1     192   1     193   7     194   6     196   1     197   2     199   2     200   6     201   3     202   2     203   4     204   7     205   5     206   6     207   3     208   1     209   4     210   5     211   4     212   6     214   3     215   2     216   2     218   1     219   6     220   1     221   7     222   1     223   5     224   5     225   4     226   5     227   4     229   3     230   5     231   5     232   4     233   4     234   1     235   6     236   3     237   6     239   1     240   3     241   1     243   6     244   1     246   1     248   1     249   1     250   3     251   5     252   4     254   4     255   5     256   4     257   1     258   6     259   3     260   5     261   5     263   1     264   7     265   7     266   6     267   1     269   2     270   1     272   6     273   7     274   2     276   4     277   1     278   2     279   6     281   6     282   1     284   7     285   2     286   7     287   1     288   4     289   1     290   1     291   3     292   4     293   4     294   4     296   2     297   7     298   4     299   6     300   6     301   3     302   2     303   5     304   6     305   6     306   4     307   1     308   3     309   3     310   1     312   7     313   1     314   4     315   6     316   5     317   5     318   4     319   5     320   2     321   4     322   6     323   2     324   1     325   4     326   5     327   2     328   1     329   2     331   5     332   2     333   1     334   4     335   7     336   3     337   1     338   5     339   7     340   5     342   2     343   2     344   7     345   2     347   7     349   4     350   7     351   3     352   1     353   4     354   7     355   3     356   2     357   3     359   2     360   2   
3   256  3   1     76   2     77   6     78   7     79   4     80   2     81   3     82   6     84   2     85   7     86   3     87   1     88   4     89   5     90   3     91   6     92   5     93   3     94   6     95   6     96   7     98   4     99   4     100   5     102   3     103   7     104   6     105   6     106   2     107   4     108   1     109   6     110   4     111   5     112   1     113   1     114   6     115   2     116   4     117   3     119   2     120   1     121   7     122   5     123   3     124   7     125   4     127   5     128   4     129   7     130   7     131   4     132   4     133   5     134   6     135   4     136   4     137   3     138   5     139   7     141   3     142   5     143   1     145   6     146   4     148   4     149   1     150   7     151   1     153   7     154   6     156   6     157   6     158   6     159   4     160   2     161   6     162   1     163   5     164   5     165   6     166   6     167   7     169   1     171   3     172   1     173   1     174   5     176   5     177   2     178   2     179   3     180   3     181   2     182   2     183   2     184   7     185   5     186   1     188   3     189   4     190   3     191   6     192   7     195   2     196   1     198   5     199   5     201   4     202   5     203   7     204   5     205   4     208   3     209   1     210   2     211   6     213   3     214   1     215   1     216   2     217   2     218   3     219   4     220   4     221   7     222   3     223   4     225   7     226   1     228   2     229   2     230   1     231   5     232   6     235   3     236   6     237   3     238   2     239   1     240   3     241   7     242   1     244   4     245   1     246   6     247   5     248   2     249   4     250   2     251   1     252   7     253   3     254   1     255   5     256   5     257   7     258   5     259   2     260   5     261   3     262   3     263   4     264   4     266   2     267   7     268   4     269   3     270   1     271   6     272   7     273   2     274   2     276   7     277   2     279   5     280   5     281   3     282   2     283   1     284   2     285   6     286   2     287   5     288   5     289   1     290   5     291   1     292   7     293   6     294   4     296   5     297   4     298   4     299   4     300   7     301   5     302   5     303   5     304   1     305   1     306   4     307   5     308   2     309   2     310   3     311   4     312   2     313   2     314   5     315   5     316   4     317   7     318   5     319   6     320   3     321   6     322   3     323   6     324   7     325   4     326   1     327   3     328   3     329   7     330   1     331   7     332   6     333   7     334   2     335   1     336   4     337   1     338   1     339   2     340   4     341   4     342   3     343   4     344   1     345   1     346   6     347   6     348   5     349   1     350   6     351   4     352   3     353   4     354   3     355   1     356   7     357   5     358   1     359   1     360   4   
4   250  4   1     76   2     77   3     78   7     79   1     80   5     82   2     84   1     85   1     86   1     87   5     88   4     89   3     90   2     91   3     92   5     94   1     95   7     96   2     97   6     98   5     99   5     100   7     101   4     102   4     103   2     104   3     105   3     106   3     107   7     108   3     110   5     111   4     112   2     113   1     114   4     115   6     116   1     118   7     119   3     120   7     121   3     122   1     123   2     125   6     126   5     127   3     128   1     130   6     131   4     132   3     133   6     134   5     135   3     136   2     137   3     138   2     139   5     140   2     141   3     142   5     143   2     144   3     145   4     146   6     147   7     148   5     149   2     150   1     151   2     152   6     154   5     155   3     156   5     157   4     159   5     160   4     161   4     162   5     163   1     164   7     165   7     166   5     167   3     168   7     170   5     171   5     172   4     175   3     176   6     178   7     179   2     181   3     182   7     183   3     184   2     185   5     186   1     187   2     188   1     189   4     190   1     191   1     193   2     194   3     195   6     197   1     198   7     199   2     200   3     201   1     202   7     203   5     204   2     205   2     207   3     208   5     209   2     210   4     211   7     212   4     214   4     215   1     216   7     217   5     218   1     219   2     220   7     221   1     222   2     223   5     224   6     225   6     226   1     227   5     229   1     231   1     232   3     233   4     234   2     235   4     236   3     237   5     238   7     239   2     240   7     242   4     243   7     244   3     245   7     247   4     248   7     249   5     250   7     251   4     252   3     253   3     254   5     255   7     256   7     257   3     258   2     259   6     260   5     261   4     262   4     263   7     264   2     265   7     266   2     267   1     268   5     270   6     271   4     272   4     273   1     274   3     275   7     276   6     277   3     278   7     279   7     280   3     281   4     282   6     283   3     284   3     285   6     286   4     287   7     289   7     290   6     291   5     292   2     294   6     295   7     296   6     297   6     298   2     299   5     300   6     301   2     304   4     305   4     307   4     308   1     309   2     310   5     311   4     312   1     313   1     314   5     315   2     316   5     317   2     318   4     319   3     320   7     321   1     323   4     324   2     325   6     326   2     327   7     328   5     329   3     330   6     331   6     332   6     333   2     335   6     336   1     337   1     338   3     339   5     340   3     341   5     342   2     344   4     346   6     348   1     349   3     350   7     351   4     352   5     353   7     354   4     355   4     356   1     357   4   
5   256  5   1     76   2     77   2     78   6     81   1     82   2     83   6     84   3     85   5     86   2     87   2     88   7     89   4     91   6     92   3     93   3     94   6     95   6     96   2     97   7     98   5     99   5     101   1     102   7     104   4     105   5     106   5     107   7     108   4     109   4     110   6     111   5     112   2     113   5     114   3     116   5     117   6     119   2     120   3     121   5     122   1     123   3     124   2     125   4     126   5     127   3     128   4     129   2     130   3     131   4     132   3     133   5     134   4     135   1     136   2     139   6     140   7     141   5     142   7     143   1     144   5     145   6     146   3     147   2     148   5     150   2     151   5     152   4     153   6     154   3     155   7     156   1     157   5     158   7     159   3     160   2     161   6     162   7     163   7     164   7     165   4     166   4     167   7     168   4     169   7     170   6     171   3     172   1     173   7     175   5     176   2     177   3     178   1     179   7     181   5     182   5     183   7     184   3     185   5     186   1     187   4     188   4     190   2     191   2     192   7     193   5     195   6     196   5     197   5     198   5     199   6     200   2     201   4     202   2     203   1     204   6     205   2     206   3     207   7     209   2     210   6     211   4     212   1     213   4     214   4     215   7     216   5     217   1     218   6     219   3     221   3     222   3     223   6     224   6     225   5     226   2     228   7     229   2     230   2     231   2     233   3     234   4     235   5     236   3     237   6     238   1     239   5     240   2     241   2     242   2     243   6     245   5     246   7     247   1     248   5     249   5     250   3     251   4     252   5     254   5     255   6     256   3     257   2     258   3     259   5     260   2     261   7     262   7     264   4     265   5     266   7     267   6     268   1     269   5     270   6     271   6     272   2     273   6     274   1     275   2     276   4     277   6     278   4     279   5     280   7     281   2     282   2     284   4     285   2     286   6     287   4     288   1     289   2     291   6     293   2     294   5     295   1     296   4     297   1     298   5     299   4     300   7     301   3     302   2     303   5     305   2     306   5     307   4     308   7     310   1     311   7     312   6     313   5     314   4     315   7     316   1     317   4     318   1     319   1     320   2     321   6     322   1     323   7     324   2     325   6     326   2     327   2     328   7     329   7     330   5     331   5     332   6     333   3     334   6     335   1     336   7     337   7     338   6     339   4     340   2     341   2     342   3     343   7     347   7     348   6     349   1     350   7     351   7     352   2     353   5     354   2     355   3     356   6     357   6     359   4     360   3   
6   252  6   1     76   6     77   6     78   5     80   6     81   4     82   7     83   6     84   6     85   6     86   7     87   2     88   5     90   7     91   5     92   1     93   4     94   3     95   7     96   3     97   4     99   2     100   2     101   7     102   3     103   4     104   5     105   2     106   4     107   3     108   1     109   4     110   1     112   2     113   2     114   4     115   5     116   5     117   6     118   7     119   1     120   1     121   6     122   1     124   1     125   3     126   1     127   7     128   2     129   7     130   4     131   6     133   5     134   6     135   7     137   3     138   5     139   6     140   3     141   2     142   2     143   7     146   6     147   5     148   1     149   4     150   7     151   5     152   2     153   5     154   7     155   4     156   3     157   5     158   7     161   4     162   6     163   3     165   1     166   6     168   3     169   6     170   6     171   6     172   4     173   1     176   5     177   3     178   3     179   3     180   6     181   3     182   4     183   6     184   7     185   1     186   6     187   5     188   1     189   3     190   7     191   3     193   2     194   4     195   3     197   5     198   5     199   5     200   3     201   2     203   5     204   2     205   4     206   3     207   6     209   1     210   7     211   5     212   1     213   4     214   1     215   1     216   1     217   1     218   2     219   5     221   2     222   3     223   6     224   7     226   6     227   3     228   7     229   5     232   5     233   6     234   6     235   7     236   6     238   4     239   4     240   3     241   1     242   1     243   4     244   2     245   1     246   5     247   1     248   1     249   4     250   3     251   6     252   4     253   4     254   4     255   5     256   6     257   3     259   2     260   2     261   6     262   5     263   2     264   7     265   5     266   1     267   6     268   4     269   7     270   6     272   2     273   2     274   2     275   7     276   5     277   4     278   2     279   3     280   3     281   4     282   7     283   2     284   6     285   4     286   1     287   5     288   1     289   7     290   5     291   5     292   4     293   1     294   4     295   4     297   4     298   6     300   3     301   3     302   5     303   3     304   3     305   4     306   2     307   6     308   4     309   6     310   7     311   5     312   1     314   6     315   1     316   1     317   6     318   2     319   7     320   4     321   7     322   1     323   6     324   5     326   3     327   5     328   4     329   2     330   2     331   6     332   3     334   2     335   1     336   7     337   4     339   1     340   1     341   3     342   7     343   1     344   6     345   7     346   4     348   4     349   6     350   3     351   7     352   1     353   2     354   1     355   1     357   7     358   1     359   2     360   7   
7   252  7   1     76   3     77   6     78   5     80   7     81   2     83   7     84   4     85   1     87   3     88   1     89   5     90   1     91   4     92   2     93   2     94   2     95   4     96   3     97   3     98   2     99   6     100   3     101   7     102   1     103   2     104   6     105   3     106   1     107   4     109   7     111   4     112   5     113   4     114   5     115   1     116   1     118   5     119   7     120   4     121   6     122   7     123   3     124   2     125   6     126   1     127   5     128   5     129   5     130   3     131   6     132   6     133   7     134   2     136   6     137   2     138   2     139   5     140   1     141   1     142   3     143   1     144   3     145   4     146   4     147   5     148   6     149   4     150   7     151   7     152   1     153   1     154   4     155   2     156   6     157   5     158   3     160   7     161   4     162   5     164   4     165   5     166   7     167   3     168   5     169   5     170   2     171   7     172   1     173   2     174   4     175   4     176   2     177   2     179   2     181   7     182   3     183   7     184   3     185   6     186   1     187   1     188   6     190   3     191   2     192   6     193   7     194   2     195   3     196   3     197   1     198   7     199   3     200   6     201   4     202   7     203   6     204   7     205   3     207   1     208   4     209   4     210   7     211   5     212   3     214   5     215   4     216   5     217   3     218   4     219   3     221   7     222   2     223   4     224   4     225   3     226   5     227   7     228   2     229   2     230   2     231   3     232   7     233   5     234   5     235   6     236   4     237   7     238   4     239   3     241   4     242   5     243   7     244   4     245   7     246   3     247   1     248   2     249   3     250   1     251   7     253   7     254   7     255   1     256   5     257   4     258   1     260   2     261   3     262   6     264   2     265   7     266   5     267   6     269   7     270   2     271   4     272   1     274   7     275   6     279   5     280   7     281   6     282   5     284   5     285   3     286   3     287   6     288   7     290   5     291   3     292   5     293   3     294   3     295   2     297   4     298   3     299   6     300   4     301   7     302   3     303   7     304   1     305   2     306   7     307   7     308   7     309   6     310   6     311   7     312   3     313   2     314   3     316   7     318   3     319   7     320   6     321   3     322   6     323   3     324   2     325   3     326   4     327   4     328   2     329   4     330   7     331   7     332   7     333   5     334   4     335   3     336   1     337   6     338   2     339   2     343   2     344   6     345   6     346   5     348   6     349   4     350   5     351   2     352   6     353   4     354   3     355   4     357   6     358   6     359   4     360   7   
8   254  8   1     76   1     77   4     78   1     80   3     81   1     82   3     84   6     85   7     86   4     87   1     88   6     89   4     90   4     92   3     96   6     97   1     98   2     99   2     100   7     101   6     102   7     103   5     104   5     105   5     106   5     107   1     109   7     110   2     111   7     112   2     113   7     115   5     116   7     117   2     118   1     119   2     120   4     121   3     122   2     124   7     125   1     127   2     129   1     130   5     131   6     132   6     133   7     134   7     135   3     136   1     137   7     138   1     139   6     140   1     141   5     142   4     143   1     144   4     145   2     146   6     149   4     150   3     151   3     152   6     153   2     154   7     155   4     156   1     157   3     158   5     159   5     160   1     161   7     162   2     163   1     165   7     166   7     167   1     168   4     170   2     171   3     172   5     173   4     174   4     175   5     177   3     180   1     181   6     182   4     183   3     184   3     185   7     186   3     187   7     188   1     189   5     190   7     191   3     192   5     195   2     196   6     197   3     198   2     199   6     200   3     201   5     202   3     203   2     204   2     205   7     208   1     209   4     210   3     211   7     212   5     213   4     214   6     215   7     216   1     217   5     218   7     219   3     220   4     221   6     222   6     223   6     224   6     225   3     226   1     227   3     228   5     229   4     230   3     231   4     232   5     233   6     234   2     236   4     237   6     238   4     239   5     240   7     241   5     242   2     243   3     244   4     245   6     246   3     247   7     248   2     249   6     250   7     252   2     253   2     254   5     255   4     256   6     257   5     259   2     260   4     261   4     262   5     263   7     264   5     265   1     266   1     267   2     268   4     269   5     270   7     271   1     272   6     273   2     274   5     275   1     276   7     277   7     278   3     280   2     281   6     282   3     284   3     285   5     286   3     287   6     288   2     289   6     290   3     291   4     293   2     294   1     295   4     296   6     297   2     298   1     299   2     300   7     301   5     302   7     303   7     304   7     305   1     306   4     307   2     308   4     309   4     310   1     311   4     312   1     314   2     315   3     316   3     317   7     318   5     319   5     320   1     321   3     322   2     323   1     324   2     325   2     326   4     327   6     328   6     329   2     330   2     331   2     332   6     333   3     334   6     335   7     336   2     337   7     338   4     339   7     340   1     341   4     342   6     343   4     344   5     345   6     347   5     348   3     349   3     350   4     351   2     352   3     354   2     355   3     356   5     357   6     358   4     359   2   
9   252  9   1     78   2     79   2     80   3     81   3     82   5     83   2     84   6     85   4     86   1     87   2     88   7     89   1     90   5     91   6     92   7     93   4     94   5     95   2     96   6     97   7     98   1     99   4     100   7     101   5     102   3     103   5     105   4     107   1     108   4     109   3     110   2     111   5     112   5     113   6     115   2     116   2     118   3     119   6     120   7     122   3     123   3     124   6     125   2     126   5     127   7     128   5     129   5     130   1     131   6     132   3     134   1     135   7     136   5     138   7     139   6     140   7     141   1     142   3     143   7     144   3     145   3     146   4     147   4     148   6     149   2     151   6     152   3     153   3     154   7     155   7     157   2     160   5     161   1     162   3     163   5     164   4     165   4     166   5     167   3     168   2     169   3     170   1     171   1     172   1     173   3     175   7     176   2     177   5     178   4     180   2     181   2     182   1     183   2     184   3     185   1     186   3     187   4     189   4     191   4     194   1     195   2     196   7     197   2     198   5     199   1     201   5     202   5     203   5     204   3     205   5     207   5     209   4     210   6     211   7     212   7     214   6     215   4     216   3     218   1     220   2     221   3     222   7     223   6     224   1     225   1     226   1     227   3     229   1     230   6     231   1     232   3     233   4     234   5     235   4     236   7     237   2     238   7     239   1     240   3     241   6     242   2     243   5     244   5     245   3     247   5     248   5     249   6     250   5     251   4     252   2     253   2     254   1     255   3     256   6     257   7     258   6     259   2     260   7     261   6     262   2     263   3     264   5     265   2     266   3     267   6     268   4     269   5     270   1     271   5     272   7     273   1     274   7     275   7     276   1     277   6     278   6     279   3     280   3     282   6     283   4     284   7     285   3     286   1     287   3     288   3     289   2     290   4     291   2     293   6     294   4     295   3     296   1     297   1     298   1     299   5     300   1     301   3     302   2     303   3     304   5     305   2     306   2     308   4     309   5     310   4     311   4     312   1     313   6     314   3     315   2     316   5     317   4     318   6     319   4     320   2     321   6     322   4     323   2     324   2     326   3     327   2     328   7     329   6     330   1     332   6     333   2     334   2     335   6     336   6     338   3     339   1     340   4     341   5     342   3     343   5     344   2     345   7     346   4     347   5     348   3     349   1     350   1     352   4     353   3     354   3     355   2     356   4     357   7     358   5     359   3     360   7   
10   252  10   1     76   4     77   3     78   7     79   5     80   6     81   7     82   7     83   4     84   6     85   4     86   3     87   5     88   2     89   6     90   3     91   2     92   3     93   6     94   2     95   5     96   2     97   2     98   5     99   4     100   2     101   7     102   7     103   2     104   4     105   6     106   3     107   4     108   6     109   4     110   6     111   5     112   7     113   1     114   1     115   4     116   4     117   7     118   1     119   3     120   6     121   5     122   6     123   2     124   6     125   1     126   7     127   1     128   6     129   5     131   4     133   5     135   5     137   1     138   7     139   1     140   3     142   7     143   5     144   1     146   4     150   3     151   3     152   7     153   6     154   2     155   1     156   7     157   7     158   5     159   7     160   2     161   1     162   3     163   5     164   4     165   6     167   5     168   4     169   4     171   3     172   5     173   3     175   1     176   6     177   7     178   2     179   4     180   4     181   6     182   5     184   2     185   3     186   5     187   7     189   4     190   7     191   4     192   6     193   4     194   3     195   5     196   7     197   2     198   1     199   2     200   3     201   6     202   2     203   2     204   6     207   1     208   3     210   4     211   1     212   4     213   7     214   1     215   6     216   5     217   7     218   1     219   1     220   7     221   1     222   3     223   5     224   4     225   6     226   6     227   4     228   1     229   2     230   1     231   4     232   2     233   7     234   4     235   3     236   6     237   6     238   3     239   4     240   2     241   7     242   7     243   3     244   2     245   3     246   1     247   6     249   2     251   2     252   3     253   5     254   1     255   5     258   4     259   2     260   3     261   1     262   3     263   5     264   5     265   5     266   7     267   5     268   7     269   1     270   1     271   6     273   2     274   5     275   5     276   6     277   6     278   1     279   6     280   5     282   1     284   1     285   5     286   2     287   7     288   6     289   4     290   3     291   1     292   2     293   5     294   7     295   1     297   7     298   1     299   2     300   4     301   3     302   4     304   4     305   5     306   4     308   3     310   1     311   7     312   4     313   4     314   6     315   4     316   3     317   2     318   4     319   7     322   1     324   2     325   4     326   1     327   1     328   1     330   1     331   1     332   4     333   3     335   6     336   5     337   4     338   3     339   5     340   1     341   4     342   6     343   4     344   3     345   1     346   6     347   3     348   5     349   5     350   5     351   5     352   3     353   7     354   7     355   4     357   3     358   2     359   2     360   3   
11   246  11   1     76   2     77   7     78   4     79   3     80   2     81   1     82   3     83   2     84   5     85   7     86   2     87   3     88   6     89   3     90   7     93   3     94   1     96   1     97   7     98   1     100   3     101   3     102   4     104   7     105   1     107   1     108   5     110   3     111   3     112   1     113   3     114   6     115   2     116   7     118   3     119   1     120   2     121   5     122   4     123   2     124   6     125   3     127   2     128   1     129   5     130   1     131   6     132   7     133   1     134   4     135   5     137   2     139   5     140   1     141   2     143   4     144   2     146   6     147   2     148   2     149   1     151   3     152   7     153   4     154   4     155   2     156   3     158   6     159   1     160   3     161   7     163   7     164   1     165   5     166   1     167   1     168   1     169   5     170   2     171   2     172   5     173   6     174   6     175   5     176   7     177   3     178   1     179   1     180   7     181   5     182   6     183   1     184   4     186   2     187   3     188   4     189   7     190   7     191   4     192   6     193   5     194   3     195   1     196   5     197   7     198   5     199   3     200   6     202   2     203   6     204   3     205   1     206   4     207   6     208   6     209   7     210   5     212   7     213   4     214   3     215   5     216   5     217   4     218   2     219   3     220   2     221   1     223   5     224   7     225   4     227   6     228   6     230   5     231   3     232   3     233   1     236   7     237   5     239   3     240   2     241   6     242   7     244   3     245   4     246   1     247   6     248   7     249   6     250   1     252   3     253   6     254   7     255   4     256   6     258   1     259   4     260   4     261   6     262   5     263   7     264   1     265   7     266   2     267   5     268   1     270   5     271   1     272   5     273   2     274   3     275   6     276   3     277   7     278   1     279   3     280   4     281   6     284   3     285   3     286   4     287   7     288   2     290   5     291   1     293   6     294   1     296   3     297   7     298   1     299   1     300   7     302   5     303   3     304   4     305   6     307   1     308   3     309   4     311   1     312   5     313   4     314   5     315   6     316   1     317   1     318   5     320   5     321   7     322   1     323   7     324   4     325   1     326   1     327   6     328   2     329   3     330   1     332   6     333   4     334   6     335   6     336   2     337   3     339   2     340   6     341   6     342   3     343   4     344   4     345   6     346   5     347   7     348   6     349   2     350   4     351   1     352   1     353   7     354   2     355   7     356   7     357   6     358   3     359   6     360   3   
12   256  12   1     76   6     77   3     78   3     79   3     80   5     81   7     82   6     83   4     84   4     85   5     87   3     88   5     89   6     90   1     91   4     92   7     93   4     95   4     96   6     97   3     98   3     99   6     100   3     101   1     102   4     103   6     104   6     105   1     107   1     108   3     109   1     110   7     111   7     112   1     113   4     114   2     115   4     116   2     117   6     118   4     119   7     120   6     121   4     123   3     124   2     125   7     126   6     127   5     128   5     129   1     130   5     131   3     132   4     133   3     134   5     135   6     136   5     137   4     139   1     140   7     141   3     142   4     143   1     144   3     146   4     147   5     148   3     149   1     150   4     151   3     152   5     153   3     155   7     156   7     157   1     158   7     159   7     160   2     161   2     162   5     163   3     164   2     165   2     166   4     167   7     168   7     169   5     170   7     171   3     172   1     173   2     174   5     175   5     176   1     178   2     179   1     180   4     181   1     182   1     183   3     184   4     185   1     186   3     187   3     188   3     189   4     190   7     191   5     192   5     193   4     194   7     195   1     196   3     197   6     198   4     199   1     200   2     201   5     202   4     204   7     205   5     207   2     209   4     210   6     211   4     212   1     213   7     214   6     215   7     216   7     217   1     218   2     219   4     220   6     221   5     222   3     224   3     225   2     226   1     227   5     228   3     229   5     230   5     233   4     234   2     235   4     236   1     237   7     240   1     242   2     243   4     245   3     246   7     248   7     249   5     251   2     252   5     253   7     254   5     255   6     256   3     257   2     259   4     260   7     261   1     263   6     264   6     265   6     266   1     267   4     268   6     269   3     271   3     272   5     273   4     274   5     275   1     277   1     278   2     279   6     281   6     282   4     283   3     284   4     285   3     286   2     287   2     288   5     289   5     290   7     291   6     292   2     293   5     294   1     295   6     296   5     297   6     298   6     299   5     300   6     301   3     303   4     305   4     306   4     307   7     308   6     309   3     311   6     312   5     313   7     315   6     316   6     317   4     319   6     320   2     321   1     322   6     323   1     324   4     325   1     326   7     327   3     328   1     329   6     330   7     331   1     332   5     333   2     334   2     335   3     336   6     337   5     338   3     339   5     340   7     341   2     342   5     343   1     344   7     345   1     346   5     347   7     348   1     349   1     350   4     351   5     352   3     353   5     354   3     355   5     356   5     357   7     358   6     359   4     360   3   
13   252  13   1     76   5     77   3     78   7     79   4     80   2     81   1     82   1     83   5     84   7     85   3     86   3     87   4     88   7     89   4     90   4     91   5     92   6     93   1     94   2     95   3     96   1     97   2     98   7     99   6     101   7     102   6     103   2     104   7     105   6     106   1     107   2     108   2     109   4     110   2     111   2     112   5     113   2     114   7     116   5     117   6     119   1     120   4     121   1     122   5     124   1     125   6     126   3     127   7     128   1     129   3     130   6     131   5     132   1     133   5     135   3     136   5     137   5     138   4     139   5     140   7     141   4     142   2     143   3     144   2     145   7     148   2     149   3     151   1     152   1     153   3     154   2     155   7     156   7     158   3     159   6     160   3     161   2     162   1     163   3     164   6     165   6     166   5     167   5     168   4     169   2     170   2     171   6     172   7     173   6     174   7     175   6     176   6     177   1     179   4     180   1     181   5     182   2     183   3     185   2     186   3     188   3     189   1     190   1     191   6     193   2     195   3     196   6     197   4     198   7     200   1     201   7     202   6     203   3     204   1     205   5     206   5     207   2     208   7     209   5     210   1     211   4     212   4     213   5     214   7     215   2     216   2     218   3     219   3     220   6     222   6     223   3     224   1     225   7     226   1     227   5     228   6     230   5     231   3     232   5     233   3     235   4     236   6     237   5     238   3     240   3     241   1     242   4     243   1     245   5     246   1     247   3     248   5     249   2     251   3     252   4     254   2     256   6     257   4     259   6     260   6     262   2     263   4     264   2     265   4     266   3     268   7     269   2     270   1     271   2     272   3     273   3     274   4     275   4     276   6     277   6     278   7     279   2     280   7     281   3     282   3     283   6     284   4     285   3     286   6     287   2     288   6     289   6     290   3     291   3     292   4     294   3     295   5     296   1     298   2     299   6     300   6     301   2     302   6     303   7     304   6     305   2     306   2     307   7     308   4     309   3     310   2     311   5     312   4     313   6     314   6     315   3     316   4     317   6     318   3     319   3     320   7     321   3     322   1     323   6     324   7     325   4     326   5     328   6     330   1     331   1     332   3     333   7     334   1     335   7     336   7     337   4     338   6     339   5     340   7     342   2     343   1     344   2     345   2     346   5     347   4     348   6     349   6     350   4     351   1     352   1     353   5     354   2     355   3     356   6     357   2     358   6   
14   246  14   1     76   1     77   3     78   4     79   5     80   2     81   7     82   4     83   1     84   5     85   4     86   1     88   4     89   2     90   1     91   6     92   4     93   7     96   6     97   4     99   7     100   1     101   3     102   5     103   2     104   1     105   2     106   2     107   7     108   1     110   1     111   1     112   6     113   5     114   7     115   3     116   2     117   6     118   1     119   6     120   5     121   7     122   4     123   2     124   7     125   7     126   5     127   5     128   2     129   1     130   2     131   4     132   4     133   5     134   4     135   7     136   2     137   3     138   7     140   5     141   6     142   1     143   3     144   5     147   1     148   4     149   4     150   7     151   3     152   4     153   7     154   7     155   1     156   7     157   1     158   2     159   5     160   3     161   1     164   5     166   3     168   4     169   1     171   5     172   6     173   5     174   6     175   2     176   4     177   1     178   6     179   7     180   3     181   3     183   3     184   3     185   1     186   4     187   6     188   3     189   6     190   1     192   7     193   1     195   6     196   5     197   1     198   3     199   3     201   7     202   4     203   4     204   4     205   1     206   2     208   3     209   7     211   7     212   1     214   6     216   7     217   4     218   3     220   7     221   1     222   7     223   3     224   1     225   5     226   5     227   1     229   4     230   6     231   4     234   5     235   7     237   6     238   5     239   3     240   4     241   4     242   1     243   2     244   4     245   6     246   2     247   6     248   3     249   7     250   2     251   3     252   5     253   7     254   5     256   3     259   2     260   5     261   7     262   1     263   4     264   7     265   3     266   5     267   7     269   5     270   1     271   6     272   2     273   7     274   6     275   4     276   5     277   5     279   3     280   5     281   1     282   6     283   7     284   2     285   5     286   7     287   7     288   3     290   6     291   6     292   5     293   3     294   2     295   3     296   1     297   7     298   1     300   6     301   4     302   1     303   2     304   4     305   2     306   5     307   1     308   3     309   7     310   4     311   7     313   7     314   2     315   1     317   4     319   7     320   1     321   7     322   3     323   2     324   3     325   2     326   3     327   1     328   4     329   7     330   7     331   6     332   7     333   7     334   1     335   1     336   6     337   7     338   1     339   6     340   5     341   3     342   1     343   5     344   5     345   1     346   4     347   7     349   5     350   5     351   1     353   5     354   2     356   3     357   6     359   5     360   4   
15   241  15   1     76   4     77   3     79   7     80   5     81   7     84   5     85   1     86   5     87   4     88   4     89   7     90   7     91   1     92   2     94   4     95   6     96   4     97   4     98   7     99   4     100   2     101   6     102   7     103   5     104   1     105   5     107   3     108   3     110   5     111   7     112   1     113   1     114   1     115   3     116   5     117   7     120   6     121   5     123   3     124   3     125   3     126   4     127   7     128   6     129   3     130   6     132   5     133   6     134   5     135   3     136   3     137   3     138   6     139   6     140   5     141   4     142   6     143   1     144   7     145   6     146   5     147   4     148   5     149   4     150   3     151   6     153   6     154   7     155   3     156   4     157   7     158   7     159   4     160   2     162   7     163   5     164   3     165   4     166   5     167   3     168   5     169   1     170   3     171   1     172   1     173   1     174   5     175   1     176   4     177   7     178   3     179   6     180   3     181   2     182   1     183   4     186   3     187   1     188   1     189   6     190   4     191   3     192   6     195   7     196   2     197   5     198   2     199   6     200   1     201   6     204   2     205   6     206   5     207   7     208   1     211   2     212   7     213   1     214   4     215   2     216   4     217   5     218   6     219   1     220   3     221   2     222   2     223   6     224   3     225   3     226   2     228   6     229   2     231   1     233   5     234   2     235   7     236   7     237   3     238   2     239   4     240   6     241   2     242   5     243   5     244   3     245   7     246   7     247   5     248   6     249   5     250   5     252   3     253   3     254   1     255   5     256   3     259   4     260   5     263   3     265   2     266   2     267   7     268   6     270   1     271   5     272   5     273   2     274   3     275   1     277   7     278   5     279   5     280   6     281   6     282   3     283   7     284   3     285   5     286   5     287   5     291   5     292   7     295   7     297   3     298   5     299   2     300   4     301   3     302   5     303   4     305   7     306   6     308   7     309   5     310   3     311   1     312   4     313   2     314   6     315   4     316   3     317   7     318   4     319   3     320   1     322   3     323   7     324   4     325   3     326   5     327   6     328   1     329   6     330   7     331   3     332   1     333   4     334   3     335   5     336   3     337   4     338   3     339   3     342   3     343   5     346   3     347   3     348   1     349   1     350   3     351   1     352   6     353   7     354   4     355   7     357   1     358   3     359   3     360   7   
16   256  16   1     76   4     77   4     78   7     79   5     80   4     81   2     82   3     83   1     84   2     85   6     86   5     87   5     88   2     89   1     90   3     91   7     92   6     93   5     94   5     95   1     96   5     97   2     98   1     99   3     100   2     101   6     102   7     103   3     104   1     105   5     106   4     107   7     108   1     109   1     111   6     112   5     113   3     114   4     115   3     116   3     117   3     118   5     119   3     120   6     121   4     122   3     123   6     124   4     126   3     127   1     129   2     131   4     132   7     134   7     135   6     136   2     137   7     138   3     139   3     140   6     142   5     143   6     144   5     145   3     146   7     147   2     148   1     150   1     151   7     152   7     153   5     154   5     155   5     156   6     157   3     158   1     159   5     160   2     161   7     163   4     164   2     165   5     167   1     168   2     170   2     171   5     173   5     175   5     176   6     177   1     178   4     179   5     180   3     182   6     185   7     186   5     187   4     188   3     189   1     190   7     191   3     193   7     194   5     195   2     196   6     197   3     198   6     199   3     200   5     201   1     203   1     204   6     205   6     206   4     207   5     208   3     209   7     210   1     211   5     212   1     213   2     214   1     215   7     216   1     217   2     218   6     219   3     220   2     221   7     222   1     223   5     224   6     227   1     228   3     229   2     230   2     231   1     232   1     233   6     234   3     235   6     236   6     238   4     239   4     240   7     241   1     242   4     243   1     244   6     245   2     246   1     247   3     248   4     249   4     250   1     251   3     252   5     253   7     254   6     255   5     256   1     258   7     259   6     260   4     261   1     262   5     264   7     265   1     266   5     267   6     268   6     269   3     270   1     271   2     273   4     274   6     276   3     277   4     278   3     279   3     280   4     281   1     282   6     283   4     285   5     286   5     287   7     288   5     289   4     290   1     291   4     292   4     293   7     294   3     295   4     296   5     297   5     298   6     299   2     300   6     301   7     302   7     303   7     304   2     305   4     306   4     307   1     308   1     309   4     311   7     312   4     313   2     314   5     315   2     316   3     317   3     318   5     320   4     321   3     322   5     323   6     324   7     325   6     326   4     327   5     328   5     329   5     330   2     331   3     332   6     333   2     334   4     335   3     336   3     337   3     338   6     339   5     340   3     341   3     342   4     343   1     344   2     345   6     346   7     347   7     348   7     349   4     350   4     351   2     352   4     353   2     354   7     356   5     358   4     360   2   
17   245  17   1     76   7     78   4     79   1     80   1     81   3     82   6     84   4     86   4     87   3     88   1     89   7     90   6     92   1     93   7     94   6     96   1     97   3     98   3     99   1     100   2     101   6     102   5     103   2     104   2     105   6     106   6     107   3     108   6     109   3     110   6     111   7     112   2     113   6     114   1     115   1     117   7     118   5     119   4     120   2     121   7     122   3     123   2     125   4     126   7     127   7     128   6     129   4     132   4     133   7     134   6     135   5     136   2     137   3     140   3     141   4     142   6     143   5     144   7     145   3     146   6     147   7     149   1     150   7     151   4     152   1     153   1     154   5     155   7     157   4     158   7     159   5     161   2     162   7     163   7     164   2     165   6     166   2     167   3     168   2     169   3     170   3     171   6     172   6     173   5     174   2     175   5     176   3     178   6     179   4     180   2     181   3     182   3     183   7     184   3     185   5     188   1     189   1     190   6     191   1     192   4     194   7     196   4     197   1     198   1     199   2     200   2     201   5     202   2     203   3     204   4     205   1     207   4     209   7     210   6     211   5     212   1     213   7     214   4     215   4     216   6     217   2     218   5     219   6     220   2     221   2     222   6     223   2     224   1     225   5     226   6     228   1     229   5     230   2     231   1     234   1     235   7     236   4     237   5     239   6     240   7     241   2     242   4     243   3     244   4     245   6     246   2     249   7     250   6     251   2     252   1     253   6     254   1     255   7     256   4     257   6     258   5     259   3     260   6     261   1     262   7     263   7     264   2     265   3     266   3     267   1     268   2     269   2     270   7     271   2     272   4     273   5     274   1     276   7     277   3     278   1     280   7     281   6     282   3     283   4     284   6     285   6     286   3     287   1     288   3     289   4     290   1     291   1     292   7     293   1     294   4     295   4     296   7     297   6     299   3     300   5     301   4     302   6     303   4     304   6     305   6     306   2     307   4     308   2     309   4     310   4     311   5     313   4     314   1     315   6     317   3     318   7     319   5     320   6     321   7     322   4     324   4     325   5     326   2     327   2     329   2     332   2     334   6     335   5     336   6     337   7     338   5     339   5     340   1     341   3     342   2     343   7     344   4     345   3     348   1     349   2     350   1     351   7     353   2     354   5     355   5     356   5     357   1     358   5     359   2   
18   249  18   1     76   6     77   7     78   3     79   7     80   3     81   7     82   6     83   3     84   6     86   5     87   3     89   5     90   3     91   3     92   7     93   2     94   2     95   3     96   5     97   5     98   7     100   2     101   3     103   3     104   5     105   7     106   5     107   4     109   3     110   1     111   4     113   6     114   5     115   3     116   1     118   4     119   7     120   3     121   5     122   4     124   6     125   6     126   3     127   2     130   2     131   2     132   1     133   2     134   3     135   2     136   7     137   3     138   2     139   5     141   2     142   6     143   3     144   7     145   4     147   6     148   2     149   1     150   4     151   5     154   4     155   6     159   6     160   6     161   7     162   7     163   7     164   1     165   2     166   1     167   5     168   5     169   7     170   2     171   1     172   2     174   7     175   5     176   6     177   5     178   2     180   4     181   3     182   5     183   2     184   1     185   2     186   6     187   2     188   1     189   6     190   2     191   5     192   6     193   5     194   7     195   2     196   3     198   2     199   1     200   3     202   5     203   1     204   4     205   1     207   5     208   5     209   7     210   1     211   3     212   4     214   3     215   1     217   1     218   6     219   1     220   5     221   7     223   6     224   4     225   3     226   4     227   7     228   2     229   7     230   1     231   4     232   6     233   6     235   6     236   5     237   3     239   3     240   6     241   6     242   6     243   5     244   3     245   3     247   4     248   3     249   6     250   3     251   1     252   3     253   1     254   6     255   5     257   4     258   5     259   6     260   7     261   3     262   2     263   7     264   1     265   3     266   1     267   1     268   3     269   5     271   7     272   3     273   6     274   3     275   2     276   7     277   2     278   3     279   6     280   4     281   6     282   2     283   1     284   4     285   5     286   2     287   3     288   2     289   6     290   3     291   3     292   3     293   3     294   3     295   2     296   5     297   2     298   3     300   7     301   5     302   1     303   5     304   4     305   5     306   5     307   7     308   1     309   1     310   3     311   4     312   4     313   3     314   5     315   1     316   6     317   7     318   3     319   2     320   7     323   2     324   4     326   1     327   5     328   7     329   4     330   7     331   4     332   1     333   3     334   3     336   3     337   6     338   7     339   4     340   2     341   2     342   3     343   1     344   2     345   4     346   6     347   6     348   5     349   5     350   3     351   1     352   2     353   3     355   5     356   6     357   1     358   7     360   2   
19   247  19   1     77   5     78   6     79   7     80   7     81   3     82   7     83   1     84   7     85   1     86   6     87   7     88   2     89   4     91   2     92   4     93   7     94   2     95   4     96   1     98   2     100   5     101   7     103   2     104   7     105   5     106   4     107   3     108   6     109   2     110   2     111   4     112   6     113   3     114   3     115   5     116   1     119   3     120   4     121   5     122   2     123   1     125   2     126   2     128   6     130   1     131   5     133   7     134   6     135   2     137   7     138   2     139   6     140   7     141   6     143   6     144   3     145   5     146   7     147   3     148   7     149   2     150   6     151   5     153   7     154   3     155   6     157   5     159   7     161   1     162   5     163   5     164   3     166   2     167   3     168   2     169   6     170   5     171   1     173   6     174   2     175   4     176   6     177   6     178   6     179   6     180   5     181   4     182   6     183   6     184   7     185   4     187   6     188   5     189   3     190   7     191   6     192   1     194   7     195   3     196   5     197   2     198   2     199   6     200   1     201   6     202   5     203   2     204   7     205   7     206   6     207   2     209   5     210   5     211   3     212   6     213   2     214   1     215   6     216   1     217   7     218   4     220   6     221   2     222   4     223   1     224   1     225   5     226   4     227   2     229   2     230   6     232   3     233   2     234   5     235   2     236   3     237   1     238   5     239   1     240   6     241   7     243   7     244   1     245   7     246   6     247   4     248   2     249   4     251   4     252   5     253   5     254   7     255   5     256   3     257   5     258   7     259   1     260   7     261   1     262   3     263   3     264   5     265   6     266   4     267   7     268   7     269   2     271   1     272   4     273   4     275   4     276   4     277   6     278   5     279   5     280   1     281   2     282   6     283   4     284   6     285   3     286   1     287   7     288   6     289   3     290   2     291   1     292   7     293   1     294   4     295   4     297   7     298   7     299   3     301   2     302   7     303   4     304   4     308   3     309   4     310   1     311   7     312   5     313   5     314   7     315   5     316   7     317   6     318   3     319   5     320   7     321   3     322   2     323   7     324   7     325   7     326   7     328   7     329   1     332   4     333   4     335   7     337   3     338   7     339   1     340   2     341   5     342   2     343   1     344   3     345   6     346   3     347   1     348   3     349   3     350   1     351   6     352   5     353   6     354   2     355   2     356   7     357   1     358   1     359   3     360   1   
20   248  20   1     76   7     78   1     79   1     80   2     81   6     83   2     84   6     85   6     87   6     88   1     89   7     90   1     91   4     92   7     94   4     95   2     96   7     97   6     98   6     99   1     100   1     101   5     102   5     103   2     104   4     105   5     106   3     107   7     108   5     109   4     110   6     111   1     112   1     114   5     117   4     118   4     120   7     121   3     122   1     123   1     124   4     125   1     126   7     127   6     128   7     129   7     130   6     131   4     132   4     133   2     135   6     136   6     138   4     139   7     140   3     141   5     142   6     144   5     145   4     146   4     148   7     149   2     150   1     151   4     152   3     153   6     154   5     155   7     156   7     157   6     159   5     161   6     162   1     163   7     164   4     165   3     166   7     167   1     168   1     169   5     170   4     171   5     172   2     173   3     174   7     175   1     176   3     177   4     178   7     179   4     181   5     182   5     183   2     184   7     185   5     186   5     187   1     188   6     189   6     191   3     192   6     193   5     194   7     195   4     196   3     197   5     198   4     200   7     201   2     202   4     203   7     204   3     205   5     206   7     207   6     209   1     210   5     212   3     213   5     214   6     215   2     216   7     217   2     218   2     219   1     221   2     222   5     223   4     224   3     225   4     226   6     227   7     228   7     229   2     231   1     232   4     233   4     234   3     235   2     236   7     237   7     238   3     239   6     240   4     242   4     244   2     245   4     246   5     247   3     248   7     249   5     250   4     251   6     252   7     253   6     254   1     255   1     257   4     258   4     259   5     260   5     262   2     263   6     264   3     265   4     270   4     271   3     272   7     273   5     274   5     275   2     276   1     277   5     278   3     279   4     280   3     281   5     284   1     285   1     286   5     287   5     288   4     289   1     290   7     292   4     293   2     295   4     296   7     297   1     298   5     299   1     300   4     301   1     302   1     303   1     304   2     305   5     306   4     307   1     308   5     309   7     310   4     311   5     312   2     313   7     314   6     315   2     316   1     317   6     318   5     319   1     320   5     321   6     322   1     323   7     324   2     325   2     326   1     327   5     328   2     329   6     330   7     331   1     332   3     334   2     335   2     336   7     337   5     338   4     339   6     340   4     341   6     342   1     345   7     346   4     347   7     348   5     350   1     351   7     352   1     353   7     354   4     355   6     356   4     357   1     359   7     360   1   
21   249  21   1     76   4     77   1     78   5     80   3     81   7     82   7     83   4     85   6     86   5     87   6     88   3     89   5     90   2     91   5     92   2     93   1     94   6     95   7     96   3     97   7     99   3     100   3     101   4     102   2     103   2     104   2     105   7     106   3     109   3     110   5     111   1     112   4     113   7     114   1     115   1     116   6     117   1     118   5     119   2     120   4     121   4     122   1     123   1     124   2     125   6     126   5     127   5     128   7     129   3     130   2     131   1     132   7     133   5     134   6     135   5     136   6     137   6     138   1     139   7     140   1     141   3     142   6     143   2     144   1     145   7     146   2     147   1     148   4     149   6     150   2     151   5     152   1     153   5     154   2     156   4     159   6     160   3     161   3     162   6     163   6     164   5     165   5     166   3     168   7     169   5     170   6     172   7     174   1     175   1     176   3     177   7     178   3     179   5     180   6     181   7     183   2     184   5     185   4     186   4     187   2     189   2     190   5     191   7     192   6     193   4     194   6     195   2     196   6     197   4     198   7     199   6     200   2     201   2     202   4     203   3     204   5     205   2     207   3     208   5     209   1     210   3     211   6     212   7     213   5     214   3     215   7     216   1     217   2     218   1     219   5     220   4     221   4     222   3     223   4     224   7     225   6     226   3     227   2     228   7     229   3     231   4     233   4     235   6     236   4     237   3     238   7     241   5     243   3     244   5     245   5     247   1     248   4     249   3     250   1     252   3     253   1     254   6     257   3     259   6     260   6     261   5     263   6     264   1     265   3     266   4     267   2     268   6     270   2     271   2     272   3     274   4     275   3     276   3     277   4     278   7     279   1     280   7     281   5     282   5     283   7     286   1     287   2     288   1     289   7     290   5     291   3     292   6     293   1     294   7     295   3     297   4     298   7     299   7     300   7     302   2     303   2     304   4     305   4     306   3     308   1     309   7     310   4     311   3     312   5     313   2     314   3     315   5     316   6     317   3     318   7     319   2     320   4     321   3     322   3     323   7     324   4     325   1     326   6     327   1     328   1     329   1     330   3     332   1     333   5     334   7     335   5     336   7     338   2     340   4     341   4     343   4     344   3     345   7     346   6     347   5     348   1     349   1     350   6     351   3     352   2     353   3     354   4     355   3     356   4     357   3     358   3     359   7     360   7   
22   255  22   1     76   1     77   3     78   6     80   1     81   1     82   7     83   4     84   6     85   2     86   6     87   6     88   6     89   1     91   4     92   6     93   4     94   2     95   5     96   6     97   5     98   2     99   7     100   4     101   6     102   3     103   6     104   7     105   3     106   6     108   2     109   3     110   4     111   5     112   7     113   4     114   5     115   3     116   7     117   5     118   7     119   2     120   4     121   4     122   3     123   1     124   7     125   5     126   1     127   4     128   7     129   1     130   5     132   6     134   3     135   4     136   5     137   4     138   3     139   4     140   1     142   4     143   2     144   7     145   6     146   4     147   2     148   7     149   7     150   6     151   3     152   4     153   2     154   2     155   7     156   4     157   4     159   3     160   7     161   2     162   7     163   7     164   7     165   1     166   4     167   3     168   4     169   5     170   7     171   2     172   4     173   2     174   7     175   1     176   2     177   5     178   1     179   5     180   3     181   6     182   1     183   7     184   2     186   1     187   5     188   6     189   3     190   4     191   3     192   4     193   6     194   1     196   5     198   1     199   3     200   5     201   6     202   5     203   1     204   6     206   6     207   1     208   3     209   3     210   3     212   5     214   7     215   5     216   1     217   4     218   6     219   7     220   1     221   1     222   3     223   2     224   1     225   2     226   3     227   5     228   7     229   7     230   4     231   5     232   4     233   3     234   4     235   3     237   7     238   2     239   4     240   1     241   5     242   7     243   3     244   4     245   2     246   2     247   7     248   6     249   7     250   2     251   5     252   4     253   3     254   4     256   6     258   1     259   7     260   2     261   6     262   7     263   4     264   6     266   6     267   2     268   2     269   1     270   6     271   2     272   2     273   3     274   5     275   5     276   6     277   2     279   1     280   3     281   5     282   1     283   2     284   1     285   5     286   6     287   3     288   7     289   5     294   5     295   5     298   4     299   5     300   6     301   2     302   4     303   3     304   2     305   1     306   4     307   1     308   6     309   7     310   2     312   2     313   2     314   4     315   7     316   5     317   5     319   1     320   2     322   5     325   2     326   7     327   5     328   6     329   2     330   1     331   1     332   1     334   5     335   3     336   6     337   2     338   4     339   4     340   3     341   5     342   4     343   4     344   1     345   3     346   5     347   2     348   4     349   3     351   4     352   7     353   7     354   6     355   3     356   7     357   2     358   6     359   7     360   5   
23   254  23   1     76   1     77   6     78   5     80   2     81   6     82   4     83   7     84   7     85   3     87   6     88   4     89   5     90   4     91   3     93   4     94   3     95   3     96   3     97   7     98   6     99   6     100   4     101   6     103   4     104   2     105   5     106   2     107   2     108   2     109   5     110   2     111   2     112   1     113   6     114   3     115   6     116   1     117   3     118   7     119   1     121   7     122   2     123   4     124   4     126   7     127   2     128   2     129   4     130   6     131   3     132   3     133   6     134   2     135   6     136   3     137   1     138   7     139   5     141   5     142   6     143   3     144   5     145   1     148   6     149   6     150   2     151   1     153   2     154   4     155   1     156   3     158   6     159   6     160   4     161   5     162   7     163   7     164   7     165   1     166   7     168   7     169   7     170   7     171   6     172   4     173   3     174   7     175   4     176   7     177   3     178   4     179   3     180   2     181   7     185   3     186   5     187   2     188   6     189   4     191   1     192   5     193   3     194   2     195   7     196   1     197   4     198   4     199   1     200   4     201   6     202   7     203   3     204   2     206   2     207   7     208   4     209   6     210   2     211   6     212   3     213   4     214   3     215   4     216   3     217   4     218   7     219   5     220   1     221   4     222   5     223   7     224   1     225   5     226   1     227   2     228   2     229   4     231   3     232   3     234   5     236   5     237   1     238   4     239   7     240   6     241   4     243   1     244   5     245   5     246   3     247   3     248   1     249   1     251   6     252   2     253   1     254   3     257   6     258   7     259   3     261   6     262   5     263   4     265   7     266   4     267   4     268   4     269   4     270   2     271   3     272   7     274   3     275   2     276   5     277   1     278   3     279   6     280   1     281   2     282   3     283   2     284   4     285   6     286   3     287   6     288   4     289   6     290   7     291   7     292   2     293   5     294   5     295   4     296   6     297   6     298   7     299   6     300   1     301   3     302   6     303   7     304   6     305   1     306   6     307   1     308   4     309   7     310   7     311   6     313   6     314   2     315   6     316   4     317   4     318   2     319   1     320   7     321   6     322   1     323   5     324   2     325   1     327   6     328   1     330   3     331   7     332   2     333   6     334   1     335   5     336   1     337   6     339   1     340   5     341   2     342   4     343   3     345   1     346   3     347   5     348   5     349   4     350   3     351   6     352   3     353   2     354   1     355   4     356   7     357   2     358   7     359   6     360   5   
24   251  24   1     76   5     77   1     78   3     79   4     80   2     81   7     82   5     83   1     84   2     85   2     86   5     88   2     89   6     90   2     91   7     92   2     93   3     94   2     95   6     96   7     98   7     99   2     100   1     101   3     102   4     103   3     104   1     107   3     108   2     109   6     110   1     112   5     113   2     114   4     115   7     116   4     117   1     118   4     119   1     120   4     121   5     122   7     123   3     125   1     126   1     127   4     129   5     131   5     132   2     133   2     134   7     135   4     136   6     137   3     138   5     139   2     140   5     141   2     142   7     143   3     144   3     145   2     146   1     147   4     148   3     150   5     151   7     152   5     153   3     154   2     155   6     156   3     157   6     159   1     161   1     162   2     163   5     164   2     165   2     166   6     167   4     168   7     169   6     170   6     171   1     172   7     173   5     174   7     175   2     176   5     177   6     179   5     180   5     181   3     182   5     183   1     184   3     185   6     186   3     187   3     188   2     190   4     191   3     192   1     193   6     194   1     195   3     197   3     198   3     199   2     200   4     201   1     202   5     203   5     204   3     208   4     209   6     210   4     211   1     212   3     214   5     215   4     216   7     217   4     218   1     219   1     220   2     221   1     222   5     223   7     224   2     225   5     228   2     229   3     230   1     231   3     233   2     234   7     235   6     238   7     239   4     241   5     242   3     243   6     244   5     245   1     246   2     247   1     249   4     250   4     251   3     253   7     254   3     255   1     256   2     257   6     258   4     259   1     260   6     261   6     262   7     263   6     264   3     265   5     266   4     267   3     268   3     269   2     270   6     271   5     272   1     273   5     274   2     277   1     278   5     279   1     281   3     282   3     283   7     284   7     285   6     286   5     287   2     288   1     289   1     290   6     291   7     292   1     293   6     294   4     295   6     296   7     297   3     298   2     299   1     300   7     301   4     302   5     303   1     305   6     306   2     307   5     308   2     309   1     310   1     311   2     312   2     313   5     314   2     316   2     317   7     318   3     319   2     320   6     321   6     322   3     323   6     324   7     325   4     326   2     327   2     328   5     329   3     330   2     331   4     332   5     333   5     334   2     335   5     338   1     339   1     341   5     342   4     343   1     344   4     345   6     346   4     347   7     348   1     349   5     350   1     351   3     352   3     353   7     354   1     355   6     356   6     357   1     358   7     359   1   
25   249  25   1     77   3     78   7     79   4     80   4     81   2     82   4     83   1     85   7     86   2     87   4     88   4     90   1     91   4     92   7     93   6     94   3     95   1     96   3     97   6     98   2     99   3     100   7     101   6     102   2     103   7     104   7     105   3     106   3     107   3     108   1     109   3     110   7     111   2     112   4     113   6     114   4     115   7     116   3     117   4     118   7     119   5     120   7     121   1     122   6     123   7     124   3     125   5     126   7     127   2     128   3     129   7     132   2     133   5     134   2     135   4     136   5     138   2     139   5     140   2     141   7     142   5     143   2     144   3     145   5     147   6     148   5     149   1     150   4     151   5     152   4     153   7     154   3     156   5     157   7     158   4     159   4     160   1     161   5     162   4     163   2     164   5     165   6     167   6     168   1     169   3     170   6     171   7     173   4     174   7     175   3     176   1     177   4     178   4     181   1     182   4     184   7     186   2     187   3     188   5     189   3     191   2     192   6     193   7     194   7     195   4     196   4     197   6     198   4     199   3     200   4     201   4     203   2     204   2     205   4     206   6     207   6     208   3     210   1     211   7     212   1     213   1     215   2     216   7     217   3     218   4     219   4     221   6     222   1     223   7     224   7     225   7     226   1     228   7     229   6     230   2     231   6     232   7     233   7     234   4     235   6     236   2     237   4     238   4     239   6     240   5     241   5     242   1     243   3     244   4     245   7     246   5     247   1     249   5     250   7     251   5     252   5     253   5     254   1     255   2     256   1     257   1     258   2     260   7     261   1     262   3     264   7     265   1     266   5     267   5     268   6     269   5     270   7     271   4     272   4     273   2     274   6     275   2     278   4     279   5     280   3     281   4     285   1     286   5     287   2     288   5     289   6     290   1     291   4     292   4     293   7     294   5     295   6     297   3     298   1     300   1     301   2     302   4     303   1     304   3     305   3     306   1     307   3     308   5     309   1     310   3     311   2     312   2     314   4     315   7     316   2     317   7     318   5     319   3     320   3     321   1     322   3     323   5     324   4     325   7     326   4     327   3     328   2     330   2     331   3     332   7     333   1     334   6     336   2     337   3     338   4     339   3     341   4     342   5     343   7     344   7     345   3     347   4     348   2     349   5     350   2     351   3     352   3     355   6     356   7     357   5     358   7     359   6     360   6   
26   250  26   1     76   1     77   1     78   7     79   5     80   4     81   1     82   1     83   7     84   1     85   5     86   3     87   6     88   2     89   4     90   3     91   7     93   3     94   4     95   4     96   5     97   2     98   5     99   5     100   6     101   5     102   5     103   5     104   3     105   7     106   5     107   7     109   5     110   7     111   6     112   4     113   1     114   5     115   2     116   5     117   5     118   6     119   7     120   1     121   6     122   6     123   3     124   6     127   7     128   5     129   7     130   4     131   1     132   4     133   2     134   5     135   5     136   3     138   5     139   2     140   1     142   1     143   3     144   3     145   4     146   6     147   5     148   4     149   4     150   6     151   1     152   1     153   3     154   4     155   5     157   7     158   7     159   4     160   4     161   3     162   7     163   3     165   4     166   5     167   2     168   3     169   4     170   7     172   4     173   7     174   6     175   1     176   5     177   1     178   2     179   2     180   2     181   4     182   2     183   3     184   7     185   3     186   1     189   2     190   6     191   2     192   1     193   4     194   1     195   7     196   3     197   6     198   7     199   7     200   2     201   7     202   5     203   4     205   7     206   7     208   7     209   4     210   2     211   1     213   6     214   3     215   7     216   4     217   6     218   7     219   3     220   4     221   3     222   4     223   1     224   1     225   6     226   3     227   2     228   2     229   2     231   2     232   5     233   1     234   2     236   4     237   1     238   2     239   4     240   2     241   1     242   6     243   5     244   2     246   3     247   6     249   6     250   5     251   3     252   5     253   2     254   1     255   6     256   3     257   5     258   5     261   4     263   7     266   5     267   2     268   4     270   2     271   4     272   7     273   6     274   3     275   3     276   3     278   5     280   3     281   7     282   5     283   1     284   6     285   1     286   3     287   2     288   5     289   7     290   7     291   6     292   1     293   6     294   3     295   7     296   2     297   6     298   1     299   2     300   1     301   1     302   5     303   3     304   3     305   3     306   1     307   7     308   6     309   3     310   5     312   4     313   6     315   1     316   4     317   4     319   6     320   1     321   7     322   5     323   6     324   7     325   4     327   2     328   7     329   4     330   6     331   5     332   3     333   5     334   4     335   5     337   3     338   6     339   4     340   7     341   6     342   6     345   1     347   7     348   3     349   3     351   2     352   2     353   5     354   6     355   2     356   5     358   5     359   5     360   6   
27   250  27   1     76   3     77   7     79   4     80   7     81   5     82   1     83   5     85   3     86   6     87   5     89   6     90   1     91   4     92   1     93   5     94   1     95   6     96   5     97   2     98   7     99   5     100   5     101   3     102   2     103   6     104   3     105   2     106   7     107   6     108   5     109   6     110   3     111   7     112   3     113   4     114   2     115   3     116   2     117   1     119   5     120   5     121   7     122   5     123   3     125   1     127   3     128   3     129   5     130   3     131   4     132   6     133   4     134   6     135   1     136   5     137   3     138   6     139   1     140   6     141   3     142   5     143   7     144   2     146   2     147   2     148   1     149   6     150   6     151   4     152   3     153   3     154   6     155   1     156   5     157   4     158   3     159   6     160   1     164   1     165   1     166   4     167   5     168   1     169   7     170   1     171   3     172   2     173   7     174   6     175   1     176   2     177   5     178   7     179   2     180   7     181   2     182   3     183   6     184   4     185   2     186   3     187   6     190   4     191   4     192   7     193   5     194   4     195   7     196   2     197   2     198   6     199   5     200   2     202   1     203   3     204   2     206   6     207   7     208   2     210   1     211   6     212   1     213   2     214   2     215   1     216   3     218   2     219   5     220   6     221   4     222   7     224   5     225   6     227   4     228   5     229   4     230   5     231   1     232   4     233   6     234   5     235   4     236   7     237   2     238   3     239   2     240   3     241   6     242   4     243   3     244   1     245   3     246   7     248   5     249   5     250   3     251   7     252   3     254   5     255   1     256   2     257   6     258   5     259   2     260   6     262   1     263   5     264   2     265   2     267   2     268   3     269   2     270   5     271   3     272   6     273   2     274   5     275   4     276   3     279   1     280   1     281   4     282   6     283   2     286   5     287   1     288   6     289   7     290   2     291   7     292   6     295   4     296   1     298   4     302   1     303   7     304   6     305   2     306   5     307   7     308   7     309   3     310   1     311   6     312   6     313   5     314   3     315   6     316   2     318   7     319   2     320   1     321   6     322   1     323   6     324   5     325   6     326   4     327   1     328   7     329   2     330   2     331   2     332   7     333   2     334   2     335   4     336   6     337   4     338   4     339   4     341   5     342   1     343   7     344   5     346   6     347   1     348   4     349   4     350   5     351   5     352   5     353   6     354   7     355   4     357   3     358   3     359   1     360   6   
28   256  28   1     76   4     77   2     78   2     79   3     80   4     81   6     82   7     83   4     85   5     86   7     88   2     89   6     90   7     91   7     92   4     93   5     94   1     95   5     96   7     98   2     99   5     100   3     101   5     102   4     103   1     104   6     105   4     106   1     107   4     108   6     109   1     110   4     111   6     112   1     113   6     114   7     115   1     116   2     117   3     119   1     120   4     121   5     122   5     123   6     124   2     126   6     128   6     129   7     130   7     131   7     132   3     133   6     134   5     136   2     137   6     138   7     139   6     140   1     141   4     142   3     143   3     144   2     145   2     146   7     147   3     148   7     149   5     151   5     153   2     154   1     155   5     157   4     158   4     159   5     160   3     161   7     162   3     163   2     165   5     166   5     168   2     169   4     170   4     171   3     172   7     173   2     174   6     175   1     176   1     177   4     179   5     180   3     181   4     183   7     184   7     185   3     187   1     188   4     189   2     190   2     191   7     192   3     193   5     194   4     195   6     196   7     197   6     198   1     199   2     200   3     201   3     202   7     203   7     204   5     205   3     206   7     207   1     208   6     210   4     211   3     212   3     213   6     214   5     216   4     217   4     218   1     219   3     220   5     221   6     222   6     223   3     224   2     225   1     226   4     227   5     228   7     229   6     230   2     233   1     234   5     235   4     236   1     237   3     238   7     239   1     242   6     243   7     244   6     245   1     247   6     249   3     250   6     251   2     252   6     253   4     254   4     255   6     256   5     257   5     258   5     259   7     260   1     261   5     262   5     263   6     264   4     265   6     266   1     267   5     268   6     269   5     270   3     271   7     272   3     273   6     274   4     275   6     276   5     277   6     278   1     279   1     280   2     281   1     283   5     284   4     285   7     286   7     287   5     288   6     289   7     290   1     292   2     293   6     294   7     295   2     296   4     297   7     298   5     299   2     300   6     301   5     302   2     303   4     304   1     305   7     306   4     308   7     309   7     310   6     311   1     313   5     314   5     315   2     316   5     317   7     318   4     319   1     320   2     321   2     322   3     323   7     324   3     326   5     327   4     328   6     329   1     330   6     331   4     332   2     334   6     335   7     336   6     337   1     338   3     339   4     340   2     342   2     343   3     344   5     345   1     346   4     347   5     348   5     349   1     350   4     351   5     352   4     353   3     354   2     355   5     356   2     357   6     358   6     359   7     360   1   
29   245  29   1     76   6     77   7     78   2     79   6     80   4     81   5     82   6     83   5     84   5     85   5     86   7     87   7     88   1     89   7     90   1     91   3     92   2     93   2     96   1     97   1     98   1     101   7     102   6     103   6     104   3     106   6     107   1     109   6     110   7     111   2     112   4     113   5     114   4     115   7     116   6     117   2     118   2     120   1     121   2     122   5     123   6     124   7     125   5     126   4     127   4     128   6     129   2     130   2     131   1     133   2     134   6     135   5     137   1     138   6     139   7     140   1     141   5     142   2     144   5     145   6     146   7     147   7     149   3     150   7     151   4     152   6     153   2     154   2     155   6     156   3     157   1     158   1     159   5     160   6     161   1     162   2     163   2     164   4     165   5     167   2     168   6     170   5     171   5     172   7     173   3     174   4     175   6     176   4     177   5     179   4     180   7     183   5     184   2     185   2     186   5     187   4     188   5     189   7     190   7     191   4     192   7     193   4     194   5     195   2     196   4     197   5     198   4     199   1     201   5     203   6     204   6     205   2     206   2     207   1     208   2     209   7     210   3     211   7     212   2     213   1     214   7     215   1     217   7     218   7     219   6     220   6     221   6     222   5     223   3     224   5     225   7     226   3     227   7     229   5     230   3     231   6     233   2     235   3     236   6     238   1     240   6     241   2     242   7     244   2     245   2     246   3     247   6     248   3     249   5     250   4     251   1     252   6     253   3     254   2     258   7     259   2     261   2     262   3     264   5     265   4     266   6     267   7     268   3     270   4     271   1     272   5     273   7     274   1     275   6     277   4     278   6     279   4     280   2     281   1     282   2     283   2     284   1     285   4     286   2     287   6     288   1     289   5     290   4     291   6     292   2     293   4     294   2     295   2     296   5     298   2     299   2     300   4     301   5     303   5     305   6     306   6     307   2     308   6     309   7     310   2     313   1     314   4     315   6     317   4     319   2     320   2     321   6     322   3     323   6     324   7     325   6     326   2     327   4     328   2     329   7     331   6     332   5     333   6     334   1     335   7     336   4     337   4     338   1     339   2     340   2     341   7     342   2     343   6     344   4     345   6     346   4     347   7     348   6     349   6     350   4     351   3     352   1     353   6     354   4     355   7     356   3     357   1     358   3     359   4   
30   254  30   1     76   4     77   1     78   7     79   1     80   4     81   2     82   5     83   3     84   6     85   3     86   4     87   1     88   4     89   1     90   6     91   3     92   4     93   3     94   1     95   4     96   6     97   3     98   6     99   4     100   1     101   6     102   2     103   7     104   3     105   5     106   7     107   6     108   1     109   7     111   3     112   5     113   2     114   1     115   7     116   4     117   6     118   4     119   1     120   2     121   4     122   3     123   2     124   7     126   1     127   6     128   2     129   5     130   5     131   1     132   3     133   5     134   1     135   4     136   7     137   1     138   7     139   3     140   7     141   3     142   6     143   5     144   3     145   7     146   1     147   1     148   2     149   7     150   5     153   7     154   5     155   5     156   4     157   3     159   7     160   3     162   2     163   6     164   7     165   3     166   6     167   7     168   4     169   1     170   4     171   3     172   1     173   3     174   7     177   7     178   2     179   5     180   2     181   1     182   4     184   4     185   4     186   4     187   4     188   7     189   3     190   3     191   7     192   2     193   5     195   1     196   3     197   1     198   1     199   6     200   3     201   6     203   5     204   7     205   7     206   2     207   3     208   4     209   1     211   1     212   1     213   7     214   4     215   6     216   6     217   4     219   1     220   1     221   7     222   4     223   4     224   4     226   3     227   6     229   4     230   4     231   7     232   6     233   2     234   5     235   4     237   1     238   4     239   6     241   4     242   3     243   2     244   6     245   1     246   2     247   1     248   6     249   2     250   3     251   6     252   6     253   5     254   2     255   5     257   3     258   4     259   5     260   7     261   5     262   4     264   4     265   6     267   3     268   6     269   6     270   3     271   7     272   7     274   6     275   1     276   4     277   6     279   2     280   3     281   6     282   3     283   5     284   5     285   5     287   4     288   1     289   2     290   3     291   3     292   6     293   6     294   5     295   2     296   6     297   2     298   2     299   5     300   5     301   4     302   1     303   6     304   1     305   4     306   4     308   5     309   1     310   3     311   6     312   5     313   2     315   2     316   2     317   2     318   1     319   2     320   3     321   7     322   6     323   1     324   6     325   2     326   4     327   4     328   5     331   2     334   3     335   4     336   4     337   5     338   4     339   3     340   4     341   7     342   1     343   3     344   5     345   4     347   6     348   4     349   6     350   1     352   6     353   1     354   5     355   1     357   3     358   6     359   6     360   1   
31   251  31   1     77   4     78   2     79   5     81   4     82   5     83   1     84   4     85   4     88   3     89   2     90   1     91   5     92   4     93   1     94   7     95   2     96   5     98   5     99   6     100   3     101   1     102   1     103   3     104   4     105   4     106   1     108   6     109   4     110   4     111   1     112   3     113   4     114   3     115   5     116   2     117   1     118   7     120   4     121   2     122   1     123   1     124   1     125   6     126   6     127   6     128   5     129   1     130   2     132   7     133   3     134   3     135   6     136   5     137   1     138   3     139   5     141   3     142   5     143   2     144   4     145   1     146   2     147   3     148   5     149   2     150   5     151   4     152   2     153   2     154   6     156   3     157   7     158   5     160   6     161   7     162   1     163   4     164   3     165   3     166   1     167   2     168   1     169   5     171   1     172   2     173   2     174   5     175   6     176   2     177   7     178   7     179   1     180   2     181   2     182   1     183   1     184   4     185   4     186   7     187   5     188   2     189   4     190   6     191   6     192   3     193   5     196   1     197   6     198   6     199   2     200   2     201   4     202   1     203   6     204   4     205   1     206   7     207   1     208   5     209   1     210   6     211   1     212   7     213   2     214   1     215   4     216   5     218   4     219   6     220   4     221   1     222   3     223   7     224   1     225   4     227   1     228   1     229   5     230   6     231   3     233   5     234   2     235   5     236   5     237   6     238   3     239   7     240   3     242   5     243   7     244   1     245   2     246   7     247   3     249   7     251   4     252   7     253   2     254   3     256   4     257   1     259   5     260   4     261   3     262   7     263   5     264   2     265   3     266   4     267   4     268   1     269   3     271   7     272   4     273   4     276   7     278   1     279   7     280   5     281   1     282   5     283   2     284   4     285   1     286   6     287   1     288   7     289   5     290   2     291   7     292   7     293   5     294   4     295   3     297   4     298   5     299   5     300   2     301   5     302   6     303   4     304   2     305   6     306   5     307   6     308   1     309   3     310   1     311   6     312   1     314   7     315   1     317   1     318   4     319   5     320   2     321   4     322   3     323   6     324   3     325   3     326   2     328   6     329   5     330   1     331   2     333   7     334   1     335   2     337   3     338   2     339   5     340   7     341   3     342   5     343   4     345   4     346   1     348   7     350   5     351   5     352   3     353   2     354   7     355   7     356   7     357   4     358   3     359   6     360   1   
32   249  32   1     76   3     77   2     78   1     79   2     80   2     81   5     82   1     84   7     85   1     86   3     87   6     88   4     89   2     90   6     91   5     92   1     93   1     94   2     95   7     97   6     98   7     99   7     100   4     101   5     102   6     103   1     104   4     105   5     106   1     107   2     108   7     109   7     110   1     111   5     112   5     113   7     114   4     115   1     116   1     117   6     118   2     119   3     120   3     121   2     122   5     123   5     124   2     125   3     126   3     127   6     128   2     129   1     130   2     131   1     132   2     133   5     134   2     135   2     137   2     138   7     139   1     141   3     142   6     143   7     144   1     146   4     147   7     148   4     149   4     151   4     152   1     153   5     154   2     155   6     156   4     157   7     158   2     161   4     162   5     163   7     164   6     165   4     167   6     168   7     169   5     170   5     171   6     172   4     173   4     174   3     175   4     176   1     177   1     178   3     179   4     180   2     181   6     182   1     183   1     185   6     186   2     187   2     188   1     189   3     190   7     191   1     193   4     194   5     195   5     196   6     197   3     198   4     199   6     200   4     201   5     203   6     205   6     206   4     207   1     209   6     210   5     211   6     212   1     213   7     214   1     215   6     216   7     217   2     218   7     219   6     221   3     222   2     223   3     224   1     225   1     226   2     227   4     228   7     229   1     230   3     231   1     232   6     233   6     236   3     237   1     238   4     239   2     240   6     241   1     242   7     243   6     244   7     245   4     246   4     247   6     248   2     249   4     250   6     252   3     253   7     254   3     256   7     257   1     258   2     259   7     260   5     261   2     262   3     263   7     264   2     266   1     267   6     269   6     270   1     271   3     273   7     274   7     275   5     276   2     277   2     278   3     281   6     282   7     283   3     285   1     286   7     287   6     288   6     289   6     291   3     292   7     294   7     295   2     296   7     297   1     299   5     300   1     301   7     302   1     303   6     304   4     305   5     306   2     307   5     308   6     309   5     310   5     311   3     312   5     313   7     315   1     316   5     317   1     318   4     319   2     320   4     321   2     322   4     323   4     324   1     326   4     327   2     328   4     329   5     330   6     331   5     334   6     335   6     336   3     338   6     339   3     341   6     342   7     343   4     344   7     345   2     346   1     347   4     348   3     350   2     352   4     354   4     355   2     356   3     357   4     358   1     359   2     360   7   
33   238  33   1     76   4     78   4     80   2     81   5     82   4     83   4     84   2     85   2     86   4     87   2     88   7     89   4     90   2     91   6     92   5     93   5     94   4     96   3     97   3     98   5     100   1     101   5     102   6     103   6     104   3     105   4     106   7     107   7     108   2     110   1     111   5     112   5     113   5     114   4     117   1     118   7     120   4     121   5     122   5     123   5     124   6     125   4     127   1     128   6     129   7     131   4     132   2     133   4     134   4     136   6     137   6     138   5     139   4     141   4     142   2     143   5     144   4     145   6     146   6     147   4     148   1     149   5     150   4     151   3     153   2     154   4     156   1     157   3     158   1     161   2     163   7     164   2     165   5     166   3     168   7     169   2     171   4     172   1     174   3     175   6     176   6     177   4     178   3     179   3     181   2     182   2     183   7     184   6     185   1     186   5     187   7     188   4     190   3     191   6     192   5     193   2     194   3     195   7     196   3     197   4     198   2     199   2     200   5     201   7     203   7     204   7     206   7     207   4     209   6     210   7     212   1     213   3     214   2     215   7     216   2     218   6     220   5     221   6     222   7     223   7     225   6     227   7     229   7     230   3     231   5     233   1     234   5     235   5     236   2     237   5     238   2     239   1     240   4     241   1     242   3     243   6     244   1     245   7     246   1     248   6     249   4     250   5     251   2     252   7     254   4     255   4     256   4     257   4     258   1     259   5     261   4     262   5     263   4     264   5     265   6     266   6     267   2     268   4     269   1     270   6     271   6     272   5     274   5     275   4     276   6     277   6     278   5     279   6     280   3     281   6     282   4     283   2     284   3     285   3     286   4     288   1     289   6     290   2     291   1     292   2     293   7     294   3     295   2     296   6     297   1     298   1     299   4     300   1     301   3     302   1     303   5     304   6     305   5     306   4     308   1     309   6     310   5     311   1     312   7     313   2     314   2     315   6     317   3     318   7     319   2     320   7     321   2     322   1     323   3     324   5     325   4     326   1     328   1     331   3     332   5     333   3     334   1     336   7     337   4     340   2     341   7     343   5     344   4     346   5     347   4     348   3     349   3     350   1     352   7     353   7     354   4     355   5     356   7     357   1     358   1     359   7     360   1   
34   250  34   1     76   2     77   7     78   4     79   2     80   5     81   4     82   7     83   3     84   4     85   7     87   6     88   3     89   2     90   1     91   1     92   3     93   7     94   5     97   2     98   2     99   7     100   4     101   7     102   4     103   4     104   6     105   2     106   5     107   7     108   4     109   7     110   7     111   2     112   7     113   1     114   1     115   5     116   6     117   7     118   6     119   4     120   3     121   2     122   5     123   3     126   7     127   1     128   3     129   6     130   4     131   7     132   4     133   7     134   4     135   7     136   4     137   6     138   6     139   4     141   2     142   3     144   4     146   4     147   7     148   1     150   2     151   3     153   2     154   7     155   3     156   4     158   7     159   7     160   4     161   4     162   4     163   6     164   7     165   6     166   1     167   2     168   3     169   1     171   1     172   7     174   4     175   6     176   2     177   2     178   5     179   1     180   2     181   7     182   7     183   3     184   6     186   6     187   6     188   1     189   5     190   5     191   6     192   3     193   1     194   4     195   4     196   6     197   2     199   6     200   4     201   4     202   2     203   5     204   1     205   3     207   7     208   1     209   7     210   5     211   1     212   6     213   6     214   3     215   1     216   5     217   6     218   7     219   2     220   5     221   7     222   2     224   5     225   7     226   3     229   4     230   7     231   5     232   3     234   3     235   7     236   4     237   7     238   4     239   2     240   1     241   5     242   2     243   6     244   4     245   4     247   5     249   4     251   7     252   7     253   1     255   7     256   6     257   4     259   2     260   4     261   3     262   1     263   7     265   7     266   6     267   5     268   2     270   7     271   7     272   5     275   3     276   1     277   3     278   6     279   3     280   6     281   2     282   3     283   6     284   3     285   2     286   1     287   2     288   2     289   3     291   3     292   2     293   7     294   1     295   5     296   1     297   4     298   4     299   1     300   6     301   5     302   2     303   1     304   2     305   2     307   2     308   4     309   3     310   6     311   6     313   7     314   5     315   2     316   5     317   1     318   3     319   6     320   7     321   5     323   4     324   4     325   5     327   7     328   6     329   4     330   4     331   2     332   6     333   3     334   2     335   6     336   5     337   6     338   3     340   1     341   1     342   5     343   2     344   2     345   2     346   7     347   2     348   2     349   4     350   4     351   7     352   1     353   1     354   6     355   5     357   4     358   5     359   7     360   4   
35   255  35   1     78   5     79   7     81   5     82   7     84   4     85   1     87   6     88   2     89   3     90   3     91   1     93   7     94   2     95   4     96   6     97   5     98   4     99   1     100   3     101   7     102   7     103   5     104   2     105   1     106   2     107   1     108   6     109   6     111   5     112   5     113   2     114   2     115   1     116   4     117   4     118   7     119   3     120   1     121   2     123   1     124   1     125   7     126   1     127   2     128   7     129   7     130   3     131   5     132   7     133   3     134   5     135   3     136   2     137   3     138   5     139   5     140   7     141   6     142   2     143   1     144   1     145   7     146   5     147   1     148   5     149   7     150   7     151   5     152   6     153   2     154   5     155   4     156   1     157   7     158   4     159   7     160   4     161   7     162   6     163   3     164   4     165   7     166   5     167   5     168   2     169   2     170   3     172   2     173   5     174   1     175   4     176   1     177   3     178   6     179   5     180   4     181   2     182   7     183   2     184   3     185   1     186   5     187   7     188   3     189   5     190   7     191   6     192   2     195   7     196   4     197   3     198   2     199   3     200   6     201   1     202   1     203   3     205   7     206   7     207   5     208   6     209   2     210   7     211   7     212   3     213   7     214   5     215   2     216   2     217   2     218   7     219   3     220   5     221   2     222   1     223   4     224   6     225   1     227   6     228   3     229   2     230   5     231   2     232   4     233   1     234   6     235   1     236   5     237   5     238   5     239   6     240   2     241   7     242   5     243   1     245   5     246   6     248   2     250   5     251   6     252   4     254   1     255   6     256   4     257   3     258   7     262   4     263   1     264   6     265   3     267   6     268   7     269   4     270   6     271   2     272   7     273   5     274   7     275   2     276   2     277   2     278   1     279   6     280   3     281   4     282   7     284   3     285   1     287   5     289   1     290   7     291   7     292   1     293   7     294   7     295   1     296   5     297   2     298   2     299   1     300   7     301   4     303   3     305   2     306   2     307   2     308   1     309   2     310   3     311   1     312   7     313   5     314   2     316   3     318   7     319   2     320   1     321   7     322   2     323   6     324   5     325   3     326   6     327   4     329   7     330   1     331   4     332   5     333   7     334   7     335   1     336   5     338   5     339   5     340   5     341   6     343   1     344   1     345   2     346   7     347   2     348   6     349   5     350   4     351   6     352   1     353   6     354   4     355   7     356   1     357   4     358   6     359   4     360   5   
36   256  36   1     76   5     77   3     78   7     79   5     80   1     82   6     83   6     84   7     85   3     86   3     87   2     88   1     89   6     90   6     91   1     93   4     94   2     95   6     96   3     97   5     98   3     99   2     100   3     102   5     103   6     104   4     105   3     106   4     107   2     108   6     109   6     110   1     112   5     113   1     114   5     115   2     116   1     117   6     118   6     119   5     120   7     121   4     122   7     123   7     124   5     125   6     126   5     127   6     129   1     130   2     131   2     132   7     133   3     134   5     135   2     136   1     137   6     138   1     139   7     140   4     141   7     143   1     144   4     145   3     146   3     147   7     150   1     151   6     152   2     153   6     154   7     155   1     156   7     157   7     158   3     159   1     160   2     161   7     162   4     163   1     164   5     165   2     166   3     167   1     168   7     169   2     170   3     171   7     172   5     173   3     174   4     176   5     177   6     178   1     179   1     180   1     181   6     182   4     184   3     185   2     186   3     187   6     188   3     189   5     190   1     191   4     192   5     193   5     194   7     195   2     196   1     197   6     198   7     199   5     200   2     201   5     202   5     203   7     204   6     205   2     207   3     208   6     210   3     211   5     212   5     213   5     214   2     215   2     216   7     217   6     218   3     219   3     220   6     221   1     222   2     223   5     225   1     226   3     228   7     229   3     230   4     231   4     232   6     233   7     234   7     235   6     237   3     238   5     239   4     240   1     241   3     242   7     243   3     244   4     245   4     246   2     247   5     248   4     249   2     250   4     251   7     252   7     253   4     254   6     255   4     256   2     257   6     258   1     259   6     261   2     262   7     263   2     264   7     265   5     266   3     267   1     268   2     269   4     270   7     271   5     273   4     274   3     275   7     276   1     277   1     278   6     279   5     280   5     281   7     282   6     283   6     284   5     285   2     287   3     288   2     289   7     290   3     291   1     292   7     293   2     294   3     295   3     296   5     297   4     300   2     301   7     304   1     305   4     306   7     308   3     309   4     310   6     311   3     312   3     313   1     314   7     316   7     317   6     318   5     319   7     320   2     321   3     322   1     324   6     325   5     326   6     327   5     328   1     329   6     330   2     331   3     332   2     333   6     334   7     335   4     337   3     340   1     342   2     343   3     344   1     345   3     346   5     347   6     348   7     349   4     351   1     352   4     353   6     354   3     355   1     356   2     357   2     358   2     359   6     360   1   
37   241  37   1     76   3     77   4     78   4     79   4     80   6     81   1     82   4     83   2     84   5     85   7     86   7     87   7     88   1     89   2     90   1     91   7     92   6     93   3     94   1     95   3     96   4     97   3     98   3     99   5     101   1     102   5     103   2     104   5     105   5     106   5     107   4     109   6     110   7     111   1     112   1     113   1     114   2     115   1     116   6     117   3     118   1     119   6     120   4     121   6     122   2     123   5     124   7     125   5     126   1     127   5     130   3     131   1     132   5     133   7     134   1     135   2     136   7     137   6     138   5     139   2     140   1     141   7     142   4     143   5     144   2     145   2     146   4     148   7     149   1     150   5     151   1     152   7     154   6     155   2     156   2     157   5     158   3     159   3     160   6     161   1     162   4     163   2     165   5     168   5     169   1     170   3     171   2     172   1     173   5     175   1     176   4     177   1     178   3     179   7     180   2     181   7     182   6     185   7     186   4     187   1     188   7     189   5     190   3     191   4     193   1     194   6     195   3     196   6     198   4     199   7     200   1     201   3     202   3     203   6     204   2     205   5     206   4     208   1     209   6     210   5     211   7     212   6     213   1     215   1     216   7     219   5     220   4     221   6     222   5     223   2     224   1     226   7     228   1     229   2     231   6     232   7     233   4     235   3     236   4     237   5     240   2     241   6     242   3     243   4     244   1     246   4     247   1     248   2     249   1     250   5     251   4     252   2     253   6     255   6     256   3     259   2     260   6     261   3     262   7     263   6     264   6     266   7     267   3     269   3     270   1     271   4     272   3     273   6     274   4     275   1     276   5     277   2     278   5     279   2     280   7     282   6     283   3     284   4     285   7     286   2     287   3     288   6     289   6     290   4     291   1     292   7     293   5     294   1     295   4     296   7     298   1     299   1     300   7     301   4     302   3     304   7     306   5     307   7     308   6     309   7     310   1     311   7     313   4     314   5     315   3     316   6     317   6     318   2     319   3     321   4     322   3     323   3     324   7     325   6     326   5     328   3     329   2     330   2     331   6     332   3     333   5     335   2     336   3     337   3     339   2     340   5     341   2     342   7     343   3     344   5     345   1     346   6     347   6     348   5     352   1     353   7     356   2     358   6     359   4     360   2   
38   241  38   1     76   4     77   3     78   7     79   2     80   2     81   5     82   7     83   1     84   7     85   6     86   6     87   1     88   2     89   2     91   3     92   7     93   2     94   2     95   1     96   5     97   7     99   1     101   2     102   4     104   2     106   2     107   2     108   7     110   5     111   6     112   5     114   4     116   7     118   3     119   6     120   4     121   7     124   3     125   5     126   4     127   7     128   5     129   5     130   3     131   7     132   3     133   2     134   2     135   5     136   4     137   6     138   2     140   5     141   7     143   4     145   2     146   1     147   7     148   7     149   3     150   6     151   6     152   6     154   7     155   7     156   1     157   6     158   4     159   1     160   6     161   1     162   3     163   7     164   4     166   6     167   6     168   7     169   6     170   1     171   2     172   7     173   3     175   4     176   3     177   1     179   3     180   7     181   7     182   2     183   7     184   2     185   7     187   3     188   1     189   1     190   5     191   3     192   2     193   2     194   1     195   1     196   4     197   1     198   5     199   6     201   6     202   1     203   3     204   7     205   3     207   3     208   5     210   4     211   5     212   7     213   1     214   4     215   2     216   6     217   3     219   6     220   2     221   5     222   6     223   1     224   6     225   1     226   6     227   4     228   6     231   2     232   3     233   5     234   4     235   2     236   3     237   1     238   7     239   5     240   6     241   2     242   3     243   7     245   7     246   2     247   5     248   5     250   1     251   5     252   5     253   1     254   7     255   3     256   6     258   5     259   5     260   1     261   5     262   5     263   5     264   2     265   1     266   1     267   4     268   5     269   1     270   1     272   3     273   7     274   7     275   6     276   5     277   5     278   5     280   2     281   7     282   6     284   5     285   5     286   7     288   7     290   5     291   5     292   1     293   7     294   5     295   5     297   7     298   7     299   6     300   1     301   5     302   7     303   4     304   7     305   1     306   4     308   5     309   6     310   3     311   5     312   7     313   2     314   3     315   5     316   6     317   1     318   7     319   5     320   2     321   5     324   3     325   5     326   5     330   7     332   1     333   1     334   3     335   2     336   2     337   3     338   5     339   1     340   7     341   1     342   3     343   5     344   1     346   6     347   5     350   5     351   1     352   3     353   5     354   6     355   4     356   5     357   2     358   2     359   3   
39   264  39   1     76   7     77   3     78   2     79   7     80   3     81   5     82   3     83   1     85   2     86   1     87   3     88   3     89   7     90   7     91   2     92   5     93   4     94   6     95   7     96   7     97   1     98   4     100   6     101   5     103   1     104   2     105   2     106   7     107   6     108   5     109   1     110   1     111   4     112   1     114   7     115   2     116   4     117   1     118   2     119   4     120   1     122   3     123   6     124   7     125   7     126   2     127   7     128   7     129   4     130   2     132   7     133   4     135   4     136   3     137   2     138   7     139   4     140   4     141   5     142   2     143   3     144   1     145   2     146   6     147   7     148   2     149   1     150   4     152   5     153   5     154   3     155   6     156   1     157   3     158   7     159   3     160   3     162   2     163   4     164   2     165   3     166   5     167   7     168   2     169   1     170   5     171   5     172   7     174   4     175   7     176   6     177   3     178   3     179   3     180   1     181   7     182   5     183   6     184   3     185   5     186   4     187   5     188   7     189   4     190   6     191   5     193   1     194   5     195   2     196   2     197   6     198   5     199   3     200   4     201   3     202   4     203   2     204   3     205   7     206   1     207   5     208   5     209   5     210   4     211   7     212   7     213   2     214   6     215   4     216   4     217   5     218   6     219   5     220   7     221   7     222   5     223   5     224   7     225   1     226   3     227   2     228   5     229   2     230   6     231   4     232   2     233   3     234   6     235   4     236   6     237   4     238   5     239   1     240   2     241   7     242   5     243   5     244   1     245   4     246   5     247   7     248   2     249   5     250   4     251   4     252   5     253   4     254   7     255   4     256   5     257   6     258   7     259   6     260   3     261   4     262   3     263   4     264   2     265   2     266   7     267   1     268   6     269   2     270   6     271   1     273   1     274   1     275   5     276   2     277   7     278   1     279   7     281   7     282   4     283   1     284   6     285   4     286   4     287   6     288   6     290   4     292   5     293   4     294   5     295   3     296   4     297   3     298   2     299   1     300   4     301   4     302   4     303   4     304   2     305   5     306   4     307   4     308   1     309   1     310   6     312   3     313   3     314   2     315   6     316   6     317   5     318   2     319   6     320   2     321   6     323   7     324   3     325   4     326   6     327   4     328   7     329   4     330   6     331   4     332   6     333   3     334   6     335   7     336   6     337   2     338   7     339   5     341   5     342   4     343   6     344   1     345   2     347   6     348   5     349   6     351   5     352   3     353   1     354   5     355   3     357   2     358   6     360   3   
40   252  40   1     76   3     79   6     80   7     81   7     82   5     83   2     84   6     85   5     86   4     87   7     88   1     93   7     94   4     95   2     96   6     97   4     98   2     99   7     100   5     101   6     102   4     103   7     105   4     106   6     108   5     109   6     110   3     112   2     113   4     114   2     115   2     117   6     119   1     120   3     121   5     122   4     123   1     124   5     125   6     126   6     127   6     128   5     130   1     131   1     132   1     133   2     134   5     135   2     136   7     137   4     139   5     140   5     141   2     142   6     143   3     144   2     145   3     146   3     147   5     148   3     149   5     150   7     151   6     152   6     153   1     154   2     155   5     156   5     157   4     158   7     159   4     160   3     161   6     162   7     163   6     164   6     165   1     166   1     168   5     169   5     171   3     173   2     174   3     175   5     176   3     177   6     178   7     179   5     180   6     182   1     183   4     184   7     185   2     186   6     187   2     189   7     190   1     191   5     192   5     193   3     194   1     195   7     196   3     197   5     198   6     199   7     200   4     201   4     202   3     203   1     204   5     205   3     206   6     207   7     208   5     209   5     210   3     211   6     212   4     213   4     214   1     215   3     216   2     218   2     219   3     220   5     221   5     222   3     223   2     224   2     225   7     227   1     228   3     229   6     230   5     231   1     232   7     233   2     234   2     235   1     236   7     237   7     238   5     240   3     241   3     242   2     243   7     244   7     245   4     246   2     247   1     248   5     249   4     250   1     251   5     252   3     253   2     254   1     255   7     256   3     257   7     259   3     260   6     261   6     262   6     263   4     264   5     265   4     266   7     267   5     268   6     270   5     271   5     272   7     273   4     274   5     275   5     276   3     277   1     278   7     280   2     281   7     282   5     283   3     285   2     286   2     288   7     289   1     290   4     291   7     292   2     293   3     294   3     295   3     297   1     298   3     299   4     300   5     302   4     303   4     304   5     305   3     306   4     307   2     308   2     309   2     310   4     312   4     313   1     315   2     316   1     317   3     318   6     321   1     322   5     323   1     324   3     325   3     326   5     327   7     328   6     329   1     330   2     331   4     332   1     333   2     334   1     335   2     336   3     338   6     339   2     340   3     341   4     342   7     343   6     344   2     345   1     346   6     347   4     348   2     349   3     350   2     351   3     352   1     354   2     355   4     356   3     357   1     358   4     359   4     360   7   
41   249  41   1     76   1     78   2     79   7     80   6     81   3     82   6     83   1     84   3     85   1     86   6     87   1     88   6     90   1     91   4     92   4     93   5     94   2     95   4     96   6     97   3     98   7     99   5     100   2     101   5     102   1     103   5     104   5     105   2     106   6     107   1     108   7     110   2     111   7     113   2     114   3     115   3     116   6     117   1     120   2     121   7     122   5     123   4     125   5     126   6     130   5     131   4     132   5     133   7     134   2     135   4     136   3     137   6     138   7     139   2     140   5     141   2     142   5     143   2     144   2     145   4     146   7     147   5     148   2     150   3     151   1     152   1     154   2     155   3     156   7     157   6     159   5     160   4     161   4     162   7     163   5     164   7     165   7     166   4     167   2     168   6     169   2     170   7     171   7     172   5     173   3     174   6     175   2     176   6     177   7     178   1     179   4     180   6     181   5     182   5     183   5     184   1     185   6     186   4     187   1     188   5     189   7     190   2     191   2     192   3     193   2     194   4     195   3     196   3     199   1     201   7     202   1     204   5     205   6     206   6     207   5     208   5     209   6     210   4     211   3     212   5     215   6     216   6     218   3     219   4     220   3     221   5     222   5     223   1     224   2     225   6     226   2     228   3     229   5     230   3     233   3     234   6     235   7     236   6     237   3     238   5     239   2     241   6     243   3     245   3     246   6     248   2     251   6     252   6     253   6     254   7     256   6     257   6     258   5     259   2     261   2     262   7     263   2     265   1     266   6     268   1     269   6     270   6     271   3     272   6     273   5     274   4     275   2     276   2     277   7     278   4     279   1     280   2     281   2     282   6     283   6     284   6     285   5     286   2     287   4     288   6     289   6     290   4     291   7     292   1     293   2     294   5     295   5     296   6     298   4     299   1     300   2     301   2     302   4     303   1     304   5     305   1     306   4     307   2     308   1     309   6     310   5     311   6     312   4     313   7     314   2     315   6     316   7     317   6     318   3     319   7     320   7     322   2     323   3     324   3     325   1     326   6     327   7     328   4     329   7     330   1     331   7     332   7     333   4     335   6     336   7     337   7     338   4     339   7     340   2     341   2     342   4     343   5     344   5     345   2     346   5     347   6     348   6     349   5     350   2     351   7     352   7     354   7     355   3     356   2     357   5     358   1     359   7     360   7   
42   250  42   1     76   2     77   6     78   6     79   1     80   6     81   1     82   1     86   3     87   6     88   6     89   1     90   6     91   5     92   5     93   6     94   3     95   5     97   6     98   3     99   2     100   3     101   3     102   7     103   3     105   2     106   3     107   1     108   4     109   6     110   4     111   7     112   1     113   4     114   7     115   6     116   6     117   2     118   2     119   4     120   2     121   6     122   5     123   6     124   4     125   3     126   4     127   6     128   7     129   3     130   2     131   2     132   7     133   6     134   3     135   3     136   4     137   1     138   5     139   4     140   5     141   7     142   2     143   4     146   2     147   4     149   7     150   4     151   3     152   5     153   3     154   4     155   7     156   3     157   6     158   5     159   7     160   1     161   4     162   2     163   5     165   4     166   5     167   4     168   5     169   1     170   2     171   6     173   5     174   1     175   4     176   5     177   4     178   1     179   7     180   4     182   3     183   6     184   6     186   3     187   4     188   1     189   1     190   7     191   5     192   2     193   4     194   6     196   3     198   2     199   2     200   3     201   3     202   1     203   5     204   6     205   7     206   5     207   6     208   5     209   6     210   6     211   3     212   2     213   1     214   4     215   6     216   3     217   2     218   1     219   7     220   4     221   1     222   5     223   5     224   6     225   5     227   1     229   2     230   5     231   7     232   4     234   1     236   7     237   1     238   7     239   6     242   7     243   4     244   5     245   7     246   5     247   5     249   4     250   3     251   2     252   4     253   3     254   4     256   1     257   2     258   4     259   4     260   2     261   3     262   4     263   7     264   4     266   5     267   6     268   5     269   3     271   3     272   1     273   4     276   6     277   3     278   6     279   1     280   7     281   7     283   5     284   1     285   3     286   7     287   6     288   7     290   1     291   2     292   4     293   1     294   6     296   6     298   3     299   1     300   1     301   6     302   2     303   7     304   5     305   6     306   4     307   5     309   3     310   3     311   7     312   7     315   1     316   7     317   7     318   6     319   5     320   6     321   6     322   3     324   2     325   4     326   1     327   5     329   3     330   5     331   3     332   4     333   5     334   7     335   2     336   2     337   1     338   7     339   7     340   3     341   3     342   6     343   6     344   6     345   7     346   2     347   6     348   5     349   4     350   1     352   1     353   1     354   3     355   2     356   2     357   4     358   5     359   1     360   7   
43   242  43   1     76   3     77   2     78   4     79   3     80   4     81   2     82   6     83   7     84   7     85   1     86   1     87   4     88   1     89   4     90   1     91   7     92   1     94   7     95   4     96   4     98   3     99   6     100   1     101   7     102   6     104   6     105   1     106   7     107   6     108   7     109   7     110   4     111   5     112   1     113   1     114   6     115   2     116   7     117   6     118   4     120   2     121   6     122   5     123   1     124   6     125   6     126   4     127   3     128   5     129   1     130   1     131   5     132   4     133   6     134   6     135   6     138   1     139   6     141   1     142   3     143   5     144   2     145   2     146   1     147   5     148   4     149   6     150   3     151   5     153   4     154   5     155   6     156   1     158   1     159   5     160   4     161   1     162   5     164   7     165   3     166   6     167   2     168   2     169   7     170   6     173   1     175   1     176   4     177   5     178   4     179   5     180   1     182   7     184   4     185   2     186   1     187   2     188   4     189   4     191   4     192   7     193   1     194   2     197   4     198   1     201   2     202   3     203   2     204   1     205   3     206   7     207   3     208   1     209   3     210   7     211   7     213   5     214   5     215   1     216   4     217   2     218   7     220   1     221   1     222   5     223   4     224   7     225   6     226   7     227   3     228   6     229   2     230   6     231   7     232   7     233   5     234   4     235   1     237   6     238   6     239   1     240   6     241   7     242   4     244   5     245   6     246   3     247   7     248   1     249   2     250   2     251   1     252   3     253   1     254   6     259   2     260   1     261   7     262   1     263   5     264   4     265   6     266   5     268   3     269   5     270   2     271   3     272   1     274   2     275   5     276   3     277   6     278   5     279   6     280   1     281   5     283   2     284   2     285   4     286   6     287   5     288   3     289   3     291   4     292   2     293   5     294   3     295   4     296   3     297   3     298   4     299   5     300   1     301   7     303   6     304   6     306   7     307   3     308   1     310   3     311   5     312   2     314   3     315   2     316   6     318   4     319   2     320   2     321   7     322   3     323   5     324   5     325   7     326   4     329   7     330   6     331   7     332   6     333   6     334   6     338   4     340   3     341   6     342   6     343   5     344   5     345   5     346   2     347   2     348   6     349   6     350   4     351   1     352   5     353   5     354   2     355   1     356   4     357   3     359   7     360   6   
44   249  44   1     76   7     77   5     78   5     79   1     80   5     81   6     82   5     83   5     84   3     85   6     87   6     88   3     89   6     90   1     91   2     93   1     94   2     96   4     97   7     98   2     99   5     100   2     102   1     103   2     104   5     105   4     106   1     108   3     109   5     110   5     111   6     112   7     113   3     114   4     115   2     116   5     117   5     118   1     119   2     120   6     121   4     122   7     123   7     124   2     125   6     126   6     127   1     128   3     129   2     130   2     131   4     132   1     133   6     134   2     135   4     136   7     139   5     140   7     141   4     142   5     143   3     144   3     146   3     147   7     148   7     149   5     150   2     151   5     152   5     153   4     154   2     155   1     156   7     157   1     159   5     160   1     161   4     162   7     164   5     165   5     166   3     167   3     168   2     169   3     170   7     172   5     173   4     174   5     175   2     176   1     180   5     181   1     182   1     183   2     184   5     185   6     187   4     188   7     189   6     190   3     191   4     192   2     193   5     194   3     196   3     197   4     198   4     199   4     200   4     201   5     202   3     204   6     205   7     206   6     207   6     208   4     209   5     210   3     211   5     212   3     215   2     216   1     217   3     218   3     219   1     220   5     222   2     223   2     224   2     225   3     226   4     227   2     228   3     231   3     233   6     234   5     236   1     239   6     240   7     242   4     243   5     244   7     245   2     246   5     248   6     249   4     250   7     251   2     252   1     253   5     254   4     255   5     257   7     258   6     259   5     260   7     261   4     262   1     263   6     264   7     265   7     266   3     267   7     268   2     269   1     270   6     271   4     272   7     273   5     274   7     275   3     276   5     277   1     278   6     279   3     280   3     281   6     282   5     283   4     284   7     285   7     286   1     288   3     290   4     291   7     292   3     293   3     294   7     295   6     296   3     297   2     298   3     299   4     300   6     303   6     304   5     305   7     306   5     307   6     308   7     309   7     310   7     312   4     313   2     314   7     315   4     316   5     317   5     318   6     319   4     320   7     321   4     322   7     323   6     324   7     325   4     326   7     327   4     328   1     329   3     330   4     331   4     332   6     333   6     334   7     335   6     336   4     337   2     339   2     340   4     341   7     342   6     343   6     344   7     345   1     346   4     347   2     348   2     349   4     352   2     353   4     354   2     355   4     356   1     357   7     358   4     359   7     360   6   
45   243  45   1     76   1     77   4     78   5     79   3     80   3     81   1     82   6     83   3     85   3     86   1     87   7     89   5     91   1     92   3     94   6     95   1     96   2     97   5     98   4     99   2     100   7     102   7     103   3     104   2     105   5     106   4     109   6     110   6     111   2     113   6     114   3     115   7     116   5     118   6     119   6     120   4     121   5     122   1     123   5     124   4     125   4     126   7     127   4     128   3     129   6     130   5     131   6     132   6     133   2     134   1     135   2     137   5     138   1     139   3     140   1     142   5     143   4     144   5     145   1     146   1     147   5     148   5     149   3     150   6     151   1     152   4     153   5     154   6     155   1     157   1     158   4     159   3     160   6     161   4     162   2     163   6     164   3     165   3     167   5     168   2     169   5     170   4     171   5     173   2     174   6     175   4     176   2     177   5     179   3     180   7     181   1     183   2     184   2     185   5     186   1     187   6     188   2     189   2     190   1     191   1     193   6     194   4     195   1     196   5     197   6     198   7     199   3     200   5     201   4     203   4     204   1     205   2     206   3     207   6     208   6     209   4     211   3     213   6     214   3     215   5     216   4     217   2     219   4     220   2     222   4     223   5     224   1     225   1     226   5     227   1     228   5     230   4     231   6     232   5     234   6     235   5     236   4     237   6     238   6     239   3     240   7     241   2     242   4     243   4     244   2     245   6     246   1     247   2     248   6     249   5     251   1     252   6     253   4     255   4     256   6     257   4     259   6     262   3     263   3     264   4     265   6     266   6     267   2     269   6     270   5     271   3     272   4     273   5     274   2     275   5     276   3     277   4     278   3     279   1     280   4     281   4     282   3     284   2     285   7     286   6     287   2     288   4     289   5     290   5     292   5     293   4     294   2     295   7     296   7     297   1     298   2     299   5     301   7     303   2     304   1     305   5     306   1     307   6     308   6     309   6     310   6     311   4     312   3     313   7     314   3     315   2     316   4     318   4     319   2     320   4     321   7     322   2     323   7     324   6     325   1     327   3     328   5     329   4     330   2     332   7     333   6     335   5     336   2     337   7     338   7     339   3     340   3     341   7     342   5     343   3     344   7     345   6     346   6     348   4     350   2     353   7     354   1     355   6     356   2     357   2     358   3     360   3   
46   246  46   1     76   5     77   5     78   7     80   5     82   2     83   2     85   6     86   6     87   3     88   6     89   7     90   2     91   4     92   4     93   2     94   7     96   3     97   2     98   3     100   2     101   3     102   3     103   1     104   7     105   5     106   3     107   7     108   4     109   1     110   2     112   7     113   5     114   2     115   2     116   6     117   1     120   7     121   6     122   5     123   3     125   7     126   1     127   5     128   7     129   3     130   6     132   7     134   6     135   1     136   7     137   6     140   1     141   2     143   7     144   6     145   4     146   1     147   7     148   5     149   7     150   6     151   5     152   6     153   5     156   6     157   2     158   6     159   3     160   6     161   5     162   6     163   4     164   6     165   3     166   7     167   6     168   2     169   2     170   3     171   7     173   3     175   6     176   6     177   1     178   7     179   4     180   6     181   1     182   7     183   5     184   6     185   3     187   4     188   2     189   6     190   6     191   2     192   4     193   2     194   6     195   5     196   1     197   3     198   5     199   1     200   4     201   4     202   2     204   1     205   5     206   2     207   6     208   6     209   7     211   7     212   7     213   1     214   4     215   5     216   7     217   1     218   1     219   5     220   4     221   6     222   2     223   3     224   7     225   4     226   6     228   2     229   3     231   6     232   4     233   1     234   1     235   3     236   4     237   5     238   1     239   2     240   7     241   2     242   6     243   7     244   5     245   4     246   7     247   2     250   6     251   1     252   6     253   5     254   4     255   4     256   3     257   5     259   7     260   7     261   3     263   2     264   3     265   6     266   7     267   5     268   3     270   6     271   7     272   5     273   1     274   5     275   4     276   3     277   7     278   7     279   2     280   4     282   5     283   2     284   1     285   7     286   4     287   2     288   5     290   1     291   3     292   1     293   3     294   4     295   5     296   4     298   1     299   7     300   1     301   2     303   6     304   2     308   1     310   3     311   5     312   3     313   6     315   4     316   2     317   4     318   3     319   1     320   4     321   5     322   5     323   7     324   7     325   7     326   6     327   4     328   5     329   6     330   6     332   4     333   3     334   2     335   6     336   7     337   1     338   4     339   7     340   1     341   4     342   5     343   7     344   3     345   5     346   2     347   7     348   5     349   3     351   4     352   2     353   6     354   1     355   7     357   1     358   3     359   3     360   6   
47   258  47   1     76   1     79   6     80   1     81   1     82   2     83   7     84   2     85   6     86   6     87   6     88   2     89   7     90   1     91   3     92   3     94   2     95   4     96   6     97   1     98   5     99   5     100   3     101   2     102   5     103   1     104   4     105   7     106   5     107   4     108   4     109   4     110   2     111   1     113   2     114   6     115   5     116   2     117   1     118   7     119   5     120   5     121   1     122   1     123   1     124   4     125   4     126   3     127   4     128   1     129   1     131   7     132   6     133   4     134   2     135   1     136   1     137   2     138   6     139   6     141   2     142   2     143   1     144   5     145   4     146   2     147   6     148   6     149   4     151   5     152   1     154   2     155   1     156   4     157   2     158   7     159   7     160   3     161   2     162   5     163   3     164   1     165   2     166   5     167   2     168   4     169   5     170   4     171   4     172   3     173   7     174   4     175   4     176   1     177   2     178   6     179   4     181   4     182   5     183   6     184   5     185   4     186   7     187   1     188   1     189   5     190   7     192   5     193   4     194   1     195   2     197   1     199   4     200   1     201   6     202   2     203   5     204   6     205   3     206   6     207   4     208   5     209   4     211   1     214   7     215   2     216   6     217   1     218   3     220   2     222   6     223   7     224   1     226   3     227   3     228   3     230   1     231   2     232   3     233   2     234   2     236   3     237   5     238   2     239   3     240   1     241   3     242   5     243   6     244   4     245   1     246   6     248   2     249   4     250   5     251   5     252   2     253   4     254   3     255   2     258   7     259   2     260   4     261   4     262   5     263   6     264   5     265   5     266   6     267   4     268   3     269   7     270   4     271   2     272   1     273   1     274   3     277   2     278   4     279   7     280   2     281   7     282   5     283   2     285   4     286   7     287   5     288   7     289   3     290   2     291   7     292   1     293   3     294   1     295   3     296   7     297   7     298   6     299   4     300   1     301   2     302   5     303   2     304   5     305   5     306   6     307   4     308   5     309   6     310   3     311   2     312   3     313   6     314   6     315   6     316   1     317   2     318   5     319   2     320   3     321   7     322   7     323   1     324   4     325   4     326   7     327   5     328   5     329   4     330   4     331   7     333   3     334   6     335   1     336   4     337   2     338   7     339   6     340   3     341   4     342   7     343   5     344   7     345   7     346   6     347   5     348   4     349   5     350   2     351   1     352   3     353   2     354   7     355   6     356   5     357   3     358   4     360   1   
48   249  48   1     76   6     77   5     78   5     79   6     80   2     81   7     82   7     84   4     86   2     88   5     89   3     90   3     92   4     93   2     95   2     96   7     97   4     98   7     99   2     100   4     101   3     102   3     103   3     104   2     105   6     106   1     107   6     109   3     110   1     111   7     113   1     114   3     115   5     116   1     117   4     118   6     119   4     120   7     121   7     122   6     123   3     124   7     125   1     126   5     127   5     128   2     129   2     130   5     131   4     132   1     133   1     134   5     135   2     136   2     137   6     138   3     139   7     141   5     142   4     143   3     144   6     145   1     147   5     149   1     150   5     151   7     152   4     153   4     154   7     155   1     156   7     157   5     158   4     159   2     160   5     161   4     162   7     164   6     165   6     166   7     167   7     169   3     170   4     171   3     172   2     173   3     174   5     175   5     176   1     177   3     178   3     179   4     181   1     182   7     183   3     184   2     185   4     186   7     187   1     188   5     190   2     191   7     192   3     193   6     194   6     195   6     196   4     197   3     198   7     199   3     200   1     202   7     203   4     204   4     205   1     206   1     207   7     208   5     209   6     210   5     211   4     212   3     213   2     214   1     215   6     217   7     218   5     219   6     220   1     221   2     222   1     223   3     224   2     226   3     227   6     228   3     229   1     231   4     232   5     233   6     234   5     235   4     236   5     237   1     238   6     239   5     240   2     241   7     243   2     244   2     245   5     246   5     247   4     248   7     249   7     250   4     251   6     252   4     253   1     254   3     255   3     256   2     257   4     258   4     259   3     260   2     261   2     262   1     263   2     264   1     266   6     267   2     269   7     270   4     271   2     272   2     273   5     275   4     276   5     277   6     278   5     279   5     280   7     281   3     282   6     283   7     284   1     286   1     287   3     288   6     289   6     290   7     293   5     294   7     295   1     296   4     298   1     299   2     300   5     301   4     302   7     303   5     304   6     305   3     306   1     307   3     309   2     310   6     312   4     313   1     314   1     315   7     316   3     317   1     318   4     319   6     321   4     322   3     324   2     325   1     327   4     329   3     330   5     331   6     332   7     333   5     334   4     335   4     336   3     338   1     339   2     342   5     343   1     344   7     345   2     346   6     348   1     349   2     350   3     351   5     352   6     354   5     355   7     356   5     357   4     358   7     359   2     360   1   
49   254  49   1     76   3     77   3     78   5     79   7     80   2     81   5     83   4     84   7     85   1     86   4     87   7     88   5     89   2     91   1     92   3     93   3     94   1     95   4     96   2     97   1     98   7     99   3     100   6     101   3     102   4     103   1     104   1     105   4     106   3     108   3     109   3     110   5     111   2     112   1     114   1     115   3     117   4     118   5     120   3     122   4     123   3     125   2     126   3     128   2     129   7     130   4     131   3     132   4     133   3     134   4     135   4     136   7     137   7     138   4     139   5     140   6     141   2     142   4     143   3     144   4     145   2     146   4     147   5     148   4     149   3     150   4     152   5     153   7     154   1     155   5     156   5     157   3     158   3     159   7     160   4     161   6     162   3     163   3     164   1     165   2     166   1     167   7     168   1     169   1     170   7     171   3     172   6     173   4     175   3     176   1     177   1     178   7     179   6     180   2     183   3     184   2     185   6     186   1     187   6     190   3     191   4     192   1     193   5     194   4     195   4     196   2     197   1     198   7     199   5     201   2     202   2     203   2     204   6     205   1     206   3     207   5     208   5     211   5     212   6     213   5     214   2     215   7     216   1     217   4     218   1     219   5     221   6     222   3     223   2     224   6     226   2     227   4     228   4     229   4     230   3     231   7     232   2     233   5     235   3     236   2     237   1     238   5     239   3     240   3     241   7     242   6     243   6     244   1     245   6     246   3     247   4     248   4     250   1     251   5     252   1     253   7     254   4     255   4     257   5     258   6     260   3     261   5     262   5     263   4     264   6     265   5     266   7     268   6     269   3     270   6     271   3     272   6     273   2     274   1     275   3     276   4     277   2     278   6     279   2     280   4     281   7     282   3     283   3     284   7     285   6     286   6     287   1     288   3     289   2     290   5     291   2     292   1     293   1     294   5     295   4     296   6     297   2     298   1     299   6     300   6     301   7     302   7     303   7     304   3     305   7     307   5     308   6     311   6     312   2     313   1     314   1     315   1     316   7     317   4     318   5     319   5     320   2     321   7     322   4     323   6     324   7     326   7     328   3     329   5     330   2     331   4     332   4     333   5     334   4     335   7     336   4     337   4     338   5     340   3     341   2     342   3     343   7     344   4     345   2     346   5     347   1     348   3     349   6     350   6     352   6     353   5     354   3     355   2     356   3     357   5     358   6     359   3     360   3   
50   249  50   1     76   4     77   2     78   1     79   4     80   4     81   6     82   6     84   7     85   2     86   3     87   4     88   5     89   6     90   7     91   4     92   7     93   4     94   7     95   3     96   2     97   5     98   3     99   6     100   2     102   2     103   7     105   1     106   1     107   3     108   7     109   5     110   1     111   3     112   4     113   7     114   1     115   7     116   2     117   2     118   3     119   5     120   6     122   6     123   1     124   5     125   5     126   7     127   3     128   7     129   5     130   6     131   4     132   2     133   4     135   5     136   4     137   5     139   2     140   2     142   3     143   1     144   2     145   4     146   3     147   4     148   1     149   4     150   2     151   4     152   5     153   5     154   5     155   4     158   7     159   1     160   7     161   3     162   1     163   4     164   5     165   3     166   1     167   5     168   2     169   2     170   3     171   4     172   6     173   4     175   4     176   3     177   7     178   3     179   5     180   6     181   4     182   2     183   3     184   7     185   1     187   3     188   3     189   5     190   1     191   1     192   7     193   7     194   3     195   6     196   3     197   7     198   2     199   1     200   3     201   3     202   2     203   4     205   3     206   5     207   5     209   1     210   7     211   3     212   5     213   1     214   5     215   4     216   6     217   6     218   5     219   5     221   2     222   3     224   7     225   5     226   5     227   4     228   7     229   3     231   7     232   2     233   4     234   4     235   1     236   5     237   7     238   4     239   2     240   2     241   7     242   2     243   2     244   4     245   2     246   7     247   4     248   1     249   5     250   5     252   4     253   1     255   5     256   5     258   6     259   4     260   3     261   3     262   7     263   5     264   4     265   1     267   7     268   2     269   1     270   7     273   2     274   7     276   3     277   5     278   5     279   2     280   3     281   7     282   1     283   5     284   6     286   2     287   1     288   4     289   4     290   6     291   7     292   7     294   5     295   5     296   1     297   3     298   3     299   5     300   1     301   4     302   4     303   4     304   2     305   6     306   1     307   6     308   2     309   5     310   1     312   6     313   3     314   7     315   2     317   3     318   2     319   5     320   7     321   7     322   6     323   3     325   2     326   2     327   2     328   6     330   4     332   1     333   4     334   6     335   2     336   1     337   5     339   2     340   7     342   2     343   6     345   5     346   6     347   6     348   6     349   7     350   3     352   6     353   3     354   3     355   3     356   4     357   1   
51   247  51   1     76   7     77   6     78   7     79   2     80   5     81   5     83   6     85   4     86   1     87   2     88   1     90   5     91   1     92   3     93   6     95   7     97   5     98   6     99   6     100   7     101   5     102   2     103   5     104   2     105   2     106   1     107   2     108   5     109   4     110   4     111   4     112   7     113   7     114   3     115   2     116   2     117   2     118   7     119   5     120   7     121   7     122   6     123   7     124   1     125   1     127   1     128   7     129   1     130   7     131   1     132   7     133   4     134   5     135   4     136   7     137   4     138   3     140   2     141   5     142   5     143   2     144   3     145   1     147   3     148   3     149   3     150   7     152   4     153   2     154   4     155   5     156   1     157   6     158   6     160   5     161   4     162   7     163   2     164   3     165   7     166   3     167   4     169   5     170   7     171   1     172   1     173   7     175   6     176   3     177   1     179   5     180   6     181   6     182   7     184   4     185   4     186   5     187   5     190   2     192   3     193   4     194   6     195   4     196   3     197   5     198   1     199   6     200   3     201   6     202   4     203   2     204   4     206   5     208   4     210   2     212   7     213   6     214   1     215   3     216   4     218   1     219   5     220   4     221   4     223   2     224   7     225   4     226   2     227   7     228   2     229   3     230   6     231   1     232   6     233   6     234   2     235   1     236   7     238   3     239   2     241   7     242   7     243   6     244   2     245   7     246   4     247   1     250   7     251   2     252   2     253   3     254   1     255   5     256   5     257   3     258   6     259   1     260   5     261   3     262   3     263   6     264   6     265   3     266   6     267   1     268   5     270   7     271   1     272   5     273   6     274   5     275   4     276   6     277   3     278   1     279   5     280   4     281   4     282   2     283   3     284   2     285   5     286   7     287   4     288   5     289   4     290   7     291   2     292   4     293   4     294   6     296   5     297   7     298   7     300   7     301   4     302   3     303   7     306   7     307   6     308   2     309   1     310   7     311   5     312   5     313   3     314   6     315   2     316   7     317   7     318   5     319   2     320   1     321   7     322   7     323   2     324   7     325   3     326   7     327   7     328   5     329   6     331   7     332   6     333   5     334   7     335   3     336   6     338   6     339   2     341   3     342   2     343   2     345   4     346   7     347   2     348   1     349   5     350   2     351   6     353   1     354   4     355   1     356   1     358   1     360   6   
52   253  52   1     76   3     77   3     78   4     80   6     82   4     83   7     84   3     85   7     86   3     87   5     88   6     89   2     90   5     91   4     92   2     93   4     94   5     95   5     96   4     97   1     98   3     99   6     100   4     101   5     102   6     103   4     104   3     105   7     106   7     107   3     109   7     110   5     111   4     112   6     113   7     114   2     115   3     116   1     118   4     119   1     120   1     121   4     122   5     124   6     125   5     126   4     127   7     128   4     129   6     131   1     132   3     133   1     134   2     135   3     136   1     137   1     138   5     139   3     140   5     141   1     142   4     143   1     144   4     145   2     146   3     147   6     148   4     150   1     151   7     152   6     156   6     157   7     158   2     160   5     161   2     163   4     165   3     166   2     167   3     168   5     169   4     170   7     172   4     173   5     174   5     175   6     176   1     177   6     178   6     179   3     180   3     181   1     182   4     183   4     184   4     185   4     186   4     187   2     188   4     189   7     190   6     191   1     192   3     193   6     194   6     195   3     196   4     197   7     198   1     199   3     200   7     201   3     202   6     203   1     204   2     205   6     206   7     207   7     209   3     211   3     212   1     213   3     214   7     215   2     216   2     217   4     218   5     219   6     222   2     223   5     224   6     225   2     226   5     227   2     228   7     230   2     231   5     233   7     234   7     235   5     236   2     238   4     240   1     241   6     242   4     243   2     244   2     245   3     246   6     247   7     248   5     249   7     250   5     251   4     252   1     253   6     255   2     256   7     257   6     258   3     259   6     260   4     262   1     263   1     264   2     265   4     266   6     267   2     268   3     269   4     270   5     271   1     272   1     273   6     274   2     275   3     277   2     278   7     279   4     280   7     282   4     283   3     284   3     285   7     286   3     287   2     288   6     289   5     290   3     291   2     292   2     293   4     295   1     297   6     298   3     299   3     300   5     301   5     302   3     303   6     304   7     305   3     306   6     307   2     309   7     310   2     311   6     312   7     313   5     314   1     315   7     316   2     317   5     318   3     320   7     321   2     322   3     323   5     324   4     325   7     326   3     327   7     329   6     330   5     331   7     332   5     333   6     334   6     335   4     336   4     337   5     338   5     339   6     340   3     341   3     342   4     343   7     344   5     345   2     347   7     348   6     349   6     350   3     351   4     352   7     353   2     354   4     356   4     357   4     358   3     359   1     360   2   
53   239  53   1     76   1     77   7     78   3     79   1     80   6     82   6     83   6     84   5     85   2     86   7     87   7     88   7     90   6     91   5     92   1     95   5     96   7     97   2     98   6     99   3     100   4     101   3     102   5     103   7     104   2     105   7     106   1     110   6     111   7     113   3     114   4     116   5     117   6     118   7     119   4     121   7     122   3     123   5     124   5     125   6     126   7     129   4     130   6     131   7     134   4     135   6     136   6     138   1     139   2     140   2     141   2     143   3     144   6     145   5     147   5     148   6     149   6     151   3     152   6     153   1     155   6     156   6     158   3     159   2     160   6     161   5     162   6     164   6     165   3     166   4     167   5     168   5     169   1     170   4     171   3     172   5     173   4     174   2     175   6     176   6     177   7     178   3     179   1     180   1     181   4     182   7     183   6     184   7     185   6     186   7     187   2     188   6     189   5     190   1     192   7     193   7     194   4     195   7     196   4     197   1     199   2     200   7     201   4     202   6     204   6     205   6     206   1     207   3     209   3     210   2     211   4     212   5     213   5     214   1     215   5     216   5     217   3     218   7     220   2     222   7     223   6     224   3     225   4     226   5     229   7     230   6     231   6     232   2     233   2     234   4     235   6     237   6     238   5     240   4     241   2     242   4     243   4     244   1     245   1     246   1     248   1     249   5     250   3     251   5     252   3     253   3     254   3     255   6     256   5     257   1     258   4     259   1     262   5     264   7     265   7     266   4     267   2     268   7     269   7     270   4     271   2     272   4     273   2     274   5     276   5     277   7     278   7     279   6     280   6     282   5     283   5     284   7     285   3     286   4     287   4     288   1     289   5     290   3     291   4     292   1     293   6     294   5     295   5     296   7     297   5     298   3     299   5     300   1     302   5     304   1     305   4     306   2     307   2     308   5     309   7     310   4     311   7     312   3     313   1     314   1     315   4     316   5     317   7     318   3     319   2     320   6     322   2     323   7     324   3     326   7     327   1     328   3     329   6     330   5     332   5     334   4     335   7     336   7     337   1     339   3     340   1     341   1     342   7     343   5     344   5     345   7     346   4     347   1     349   7     350   6     351   5     354   2     355   1     356   1     357   3     358   1     359   5     360   4   
54   247  54   1     76   2     78   6     79   1     80   6     82   7     83   2     84   2     85   5     86   7     87   1     88   4     89   5     90   1     91   5     93   5     94   6     96   4     97   7     99   6     100   3     101   5     102   2     103   2     104   7     105   3     106   7     107   5     108   3     109   7     111   2     112   3     113   3     114   7     115   2     116   2     117   7     118   1     119   1     120   2     121   1     122   6     124   1     125   3     126   4     127   6     128   6     129   3     130   7     131   4     132   1     133   1     135   4     136   6     137   6     138   4     140   6     141   7     142   4     143   4     144   5     145   5     146   4     147   6     148   2     149   2     150   1     151   6     152   7     154   3     155   1     156   7     157   7     158   1     159   7     160   5     162   6     163   7     165   5     166   2     167   3     168   2     169   2     170   6     172   3     173   7     174   4     175   6     176   4     177   3     178   6     179   2     180   7     181   3     182   4     183   4     184   3     187   7     188   4     189   7     190   5     192   3     194   5     195   1     196   2     197   5     198   2     199   2     200   6     201   4     202   2     203   1     204   3     205   6     206   1     207   2     208   3     209   1     210   3     212   4     215   7     216   3     217   4     218   2     220   2     221   1     222   7     223   1     225   5     226   5     227   4     228   3     229   4     230   7     231   4     232   3     233   2     234   7     235   5     236   7     238   6     239   6     240   7     241   1     242   2     243   1     244   4     245   3     246   3     247   2     248   6     249   3     250   2     251   5     252   6     254   2     255   6     256   3     257   1     258   3     259   4     260   6     261   2     263   4     264   5     265   1     266   1     267   5     268   1     269   6     270   4     271   1     272   5     273   6     274   5     275   6     276   5     277   6     278   1     279   3     280   3     281   3     282   5     283   1     285   4     286   5     287   2     289   7     290   3     291   2     293   7     294   4     295   6     298   7     299   5     300   1     301   1     302   6     304   1     305   3     306   7     307   6     308   3     310   4     311   3     313   1     316   7     317   3     318   4     319   7     320   1     321   4     322   6     323   5     324   4     325   6     326   3     327   7     328   4     329   6     330   3     331   5     332   3     333   6     335   4     337   3     338   2     339   4     340   4     341   6     342   2     344   1     345   6     346   5     347   6     348   6     349   3     350   1     351   1     352   1     354   5     355   4     356   3     357   6     358   2     359   4     360   3   
55   254  55   1     76   6     77   5     78   5     79   3     81   7     82   2     83   4     84   5     85   6     86   3     87   5     88   4     89   7     90   1     91   6     92   2     93   3     94   5     95   6     96   4     97   1     98   2     99   3     100   6     101   6     102   6     103   7     104   1     105   2     106   6     107   4     108   3     109   1     110   1     111   5     112   7     113   2     114   3     115   3     117   5     118   7     119   2     120   5     121   2     122   3     124   4     125   4     126   6     128   1     129   6     131   5     132   3     133   7     134   2     135   4     138   7     139   4     140   4     141   5     142   6     143   5     144   1     147   6     149   5     150   5     151   6     153   4     154   5     155   4     156   2     157   2     158   4     159   6     160   5     161   2     162   7     163   1     164   7     165   2     166   6     167   7     168   2     169   3     170   1     171   7     173   1     174   4     175   6     176   2     177   7     178   3     180   7     181   4     182   1     183   2     184   7     185   1     186   7     188   1     189   7     190   7     191   5     192   3     193   7     194   4     195   1     196   6     197   4     198   4     199   7     200   5     201   5     202   1     203   3     204   3     205   2     207   3     208   5     209   3     210   7     212   1     213   3     214   2     215   7     216   7     217   2     219   7     220   2     222   5     223   2     224   5     226   3     227   2     228   1     229   2     230   5     231   3     232   6     233   4     234   4     235   5     236   1     237   1     238   2     239   7     240   7     242   5     243   4     244   2     245   6     246   3     247   2     248   4     249   3     250   6     251   3     252   6     254   3     255   2     256   7     257   4     258   2     259   6     260   4     261   3     262   1     263   5     264   6     265   2     266   2     267   4     268   3     270   2     271   5     272   7     273   6     274   6     276   4     277   7     279   2     280   6     281   1     282   1     283   4     284   7     285   4     286   6     288   3     289   1     290   4     291   6     294   4     295   4     296   6     297   6     298   2     299   1     300   6     301   3     302   3     303   6     304   5     305   4     306   3     308   6     309   7     310   1     311   7     313   5     314   2     315   4     316   6     317   7     318   4     319   1     320   2     321   2     322   1     323   1     325   3     326   4     327   1     328   7     330   3     331   7     332   1     333   6     334   7     335   5     336   7     337   6     339   5     340   2     341   4     342   7     343   5     344   2     345   7     346   2     347   7     348   3     349   3     350   4     351   5     352   2     353   3     354   4     355   1     356   6     357   3     358   3     359   4     360   3   
56   260  56   1     76   2     77   5     78   6     79   7     80   3     83   3     84   5     85   3     86   3     87   5     88   5     89   4     90   7     91   1     92   5     93   6     94   3     95   2     96   3     97   1     98   5     99   2     100   1     101   7     102   2     103   4     104   7     105   1     106   6     107   3     109   1     110   7     111   5     112   7     113   7     114   1     115   6     116   7     117   6     118   7     119   3     120   1     121   6     122   3     123   1     124   2     125   1     126   1     127   2     128   5     129   3     130   5     131   3     132   6     133   1     135   6     137   5     138   7     139   2     140   4     143   7     144   5     145   2     146   4     148   1     149   2     150   5     151   7     152   6     153   2     154   7     155   7     156   6     157   5     158   6     159   6     160   5     161   6     162   3     163   2     164   4     165   6     166   4     167   2     168   3     170   5     171   4     172   3     173   7     174   1     175   3     176   2     177   2     178   4     179   6     181   6     182   4     183   2     184   6     186   7     187   1     188   2     189   4     190   5     191   6     192   1     193   3     194   2     195   7     196   5     197   3     198   3     199   3     200   1     201   2     202   1     203   6     204   3     205   3     206   2     207   1     209   7     212   7     213   4     214   6     215   1     216   1     217   1     218   7     219   6     220   7     221   5     222   3     223   2     224   7     225   7     226   1     227   3     228   6     229   1     230   1     231   7     232   1     233   3     235   7     237   7     238   5     239   4     240   5     241   1     242   3     243   2     244   3     245   2     246   6     247   3     248   2     250   5     251   3     252   4     254   4     255   3     256   3     257   5     258   7     259   5     260   4     261   4     262   2     263   2     265   7     266   1     267   7     268   4     269   2     270   1     271   6     272   7     274   6     275   7     276   7     277   1     278   6     279   7     280   7     281   2     282   1     283   1     284   2     285   2     287   2     288   3     289   6     290   5     291   6     292   2     293   5     294   7     295   3     296   3     297   7     298   3     300   6     301   3     302   5     303   5     304   7     305   4     306   4     307   3     308   5     309   5     310   6     311   3     312   5     313   6     314   3     315   7     316   3     317   2     318   5     319   1     320   2     321   3     322   6     323   3     324   5     325   4     326   4     327   7     328   6     329   7     330   1     331   2     332   5     333   3     334   5     335   6     336   6     337   6     339   6     340   2     341   2     342   2     343   2     345   5     346   4     347   3     348   6     349   7     350   5     351   7     353   5     354   4     355   2     357   2     358   1     359   1     360   1   
57   249  57   1     76   1     77   5     78   2     79   2     80   2     81   6     82   4     84   5     85   7     86   1     87   4     88   6     89   1     90   7     91   5     92   6     94   2     95   5     96   5     97   5     99   4     100   7     101   1     102   4     103   2     104   7     105   3     106   3     107   5     108   1     109   6     110   2     111   4     112   2     113   5     114   4     115   3     116   1     117   6     118   1     119   2     120   7     121   4     122   7     123   5     124   6     125   3     126   1     127   1     129   7     130   4     131   2     133   3     134   5     135   4     136   2     137   6     138   6     140   2     141   1     142   2     143   3     144   4     145   3     146   3     149   1     150   4     151   3     152   5     153   1     155   4     156   4     157   6     158   7     159   2     160   2     161   1     162   3     163   6     164   7     165   2     166   1     168   7     169   4     170   7     171   4     172   6     173   7     174   4     176   7     177   5     178   2     179   4     180   4     181   4     182   3     183   7     185   7     186   1     188   1     189   6     190   2     192   2     194   7     195   6     196   3     197   3     198   2     199   5     200   7     201   5     202   4     203   3     205   4     206   7     207   3     209   2     210   1     211   6     212   1     213   3     214   6     215   4     216   7     217   5     218   5     219   3     220   1     221   7     222   1     224   1     225   5     227   3     228   1     229   5     230   3     232   1     233   5     234   4     235   2     236   7     237   6     238   5     240   7     241   4     242   1     243   3     244   2     245   2     246   2     247   6     248   7     249   2     250   7     251   6     254   5     255   7     256   3     257   2     258   5     260   5     261   7     263   1     264   7     266   1     267   2     268   4     269   7     270   5     271   5     272   6     273   2     274   2     275   3     276   3     277   1     278   5     279   6     280   4     281   5     283   2     284   1     285   5     286   7     287   4     288   1     289   5     290   3     291   2     292   6     293   6     294   5     295   7     296   7     297   4     298   6     299   4     301   7     302   1     303   1     304   5     305   6     306   5     307   7     308   1     310   4     311   4     312   3     313   1     314   6     315   6     316   4     318   1     319   6     321   5     322   7     323   5     324   6     325   3     326   2     328   5     329   1     330   6     331   2     332   3     333   5     334   3     336   7     337   2     338   2     339   3     340   6     342   3     343   2     344   5     346   1     347   4     348   3     350   5     351   2     352   6     353   3     354   3     356   4     357   6     358   6     359   5     360   1   
58   250  58   1     76   3     78   1     79   6     80   1     81   4     82   4     85   2     86   4     87   6     89   2     90   2     91   7     92   3     93   1     95   6     96   3     98   3     99   7     100   2     101   5     102   4     103   1     104   4     105   3     106   2     107   7     109   4     110   7     111   1     112   1     113   3     114   5     115   1     116   6     117   2     119   3     120   5     121   6     122   1     123   1     124   6     125   4     126   3     128   7     129   1     130   1     131   3     132   7     133   2     134   7     135   3     136   2     137   4     138   1     140   2     141   7     142   6     143   6     145   4     146   4     147   4     148   4     149   7     150   2     151   6     152   5     154   3     155   5     157   3     158   5     159   5     160   5     161   1     162   7     163   1     164   7     165   4     166   3     167   7     168   2     169   4     170   2     171   1     173   6     174   1     175   3     176   2     177   2     178   3     179   6     180   4     181   5     182   4     183   7     184   5     185   6     186   7     187   3     188   7     189   2     190   7     191   3     192   5     193   2     195   3     196   3     198   1     199   4     200   5     201   4     202   4     203   4     204   5     205   4     206   1     207   7     208   7     210   1     212   2     213   3     214   1     215   2     216   2     217   1     218   3     219   3     220   7     221   7     222   7     223   3     224   3     225   1     226   2     227   2     228   1     229   1     230   5     231   6     232   2     233   3     234   2     235   5     236   6     237   7     238   4     239   7     241   3     242   7     243   1     244   2     245   6     246   6     247   1     249   1     250   7     252   1     253   4     254   3     255   2     256   7     258   3     259   7     261   5     262   4     264   5     265   4     266   1     267   2     269   1     270   1     271   7     272   3     273   1     274   7     275   7     276   6     277   3     278   2     279   6     280   4     281   4     282   6     283   7     284   2     285   7     286   6     287   4     288   2     290   5     292   6     293   5     294   5     295   4     296   6     297   4     299   3     300   1     302   7     304   7     305   3     306   7     307   1     308   3     309   1     310   4     311   1     313   1     314   1     315   1     316   2     317   1     318   3     319   2     320   5     321   3     322   4     323   6     324   4     325   2     326   4     327   7     328   4     329   6     330   3     331   4     332   5     333   6     334   7     335   1     336   1     337   3     339   5     340   6     341   3     342   3     343   3     344   1     345   1     346   4     347   6     348   1     349   6     350   3     351   6     354   6     355   4     357   4     358   5     359   4   
59   252  59   1     76   3     77   5     79   5     80   3     81   5     82   7     83   2     84   4     85   6     86   4     87   6     88   5     89   7     90   1     92   4     93   5     94   7     95   1     96   2     97   2     99   4     100   7     101   2     102   3     103   2     104   3     105   7     106   1     107   7     108   7     109   7     110   5     111   3     112   1     113   1     114   7     115   1     116   7     117   1     118   5     119   1     120   3     121   2     122   1     123   7     125   7     127   3     128   2     130   1     131   3     132   4     134   6     136   3     137   5     141   7     142   7     143   6     144   7     145   4     146   2     147   2     148   1     149   7     150   4     151   2     152   4     153   1     155   5     156   7     157   5     158   6     159   1     160   3     161   7     162   1     163   5     164   1     165   1     167   5     170   5     171   5     172   6     173   1     174   2     175   5     176   1     177   4     178   5     179   4     180   3     181   6     182   3     184   5     185   3     186   7     189   6     190   7     191   5     192   6     194   7     195   6     196   6     197   1     198   1     199   5     201   4     202   4     203   2     204   3     205   4     206   4     207   5     208   2     209   3     210   2     211   7     212   3     213   5     215   5     216   3     217   7     218   6     219   5     220   4     221   5     222   5     223   2     224   3     225   4     226   5     227   4     228   3     229   1     230   5     231   5     232   6     233   1     235   7     236   1     237   1     238   6     239   3     240   2     241   7     242   3     243   1     244   1     245   5     247   2     248   4     250   7     251   6     252   1     253   5     254   1     255   5     257   3     258   1     260   3     261   2     262   5     263   7     264   6     265   5     266   5     267   6     268   5     269   6     270   6     271   5     272   1     273   4     274   1     275   3     276   1     277   2     278   3     279   7     280   7     281   3     282   2     283   3     284   2     285   5     286   7     287   2     289   3     290   6     291   5     292   6     293   6     294   4     295   6     296   6     297   3     298   4     299   3     300   7     301   5     302   7     303   5     304   6     305   3     306   6     309   2     311   1     312   7     314   6     315   1     316   2     317   2     318   6     319   3     320   3     321   2     322   2     323   6     324   1     325   5     326   4     327   1     329   4     330   2     331   2     332   4     333   3     334   7     335   2     336   6     337   3     338   6     339   1     340   6     341   3     342   7     343   6     344   1     345   6     346   7     347   7     348   5     349   6     350   3     351   3     353   6     354   4     355   2     356   4     358   7     359   4     360   3   
60   237  60   1     76   4     77   2     78   2     79   3     80   6     82   4     83   4     86   6     88   3     89   2     90   5     91   7     92   7     93   5     94   7     95   4     96   5     97   1     98   5     99   5     101   5     104   1     105   4     106   4     108   6     109   2     110   2     111   7     113   3     114   6     115   4     117   6     118   2     119   2     120   3     123   2     124   7     125   3     126   2     127   6     128   1     129   6     130   5     131   4     132   6     133   3     134   4     135   3     136   7     138   6     139   4     140   7     142   2     143   2     144   4     145   1     146   6     147   2     148   7     150   1     151   4     152   4     153   3     154   7     155   3     156   2     157   1     158   7     159   2     160   1     161   6     162   2     163   7     164   1     165   6     166   7     167   6     168   6     171   2     172   1     173   1     174   7     175   5     176   6     177   2     178   4     179   5     180   2     181   1     182   3     183   2     186   6     187   7     188   3     189   4     190   7     191   4     192   7     193   1     194   4     195   1     196   3     198   2     199   7     200   4     202   6     203   6     204   4     205   2     207   7     208   7     209   6     210   6     211   2     212   5     213   6     215   7     216   6     217   3     218   2     219   6     220   5     221   2     222   7     223   6     224   5     225   2     226   1     227   4     228   3     229   2     231   3     234   6     235   1     236   6     237   1     238   6     239   3     240   5     244   4     245   1     247   3     248   3     249   1     250   4     251   7     252   3     253   2     254   7     255   1     256   1     257   4     258   6     260   7     261   1     262   6     263   2     264   2     265   3     266   4     267   3     268   6     270   2     271   4     272   2     273   5     274   7     275   2     276   2     278   7     279   1     280   2     281   4     282   6     283   5     284   6     285   7     286   3     287   3     288   1     289   7     290   6     292   6     293   1     294   3     297   3     298   3     299   4     300   2     301   1     302   1     303   7     305   2     306   3     307   3     308   6     309   7     310   4     311   2     312   5     315   2     316   5     318   4     319   6     320   2     321   7     322   4     323   2     325   6     326   5     329   1     330   2     331   4     332   6     333   2     335   6     337   6     338   2     339   1     341   1     342   6     344   5     345   6     346   7     348   7     349   3     350   1     351   6     352   6     353   1     354   5     355   2     356   1     357   3     359   2     360   5   
61   254  61   1     76   1     78   2     80   6     81   1     82   6     83   7     85   4     86   5     87   4     88   1     90   5     91   7     94   6     95   6     96   6     97   7     98   2     99   7     100   5     101   5     102   2     103   3     105   2     106   2     107   6     108   1     109   1     110   5     112   3     114   1     115   6     116   2     117   6     118   2     119   2     120   6     121   1     122   3     123   5     124   5     125   6     127   4     128   6     129   6     130   7     131   7     132   2     133   6     134   6     135   6     136   7     137   1     138   4     139   2     140   3     141   4     142   5     143   7     144   7     146   1     147   2     150   4     151   6     152   2     154   3     156   4     157   5     159   3     160   2     161   5     162   4     163   6     164   4     165   3     166   7     167   3     168   2     170   4     171   4     172   5     173   5     175   4     176   5     177   2     179   5     180   3     181   5     182   1     183   6     184   1     185   5     187   6     188   6     189   2     190   4     193   7     194   5     195   3     196   3     197   3     198   2     199   1     200   4     201   3     202   3     203   3     204   3     205   6     206   4     207   1     208   4     209   7     210   7     211   7     212   7     213   7     214   3     215   7     216   2     217   7     218   7     219   3     220   3     221   4     222   6     223   7     224   1     225   7     226   6     227   3     228   2     229   6     230   6     231   7     232   6     233   1     234   7     235   1     236   4     238   4     239   6     240   5     241   4     242   2     243   3     244   1     245   5     246   5     247   4     248   2     249   6     250   1     251   1     252   1     253   1     254   4     255   3     256   4     257   1     258   3     259   6     260   3     261   5     262   5     263   4     264   4     265   4     266   7     267   7     268   4     269   6     270   5     272   1     273   6     274   1     275   1     276   5     277   1     278   4     279   2     282   7     283   6     284   1     286   1     287   1     288   7     289   4     290   4     291   4     292   6     293   2     294   5     295   7     296   6     297   2     299   7     300   2     301   2     302   3     303   4     304   1     305   4     306   7     307   6     308   1     310   3     311   4     312   4     313   1     314   4     315   4     316   1     317   2     318   7     319   5     321   5     322   3     323   4     324   2     325   4     326   2     327   7     328   7     330   1     331   1     332   7     333   5     334   2     335   4     336   3     337   6     338   1     339   4     340   5     341   6     342   5     343   7     344   5     345   2     346   1     347   1     348   4     349   7     350   7     351   7     352   2     353   6     354   2     356   5     357   2     358   1     359   1     360   6   
62   260  62   1     76   3     77   2     78   3     79   4     80   2     81   1     82   5     83   2     84   7     85   6     86   6     87   2     88   5     89   2     90   4     91   7     92   3     94   5     95   1     96   3     97   1     98   1     99   5     100   7     102   3     103   7     104   6     105   5     106   1     107   2     108   6     111   4     112   6     113   6     114   5     115   4     116   7     117   5     118   7     119   5     120   4     121   4     122   3     123   7     124   7     125   6     126   7     127   3     129   6     131   2     132   5     133   5     134   3     135   6     136   6     137   7     138   7     139   2     140   3     141   6     142   2     143   5     145   3     146   4     147   3     148   4     149   4     150   3     151   5     152   4     153   3     154   2     156   4     157   2     158   6     159   5     160   2     161   6     162   4     163   3     164   1     165   7     166   7     167   2     168   2     169   7     170   4     171   3     172   5     173   4     174   1     175   6     176   4     177   4     178   5     179   5     180   5     181   5     182   3     183   5     184   1     185   2     186   4     187   4     188   4     189   1     190   5     191   5     192   6     194   1     195   1     196   2     197   4     198   2     199   6     200   5     201   7     202   3     203   3     204   5     205   1     206   4     207   3     208   1     209   4     211   1     212   3     214   4     216   2     217   7     218   2     219   3     220   4     221   4     222   3     223   5     224   5     225   4     227   2     228   6     229   1     230   3     231   7     232   3     233   6     234   6     236   7     237   1     238   1     239   3     240   7     241   2     242   5     244   4     245   2     247   3     248   5     249   1     250   4     251   6     252   6     253   6     254   1     255   1     256   4     257   6     258   1     259   3     260   1     261   7     262   7     263   3     265   4     266   1     267   2     268   1     269   7     270   5     271   3     273   7     274   2     275   5     276   4     277   5     278   2     279   2     280   6     281   2     282   4     283   4     284   2     285   7     286   3     287   3     288   2     289   5     290   3     291   5     292   1     294   6     296   5     297   1     299   4     300   7     301   2     302   1     303   2     304   4     305   6     306   2     307   6     308   5     309   3     310   2     311   4     312   3     314   7     315   4     316   3     317   7     318   2     319   2     320   3     321   3     322   1     323   2     324   4     326   1     328   7     329   5     330   5     331   7     332   3     333   1     334   2     335   6     336   1     337   1     339   2     340   1     341   5     342   5     343   3     345   3     346   3     347   2     348   5     349   2     350   4     351   1     352   2     353   5     354   2     355   5     356   1     357   3     358   1     359   1     360   3   
63   256  63   1     78   4     80   1     82   2     83   3     84   5     85   7     87   1     88   1     89   2     90   1     91   7     92   6     93   2     94   2     95   7     98   4     99   1     100   3     101   7     102   7     103   7     104   4     105   7     107   5     108   2     109   5     110   5     111   1     112   7     113   1     114   2     116   2     117   1     118   4     119   2     120   7     121   5     122   6     123   5     124   7     125   2     126   4     127   6     128   3     129   5     130   6     131   1     132   5     133   6     136   6     137   2     138   5     139   2     140   5     141   1     142   4     143   1     144   6     145   2     146   5     147   7     148   1     149   6     150   2     151   7     153   2     154   3     155   7     156   4     157   1     158   7     159   5     160   2     161   6     162   6     163   1     164   1     165   1     166   5     167   4     168   1     169   2     170   5     171   5     172   2     173   4     174   2     176   4     177   1     178   4     179   2     180   7     182   1     183   3     184   1     185   5     186   7     187   4     188   1     189   7     190   2     191   4     192   2     193   7     194   1     195   4     197   6     198   5     199   4     200   1     202   1     203   5     204   4     205   3     206   5     207   3     208   2     209   4     210   6     211   4     212   2     213   5     214   7     215   2     217   1     218   2     219   6     220   3     222   1     223   2     224   5     226   5     227   5     228   3     229   3     230   3     231   4     232   7     233   7     234   5     235   6     236   1     237   6     238   7     239   6     240   4     241   5     242   6     243   5     244   7     245   1     246   7     247   3     248   5     249   6     250   7     251   1     252   5     253   1     255   6     257   2     258   1     259   6     261   5     262   7     263   7     264   6     265   6     266   4     267   2     268   3     269   7     270   7     271   3     272   2     273   5     274   4     275   1     276   5     277   7     278   1     279   1     280   4     281   5     285   1     286   3     287   5     288   4     289   6     290   7     291   1     292   6     293   7     294   7     295   6     296   1     297   1     298   1     299   5     300   4     301   1     303   4     304   6     305   2     306   2     307   1     308   7     309   4     310   6     311   5     312   1     313   7     314   6     315   3     316   7     317   6     318   5     319   1     320   2     321   2     322   4     323   4     324   4     325   4     327   4     328   4     329   1     330   3     331   6     332   1     333   6     334   4     335   5     336   5     337   1     338   6     339   7     340   2     342   3     343   4     344   1     345   2     346   4     347   1     348   2     349   3     350   1     351   4     352   7     355   7     356   7     357   5     358   3     359   4     360   4   
64   249  64   1     76   4     77   6     78   1     80   3     81   2     83   3     84   2     85   6     88   3     89   3     90   4     91   4     92   1     93   5     94   1     95   6     96   3     97   5     98   2     101   2     102   3     103   7     104   4     105   3     106   3     107   6     109   5     110   4     111   5     112   2     113   5     114   3     115   6     116   1     117   6     120   1     122   2     123   2     125   1     126   3     127   3     128   3     129   7     130   1     131   2     132   4     133   5     134   3     135   2     137   6     138   3     140   1     141   6     142   7     143   7     144   2     145   6     146   3     147   4     148   2     149   2     150   7     151   1     152   2     153   5     154   3     155   3     156   2     157   2     158   1     159   2     160   2     161   4     162   4     163   5     164   3     165   4     166   2     167   5     168   5     169   3     170   7     171   5     172   7     174   6     175   1     176   5     177   1     179   4     181   7     182   4     183   2     184   6     185   1     186   3     187   1     188   6     189   1     190   7     192   5     193   2     194   3     196   2     197   2     198   2     199   4     200   6     201   5     202   2     204   6     205   6     206   5     207   1     208   1     209   7     210   1     211   2     212   1     213   3     214   7     215   7     217   1     218   6     220   5     221   6     222   5     223   3     225   7     227   3     228   3     229   2     230   4     231   3     232   3     233   4     234   1     235   6     236   7     237   4     238   7     239   6     241   6     242   4     243   1     244   4     245   3     246   1     247   6     249   4     251   4     252   1     253   2     254   6     255   1     256   6     259   7     260   7     262   4     263   5     264   4     265   3     266   2     267   3     268   1     269   3     270   3     271   2     272   6     274   2     275   1     276   4     277   3     279   1     280   5     281   2     282   3     283   7     284   3     285   3     286   4     287   3     288   1     289   2     290   1     291   5     292   4     293   6     294   7     295   1     297   3     298   2     299   6     300   2     301   6     302   7     303   2     304   6     305   4     306   1     308   7     309   7     310   3     312   6     313   6     314   7     315   3     316   6     317   1     318   2     319   4     320   6     321   7     324   3     325   2     326   5     327   6     328   5     329   7     330   6     331   2     332   3     333   2     334   4     335   6     336   2     337   5     338   6     340   5     341   1     342   5     343   1     344   7     345   2     346   4     347   3     348   3     349   1     350   7     351   2     352   7     353   6     354   7     355   7     356   2     357   6     358   2     359   3     360   6   
65   245  65   1     77   6     78   5     79   2     80   4     81   4     82   1     83   6     84   3     85   5     86   7     88   2     89   2     90   3     92   2     93   6     94   3     95   3     96   2     97   3     98   4     99   1     100   4     101   1     102   7     103   5     104   6     105   2     106   6     107   6     108   5     109   4     110   3     111   4     112   4     113   7     115   1     117   6     118   3     119   1     120   6     122   2     124   2     126   5     127   5     128   2     130   3     131   3     132   4     134   2     135   5     136   2     137   5     139   4     140   5     143   3     144   5     145   4     146   5     147   7     148   2     149   2     150   5     152   6     153   5     154   1     155   2     156   7     157   6     158   3     159   3     160   3     161   5     162   5     163   1     164   6     165   3     166   6     167   7     168   3     169   7     170   7     171   7     172   5     173   5     174   4     175   2     176   2     177   7     179   7     180   6     181   5     182   5     183   1     184   4     185   7     186   1     187   3     188   2     189   7     190   3     191   6     193   6     194   1     195   7     196   5     198   5     199   3     200   6     201   6     202   1     203   2     204   2     205   5     206   2     207   5     208   1     209   1     211   7     212   7     213   3     214   2     216   1     217   6     218   6     219   5     220   6     222   6     223   5     225   4     227   7     228   2     229   1     230   2     231   1     232   4     233   7     234   4     235   6     236   2     237   7     238   6     239   4     241   6     242   7     243   7     244   5     245   7     246   5     247   3     248   1     249   6     250   5     251   3     252   1     253   1     254   1     255   5     256   4     258   7     259   1     260   2     261   3     262   1     263   4     264   1     265   1     266   5     268   7     269   5     270   6     271   1     272   5     273   2     274   6     275   3     276   2     277   4     278   3     279   4     280   1     281   3     282   1     285   2     287   5     288   2     289   7     290   1     291   5     292   6     293   1     294   1     295   2     296   6     297   6     298   4     300   7     301   5     302   7     303   7     305   2     308   4     309   3     310   2     311   3     313   4     314   2     315   4     316   5     318   6     320   4     321   1     322   4     323   6     324   7     325   3     326   6     327   6     329   4     330   4     331   2     332   5     334   1     335   3     336   3     337   5     338   7     339   6     340   6     341   2     342   3     343   7     344   7     345   6     346   2     347   7     349   3     350   6     351   3     352   3     354   5     355   1     356   4     358   7     359   7   
66   252  66   1     76   5     77   6     78   5     79   1     80   2     81   4     82   4     83   1     84   1     85   7     86   1     87   4     88   3     90   2     91   1     93   2     94   5     95   4     97   3     98   3     99   3     100   2     101   2     102   1     103   3     104   5     105   4     106   2     108   4     109   7     111   1     112   1     114   5     115   1     116   1     117   7     118   2     119   7     120   7     121   6     122   1     123   7     126   5     127   2     128   1     129   2     130   6     131   2     132   5     133   2     134   4     135   3     136   6     137   5     138   4     139   3     140   2     141   7     143   6     145   2     147   4     149   4     152   5     153   1     154   6     155   7     156   3     158   2     159   1     160   1     161   1     162   3     163   2     164   4     165   6     166   7     167   3     168   6     169   1     171   2     173   4     174   2     175   1     176   2     177   1     178   1     179   7     180   4     181   7     182   5     183   6     184   4     185   2     186   2     187   7     188   5     189   1     190   3     191   4     192   4     193   7     194   1     195   6     196   3     198   1     199   2     200   7     202   4     203   1     204   4     205   1     206   5     207   2     209   5     210   2     211   6     212   4     213   1     214   4     215   2     216   7     217   5     218   5     219   5     220   3     221   6     222   7     223   5     225   7     226   5     227   5     228   4     229   5     230   1     232   1     233   1     234   2     235   1     236   4     237   5     238   7     239   1     240   5     241   3     242   3     243   7     245   6     246   7     247   3     248   6     249   3     250   2     251   1     252   6     253   7     254   5     255   2     256   2     257   5     258   4     259   5     260   1     261   2     262   6     263   1     264   4     265   3     266   3     267   2     268   1     269   3     270   2     271   4     272   6     273   7     275   5     278   5     279   1     280   5     281   6     282   4     283   6     284   6     285   6     286   3     287   2     288   3     289   7     290   1     291   6     292   4     293   2     295   7     296   6     297   3     298   7     299   7     300   7     301   7     302   4     303   4     306   3     307   3     308   5     309   7     310   1     311   1     312   2     313   1     314   4     315   2     316   4     318   3     319   1     320   3     321   6     322   6     323   3     324   5     325   3     326   6     327   5     328   1     329   5     330   6     331   2     332   2     333   5     334   5     335   5     336   7     337   7     338   7     339   4     340   6     341   1     342   4     343   6     344   2     345   7     346   6     347   7     349   6     350   7     351   1     352   7     353   6     354   4     356   1     357   6     359   5   
67   240  67   1     77   7     78   6     79   1     80   5     81   6     82   5     83   1     84   6     85   1     86   5     87   2     90   3     91   1     92   4     93   3     94   2     95   2     96   7     97   6     99   3     100   7     101   1     103   5     105   3     106   3     107   7     108   6     109   3     110   7     111   3     112   3     113   2     114   4     116   4     118   1     119   6     120   3     121   3     122   1     123   5     125   2     127   6     128   7     130   1     132   6     133   1     134   5     135   7     136   7     137   2     139   2     140   2     141   6     143   5     144   6     146   3     147   4     149   5     150   7     151   3     152   4     153   1     154   4     155   1     157   5     158   1     159   5     160   7     161   5     162   3     163   7     164   2     165   1     166   4     167   3     168   2     169   5     171   7     172   5     173   1     174   7     175   4     176   4     177   3     178   3     179   5     180   3     181   4     182   1     183   4     184   7     185   4     186   4     187   5     188   6     189   3     190   7     191   4     193   2     194   4     195   5     196   6     197   6     198   1     199   2     200   1     201   3     202   6     203   1     204   5     205   4     206   4     207   4     208   2     209   5     210   4     211   3     212   7     213   1     215   5     216   5     217   4     218   5     219   6     220   7     223   7     224   6     225   1     226   4     227   1     229   1     230   2     231   7     232   1     233   7     234   7     235   5     236   3     238   5     239   7     240   3     241   1     243   4     244   7     245   2     246   1     247   5     248   7     249   3     250   1     251   1     254   2     255   4     256   7     257   6     258   6     259   1     260   4     261   4     262   6     263   2     264   6     265   1     266   3     267   5     268   4     269   5     272   2     273   6     274   4     275   6     276   2     278   4     279   1     280   3     282   1     283   6     284   6     285   1     286   6     288   5     289   3     290   3     291   7     293   2     294   1     295   6     297   7     298   5     299   7     300   3     301   3     303   6     304   6     305   2     306   4     307   3     308   5     310   1     311   7     312   1     313   3     314   7     315   6     316   2     318   1     319   7     320   2     321   3     322   3     323   6     324   2     325   4     326   3     328   3     329   6     330   2     331   5     332   5     333   5     334   4     335   4     338   4     340   3     341   3     342   7     343   4     344   3     347   4     348   5     349   4     351   5     352   1     353   1     355   7     357   7     358   5     359   1     360   5   
68   249  68   1     76   5     77   2     78   1     79   7     80   4     81   6     82   3     83   7     84   6     85   4     86   2     87   6     88   2     89   2     90   4     91   7     93   7     94   4     95   7     96   2     97   4     98   7     100   6     101   6     102   1     103   4     104   4     105   2     106   5     108   7     109   6     110   7     111   6     112   7     113   6     114   7     115   3     117   3     118   4     119   5     120   2     121   5     122   3     123   2     124   1     125   2     126   1     127   2     128   1     130   2     131   5     132   1     133   5     134   7     135   1     136   2     138   1     139   5     140   4     141   1     142   3     143   3     144   3     145   7     146   2     147   2     148   5     149   1     150   5     151   2     152   6     153   3     154   1     155   1     156   4     157   5     158   7     159   5     161   5     162   7     163   5     164   3     165   2     166   1     167   5     168   5     169   5     170   1     172   2     173   6     174   1     175   5     176   2     177   6     178   4     180   5     181   4     182   5     183   4     185   5     186   7     187   7     188   4     189   5     190   6     192   1     193   2     194   6     195   1     196   2     198   3     200   2     201   2     202   7     203   7     204   1     205   3     206   6     207   7     208   2     209   1     210   6     211   7     212   7     213   1     214   3     215   6     217   6     218   4     219   5     220   3     221   4     223   7     224   6     225   1     226   4     227   7     229   7     230   6     232   7     233   6     234   1     236   1     237   5     238   6     239   2     240   6     242   3     243   2     244   4     245   5     247   2     251   2     252   4     253   2     254   3     255   4     256   4     257   3     258   7     260   7     263   7     264   2     265   1     266   2     268   6     269   4     270   6     271   1     272   5     273   7     274   4     275   5     276   5     277   4     278   1     279   4     280   3     281   4     282   5     283   2     284   4     285   5     286   7     287   1     288   4     289   6     290   5     291   3     292   6     293   2     294   3     296   6     297   5     298   2     300   4     301   4     302   3     303   2     306   3     307   2     308   5     309   3     310   6     311   6     312   5     313   4     314   7     315   2     316   4     317   7     318   1     319   1     320   2     321   1     322   4     323   7     324   1     325   3     326   3     327   7     328   7     329   7     330   5     333   4     334   7     336   2     337   7     338   6     339   3     340   4     341   3     342   3     344   4     345   5     346   3     347   5     348   4     349   4     350   5     351   7     352   6     353   3     354   7     355   3     357   7     358   3     360   3   
69   248  69   1     76   2     77   5     78   6     79   5     80   5     81   4     82   1     83   7     86   5     88   6     89   6     90   7     91   4     92   7     94   5     95   1     96   6     97   3     98   7     99   2     100   2     101   5     102   1     103   4     104   1     105   3     106   2     107   2     108   3     109   4     110   6     111   5     114   3     115   1     116   7     117   2     118   4     119   5     121   4     123   5     124   6     125   3     126   4     127   1     128   5     129   1     130   1     132   7     133   3     134   1     135   7     137   3     138   3     139   7     140   7     141   4     142   6     143   5     144   5     145   3     146   1     147   6     148   1     149   1     150   5     151   4     152   4     153   1     154   2     155   6     156   2     157   3     158   6     159   2     160   7     161   1     163   4     164   5     165   5     166   4     167   7     168   6     169   1     170   4     171   1     172   7     173   6     174   7     175   3     176   3     177   5     178   1     179   1     180   5     181   1     182   3     183   7     185   3     187   7     189   6     190   4     191   7     192   3     193   1     194   4     195   5     196   3     197   1     198   6     199   5     200   4     201   3     202   4     203   1     204   5     205   6     206   3     207   6     208   5     209   4     210   1     211   2     212   7     215   2     216   5     217   5     218   3     219   4     220   1     221   2     222   1     223   7     224   4     225   3     227   4     228   4     229   2     230   4     231   1     232   6     233   4     234   6     236   5     237   5     238   4     239   1     240   7     241   2     243   7     244   6     245   3     246   4     247   4     248   2     249   1     250   4     251   7     252   2     254   1     255   1     256   7     257   2     258   1     259   3     261   2     262   5     263   4     265   5     268   2     269   7     270   2     272   6     273   4     275   4     276   2     278   2     279   4     281   6     283   1     284   3     285   6     286   3     287   1     288   2     290   2     292   6     293   7     294   4     295   2     296   1     297   3     298   5     299   3     300   4     301   5     302   1     303   5     304   4     305   1     307   6     308   2     310   2     311   3     312   2     313   4     314   5     315   2     316   4     317   2     318   2     319   4     320   3     321   2     322   7     323   7     324   5     325   1     326   5     327   1     328   3     330   7     331   6     332   1     333   3     334   3     335   6     336   6     337   5     338   5     339   1     340   4     342   1     343   1     344   1     345   4     346   2     348   2     349   6     350   6     351   7     352   5     353   5     354   1     356   2     357   6     358   6     360   6   
70   238  70   1     76   3     77   1     78   3     79   6     80   5     81   4     85   1     86   1     87   7     88   3     89   3     91   1     93   6     95   6     96   7     97   4     98   6     99   1     100   6     102   2     103   7     106   1     107   2     108   7     109   6     110   6     111   7     112   7     113   1     114   1     115   5     116   3     117   2     118   2     120   4     121   5     122   6     123   1     124   3     125   7     127   3     128   5     129   4     130   6     132   5     133   4     135   3     136   1     137   7     138   1     139   1     140   1     141   6     142   4     143   3     144   1     145   2     146   5     148   7     150   7     151   6     152   4     153   6     154   4     155   2     156   3     157   5     158   1     159   4     160   7     162   6     163   3     164   3     165   4     166   5     167   6     168   2     169   6     170   4     171   1     172   3     173   2     174   1     175   3     177   1     178   2     179   5     180   4     181   4     182   5     183   5     184   7     185   5     186   2     188   5     189   5     190   6     191   3     192   3     196   3     197   6     198   3     199   2     200   5     201   3     203   6     204   3     205   2     206   2     207   2     208   7     209   2     210   3     211   5     212   1     213   3     214   5     215   2     216   2     217   5     219   3     221   6     222   3     223   2     224   7     228   5     229   4     230   2     231   4     232   4     234   2     236   1     237   1     239   7     240   6     242   5     243   5     244   1     246   2     247   7     248   3     249   4     250   3     252   1     254   6     255   5     256   2     257   5     258   3     259   6     261   6     262   4     263   4     264   6     265   2     266   3     267   5     268   6     269   1     270   7     271   6     272   7     273   7     274   7     275   3     276   7     277   2     279   6     280   7     281   2     282   3     283   5     284   3     287   5     288   5     289   4     290   5     291   2     292   6     293   4     294   7     295   3     296   1     298   4     299   2     300   4     301   2     304   5     305   3     306   7     307   3     308   7     309   5     310   4     311   1     312   2     313   4     314   2     315   7     318   6     319   5     320   3     322   1     323   7     324   3     325   2     327   2     330   3     331   6     332   4     333   6     334   4     335   4     336   3     337   1     338   6     339   6     340   3     341   7     342   4     343   4     344   6     345   4     346   6     347   2     348   7     349   1     350   6     351   1     352   6     353   7     355   2     356   7     357   4     358   2     359   5     360   5   
71   243  71   1     76   7     77   2     78   2     79   4     80   7     81   3     82   2     83   1     84   7     85   2     86   7     87   6     88   7     89   6     90   4     92   5     93   5     94   1     95   2     96   1     97   5     98   6     99   7     100   7     101   6     102   6     103   7     104   2     105   4     106   2     108   7     109   4     110   3     111   4     112   5     113   4     114   2     115   2     116   2     117   3     119   5     120   3     121   5     122   4     123   7     125   3     126   2     127   7     128   3     129   3     130   6     132   4     133   3     134   7     135   5     136   5     137   6     138   1     139   4     140   6     141   6     142   1     144   1     145   4     147   4     148   3     149   6     150   5     151   2     152   2     153   6     154   1     155   3     156   5     157   4     158   7     159   4     160   7     161   4     163   3     165   6     166   2     167   7     169   1     170   1     171   7     172   5     173   6     174   5     175   4     176   4     177   5     178   2     179   3     180   2     181   5     182   2     183   6     184   4     185   6     187   7     191   3     192   4     193   2     194   3     195   3     196   4     197   1     198   5     199   6     202   2     203   6     204   4     205   6     206   2     207   2     208   5     209   2     210   5     211   5     212   5     213   1     214   4     215   6     216   5     217   1     219   5     220   3     221   4     222   4     224   6     226   6     227   5     228   1     229   2     230   4     231   4     233   3     234   4     235   1     236   7     238   6     239   7     243   2     244   6     245   3     246   1     250   5     251   7     252   5     253   7     254   7     256   7     257   6     258   5     259   2     260   2     261   6     262   6     265   4     266   6     267   5     268   4     270   6     271   2     272   3     273   7     274   3     275   3     276   3     279   4     280   2     281   4     282   4     283   1     284   7     285   3     286   6     287   1     288   2     289   5     290   2     292   3     293   6     295   5     296   4     297   5     298   6     299   1     300   1     301   3     302   6     303   2     304   1     306   2     308   7     309   4     310   5     311   5     312   4     313   4     314   6     315   5     316   3     317   3     319   6     320   7     321   5     323   2     324   2     325   4     327   2     328   5     329   7     331   6     332   1     333   1     334   4     335   5     336   2     337   7     338   1     339   4     340   7     341   7     342   5     343   4     344   5     346   6     348   3     349   7     350   1     351   5     352   4     353   2     354   3     355   1     356   4     357   5     358   5     359   5     360   6   
72   255  72   1     76   7     77   5     78   5     79   1     80   6     81   1     82   5     83   1     84   6     85   2     86   5     87   1     88   4     89   7     90   6     91   4     92   1     93   7     94   6     95   4     96   7     97   6     98   5     99   5     100   5     101   1     102   2     103   1     104   3     105   7     106   3     107   1     108   2     109   7     110   1     111   3     112   5     113   2     114   6     115   3     116   4     118   2     119   1     120   4     121   7     122   4     123   6     124   5     125   4     127   4     128   4     129   7     130   1     131   3     132   5     135   3     138   7     139   4     140   6     141   6     142   4     143   3     144   3     145   4     146   5     147   7     148   6     149   1     150   4     151   5     152   2     153   3     154   2     155   7     156   5     157   5     158   3     159   3     160   2     161   7     162   3     163   7     164   3     165   4     166   5     167   5     168   1     169   5     170   3     171   2     172   6     173   7     174   2     175   6     176   3     177   3     178   2     180   2     181   6     182   1     183   2     184   2     185   2     186   1     187   3     188   1     189   1     193   5     194   1     195   5     196   7     197   5     198   4     199   6     200   2     201   6     203   5     204   7     205   1     206   7     207   3     208   3     209   6     210   2     213   7     214   6     215   6     216   5     217   6     218   4     220   4     221   3     222   2     223   5     224   6     225   4     226   4     228   7     229   4     230   5     231   5     232   4     233   6     234   2     236   1     237   3     238   3     239   1     240   3     241   6     242   6     243   1     244   4     245   7     246   3     247   4     248   1     249   6     251   4     253   6     254   3     255   4     256   3     257   2     258   5     259   7     260   5     261   3     262   5     263   1     264   4     265   7     266   7     267   7     268   1     269   4     271   1     272   1     273   3     274   5     275   1     276   2     277   2     278   3     280   3     281   1     282   6     284   1     285   2     286   5     287   6     288   4     290   1     291   7     292   1     293   5     294   2     295   3     296   5     297   1     298   4     299   6     300   7     301   3     303   2     304   4     305   2     307   5     308   2     309   6     310   5     312   2     313   5     314   4     315   4     318   1     319   6     320   7     321   5     322   1     323   5     324   6     325   3     326   5     327   6     328   5     329   1     330   2     331   4     332   7     334   1     335   3     336   7     337   3     338   4     339   7     340   7     341   7     342   7     344   1     345   6     346   4     347   2     349   2     351   6     352   6     353   4     354   2     355   6     356   6     357   1     358   5     359   2     360   4   
73   240  73   1     76   5     77   4     78   1     79   7     80   7     81   7     82   2     84   7     86   3     87   6     88   2     89   5     90   5     91   1     92   2     93   5     94   4     95   5     96   1     97   1     98   5     99   1     100   5     101   6     102   1     103   7     104   5     107   1     108   3     109   1     111   4     112   4     113   5     115   3     116   6     117   1     118   7     119   5     120   6     121   3     123   7     125   3     128   4     129   1     130   4     131   3     132   5     133   6     134   2     135   7     136   3     137   7     138   4     139   6     140   2     142   5     143   5     144   3     145   3     148   5     149   1     150   3     151   1     152   7     153   7     154   4     155   4     156   1     157   2     159   4     160   1     162   5     163   1     164   6     165   5     166   4     168   3     169   3     170   2     171   5     172   6     173   6     174   3     175   2     176   5     177   6     178   1     179   1     180   1     181   6     182   3     184   7     185   6     187   6     188   2     189   2     190   7     191   5     192   6     193   7     194   2     196   3     197   7     198   5     199   1     201   2     203   7     204   2     205   2     206   2     207   1     208   1     210   2     211   2     213   5     214   4     215   3     216   7     217   2     220   6     222   6     223   4     225   3     226   7     227   5     228   4     229   2     230   1     231   1     232   1     233   6     234   3     236   5     237   5     238   2     239   1     240   3     241   3     243   5     244   5     245   3     246   3     247   2     248   5     250   5     251   2     252   2     253   7     254   6     256   1     257   6     258   4     259   4     260   7     262   1     263   6     264   6     265   7     267   7     268   4     269   4     270   5     271   5     273   2     274   6     275   1     276   6     277   5     278   7     279   1     280   3     281   1     283   1     284   3     285   6     286   2     287   3     288   5     289   3     290   2     291   2     292   5     293   6     294   6     295   6     297   7     298   2     299   4     300   4     302   4     303   4     304   7     305   2     308   4     309   6     310   1     311   2     312   3     313   2     314   7     315   2     316   6     317   7     319   4     320   1     321   6     322   4     323   7     325   6     326   6     327   7     328   7     329   1     330   7     332   7     333   6     334   3     336   6     337   7     338   2     339   5     340   4     341   6     342   5     344   6     345   7     346   7     347   6     348   2     349   5     350   5     351   1     353   4     354   4     355   5     357   7     358   1     359   6     360   3   
74   244  74   1     76   5     77   2     78   2     79   5     82   2     83   1     84   2     85   1     86   2     87   1     88   4     89   3     90   1     91   2     92   6     94   3     95   3     96   7     97   4     98   2     99   4     100   2     101   3     102   6     103   1     104   4     106   5     108   3     109   3     111   4     113   3     114   5     115   4     116   4     117   1     119   6     120   7     121   5     122   5     123   2     124   6     125   7     126   5     127   4     128   4     129   4     130   3     131   1     132   4     133   1     134   5     135   5     136   7     137   2     138   3     139   5     140   5     141   2     142   3     143   3     144   6     146   2     147   6     149   1     150   5     151   5     152   7     153   5     154   6     155   1     156   3     157   5     158   2     160   6     163   4     164   6     165   4     166   2     167   4     169   6     170   1     171   3     172   7     173   4     174   1     175   4     176   7     177   2     178   2     179   2     181   6     183   3     184   7     187   5     188   1     189   1     190   6     191   7     192   7     193   5     194   4     195   2     196   4     197   5     198   1     199   6     200   5     201   5     203   5     205   5     209   2     210   5     212   7     214   7     215   2     216   3     217   4     218   5     219   5     220   4     221   7     222   3     223   3     224   1     225   6     226   4     227   2     228   4     229   7     231   1     232   3     233   5     234   1     235   1     236   7     237   4     239   4     240   2     241   4     242   2     243   4     244   2     245   2     246   3     248   2     249   1     250   5     251   1     252   3     253   3     254   2     255   5     256   2     257   4     258   4     259   4     260   1     261   4     262   1     263   7     264   3     265   7     266   2     267   4     268   3     269   5     270   2     271   4     272   1     273   2     274   5     275   1     276   1     277   4     278   1     280   5     281   5     282   3     285   2     286   1     287   3     288   7     289   6     290   7     291   6     293   7     294   5     295   5     296   5     297   5     298   2     299   6     300   7     301   4     302   4     304   4     305   7     306   1     307   6     308   2     309   7     310   2     311   2     312   7     313   7     314   7     315   1     316   7     317   5     318   7     319   2     320   4     322   3     323   1     324   3     325   3     326   2     328   3     329   6     332   1     333   3     334   3     335   1     336   2     338   2     339   7     340   5     341   3     342   7     343   3     345   7     347   2     348   6     349   6     352   4     353   5     354   1     355   7     356   7     357   4     358   2     359   3     360   7   
75   244  75   1     77   4     78   2     79   2     80   1     81   3     82   2     83   4     85   1     87   6     88   2     89   1     90   2     91   1     92   3     93   4     94   3     95   1     96   1     97   3     99   5     100   7     101   2     102   5     103   6     105   5     106   3     107   3     109   7     110   4     111   1     112   4     113   2     114   5     115   1     116   2     118   7     119   2     121   2     122   1     124   5     125   7     126   3     127   1     128   4     129   5     130   1     131   7     132   2     133   3     135   2     136   1     138   5     140   1     142   2     143   7     144   6     145   2     146   2     147   7     148   3     149   2     150   4     151   3     152   5     153   6     154   3     155   2     156   6     157   7     159   7     160   1     161   2     162   5     163   4     164   5     165   6     166   5     167   7     168   7     169   3     170   4     171   2     172   7     173   1     174   6     175   2     176   4     177   1     178   2     179   5     180   4     181   3     182   4     183   2     184   3     187   1     190   1     191   5     192   4     193   2     194   1     195   7     197   5     198   4     199   3     200   3     201   7     202   3     203   1     204   1     205   4     206   3     207   2     208   3     209   5     210   1     211   2     212   3     213   1     214   7     215   7     216   7     217   1     218   5     220   6     221   3     222   6     223   6     224   7     225   4     226   4     227   4     228   3     229   1     230   1     231   3     233   7     235   4     236   4     237   7     238   4     239   1     240   4     241   6     242   3     243   2     244   5     246   5     248   7     249   1     250   1     251   2     252   6     255   6     256   4     257   7     258   3     259   4     262   6     263   1     265   2     266   5     267   1     268   1     269   6     270   5     271   1     272   5     273   5     274   2     276   4     278   4     279   2     280   5     281   1     282   5     284   2     285   3     286   3     287   1     288   3     289   4     290   7     291   1     292   4     293   1     294   2     295   4     297   6     298   5     299   6     301   1     302   7     303   4     304   5     305   6     306   5     307   4     308   4     309   2     310   1     311   2     312   7     313   2     314   7     315   1     317   1     318   5     319   6     320   3     322   1     324   3     325   5     326   6     327   3     328   5     329   6     330   1     331   7     332   7     334   2     335   6     336   6     337   7     338   5     339   5     340   1     342   4     343   5     344   7     345   1     346   2     348   3     349   3     350   2     352   2     353   6     354   7     355   7     357   4     358   4     359   6     360   2   
