The following result corresponding the input file : input_file_q_ary_2013.txt
The following result corresponding the SNR point : 4 dB.
10  29     9 2   55 5   60 2   131 2   155 2   162 2   196 4   223 2   256 2   277 1   
42  38     4 4   14 2   16 2   17 4   35 1   52 4   54 4   63 5   71 2   73 1   78 2   89 1   96 2   97 6   99 4   108 3   135 4   176 4   185 4   187 2   188 2   192 1   197 1   199 2   203 1   204 2   216 4   234 1   239 1   248 4   252 1   271 1   275 2   279 4   292 2   293 4   311 4   325 4   328 3   346 4   347 4   348 4   
22  36     19 4   23 1   36 4   57 2   69 4   72 2   86 4   129 1   146 1   165 4   172 1   184 1   218 1   228 2   245 2   267 1   269 5   276 2   316 1   317 4   340 2   352 1   
37  45     4 4   13 2   23 1   52 2   55 1   74 4   83 1   100 3   102 1   113 4   119 1   127 1   128 1   142 2   157 4   174 4   176 2   184 4   189 1   204 1   212 4   225 1   232 1   235 3   246 1   250 2   252 1   254 4   261 2   263 4   265 4   270 2   274 2   312 1   319 1   346 4   357 2   
29  45     6 1   11 4   89 2   91 2   112 1   125 2   146 4   151 1   163 5   177 1   194 2   197 2   213 4   226 1   227 2   230 2   237 2   246 2   272 2   282 1   291 4   298 4   308 2   325 2   328 4   337 1   340 1   353 1   359 1   
33  41     8 1   17 4   31 5   35 2   42 2   51 2   59 2   61 2   62 4   89 2   90 1   99 2   117 4   131 1   142 1   154 2   178 2   179 2   190 4   206 2   212 1   226 2   232 4   249 4   250 1   269 4   277 2   278 1   297 2   299 2   304 1   339 4   351 6   
18  26     16 1   54 2   77 4   95 4   136 1   143 3   144 4   152 6   154 2   178 2   216 4   227 4   234 4   266 4   315 1   341 1   349 4   360 4   
42  49     12 2   14 4   18 1   48 1   50 4   54 2   80 6   83 1   92 2   98 4   104 4   134 2   152 2   155 1   161 2   179 1   181 2   189 6   198 1   203 4   209 2   211 1   231 4   235 2   247 1   250 1   269 2   274 1   276 1   283 1   284 2   287 2   305 1   306 4   308 1   318 2   320 1   324 2   326 1   329 4   337 2   344 4   
The following result corresponding the input file : input_file_q_ary_2013.txt
The following result corresponding the SNR point : 4 dB.
10  29     9 2   55 5   60 2   131 2   155 2   162 2   196 4   223 2   256 2   277 1   
42  38     4 4   14 2   16 2   17 4   35 1   52 4   54 4   63 5   71 2   73 1   78 2   89 1   96 2   97 6   99 4   108 3   135 4   176 4   185 4   187 2   188 2   192 1   197 1   199 2   203 1   204 2   216 4   234 1   239 1   248 4   252 1   271 1   275 2   279 4   292 2   293 4   311 4   325 4   328 3   346 4   347 4   348 4   
22  36     19 4   23 1   36 4   57 2   69 4   72 2   86 4   129 1   146 1   165 4   172 1   184 1   218 1   228 2   245 2   267 1   269 5   276 2   316 1   317 4   340 2   352 1   
37  45     4 4   13 2   23 1   52 2   55 1   74 4   83 1   100 3   102 1   113 4   119 1   127 1   128 1   142 2   157 4   174 4   176 2   184 4   189 1   204 1   212 4   225 1   232 1   235 3   246 1   250 2   252 1   254 4   261 2   263 4   265 4   270 2   274 2   312 1   319 1   346 4   357 2   
29  45     6 1   11 4   89 2   91 2   112 1   125 2   146 4   151 1   163 5   177 1   194 2   197 2   213 4   226 1   227 2   230 2   237 2   246 2   272 2   282 1   291 4   298 4   308 2   325 2   328 4   337 1   340 1   353 1   359 1   
33  41     8 1   17 4   31 5   35 2   42 2   51 2   59 2   61 2   62 4   89 2   90 1   99 2   117 4   131 1   142 1   154 2   178 2   179 2   190 4   206 2   212 1   226 2   232 4   249 4   250 1   269 4   277 2   278 1   297 2   299 2   304 1   339 4   351 6   
18  26     16 1   54 2   77 4   95 4   136 1   143 3   144 4   152 6   154 2   178 2   216 4   227 4   234 4   266 4   315 1   341 1   349 4   360 4   
42  49     12 2   14 4   18 1   48 1   50 4   54 2   80 6   83 1   92 2   98 4   104 4   134 2   152 2   155 1   161 2   179 1   181 2   189 6   198 1   203 4   209 2   211 1   231 4   235 2   247 1   250 1   269 2   274 1   276 1   283 1   284 2   287 2   305 1   306 4   308 1   318 2   320 1   324 2   326 1   329 4   337 2   344 4   
30  45     1 2   3 4   19 3   21 1   47 2   52 2   58 4   66 1   70 1   77 4   91 1   94 4   113 4   128 1   151 1   158 1   176 2   196 2   209 4   219 2   225 2   228 1   237 2   261 1   267 2   303 6   312 4   319 1   340 2   351 4   
24  39     10 1   35 4   41 2   67 2   85 1   98 4   110 4   155 3   161 4   180 2   197 6   200 4   221 1   223 2   240 2   256 1   257 4   272 4   275 2   287 2   292 4   308 2   313 1   344 2   
19  42     7 4   15 4   26 1   29 2   64 2   71 1   128 1   152 3   173 4   201 4   242 1   247 1   289 3   295 4   301 5   307 1   337 4   344 1   353 5   
40  44     4 2   18 5   19 4   35 1   38 2   52 1   56 1   69 1   72 2   104 2   121 2   131 1   143 2   147 2   148 2   155 2   160 1   167 1   169 4   180 1   184 2   186 1   191 1   193 1   211 1   219 4   220 4   229 1   236 2   250 4   276 3   299 4   301 1   303 1   312 1   313 1   315 1   337 1   346 2   357 1   
5  17     50 4   90 1   148 5   274 4   324 6   
30  45     43 1   48 4   67 4   74 4   98 2   132 2   163 1   166 2   168 2   175 1   181 2   182 1   188 2   197 4   200 4   202 2   212 2   214 1   250 4   271 2   273 4   297 1   301 2   303 2   306 4   314 2   325 1   333 3   347 4   360 1   
33  43     2 4   14 4   18 4   32 2   36 5   57 4   65 1   68 1   69 1   90 4   114 2   116 2   123 4   161 4   164 1   179 1   185 1   189 4   196 2   198 2   209 4   212 4   231 1   246 4   248 4   254 4   274 1   292 2   296 2   308 2   313 2   345 5   350 4   
29  49     5 1   6 1   15 1   18 1   19 4   44 1   62 2   77 2   86 4   89 2   106 2   112 4   150 2   153 4   165 5   175 1   191 4   196 1   215 1   218 4   222 2   258 2   259 2   275 1   291 2   297 2   303 2   328 1   334 1   
45  44     2 3   7 5   13 2   14 4   30 4   52 2   70 1   79 4   80 4   83 1   86 2   89 4   98 2   99 1   100 2   101 1   104 2   118 4   128 5   140 2   143 2   151 2   165 4   166 1   168 1   183 6   199 1   203 4   208 1   218 3   235 2   253 4   271 1   275 4   283 2   287 4   312 2   315 4   320 4   328 3   329 1   330 2   334 4   351 1   354 4   
36  47     5 4   13 4   35 2   39 2   41 1   49 2   59 4   65 4   78 2   132 2   143 2   146 1   156 4   162 1   167 4   179 1   184 2   185 4   186 1   215 1   222 2   226 1   249 1   252 2   266 1   272 4   284 1   298 2   308 2   309 4   324 1   326 2   329 1   337 1   339 2   342 2   
24  43     12 1   15 2   18 2   23 4   25 4   54 4   56 2   57 2   62 2   70 1   88 4   89 2   94 1   132 2   138 1   146 4   174 2   180 4   184 4   196 2   242 2   252 6   283 1   316 3   
41  44     7 2   9 1   11 2   18 1   21 4   35 1   37 1   40 1   45 1   52 6   55 1   67 4   83 3   88 4   90 4   109 2   110 2   124 2   131 6   134 4   153 4   175 2   182 4   185 4   205 2   217 2   222 4   223 2   238 1   239 4   240 2   243 2   256 1   265 1   283 2   287 1   313 1   323 3   330 1   333 2   342 4   
37  53     1 4   3 2   4 6   8 4   25 2   27 6   33 2   48 4   52 2   54 1   56 2   69 1   77 4   82 2   110 1   115 2   118 2   128 4   145 3   154 4   158 4   160 1   176 1   185 1   196 4   219 1   243 2   260 5   270 4   281 2   293 2   298 1   316 4   319 4   338 4   355 3   358 2   
31  36     12 4   21 2   28 1   36 4   40 3   55 5   57 2   84 1   96 1   136 1   140 4   152 4   155 2   172 2   180 4   187 4   200 4   212 1   230 4   235 1   236 2   248 4   252 2   255 4   271 4   274 3   290 4   300 4   313 1   333 1   347 1   
40  39     5 2   14 2   24 1   27 2   42 4   43 1   52 1   53 1   71 2   75 1   78 2   81 4   119 1   122 4   125 2   134 1   147 4   162 1   165 4   168 2   170 2   178 4   187 1   195 2   207 1   248 4   254 2   264 4   273 2   285 1   287 4   293 1   300 4   308 1   312 1   316 4   327 2   344 4   349 1   352 5   
28  41     21 1   31 1   51 4   57 1   80 2   97 1   103 1   108 1   111 2   117 2   168 4   169 6   175 4   191 2   194 4   199 4   201 2   207 1   209 1   212 1   219 4   259 1   289 4   297 4   302 2   304 3   341 4   350 1   
29  46     5 4   15 2   22 2   34 2   65 1   69 4   87 1   103 1   107 3   110 4   113 2   136 4   156 2   163 4   169 2   194 4   213 4   219 4   224 3   236 1   255 2   257 4   262 1   266 4   287 2   289 1   300 2   316 1   348 4   
30  44     5 3   10 1   11 1   37 4   55 1   59 4   71 4   73 2   83 1   85 1   91 4   105 2   117 1   124 1   143 2   163 2   190 2   211 1   220 2   238 2   246 1   258 2   269 3   277 4   281 1   285 1   286 2   294 4   304 2   356 4   
21  39     130 4   138 1   148 1   187 4   190 1   205 1   209 4   228 2   237 2   246 2   252 1   256 1   259 1   272 2   290 4   295 2   314 4   319 4   320 1   322 4   324 5   
34  43     13 2   19 2   33 2   54 1   61 6   65 1   89 2   110 4   118 1   119 4   122 4   126 5   133 2   139 2   148 1   157 1   177 1   188 4   190 4   193 4   206 2   221 1   224 4   244 4   256 2   257 4   282 1   292 4   319 4   328 4   333 4   337 1   346 1   349 2   
35  49     26 1   28 4   57 2   71 1   76 2   89 4   92 1   93 4   110 4   112 1   121 2   129 4   142 1   153 1   157 1   172 2   174 2   176 1   188 2   190 1   204 4   215 1   221 1   226 3   229 2   262 4   263 2   292 1   299 2   310 1   311 4   329 2   347 1   351 2   359 4   
37  35     1 1   20 1   25 1   37 4   42 2   59 2   66 2   67 4   69 2   80 2   83 2   86 4   96 4   101 4   141 4   145 2   158 4   159 2   163 1   191 4   194 2   218 4   229 1   248 2   255 1   265 4   267 1   273 4   278 4   284 2   297 4   312 2   318 1   331 4   332 4   349 4   355 2   
39  42     10 4   11 2   14 1   31 2   35 2   36 4   44 5   46 3   71 2   82 4   83 4   93 1   119 2   138 2   144 1   145 1   159 1   162 1   176 2   178 4   195 2   200 1   211 5   216 1   217 4   230 2   233 2   262 2   269 2   272 1   279 1   292 4   298 1   315 4   320 1   321 4   326 4   333 2   339 1   
32  39     2 1   25 4   27 1   29 4   39 1   61 4   70 1   78 1   92 3   99 4   104 4   119 1   123 2   137 1   140 1   158 1   160 1   161 1   166 2   167 6   200 1   234 2   248 3   254 4   266 1   268 4   276 1   295 1   300 4   312 2   327 5   351 1   
37  47     13 1   19 1   21 1   22 1   25 2   26 1   28 6   31 6   59 4   106 2   121 4   131 1   133 1   138 4   152 2   153 4   158 2   165 2   189 1   199 4   207 2   208 4   211 6   220 1   223 4   236 2   240 1   243 6   250 1   258 1   279 2   293 2   296 1   325 2   330 4   341 2   347 2   
46  49     5 1   6 1   20 4   21 1   23 1   27 1   36 3   46 2   53 1   58 2   60 2   66 2   76 4   79 1   82 4   87 1   90 4   98 2   116 1   118 2   120 4   122 1   129 2   135 1   150 4   156 4   159 1   184 4   188 1   190 1   200 4   215 4   218 2   230 1   243 5   249 1   250 4   263 1   265 2   272 1   277 1   287 2   304 1   305 4   317 1   323 2   
36  47     7 1   12 4   14 3   27 1   28 4   34 6   37 2   52 1   61 1   64 1   76 4   88 4   108 2   120 1   128 1   138 1   153 1   176 1   192 2   218 1   225 4   239 2   246 5   252 1   254 2   260 3   263 1   268 5   270 2   275 6   280 1   323 1   324 4   335 2   353 1   357 1   
41  52     17 4   35 2   37 4   74 4   80 4   81 2   93 1   109 2   119 2   121 4   143 5   145 4   146 2   155 1   156 4   158 2   165 2   173 4   175 2   182 3   211 1   213 3   214 1   219 1   229 1   233 2   238 4   241 1   265 2   269 1   279 1   286 5   292 6   305 2   306 2   311 1   316 2   318 1   325 2   326 1   349 4   
41  50     17 4   20 4   41 2   50 1   55 2   56 5   59 2   114 1   118 1   133 2   134 4   137 4   138 4   140 1   146 1   151 4   153 4   155 2   165 1   173 1   174 2   179 1   202 4   208 2   216 6   219 1   233 4   247 2   248 1   252 1   265 2   272 2   274 2   299 1   306 2   317 4   322 1   329 2   331 3   337 4   340 1   
27  36     0 4   8 4   9 4   27 2   33 4   35 2   36 2   50 1   69 1   72 1   92 4   104 4   135 4   147 1   150 2   164 4   168 2   182 2   197 4   199 4   209 2   215 4   262 4   264 2   278 4   281 3   282 1   
38  46     4 2   7 2   13 1   19 1   29 2   42 2   43 2   47 1   54 2   66 2   75 4   81 2   82 1   92 4   95 2   107 1   127 4   130 3   140 4   145 1   149 4   164 1   176 2   188 2   194 1   227 2   232 1   250 4   254 2   285 4   295 1   298 4   301 1   311 1   318 2   330 1   348 4   358 1   
37  51     22 2   43 4   61 4   62 1   77 2   80 2   91 2   97 4   104 4   105 2   108 1   110 2   113 1   115 4   124 4   139 4   142 2   147 1   155 4   156 1   159 1   165 2   193 4   198 4   216 6   219 1   226 2   242 1   243 2   250 2   264 4   272 1   288 4   311 1   317 2   320 1   322 4   
18  44     35 1   45 4   50 4   66 4   68 2   96 1   146 2   168 2   169 4   183 2   199 1   240 1   259 1   306 2   308 1   339 2   349 5   356 2   
36  47     14 1   25 2   31 2   50 4   65 4   75 2   91 1   107 1   110 2   122 2   124 1   126 2   127 1   128 4   129 2   138 2   139 4   152 4   154 2   162 4   166 2   176 1   181 1   186 1   190 1   203 2   215 2   217 1   242 6   263 4   275 1   298 1   319 1   332 4   344 2   347 4   
38  42     9 1   32 2   35 1   46 2   115 4   120 2   122 2   128 2   129 2   130 2   132 2   134 4   146 4   152 1   160 4   162 2   165 4   168 1   185 4   191 4   219 1   222 1   227 2   233 2   234 4   238 2   254 4   261 1   263 2   307 4   317 1   319 4   329 2   333 2   341 4   345 4   348 4   350 2   
33  48     2 4   13 5   16 2   19 2   32 2   33 4   40 4   51 4   58 3   68 1   81 2   110 2   113 2   115 2   116 2   119 2   140 2   146 4   186 2   213 1   238 4   248 2   258 4   262 1   272 1   282 4   290 1   291 3   294 1   299 2   308 4   329 4   346 4   
6  17     36 4   50 5   126 2   155 1   231 2   250 4   
33  53     4 2   32 4   41 6   49 6   71 4   76 1   77 4   84 4   89 1   131 4   140 1   163 2   171 2   176 1   212 4   215 4   222 4   246 2   258 4   278 2   289 2   294 2   301 2   303 1   304 2   312 1   315 2   319 1   323 2   326 4   336 1   346 4   356 2   
39  55     0 5   3 1   9 2   12 2   28 4   33 2   43 1   46 4   52 2   54 1   69 2   79 2   87 1   96 5   97 4   98 1   102 4   103 4   108 1   134 1   145 4   151 4   171 4   182 4   186 4   187 4   203 2   223 4   225 1   254 4   264 4   271 2   274 1   289 2   294 2   306 5   315 4   329 2   341 1   
23  34     18 1   62 1   68 4   83 4   96 5   103 4   104 4   133 4   136 4   159 2   170 4   176 4   190 1   199 4   208 2   216 2   231 1   241 4   250 2   288 1   313 2   323 2   334 4   
41  52     1 1   25 1   26 4   64 1   66 4   73 4   76 1   81 1   96 2   103 1   128 4   133 1   134 4   137 4   148 4   156 4   162 2   169 1   172 2   176 4   180 2   181 4   189 1   190 1   195 2   220 3   239 2   243 1   261 1   262 2   269 4   277 1   285 4   300 4   307 4   315 2   320 2   322 4   329 4   335 2   347 1   
40  58     13 5   27 1   29 4   30 2   41 4   51 4   71 1   84 1   126 4   136 2   138 1   142 4   143 1   146 2   150 4   157 2   162 1   168 4   176 4   197 4   205 2   207 1   213 1   222 4   223 1   225 1   231 1   236 3   239 1   254 4   275 1   287 1   297 5   298 4   316 6   322 1   323 2   326 4   337 5   338 4   
21  41     39 4   43 4   59 1   77 2   106 1   112 1   131 1   163 4   195 4   206 1   208 4   235 2   248 4   250 2   257 2   266 4   281 1   328 4   333 4   345 4   351 4   
43  55     12 4   22 1   29 2   33 4   37 4   42 1   50 1   55 1   60 4   63 2   64 4   72 2   74 1   76 2   77 1   100 2   117 2   119 4   120 4   136 4   151 4   152 4   157 4   171 4   181 2   187 4   189 1   194 4   196 1   200 4   219 3   221 4   223 1   240 4   282 1   304 1   310 1   312 4   342 3   344 2   345 2   353 1   354 4   
25  41     0 2   8 4   13 4   43 4   61 2   68 2   76 4   83 2   84 2   113 2   115 2   118 1   123 2   137 1   146 4   191 6   210 1   225 5   236 4   260 1   290 3   293 1   310 1   326 1   340 2   
38  54     37 4   43 4   46 1   49 2   50 2   56 4   58 2   60 1   74 4   92 2   98 2   103 2   113 2   132 4   141 3   145 2   152 1   163 1   164 1   167 2   200 4   202 2   212 4   215 4   221 1   222 5   224 6   231 1   237 2   241 2   252 6   253 2   256 2   266 2   302 2   312 1   315 4   338 1   
31  34     9 1   11 4   15 4   25 4   52 4   61 1   63 1   90 4   99 4   105 6   136 1   156 1   158 4   162 2   172 1   179 2   181 4   188 1   230 2   235 1   237 2   255 1   267 4   269 1   277 4   281 2   297 1   307 5   318 1   325 2   334 2   
28  43     4 4   5 4   16 2   23 2   30 2   38 3   44 2   48 1   61 1   70 2   87 4   105 4   107 1   123 2   130 2   150 4   160 4   166 4   188 2   203 1   234 1   250 3   286 2   288 2   293 2   301 1   309 1   350 4   
40  58     3 1   15 2   34 2   38 4   50 2   51 1   57 2   70 2   87 1   95 1   112 1   120 4   125 4   130 4   137 4   141 4   143 2   154 2   157 1   165 1   185 2   186 4   213 4   218 4   236 2   239 4   249 1   257 1   264 1   266 4   270 2   275 2   281 2   304 2   327 1   332 2   344 1   345 2   353 2   354 4   
31  50     26 2   41 4   47 1   49 2   52 4   54 3   61 2   62 2   71 1   87 1   95 2   106 4   136 1   138 1   144 4   152 2   174 1   190 1   195 2   204 2   232 2   233 1   261 1   284 1   292 2   306 1   311 4   316 1   324 1   342 3   346 4   
35  45     3 1   5 2   8 1   21 4   23 1   32 1   51 2   75 1   83 2   90 1   102 4   106 1   107 1   124 2   140 3   162 4   164 4   179 2   187 2   219 4   223 4   231 4   232 2   250 2   251 2   255 4   270 2   277 2   282 4   295 4   311 4   315 4   328 1   333 2   336 4   
33  52     1 2   26 4   36 1   51 1   55 4   70 1   72 2   89 2   93 2   106 4   125 2   136 6   138 4   141 2   144 4   150 1   157 2   162 4   188 2   214 1   240 4   251 1   262 4   264 4   271 4   283 2   295 2   300 1   302 2   312 5   317 2   334 1   338 6   
21  41     3 3   28 2   32 1   43 4   44 1   70 4   86 4   87 2   118 1   134 2   135 2   159 1   162 1   193 4   210 2   225 2   273 2   309 1   315 2   320 4   339 2   
37  52     1 1   2 1   9 1   33 1   41 3   42 2   43 1   71 5   74 1   77 1   83 1   91 1   110 4   112 1   122 1   124 2   147 5   166 4   175 1   180 1   193 1   210 1   212 1   216 1   225 4   244 6   248 1   261 2   263 1   282 4   290 4   297 1   305 1   306 1   319 3   321 1   337 5   
26  46     1 4   32 4   39 1   74 2   136 4   149 1   159 2   188 2   195 1   197 2   212 1   227 1   250 1   258 1   263 2   269 2   271 2   275 1   276 1   290 4   294 1   311 1   314 4   322 1   330 4   339 4   
41  57     12 2   16 4   17 4   23 2   25 4   26 2   30 1   31 1   37 1   70 4   81 4   118 4   125 4   133 4   146 2   153 4   155 1   157 1   168 5   184 4   212 2   217 1   220 2   230 1   232 2   239 4   247 4   252 2   261 4   265 2   271 2   277 4   282 2   286 1   288 1   297 2   302 2   322 2   329 3   348 1   349 2   
16  34     22 2   28 2   51 2   113 4   153 4   175 2   230 4   236 1   242 6   266 4   272 1   310 1   313 4   317 4   326 2   344 1   
37  57     4 1   26 1   34 1   36 1   38 1   40 4   69 4   72 4   86 1   87 1   91 4   95 4   115 1   121 2   127 2   130 3   131 4   148 2   149 2   153 4   159 2   167 1   176 2   212 1   214 4   235 4   253 2   262 2   286 4   302 4   312 1   338 1   343 2   344 1   346 4   351 2   360 4   
37  66     8 2   9 4   26 4   39 2   49 4   63 2   70 4   83 5   92 1   113 2   133 4   149 4   165 1   174 4   185 4   199 4   205 4   211 3   213 1   216 4   221 2   224 1   241 2   255 2   283 4   287 2   295 2   309 4   321 4   334 2   337 4   338 4   342 4   344 3   353 4   354 1   357 1   
34  44     9 2   25 2   49 1   60 1   63 4   77 4   85 4   91 4   100 2   101 2   102 2   117 1   119 2   121 2   130 2   155 2   156 2   161 2   167 1   175 1   186 4   193 4   209 1   216 4   220 2   255 2   293 1   311 4   313 5   320 2   324 1   330 4   343 2   353 3   
25  40     1 2   2 1   21 4   26 4   27 2   40 4   84 2   87 4   91 3   115 4   125 2   136 1   192 2   218 2   224 1   235 4   236 3   275 1   283 4   323 4   337 2   343 2   345 2   346 2   351 4   
31  47     1 1   4 1   9 2   11 1   15 2   28 1   38 2   39 2   52 1   71 2   87 1   106 1   132 1   145 4   148 1   162 2   163 1   173 2   179 2   196 1   204 2   205 2   211 2   220 2   230 1   236 2   242 4   246 1   256 3   288 2   360 4   
29  41     1 2   6 4   20 1   23 2   26 4   42 4   62 1   63 1   69 3   74 2   78 4   162 3   191 4   197 4   215 1   224 1   226 5   228 4   230 2   234 4   252 1   260 4   285 2   309 1   335 1   343 2   352 4   354 1   356 1   
47  58     2 4   9 2   13 4   17 2   18 2   30 2   33 3   60 4   69 4   78 4   81 4   82 2   84 2   85 2   103 1   111 1   117 1   122 1   123 1   125 2   130 4   141 2   145 1   155 2   176 4   185 1   192 1   213 1   227 1   230 4   242 4   257 5   258 1   259 2   260 1   264 6   267 1   296 4   298 4   300 3   307 2   324 4   325 1   339 4   355 2   357 1   360 2   
32  48     17 2   31 1   33 3   41 1   57 1   69 3   77 2   101 1   106 1   127 4   128 2   136 2   161 4   183 1   200 2   202 4   219 1   222 2   226 2   229 1   252 4   269 4   287 1   291 2   307 2   326 5   328 4   334 2   342 2   345 4   347 1   354 1   
41  58     36 1   40 4   43 5   47 1   58 1   59 4   67 2   69 5   88 4   105 4   118 1   122 4   123 6   132 4   134 4   161 4   179 2   180 2   185 4   197 2   201 1   214 1   218 3   232 6   234 1   237 1   241 1   248 1   253 4   275 4   284 4   295 4   302 5   305 2   313 2   317 6   321 2   322 1   330 2   333 4   345 2   
29  50     25 2   39 4   40 1   51 4   59 5   100 1   112 1   120 1   122 4   123 1   130 1   138 2   150 1   155 4   187 2   201 2   205 4   210 4   215 1   227 1   285 2   296 2   311 4   313 1   332 4   335 4   344 4   345 4   351 1   
47  48     21 4   23 2   25 4   27 1   33 4   42 4   43 4   46 2   57 1   83 2   90 2   91 5   100 1   112 4   119 1   128 1   131 1   132 2   136 2   148 1   157 4   161 1   162 1   167 4   174 2   190 2   192 1   205 2   208 1   209 4   215 2   222 4   233 1   255 4   266 4   270 2   274 2   284 4   289 4   290 2   295 2   313 4   322 4   328 1   329 1   356 1   359 2   
45  59     3 2   32 2   38 2   55 2   64 4   68 4   69 4   73 1   81 1   107 4   110 1   120 4   127 4   131 2   133 2   149 1   163 2   168 6   181 2   185 1   192 5   195 1   199 2   202 2   215 4   218 2   222 4   230 1   231 1   236 2   250 4   266 2   274 1   280 1   291 2   293 1   312 2   324 2   325 4   344 1   347 2   352 4   357 4   359 4   360 2   
31  43     38 1   42 2   58 1   66 1   71 1   76 1   89 2   95 6   136 2   144 1   147 3   165 1   176 1   177 1   182 4   189 4   199 4   200 4   203 4   204 1   214 4   227 6   248 1   252 4   266 2   277 2   288 2   303 2   342 2   345 1   355 1   
60  52     13 2   24 1   27 1   30 4   50 2   63 2   72 2   82 1   83 1   85 4   88 1   94 2   105 1   110 4   116 2   123 2   124 2   125 1   151 4   154 1   158 2   160 4   162 2   170 2   184 2   191 4   202 4   204 3   207 2   213 4   223 2   234 2   236 2   237 1   238 1   244 1   251 4   252 1   259 2   263 2   267 1   277 1   278 1   280 4   282 4   290 2   291 4   294 4   299 4   305 2   306 2   310 1   328 4   330 1   333 1   334 2   335 4   346 4   354 2   356 1   
35  45     1 2   12 1   25 2   34 2   51 4   60 4   69 1   70 1   73 1   85 4   91 2   124 2   126 1   153 1   158 2   159 2   175 4   176 1   177 4   189 6   210 2   213 2   219 4   225 2   237 4   253 4   262 1   269 4   275 5   288 4   292 1   298 4   313 4   314 2   328 1   
40  38     22 1   25 4   43 2   44 2   46 5   57 2   79 2   93 4   95 2   122 4   130 1   139 1   158 2   184 1   197 4   199 2   210 2   219 2   222 1   229 2   245 2   250 1   255 4   256 1   260 2   266 1   268 4   269 4   271 4   276 5   279 2   296 4   314 2   315 4   321 2   333 2   338 2   339 4   341 1   355 1   
44  41     1 2   8 1   10 2   22 1   37 1   49 1   62 4   69 4   73 1   74 1   92 1   96 4   105 4   106 4   111 1   112 4   124 1   128 2   131 1   136 1   140 2   149 1   157 2   160 4   163 1   166 4   176 2   177 5   182 2   183 4   196 2   220 2   227 4   231 1   238 1   239 1   266 2   274 4   302 2   303 2   311 4   321 4   335 4   352 2   
37  45     2 4   10 4   28 4   42 2   58 2   76 1   77 2   80 1   89 1   93 2   98 1   108 1   111 1   125 4   127 4   140 2   144 2   152 4   163 4   172 2   179 2   183 2   188 1   191 5   197 3   224 1   248 5   251 4   255 1   280 2   287 6   302 4   319 4   335 2   350 4   352 1   355 4   
38  52     1 1   4 1   10 2   19 1   38 1   48 2   55 1   63 1   64 4   65 1   81 1   91 1   92 4   108 4   113 2   114 4   124 2   127 1   146 2   158 4   161 2   181 2   197 4   209 3   217 4   253 4   254 4   262 2   264 4   286 1   295 2   296 4   298 4   304 1   321 1   341 4   344 2   354 1   
31  37     0 4   4 2   12 4   26 1   35 2   56 4   73 1   76 4   80 4   87 2   113 1   114 4   120 1   137 4   142 2   161 4   163 1   177 4   178 2   197 4   227 2   249 1   251 1   261 4   263 1   281 1   316 2   329 4   333 4   341 2   344 2   
33  49     18 1   24 1   27 2   37 4   40 2   52 2   63 1   66 1   69 1   76 2   78 4   100 4   106 2   123 1   126 2   138 2   177 2   182 4   190 5   202 4   214 1   225 2   226 2   253 1   257 4   274 2   277 2   296 2   322 4   325 2   334 1   337 4   340 2   
16  31     9 4   16 1   22 1   28 1   44 2   57 4   60 4   77 4   130 2   152 5   153 1   187 5   231 1   249 2   267 1   294 4   
37  45     4 2   7 1   13 1   19 1   23 4   40 2   43 1   45 4   49 2   61 4   63 4   81 1   91 5   94 5   97 1   101 1   103 2   110 1   138 1   149 2   173 1   186 2   197 1   216 2   227 4   231 2   248 1   250 1   252 4   255 2   269 1   290 4   296 1   310 4   341 1   343 1   353 1   
36  46     5 3   28 2   35 4   53 2   55 2   57 4   62 4   73 4   78 4   85 4   105 7   119 4   133 2   142 1   154 4   155 4   171 4   173 4   174 1   191 2   216 2   222 2   225 4   227 4   241 4   246 2   260 2   263 4   271 2   280 1   281 1   285 2   306 4   314 2   333 3   341 1   
16  31     61 2   86 2   99 4   104 2   105 4   122 4   159 4   166 4   172 3   213 2   219 4   226 1   242 2   280 1   328 2   357 2   
32  50     19 1   31 4   33 2   85 4   87 1   105 2   124 4   125 1   148 4   166 1   178 1   179 2   180 1   196 1   202 4   204 1   208 1   217 2   226 4   238 2   243 4   245 2   251 1   262 4   281 2   284 1   287 4   306 4   327 2   333 2   359 2   360 2   
39  41     5 1   18 4   37 2   55 2   70 2   81 2   85 2   93 4   104 4   108 4   127 2   134 4   142 4   143 1   148 1   151 1   154 2   161 2   165 2   167 2   171 1   181 4   190 4   198 4   199 4   201 4   206 1   207 2   216 1   218 4   224 4   258 2   266 4   293 4   311 4   312 4   320 4   348 2   349 4   
30  35     4 1   7 1   19 1   23 4   33 4   40 2   50 4   56 1   62 1   74 4   88 1   91 4   93 1   128 5   152 2   161 1   162 1   173 2   213 2   230 2   247 2   273 4   284 2   295 2   300 4   328 1   330 1   347 4   348 2   360 2   
32  38     3 3   7 4   18 4   21 2   38 1   41 4   69 4   71 1   72 3   90 1   97 2   117 4   132 4   143 2   145 4   150 1   181 4   193 2   200 1   202 4   211 1   219 1   220 1   221 4   280 1   296 2   314 1   315 2   334 5   345 1   349 4   358 3   
39  43     12 4   13 2   22 2   25 2   28 1   31 4   40 6   43 4   45 1   48 2   57 4   76 1   81 2   83 2   87 1   88 2   96 2   100 6   114 6   119 3   140 4   156 3   161 1   162 4   166 2   177 4   196 4   203 2   208 1   254 4   256 1   279 4   284 2   286 2   288 4   305 1   308 1   316 4   337 1   
38  50     0 1   2 1   13 1   31 2   51 4   54 1   58 4   68 1   73 2   85 1   89 1   104 1   121 4   132 7   133 4   137 4   142 1   144 1   145 4   156 1   164 1   169 4   175 4   209 4   213 4   215 4   230 2   236 1   240 1   263 2   283 1   294 4   305 4   320 4   329 2   337 1   344 2   350 2   
24  32     19 4   31 2   56 1   60 4   65 2   82 1   111 1   116 4   130 4   149 1   155 1   159 2   172 4   184 1   201 4   203 4   213 1   249 4   251 2   254 1   291 4   292 4   296 2   331 4   
27  44     22 4   53 5   55 1   80 2   91 2   103 2   120 2   122 4   127 4   139 2   166 4   179 6   184 1   187 1   193 4   204 6   211 2   222 2   230 2   244 2   268 4   269 2   271 1   276 4   279 1   321 1   348 4   
42  52     5 4   8 4   9 1   22 4   33 2   43 3   47 2   48 4   58 1   60 1   64 1   123 1   149 1   157 5   179 1   189 4   210 1   215 1   225 4   241 2   242 1   243 1   247 4   248 1   253 4   258 1   263 1   276 2   277 4   280 1   290 2   300 2   302 4   311 1   315 2   320 1   322 6   331 4   348 4   350 4   354 2   360 1   
26  47     10 2   35 4   38 1   39 2   53 2   61 2   70 1   85 4   86 4   107 2   109 2   127 1   137 1   194 4   209 4   216 1   235 4   268 1   270 4   278 4   279 1   286 4   292 1   339 1   356 1   359 2   
The following result corresponding the SNR point : 4.4 dB.
The following result corresponding the input file : input_file_q_ary_2013.txt
The following result corresponding the SNR point : 3 dB.
30  28     12 1   20 2   23 2   32 1   43 2   55 4   68 1   85 2   113 1   119 2   129 1   171 1   178 1   182 4   188 2   195 1   207 4   211 2   219 1   221 1   240 2   241 3   261 1   310 2   311 2   316 2   331 4   336 4   341 1   344 1   
32  29     18 4   42 5   44 2   47 2   49 2   61 2   64 2   69 5   86 4   98 1   105 1   115 1   116 3   117 2   123 2   130 5   132 4   134 1   156 4   160 4   161 2   176 3   202 2   205 4   225 2   249 1   268 4   274 1   279 1   284 3   301 1   335 4   
33  27     19 1   30 1   39 4   40 4   42 2   51 2   52 1   59 1   70 1   74 5   85 4   102 2   111 2   124 4   128 2   133 2   143 1   154 1   183 2   189 2   217 4   225 1   257 4   262 2   266 1   271 1   272 4   300 1   308 1   326 1   327 4   328 3   338 2   
48  25     3 2   13 2   20 1   35 1   38 5   43 2   45 4   50 2   60 4   62 4   64 1   69 6   75 4   84 1   96 1   100 4   110 4   123 1   126 1   130 2   133 1   138 1   163 4   173 1   175 1   179 2   187 2   192 4   195 2   204 1   207 2   209 2   210 4   229 2   243 1   245 5   256 2   264 5   273 1   287 2   289 1   292 4   315 1   322 4   326 4   328 4   342 2   343 2   
43  27     3 4   7 2   9 1   24 5   44 4   47 2   50 2   55 2   62 2   68 1   87 4   88 3   100 1   104 2   105 1   113 1   121 4   122 1   124 3   134 2   135 1   137 2   150 4   154 4   166 2   172 6   173 2   177 2   179 1   195 4   243 5   250 4   257 1   280 4   284 2   287 2   300 4   307 2   311 1   316 6   340 1   341 2   342 2   
26  26     11 1   32 1   39 4   47 4   48 2   55 4   72 4   105 4   107 2   118 2   149 1   154 1   176 2   209 4   218 1   231 4   242 1   249 4   268 2   269 4   273 2   308 2   314 2   328 2   334 4   341 4   
33  30     19 1   26 4   35 4   47 1   61 2   89 4   108 4   113 4   114 1   116 4   135 1   137 4   148 2   158 1   159 4   170 1   171 2   173 2   174 2   177 1   193 1   197 1   219 2   222 2   234 2   249 4   266 4   310 1   313 3   314 1   324 6   331 2   341 2   
25  25     10 2   21 2   23 1   47 2   67 2   90 1   91 2   95 2   109 2   114 1   129 2   133 2   134 2   140 2   141 4   194 4   203 4   217 1   224 4   225 2   263 4   297 1   313 4   321 4   323 1   
39  38     4 4   9 1   25 1   42 1   51 2   61 4   69 1   77 4   87 1   99 4   111 1   120 2   129 5   133 1   134 4   137 1   157 3   169 4   179 1   180 4   186 4   187 4   192 1   213 4   214 1   225 2   238 1   252 1   279 4   284 4   295 2   305 1   308 4   311 1   313 1   314 2   328 4   340 1   342 4   
19  21     13 5   19 1   51 2   59 4   134 2   161 3   166 2   176 1   182 2   228 3   229 2   239 2   254 4   268 2   272 4   276 2   288 4   308 4   317 4   
26  21     4 2   6 4   21 4   41 4   42 2   63 5   64 1   65 1   90 2   109 4   129 4   152 3   159 1   205 4   227 1   228 4   239 4   244 4   253 2   262 2   273 5   282 1   296 2   318 2   326 2   332 4   
27  16     1 1   17 4   39 5   47 4   73 4   84 1   139 1   143 4   150 1   162 4   178 2   222 2   230 2   231 1   234 2   236 2   258 1   266 5   280 1   294 2   302 2   304 6   305 1   317 4   322 4   334 1   339 4   
26  22     7 1   10 2   34 2   38 4   58 4   63 2   66 2   78 6   103 2   120 4   127 2   147 2   168 2   170 1   190 2   199 1   208 2   215 4   221 2   250 3   259 4   261 2   309 1   316 1   323 1   336 2   
19  16     23 2   36 4   39 5   40 4   62 4   79 1   86 4   96 4   101 6   102 3   128 4   154 1   184 4   194 2   223 4   234 1   251 1   287 4   299 2   
31  40     24 2   28 1   45 4   48 4   67 1   81 2   110 2   111 1   112 6   118 1   130 1   131 1   134 2   182 1   187 2   205 6   210 4   227 1   230 4   231 1   239 4   245 2   246 2   275 1   287 3   288 2   314 1   315 1   326 2   327 2   343 2   
37  24     6 4   16 4   22 2   27 1   29 2   31 2   38 4   40 1   56 1   62 2   73 4   79 4   84 1   86 2   90 4   98 1   100 3   102 4   130 2   136 4   146 2   167 2   172 1   182 4   199 2   201 1   223 5   227 2   261 2   266 2   270 4   272 1   287 3   297 2   319 6   326 5   337 1   
45  42     2 1   5 2   6 3   9 2   10 2   29 1   30 1   37 5   38 4   44 1   52 4   68 1   75 1   101 4   125 2   128 4   141 4   142 6   151 4   160 2   183 2   185 1   193 2   194 6   198 1   211 4   218 4   220 4   237 4   240 2   243 4   252 2   260 1   263 4   267 1   271 1   282 6   294 1   296 4   301 1   302 4   318 2   323 1   337 6   340 2   
39  17     1 2   7 4   8 4   18 4   22 1   28 1   43 1   44 4   57 2   74 1   79 5   80 2   87 1   97 1   102 2   117 4   142 2   143 4   162 2   182 4   183 4   186 1   205 4   207 2   212 1   219 2   230 4   242 2   244 2   249 1   260 1   263 4   273 1   300 2   304 4   326 2   330 1   342 4   344 4   
26  20     12 1   28 2   56 4   63 1   79 6   84 4   86 2   91 6   113 2   126 2   136 2   148 6   172 2   173 4   184 1   195 4   222 2   251 5   255 1   266 2   276 1   293 1   299 2   302 2   327 4   333 1   
50  15     0 1   16 1   31 1   44 1   56 4   57 4   60 2   63 2   64 4   65 1   77 4   80 1   85 2   87 3   104 2   108 1   113 4   114 1   117 2   133 2   137 2   142 4   152 4   155 3   157 2   172 1   174 2   196 2   205 2   207 2   209 6   210 4   216 1   217 1   225 2   226 4   234 4   243 1   256 2   265 1   270 4   272 3   297 1   298 1   299 1   311 4   315 2   330 4   333 4   336 2   
40  31     2 2   24 1   36 4   51 4   52 1   66 1   76 4   77 1   83 5   89 4   97 1   100 4   107 1   109 1   117 4   121 2   141 4   146 1   147 4   163 2   168 4   175 4   179 1   184 1   187 1   192 4   208 5   209 1   220 2   242 2   256 1   259 4   263 1   276 4   283 4   301 1   307 1   311 1   331 4   342 4   
21  30     3 4   11 5   35 1   57 4   76 1   92 6   95 2   98 1   118 2   119 2   138 4   159 4   166 5   219 1   233 1   253 1   272 1   277 4   285 5   316 2   339 1   
38  26     4 2   5 1   10 2   13 4   16 4   17 4   35 1   36 1   41 4   47 1   56 3   58 2   64 4   85 2   100 4   108 4   130 4   142 4   149 2   150 1   160 4   167 1   168 1   173 2   192 1   210 6   214 4   218 1   225 2   233 4   236 4   240 1   258 1   268 2   293 4   332 2   335 4   344 2   
33  23     1 4   11 4   16 6   20 4   44 2   56 1   61 4   62 2   63 4   76 1   94 1   96 2   99 4   100 4   111 1   122 2   130 4   159 1   164 2   169 4   172 1   177 4   194 2   203 1   214 4   225 4   227 1   254 2   273 1   295 4   306 4   324 4   337 2   
36  29     1 4   9 4   12 1   14 2   17 5   29 2   35 4   57 4   60 4   64 5   75 4   80 2   86 2   95 1   102 2   106 4   172 2   179 1   195 3   203 4   211 4   216 2   217 2   249 1   262 4   268 2   274 4   278 7   282 2   303 1   305 1   313 2   320 4   324 4   333 4   337 1   
29  29     6 4   10 2   14 4   17 1   39 2   42 1   51 4   74 4   76 1   96 3   107 4   115 4   182 4   188 4   191 2   201 4   212 4   227 1   245 4   257 4   259 4   260 6   267 2   272 1   281 2   297 1   314 2   315 1   341 1   
21  23     42 4   53 1   66 4   74 4   120 2   133 4   162 4   183 2   189 4   223 1   233 4   237 5   245 1   252 5   256 2   271 3   283 1   316 4   317 2   319 2   327 1   
30  29     11 4   16 1   19 4   24 1   85 2   117 1   121 1   124 4   127 1   132 4   139 4   155 1   179 2   185 1   235 2   241 5   264 2   265 1   276 4   277 2   285 2   287 4   299 4   300 2   301 4   304 4   318 4   321 2   340 4   341 6   
19  18     2 4   5 4   6 4   32 4   52 1   64 4   104 2   159 4   181 2   185 4   189 5   195 1   208 4   239 2   251 1   271 4   313 2   333 6   342 1   
46  26     4 2   7 2   15 2   18 1   25 4   38 4   49 3   59 2   64 5   71 2   83 1   90 4   100 2   119 4   128 2   136 2   149 4   178 1   181 2   191 4   198 1   202 1   218 2   220 4   222 1   228 2   240 2   246 2   247 4   251 4   252 4   266 1   267 2   289 1   291 2   296 1   297 1   301 4   302 2   306 1   321 2   323 2   330 6   335 2   336 4   343 4   
35  26     4 6   13 1   27 1   33 1   37 5   42 2   45 2   59 2   64 1   102 1   105 2   123 3   125 4   126 1   132 1   149 2   150 2   155 1   158 1   165 1   192 1   193 1   198 1   212 4   215 1   220 1   226 2   229 2   252 1   273 6   296 2   308 1   330 1   336 1   339 2   
29  32     4 1   12 4   19 1   26 1   56 2   90 4   125 1   130 1   151 4   164 4   166 1   168 2   189 4   208 2   209 4   224 2   240 4   247 1   254 4   261 1   266 2   268 1   270 1   274 1   279 4   288 2   291 6   327 1   343 1   
32  25     17 1   28 2   34 4   55 1   68 2   78 4   103 2   111 4   123 2   135 4   147 1   183 5   184 4   193 2   199 2   213 4   218 1   235 1   237 4   253 1   260 4   279 4   281 4   284 2   291 4   299 4   303 2   306 4   310 1   313 4   333 3   341 2   
42  28     3 1   12 2   16 1   21 1   30 1   39 4   53 4   61 2   73 2   75 2   89 1   109 1   116 4   124 6   136 2   139 4   141 2   166 2   182 2   187 1   196 1   199 2   204 1   219 2   226 2   234 5   251 2   254 1   256 4   262 1   272 2   282 2   287 4   292 2   300 4   310 2   318 1   336 4   338 1   339 1   342 4   343 1   
32  28     5 4   24 2   29 4   39 4   46 2   51 4   66 4   90 4   97 1   105 4   106 1   127 1   128 2   132 2   140 4   148 4   150 2   169 2   190 4   194 2   235 2   236 1   243 1   252 2   270 2   288 2   300 4   309 4   319 2   323 3   336 4   338 2   
33  35     7 4   9 1   15 1   22 4   30 2   47 2   84 4   89 4   90 1   91 4   99 4   112 4   121 5   122 4   144 4   158 4   169 5   171 2   172 1   192 1   201 2   205 4   222 1   243 3   254 1   271 2   273 2   293 4   313 1   316 1   317 1   328 1   335 2   
45  31     0 2   3 2   7 1   12 4   15 2   27 2   29 1   30 2   37 4   38 6   49 2   50 5   72 1   76 1   77 4   78 4   94 1   103 6   111 1   125 2   127 2   147 2   152 2   171 4   174 2   197 4   203 4   204 2   205 4   215 1   218 1   219 5   228 4   230 2   235 4   251 1   257 4   265 4   274 4   281 1   290 4   295 2   309 2   311 1   333 4   
25  17     13 2   25 4   39 4   54 1   59 2   74 4   75 1   107 4   108 4   114 4   129 1   158 4   164 1   174 1   175 2   209 1   215 1   237 2   262 2   273 2   291 2   308 2   319 4   327 2   330 4   
41  23     10 2   19 1   20 4   25 2   30 3   67 6   73 1   83 4   85 2   86 2   89 4   96 4   99 4   108 4   127 4   129 1   136 2   155 4   182 1   184 5   186 1   187 2   188 4   195 4   199 1   204 1   210 4   224 1   228 1   249 2   267 2   273 1   288 4   290 1   293 1   303 6   309 1   310 2   311 2   319 1   342 1   
26  22     0 2   16 6   39 2   42 4   56 1   59 4   64 2   68 2   78 2   82 1   138 4   171 2   182 2   202 4   203 2   205 2   246 1   271 2   277 4   281 4   285 4   292 1   323 1   327 2   332 2   344 1   
17  17     2 1   12 1   74 1   78 4   118 4   140 1   162 4   189 1   210 1   235 4   255 4   258 4   280 1   281 2   301 2   303 2   325 1   
31  20     11 2   18 1   36 4   55 4   56 4   78 1   80 2   84 1   102 6   112 2   113 2   127 1   133 4   134 4   178 1   181 2   219 4   225 2   241 4   249 1   250 5   251 5   263 2   271 4   289 2   295 1   298 2   310 1   316 2   331 1   337 2   
27  30     6 4   15 1   26 4   39 4   55 4   67 2   85 1   86 1   89 1   90 1   110 4   130 1   152 1   158 4   165 1   170 7   227 6   229 2   257 4   262 1   282 2   310 1   315 4   317 4   328 5   335 4   340 1   
18  28     2 4   17 2   26 4   48 2   55 2   66 2   87 2   91 2   133 3   156 6   159 4   179 2   201 1   209 1   228 2   273 2   294 2   299 4   
22  23     10 5   15 3   21 1   31 1   38 5   42 4   53 4   59 1   76 4   104 2   178 1   219 2   225 4   237 1   261 4   263 1   279 1   297 1   302 4   305 3   337 2   341 4   
34  30     7 2   23 2   30 2   47 2   55 4   68 4   70 4   75 1   87 1   96 1   117 1   137 2   139 4   142 4   143 4   147 3   148 1   158 4   166 1   202 4   209 2   210 2   236 2   250 4   258 4   273 1   285 1   288 2   300 4   312 4   321 2   322 4   324 4   329 1   
30  31     7 1   23 1   54 4   64 4   74 2   105 2   108 2   109 1   117 4   126 2   130 4   131 1   137 4   157 5   161 1   163 4   169 1   206 2   215 4   238 1   246 1   247 4   267 4   278 1   289 2   306 1   317 4   329 1   333 1   340 1   
35  21     30 2   40 1   41 1   46 1   56 4   60 5   68 1   90 1   110 4   114 4   122 6   127 4   129 4   133 1   140 2   155 1   161 4   171 5   173 2   179 4   182 2   188 4   193 6   194 1   205 2   232 6   242 4   250 1   270 4   273 2   280 2   292 2   315 2   331 1   334 2   
40  22     1 2   13 1   15 1   20 2   60 1   77 2   87 7   96 1   100 1   101 4   104 2   114 1   117 2   119 4   130 2   139 4   154 4   156 4   158 6   160 2   166 4   170 4   174 2   215 4   222 4   227 1   249 4   254 2   255 4   258 1   270 3   280 2   297 2   298 1   323 6   338 4   339 2   341 1   342 6   343 2   
42  22     3 1   8 1   11 1   18 4   30 1   42 1   45 4   47 3   70 2   78 1   86 4   88 2   101 4   113 2   121 4   123 2   136 2   146 2   155 1   156 4   159 4   167 2   179 4   208 1   212 4   224 2   229 2   235 4   238 4   240 2   245 4   254 4   260 4   266 2   279 2   284 4   295 4   298 5   321 4   323 2   328 4   333 4   
41  27     13 2   16 2   21 1   22 2   24 4   34 2   52 4   65 2   70 2   74 1   75 1   81 6   88 2   93 4   113 4   119 4   120 4   142 2   166 2   172 2   183 1   190 4   219 4   228 4   242 4   262 1   269 1   270 1   276 2   277 2   279 4   285 2   288 1   289 2   293 5   302 4   310 1   322 2   323 2   324 4   331 1   
43  26     4 1   27 6   31 2   34 4   43 1   49 4   51 6   53 1   56 2   64 1   66 3   68 2   69 4   74 4   79 4   86 2   92 1   93 6   119 2   123 1   126 4   135 4   149 3   158 2   160 4   162 4   171 1   175 2   179 2   180 2   213 2   218 2   222 4   225 2   236 4   237 4   240 1   245 4   250 2   290 4   294 4   317 2   332 4   
27  21     6 2   9 1   28 1   38 4   45 1   57 4   69 2   71 4   78 2   111 1   117 4   126 2   131 4   145 4   155 2   158 2   166 4   167 4   169 2   192 4   227 4   250 4   255 1   287 1   301 6   314 4   337 2   
24  21     0 2   16 2   35 1   37 2   41 5   48 2   58 1   92 1   102 2   123 6   131 2   139 4   175 6   177 4   179 2   197 4   211 2   217 2   219 4   231 6   257 1   258 1   261 1   327 2   
37  27     0 3   2 2   9 4   25 2   36 4   41 4   44 1   46 2   50 3   57 1   63 3   82 2   84 6   96 4   118 1   132 3   136 2   145 2   158 1   161 2   163 2   165 1   176 2   188 1   209 4   218 1   245 4   247 4   253 4   264 4   271 2   296 4   302 4   310 1   312 1   317 4   343 4   
17  22     11 1   53 2   54 6   73 1   99 1   119 2   137 2   139 2   165 2   228 2   241 4   242 2   250 2   261 4   262 4   274 4   320 1   
41  25     4 2   9 1   16 5   17 1   19 2   22 4   45 1   47 2   53 1   73 1   76 1   85 5   106 1   132 4   135 2   142 1   147 2   155 2   160 4   161 2   191 4   226 4   246 2   247 1   264 1   267 2   268 2   269 1   270 1   275 2   276 1   286 2   290 2   304 1   309 4   314 4   318 1   319 2   326 1   327 2   333 1   
28  40     21 4   36 2   48 1   52 1   65 2   72 4   85 4   86 4   88 4   111 1   112 2   114 1   128 2   151 3   178 4   188 2   222 2   248 3   249 1   271 4   280 4   286 2   305 4   314 2   318 1   326 5   337 2   339 4   
27  27     11 4   25 1   29 1   46 1   65 4   79 1   87 2   108 4   121 1   139 6   144 1   148 4   158 4   167 2   172 2   184 2   187 2   210 4   213 2   219 5   228 4   240 4   246 4   273 4   299 2   317 4   333 4   
32  25     1 4   9 4   30 2   60 2   68 2   83 1   111 1   122 1   156 2   162 2   165 6   174 4   188 1   189 2   209 4   214 4   216 2   229 2   231 2   236 4   237 1   243 4   248 2   256 4   260 4   276 2   277 2   281 4   300 4   325 1   340 4   344 4   
40  25     21 4   44 4   46 4   84 2   85 2   106 4   108 4   109 1   113 1   114 1   116 2   123 1   130 4   137 4   145 2   153 1   159 2   187 1   192 2   197 2   203 1   204 2   208 4   210 4   224 2   246 4   268 2   272 4   276 2   277 1   283 1   289 2   291 1   297 1   306 2   312 2   316 6   319 2   330 4   344 1   
51  18     10 2   20 2   21 1   22 2   24 4   32 4   37 2   46 4   47 2   50 2   69 1   71 4   80 1   96 6   97 2   99 1   121 2   122 2   125 1   144 4   145 2   148 2   157 1   160 4   162 2   164 5   165 4   166 4   205 4   208 2   209 3   214 2   233 1   234 4   235 4   254 5   262 2   264 1   267 2   270 4   273 3   277 2   278 2   284 4   286 1   295 3   307 2   321 1   323 1   324 4   343 2   
36  36     0 4   8 1   21 2   30 1   32 3   35 4   48 1   52 2   63 1   64 4   67 6   72 4   73 4   82 4   87 2   92 1   112 2   122 4   140 1   150 2   155 2   161 2   167 4   186 1   193 2   203 1   228 4   238 4   265 2   271 4   276 2   284 2   293 1   308 1   325 4   334 6   
30  35     8 1   10 1   20 1   33 1   52 4   68 4   70 4   78 1   81 1   88 1   101 1   106 4   109 2   121 2   122 2   135 2   147 2   172 2   186 4   203 1   213 2   223 4   238 2   255 1   298 6   301 4   307 4   320 1   332 4   338 4   
24  24     5 2   28 6   37 4   42 4   44 4   62 1   81 1   82 4   90 4   104 5   106 4   111 4   115 4   124 4   126 4   177 6   191 1   223 2   242 2   260 4   278 2   287 4   331 1   333 3   
40  28     1 1   7 1   14 1   23 1   30 4   42 1   70 2   76 4   87 2   92 6   106 1   110 1   118 1   124 2   135 1   146 1   153 2   157 2   168 5   176 2   184 2   194 4   203 6   210 4   221 2   250 1   252 2   254 2   260 4   264 2   267 5   276 4   284 1   285 1   291 1   296 4   298 4   308 4   332 2   340 2   
23  28     9 1   17 2   29 2   31 2   54 2   78 1   86 1   102 4   105 4   106 1   117 4   126 1   128 3   157 1   179 4   180 1   195 1   247 1   259 1   262 4   272 2   312 2   328 1   
24  36     12 4   58 2   72 4   80 2   85 1   135 1   146 1   152 1   174 4   183 2   188 5   190 4   194 3   206 1   218 4   246 1   256 2   266 4   273 4   287 2   298 1   315 2   317 5   330 2   
42  27     11 2   24 4   33 4   35 4   42 1   51 1   56 1   58 2   62 3   66 4   74 4   80 2   89 1   102 4   108 4   114 4   117 2   122 4   123 4   128 1   151 2   154 3   160 3   162 1   166 2   168 1   180 2   194 1   217 4   219 4   226 2   243 2   253 2   255 4   261 2   272 4   277 2   286 6   306 1   309 3   329 3   330 1   
36  35     4 4   23 1   32 5   34 2   36 2   38 1   81 4   85 1   99 2   129 1   138 3   142 2   152 6   163 4   167 2   173 4   177 4   190 5   195 1   205 2   221 4   222 4   230 1   239 2   240 1   242 2   253 4   264 1   269 2   277 4   296 1   319 6   329 1   332 1   335 4   338 6   
46  22     6 1   15 2   19 4   24 2   26 2   33 2   37 1   39 4   48 1   53 1   62 1   67 1   76 1   82 4   85 4   91 1   94 2   98 1   120 1   136 4   143 1   150 1   157 4   162 2   176 5   179 4   187 3   189 2   197 5   221 4   223 1   236 1   242 2   254 6   263 6   265 1   281 1   287 4   288 4   293 1   321 4   323 5   333 1   339 4   343 1   344 1   
23  24     18 4   27 4   36 4   38 1   72 2   88 6   93 6   112 4   124 2   128 1   135 2   158 2   170 1   176 4   190 1   216 4   227 4   232 1   255 4   273 4   296 1   317 2   318 2   
31  18     9 2   27 2   36 4   39 1   72 1   97 1   105 1   116 1   117 1   126 4   139 2   147 2   149 4   170 4   176 4   179 1   194 1   207 2   210 1   212 1   243 1   276 1   279 4   280 1   292 1   301 1   302 2   303 2   309 4   333 4   338 2   
26  18     13 4   30 2   50 2   79 2   83 1   85 4   96 1   122 2   128 4   133 4   136 2   137 4   155 2   188 1   216 2   222 1   228 4   239 2   249 2   255 2   265 1   269 4   288 1   291 4   309 4   316 2   
32  15     0 4   10 1   12 2   15 1   17 1   31 4   41 4   53 1   93 2   107 4   110 2   114 5   120 4   127 1   154 3   155 1   160 4   174 4   177 2   183 2   185 4   193 2   216 4   220 2   224 2   230 2   260 2   276 4   284 2   303 1   304 1   306 1   
28  32     12 1   18 1   28 1   44 2   48 6   73 2   88 1   93 1   109 6   119 6   135 2   164 1   172 1   173 2   187 2   201 1   207 2   225 2   267 1   281 4   291 2   298 2   314 1   317 1   319 3   325 2   336 2   344 1   
21  27     8 1   18 2   36 2   40 3   49 4   59 4   169 4   196 1   201 4   202 1   222 4   228 2   251 2   254 4   261 2   291 4   292 4   294 2   295 2   314 1   339 1   
23  28     18 4   19 1   29 1   44 4   65 1   84 4   87 4   111 4   121 1   139 3   153 2   195 4   203 2   228 4   232 2   241 4   261 2   264 2   287 2   303 2   310 4   317 2   330 1   
33  36     7 1   33 4   39 2   56 3   59 4   73 1   80 1   93 1   103 4   116 4   127 6   131 2   134 4   150 6   193 2   196 4   198 4   203 1   214 2   218 2   222 4   250 2   262 2   272 1   293 1   310 2   316 1   323 1   326 6   330 4   332 1   334 1   337 2   
40  25     13 4   24 1   33 1   38 2   43 2   61 4   72 1   94 2   111 4   127 2   128 1   131 1   138 4   149 1   150 4   161 1   163 2   164 5   171 2   183 2   188 5   208 2   211 2   231 4   232 5   241 2   250 4   252 2   255 2   263 1   265 4   279 1   285 2   287 1   289 2   299 2   302 1   303 4   309 4   323 2   
10  18     41 2   49 2   85 2   105 4   118 2   141 4   174 2   217 1   272 4   281 1   
48  21     9 2   14 4   15 4   31 1   59 1   66 1   67 4   73 2   76 4   90 4   93 4   95 2   98 5   101 1   104 6   105 1   106 3   120 5   126 4   129 1   170 2   178 2   191 4   192 4   196 1   204 1   210 2   212 4   234 4   241 2   242 4   243 2   247 1   248 2   254 4   257 2   259 1   262 4   274 1   281 1   284 2   285 4   288 5   304 2   308 1   313 1   316 1   340 2   
27  30     17 2   37 2   43 2   60 1   63 2   91 2   113 4   120 4   135 2   143 4   156 3   158 2   171 2   193 4   200 3   201 1   202 4   206 1   216 3   222 4   260 4   281 1   297 1   302 1   317 2   323 2   338 2   
24  25     29 4   36 4   40 4   45 4   59 2   62 1   68 2   119 1   125 2   162 4   191 5   199 2   203 4   212 2   220 2   260 2   265 1   284 4   288 1   291 4   295 2   300 4   306 2   315 2   
43  28     6 2   17 4   21 1   41 4   52 2   67 4   73 1   78 5   81 2   89 4   93 2   96 1   103 2   107 4   116 4   117 1   123 2   128 2   135 2   147 1   149 2   179 4   185 2   188 1   199 1   204 1   206 4   211 1   219 1   228 2   237 4   243 4   271 1   281 2   288 4   293 4   300 2   310 4   319 2   320 1   326 4   342 2   344 2   
35  18     2 1   14 2   49 4   60 5   74 6   87 2   90 1   128 2   134 1   140 2   154 4   166 4   168 4   172 4   175 1   177 1   182 1   185 2   204 4   210 6   214 1   223 2   228 4   243 2   250 2   251 1   264 2   271 1   289 2   295 1   302 1   309 4   310 4   318 1   338 4   
24  27     1 4   2 4   19 2   32 2   67 1   81 2   84 4   107 2   128 4   155 1   156 2   197 2   202 4   208 4   221 2   228 4   268 1   282 2   288 2   311 2   312 1   319 2   331 4   341 1   
21  22     8 1   26 1   28 2   65 4   86 4   109 1   111 4   127 5   133 4   141 2   193 2   209 2   215 2   224 5   225 4   234 4   268 4   318 1   325 4   337 1   340 4   
26  23     0 2   39 2   45 1   52 1   63 1   64 4   86 3   108 2   115 4   144 2   172 1   174 1   184 2   189 3   195 4   211 4   218 2   226 1   275 2   287 1   292 4   299 4   321 4   327 2   328 1   341 6   
24  13     5 5   22 1   25 4   28 4   42 4   45 1   61 4   71 2   111 1   130 2   133 2   139 4   185 1   202 1   225 1   252 4   272 2   292 1   294 2   313 1   315 2   324 2   336 1   337 1   
44  23     13 2   21 2   25 2   31 2   33 4   36 4   47 1   52 4   65 4   81 1   88 1   97 4   98 1   100 4   105 2   108 2   111 1   116 4   118 2   121 2   122 1   154 1   168 2   187 1   190 2   191 1   194 4   205 2   215 4   218 2   219 4   240 2   243 4   251 1   255 4   256 4   259 2   263 1   271 4   297 4   300 1   310 2   317 2   325 1   
34  30     10 4   16 2   33 2   37 4   49 2   52 4   69 2   72 6   75 4   83 4   84 4   88 1   94 2   104 4   120 4   125 1   128 4   129 3   136 2   148 2   172 4   193 1   195 2   207 4   219 4   234 4   236 4   238 4   246 2   286 1   303 1   308 1   314 1   341 4   
36  30     8 4   50 2   53 2   57 2   75 1   85 4   90 1   115 6   136 4   152 4   167 2   168 1   169 4   180 4   182 4   183 2   185 2   190 4   191 4   208 2   211 4   212 4   226 1   230 1   234 4   241 2   250 2   261 1   263 6   273 4   277 2   278 4   292 1   321 2   332 2   336 4   
29  27     24 4   43 2   69 4   77 3   87 2   89 6   113 4   121 1   123 4   150 2   155 2   167 4   171 1   179 2   181 4   189 1   211 1   219 1   230 2   231 1   244 4   253 4   259 3   279 1   281 4   304 4   313 5   341 4   343 2   
29  27     2 2   22 2   23 1   42 3   53 1   55 4   61 1   83 4   87 2   91 1   109 4   130 5   134 1   156 4   175 1   178 4   194 4   216 1   220 1   238 4   254 2   264 2   276 4   286 2   298 2   300 2   318 1   333 2   340 1   
38  38     4 2   9 2   10 1   17 3   24 2   26 2   32 2   37 2   54 1   63 4   67 2   78 1   80 1   83 2   87 4   97 1   100 4   115 4   149 2   169 2   177 1   195 2   200 2   212 1   218 4   235 4   239 4   240 2   244 1   254 2   263 4   283 2   302 2   306 2   307 2   310 4   317 2   330 1   
35  23     4 1   10 1   18 2   49 1   64 4   71 1   87 1   92 4   96 4   99 3   102 2   110 4   126 2   129 2   168 2   172 2   186 1   188 4   190 1   195 4   215 2   240 4   253 2   260 3   261 4   282 1   286 4   292 4   302 2   307 4   317 2   322 2   325 4   329 4   330 1   
34  33     2 1   6 4   9 1   11 1   23 1   24 4   29 1   32 2   43 4   59 4   94 2   111 4   113 4   133 4   147 4   156 6   158 4   174 4   186 1   193 4   195 1   207 1   213 4   228 4   230 4   241 2   246 4   289 2   295 2   301 6   308 2   318 4   329 4   338 1   
46  26     2 2   5 1   12 4   14 1   27 4   44 4   45 2   48 2   60 1   67 1   74 1   77 1   80 1   88 4   90 2   100 2   107 1   111 4   116 4   138 1   148 4   155 4   157 1   159 2   183 4   200 2   217 5   218 4   239 2   240 1   242 1   251 4   253 1   262 1   267 4   269 1   280 4   298 2   300 1   308 2   309 5   321 2   322 4   330 2   334 1   336 2   
31  16     5 1   26 2   34 2   36 2   52 2   55 1   59 1   78 4   88 1   95 4   96 2   103 1   118 2   122 5   149 1   159 4   165 2   168 2   203 3   213 1   218 4   257 1   259 4   262 1   272 4   291 5   298 1   303 1   306 1   325 1   328 1   
The following result corresponding the SNR point : 3.4 dB.
25  21     4 4   5 4   12 2   17 4   62 4   83 4   103 3   115 1   128 1   137 2   138 4   175 1   188 4   197 3   200 3   201 1   205 1   225 2   226 1   229 6   251 1   266 5   269 4   271 1   329 4   
23  23     16 5   17 4   19 4   45 2   63 5   65 4   103 2   148 5   157 1   190 4   195 2   197 1   217 1   239 1   256 6   259 1   279 4   298 1   309 2   322 4   325 4   328 6   333 1   
33  30     21 1   22 2   28 2   49 2   50 4   57 1   65 2   86 6   88 2   91 2   125 1   126 2   141 2   145 4   156 2   168 1   185 2   188 1   191 2   204 1   213 1   244 4   267 1   271 6   274 2   283 4   304 4   315 4   323 1   325 2   327 4   328 2   336 3   
25  24     7 1   9 2   30 4   41 1   51 2   55 5   73 1   74 4   95 2   122 2   173 4   196 1   204 1   216 1   235 1   253 1   254 2   262 1   272 1   274 4   276 4   317 1   323 4   338 4   340 2   
42  37     29 1   30 4   43 2   47 1   50 4   65 1   73 1   74 1   86 2   107 6   116 2   121 4   127 1   133 4   151 1   154 2   160 4   174 4   176 2   185 1   186 2   193 4   198 4   205 1   206 2   209 1   212 1   216 4   222 1   251 2   270 4   285 4   292 1   294 1   295 1   300 1   305 1   312 2   320 4   326 4   335 2   342 2   
40  24     3 4   5 2   6 2   7 1   44 2   49 1   56 2   74 2   76 2   83 4   86 2   94 4   102 2   104 2   124 2   129 1   139 5   145 1   148 1   152 1   161 1   162 2   163 2   173 4   182 2   185 4   186 2   190 2   193 1   204 2   210 2   233 4   242 1   268 1   277 1   302 2   324 4   325 2   326 1   328 1   
31  36     23 2   42 2   57 4   58 2   69 1   102 4   104 3   110 4   112 2   145 1   157 4   160 1   163 4   177 2   186 4   200 1   223 4   230 4   240 4   243 4   255 1   258 2   260 1   264 4   284 4   286 4   304 4   309 2   311 5   315 4   340 4   
19  28     5 2   15 2   38 2   88 1   98 2   126 4   138 4   148 2   208 2   209 4   222 5   226 2   240 2   244 2   280 1   281 1   304 1   328 2   329 2   
22  21     2 2   4 1   41 1   58 4   61 2   80 1   88 4   101 4   102 1   109 4   129 2   155 1   157 1   171 6   175 4   217 4   223 1   245 4   265 6   271 2   313 1   331 2   
26  33     4 1   10 4   12 4   16 2   32 2   35 4   56 3   76 6   85 4   87 4   107 4   110 4   127 2   147 1   150 2   153 4   167 2   171 2   173 2   191 3   195 1   235 5   239 6   270 4   274 1   334 6   
27  39     27 4   30 2   34 2   43 4   66 1   74 2   78 1   100 1   103 4   117 3   143 2   160 4   168 5   174 1   198 2   205 4   220 4   221 2   232 2   237 4   250 4   270 4   307 4   333 1   338 1   342 6   343 1   
41  31     2 2   3 1   7 1   32 4   35 2   42 1   69 4   84 4   100 4   102 2   124 4   128 4   134 3   155 2   158 1   164 1   175 1   182 5   192 2   194 4   205 1   210 1   211 1   214 2   216 4   222 2   227 2   248 4   251 2   254 2   280 5   288 4   302 4   306 2   309 1   312 4   317 1   319 1   321 5   325 2   331 4   
7  14     88 6   136 1   180 2   251 3   268 4   273 2   276 4   
38  34     2 2   13 1   27 2   66 2   73 1   74 2   79 1   84 1   93 1   96 2   121 2   125 4   128 4   137 1   142 4   143 4   144 1   146 4   160 2   176 1   186 2   187 1   190 1   191 1   205 3   207 1   210 4   254 4   256 1   259 1   260 2   273 4   291 4   294 4   303 2   314 1   326 4   340 3   
34  32     25 4   37 2   40 4   50 4   61 6   83 2   84 1   112 4   122 2   134 2   142 1   148 2   186 2   189 4   192 2   195 1   214 1   215 3   232 1   241 1   244 2   260 4   261 2   279 4   281 1   283 1   293 2   311 2   321 1   325 1   326 2   327 4   329 1   337 4   
9  6     62 1   82 3   106 4   126 1   172 2   267 4   269 1   289 2   335 4   
32  27     4 4   19 4   35 1   44 2   65 2   66 1   79 4   98 1   113 6   115 2   126 1   135 4   138 4   145 2   164 1   165 4   195 2   205 1   228 2   233 1   242 4   250 2   265 1   279 4   287 4   290 4   292 1   299 2   302 2   318 4   329 1   339 4   
52  29     8 2   9 4   14 2   17 1   21 4   22 4   47 4   48 2   50 1   54 2   61 4   67 1   76 2   77 4   82 4   87 2   88 4   90 1   99 4   108 4   110 1   120 6   130 2   140 3   148 1   198 4   200 4   201 1   202 1   212 2   215 1   217 4   218 1   222 4   224 4   235 1   239 4   240 1   249 2   263 4   265 1   269 2   275 1   280 2   290 2   293 4   298 1   311 2   323 4   324 1   340 4   341 1   
39  42     1 1   5 1   7 2   24 1   38 4   39 6   58 4   61 1   86 1   91 1   97 1   108 4   119 1   122 2   145 1   159 1   161 1   162 4   165 1   168 2   184 2   196 1   201 1   205 1   210 1   242 4   245 2   247 4   254 2   262 4   264 1   279 1   300 4   304 4   308 2   311 1   315 1   330 4   339 1   
35  42     19 4   22 4   36 1   44 2   67 1   87 2   89 2   99 1   113 1   114 1   121 4   122 1   124 4   135 1   153 1   155 4   161 4   177 2   184 4   187 1   202 2   206 1   207 4   209 4   214 4   224 4   229 2   231 6   248 2   251 4   252 1   270 1   309 1   327 1   341 4   
34  37     12 2   21 2   28 1   31 4   32 1   41 1   51 1   52 2   61 2   75 4   78 4   81 4   94 2   118 6   119 2   126 1   128 1   140 1   141 4   159 4   184 3   195 1   200 4   214 1   215 2   223 2   241 2   242 4   258 1   261 1   271 4   280 2   311 2   318 4   
43  39     5 4   12 2   38 2   47 5   57 4   59 1   64 4   79 2   84 2   86 4   118 2   125 2   129 1   133 2   140 4   144 4   148 1   149 2   171 1   176 4   180 4   181 4   182 6   189 2   192 1   198 1   206 3   208 2   210 2   218 4   225 2   258 1   262 2   287 5   288 1   291 2   302 4   305 2   308 2   312 1   335 4   339 2   344 1   
12  23     12 2   30 1   103 6   105 2   113 4   125 4   129 4   163 1   195 1   280 1   288 2   303 4   
42  31     7 2   21 3   24 2   26 1   29 1   38 3   39 4   44 4   45 4   56 6   58 4   61 4   63 1   85 2   91 4   95 1   97 2   104 1   112 6   113 4   124 4   127 2   132 2   140 2   149 4   153 2   159 4   163 4   170 4   171 2   185 4   201 1   212 4   218 4   229 4   241 4   247 4   261 2   273 1   300 2   306 4   332 1   
27  27     3 2   15 1   38 4   75 2   81 1   106 2   108 4   110 5   135 2   163 1   165 1   179 4   183 1   185 4   188 4   213 1   218 2   240 3   242 4   244 2   246 2   263 4   268 2   298 2   323 2   326 1   338 4   
25  23     27 2   35 2   46 4   50 2   108 4   110 1   136 1   145 6   154 1   156 2   168 2   176 4   196 1   234 4   242 2   246 4   262 1   271 2   292 4   308 1   312 1   315 1   322 4   333 2   337 4   
31  34     8 1   10 2   15 4   22 4   37 4   40 2   42 2   55 2   61 1   75 4   93 5   101 2   106 4   119 2   125 6   130 1   154 1   194 1   198 4   205 2   210 4   214 2   220 1   224 4   236 1   237 4   246 4   277 2   320 4   328 2   341 1   
19  26     16 1   64 1   72 4   77 1   87 2   126 2   134 2   140 4   154 4   155 1   158 2   178 2   183 2   187 2   218 4   219 1   227 1   262 2   341 2   
35  28     9 2   17 2   39 4   40 4   43 1   65 2   66 2   73 6   88 2   114 1   117 4   119 4   126 1   139 4   154 4   172 1   174 3   188 1   196 1   203 2   204 2   206 2   216 1   224 1   232 1   246 1   260 1   265 2   291 2   303 1   306 2   329 1   331 2   335 2   340 1   
21  30     17 1   22 2   30 4   68 4   96 2   102 2   113 4   147 3   168 4   170 1   190 2   206 3   213 2   238 4   242 1   260 4   261 2   282 2   299 2   302 2   306 4   
25  25     1 4   9 5   17 4   21 2   41 1   99 2   109 1   124 2   127 1   130 2   158 2   200 1   202 6   204 1   207 4   218 2   231 2   242 1   253 4   262 1   264 2   278 1   315 3   320 1   329 1   
42  32     29 2   31 2   38 2   39 4   43 3   59 2   65 2   72 2   74 2   80 1   84 4   97 1   113 5   117 1   118 4   128 2   134 1   136 2   143 4   147 4   156 1   157 1   163 2   169 1   180 1   189 2   192 4   209 1   213 2   215 2   219 4   223 1   228 4   234 1   257 2   260 1   266 4   268 1   271 4   273 2   282 1   318 2   
21  18     23 2   45 4   55 2   71 2   82 2   93 2   97 4   111 1   115 1   134 4   137 1   186 2   208 4   236 4   248 7   258 1   274 4   304 1   320 2   331 2   337 4   
25  30     19 1   23 1   81 2   86 1   95 2   112 1   125 2   134 2   137 1   160 1   161 2   172 1   178 3   200 1   210 3   217 4   272 1   275 4   282 4   294 6   303 2   304 4   313 1   327 1   328 1   
25  24     5 4   10 1   36 2   56 4   75 4   95 4   111 4   133 4   151 4   167 1   171 4   178 2   188 1   208 2   211 4   233 1   254 4   259 4   283 2   294 2   303 4   306 1   316 4   332 4   341 4   
28  30     11 4   14 1   34 1   46 4   61 2   69 4   72 2   78 1   92 6   121 4   124 2   155 4   161 2   166 2   167 2   182 2   202 2   217 4   220 2   232 2   246 4   281 1   286 4   287 2   292 4   315 4   317 1   335 4   
27  23     4 1   11 5   15 1   33 4   35 1   37 1   42 3   53 1   87 2   114 2   115 1   122 2   128 4   165 1   175 6   180 4   196 4   225 1   231 4   248 4   253 2   254 4   276 2   301 2   318 4   321 1   344 2   
The following result corresponding the input file : input_file_q_ary_2013.txt
The following result corresponding the SNR point : 3 dB.
48  24     1 1   10 4   16 2   28 1   43 2   46 2   69 1   84 1   99 4   111 2   118 1   133 2   143 2   147 2   153 1   172 4   194 1   200 4   212 2   213 5   227 2   242 1   247 4   260 2   265 2   266 1   268 4   274 2   285 1   286 4   288 2   297 2   306 6   308 4   342 2   354 1   362 1   363 2   375 4   377 4   384 2   385 4   396 4   411 1   414 4   417 1   420 2   435 4   
24  39     10 2   16 2   24 2   29 1   35 1   47 4   48 4   143 2   153 3   179 1   180 4   206 2   219 4   288 4   310 3   323 4   334 2   360 2   370 2   384 2   417 1   421 1   426 4   429 2   
37  36     18 4   30 3   47 2   57 6   87 3   114 4   127 4   130 2   149 2   150 6   152 6   158 4   167 2   168 1   172 1   173 1   217 2   219 4   230 2   231 2   237 2   259 1   260 4   280 4   281 4   282 4   285 4   337 4   340 4   364 4   371 4   384 2   385 2   398 2   403 4   409 1   433 1   
47  31     10 4   19 2   35 4   46 4   54 4   59 4   70 2   81 1   83 4   85 2   92 4   93 4   103 1   120 1   134 4   146 4   180 1   194 5   200 4   209 4   223 1   233 4   234 3   248 2   255 2   257 4   266 1   272 2   284 4   292 2   300 2   304 2   318 4   321 1   322 1   325 2   346 1   372 4   376 1   378 1   380 2   386 4   399 1   405 2   418 2   422 2   432 1   
38  26     0 2   11 1   15 1   33 1   37 6   38 2   39 1   53 2   56 1   59 4   77 4   89 2   95 2   100 4   123 2   128 2   139 1   152 4   171 2   196 1   201 6   219 2   223 4   229 3   244 1   249 2   252 1   300 4   309 4   311 4   313 2   338 1   364 4   365 2   375 4   392 2   401 4   434 4   
31  33     6 5   7 2   17 1   44 1   59 4   60 1   82 4   102 4   103 2   155 4   175 1   180 4   184 1   206 4   207 1   227 2   234 1   255 2   266 1   270 1   289 2   303 1   313 5   324 2   338 4   358 1   366 5   388 4   389 2   418 1   434 4   
29  28     8 2   10 1   17 1   36 4   41 4   53 5   57 4   80 1   91 1   103 4   120 1   141 1   190 4   218 1   224 6   264 2   279 4   284 1   289 2   295 1   328 4   363 1   367 1   372 4   374 2   396 1   409 4   418 1   421 4   
48  37     1 2   11 1   13 2   28 2   31 4   42 5   46 2   52 4   58 2   71 1   72 2   96 2   97 2   110 1   120 2   124 4   146 3   147 1   164 2   186 1   190 1   191 4   217 1   230 4   240 2   242 1   245 1   248 1   251 1   264 2   276 4   297 5   298 2   299 4   305 2   307 1   310 1   318 1   320 4   332 2   337 1   350 4   362 2   374 6   400 4   412 2   425 1   433 4   
34  28     3 4   13 6   18 4   42 4   48 2   98 2   106 2   111 1   113 1   130 3   134 2   145 1   155 4   157 2   170 2   174 1   176 2   214 4   218 4   219 1   229 1   232 1   240 2   243 4   247 1   286 4   316 1   321 2   332 4   333 3   335 4   376 3   378 2   393 4   
26  30     16 6   52 2   66 2   93 1   101 1   104 2   110 1   123 4   135 4   145 2   148 2   197 4   217 2   226 2   241 1   259 2   273 4   286 3   319 4   330 2   352 2   372 2   373 4   399 2   415 6   424 1   
38  28     21 2   27 2   33 2   68 4   90 3   97 1   122 4   140 1   169 4   175 5   180 1   183 2   205 4   209 1   215 4   223 4   229 4   236 2   240 2   249 2   264 2   269 1   274 1   305 4   306 1   309 1   330 2   336 2   352 4   356 4   359 1   396 4   398 2   399 1   412 2   418 1   420 2   435 4   
21  13     67 2   95 1   177 4   190 5   198 2   199 2   218 2   234 5   242 2   257 1   264 1   278 1   279 2   320 4   330 4   331 1   338 2   373 4   390 2   402 2   417 1   
55  28     17 1   21 2   51 4   53 2   57 2   65 1   66 2   73 2   76 1   77 2   81 1   85 1   86 1   88 2   90 2   93 5   105 2   136 4   140 2   141 4   157 1   161 2   163 1   167 2   172 1   174 1   185 1   186 1   200 2   207 3   214 1   218 2   219 4   232 1   259 4   260 2   271 4   277 1   281 6   299 3   306 1   320 2   328 6   339 4   361 1   380 1   383 2   386 4   393 2   404 4   409 2   421 4   424 1   432 2   434 4   
40  29     8 4   15 4   45 2   75 4   85 1   102 2   115 2   118 2   125 2   131 1   151 2   160 5   163 1   197 1   207 6   209 2   223 2   229 2   230 2   233 2   234 6   236 4   278 1   283 1   292 1   297 4   305 1   308 4   309 2   315 1   327 4   332 4   336 1   346 5   349 2   354 3   388 4   397 1   400 4   404 1   
50  35     16 4   19 4   20 4   23 4   25 1   43 4   48 1   58 1   60 1   92 2   96 4   102 2   107 4   109 2   116 6   123 1   146 4   162 1   177 3   179 2   181 2   186 4   195 2   197 1   201 2   219 4   220 4   232 4   239 2   240 4   241 4   243 2   256 1   263 2   266 2   278 1   282 5   299 1   309 2   324 4   328 1   333 2   338 4   351 4   365 2   383 6   385 2   414 2   426 2   434 4   
38  37     4 1   22 2   52 2   58 2   74 4   80 1   98 2   102 4   119 4   122 3   135 1   140 1   145 1   146 1   194 2   204 1   214 4   223 1   230 1   235 4   243 1   257 4   261 2   264 2   277 4   282 1   284 4   310 4   317 2   335 2   336 4   352 4   357 4   368 4   372 1   424 1   427 1   432 4   
40  25     1 1   8 4   17 3   29 1   46 1   69 2   136 2   149 2   156 1   170 2   179 1   180 2   184 2   212 4   213 4   220 4   226 1   236 6   259 4   260 2   266 4   322 2   329 2   331 1   333 2   346 2   348 2   351 2   354 6   356 1   363 1   368 1   375 2   402 2   403 1   410 2   414 2   417 4   419 2   427 2   
44  34     9 2   14 1   25 2   26 2   35 1   45 2   52 1   55 2   68 2   74 1   108 2   109 2   112 4   137 1   140 4   161 4   168 1   198 2   212 1   218 2   223 2   233 4   239 1   243 2   250 1   252 4   254 2   255 2   264 2   298 2   312 1   329 2   367 2   371 1   372 2   384 1   392 1   394 2   395 4   397 6   398 2   418 2   420 4   431 1   
36  22     34 4   35 3   43 1   53 2   66 4   83 2   97 1   127 2   135 1   153 1   154 2   156 4   175 4   176 4   199 1   206 2   233 2   242 4   250 4   270 4   276 4   292 6   310 1   316 4   320 1   330 2   334 2   338 2   343 4   359 1   360 3   398 2   417 1   422 2   428 2   431 1   
36  44     23 3   31 2   38 4   45 6   105 2   108 1   111 2   116 1   135 4   147 4   149 4   151 4   158 1   203 1   204 1   205 1   225 4   231 5   247 4   268 2   279 4   296 1   298 1   331 1   339 1   354 4   358 1   362 1   367 2   377 2   384 1   391 4   402 2   406 5   408 1   409 2   
50  35     45 1   66 4   74 1   75 1   77 5   88 1   97 4   100 4   102 4   110 1   117 4   122 2   141 1   143 1   144 2   188 2   210 2   221 1   224 4   235 4   239 1   247 1   251 2   252 1   257 2   259 6   261 2   275 2   297 4   305 4   308 1   313 3   329 1   336 1   341 4   351 5   352 1   362 5   373 1   386 2   387 4   388 6   395 4   397 1   406 4   411 1   423 1   433 1   434 1   436 2   
48  38     10 4   20 2   34 4   38 4   44 4   62 4   64 4   81 6   82 4   92 2   103 1   108 4   110 1   113 2   116 1   128 4   129 4   131 4   139 4   150 2   151 1   158 4   161 1   182 2   221 3   223 4   230 1   242 2   257 2   264 2   265 4   272 2   273 4   274 1   295 1   336 4   340 7   346 4   356 1   366 4   375 4   378 2   380 1   383 4   391 2   414 2   415 4   427 1   
35  37     61 1   75 4   87 2   91 1   100 4   105 1   109 1   115 4   146 2   149 2   153 4   155 2   157 1   171 1   183 4   185 1   218 1   224 4   240 2   241 3   245 1   248 1   252 4   278 1   284 1   333 1   339 4   343 4   356 2   383 2   391 4   399 2   412 2   421 2   431 2   
39  44     6 2   13 1   36 1   60 2   65 4   67 1   69 4   78 2   85 2   135 1   151 1   184 1   186 4   189 2   207 4   211 4   212 1   217 4   221 4   228 4   230 4   273 4   290 1   291 1   295 2   297 6   298 2   312 5   315 1   324 2   370 2   377 1   379 1   381 4   389 2   390 1   395 1   399 2   404 2   
32  26     10 2   30 4   70 4   74 2   122 1   125 4   150 4   153 1   162 4   165 2   186 2   189 1   199 4   203 1   217 1   231 4   240 1   253 2   262 4   288 2   316 1   326 2   331 1   344 5   348 1   369 4   383 1   385 1   394 2   408 4   419 5   436 2   
35  39     7 1   33 4   37 1   38 1   45 4   48 3   49 4   73 1   78 2   92 4   110 1   125 2   141 4   142 2   147 4   150 1   153 4   157 4   171 4   186 1   192 1   221 4   245 1   258 2   263 2   272 4   273 5   275 1   294 2   295 2   314 5   377 2   397 2   401 1   426 2   
39  28     40 2   41 4   51 4   54 2   64 1   79 1   87 1   99 1   101 2   112 3   114 2   130 4   132 4   144 4   158 4   185 2   194 4   197 4   228 4   231 1   233 1   270 1   284 1   297 1   303 2   320 1   330 4   340 1   348 2   353 3   370 4   374 2   375 4   387 4   394 2   420 4   424 4   430 1   434 4   
59  44     3 2   32 1   35 4   39 4   43 2   49 4   66 4   69 6   98 2   117 4   132 2   145 1   150 2   153 1   161 2   176 4   179 1   189 2   191 1   198 2   200 1   201 2   210 4   222 1   225 4   230 4   232 2   258 4   266 5   273 4   276 4   277 4   290 2   294 1   295 6   298 2   299 4   302 2   306 4   312 2   329 1   331 2   348 2   354 4   365 4   368 1   370 4   382 1   383 4   388 2   399 4   400 1   401 1   403 6   406 2   407 4   408 4   413 2   417 4   
36  42     13 4   23 6   25 1   29 2   46 2   54 2   65 1   98 4   99 2   107 2   119 2   141 1   142 2   151 4   157 2   163 4   186 2   215 4   228 6   231 5   239 2   256 4   263 2   274 2   291 6   300 1   308 2   327 4   346 1   358 1   368 4   389 6   391 1   421 1   423 2   432 2   
69  31     0 6   1 2   11 2   15 1   25 2   28 1   33 4   40 2   42 4   44 2   49 4   65 1   67 2   71 1   85 2   91 2   94 4   103 4   111 4   115 6   135 4   136 1   139 1   162 4   167 1   183 5   186 5   187 4   203 4   205 4   206 1   209 2   215 1   218 2   220 2   223 2   229 2   233 2   236 4   243 4   249 2   251 1   291 2   309 1   311 2   317 1   319 4   320 4   327 2   332 4   333 1   338 1   339 1   341 1   355 1   358 1   361 1   363 2   371 2   375 1   377 1   383 1   386 4   394 1   400 2   411 4   412 4   414 1   423 4   
27  29     10 2   24 2   58 4   87 4   95 2   102 1   117 1   161 1   162 2   174 1   187 4   196 3   218 1   225 2   230 2   232 1   254 4   278 2   300 2   304 3   309 2   341 3   363 4   401 2   408 1   426 1   427 1   
37  29     12 2   28 2   29 1   32 2   37 4   72 2   92 2   99 1   105 4   112 6   118 4   121 1   157 2   163 1   200 4   208 1   212 4   243 4   244 2   249 2   266 1   267 4   280 2   308 2   324 2   325 2   335 2   347 1   353 2   362 5   368 1   375 2   393 1   394 4   401 2   410 4   424 4   
48  28     4 6   6 1   35 4   52 2   75 2   92 5   93 2   106 4   107 2   113 4   115 5   120 2   124 1   130 2   143 4   147 4   149 4   151 2   158 1   174 1   181 4   182 2   183 2   187 1   194 1   202 1   219 4   239 1   251 2   255 4   262 2   277 4   281 1   287 2   289 4   296 2   319 4   358 4   359 4   364 1   372 2   374 4   378 2   393 2   402 4   412 4   413 2   416 1   
47  38     22 4   26 1   32 1   38 4   42 2   46 4   53 1   57 2   62 1   93 6   105 4   109 4   113 3   123 2   125 4   132 4   133 4   142 2   168 4   178 4   184 4   185 1   198 2   201 4   204 2   208 4   211 1   233 2   246 1   252 1   261 4   281 1   284 4   303 4   307 1   325 1   339 1   354 4   355 4   372 4   399 4   406 3   415 4   423 2   429 1   433 4   436 2   
38  32     4 4   36 4   45 4   74 2   91 2   93 2   123 2   136 4   162 2   163 4   171 4   177 2   199 1   218 4   235 2   241 2   243 1   247 1   252 4   256 2   266 4   274 2   276 2   310 3   320 4   324 3   333 4   343 4   345 2   346 4   354 4   361 2   379 4   380 1   383 1   389 4   393 4   408 2   
32  35     1 4   19 4   37 4   39 4   51 4   52 2   89 1   118 1   128 2   137 1   155 4   177 1   180 2   199 2   202 4   208 2   241 2   247 1   251 4   272 4   285 4   327 2   344 5   376 2   396 1   400 1   403 2   404 2   408 4   423 1   433 3   436 4   
50  31     16 1   19 4   23 4   30 4   36 1   48 1   52 2   59 4   67 2   88 6   98 4   99 2   103 4   113 2   118 1   123 1   125 4   132 1   133 4   141 5   145 1   151 6   159 1   163 4   167 4   168 1   170 2   179 1   231 1   233 5   245 1   272 4   278 1   282 2   303 4   308 2   331 4   349 2   353 1   355 1   364 4   366 1   373 1   382 2   385 1   391 2   393 2   401 4   415 2   418 2   
38  44     26 1   28 1   39 4   67 1   72 4   98 2   106 1   119 4   136 1   137 1   142 7   146 4   150 1   159 1   173 1   175 6   205 2   212 1   219 2   232 2   252 4   254 2   267 4   274 4   285 1   289 2   299 4   302 1   303 2   316 4   330 2   342 4   349 6   378 1   379 2   414 2   419 1   422 4   
42  39     7 2   9 2   26 2   41 4   42 1   52 1   54 1   59 4   102 2   103 1   121 4   122 4   136 3   145 2   146 4   154 1   162 1   164 2   180 2   194 4   199 2   223 1   226 2   230 2   240 1   243 2   260 2   275 3   279 2   294 2   295 4   299 2   338 4   340 2   375 2   394 4   395 2   408 2   410 1   422 2   432 1   434 2   
38  46     4 5   5 2   24 5   49 2   52 4   70 2   77 5   79 2   97 4   98 2   107 2   116 1   120 2   125 4   132 4   163 2   167 4   175 4   199 3   213 2   215 6   224 2   233 1   237 4   243 4   250 2   252 4   259 1   263 1   267 5   297 2   307 2   308 4   325 4   360 1   370 2   383 1   436 4   
35  32     3 4   8 2   10 2   12 1   16 2   26 2   28 1   44 1   48 2   60 4   78 1   96 2   118 4   123 1   127 2   159 2   163 1   184 1   198 5   209 5   243 2   258 1   278 2   284 1   297 1   325 4   333 2   347 4   369 4   370 2   374 1   379 1   404 4   412 2   428 1   
58  40     8 1   20 1   25 2   34 4   46 1   53 4   66 4   69 2   76 1   77 3   83 1   91 1   96 2   100 2   120 1   121 1   129 4   133 1   137 4   139 2   141 5   142 2   144 1   154 1   173 2   189 2   192 4   203 2   207 4   213 2   214 2   219 4   228 1   237 2   242 4   245 4   274 1   276 2   284 4   291 2   296 1   299 5   300 1   304 1   346 4   348 2   368 4   370 4   374 4   386 2   388 2   396 1   399 4   407 2   409 4   412 2   416 1   432 4   
36  32     2 2   19 2   23 4   27 4   29 4   39 2   54 2   68 4   78 2   105 4   115 2   131 2   133 6   156 1   165 1   166 1   169 1   173 4   186 4   192 2   213 1   218 4   221 4   235 4   239 2   259 2   261 3   275 6   305 1   308 4   313 4   321 4   331 3   354 2   363 4   430 2   
54  43     1 4   11 4   16 1   40 2   47 1   48 4   56 4   57 1   59 2   66 4   78 1   79 2   80 2   86 4   102 1   108 2   111 1   117 1   137 4   146 4   153 1   164 1   166 1   169 1   183 1   191 1   194 1   207 4   215 2   230 2   241 4   248 4   259 4   263 1   270 2   282 2   289 2   295 1   299 4   305 2   322 4   323 1   336 2   342 1   351 1   355 4   357 2   358 6   378 2   380 1   391 2   406 2   434 2   436 1   
31  40     1 4   36 4   52 2   57 1   62 2   70 4   88 4   99 1   112 1   116 4   126 2   145 2   183 2   203 1   205 5   223 1   229 1   230 2   263 1   266 4   270 4   297 4   299 4   317 4   322 5   335 1   338 4   339 1   369 4   375 2   386 1   
44  22     2 4   18 1   26 1   40 2   44 4   50 2   51 4   54 2   67 2   68 4   74 4   79 1   94 2   113 2   134 1   136 1   146 4   164 2   186 4   194 4   229 1   240 3   245 4   249 2   250 2   253 2   256 2   259 4   267 1   288 2   304 4   326 6   342 4   344 4   348 4   382 2   384 4   385 1   397 6   399 2   400 2   406 1   419 4   436 1   
70  34     2 1   5 2   6 1   20 2   22 4   23 1   37 4   39 2   40 1   43 1   49 1   52 1   54 1   62 4   72 2   77 1   79 1   82 6   98 2   99 1   103 4   117 1   127 2   132 4   135 2   140 1   142 4   143 4   149 1   150 4   157 2   159 2   167 1   181 4   198 6   217 4   218 4   221 4   231 4   235 4   242 2   244 1   247 2   251 4   254 4   256 4   259 2   276 4   280 1   291 1   295 1   296 4   297 2   299 4   301 1   302 2   303 1   332 2   333 5   343 2   363 1   364 2   372 1   383 2   396 2   399 1   401 1   411 2   420 1   427 4   
56  32     2 1   5 1   6 4   9 4   14 5   27 2   28 2   29 1   41 4   50 2   58 2   61 4   64 4   67 2   93 4   107 2   113 2   121 4   127 1   131 2   136 4   141 1   142 1   153 2   168 1   173 2   177 3   185 4   202 4   210 3   213 4   214 4   216 4   234 1   239 4   245 2   246 3   259 1   260 4   268 4   291 4   293 1   297 2   314 1   329 4   334 1   350 1   363 1   377 2   395 1   396 5   397 6   411 4   417 1   418 2   419 4   
47  39     10 2   12 2   21 2   28 1   35 1   38 2   46 1   55 2   59 2   78 2   83 1   101 1   118 4   142 4   147 4   168 2   170 1   171 2   198 2   208 2   209 4   210 2   217 6   218 2   226 2   231 1   234 4   242 4   255 1   264 2   274 4   294 4   301 2   320 4   323 4   343 4   345 1   352 4   356 4   377 3   388 2   392 2   408 4   409 1   426 2   428 2   431 1   
36  30     1 1   35 2   47 1   57 6   84 1   104 1   106 4   116 4   125 4   131 2   133 1   172 3   191 1   192 1   199 2   220 6   228 7   246 2   250 2   268 4   283 4   288 2   289 1   312 2   315 4   325 2   333 4   355 2   366 4   378 4   383 2   392 5   412 3   425 4   427 4   435 6   
52  26     3 2   15 2   33 1   42 4   49 2   66 2   67 4   76 4   83 5   86 1   93 1   105 2   116 1   129 2   130 5   135 1   139 3   144 4   145 2   146 4   156 2   161 4   169 6   175 2   178 4   251 4   265 2   272 2   276 2   278 4   286 4   288 4   292 4   305 4   309 4   322 2   323 1   328 4   329 1   334 2   343 4   373 2   378 1   382 5   387 2   390 2   399 4   401 6   410 1   412 4   417 2   426 2   
30  25     32 2   48 1   50 1   51 5   62 1   68 1   92 1   130 6   142 2   148 4   170 4   176 4   204 2   211 2   217 1   246 4   258 2   281 4   294 5   299 2   315 2   332 4   336 2   354 2   359 4   393 4   395 2   398 2   418 4   430 1   
52  44     2 1   6 5   28 2   30 1   34 4   50 4   52 1   58 1   62 1   69 2   73 4   78 4   80 2   81 1   100 2   103 4   115 1   117 4   123 4   141 4   157 2   169 2   174 1   177 4   178 1   180 1   191 1   193 4   198 1   211 4   213 2   228 4   234 2   235 2   242 1   243 4   246 4   261 1   262 2   270 1   272 1   286 2   294 1   295 1   309 2   335 4   347 1   377 1   379 2   387 1   404 4   412 4   
49  34     1 4   14 4   15 4   25 2   35 2   45 4   48 1   63 2   68 6   73 4   74 4   87 1   91 2   109 1   115 4   119 2   124 4   129 2   140 1   147 2   177 1   183 1   188 2   189 2   219 4   223 1   232 2   235 4   241 2   255 1   272 1   286 4   318 1   320 2   322 4   323 2   331 4   333 1   343 2   346 2   368 4   379 4   382 4   389 2   390 1   392 1   408 4   409 2   425 2   
39  44     2 4   6 4   17 2   19 1   27 1   48 3   49 4   50 2   55 4   71 2   76 1   113 4   118 6   138 1   145 6   165 1   203 4   215 6   222 2   226 4   244 4   247 6   252 1   255 2   261 1   283 4   297 1   310 4   329 4   334 4   338 1   378 2   382 1   383 4   385 1   393 2   396 2   406 2   409 1   
43  30     2 6   28 1   52 4   56 1   64 1   76 4   79 4   94 6   109 2   110 3   116 4   119 1   133 2   144 3   150 1   156 4   159 4   160 4   169 1   173 1   179 2   185 1   186 4   200 4   210 4   222 2   228 1   242 1   246 7   252 4   257 1   260 6   269 4   293 2   299 1   302 1   323 1   327 2   337 2   357 2   371 2   372 2   383 1   
49  40     15 2   43 2   45 4   60 2   62 4   66 1   67 2   71 4   73 2   75 1   88 2   95 2   97 3   116 2   117 1   127 2   133 4   134 4   145 4   158 1   160 1   163 1   168 4   180 1   181 1   183 2   194 1   198 2   204 1   228 3   241 2   242 1   248 4   249 4   254 2   261 4   276 5   285 4   288 6   291 4   329 2   356 1   366 2   379 2   395 2   415 4   420 2   428 2   432 2   
63  36     0 1   14 4   16 4   25 2   30 2   31 1   34 1   35 2   38 4   39 1   53 2   58 2   68 4   74 2   75 2   79 2   85 4   96 4   106 2   123 2   127 4   139 1   140 2   142 1   148 2   155 4   183 4   186 2   193 2   195 3   197 2   198 1   200 1   206 2   208 1   209 3   213 1   271 4   282 1   283 4   298 4   300 4   310 5   322 2   330 4   337 4   341 1   344 2   347 2   356 4   371 4   376 1   378 2   385 2   391 4   392 4   407 4   409 4   410 3   411 4   426 2   431 2   433 4   
35  34     2 1   7 1   55 1   64 1   77 4   97 4   112 4   128 2   146 1   148 4   155 4   166 1   168 2   178 1   179 2   184 2   192 1   212 4   245 1   247 2   254 5   276 1   299 1   300 1   307 4   308 2   360 2   362 1   412 4   421 4   423 2   424 2   427 4   431 2   435 1   
52  29     0 1   6 4   8 2   32 1   41 1   42 1   48 1   69 1   74 1   88 2   91 1   94 2   104 1   111 2   160 1   161 4   162 2   163 1   164 4   170 2   172 4   176 4   185 2   207 1   208 5   216 2   228 2   240 1   256 1   258 1   264 1   268 4   272 2   274 2   275 2   278 1   284 4   291 2   294 5   320 2   327 1   345 4   359 1   360 1   371 4   381 1   392 2   393 1   414 1   417 2   423 1   428 2   
29  22     10 2   32 1   39 2   65 1   66 1   69 2   84 2   119 1   135 6   143 4   154 1   164 2   189 1   202 2   233 6   237 4   262 1   272 4   301 1   331 2   342 2   364 2   390 4   396 2   410 1   414 2   418 1   419 1   429 4   
44  22     38 4   39 4   40 1   82 2   84 1   103 2   113 2   116 4   135 2   149 1   158 4   178 2   193 1   196 2   206 4   207 2   212 5   213 1   221 1   231 4   236 4   258 1   267 1   283 1   295 1   298 2   319 6   327 1   333 2   336 2   345 2   347 5   350 1   369 3   370 2   378 5   393 2   402 1   404 2   406 1   408 1   427 4   430 1   436 1   
25  29     14 4   28 2   38 4   54 2   73 2   78 1   131 1   135 4   169 4   180 4   185 4   201 4   228 2   239 1   250 2   256 4   272 1   294 4   327 1   341 2   360 2   364 2   399 1   422 4   434 2   
42  39     0 1   2 2   4 4   20 4   24 1   35 5   37 1   40 4   43 5   63 2   86 3   95 4   132 2   150 6   165 4   168 4   173 2   178 1   184 2   193 4   206 2   221 4   229 4   245 1   253 4   257 2   263 4   265 4   285 2   290 4   300 2   302 4   303 4   337 2   342 5   355 2   356 4   360 4   364 4   367 1   421 4   433 2   
37  36     18 2   43 4   53 1   54 4   61 1   68 1   78 4   109 2   128 2   133 2   140 2   141 4   144 4   154 4   174 2   203 4   210 4   214 2   238 4   241 4   244 4   254 4   273 4   291 1   313 4   330 1   331 1   333 1   335 2   355 3   357 4   365 4   375 4   393 4   418 2   423 1   436 4   
48  37     10 4   13 4   23 1   33 4   48 1   56 2   62 2   68 4   85 2   95 4   107 1   115 2   116 1   117 4   126 4   137 4   138 2   158 1   167 4   169 1   192 2   195 7   203 2   212 1   215 2   217 2   236 1   241 2   246 1   252 4   263 1   280 1   285 1   300 4   324 4   328 4   332 1   335 2   337 4   350 4   354 2   370 1   372 2   400 2   411 2   414 2   429 4   434 2   
44  35     4 4   10 4   16 2   23 2   46 4   71 1   73 2   76 2   86 2   101 3   118 1   121 2   129 2   134 1   158 6   161 1   170 1   187 4   189 2   214 2   216 2   219 4   224 2   237 4   260 1   270 4   282 4   290 2   299 4   300 2   301 1   312 2   313 4   328 4   357 4   383 4   385 2   392 1   400 4   401 2   403 2   416 2   421 4   426 4   
The following result corresponding the input file : input_file_q_ary_2013.txt
The following result corresponding the SNR point : 3.4 dB.
27  25     44 4   47 1   57 6   63 2   84 1   104 1   106 4   125 4   149 2   151 4   172 3   191 1   219 2   220 4   228 2   268 4   283 4   289 1   300 4   333 4   355 2   366 4   378 4   383 2   427 4   431 2   435 4   
16  23     5 2   12 1   45 4   77 3   99 7   128 4   143 5   182 4   195 4   254 1   262 1   300 2   358 2   384 1   386 1   413 4   
40  42     9 2   21 1   48 1   56 1   65 1   69 2   71 2   82 2   83 2   88 2   109 4   111 2   117 1   134 2   139 1   155 2   161 1   171 4   189 1   207 6   224 4   225 4   247 2   248 4   254 4   270 1   286 4   294 1   299 3   300 1   325 2   338 2   355 2   375 4   377 4   385 4   389 2   412 3   428 4   432 4   
27  30     4 1   11 1   32 4   47 4   55 4   57 4   100 2   101 4   107 5   114 2   126 2   127 2   158 4   159 4   195 1   207 2   228 4   231 1   239 5   343 1   357 4   397 6   402 4   412 1   415 2   420 6   430 2   
31  31     17 2   36 2   41 4   48 1   63 4   77 1   78 2   127 1   128 1   176 4   178 4   179 2   193 2   198 2   244 4   276 4   311 4   317 2   333 5   336 2   354 4   369 6   371 2   374 2   383 2   396 1   401 1   406 2   423 4   424 4   427 1   
42  31     6 4   19 5   21 4   42 6   51 1   58 2   62 4   74 4   87 4   91 1   94 1   107 2   113 1   148 2   149 4   150 2   157 1   162 4   171 2   197 4   208 1   212 4   247 1   248 1   271 4   277 2   291 4   292 1   297 4   304 2   316 1   334 2   341 2   344 1   356 4   370 4   377 4   380 1   392 4   397 1   431 1   433 1   
36  40     1 4   2 1   10 1   14 4   19 4   30 6   34 2   48 1   51 2   55 1   63 2   65 2   70 2   74 2   80 1   85 4   88 4   117 2   127 4   141 2   155 1   168 5   177 2   201 5   231 1   241 1   245 5   253 1   315 4   348 2   360 2   371 2   385 2   390 2   403 1   417 2   
The following result corresponding the input file : input_file_q_ary_2013.txt
The following result corresponding the SNR point : 4.2 dB.
28  54     11 1   24 1   61 1   134 2   253 2   350 2   387 1   456 1   505 2   506 1   514 2   566 2   680 2   688 2   771 2   841 1   862 2   877 2   887 1   915 2   921 1   949 3   1027 1   1052 1   1092 2   1196 2   1198 1   1262 2   
85  102     40 2   49 1   56 2   125 2   150 3   157 3   165 2   178 2   193 2   197 2   244 1   251 2   256 1   259 2   261 1   266 1   270 1   272 2   283 2   313 1   314 2   326 1   332 2   347 1   373 1   375 1   414 1   415 1   423 2   441 1   449 2   451 1   488 2   495 1   523 1   524 1   530 1   559 1   580 1   583 2   617 2   624 3   681 2   759 2   800 1   802 2   805 1   811 2   833 2   838 1   846 1   864 2   905 2   907 2   912 1   931 2   965 1   981 2   993 2   1012 1   1034 2   1036 2   1063 1   1066 1   1085 1   1138 2   1145 1   1157 2   1160 1   1166 1   1171 1   1180 2   1194 2   1196 1   1209 1   1226 2   1233 2   1235 2   1242 1   1248 1   1264 1   1296 1   1356 1   1357 2   1359 2   
34  45     11 2   14 1   18 1   46 1   83 2   94 1   134 1   150 2   191 1   242 1   267 2   284 1   412 2   432 2   440 1   462 2   511 1   522 1   551 2   575 1   732 2   808 1   862 2   865 3   908 2   939 2   1035 2   1067 1   1114 3   1155 1   1220 1   1291 1   1296 2   1346 2   
51  50     64 2   83 2   90 1   100 1   110 1   124 1   154 1   160 2   192 2   223 1   224 1   314 1   323 2   352 2   403 2   406 2   419 1   431 2   531 2   562 1   571 1   577 1   583 2   633 2   647 1   673 1   682 2   763 1   770 1   777 1   796 2   836 2   841 2   894 2   911 1   934 2   940 1   955 1   1001 2   1003 2   1052 1   1125 1   1167 2   1175 2   1213 3   1222 2   1285 2   1286 1   1291 2   1297 2   1344 2   
38  60     78 2   85 1   165 2   217 1   262 1   276 1   411 2   414 1   426 2   460 1   478 2   492 2   571 1   646 1   691 1   705 2   716 2   745 2   748 2   753 2   785 1   810 1   823 1   837 2   874 1   895 2   925 1   958 2   1041 2   1135 2   1167 2   1186 1   1197 2   1241 2   1295 1   1306 2   1339 1   1341 2   
50  49     15 2   20 1   26 1   68 2   207 1   208 2   246 2   248 1   272 1   283 1   312 1   338 2   351 1   384 1   386 2   390 2   412 1   433 2   454 2   467 2   520 2   566 1   622 1   791 2   793 1   807 1   845 1   847 1   855 2   877 1   930 1   947 2   978 2   987 2   1024 1   1086 1   1091 2   1130 2   1137 1   1149 1   1157 2   1163 2   1185 1   1204 2   1259 1   1283 1   1302 1   1305 1   1321 1   1364 2   
44  58     0 1   91 2   158 1   163 2   179 1   189 2   190 2   227 1   271 2   277 2   322 1   415 2   422 1   449 1   452 1   506 2   557 2   592 1   596 3   631 2   690 2   708 2   712 1   729 1   730 2   748 1   780 2   797 2   829 2   854 2   892 1   894 3   905 1   938 1   951 1   971 1   973 1   1009 2   1091 2   1127 2   1133 1   1210 1   1215 2   1308 2   
42  63     38 1   60 1   99 1   180 1   188 1   324 2   386 2   394 2   421 1   429 2   450 1   460 2   464 2   516 2   522 2   549 1   566 2   582 2   601 1   712 1   740 1   763 2   772 2   890 2   941 2   958 1   966 1   1002 1   1010 1   1013 2   1047 2   1069 2   1086 1   1091 1   1101 2   1113 2   1114 1   1171 2   1195 2   1243 1   1256 1   1301 2   
23  39     14 1   95 1   105 1   185 1   280 2   348 2   414 2   438 1   460 2   484 2   574 1   608 1   670 2   705 2   870 1   888 2   901 2   969 2   970 1   1014 2   1184 1   1351 1   1359 1   
1  4     600 2   
39  57     20 1   62 2   88 2   150 1   205 2   261 1   336 2   359 2   386 2   418 2   427 1   514 2   536 1   556 2   572 2   622 2   629 1   696 1   733 2   818 2   921 2   948 1   950 1   981 2   1017 1   1062 2   1064 1   1073 2   1087 2   1098 1   1106 2   1135 2   1158 2   1257 1   1268 1   1281 2   1325 2   1327 1   1328 2   
32  65     24 2   54 1   150 1   155 1   165 2   192 1   239 2   313 1   325 1   335 1   460 1   496 2   584 2   607 2   638 1   640 2   690 1   718 1   724 2   755 2   836 2   856 2   871 2   876 2   928 1   1057 2   1145 1   1275 2   1282 1   1286 2   1308 2   1346 1   
35  40     32 1   71 2   86 2   89 2   104 1   105 1   106 1   178 2   246 1   457 1   493 2   528 2   602 2   660 2   728 1   787 2   793 1   816 2   825 1   879 2   913 2   922 1   996 2   1017 2   1057 1   1075 3   1094 2   1098 1   1178 1   1212 1   1233 1   1236 2   1238 1   1246 1   1347 1   
39  61     8 1   68 1   116 2   159 1   212 1   225 1   298 2   334 1   363 2   408 1   530 2   534 1   554 2   555 2   632 3   657 1   799 2   815 2   849 2   930 2   973 1   978 1   993 2   1019 2   1026 1   1029 1   1032 2   1038 2   1076 2   1110 2   1115 2   1120 1   1189 1   1248 2   1266 2   1275 2   1307 1   1349 1   1356 1   
54  49     1 1   17 1   43 2   57 2   83 2   178 2   212 2   269 2   270 1   276 1   333 2   356 1   382 1   439 1   472 2   482 1   488 2   500 2   541 2   550 1   563 2   571 2   611 1   656 2   667 2   672 2   687 1   707 1   708 2   715 2   723 1   737 2   745 1   758 2   782 1   874 2   907 1   915 2   973 1   980 2   990 2   1054 1   1066 2   1083 1   1090 1   1098 1   1101 1   1117 1   1140 2   1171 1   1200 1   1283 2   1295 2   1319 2   
50  67     35 1   51 2   83 2   121 2   132 1   174 2   195 1   206 1   260 2   267 2   294 1   304 2   306 1   326 2   355 2   378 1   470 2   532 1   578 1   590 2   614 1   617 1   659 2   664 1   683 1   732 2   762 2   791 1   839 1   886 1   888 1   909 1   921 1   962 2   1002 1   1022 1   1033 1   1069 2   1070 2   1102 2   1132 2   1158 1   1161 2   1170 2   1194 1   1214 1   1245 1   1263 2   1295 1   1341 2   
39  47     18 2   23 2   57 2   69 1   92 1   103 1   111 1   113 2   131 1   140 2   143 2   172 2   173 1   235 2   278 1   372 1   381 1   419 1   444 1   461 1   498 2   712 2   728 1   751 2   760 2   761 2   789 2   833 1   841 1   1001 1   1071 2   1108 1   1133 2   1138 2   1147 1   1228 2   1332 1   1351 1   1353 1   
43  71     12 1   44 1   53 1   103 2   145 1   155 2   248 1   257 1   261 1   267 1   295 1   308 1   330 2   341 2   345 1   449 1   461 2   502 2   508 1   575 2   588 2   604 2   665 1   668 2   679 1   730 2   732 2   737 1   841 2   873 1   914 1   940 2   975 2   1038 1   1062 2   1217 2   1256 1   1273 2   1286 1   1317 2   1324 1   1325 2   1358 1   
54  60     10 2   44 1   64 1   73 2   96 1   97 1   132 3   172 1   196 2   199 1   220 2   252 2   289 1   307 1   329 2   358 2   416 2   421 2   422 1   452 2   465 1   481 2   487 1   517 1   533 2   556 1   622 2   691 2   698 1   701 1   731 2   817 2   841 1   854 2   876 2   905 2   920 2   925 1   934 2   971 2   997 1   1019 2   1036 1   1039 2   1061 2   1065 2   1106 2   1221 1   1231 2   1287 1   1310 2   1342 2   1343 2   1349 1   
36  50     25 1   49 2   99 2   100 2   133 1   135 2   137 1   146 1   152 2   185 1   210 2   237 2   263 1   308 2   318 2   470 2   503 2   518 2   556 2   579 2   594 1   627 1   631 1   641 1   749 2   805 1   823 2   835 2   837 1   840 2   903 2   931 2   999 1   1193 1   1227 1   1301 1   
19  42     33 2   105 1   132 2   149 1   153 3   285 2   310 1   385 1   387 1   441 2   445 2   469 1   514 1   575 1   584 2   694 2   995 2   1197 1   1234 2   
35  55     11 2   38 2   63 1   90 1   113 1   171 1   180 1   194 2   213 2   280 1   305 3   373 3   391 1   441 2   519 1   636 2   725 2   768 2   784 1   810 2   832 1   905 2   927 1   943 1   1013 1   1021 2   1090 2   1095 1   1141 2   1180 1   1238 2   1274 2   1276 2   1292 1   1320 1   
42  61     11 2   29 2   98 1   131 2   143 1   164 1   201 1   232 2   261 1   262 1   307 2   336 1   367 2   392 2   521 1   580 2   614 2   617 2   668 2   747 2   769 2   785 1   809 2   844 1   855 2   861 1   875 2   912 2   948 1   969 1   977 1   988 1   1046 3   1049 2   1058 2   1215 1   1224 1   1244 1   1245 2   1282 1   1345 2   1366 2   
32  50     4 2   72 1   100 1   114 2   141 2   170 1   208 2   244 1   449 1   457 2   463 1   491 1   537 2   565 2   594 1   655 1   722 1   822 2   823 1   833 1   856 1   946 2   1024 1   1038 2   1099 2   1145 1   1149 2   1153 2   1250 1   1284 2   1304 1   1314 2   
42  54     64 2   86 2   92 2   99 2   118 2   151 1   220 2   230 1   331 1   363 2   397 1   409 2   434 1   437 1   459 2   488 2   495 2   545 1   688 2   701 2   707 1   782 1   792 1   815 1   861 2   903 2   904 1   963 1   989 2   1085 1   1089 2   1095 1   1120 2   1152 2   1175 1   1191 1   1244 2   1285 2   1324 2   1325 2   1336 2   1357 1   
39  47     60 1   120 1   124 1   130 2   145 2   158 2   228 2   368 2   432 2   436 2   443 1   478 1   576 1   727 1   740 2   746 2   763 2   814 2   844 1   881 1   922 1   948 1   1020 1   1071 2   1082 2   1140 1   1145 2   1157 2   1209 1   1220 2   1227 1   1231 2   1240 2   1246 1   1258 2   1307 2   1342 2   1345 1   1361 2   
47  56     28 2   30 2   63 1   67 1   96 1   102 2   145 2   153 2   163 2   175 2   189 1   336 1   355 2   385 2   403 1   471 1   481 2   488 2   494 2   533 1   540 2   577 2   636 2   637 1   647 2   667 1   712 1   741 1   744 1   749 2   766 1   902 1   905 2   930 1   975 2   987 1   1013 2   1035 1   1074 1   1105 2   1135 2   1137 2   1218 2   1222 2   1229 1   1332 2   1368 2   
47  47     30 1   33 2   39 1   76 1   79 2   82 2   132 2   153 2   198 1   206 1   240 2   305 2   348 2   355 1   372 2   412 1   427 2   431 1   461 1   478 2   533 1   545 1   575 2   594 1   624 2   630 1   786 1   868 2   891 2   897 2   906 2   918 2   934 2   959 3   989 1   1006 1   1008 1   1020 2   1025 1   1043 2   1069 1   1110 2   1111 2   1231 2   1266 3   1342 2   1345 2   
68  47     3 1   19 2   39 2   46 2   54 1   92 1   101 1   103 2   119 1   126 1   163 1   176 2   197 1   199 2   211 2   256 1   257 2   263 2   278 1   294 1   295 2   299 2   306 2   320 1   364 2   438 1   443 1   449 2   472 1   485 2   524 1   525 1   545 2   567 1   597 2   639 1   658 2   680 2   689 2   717 2   731 2   750 1   764 2   816 3   843 2   854 2   896 2   909 2   963 2   965 1   969 1   1009 2   1040 1   1063 2   1070 1   1077 1   1108 1   1128 2   1131 1   1221 2   1225 2   1226 2   1231 1   1233 1   1287 1   1295 1   1297 2   1316 1   
40  55     25 1   34 2   98 1   142 1   166 2   217 1   239 2   257 1   289 1   368 2   381 2   383 1   386 2   395 1   404 1   408 2   475 1   511 2   523 1   595 1   600 1   610 1   635 2   669 2   780 1   825 1   838 2   905 1   916 1   967 2   990 1   994 2   1125 2   1186 2   1189 1   1201 2   1292 1   1330 2   1350 1   1352 2   
52  71     15 2   49 2   93 1   132 1   146 1   187 1   211 1   227 1   262 1   332 1   361 2   377 1   380 2   423 1   451 2   454 1   464 2   526 2   551 1   572 2   574 2   599 1   609 1   613 1   744 1   768 2   789 1   798 1   804 2   816 1   832 2   836 1   859 1   865 2   877 2   891 2   892 1   903 1   940 1   943 1   961 1   974 1   997 1   1065 1   1067 1   1104 2   1186 1   1190 1   1196 1   1201 1   1230 2   1328 2   
40  52     44 2   138 1   163 2   167 2   236 1   250 1   290 2   308 1   402 2   434 2   506 2   548 2   562 1   572 1   573 1   607 2   637 1   677 1   682 2   697 1   726 2   870 2   872 2   933 1   990 2   1010 3   1017 2   1028 1   1032 2   1053 2   1057 1   1065 2   1117 2   1131 1   1159 2   1214 1   1233 2   1255 2   1319 1   1327 2   
61  68     14 1   38 2   132 1   138 1   140 2   151 1   154 2   184 1   201 1   206 2   302 1   310 2   332 1   342 2   347 1   354 1   381 2   415 1   448 1   455 2   478 1   479 1   503 1   546 1   567 2   596 2   621 1   625 1   628 2   634 1   639 1   667 2   683 2   708 2   715 2   758 1   774 2   775 2   843 2   854 1   867 1   868 2   870 1   935 1   947 1   950 2   954 2   958 1   965 2   976 2   978 1   1032 1   1044 1   1064 2   1066 3   1090 2   1129 2   1130 1   1141 1   1230 1   1233 2   
65  52     0 1   28 2   39 1   65 2   90 2   102 2   108 1   110 1   168 2   176 2   182 1   192 2   200 2   205 1   296 2   303 2   305 2   316 3   353 2   354 2   386 2   394 1   402 1   408 2   449 2   464 1   476 1   519 2   612 2   622 2   650 2   737 1   754 2   791 1   792 2   846 1   862 3   870 1   883 2   910 1   921 2   957 2   977 1   997 1   1001 1   1050 2   1059 2   1069 1   1082 1   1095 1   1096 1   1107 1   1124 2   1158 2   1171 2   1182 1   1184 1   1219 1   1262 1   1325 2   1333 2   1337 2   1342 2   1362 1   1368 2   
47  70     9 1   12 2   43 2   102 2   110 1   179 2   211 2   230 2   264 2   284 1   305 1   322 1   417 1   450 1   462 1   467 1   475 3   535 1   537 2   561 1   565 2   593 2   598 2   611 2   615 2   627 2   637 2   706 2   733 1   764 1   778 1   844 1   850 2   889 1   900 1   946 1   1057 2   1088 2   1118 2   1178 2   1185 2   1221 1   1239 1   1304 1   1319 1   1344 2   1358 1   
31  49     24 2   42 2   60 2   204 2   234 1   253 1   264 3   265 1   289 2   290 1   351 2   425 2   449 1   466 1   590 2   614 2   634 1   668 1   670 1   727 1   819 2   882 1   891 1   970 1   1054 2   1103 2   1118 1   1189 1   1276 1   1325 2   1354 1   
35  55     81 1   137 1   153 1   377 2   389 1   400 1   461 1   479 2   500 2   506 1   561 1   572 3   608 2   612 1   618 2   631 2   634 1   689 1   802 1   811 1   882 2   893 1   907 2   958 2   1010 2   1015 2   1048 2   1084 2   1085 3   1093 1   1098 2   1154 1   1215 2   1292 2   1325 1   
The following result corresponding the input file : input_file_q_ary_2013.txt
The following result corresponding the SNR point : 4.2 dB.
51  55     29 1   45 2   53 1   55 1   84 1   125 2   139 2   154 1   192 2   199 2   223 1   224 1   270 1   352 2   403 2   410 1   431 2   454 1   531 2   562 1   571 1   575 1   577 1   583 2   630 2   682 2   763 1   769 1   770 1   777 1   820 2   841 2   855 1   894 2   911 1   934 2   940 1   955 1   1001 2   1125 1   1167 2   1175 2   1187 1   1195 1   1197 2   1213 3   1222 2   1286 1   1291 2   1297 2   1356 2   
43  58     2 2   38 1   60 1   62 2   67 1   128 1   240 1   282 1   324 2   386 2   392 2   421 1   429 2   434 1   460 2   516 2   541 1   566 2   583 2   601 1   610 1   712 2   713 1   740 1   837 1   897 2   908 1   925 2   934 1   941 2   1013 2   1022 1   1047 2   1069 2   1086 1   1101 2   1105 2   1114 1   1128 1   1171 2   1195 2   1243 1   1256 1   
32  40     17 1   82 1   106 1   124 2   150 1   205 2   336 2   352 1   367 2   384 1   514 2   550 2   556 2   572 2   608 1   622 2   625 1   696 1   733 2   847 2   945 1   948 1   950 1   979 1   1073 2   1081 1   1087 2   1098 1   1135 2   1268 3   1281 2   1311 2   
30  52     8 1   46 1   153 2   159 1   187 1   197 2   222 2   224 2   231 1   293 1   294 2   497 2   555 2   623 2   649 1   694 1   882 1   930 2   973 1   1071 1   1093 1   1115 2   1173 2   1196 2   1248 1   1266 2   1275 2   1306 2   1307 1   1349 1   
38  54     17 1   38 2   39 2   155 2   163 2   178 2   269 2   276 1   296 2   333 2   377 2   430 1   472 2   486 1   488 2   560 1   707 1   708 2   711 1   729 1   737 2   740 2   767 2   874 2   915 2   973 1   980 2   1043 1   1066 2   1083 1   1097 2   1101 1   1117 1   1171 1   1248 1   1282 1   1295 2   1344 1   
9  15     115 2   323 2   351 2   385 2   459 2   548 2   719 1   1023 1   1356 1   
41  52     42 2   45 2   53 1   78 2   98 1   143 1   156 2   164 1   201 1   203 1   218 1   232 2   262 1   272 1   334 2   393 2   521 1   559 1   563 2   614 2   739 1   740 2   747 2   844 1   855 2   861 1   912 2   948 1   969 1   994 2   1015 2   1046 3   1049 2   1084 1   1107 1   1215 1   1224 1   1244 1   1345 2   1357 2   1366 2   
The following result corresponding the input file : input_file_q_ary_2013.txt
The following result corresponding the SNR point : 4.2 dB.
35  34     34 1   60 1   102 2   136 2   150 2   254 1   255 2   257 2   259 2   276 2   295 2   302 2   370 1   424 1   593 1   613 2   659 2   676 1   689 2   690 2   702 1   712 2   869 1   872 2   893 2   938 1   965 1   980 2   1027 1   1047 1   1162 1   1188 2   1234 1   1323 2   1362 1   
28  38     43 2   50 2   64 2   117 1   178 2   274 1   352 1   382 1   419 1   472 2   488 2   496 1   500 2   550 1   584 2   611 1   672 2   707 1   749 3   818 2   821 2   874 2   973 1   991 2   1083 1   1117 1   1121 1   1290 2   
35  60     12 2   40 1   172 1   179 1   198 1   210 2   238 2   260 2   335 1   338 3   375 2   510 1   544 1   585 2   622 2   749 1   760 2   794 1   866 1   898 1   917 2   966 1   988 2   991 2   996 2   1006 2   1067 1   1095 1   1161 1   1181 1   1209 2   1239 2   1253 2   1272 1   1326 3   
37  37     15 2   18 1   111 1   128 1   179 1   183 1   188 2   211 2   260 2   297 2   299 2   314 2   344 2   366 1   461 2   485 2   501 1   546 1   618 1   710 2   714 2   738 2   774 2   782 1   798 2   890 1   1029 1   1055 1   1062 1   1087 2   1123 1   1161 1   1165 1   1215 2   1232 1   1340 1   1366 2   
26  36     13 2   99 1   116 1   146 2   190 2   226 2   297 2   328 2   399 2   432 1   535 1   593 2   722 2   736 2   775 1   938 1   1039 1   1040 1   1082 2   1125 2   1155 2   1184 2   1207 1   1227 2   1286 2   1340 2   
34  42     20 1   45 1   116 1   132 1   140 1   157 1   189 2   224 1   264 2   268 2   276 2   299 1   303 1   337 1   346 2   404 1   409 1   461 1   471 2   592 1   629 1   650 2   706 3   961 2   985 2   1020 1   1052 2   1060 2   1082 2   1114 1   1184 1   1219 1   1352 3   1366 1   
27  48     41 1   63 1   173 2   190 1   205 1   355 2   361 1   504 1   548 3   598 1   610 1   777 2   857 1   871 1   907 2   950 1   963 2   992 2   1014 1   1034 1   1074 2   1085 2   1200 1   1282 1   1299 2   1317 2   1340 2   
2  5     542 2   758 1   
30  41     15 2   57 2   119 1   188 2   278 1   284 2   287 1   378 2   386 2   389 1   414 1   417 1   423 1   441 2   475 1   521 1   568 1   584 1   653 2   694 2   919 2   987 2   1079 2   1105 3   1107 2   1134 2   1138 1   1166 2   1180 1   1197 2   
35  53     12 2   31 1   34 1   41 1   190 2   227 2   268 1   347 1   356 2   372 1   380 1   382 2   520 1   525 2   572 2   583 1   609 2   621 2   629 1   659 2   676 1   681 2   707 2   735 2   746 1   968 1   989 2   1021 2   1030 1   1089 2   1121 1   1163 1   1170 1   1339 2   1349 1   
The following result corresponding the input file : input_file_q_ary_2013.txt
The following result corresponding the SNR point : 4.6 dB.
16  30     0 2   164 2   165 1   199 2   239 2   302 1   333 1   367 2   377 2   379 2   471 2   553 2   572 2   594 2   623 1   788 2   
5  8     153 3   358 2   422 1   446 1   603 2   
27  47     9 1   35 2   72 1   302 1   328 2   412 2   435 3   443 1   456 2   467 2   595 1   696 1   752 2   824 2   882 2   939 3   989 2   994 2   1030 2   1058 2   1066 1   1085 1   1112 1   1218 1   1277 1   1314 1   1353 2   
10  13     14 2   38 1   289 1   406 2   526 1   545 2   700 1   706 2   903 1   1247 1   
21  38     62 1   113 1   205 2   308 2   350 1   444 1   543 2   568 2   597 2   601 1   609 2   646 1   826 1   929 2   1093 1   1133 2   1174 1   1227 2   1273 2   1318 2   1345 2   
1  3     696 2   
5  5     354 1   618 2   714 1   744 1   778 1   
4  3     361 3   451 1   481 2   590 2   
20  39     13 1   27 1   122 1   130 1   155 1   175 2   187 2   268 1   302 2   330 2   390 1   467 2   809 2   995 2   1025 2   1079 1   1098 2   1274 2   1314 2   1363 1   
4  2     113 2   342 1   366 1   558 1   
5  6     398 3   649 1   722 2   1079 1   1081 2   
31  56     28 1   61 1   99 2   126 2   218 1   239 1   250 1   261 1   325 1   336 2   363 1   366 2   385 2   388 2   438 2   477 2   553 1   558 1   646 1   660 1   663 2   748 2   762 3   816 2   831 1   851 2   1027 2   1177 1   1191 2   1195 2   1221 2   
32  37     116 2   122 2   127 1   151 2   158 1   216 1   246 2   327 2   362 1   373 1   461 1   492 2   525 1   534 1   620 1   631 2   635 1   656 2   657 1   663 2   780 2   817 2   939 1   969 1   974 1   983 2   1038 1   1210 2   1221 2   1259 2   1299 1   1322 2   
12  13     16 2   29 1   216 1   398 1   474 2   617 2   650 2   678 2   974 2   1191 1   1252 1   1299 1   
6  5     98 1   278 1   370 1   553 1   957 2   1093 2   
10  6     158 1   255 1   286 1   312 1   323 1   477 2   579 1   663 2   697 2   1150 2   
4  6     56 1   333 2   414 1   514 3   
8  4     48 2   539 1   570 2   669 1   805 1   913 1   1043 2   1327 2   
10  17     27 2   196 2   205 2   214 1   278 2   358 2   417 2   448 2   791 2   979 2   
135  102     3 2   11 2   18 1   19 2   21 1   44 2   45 1   72 1   107 2   113 2   119 1   121 1   122 2   128 1   135 1   154 2   162 1   186 1   197 1   199 2   201 2   222 1   227 1   249 2   265 1   267 1   286 2   294 1   310 2   318 2   319 2   322 1   329 1   333 1   339 1   349 1   354 1   373 2   392 2   395 2   400 2   403 2   414 2   430 2   439 2   447 2   482 1   489 2   496 2   536 1   567 1   568 1   570 1   576 1   580 2   598 1   601 2   604 2   609 1   611 2   638 2   653 2   668 1   669 1   672 1   681 1   691 2   693 2   719 1   726 3   727 2   753 1   770 2   772 1   783 1   784 2   791 1   806 2   814 2   839 3   847 2   848 1   851 2   873 2   875 2   892 1   897 1   910 2   919 1   920 2   922 2   943 1   944 2   952 2   969 2   976 2   977 1   979 1   998 2   1010 2   1011 1   1016 1   1018 1   1021 2   1036 2   1052 2   1055 2   1079 2   1081 2   1084 1   1115 1   1127 2   1149 1   1151 1   1152 2   1163 2   1167 2   1183 2   1186 2   1187 2   1188 1   1194 2   1213 1   1217 2   1233 1   1235 2   1247 2   1288 2   1302 2   1303 1   1324 2   1340 2   1341 1   1354 1   1357 2   
22  28     38 2   50 1   64 2   100 1   141 1   246 1   282 1   436 1   454 1   498 2   539 1   669 1   752 1   791 2   858 2   922 2   1018 1   1066 2   1084 1   1095 2   1126 1   1158 2   
66  63     26 1   37 1   56 1   57 1   92 2   93 2   129 2   170 2   173 2   200 1   217 2   219 1   223 1   229 1   247 2   253 2   273 1   298 1   307 2   333 2   337 2   364 1   381 3   401 3   417 1   472 2   525 2   548 1   559 2   561 2   581 2   582 2   638 2   652 1   658 3   659 1   673 1   692 1   705 2   730 2   731 1   741 3   751 2   770 1   788 1   820 3   834 2   870 3   890 2   938 2   972 2   982 2   985 1   992 2   994 1   1027 2   1061 1   1090 1   1147 1   1155 2   1162 1   1189 2   1223 1   1225 2   1246 2   1351 1   
21  35     48 2   101 1   166 2   188 1   192 1   215 1   221 1   319 1   371 2   576 2   632 1   697 2   736 2   837 1   866 2   989 1   1010 2   1029 2   1079 1   1097 1   1161 2   
1  3     444 1   
56  67     5 2   10 1   52 2   72 2   88 2   141 2   142 3   170 2   176 1   186 1   220 2   280 1   292 1   296 1   310 2   340 1   351 1   397 1   405 2   431 1   447 2   487 2   495 1   497 1   513 2   587 2   595 2   639 1   671 1   714 2   727 1   744 1   777 1   778 1   781 2   800 1   817 1   861 1   864 1   871 1   900 1   922 1   924 2   936 1   972 2   1044 2   1053 2   1146 2   1157 2   1159 2   1174 1   1186 2   1224 1   1316 1   1318 1   1335 2   
5  3     109 1   275 2   449 1   829 1   1104 2   
83  74     0 2   30 1   55 2   76 2   85 1   92 2   106 2   115 1   145 2   148 1   163 1   223 1   239 1   242 3   272 1   275 3   295 3   313 2   323 1   344 1   366 1   377 1   380 2   383 1   404 1   438 2   470 1   471 3   477 2   495 2   509 2   524 1   530 2   563 1   567 1   574 1   597 3   599 2   632 2   635 2   642 1   652 2   676 1   694 1   724 2   728 2   740 2   741 1   747 2   754 2   762 2   795 2   830 1   833 1   836 1   848 2   849 2   890 1   898 1   917 1   920 2   941 1   944 2   957 2   980 1   993 2   995 1   1016 1   1025 1   1031 3   1037 2   1097 2   1101 2   1121 1   1122 1   1138 3   1191 2   1301 2   1309 2   1317 1   1331 1   1351 1   1361 2   
6  5     103 1   176 2   448 2   597 1   859 1   1231 1   
229  96     1 2   6 1   12 1   24 1   29 1   33 1   34 1   40 1   43 2   61 2   64 2   67 2   70 2   92 1   98 2   110 2   113 2   131 1   152 1   183 2   195 2   200 2   203 1   205 2   206 2   213 2   218 2   226 1   228 1   233 1   236 1   244 2   247 1   257 1   267 1   269 1   272 2   277 1   305 1   311 2   325 2   337 1   341 1   348 1   349 1   353 1   355 1   374 1   379 1   380 2   406 1   412 1   413 2   416 1   421 1   427 2   434 1   435 2   448 1   450 1   465 2   466 2   467 1   484 2   488 3   493 1   494 1   499 2   502 2   517 1   518 2   529 1   543 2   548 2   551 2   555 2   557 1   560 2   566 1   568 2   571 2   573 1   574 3   578 2   581 1   589 2   590 1   597 2   609 1   617 2   619 1   631 2   638 1   653 1   673 1   681 2   682 2   698 1   708 2   712 2   715 2   722 1   725 1   737 1   741 1   744 1   745 2   751 1   774 2   775 2   776 2   777 2   780 2   781 1   787 3   800 1   810 2   812 2   815 1   818 1   823 2   824 1   825 2   833 2   844 1   846 1   849 1   852 1   853 1   859 2   869 1   876 2   878 2   880 1   882 1   885 3   892 2   902 1   906 1   911 2   914 2   920 1   924 2   929 2   944 1   950 1   954 2   956 2   957 1   958 1   970 1   974 1   977 1   996 2   997 1   998 2   1003 2   1004 1   1016 1   1024 2   1026 1   1028 1   1034 2   1039 3   1047 2   1050 2   1057 2   1062 1   1064 1   1065 2   1068 2   1069 1   1071 2   1093 1   1094 2   1099 2   1101 1   1105 1   1109 1   1116 1   1118 2   1127 1   1132 1   1137 1   1141 2   1142 2   1143 1   1157 1   1158 2   1163 2   1167 1   1170 2   1177 1   1196 1   1201 2   1202 1   1204 2   1207 1   1212 1   1215 2   1229 2   1230 1   1231 2   1244 1   1245 2   1249 2   1253 1   1257 1   1268 2   1273 2   1276 2   1279 1   1280 1   1284 2   1285 1   1289 2   1290 1   1298 1   1299 1   1301 1   1303 1   1306 1   1313 1   1317 1   1323 2   1328 1   1353 1   1357 1   1364 2   
11  13     55 2   148 3   205 2   235 2   328 2   609 1   624 1   630 1   1207 2   1227 2   1322 2   
21  43     120 2   175 1   181 2   196 1   205 2   250 1   318 1   487 3   518 1   557 2   661 1   705 3   737 1   880 2   977 1   1024 2   1028 2   1062 2   1123 2   1174 3   1265 1   
38  77     26 2   32 1   65 2   78 1   91 1   101 2   139 1   197 2   199 1   217 1   226 2   227 1   279 1   307 2   512 1   571 1   574 2   588 2   679 2   698 2   708 2   807 2   845 1   861 1   863 2   875 1   950 1   994 2   1018 1   1049 1   1063 1   1084 1   1140 2   1151 1   1170 1   1265 2   1314 1   1345 2   
24  47     69 1   133 2   145 2   159 2   165 2   256 1   315 1   362 1   376 3   398 1   434 1   490 1   750 1   907 1   916 3   930 2   948 2   964 1   1035 1   1103 1   1152 1   1273 2   1281 1   1341 2   
5  4     4 1   113 1   258 1   462 3   656 2   
21  28     26 2   54 1   86 2   120 2   122 1   126 1   191 1   264 1   387 2   411 1   452 2   463 3   628 2   669 1   761 1   783 1   876 1   1159 1   1165 2   1171 1   1361 1   
16  33     95 1   365 2   368 1   404 1   406 2   490 1   621 2   626 2   634 3   746 1   755 1   767 1   783 2   864 1   1021 1   1081 2   
