Run,Pe,FER
1,0.36,0.98046875
1,0.33999999999999997,0.9306640625
1,0.32,0.3837890625
1,0.3,0.0
2,0.36,0.9716796875
2,0.33999999999999997,0.9384765625
2,0.32,0.21484375
2,0.3,0.0
3,0.36,0.9755859375
3,0.33999999999999997,0.9326171875
3,0.32,0.3037109375
3,0.3,0.0
4,0.36,0.9716796875
4,0.33999999999999997,0.919921875
4,0.32,0.537109375
4,0.3,0.0
5,0.36,0.982421875
5,0.33999999999999997,0.90234375
5,0.32,0.5439453125
5,0.3,0.0
6,0.36,0.9814453125
6,0.33999999999999997,0.921875
6,0.32,0.603515625
6,0.3,0.0
7,0.36,0.9775390625
7,0.33999999999999997,0.9384765625
7,0.32,0.3837890625
7,0.3,0.0
8,0.36,0.9853515625
8,0.33999999999999997,0.9248046875
8,0.32,0.4609375
8,0.3,0.0
9,0.36,0.982421875
9,0.33999999999999997,0.9189453125
9,0.32,0.4814453125
9,0.3,0.0
10,0.36,0.97265625
10,0.33999999999999997,0.9384765625
10,0.32,0.5068359375
10,0.3,0.0
11,0.36,0.9755859375
11,0.33999999999999997,0.91796875
11,0.32,0.390625
11,0.3,0.0
12,0.36,0.96484375
12,0.33999999999999997,0.9287109375
12,0.32,0.4111328125
12,0.3,0.0
13,0.36,0.9736328125
13,0.33999999999999997,0.8935546875
13,0.32,0.4697265625
13,0.3,0.0
14,0.36,0.98046875
14,0.33999999999999997,0.93359375
14,0.32,0.453125
14,0.3,0.0
15,0.36,0.9599609375
15,0.33999999999999997,0.9248046875
15,0.32,0.267578125
15,0.3,0.0
16,0.36,0.9736328125
16,0.33999999999999997,0.9150390625
16,0.32,0.6201171875
16,0.3,0.0
17,0.36,0.9765625
17,0.33999999999999997,0.92578125
17,0.32,0.6337890625
17,0.3,0.0
18,0.36,0.9736328125
18,0.33999999999999997,0.91796875
18,0.32,0.4609375
18,0.3,0.0
19,0.36,0.966796875
19,0.33999999999999997,0.935546875
19,0.32,0.5380859375
19,0.3,0.0
20,0.36,0.974609375
20,0.33999999999999997,0.9248046875
20,0.32,0.5390625
20,0.3,0.0
21,0.36,0.990234375
21,0.33999999999999997,0.9287109375
21,0.32,0.5927734375
21,0.3,0.0
22,0.36,0.9736328125
22,0.33999999999999997,0.923828125
22,0.32,0.27734375
22,0.3,0.0
23,0.36,0.970703125
23,0.33999999999999997,0.921875
23,0.32,0.525390625
23,0.3,0.0
24,0.36,0.984375
24,0.33999999999999997,0.91796875
24,0.32,0.71875
24,0.3,0.0
25,0.36,0.9736328125
25,0.33999999999999997,0.91796875
25,0.32,0.3359375
25,0.3,0.0
26,0.36,0.9736328125
26,0.33999999999999997,0.93359375
26,0.32,0.4697265625
26,0.3,0.0
27,0.36,0.9609375
27,0.33999999999999997,0.935546875
27,0.32,0.326171875
27,0.3,0.0
28,0.36,0.9833984375
28,0.33999999999999997,0.9130859375
28,0.32,0.697265625
28,0.3,0.0
29,0.36,0.978515625
29,0.33999999999999997,0.9267578125
29,0.32,0.578125
29,0.3,0.0
30,0.36,0.9775390625
30,0.33999999999999997,0.927734375
30,0.32,0.5751953125
30,0.3,0.0
31,0.36,0.9736328125
31,0.33999999999999997,0.904296875
31,0.32,0.486328125
31,0.3,0.0
32,0.36,0.9833984375
32,0.33999999999999997,0.927734375
32,0.32,0.6083984375
32,0.3,0.0
33,0.36,0.9775390625
33,0.33999999999999997,0.9091796875
33,0.32,0.59375
33,0.3,0.0
34,0.36,0.96875
34,0.33999999999999997,0.9248046875
34,0.32,0.7080078125
34,0.3,0.0
35,0.36,0.9765625
35,0.33999999999999997,0.9365234375
35,0.32,0.396484375
35,0.3,0.0
36,0.36,0.9658203125
36,0.33999999999999997,0.927734375
36,0.32,0.4482421875
36,0.3,0.0
37,0.36,0.9775390625
37,0.33999999999999997,0.93359375
37,0.32,0.2587890625
37,0.3,0.0
38,0.36,0.9677734375
38,0.33999999999999997,0.9365234375
38,0.32,0.3349609375
38,0.3,0.0
39,0.36,0.98046875
39,0.33999999999999997,0.927734375
39,0.32,0.7099609375
39,0.3,0.0
40,0.36,0.9736328125
40,0.33999999999999997,0.892578125
40,0.32,0.4326171875
40,0.3,0.0
41,0.36,0.9736328125
41,0.33999999999999997,0.935546875
41,0.32,0.53515625
41,0.3,0.0
42,0.36,0.9755859375
42,0.33999999999999997,0.9296875
42,0.32,0.494140625
42,0.3,0.0
43,0.36,0.974609375
43,0.33999999999999997,0.9248046875
43,0.32,0.7216796875
43,0.3,0.0
44,0.36,0.97265625
44,0.33999999999999997,0.919921875
44,0.32,0.6884765625
44,0.3,0.0
45,0.36,0.970703125
45,0.33999999999999997,0.9248046875
45,0.32,0.2890625
45,0.3,0.0
46,0.36,0.9765625
46,0.33999999999999997,0.91015625
46,0.32,0.509765625
46,0.3,0.0
47,0.36,0.9755859375
47,0.33999999999999997,0.927734375
47,0.32,0.41015625
47,0.3,0.0
48,0.36,0.9697265625
48,0.33999999999999997,0.9326171875
48,0.32,0.42578125
48,0.3,0.0
49,0.36,0.9765625
49,0.33999999999999997,0.927734375
49,0.32,0.4072265625
49,0.3,0.0
50,0.36,0.974609375
50,0.33999999999999997,0.9248046875
50,0.32,0.5224609375
50,0.3,0.0
51,0.36,0.982421875
51,0.33999999999999997,0.9169921875
51,0.32,0.458984375
51,0.3,0.0
52,0.36,0.9833984375
52,0.33999999999999997,0.9248046875
52,0.32,0.4892578125
52,0.3,0.0
53,0.36,0.978515625
53,0.33999999999999997,0.9208984375
53,0.32,0.62890625
53,0.3,0.0
54,0.36,0.978515625
54,0.33999999999999997,0.931640625
54,0.32,0.568359375
54,0.3,0.0
55,0.36,0.9833984375
55,0.33999999999999997,0.9365234375
55,0.32,0.408203125
55,0.3,0.0
56,0.36,0.9638671875
56,0.33999999999999997,0.939453125
56,0.32,0.48828125
56,0.3,0.0
57,0.36,0.9775390625
57,0.33999999999999997,0.92578125
57,0.32,0.5234375
57,0.3,0.0
58,0.36,0.966796875
58,0.33999999999999997,0.9169921875
58,0.32,0.642578125
58,0.3,0.0
59,0.36,0.9765625
59,0.33999999999999997,0.93359375
59,0.32,0.5322265625
59,0.3,0.0
60,0.36,0.982421875
60,0.33999999999999997,0.9326171875
60,0.32,0.60546875
60,0.3,0.0
61,0.36,0.97265625
61,0.33999999999999997,0.908203125
61,0.32,0.486328125
61,0.3,0.0
62,0.36,0.970703125
62,0.33999999999999997,0.9326171875
62,0.32,0.5458984375
62,0.3,0.0
63,0.36,0.96484375
63,0.33999999999999997,0.9208984375
63,0.32,0.7177734375
63,0.3,0.0
64,0.36,0.9794921875
64,0.33999999999999997,0.9287109375
64,0.32,0.4345703125
64,0.3,0.0
65,0.36,0.9755859375
65,0.33999999999999997,0.9072265625
65,0.32,0.2861328125
65,0.3,0.0
66,0.36,0.974609375
66,0.33999999999999997,0.9150390625
66,0.32,0.560546875
66,0.3,0.0
67,0.36,0.9736328125
67,0.33999999999999997,0.9384765625
67,0.32,0.6640625
67,0.3,0.0
68,0.36,0.9736328125
68,0.33999999999999997,0.921875
68,0.32,0.4814453125
68,0.3,0.0
69,0.36,0.9794921875
69,0.33999999999999997,0.927734375
69,0.32,0.380859375
69,0.3,0.0
70,0.36,0.9833984375
70,0.33999999999999997,0.9228515625
70,0.32,0.412109375
70,0.3,0.0
71,0.36,0.9833984375
71,0.33999999999999997,0.94140625
71,0.32,0.443359375
71,0.3,0.0
72,0.36,0.9716796875
72,0.33999999999999997,0.93359375
72,0.32,0.33203125
72,0.3,0.0
73,0.36,0.982421875
73,0.33999999999999997,0.9306640625
73,0.32,0.6337890625
73,0.3,0.0
74,0.36,0.9765625
74,0.33999999999999997,0.9345703125
74,0.32,0.5947265625
74,0.3,0.0
75,0.36,0.9697265625
75,0.33999999999999997,0.9365234375
75,0.32,0.45703125
75,0.3,0.0
76,0.36,0.9755859375
76,0.33999999999999997,0.9228515625
76,0.32,0.55078125
76,0.3,0.0
77,0.36,0.9716796875
77,0.33999999999999997,0.9375
77,0.32,0.5693359375
77,0.3,0.0
78,0.36,0.9775390625
78,0.33999999999999997,0.9140625
78,0.32,0.2451171875
78,0.3,0.0
79,0.36,0.9765625
79,0.33999999999999997,0.923828125
79,0.32,0.51953125
79,0.3,0.0
80,0.36,0.9755859375
80,0.33999999999999997,0.9287109375
80,0.32,0.4921875
80,0.3,0.0
81,0.36,0.9736328125
81,0.33999999999999997,0.927734375
81,0.32,0.185546875
81,0.3,0.0
82,0.36,0.97265625
82,0.33999999999999997,0.9404296875
82,0.32,0.5693359375
82,0.3,0.0
83,0.36,0.9765625
83,0.33999999999999997,0.92578125
83,0.32,0.2734375
83,0.3,0.0
84,0.36,0.96875
84,0.33999999999999997,0.9267578125
84,0.32,0.3759765625
84,0.3,0.0
85,0.36,0.9716796875
85,0.33999999999999997,0.90234375
85,0.32,0.5283203125
85,0.3,0.0
86,0.36,0.978515625
86,0.33999999999999997,0.93359375
86,0.32,0.447265625
86,0.3,0.0
87,0.36,0.974609375
87,0.33999999999999997,0.9267578125
87,0.32,0.3857421875
87,0.3,0.0
88,0.36,0.9833984375
88,0.33999999999999997,0.91796875
88,0.32,0.326171875
88,0.3,0.0
89,0.36,0.97265625
89,0.33999999999999997,0.9140625
89,0.32,0.4638671875
89,0.3,0.0
90,0.36,0.9814453125
90,0.33999999999999997,0.9287109375
90,0.32,0.66015625
90,0.3,0.0
91,0.36,0.9736328125
91,0.33999999999999997,0.927734375
91,0.32,0.572265625
91,0.3,0.0
92,0.36,0.97265625
92,0.33999999999999997,0.9208984375
92,0.32,0.595703125
92,0.3,0.0
93,0.36,0.974609375
93,0.33999999999999997,0.919921875
93,0.32,0.3310546875
93,0.3,0.0
94,0.36,0.9833984375
94,0.33999999999999997,0.92578125
94,0.32,0.5283203125
94,0.3,0.0
95,0.36,0.970703125
95,0.33999999999999997,0.93359375
95,0.32,0.6044921875
95,0.3,0.0
96,0.36,0.9814453125
96,0.33999999999999997,0.9189453125
96,0.32,0.4912109375
96,0.3,0.0
97,0.36,0.9765625
97,0.33999999999999997,0.9189453125
97,0.32,0.5673828125
97,0.3,0.0
98,0.36,0.9755859375
98,0.33999999999999997,0.923828125
98,0.32,0.51953125
98,0.3,0.0
99,0.36,0.9814453125
99,0.33999999999999997,0.935546875
99,0.32,0.6630859375
99,0.3,0.0
100,0.36,0.9755859375
100,0.33999999999999997,0.9248046875
100,0.32,0.5439453125
100,0.3,0.0
101,0.36,0.984375
101,0.33999999999999997,0.923828125
101,0.32,0.439453125
101,0.3,0.0
102,0.36,0.9755859375
102,0.33999999999999997,0.935546875
102,0.32,0.6396484375
102,0.3,0.0
103,0.36,0.970703125
103,0.33999999999999997,0.9150390625
103,0.32,0.4794921875
103,0.3,0.0
104,0.36,0.9716796875
104,0.33999999999999997,0.9208984375
104,0.32,0.59765625
104,0.3,0.0
105,0.36,0.9775390625
105,0.33999999999999997,0.9228515625
105,0.32,0.57421875
105,0.3,0.0
106,0.36,0.970703125
106,0.33999999999999997,0.9150390625
106,0.32,0.6103515625
106,0.3,0.0
107,0.36,0.9833984375
107,0.33999999999999997,0.9228515625
107,0.32,0.5009765625
107,0.3,0.0
108,0.36,0.974609375
108,0.33999999999999997,0.935546875
108,0.32,0.5322265625
108,0.3,0.0
109,0.36,0.9716796875
109,0.33999999999999997,0.9228515625
109,0.32,0.6162109375
109,0.3,0.0
110,0.36,0.9677734375
110,0.33999999999999997,0.9169921875
110,0.32,0.4482421875
110,0.3,0.0
111,0.36,0.9814453125
111,0.33999999999999997,0.919921875
111,0.32,0.4599609375
111,0.3,0.0
112,0.36,0.9736328125
112,0.33999999999999997,0.91796875
112,0.32,0.43359375
112,0.3,0.0
113,0.36,0.98046875
113,0.33999999999999997,0.9345703125
113,0.32,0.470703125
113,0.3,0.0
114,0.36,0.9775390625
114,0.33999999999999997,0.927734375
114,0.32,0.5234375
114,0.3,0.0
115,0.36,0.9755859375
115,0.33999999999999997,0.935546875
115,0.32,0.37109375
115,0.3,0.0
116,0.36,0.9716796875
116,0.33999999999999997,0.9228515625
116,0.32,0.5751953125
116,0.3,0.0
117,0.36,0.9775390625
117,0.33999999999999997,0.9169921875
117,0.32,0.271484375
117,0.3,0.0
118,0.36,0.9736328125
118,0.33999999999999997,0.9287109375
118,0.32,0.203125
118,0.3,0.0
119,0.36,0.97265625
119,0.33999999999999997,0.9326171875
119,0.32,0.6279296875
119,0.3,0.0
120,0.36,0.98046875
120,0.33999999999999997,0.9296875
120,0.32,0.390625
120,0.3,0.0
121,0.36,0.974609375
121,0.33999999999999997,0.9228515625
121,0.32,0.7021484375
121,0.3,0.0
122,0.36,0.978515625
122,0.33999999999999997,0.9287109375
122,0.32,0.5283203125
122,0.3,0.0
123,0.36,0.986328125
123,0.33999999999999997,0.9287109375
123,0.32,0.25390625
123,0.3,0.0
124,0.36,0.98046875
124,0.33999999999999997,0.9267578125
124,0.32,0.548828125
124,0.3,0.0
125,0.36,0.9736328125
125,0.33999999999999997,0.9306640625
125,0.32,0.716796875
125,0.3,0.0
126,0.36,0.9775390625
126,0.33999999999999997,0.9228515625
126,0.32,0.5205078125
126,0.3,0.0
127,0.36,0.982421875
127,0.33999999999999997,0.908203125
127,0.32,0.490234375
127,0.3,0.0
128,0.36,0.9814453125
128,0.33999999999999997,0.9404296875
128,0.32,0.369140625
128,0.3,0.0
129,0.36,0.9697265625
129,0.33999999999999997,0.9287109375
129,0.32,0.3408203125
129,0.3,0.0
130,0.36,0.9765625
130,0.33999999999999997,0.92578125
130,0.32,0.2041015625
130,0.3,0.0
131,0.36,0.9677734375
131,0.33999999999999997,0.92578125
131,0.32,0.6669921875
131,0.3,0.0
132,0.36,0.970703125
132,0.33999999999999997,0.9140625
132,0.32,0.3994140625
132,0.3,0.0
133,0.36,0.9814453125
133,0.33999999999999997,0.9208984375
133,0.32,0.5927734375
133,0.3,0.0
134,0.36,0.974609375
134,0.33999999999999997,0.9140625
134,0.32,0.6103515625
134,0.3,0.0
135,0.36,0.9716796875
135,0.33999999999999997,0.9130859375
135,0.32,0.4853515625
135,0.3,0.0
136,0.36,0.9755859375
136,0.33999999999999997,0.9267578125
136,0.32,0.431640625
136,0.3,0.0
137,0.36,0.9716796875
137,0.33999999999999997,0.9501953125
137,0.32,0.5546875
137,0.3,0.0
138,0.36,0.9755859375
138,0.33999999999999997,0.9267578125
138,0.32,0.341796875
138,0.3,0.0
139,0.36,0.9677734375
139,0.33999999999999997,0.931640625
139,0.32,0.603515625
139,0.3,0.0
140,0.36,0.9794921875
140,0.33999999999999997,0.92578125
140,0.32,0.4677734375
140,0.3,0.0
141,0.36,0.9775390625
141,0.33999999999999997,0.9326171875
141,0.32,0.412109375
141,0.3,0.0
142,0.36,0.9677734375
142,0.33999999999999997,0.927734375
142,0.32,0.46484375
142,0.3,0.0
143,0.36,0.966796875
143,0.33999999999999997,0.935546875
143,0.32,0.6181640625
143,0.3,0.0
144,0.36,0.9638671875
144,0.33999999999999997,0.9345703125
144,0.32,0.615234375
144,0.3,0.0
145,0.36,0.9736328125
145,0.33999999999999997,0.931640625
145,0.32,0.439453125
145,0.3,0.0
146,0.36,0.970703125
146,0.33999999999999997,0.931640625
146,0.32,0.3994140625
146,0.3,0.0
147,0.36,0.9619140625
147,0.33999999999999997,0.9150390625
147,0.32,0.4384765625
147,0.3,0.0
148,0.36,0.974609375
148,0.33999999999999997,0.912109375
148,0.32,0.62109375
148,0.3,0.0
149,0.36,0.9736328125
149,0.33999999999999997,0.9365234375
149,0.32,0.578125
149,0.3,0.0
150,0.36,0.97265625
150,0.33999999999999997,0.9306640625
150,0.32,0.4462890625
150,0.3,0.0
151,0.36,0.970703125
151,0.33999999999999997,0.9228515625
151,0.32,0.37109375
151,0.3,0.0
152,0.36,0.9755859375
152,0.33999999999999997,0.93359375
152,0.32,0.5419921875
152,0.3,0.0
153,0.36,0.9833984375
153,0.33999999999999997,0.9248046875
153,0.32,0.5751953125
153,0.3,0.0
154,0.36,0.9765625
154,0.33999999999999997,0.9150390625
154,0.32,0.474609375
154,0.3,0.0
155,0.36,0.9853515625
155,0.33999999999999997,0.916015625
155,0.32,0.5556640625
155,0.3,0.0
156,0.36,0.982421875
156,0.33999999999999997,0.9228515625
156,0.32,0.603515625
156,0.3,0.0
157,0.36,0.978515625
157,0.33999999999999997,0.939453125
157,0.32,0.310546875
157,0.3,0.0
158,0.36,0.9794921875
158,0.33999999999999997,0.9189453125
158,0.32,0.474609375
158,0.3,0.0
159,0.36,0.984375
159,0.33999999999999997,0.927734375
159,0.32,0.439453125
159,0.3,0.0
160,0.36,0.9755859375
160,0.33999999999999997,0.939453125
160,0.32,0.2890625
160,0.3,0.0
161,0.36,0.9765625
161,0.33999999999999997,0.9189453125
161,0.32,0.5546875
161,0.3,0.0
162,0.36,0.9765625
162,0.33999999999999997,0.9208984375
162,0.32,0.533203125
162,0.3,0.0
163,0.36,0.9736328125
163,0.33999999999999997,0.927734375
163,0.32,0.3232421875
163,0.3,0.0
164,0.36,0.9755859375
164,0.33999999999999997,0.9326171875
164,0.32,0.412109375
164,0.3,0.0
165,0.36,0.978515625
165,0.33999999999999997,0.9130859375
165,0.32,0.458984375
165,0.3,0.0
166,0.36,0.974609375
166,0.33999999999999997,0.927734375
166,0.32,0.5888671875
166,0.3,0.0
167,0.36,0.9765625
167,0.33999999999999997,0.923828125
167,0.32,0.517578125
167,0.3,0.0
168,0.36,0.984375
168,0.33999999999999997,0.921875
168,0.32,0.640625
168,0.3,0.0
169,0.36,0.9755859375
169,0.33999999999999997,0.92578125
169,0.32,0.6044921875
169,0.3,0.0
170,0.36,0.9765625
170,0.33999999999999997,0.9130859375
170,0.32,0.3310546875
170,0.3,0.0
171,0.36,0.9775390625
171,0.33999999999999997,0.9306640625
171,0.32,0.3173828125
171,0.3,0.0
172,0.36,0.9736328125
172,0.33999999999999997,0.9365234375
172,0.32,0.4306640625
172,0.3,0.0
173,0.36,0.9775390625
173,0.33999999999999997,0.9248046875
173,0.32,0.646484375
173,0.3,0.0
174,0.36,0.9853515625
174,0.33999999999999997,0.93359375
174,0.32,0.5908203125
174,0.3,0.0
175,0.36,0.9755859375
175,0.33999999999999997,0.9482421875
175,0.32,0.537109375
175,0.3,0.0
176,0.36,0.982421875
176,0.33999999999999997,0.921875
176,0.32,0.65234375
176,0.3,0.0
177,0.36,0.98046875
177,0.33999999999999997,0.919921875
177,0.32,0.39453125
177,0.3,0.0
178,0.36,0.98046875
178,0.33999999999999997,0.9248046875
178,0.32,0.408203125
178,0.3,0.0
179,0.36,0.9755859375
179,0.33999999999999997,0.927734375
179,0.32,0.62890625
179,0.3,0.0
180,0.36,0.97265625
180,0.33999999999999997,0.9345703125
180,0.32,0.4228515625
180,0.3,0.0
181,0.36,0.978515625
181,0.33999999999999997,0.91796875
181,0.32,0.21484375
181,0.3,0.0
182,0.36,0.9697265625
182,0.33999999999999997,0.9208984375
182,0.32,0.4658203125
182,0.3,0.0
183,0.36,0.9716796875
183,0.33999999999999997,0.939453125
183,0.32,0.3720703125
183,0.3,0.0
184,0.36,0.9677734375
184,0.33999999999999997,0.9345703125
184,0.32,0.5244140625
184,0.3,0.0
185,0.36,0.9873046875
185,0.33999999999999997,0.9052734375
185,0.32,0.3662109375
185,0.3,0.0
186,0.36,0.9765625
186,0.33999999999999997,0.935546875
186,0.32,0.5419921875
186,0.3,0.0
187,0.36,0.9716796875
187,0.33999999999999997,0.9033203125
187,0.32,0.2548828125
187,0.3,0.0
188,0.36,0.9736328125
188,0.33999999999999997,0.92578125
188,0.32,0.4697265625
188,0.3,0.0
189,0.36,0.978515625
189,0.33999999999999997,0.93359375
189,0.32,0.5380859375
189,0.3,0.0
190,0.36,0.97265625
190,0.33999999999999997,0.9267578125
190,0.32,0.6396484375
190,0.3,0.0
191,0.36,0.9697265625
191,0.33999999999999997,0.92578125
191,0.32,0.5498046875
191,0.3,0.0
192,0.36,0.978515625
192,0.33999999999999997,0.931640625
192,0.32,0.3876953125
192,0.3,0.0
193,0.36,0.974609375
193,0.33999999999999997,0.9150390625
193,0.32,0.5966796875
193,0.3,0.0
194,0.36,0.9736328125
194,0.33999999999999997,0.919921875
194,0.32,0.21484375
194,0.3,0.0
195,0.36,0.9833984375
195,0.33999999999999997,0.931640625
195,0.32,0.369140625
195,0.3,0.0
196,0.36,0.9716796875
196,0.33999999999999997,0.9423828125
196,0.32,0.6474609375
196,0.3,0.0
197,0.36,0.9775390625
197,0.33999999999999997,0.9189453125
197,0.32,0.330078125
197,0.3,0.0
198,0.36,0.9765625
198,0.33999999999999997,0.9267578125
198,0.32,0.4462890625
198,0.3,0.0
199,0.36,0.974609375
199,0.33999999999999997,0.919921875
199,0.32,0.390625
199,0.3,0.0
200,0.36,0.98046875
200,0.33999999999999997,0.9091796875
200,0.32,0.7197265625
200,0.3,0.0
201,0.36,0.97265625
201,0.33999999999999997,0.9345703125
201,0.32,0.5302734375
201,0.3,0.0
202,0.36,0.9853515625
202,0.33999999999999997,0.9296875
202,0.32,0.5830078125
202,0.3,0.0
203,0.36,0.97265625
203,0.33999999999999997,0.9169921875
203,0.32,0.2138671875
203,0.3,0.0
204,0.36,0.9716796875
204,0.33999999999999997,0.9404296875
204,0.32,0.6181640625
204,0.3,0.0
205,0.36,0.978515625
205,0.33999999999999997,0.908203125
205,0.32,0.5390625
205,0.3,0.0
206,0.36,0.97265625
206,0.33999999999999997,0.9072265625
206,0.32,0.4658203125
206,0.3,0.0
207,0.36,0.9736328125
207,0.33999999999999997,0.931640625
207,0.32,0.6689453125
207,0.3,0.0
208,0.36,0.978515625
208,0.33999999999999997,0.919921875
208,0.32,0.5302734375
208,0.3,0.0
209,0.36,0.970703125
209,0.33999999999999997,0.9267578125
209,0.32,0.60546875
209,0.3,0.0
210,0.36,0.9794921875
210,0.33999999999999997,0.90625
210,0.32,0.591796875
210,0.3,0.0
211,0.36,0.962890625
211,0.33999999999999997,0.92578125
211,0.32,0.3955078125
211,0.3,0.0
212,0.36,0.9677734375
212,0.33999999999999997,0.9326171875
212,0.32,0.5654296875
212,0.3,0.0
213,0.36,0.978515625
213,0.33999999999999997,0.943359375
213,0.32,0.4052734375
213,0.3,0.0
214,0.36,0.9794921875
214,0.33999999999999997,0.9267578125
214,0.32,0.55859375
214,0.3,0.0
215,0.36,0.9814453125
215,0.33999999999999997,0.921875
215,0.32,0.662109375
215,0.3,0.0
216,0.36,0.96875
216,0.33999999999999997,0.927734375
216,0.32,0.4052734375
216,0.3,0.0
217,0.36,0.978515625
217,0.33999999999999997,0.9111328125
217,0.32,0.2080078125
217,0.3,0.0
218,0.36,0.9697265625
218,0.33999999999999997,0.9296875
218,0.32,0.46875
218,0.3,0.0
219,0.36,0.9765625
219,0.33999999999999997,0.923828125
219,0.32,0.5166015625
219,0.3,0.0
220,0.36,0.9775390625
220,0.33999999999999997,0.91796875
220,0.32,0.2587890625
220,0.3,0.0
221,0.36,0.9736328125
221,0.33999999999999997,0.9306640625
221,0.32,0.4169921875
221,0.3,0.0
222,0.36,0.974609375
222,0.33999999999999997,0.921875
222,0.32,0.5283203125
222,0.3,0.0
223,0.36,0.9765625
223,0.33999999999999997,0.92578125
223,0.32,0.47265625
223,0.3,0.0
224,0.36,0.982421875
224,0.33999999999999997,0.93359375
224,0.32,0.46484375
224,0.3,0.0
225,0.36,0.970703125
225,0.33999999999999997,0.9248046875
225,0.32,0.56640625
225,0.3,0.0
226,0.36,0.9736328125
226,0.33999999999999997,0.9423828125
226,0.32,0.5224609375
226,0.3,0.0
227,0.36,0.978515625
227,0.33999999999999997,0.9130859375
227,0.32,0.6123046875
227,0.3,0.0
228,0.36,0.9638671875
228,0.33999999999999997,0.935546875
228,0.32,0.240234375
228,0.3,0.0
229,0.36,0.970703125
229,0.33999999999999997,0.9287109375
229,0.32,0.66015625
229,0.3,0.0
230,0.36,0.98046875
230,0.33999999999999997,0.9248046875
230,0.32,0.5185546875
230,0.3,0.0
231,0.36,0.984375
231,0.33999999999999997,0.931640625
231,0.32,0.5185546875
231,0.3,0.0
232,0.36,0.9775390625
232,0.33999999999999997,0.9296875
232,0.32,0.564453125
232,0.3,0.0
233,0.36,0.9765625
233,0.33999999999999997,0.9326171875
233,0.32,0.5380859375
233,0.3,0.0
234,0.36,0.974609375
234,0.33999999999999997,0.9384765625
234,0.32,0.2216796875
234,0.3,0.0
235,0.36,0.974609375
235,0.33999999999999997,0.9326171875
235,0.32,0.708984375
235,0.3,0.0
236,0.36,0.9736328125
236,0.33999999999999997,0.9189453125
236,0.32,0.6689453125
236,0.3,0.0
237,0.36,0.9755859375
237,0.33999999999999997,0.9423828125
237,0.32,0.4794921875
237,0.3,0.0
238,0.36,0.974609375
238,0.33999999999999997,0.9345703125
238,0.32,0.306640625
238,0.3,0.0
239,0.36,0.982421875
239,0.33999999999999997,0.939453125
239,0.32,0.3466796875
239,0.3,0.0
240,0.36,0.9775390625
240,0.33999999999999997,0.9326171875
240,0.32,0.5048828125
240,0.3,0.0
241,0.36,0.9716796875
241,0.33999999999999997,0.9296875
241,0.32,0.5771484375
241,0.3,0.0
242,0.36,0.96875
242,0.33999999999999997,0.9453125
242,0.32,0.609375
242,0.3,0.0
243,0.36,0.9794921875
243,0.33999999999999997,0.9326171875
243,0.32,0.5703125
243,0.3,0.0
244,0.36,0.9677734375
244,0.33999999999999997,0.91796875
244,0.32,0.6767578125
244,0.3,0.0
245,0.36,0.978515625
245,0.33999999999999997,0.9169921875
245,0.32,0.2138671875
245,0.3,0.0
246,0.36,0.9814453125
246,0.33999999999999997,0.951171875
246,0.32,0.271484375
246,0.3,0.0
247,0.36,0.982421875
247,0.33999999999999997,0.8994140625
247,0.32,0.6474609375
247,0.3,0.0
248,0.36,0.9755859375
248,0.33999999999999997,0.9208984375
248,0.32,0.21875
248,0.3,0.0
249,0.36,0.98046875
249,0.33999999999999997,0.93359375
249,0.32,0.341796875
249,0.3,0.0
250,0.36,0.9677734375
250,0.33999999999999997,0.9345703125
250,0.32,0.3955078125
250,0.3,0.0
251,0.36,0.9765625
251,0.33999999999999997,0.9404296875
251,0.32,0.5244140625
251,0.3,0.0
252,0.36,0.98046875
252,0.33999999999999997,0.9228515625
252,0.32,0.681640625
252,0.3,0.0
253,0.36,0.9814453125
253,0.33999999999999997,0.9228515625
253,0.32,0.6337890625
253,0.3,0.0
254,0.36,0.9755859375
254,0.33999999999999997,0.9365234375
254,0.32,0.603515625
254,0.3,0.0
255,0.36,0.974609375
255,0.33999999999999997,0.912109375
255,0.32,0.3291015625
255,0.3,0.0
256,0.36,0.9697265625
256,0.33999999999999997,0.9423828125
256,0.32,0.3603515625
256,0.3,0.0
257,0.36,0.96875
257,0.33999999999999997,0.9296875
257,0.32,0.421875
257,0.3,0.0
258,0.36,0.982421875
258,0.33999999999999997,0.9384765625
258,0.32,0.5537109375
258,0.3,0.0
259,0.36,0.9755859375
259,0.33999999999999997,0.9443359375
259,0.32,0.2392578125
259,0.3,0.0
260,0.36,0.98046875
260,0.33999999999999997,0.9326171875
260,0.32,0.5908203125
260,0.3,0.0
261,0.36,0.9775390625
261,0.33999999999999997,0.9296875
261,0.32,0.1220703125
261,0.3,0.0
262,0.36,0.9755859375
262,0.33999999999999997,0.931640625
262,0.32,0.4970703125
262,0.3,0.0
263,0.36,0.9658203125
263,0.33999999999999997,0.9384765625
263,0.32,0.7001953125
263,0.3,0.0
264,0.36,0.97265625
264,0.33999999999999997,0.927734375
264,0.32,0.1416015625
264,0.3,0.0
265,0.36,0.98046875
265,0.33999999999999997,0.9111328125
265,0.32,0.4580078125
265,0.3,0.0
266,0.36,0.982421875
266,0.33999999999999997,0.935546875
266,0.32,0.4580078125
266,0.3,0.0
267,0.36,0.9833984375
267,0.33999999999999997,0.9423828125
267,0.32,0.5830078125
267,0.3,0.0
268,0.36,0.9775390625
268,0.33999999999999997,0.9365234375
268,0.32,0.4375
268,0.3,0.0
269,0.36,0.9853515625
269,0.33999999999999997,0.9306640625
269,0.32,0.74609375
269,0.3,0.0
270,0.36,0.9814453125
270,0.33999999999999997,0.916015625
270,0.32,0.482421875
270,0.3,0.0
271,0.36,0.9716796875
271,0.33999999999999997,0.9111328125
271,0.32,0.5908203125
271,0.3,0.0
272,0.36,0.9697265625
272,0.33999999999999997,0.9384765625
272,0.32,0.623046875
272,0.3,0.0
273,0.36,0.9736328125
273,0.33999999999999997,0.9287109375
273,0.32,0.5009765625
273,0.3,0.0
274,0.36,0.9736328125
274,0.33999999999999997,0.9208984375
274,0.32,0.4638671875
274,0.3,0.0
275,0.36,0.978515625
275,0.33999999999999997,0.908203125
275,0.32,0.720703125
275,0.3,0.0
276,0.36,0.9677734375
276,0.33999999999999997,0.912109375
276,0.32,0.5078125
276,0.3,0.0
277,0.36,0.98046875
277,0.33999999999999997,0.93359375
277,0.32,0.3984375
277,0.3,0.0
278,0.36,0.974609375
278,0.33999999999999997,0.9423828125
278,0.32,0.619140625
278,0.3,0.0
279,0.36,0.974609375
279,0.33999999999999997,0.931640625
279,0.32,0.3798828125
279,0.3,0.0
280,0.36,0.982421875
280,0.33999999999999997,0.93359375
280,0.32,0.5595703125
280,0.3,0.0
281,0.36,0.970703125
281,0.33999999999999997,0.927734375
281,0.32,0.611328125
281,0.3,0.0
282,0.36,0.9755859375
282,0.33999999999999997,0.921875
282,0.32,0.439453125
282,0.3,0.0
283,0.36,0.978515625
283,0.33999999999999997,0.908203125
283,0.32,0.6259765625
283,0.3,0.0
284,0.36,0.970703125
284,0.33999999999999997,0.947265625
284,0.32,0.42578125
284,0.3,0.0
285,0.36,0.96875
285,0.33999999999999997,0.9287109375
285,0.32,0.4775390625
285,0.3,0.0
286,0.36,0.9677734375
286,0.33999999999999997,0.9267578125
286,0.32,0.3525390625
286,0.3,0.0
287,0.36,0.9814453125
287,0.33999999999999997,0.92578125
287,0.32,0.6064453125
287,0.3,0.0
288,0.36,0.9833984375
288,0.33999999999999997,0.9091796875
288,0.32,0.5
288,0.3,0.0
289,0.36,0.96875
289,0.33999999999999997,0.91015625
289,0.32,0.5634765625
289,0.3,0.0
290,0.36,0.9736328125
290,0.33999999999999997,0.9375
290,0.32,0.51953125
290,0.3,0.0
291,0.36,0.9775390625
291,0.33999999999999997,0.923828125
291,0.32,0.4111328125
291,0.3,0.0
292,0.36,0.9794921875
292,0.33999999999999997,0.935546875
292,0.32,0.2392578125
292,0.3,0.0
293,0.36,0.98046875
293,0.33999999999999997,0.9326171875
293,0.32,0.5166015625
293,0.3,0.0
294,0.36,0.9775390625
294,0.33999999999999997,0.9296875
294,0.32,0.625
294,0.3,0.0
295,0.36,0.978515625
295,0.33999999999999997,0.931640625
295,0.32,0.3955078125
295,0.3,0.0
296,0.36,0.978515625
296,0.33999999999999997,0.9267578125
296,0.32,0.525390625
296,0.3,0.0
297,0.36,0.9775390625
297,0.33999999999999997,0.9296875
297,0.32,0.7080078125
297,0.3,0.0
298,0.36,0.9775390625
298,0.33999999999999997,0.919921875
298,0.32,0.3173828125
298,0.3,0.0
299,0.36,0.982421875
299,0.33999999999999997,0.9208984375
299,0.32,0.533203125
299,0.3,0.0
300,0.36,0.984375
300,0.33999999999999997,0.927734375
300,0.32,0.5458984375
300,0.3,0.0
301,0.36,0.9775390625
301,0.33999999999999997,0.9111328125
301,0.32,0.533203125
301,0.3,0.0
302,0.36,0.9765625
302,0.33999999999999997,0.9287109375
302,0.32,0.296875
302,0.3,0.0
303,0.36,0.9814453125
303,0.33999999999999997,0.93359375
303,0.32,0.54296875
303,0.3,0.0
304,0.36,0.9794921875
304,0.33999999999999997,0.9443359375
304,0.32,0.53125
304,0.3,0.0
305,0.36,0.98046875
305,0.33999999999999997,0.9267578125
305,0.32,0.6474609375
305,0.3,0.0
306,0.36,0.974609375
306,0.33999999999999997,0.9248046875
306,0.32,0.5419921875
306,0.3,0.0
307,0.36,0.9794921875
307,0.33999999999999997,0.9462890625
307,0.32,0.5595703125
307,0.3,0.0
308,0.36,0.9833984375
308,0.33999999999999997,0.935546875
308,0.32,0.3466796875
308,0.3,0.0
309,0.36,0.9833984375
309,0.33999999999999997,0.931640625
309,0.32,0.6025390625
309,0.3,0.0
310,0.36,0.978515625
310,0.33999999999999997,0.9150390625
310,0.32,0.6279296875
310,0.3,0.0
311,0.36,0.974609375
311,0.33999999999999997,0.927734375
311,0.32,0.4775390625
311,0.3,0.0
312,0.36,0.9755859375
312,0.33999999999999997,0.91796875
312,0.32,0.3759765625
312,0.3,0.0
313,0.36,0.970703125
313,0.33999999999999997,0.91015625
313,0.32,0.4404296875
313,0.3,0.0
314,0.36,0.9736328125
314,0.33999999999999997,0.9326171875
314,0.32,0.5283203125
314,0.3,0.0
315,0.36,0.9765625
315,0.33999999999999997,0.935546875
315,0.32,0.53125
315,0.3,0.0
316,0.36,0.962890625
316,0.33999999999999997,0.9091796875
316,0.32,0.5419921875
316,0.3,0.0
317,0.36,0.9736328125
317,0.33999999999999997,0.9296875
317,0.32,0.5048828125
317,0.3,0.0
318,0.36,0.96875
318,0.33999999999999997,0.9267578125
318,0.32,0.587890625
318,0.3,0.0
319,0.36,0.9765625
319,0.33999999999999997,0.9306640625
319,0.32,0.623046875
319,0.3,0.0
320,0.36,0.978515625
320,0.33999999999999997,0.92578125
320,0.32,0.4033203125
320,0.3,0.0
321,0.36,0.982421875
321,0.33999999999999997,0.8984375
321,0.32,0.3095703125
321,0.3,0.0
322,0.36,0.9765625
322,0.33999999999999997,0.9296875
322,0.32,0.6044921875
322,0.3,0.0
323,0.36,0.9697265625
323,0.33999999999999997,0.91015625
323,0.32,0.380859375
323,0.3,0.0
324,0.36,0.9736328125
324,0.33999999999999997,0.91015625
324,0.32,0.689453125
324,0.3,0.0
325,0.36,0.97265625
325,0.33999999999999997,0.9404296875
325,0.32,0.6650390625
325,0.3,0.0
326,0.36,0.9765625
326,0.33999999999999997,0.9248046875
326,0.32,0.4013671875
326,0.3,0.0
327,0.36,0.978515625
327,0.33999999999999997,0.91015625
327,0.32,0.619140625
327,0.3,0.0
328,0.36,0.974609375
328,0.33999999999999997,0.919921875
328,0.32,0.564453125
328,0.3,0.0
329,0.36,0.9794921875
329,0.33999999999999997,0.9365234375
329,0.32,0.40234375
329,0.3,0.0
330,0.36,0.9755859375
330,0.33999999999999997,0.9287109375
330,0.32,0.734375
330,0.3,0.0
331,0.36,0.9814453125
331,0.33999999999999997,0.9130859375
331,0.32,0.0751953125
331,0.3,0.0
332,0.36,0.9794921875
332,0.33999999999999997,0.923828125
332,0.32,0.1318359375
332,0.3,0.0
333,0.36,0.974609375
333,0.33999999999999997,0.9267578125
333,0.32,0.638671875
333,0.3,0.0
334,0.36,0.984375
334,0.33999999999999997,0.92578125
334,0.32,0.5986328125
334,0.3,0.0
335,0.36,0.9765625
335,0.33999999999999997,0.9228515625
335,0.32,0.484375
335,0.3,0.0
336,0.36,0.9853515625
336,0.33999999999999997,0.927734375
336,0.32,0.591796875
336,0.3,0.0
337,0.36,0.9794921875
337,0.33999999999999997,0.9248046875
337,0.32,0.521484375
337,0.3,0.0
338,0.36,0.982421875
338,0.33999999999999997,0.9130859375
338,0.32,0.5703125
338,0.3,0.0
339,0.36,0.96484375
339,0.33999999999999997,0.9296875
339,0.32,0.478515625
339,0.3,0.0
340,0.36,0.9814453125
340,0.33999999999999997,0.9345703125
340,0.32,0.619140625
340,0.3,0.0
341,0.36,0.9736328125
341,0.33999999999999997,0.92578125
341,0.32,0.4326171875
341,0.3,0.0
342,0.36,0.9775390625
342,0.33999999999999997,0.9140625
342,0.32,0.5390625
342,0.3,0.0
343,0.36,0.970703125
343,0.33999999999999997,0.9306640625
343,0.32,0.4296875
343,0.3,0.0
344,0.36,0.9814453125
344,0.33999999999999997,0.935546875
344,0.32,0.265625
344,0.3,0.0
345,0.36,0.970703125
345,0.33999999999999997,0.9169921875
345,0.32,0.298828125
345,0.3,0.0
346,0.36,0.9658203125
346,0.33999999999999997,0.9208984375
346,0.32,0.5166015625
346,0.3,0.0
347,0.36,0.9765625
347,0.33999999999999997,0.9521484375
347,0.32,0.595703125
347,0.3,0.0
348,0.36,0.9658203125
348,0.33999999999999997,0.916015625
348,0.32,0.61328125
348,0.3,0.0
349,0.36,0.9697265625
349,0.33999999999999997,0.9287109375
349,0.32,0.583984375
349,0.3,0.0
350,0.36,0.9697265625
350,0.33999999999999997,0.9248046875
350,0.32,0.6171875
350,0.3,0.0
351,0.36,0.98046875
351,0.33999999999999997,0.921875
351,0.32,0.607421875
351,0.3,0.0
352,0.36,0.9765625
352,0.33999999999999997,0.9306640625
352,0.32,0.6181640625
352,0.3,0.0
353,0.36,0.9814453125
353,0.33999999999999997,0.9267578125
353,0.32,0.453125
353,0.3,0.0
354,0.36,0.974609375
354,0.33999999999999997,0.935546875
354,0.32,0.5478515625
354,0.3,0.0
355,0.36,0.97265625
355,0.33999999999999997,0.9306640625
355,0.32,0.6337890625
355,0.3,0.0
356,0.36,0.966796875
356,0.33999999999999997,0.916015625
356,0.32,0.404296875
356,0.3,0.0
357,0.36,0.9755859375
357,0.33999999999999997,0.9345703125
357,0.32,0.5849609375
357,0.3,0.0
358,0.36,0.970703125
358,0.33999999999999997,0.93359375
358,0.32,0.7021484375
358,0.3,0.0
359,0.36,0.9794921875
359,0.33999999999999997,0.9306640625
359,0.32,0.5078125
359,0.3,0.0
360,0.36,0.966796875
360,0.33999999999999997,0.9482421875
360,0.32,0.435546875
360,0.3,0.0
361,0.36,0.9697265625
361,0.33999999999999997,0.93359375
361,0.32,0.4111328125
361,0.3,0.0
362,0.36,0.9755859375
362,0.33999999999999997,0.9404296875
362,0.32,0.35546875
362,0.3,0.0
363,0.36,0.974609375
363,0.33999999999999997,0.9296875
363,0.32,0.4345703125
363,0.3,0.0
364,0.36,0.9736328125
364,0.33999999999999997,0.92578125
364,0.32,0.1845703125
364,0.3,0.0
365,0.36,0.978515625
365,0.33999999999999997,0.9306640625
365,0.32,0.5751953125
365,0.3,0.0
366,0.36,0.97265625
366,0.33999999999999997,0.931640625
366,0.32,0.607421875
366,0.3,0.0
367,0.36,0.9755859375
367,0.33999999999999997,0.943359375
367,0.32,0.552734375
367,0.3,0.0
368,0.36,0.974609375
368,0.33999999999999997,0.9228515625
368,0.32,0.568359375
368,0.3,0.0
369,0.36,0.9775390625
369,0.33999999999999997,0.935546875
369,0.32,0.541015625
369,0.3,0.0
370,0.36,0.9755859375
370,0.33999999999999997,0.919921875
370,0.32,0.419921875
370,0.3,0.0
371,0.36,0.984375
371,0.33999999999999997,0.9443359375
371,0.32,0.5791015625
371,0.3,0.0
372,0.36,0.9638671875
372,0.33999999999999997,0.9345703125
372,0.32,0.58203125
372,0.3,0.0
373,0.36,0.9765625
373,0.33999999999999997,0.921875
373,0.32,0.6015625
373,0.3,0.0
374,0.36,0.9736328125
374,0.33999999999999997,0.93359375
374,0.32,0.5576171875
374,0.3,0.0
375,0.36,0.98046875
375,0.33999999999999997,0.9375
375,0.32,0.5849609375
375,0.3,0.0
376,0.36,0.9619140625
376,0.33999999999999997,0.9130859375
376,0.32,0.505859375
376,0.3,0.0
377,0.36,0.98046875
377,0.33999999999999997,0.916015625
377,0.32,0.29296875
377,0.3,0.0
378,0.36,0.98046875
378,0.33999999999999997,0.935546875
378,0.32,0.7041015625
378,0.3,0.0
379,0.36,0.9794921875
379,0.33999999999999997,0.908203125
379,0.32,0.712890625
379,0.3,0.0
380,0.36,0.9833984375
380,0.33999999999999997,0.92578125
380,0.32,0.634765625
380,0.3,0.0
381,0.36,0.982421875
381,0.33999999999999997,0.9091796875
381,0.32,0.375
381,0.3,0.0
382,0.36,0.9736328125
382,0.33999999999999997,0.9189453125
382,0.32,0.4912109375
382,0.3,0.0
383,0.36,0.9658203125
383,0.33999999999999997,0.9267578125
383,0.32,0.3623046875
383,0.3,0.0
384,0.36,0.9833984375
384,0.33999999999999997,0.921875
384,0.32,0.6689453125
384,0.3,0.0
385,0.36,0.9736328125
385,0.33999999999999997,0.9404296875
385,0.32,0.5830078125
385,0.3,0.0
386,0.36,0.966796875
386,0.33999999999999997,0.9326171875
386,0.32,0.6982421875
386,0.3,0.0
387,0.36,0.978515625
387,0.33999999999999997,0.9443359375
387,0.32,0.6064453125
387,0.3,0.0
388,0.36,0.9658203125
388,0.33999999999999997,0.9375
388,0.32,0.716796875
388,0.3,0.0
389,0.36,0.970703125
389,0.33999999999999997,0.9228515625
389,0.32,0.5751953125
389,0.3,0.0
390,0.36,0.9697265625
390,0.33999999999999997,0.943359375
390,0.32,0.4873046875
390,0.3,0.0
391,0.36,0.9775390625
391,0.33999999999999997,0.953125
391,0.32,0.7060546875
391,0.3,0.0
392,0.36,0.9677734375
392,0.33999999999999997,0.9384765625
392,0.32,0.6494140625
392,0.3,0.0
393,0.36,0.9765625
393,0.33999999999999997,0.908203125
393,0.32,0.4169921875
393,0.3,0.0
394,0.36,0.9794921875
394,0.33999999999999997,0.9208984375
394,0.32,0.44140625
394,0.3,0.0
395,0.36,0.974609375
395,0.33999999999999997,0.9189453125
395,0.32,0.63671875
395,0.3,0.0
396,0.36,0.982421875
396,0.33999999999999997,0.9208984375
396,0.32,0.287109375
396,0.3,0.0
397,0.36,0.9716796875
397,0.33999999999999997,0.927734375
397,0.32,0.4228515625
397,0.3,0.0
398,0.36,0.9677734375
398,0.33999999999999997,0.921875
398,0.32,0.37109375
398,0.3,0.0
399,0.36,0.982421875
399,0.33999999999999997,0.9228515625
399,0.32,0.4404296875
399,0.3,0.0
400,0.36,0.9755859375
400,0.33999999999999997,0.9365234375
400,0.32,0.390625
400,0.3,0.0
401,0.36,0.978515625
401,0.33999999999999997,0.9248046875
401,0.32,0.4873046875
401,0.3,0.0
402,0.36,0.96484375
402,0.33999999999999997,0.9326171875
402,0.32,0.4326171875
402,0.3,0.0
403,0.36,0.98046875
403,0.33999999999999997,0.9541015625
403,0.32,0.5107421875
403,0.3,0.0
404,0.36,0.9697265625
404,0.33999999999999997,0.9306640625
404,0.32,0.2392578125
404,0.3,0.0
405,0.36,0.9794921875
405,0.33999999999999997,0.921875
405,0.32,0.5771484375
405,0.3,0.0
406,0.36,0.96484375
406,0.33999999999999997,0.931640625
406,0.32,0.36328125
406,0.3,0.0
407,0.36,0.9755859375
407,0.33999999999999997,0.921875
407,0.32,0.4609375
407,0.3,0.0
408,0.36,0.96875
408,0.33999999999999997,0.951171875
408,0.32,0.48828125
408,0.3,0.0
409,0.36,0.974609375
409,0.33999999999999997,0.923828125
409,0.32,0.4970703125
409,0.3,0.0
410,0.36,0.97265625
410,0.33999999999999997,0.921875
410,0.32,0.5712890625
410,0.3,0.0
411,0.36,0.984375
411,0.33999999999999997,0.919921875
411,0.32,0.3623046875
411,0.3,0.0
412,0.36,0.9814453125
412,0.33999999999999997,0.91796875
412,0.32,0.58984375
412,0.3,0.0
413,0.36,0.9716796875
413,0.33999999999999997,0.8935546875
413,0.32,0.400390625
413,0.3,0.0
414,0.36,0.9755859375
414,0.33999999999999997,0.921875
414,0.32,0.564453125
414,0.3,0.0
415,0.36,0.978515625
415,0.33999999999999997,0.9189453125
415,0.32,0.58984375
415,0.3,0.0
416,0.36,0.9775390625
416,0.33999999999999997,0.9306640625
416,0.32,0.345703125
416,0.3,0.0
417,0.36,0.9794921875
417,0.33999999999999997,0.9375
417,0.32,0.4990234375
417,0.3,0.0
418,0.36,0.9697265625
418,0.33999999999999997,0.9208984375
418,0.32,0.5771484375
418,0.3,0.0
419,0.36,0.9765625
419,0.33999999999999997,0.935546875
419,0.32,0.5478515625
419,0.3,0.0
420,0.36,0.98046875
420,0.33999999999999997,0.9150390625
420,0.32,0.3154296875
420,0.3,0.0
421,0.36,0.9873046875
421,0.33999999999999997,0.9345703125
421,0.32,0.5283203125
421,0.3,0.0
422,0.36,0.9765625
422,0.33999999999999997,0.9091796875
422,0.32,0.623046875
422,0.3,0.0
423,0.36,0.9775390625
423,0.33999999999999997,0.9248046875
423,0.32,0.5390625
423,0.3,0.0
424,0.36,0.9814453125
424,0.33999999999999997,0.91796875
424,0.32,0.4326171875
424,0.3,0.0
425,0.36,0.96875
425,0.33999999999999997,0.9296875
425,0.32,0.662109375
425,0.3,0.0
426,0.36,0.9716796875
426,0.33999999999999997,0.94140625
426,0.32,0.494140625
426,0.3,0.0
427,0.36,0.974609375
427,0.33999999999999997,0.9453125
427,0.32,0.51953125
427,0.3,0.0
428,0.36,0.9853515625
428,0.33999999999999997,0.931640625
428,0.32,0.455078125
428,0.3,0.0
429,0.36,0.982421875
429,0.33999999999999997,0.919921875
429,0.32,0.515625
429,0.3,0.0
430,0.36,0.9814453125
430,0.33999999999999997,0.9091796875
430,0.32,0.669921875
430,0.3,0.0
431,0.36,0.978515625
431,0.33999999999999997,0.935546875
431,0.32,0.6513671875
431,0.3,0.0
432,0.36,0.98046875
432,0.33999999999999997,0.9228515625
432,0.32,0.4462890625
432,0.3,0.0
433,0.36,0.9765625
433,0.33999999999999997,0.9365234375
433,0.32,0.3291015625
433,0.3,0.0
434,0.36,0.986328125
434,0.33999999999999997,0.9228515625
434,0.32,0.3798828125
434,0.3,0.0
435,0.36,0.96875
435,0.33999999999999997,0.9296875
435,0.32,0.5224609375
435,0.3,0.0
436,0.36,0.9794921875
436,0.33999999999999997,0.9228515625
436,0.32,0.603515625
436,0.3,0.0
437,0.36,0.9736328125
437,0.33999999999999997,0.9326171875
437,0.32,0.5791015625
437,0.3,0.0
438,0.36,0.9755859375
438,0.33999999999999997,0.9296875
438,0.32,0.244140625
438,0.3,0.0
439,0.36,0.9814453125
439,0.33999999999999997,0.91796875
439,0.32,0.6005859375
439,0.3,0.0
440,0.36,0.9736328125
440,0.33999999999999997,0.923828125
440,0.32,0.47265625
440,0.3,0.0
441,0.36,0.9755859375
441,0.33999999999999997,0.9208984375
441,0.32,0.4599609375
441,0.3,0.0
442,0.36,0.9755859375
442,0.33999999999999997,0.912109375
442,0.32,0.484375
442,0.3,0.0
443,0.36,0.978515625
443,0.33999999999999997,0.9169921875
443,0.32,0.6884765625
443,0.3,0.0
444,0.36,0.9765625
444,0.33999999999999997,0.9169921875
444,0.32,0.455078125
444,0.3,0.0
445,0.36,0.98046875
445,0.33999999999999997,0.9287109375
445,0.32,0.2509765625
445,0.3,0.0
446,0.36,0.9775390625
446,0.33999999999999997,0.9130859375
446,0.32,0.1318359375
446,0.3,0.0
447,0.36,0.9755859375
447,0.33999999999999997,0.9384765625
447,0.32,0.4912109375
447,0.3,0.0
448,0.36,0.9794921875
448,0.33999999999999997,0.923828125
448,0.32,0.4091796875
448,0.3,0.0
449,0.36,0.9697265625
449,0.33999999999999997,0.9130859375
449,0.32,0.703125
449,0.3,0.0
450,0.36,0.982421875
450,0.33999999999999997,0.908203125
450,0.32,0.625
450,0.3,0.0
451,0.36,0.97265625
451,0.33999999999999997,0.927734375
451,0.32,0.3134765625
451,0.3,0.0
452,0.36,0.98046875
452,0.33999999999999997,0.9228515625
452,0.32,0.302734375
452,0.3,0.0
453,0.36,0.970703125
453,0.33999999999999997,0.9208984375
453,0.32,0.4375
453,0.3,0.0
454,0.36,0.9755859375
454,0.33999999999999997,0.9228515625
454,0.32,0.4990234375
454,0.3,0.0
455,0.36,0.98828125
455,0.33999999999999997,0.9169921875
455,0.32,0.4951171875
455,0.3,0.0
456,0.36,0.9833984375
456,0.33999999999999997,0.9384765625
456,0.32,0.4501953125
456,0.3,0.0
457,0.36,0.98046875
457,0.33999999999999997,0.93359375
457,0.32,0.5576171875
457,0.3,0.0
458,0.36,0.970703125
458,0.33999999999999997,0.919921875
458,0.32,0.71875
458,0.3,0.0
459,0.36,0.978515625
459,0.33999999999999997,0.9091796875
459,0.32,0.3896484375
459,0.3,0.0
460,0.36,0.9736328125
460,0.33999999999999997,0.9189453125
460,0.32,0.5537109375
460,0.3,0.0
461,0.36,0.9755859375
461,0.33999999999999997,0.9365234375
461,0.32,0.4833984375
461,0.3,0.0
462,0.36,0.982421875
462,0.33999999999999997,0.9287109375
462,0.32,0.4443359375
462,0.3,0.0
463,0.36,0.978515625
463,0.33999999999999997,0.9208984375
463,0.32,0.3828125
463,0.3,0.0
464,0.36,0.974609375
464,0.33999999999999997,0.9326171875
464,0.32,0.734375
464,0.3,0.0
465,0.36,0.966796875
465,0.33999999999999997,0.931640625
465,0.32,0.466796875
465,0.3,0.0
466,0.36,0.9912109375
466,0.33999999999999997,0.916015625
466,0.32,0.6396484375
466,0.3,0.0
467,0.36,0.9609375
467,0.33999999999999997,0.9228515625
467,0.32,0.2939453125
467,0.3,0.0
468,0.36,0.974609375
468,0.33999999999999997,0.9365234375
468,0.32,0.4423828125
468,0.3,0.0
469,0.36,0.9775390625
469,0.33999999999999997,0.9111328125
469,0.32,0.5986328125
469,0.3,0.0
470,0.36,0.9775390625
470,0.33999999999999997,0.9375
470,0.32,0.736328125
470,0.3,0.0
471,0.36,0.98046875
471,0.33999999999999997,0.92578125
471,0.32,0.216796875
471,0.3,0.0
472,0.36,0.978515625
472,0.33999999999999997,0.93359375
472,0.32,0.3017578125
472,0.3,0.0
473,0.36,0.9794921875
473,0.33999999999999997,0.943359375
473,0.32,0.611328125
473,0.3,0.0
474,0.36,0.9775390625
474,0.33999999999999997,0.931640625
474,0.32,0.5517578125
474,0.3,0.0
475,0.36,0.9765625
475,0.33999999999999997,0.939453125
475,0.32,0.4453125
475,0.3,0.0
476,0.36,0.97265625
476,0.33999999999999997,0.9169921875
476,0.32,0.392578125
476,0.3,0.0
477,0.36,0.9716796875
477,0.33999999999999997,0.9326171875
477,0.32,0.6416015625
477,0.3,0.0
478,0.36,0.9794921875
478,0.33999999999999997,0.93359375
478,0.32,0.498046875
478,0.3,0.0
479,0.36,0.9736328125
479,0.33999999999999997,0.90625
479,0.32,0.669921875
479,0.3,0.0
480,0.36,0.9794921875
480,0.33999999999999997,0.916015625
480,0.32,0.521484375
480,0.3,0.0
481,0.36,0.978515625
481,0.33999999999999997,0.9169921875
481,0.32,0.4794921875
481,0.3,0.0
482,0.36,0.9755859375
482,0.33999999999999997,0.9423828125
482,0.32,0.494140625
482,0.3,0.0
483,0.36,0.9755859375
483,0.33999999999999997,0.9375
483,0.32,0.5439453125
483,0.3,0.0
484,0.36,0.9794921875
484,0.33999999999999997,0.916015625
484,0.32,0.3828125
484,0.3,0.0
485,0.36,0.9677734375
485,0.33999999999999997,0.9150390625
485,0.32,0.2265625
485,0.3,0.0
486,0.36,0.9765625
486,0.33999999999999997,0.9423828125
486,0.32,0.65234375
486,0.3,0.0
487,0.36,0.9775390625
487,0.33999999999999997,0.9384765625
487,0.32,0.484375
487,0.3,0.0
488,0.36,0.96875
488,0.33999999999999997,0.92578125
488,0.32,0.5859375
488,0.3,0.0
489,0.36,0.9716796875
489,0.33999999999999997,0.921875
489,0.32,0.5087890625
489,0.3,0.0
490,0.36,0.9775390625
490,0.33999999999999997,0.9150390625
490,0.32,0.7041015625
490,0.3,0.0
491,0.36,0.982421875
491,0.33999999999999997,0.9375
491,0.32,0.5224609375
491,0.3,0.0
492,0.36,0.98046875
492,0.33999999999999997,0.9326171875
492,0.32,0.4248046875
492,0.3,0.0
493,0.36,0.9755859375
493,0.33999999999999997,0.9228515625
493,0.32,0.6103515625
493,0.3,0.0
494,0.36,0.978515625
494,0.33999999999999997,0.9130859375
494,0.32,0.5302734375
494,0.3,0.0
495,0.36,0.966796875
495,0.33999999999999997,0.91015625
495,0.32,0.689453125
495,0.3,0.0
496,0.36,0.978515625
496,0.33999999999999997,0.93359375
496,0.32,0.5625
496,0.3,0.0
497,0.36,0.96875
497,0.33999999999999997,0.939453125
497,0.32,0.5087890625
497,0.3,0.0
498,0.36,0.9775390625
498,0.33999999999999997,0.9326171875
498,0.32,0.421875
498,0.3,0.0
499,0.36,0.9765625
499,0.33999999999999997,0.93359375
499,0.32,0.505859375
499,0.3,0.0
500,0.36,0.9716796875
500,0.33999999999999997,0.9365234375
500,0.32,0.4892578125
500,0.3,0.0
501,0.36,0.984375
501,0.33999999999999997,0.9091796875
501,0.32,0.6904296875
501,0.3,0.0
502,0.36,0.9755859375
502,0.33999999999999997,0.90234375
502,0.32,0.73046875
502,0.3,0.0
503,0.36,0.9716796875
503,0.33999999999999997,0.9453125
503,0.32,0.6083984375
503,0.3,0.0
504,0.36,0.974609375
504,0.33999999999999997,0.9287109375
504,0.32,0.626953125
504,0.3,0.0
505,0.36,0.9775390625
505,0.33999999999999997,0.916015625
505,0.32,0.439453125
505,0.3,0.0
506,0.36,0.984375
506,0.33999999999999997,0.90234375
506,0.32,0.296875
506,0.3,0.0
507,0.36,0.9814453125
507,0.33999999999999997,0.9013671875
507,0.32,0.1953125
507,0.3,0.0
508,0.36,0.97265625
508,0.33999999999999997,0.9287109375
508,0.32,0.3857421875
508,0.3,0.0
509,0.36,0.9697265625
509,0.33999999999999997,0.912109375
509,0.32,0.607421875
509,0.3,0.0
510,0.36,0.974609375
510,0.33999999999999997,0.921875
510,0.32,0.6298828125
510,0.3,0.0
511,0.36,0.978515625
511,0.33999999999999997,0.912109375
511,0.32,0.4423828125
511,0.3,0.0
512,0.36,0.974609375
512,0.33999999999999997,0.9326171875
512,0.32,0.548828125
512,0.3,0.0
513,0.36,0.978515625
513,0.33999999999999997,0.9169921875
513,0.32,0.61328125
513,0.3,0.0
514,0.36,0.9765625
514,0.33999999999999997,0.935546875
514,0.32,0.6669921875
514,0.3,0.0
515,0.36,0.9833984375
515,0.33999999999999997,0.9091796875
515,0.32,0.16796875
515,0.3,0.0
516,0.36,0.97265625
516,0.33999999999999997,0.9267578125
516,0.32,0.744140625
516,0.3,0.0
517,0.36,0.98046875
517,0.33999999999999997,0.923828125
517,0.32,0.3310546875
517,0.3,0.0
518,0.36,0.96875
518,0.33999999999999997,0.916015625
518,0.32,0.4970703125
518,0.3,0.0
519,0.36,0.9794921875
519,0.33999999999999997,0.923828125
519,0.32,0.41796875
519,0.3,0.0
520,0.36,0.9794921875
520,0.33999999999999997,0.9345703125
520,0.32,0.4775390625
520,0.3,0.0
521,0.36,0.9677734375
521,0.33999999999999997,0.9384765625
521,0.32,0.427734375
521,0.3,0.0
522,0.36,0.9677734375
522,0.33999999999999997,0.91796875
522,0.32,0.4541015625
522,0.3,0.0
523,0.36,0.97265625
523,0.33999999999999997,0.9306640625
523,0.32,0.396484375
523,0.3,0.0
524,0.36,0.96875
524,0.33999999999999997,0.9296875
524,0.32,0.6279296875
524,0.3,0.0
525,0.36,0.9873046875
525,0.33999999999999997,0.9189453125
525,0.32,0.48828125
525,0.3,0.0
526,0.36,0.9765625
526,0.33999999999999997,0.9013671875
526,0.32,0.6923828125
526,0.3,0.0
527,0.36,0.9697265625
527,0.33999999999999997,0.923828125
527,0.32,0.3681640625
527,0.3,0.0
528,0.36,0.9775390625
528,0.33999999999999997,0.9365234375
528,0.32,0.564453125
528,0.3,0.0
529,0.36,0.9716796875
529,0.33999999999999997,0.9140625
529,0.32,0.4462890625
529,0.3,0.0
530,0.36,0.9736328125
530,0.33999999999999997,0.9111328125
530,0.32,0.5986328125
530,0.3,0.0
531,0.36,0.97265625
531,0.33999999999999997,0.9248046875
531,0.32,0.7197265625
531,0.3,0.0
532,0.36,0.9775390625
532,0.33999999999999997,0.931640625
532,0.32,0.7763671875
532,0.3,0.0
533,0.36,0.978515625
533,0.33999999999999997,0.9150390625
533,0.32,0.369140625
533,0.3,0.0
534,0.36,0.9716796875
534,0.33999999999999997,0.9296875
534,0.32,0.359375
534,0.3,0.0
535,0.36,0.9765625
535,0.33999999999999997,0.9091796875
535,0.32,0.54296875
535,0.3,0.0
536,0.36,0.9755859375
536,0.33999999999999997,0.931640625
536,0.32,0.48828125
536,0.3,0.0
537,0.36,0.9736328125
537,0.33999999999999997,0.9228515625
537,0.32,0.6015625
537,0.3,0.0
538,0.36,0.9775390625
538,0.33999999999999997,0.927734375
538,0.32,0.4365234375
538,0.3,0.0
539,0.36,0.974609375
539,0.33999999999999997,0.921875
539,0.32,0.3603515625
539,0.3,0.0
540,0.36,0.98046875
540,0.33999999999999997,0.8974609375
540,0.32,0.5234375
540,0.3,0.0
541,0.36,0.9677734375
541,0.33999999999999997,0.921875
541,0.32,0.45703125
541,0.3,0.0
542,0.36,0.9814453125
542,0.33999999999999997,0.923828125
542,0.32,0.4423828125
542,0.3,0.0
543,0.36,0.9697265625
543,0.33999999999999997,0.923828125
543,0.32,0.2890625
543,0.3,0.0
544,0.36,0.978515625
544,0.33999999999999997,0.921875
544,0.32,0.486328125
544,0.3,0.0
545,0.36,0.9775390625
545,0.33999999999999997,0.9462890625
545,0.32,0.314453125
545,0.3,0.0
546,0.36,0.9677734375
546,0.33999999999999997,0.9404296875
546,0.32,0.70703125
546,0.3,0.0
547,0.36,0.9736328125
547,0.33999999999999997,0.9404296875
547,0.32,0.44140625
547,0.3,0.0
548,0.36,0.9794921875
548,0.33999999999999997,0.9208984375
548,0.32,0.6083984375
548,0.3,0.0
549,0.36,0.9677734375
549,0.33999999999999997,0.9306640625
549,0.32,0.4189453125
549,0.3,0.0
550,0.36,0.97265625
550,0.33999999999999997,0.9306640625
550,0.32,0.5341796875
550,0.3,0.0
551,0.36,0.9736328125
551,0.33999999999999997,0.921875
551,0.32,0.1015625
551,0.3,0.0
552,0.36,0.9814453125
552,0.33999999999999997,0.919921875
552,0.32,0.5810546875
552,0.3,0.0
553,0.36,0.9765625
553,0.33999999999999997,0.9306640625
553,0.32,0.2861328125
553,0.3,0.0
554,0.36,0.98046875
554,0.33999999999999997,0.9189453125
554,0.32,0.578125
554,0.3,0.0
555,0.36,0.970703125
555,0.33999999999999997,0.9345703125
555,0.32,0.4150390625
555,0.3,0.0
556,0.36,0.958984375
556,0.33999999999999997,0.9384765625
556,0.32,0.525390625
556,0.3,0.0
557,0.36,0.970703125
557,0.33999999999999997,0.912109375
557,0.32,0.5830078125
557,0.3,0.0
558,0.36,0.98046875
558,0.33999999999999997,0.9365234375
558,0.32,0.59375
558,0.3,0.0
559,0.36,0.97265625
559,0.33999999999999997,0.896484375
559,0.32,0.4794921875
559,0.3,0.0
560,0.36,0.970703125
560,0.33999999999999997,0.9208984375
560,0.32,0.3896484375
560,0.3,0.0
561,0.36,0.9638671875
561,0.33999999999999997,0.93359375
561,0.32,0.4443359375
561,0.3,0.0
562,0.36,0.9755859375
562,0.33999999999999997,0.92578125
562,0.32,0.6044921875
562,0.3,0.0
563,0.36,0.974609375
563,0.33999999999999997,0.9306640625
563,0.32,0.564453125
563,0.3,0.0
564,0.36,0.9716796875
564,0.33999999999999997,0.9482421875
564,0.32,0.4560546875
564,0.3,0.0
565,0.36,0.9853515625
565,0.33999999999999997,0.939453125
565,0.32,0.1943359375
565,0.3,0.0
566,0.36,0.9765625
566,0.33999999999999997,0.91796875
566,0.32,0.0400390625
566,0.3,0.0
567,0.36,0.9794921875
567,0.33999999999999997,0.91796875
567,0.32,0.46484375
567,0.3,0.0
568,0.36,0.9658203125
568,0.33999999999999997,0.9375
568,0.32,0.5869140625
568,0.3,0.0
569,0.36,0.9765625
569,0.33999999999999997,0.921875
569,0.32,0.54296875
569,0.3,0.0
570,0.36,0.9755859375
570,0.33999999999999997,0.9189453125
570,0.32,0.4599609375
570,0.3,0.0
571,0.36,0.9794921875
571,0.33999999999999997,0.9208984375
571,0.32,0.5888671875
571,0.3,0.0
572,0.36,0.978515625
572,0.33999999999999997,0.9345703125
572,0.32,0.59765625
572,0.3,0.0
573,0.36,0.9755859375
573,0.33999999999999997,0.9150390625
573,0.32,0.4677734375
573,0.3,0.0
574,0.36,0.9814453125
574,0.33999999999999997,0.9365234375
574,0.32,0.7001953125
574,0.3,0.0
575,0.36,0.9697265625
575,0.33999999999999997,0.927734375
575,0.32,0.55078125
575,0.3,0.0
576,0.36,0.97265625
576,0.33999999999999997,0.9375
576,0.32,0.400390625
576,0.3,0.0
577,0.36,0.97265625
577,0.33999999999999997,0.9326171875
577,0.32,0.685546875
577,0.3,0.0
578,0.36,0.984375
578,0.33999999999999997,0.9248046875
578,0.32,0.5205078125
578,0.3,0.0
579,0.36,0.9794921875
579,0.33999999999999997,0.9267578125
579,0.32,0.5009765625
579,0.3,0.0
580,0.36,0.9775390625
580,0.33999999999999997,0.9521484375
580,0.32,0.5
580,0.3,0.0
581,0.36,0.97265625
581,0.33999999999999997,0.92578125
581,0.32,0.4462890625
581,0.3,0.0
582,0.36,0.978515625
582,0.33999999999999997,0.9306640625
582,0.32,0.5029296875
582,0.3,0.0
583,0.36,0.98046875
583,0.33999999999999997,0.9208984375
583,0.32,0.5166015625
583,0.3,0.0
584,0.36,0.96875
584,0.33999999999999997,0.9365234375
584,0.32,0.517578125
584,0.3,0.0
585,0.36,0.9736328125
585,0.33999999999999997,0.9248046875
585,0.32,0.5859375
585,0.3,0.0
586,0.36,0.96875
586,0.33999999999999997,0.9248046875
586,0.32,0.6962890625
586,0.3,0.0
587,0.36,0.96875
587,0.33999999999999997,0.927734375
587,0.32,0.568359375
587,0.3,0.0
588,0.36,0.966796875
588,0.33999999999999997,0.9326171875
588,0.32,0.4794921875
588,0.3,0.0
589,0.36,0.9775390625
589,0.33999999999999997,0.912109375
589,0.32,0.67578125
589,0.3,0.0
590,0.36,0.9677734375
590,0.33999999999999997,0.93359375
590,0.32,0.5439453125
590,0.3,0.0
591,0.36,0.97265625
591,0.33999999999999997,0.9189453125
591,0.32,0.3876953125
591,0.3,0.0
592,0.36,0.9794921875
592,0.33999999999999997,0.9208984375
592,0.32,0.595703125
592,0.3,0.0
593,0.36,0.9755859375
593,0.33999999999999997,0.9189453125
593,0.32,0.5546875
593,0.3,0.0
594,0.36,0.97265625
594,0.33999999999999997,0.93359375
594,0.32,0.4560546875
594,0.3,0.0
595,0.36,0.9794921875
595,0.33999999999999997,0.9130859375
595,0.32,0.501953125
595,0.3,0.0
596,0.36,0.9775390625
596,0.33999999999999997,0.8984375
596,0.32,0.3701171875
596,0.3,0.0
597,0.36,0.9794921875
597,0.33999999999999997,0.912109375
597,0.32,0.548828125
597,0.3,0.0
598,0.36,0.9716796875
598,0.33999999999999997,0.939453125
598,0.32,0.3349609375
598,0.3,0.0
599,0.36,0.9814453125
599,0.33999999999999997,0.9287109375
599,0.32,0.16796875
599,0.3,0.0
600,0.36,0.9765625
600,0.33999999999999997,0.931640625
600,0.32,0.2509765625
600,0.3,0.0
601,0.36,0.98046875
601,0.33999999999999997,0.94140625
601,0.32,0.48828125
601,0.3,0.0
602,0.36,0.9775390625
602,0.33999999999999997,0.9296875
602,0.32,0.3740234375
602,0.3,0.0
603,0.36,0.9736328125
603,0.33999999999999997,0.939453125
603,0.32,0.6181640625
603,0.3,0.0
604,0.36,0.98046875
604,0.33999999999999997,0.9228515625
604,0.32,0.6083984375
604,0.3,0.0
605,0.36,0.978515625
605,0.33999999999999997,0.9130859375
605,0.32,0.1826171875
605,0.3,0.0
606,0.36,0.970703125
606,0.33999999999999997,0.91015625
606,0.32,0.6201171875
606,0.3,0.0
607,0.36,0.96484375
607,0.33999999999999997,0.91796875
607,0.32,0.349609375
607,0.3,0.0
608,0.36,0.96875
608,0.33999999999999997,0.93359375
608,0.32,0.3359375
608,0.3,0.0
609,0.36,0.970703125
609,0.33999999999999997,0.916015625
609,0.32,0.3291015625
609,0.3,0.0
610,0.36,0.982421875
610,0.33999999999999997,0.9267578125
610,0.32,0.4580078125
610,0.3,0.0
611,0.36,0.9755859375
611,0.33999999999999997,0.9150390625
611,0.32,0.4306640625
611,0.3,0.0
612,0.36,0.9794921875
612,0.33999999999999997,0.9208984375
612,0.32,0.42578125
612,0.3,0.0
613,0.36,0.9755859375
613,0.33999999999999997,0.9462890625
613,0.32,0.580078125
613,0.3,0.0
614,0.36,0.9658203125
614,0.33999999999999997,0.931640625
614,0.32,0.462890625
614,0.3,0.0
615,0.36,0.98046875
615,0.33999999999999997,0.9306640625
615,0.32,0.419921875
615,0.3,0.0
616,0.36,0.9716796875
616,0.33999999999999997,0.9345703125
616,0.32,0.662109375
616,0.3,0.0
617,0.36,0.98046875
617,0.33999999999999997,0.92578125
617,0.32,0.58203125
617,0.3,0.0
618,0.36,0.9755859375
618,0.33999999999999997,0.93359375
618,0.32,0.2109375
618,0.3,0.0
619,0.36,0.9794921875
619,0.33999999999999997,0.9169921875
619,0.32,0.55859375
619,0.3,0.0
620,0.36,0.9765625
620,0.33999999999999997,0.9443359375
620,0.32,0.0908203125
620,0.3,0.0
621,0.36,0.966796875
621,0.33999999999999997,0.921875
621,0.32,0.6904296875
621,0.3,0.0
622,0.36,0.9755859375
622,0.33999999999999997,0.9287109375
622,0.32,0.4951171875
622,0.3,0.0
623,0.36,0.9765625
623,0.33999999999999997,0.921875
623,0.32,0.583984375
623,0.3,0.0
624,0.36,0.97265625
624,0.33999999999999997,0.91015625
624,0.32,0.47265625
624,0.3,0.0
625,0.36,0.9765625
625,0.33999999999999997,0.91796875
625,0.32,0.408203125
625,0.3,0.0
626,0.36,0.9814453125
626,0.33999999999999997,0.919921875
626,0.32,0.712890625
626,0.3,0.0
627,0.36,0.9736328125
627,0.33999999999999997,0.90625
627,0.32,0.3896484375
627,0.3,0.0
628,0.36,0.9677734375
628,0.33999999999999997,0.94140625
628,0.32,0.5908203125
628,0.3,0.0
629,0.36,0.978515625
629,0.33999999999999997,0.9267578125
629,0.32,0.6123046875
629,0.3,0.0
630,0.36,0.974609375
630,0.33999999999999997,0.916015625
630,0.32,0.6142578125
630,0.3,0.0
631,0.36,0.97265625
631,0.33999999999999997,0.8994140625
631,0.32,0.501953125
631,0.3,0.0
632,0.36,0.9765625
632,0.33999999999999997,0.9228515625
632,0.32,0.576171875
632,0.3,0.0
633,0.36,0.9765625
633,0.33999999999999997,0.923828125
633,0.32,0.4208984375
633,0.3,0.0
634,0.36,0.9697265625
634,0.33999999999999997,0.9443359375
634,0.32,0.376953125
634,0.3,0.0
635,0.36,0.97265625
635,0.33999999999999997,0.908203125
635,0.32,0.5634765625
635,0.3,0.0
636,0.36,0.9814453125
636,0.33999999999999997,0.9228515625
636,0.32,0.6357421875
636,0.3,0.0
637,0.36,0.982421875
637,0.33999999999999997,0.9111328125
637,0.32,0.5693359375
637,0.3,0.0
638,0.36,0.9736328125
638,0.33999999999999997,0.939453125
638,0.32,0.263671875
638,0.3,0.0
639,0.36,0.9736328125
639,0.33999999999999997,0.927734375
639,0.32,0.4794921875
639,0.3,0.0
640,0.36,0.97265625
640,0.33999999999999997,0.923828125
640,0.32,0.419921875
640,0.3,0.0
641,0.36,0.974609375
641,0.33999999999999997,0.9140625
641,0.32,0.5771484375
641,0.3,0.0
642,0.36,0.9736328125
642,0.33999999999999997,0.9208984375
642,0.32,0.505859375
642,0.3,0.0
643,0.36,0.9775390625
643,0.33999999999999997,0.9267578125
643,0.32,0.681640625
643,0.3,0.0
644,0.36,0.966796875
644,0.33999999999999997,0.939453125
644,0.32,0.71484375
644,0.3,0.0
645,0.36,0.96484375
645,0.33999999999999997,0.92578125
645,0.32,0.3828125
645,0.3,0.0
646,0.36,0.978515625
646,0.33999999999999997,0.904296875
646,0.32,0.2041015625
646,0.3,0.0
647,0.36,0.9755859375
647,0.33999999999999997,0.921875
647,0.32,0.5322265625
647,0.3,0.0
648,0.36,0.9716796875
648,0.33999999999999997,0.919921875
648,0.32,0.3173828125
648,0.3,0.0
649,0.36,0.982421875
649,0.33999999999999997,0.9345703125
649,0.32,0.572265625
649,0.3,0.0
650,0.36,0.98046875
650,0.33999999999999997,0.912109375
650,0.32,0.2802734375
650,0.3,0.0
651,0.36,0.984375
651,0.33999999999999997,0.931640625
651,0.32,0.576171875
651,0.3,0.0
652,0.36,0.9765625
652,0.33999999999999997,0.9208984375
652,0.32,0.5263671875
652,0.3,0.0
653,0.36,0.9794921875
653,0.33999999999999997,0.9287109375
653,0.32,0.3837890625
653,0.3,0.0
654,0.36,0.970703125
654,0.33999999999999997,0.921875
654,0.32,0.6552734375
654,0.3,0.0
655,0.36,0.9873046875
655,0.33999999999999997,0.916015625
655,0.32,0.35546875
655,0.3,0.0
656,0.36,0.9697265625
656,0.33999999999999997,0.9033203125
656,0.32,0.2568359375
656,0.3,0.0
657,0.36,0.982421875
657,0.33999999999999997,0.9345703125
657,0.32,0.5400390625
657,0.3,0.0
658,0.36,0.9716796875
658,0.33999999999999997,0.919921875
658,0.32,0.533203125
658,0.3,0.0
659,0.36,0.98046875
659,0.33999999999999997,0.9345703125
659,0.32,0.5341796875
659,0.3,0.0
660,0.36,0.982421875
660,0.33999999999999997,0.9013671875
660,0.32,0.40234375
660,0.3,0.0
661,0.36,0.982421875
661,0.33999999999999997,0.9189453125
661,0.32,0.40625
661,0.3,0.0
662,0.36,0.9697265625
662,0.33999999999999997,0.9345703125
662,0.32,0.4169921875
662,0.3,0.0
663,0.36,0.9677734375
663,0.33999999999999997,0.908203125
663,0.32,0.5634765625
663,0.3,0.0
664,0.36,0.970703125
664,0.33999999999999997,0.93359375
664,0.32,0.564453125
664,0.3,0.0
665,0.36,0.97265625
665,0.33999999999999997,0.935546875
665,0.32,0.6884765625
665,0.3,0.0
666,0.36,0.9814453125
666,0.33999999999999997,0.9130859375
666,0.32,0.6552734375
666,0.3,0.0
667,0.36,0.96875
667,0.33999999999999997,0.93359375
667,0.32,0.4443359375
667,0.3,0.0
668,0.36,0.98046875
668,0.33999999999999997,0.92578125
668,0.32,0.5
668,0.3,0.0
669,0.36,0.96875
669,0.33999999999999997,0.9287109375
669,0.32,0.3330078125
669,0.3,0.0
670,0.36,0.9677734375
670,0.33999999999999997,0.93359375
670,0.32,0.6591796875
670,0.3,0.0
671,0.36,0.978515625
671,0.33999999999999997,0.9248046875
671,0.32,0.306640625
671,0.3,0.0
672,0.36,0.974609375
672,0.33999999999999997,0.9033203125
672,0.32,0.3330078125
672,0.3,0.0
673,0.36,0.9814453125
673,0.33999999999999997,0.931640625
673,0.32,0.2724609375
673,0.3,0.0
674,0.36,0.9716796875
674,0.33999999999999997,0.9296875
674,0.32,0.619140625
674,0.3,0.0
675,0.36,0.9638671875
675,0.33999999999999997,0.9326171875
675,0.32,0.6572265625
675,0.3,0.0
676,0.36,0.97265625
676,0.33999999999999997,0.9208984375
676,0.32,0.3359375
676,0.3,0.0
677,0.36,0.9658203125
677,0.33999999999999997,0.919921875
677,0.32,0.611328125
677,0.3,0.0
678,0.36,0.9755859375
678,0.33999999999999997,0.923828125
678,0.32,0.638671875
678,0.3,0.0
679,0.36,0.9716796875
679,0.33999999999999997,0.92578125
679,0.32,0.63671875
679,0.3,0.0
680,0.36,0.962890625
680,0.33999999999999997,0.921875
680,0.32,0.4931640625
680,0.3,0.0
681,0.36,0.978515625
681,0.33999999999999997,0.9189453125
681,0.32,0.5400390625
681,0.3,0.0
682,0.36,0.986328125
682,0.33999999999999997,0.935546875
682,0.32,0.4794921875
682,0.3,0.0
683,0.36,0.9765625
683,0.33999999999999997,0.92578125
683,0.32,0.4375
683,0.3,0.0
684,0.36,0.9755859375
684,0.33999999999999997,0.93359375
684,0.32,0.4453125
684,0.3,0.0
685,0.36,0.9794921875
685,0.33999999999999997,0.927734375
685,0.32,0.4365234375
685,0.3,0.0
686,0.36,0.9736328125
686,0.33999999999999997,0.931640625
686,0.32,0.1630859375
686,0.3,0.0
687,0.36,0.978515625
687,0.33999999999999997,0.9228515625
687,0.32,0.36328125
687,0.3,0.0
688,0.36,0.9833984375
688,0.33999999999999997,0.9248046875
688,0.32,0.3720703125
688,0.3,0.0
689,0.36,0.9697265625
689,0.33999999999999997,0.921875
689,0.32,0.5263671875
689,0.3,0.0
690,0.36,0.9716796875
690,0.33999999999999997,0.939453125
690,0.32,0.73828125
690,0.3,0.0
691,0.36,0.9833984375
691,0.33999999999999997,0.9296875
691,0.32,0.4345703125
691,0.3,0.0
692,0.36,0.978515625
692,0.33999999999999997,0.9267578125
692,0.32,0.552734375
692,0.3,0.0
693,0.36,0.9697265625
693,0.33999999999999997,0.9365234375
693,0.32,0.5283203125
693,0.3,0.0
694,0.36,0.970703125
694,0.33999999999999997,0.912109375
694,0.32,0.4697265625
694,0.3,0.0
695,0.36,0.97265625
695,0.33999999999999997,0.9228515625
695,0.32,0.6494140625
695,0.3,0.0
696,0.36,0.9736328125
696,0.33999999999999997,0.9169921875
696,0.32,0.515625
696,0.3,0.0
697,0.36,0.9775390625
697,0.33999999999999997,0.9169921875
697,0.32,0.5986328125
697,0.3,0.0
698,0.36,0.97265625
698,0.33999999999999997,0.9169921875
698,0.32,0.5712890625
698,0.3,0.0
699,0.36,0.9814453125
699,0.33999999999999997,0.9091796875
699,0.32,0.71484375
699,0.3,0.0
700,0.36,0.9716796875
700,0.33999999999999997,0.91796875
700,0.32,0.30859375
700,0.3,0.0
701,0.36,0.9814453125
701,0.33999999999999997,0.9150390625
701,0.32,0.171875
701,0.3,0.0
702,0.36,0.98046875
702,0.33999999999999997,0.9453125
702,0.32,0.6025390625
702,0.3,0.0
703,0.36,0.9853515625
703,0.33999999999999997,0.9130859375
703,0.32,0.654296875
703,0.3,0.0
704,0.36,0.9658203125
704,0.33999999999999997,0.93359375
704,0.32,0.4794921875
704,0.3,0.0
705,0.36,0.9775390625
705,0.33999999999999997,0.9287109375
705,0.32,0.6875
705,0.3,0.0
706,0.36,0.982421875
706,0.33999999999999997,0.9384765625
706,0.32,0.673828125
706,0.3,0.0
707,0.36,0.96875
707,0.33999999999999997,0.9384765625
707,0.32,0.5654296875
707,0.3,0.0
708,0.36,0.98046875
708,0.33999999999999997,0.931640625
708,0.32,0.58203125
708,0.3,0.0
709,0.36,0.9775390625
709,0.33999999999999997,0.9365234375
709,0.32,0.5244140625
709,0.3,0.0
710,0.36,0.98046875
710,0.33999999999999997,0.9287109375
710,0.32,0.1650390625
710,0.3,0.0
711,0.36,0.98046875
711,0.33999999999999997,0.9365234375
711,0.32,0.4033203125
711,0.3,0.0
712,0.36,0.970703125
712,0.33999999999999997,0.9248046875
712,0.32,0.4580078125
712,0.3,0.0
713,0.36,0.982421875
713,0.33999999999999997,0.9404296875
713,0.32,0.3828125
713,0.3,0.0
714,0.36,0.982421875
714,0.33999999999999997,0.9208984375
714,0.32,0.2734375
714,0.3,0.0
715,0.36,0.97265625
715,0.33999999999999997,0.9423828125
715,0.32,0.4501953125
715,0.3,0.0
716,0.36,0.9794921875
716,0.33999999999999997,0.9169921875
716,0.32,0.6328125
716,0.3,0.0
717,0.36,0.96875
717,0.33999999999999997,0.9267578125
717,0.32,0.494140625
717,0.3,0.0
718,0.36,0.9716796875
718,0.33999999999999997,0.9306640625
718,0.32,0.54296875
718,0.3,0.0
719,0.36,0.9755859375
719,0.33999999999999997,0.9248046875
719,0.32,0.2001953125
719,0.3,0.0
720,0.36,0.974609375
720,0.33999999999999997,0.93359375
720,0.32,0.455078125
720,0.3,0.0
721,0.36,0.974609375
721,0.33999999999999997,0.9404296875
721,0.32,0.6181640625
721,0.3,0.0
722,0.36,0.9775390625
722,0.33999999999999997,0.92578125
722,0.32,0.3740234375
722,0.3,0.0
723,0.36,0.9736328125
723,0.33999999999999997,0.9228515625
723,0.32,0.2109375
723,0.3,0.0
724,0.36,0.9677734375
724,0.33999999999999997,0.9404296875
724,0.32,0.6513671875
724,0.3,0.0
725,0.36,0.9677734375
725,0.33999999999999997,0.916015625
725,0.32,0.6455078125
725,0.3,0.0
726,0.36,0.9755859375
726,0.33999999999999997,0.916015625
726,0.32,0.7734375
726,0.3,0.0
727,0.36,0.970703125
727,0.33999999999999997,0.923828125
727,0.32,0.53125
727,0.3,0.0
728,0.36,0.96484375
728,0.33999999999999997,0.927734375
728,0.32,0.390625
728,0.3,0.0
729,0.36,0.990234375
729,0.33999999999999997,0.9150390625
729,0.32,0.572265625
729,0.3,0.0
730,0.36,0.9736328125
730,0.33999999999999997,0.923828125
730,0.32,0.3369140625
730,0.3,0.0
731,0.36,0.970703125
731,0.33999999999999997,0.9423828125
731,0.32,0.484375
731,0.3,0.0
732,0.36,0.9814453125
732,0.33999999999999997,0.9365234375
732,0.32,0.2119140625
732,0.3,0.0
733,0.36,0.97265625
733,0.33999999999999997,0.939453125
733,0.32,0.482421875
733,0.3,0.0
734,0.36,0.9765625
734,0.33999999999999997,0.92578125
734,0.32,0.5029296875
734,0.3,0.0
735,0.36,0.9775390625
735,0.33999999999999997,0.9267578125
735,0.32,0.703125
735,0.3,0.0
736,0.36,0.9716796875
736,0.33999999999999997,0.931640625
736,0.32,0.5810546875
736,0.3,0.0
737,0.36,0.9765625
737,0.33999999999999997,0.935546875
737,0.32,0.62109375
737,0.3,0.0
738,0.36,0.9765625
738,0.33999999999999997,0.9267578125
738,0.32,0.478515625
738,0.3,0.0
739,0.36,0.970703125
739,0.33999999999999997,0.91796875
739,0.32,0.6357421875
739,0.3,0.0
740,0.36,0.97265625
740,0.33999999999999997,0.91796875
740,0.32,0.1240234375
740,0.3,0.0
741,0.36,0.9794921875
741,0.33999999999999997,0.935546875
741,0.32,0.6884765625
741,0.3,0.0
742,0.36,0.9814453125
742,0.33999999999999997,0.9287109375
742,0.32,0.400390625
742,0.3,0.0
743,0.36,0.970703125
743,0.33999999999999997,0.908203125
743,0.32,0.5615234375
743,0.3,0.0
744,0.36,0.98046875
744,0.33999999999999997,0.9130859375
744,0.32,0.3701171875
744,0.3,0.0
745,0.36,0.9677734375
745,0.33999999999999997,0.9052734375
745,0.32,0.544921875
745,0.3,0.0
746,0.36,0.9765625
746,0.33999999999999997,0.921875
746,0.32,0.3525390625
746,0.3,0.0
747,0.36,0.97265625
747,0.33999999999999997,0.9208984375
747,0.32,0.2880859375
747,0.3,0.0
748,0.36,0.9736328125
748,0.33999999999999997,0.9248046875
748,0.32,0.6025390625
748,0.3,0.0
749,0.36,0.9814453125
749,0.33999999999999997,0.931640625
749,0.32,0.54296875
749,0.3,0.0
750,0.36,0.98046875
750,0.33999999999999997,0.92578125
750,0.32,0.578125
750,0.3,0.0
751,0.36,0.982421875
751,0.33999999999999997,0.9150390625
751,0.32,0.580078125
751,0.3,0.0
752,0.36,0.9755859375
752,0.33999999999999997,0.921875
752,0.32,0.611328125
752,0.3,0.0
753,0.36,0.9873046875
753,0.33999999999999997,0.90625
753,0.32,0.552734375
753,0.3,0.0
754,0.36,0.978515625
754,0.33999999999999997,0.9462890625
754,0.32,0.5654296875
754,0.3,0.0
755,0.36,0.9814453125
755,0.33999999999999997,0.9130859375
755,0.32,0.408203125
755,0.3,0.0
756,0.36,0.9716796875
756,0.33999999999999997,0.931640625
756,0.32,0.4814453125
756,0.3,0.0
757,0.36,0.98046875
757,0.33999999999999997,0.9306640625
757,0.32,0.40234375
757,0.3,0.0
758,0.36,0.9755859375
758,0.33999999999999997,0.94921875
758,0.32,0.412109375
758,0.3,0.0
759,0.36,0.9853515625
759,0.33999999999999997,0.9169921875
759,0.32,0.345703125
759,0.3,0.0
760,0.36,0.9716796875
760,0.33999999999999997,0.921875
760,0.32,0.490234375
760,0.3,0.0
761,0.36,0.9736328125
761,0.33999999999999997,0.92578125
761,0.32,0.5869140625
761,0.3,0.0
762,0.36,0.962890625
762,0.33999999999999997,0.91796875
762,0.32,0.5966796875
762,0.3,0.0
763,0.36,0.9755859375
763,0.33999999999999997,0.9384765625
763,0.32,0.302734375
763,0.3,0.0
764,0.36,0.97265625
764,0.33999999999999997,0.9453125
764,0.32,0.23046875
764,0.3,0.0
765,0.36,0.970703125
765,0.33999999999999997,0.9384765625
765,0.32,0.626953125
765,0.3,0.0
766,0.36,0.970703125
766,0.33999999999999997,0.9267578125
766,0.32,0.51171875
766,0.3,0.0
767,0.36,0.9775390625
767,0.33999999999999997,0.935546875
767,0.32,0.15625
767,0.3,0.0
768,0.36,0.970703125
768,0.33999999999999997,0.9375
768,0.32,0.5546875
768,0.3,0.0
769,0.36,0.984375
769,0.33999999999999997,0.91796875
769,0.32,0.48828125
769,0.3,0.0
770,0.36,0.98046875
770,0.33999999999999997,0.9248046875
770,0.32,0.3779296875
770,0.3,0.0
771,0.36,0.974609375
771,0.33999999999999997,0.931640625
771,0.32,0.552734375
771,0.3,0.0
772,0.36,0.98046875
772,0.33999999999999997,0.94140625
772,0.32,0.505859375
772,0.3,0.0
773,0.36,0.9765625
773,0.33999999999999997,0.923828125
773,0.32,0.359375
773,0.3,0.0
774,0.36,0.984375
774,0.33999999999999997,0.9306640625
774,0.32,0.443359375
774,0.3,0.0
775,0.36,0.9755859375
775,0.33999999999999997,0.9462890625
775,0.32,0.5048828125
775,0.3,0.0
776,0.36,0.9794921875
776,0.33999999999999997,0.9345703125
776,0.32,0.703125
776,0.3,0.0
777,0.36,0.9775390625
777,0.33999999999999997,0.947265625
777,0.32,0.505859375
777,0.3,0.0
778,0.36,0.978515625
778,0.33999999999999997,0.9228515625
778,0.32,0.4638671875
778,0.3,0.0
779,0.36,0.9755859375
779,0.33999999999999997,0.923828125
779,0.32,0.5849609375
779,0.3,0.0
780,0.36,0.98046875
780,0.33999999999999997,0.9169921875
780,0.32,0.322265625
780,0.3,0.0
781,0.36,0.9794921875
781,0.33999999999999997,0.9296875
781,0.32,0.630859375
781,0.3,0.0
782,0.36,0.9814453125
782,0.33999999999999997,0.92578125
782,0.32,0.515625
782,0.3,0.0
783,0.36,0.984375
783,0.33999999999999997,0.9326171875
783,0.32,0.5771484375
783,0.3,0.0
784,0.36,0.9775390625
784,0.33999999999999997,0.9365234375
784,0.32,0.3984375
784,0.3,0.0
785,0.36,0.9765625
785,0.33999999999999997,0.9326171875
785,0.32,0.525390625
785,0.3,0.0
786,0.36,0.974609375
786,0.33999999999999997,0.9345703125
786,0.32,0.556640625
786,0.3,0.0
787,0.36,0.9873046875
787,0.33999999999999997,0.9267578125
787,0.32,0.50390625
787,0.3,0.0
788,0.36,0.9736328125
788,0.33999999999999997,0.935546875
788,0.32,0.6044921875
788,0.3,0.0
789,0.36,0.97265625
789,0.33999999999999997,0.9150390625
789,0.32,0.3134765625
789,0.3,0.0
790,0.36,0.9658203125
790,0.33999999999999997,0.935546875
790,0.32,0.5068359375
790,0.3,0.0
791,0.36,0.9716796875
791,0.33999999999999997,0.9130859375
791,0.32,0.408203125
791,0.3,0.0
792,0.36,0.978515625
792,0.33999999999999997,0.9287109375
792,0.32,0.296875
792,0.3,0.0
793,0.36,0.978515625
793,0.33999999999999997,0.9267578125
793,0.32,0.625
793,0.3,0.0
794,0.36,0.9814453125
794,0.33999999999999997,0.9248046875
794,0.32,0.544921875
794,0.3,0.0
795,0.36,0.97265625
795,0.33999999999999997,0.8994140625
795,0.32,0.416015625
795,0.3,0.0
796,0.36,0.9814453125
796,0.33999999999999997,0.919921875
796,0.32,0.412109375
796,0.3,0.0
797,0.36,0.9716796875
797,0.33999999999999997,0.9150390625
797,0.32,0.4853515625
797,0.3,0.0
798,0.36,0.9736328125
798,0.33999999999999997,0.9248046875
798,0.32,0.51171875
798,0.3,0.0
799,0.36,0.9755859375
799,0.33999999999999997,0.935546875
799,0.32,0.6943359375
799,0.3,0.0
800,0.36,0.978515625
800,0.33999999999999997,0.9228515625
800,0.32,0.41015625
800,0.3,0.0
801,0.36,0.9697265625
801,0.33999999999999997,0.9228515625
801,0.32,0.6376953125
801,0.3,0.0
802,0.36,0.9736328125
802,0.33999999999999997,0.927734375
802,0.32,0.4609375
802,0.3,0.0
803,0.36,0.970703125
803,0.33999999999999997,0.9248046875
803,0.32,0.265625
803,0.3,0.0
804,0.36,0.9794921875
804,0.33999999999999997,0.916015625
804,0.32,0.5478515625
804,0.3,0.0
805,0.36,0.9697265625
805,0.33999999999999997,0.9189453125
805,0.32,0.353515625
805,0.3,0.0
806,0.36,0.9697265625
806,0.33999999999999997,0.9296875
806,0.32,0.32421875
806,0.3,0.0
807,0.36,0.978515625
807,0.33999999999999997,0.916015625
807,0.32,0.5126953125
807,0.3,0.0
808,0.36,0.9794921875
808,0.33999999999999997,0.91796875
808,0.32,0.50390625
808,0.3,0.0
809,0.36,0.9765625
809,0.33999999999999997,0.9111328125
809,0.32,0.7060546875
809,0.3,0.0
810,0.36,0.96875
810,0.33999999999999997,0.9365234375
810,0.32,0.3828125
810,0.3,0.0
811,0.36,0.9814453125
811,0.33999999999999997,0.919921875
811,0.32,0.2978515625
811,0.3,0.0
812,0.36,0.9697265625
812,0.33999999999999997,0.9326171875
812,0.32,0.37890625
812,0.3,0.0
813,0.36,0.98046875
813,0.33999999999999997,0.9345703125
813,0.32,0.5966796875
813,0.3,0.0
814,0.36,0.978515625
814,0.33999999999999997,0.9365234375
814,0.32,0.5
814,0.3,0.0
815,0.36,0.978515625
815,0.33999999999999997,0.931640625
815,0.32,0.4794921875
815,0.3,0.0
816,0.36,0.9716796875
816,0.33999999999999997,0.9150390625
816,0.32,0.6328125
816,0.3,0.0
817,0.36,0.9638671875
817,0.33999999999999997,0.9580078125
817,0.32,0.4365234375
817,0.3,0.0
818,0.36,0.9697265625
818,0.33999999999999997,0.9345703125
818,0.32,0.15625
818,0.3,0.0
819,0.36,0.9716796875
819,0.33999999999999997,0.9287109375
819,0.32,0.6064453125
819,0.3,0.0
820,0.36,0.9765625
820,0.33999999999999997,0.9306640625
820,0.32,0.333984375
820,0.3,0.0
821,0.36,0.9794921875
821,0.33999999999999997,0.9375
821,0.32,0.2607421875
821,0.3,0.0
822,0.36,0.9765625
822,0.33999999999999997,0.91796875
822,0.32,0.37109375
822,0.3,0.0
823,0.36,0.974609375
823,0.33999999999999997,0.9208984375
823,0.32,0.765625
823,0.3,0.0
824,0.36,0.97265625
824,0.33999999999999997,0.9365234375
824,0.32,0.458984375
824,0.3,0.0
825,0.36,0.97265625
825,0.33999999999999997,0.9248046875
825,0.32,0.5810546875
825,0.3,0.0
826,0.36,0.978515625
826,0.33999999999999997,0.92578125
826,0.32,0.564453125
826,0.3,0.0
827,0.36,0.9765625
827,0.33999999999999997,0.921875
827,0.32,0.7509765625
827,0.3,0.0
828,0.36,0.9775390625
828,0.33999999999999997,0.9501953125
828,0.32,0.4677734375
828,0.3,0.0
829,0.36,0.984375
829,0.33999999999999997,0.92578125
829,0.32,0.439453125
829,0.3,0.0
830,0.36,0.974609375
830,0.33999999999999997,0.9248046875
830,0.32,0.5078125
830,0.3,0.0
831,0.36,0.97265625
831,0.33999999999999997,0.921875
831,0.32,0.388671875
831,0.3,0.0
832,0.36,0.9755859375
832,0.33999999999999997,0.9287109375
832,0.32,0.412109375
832,0.3,0.0
833,0.36,0.9794921875
833,0.33999999999999997,0.9208984375
833,0.32,0.384765625
833,0.3,0.0
834,0.36,0.9677734375
834,0.33999999999999997,0.92578125
834,0.32,0.4423828125
834,0.3,0.0
835,0.36,0.9775390625
835,0.33999999999999997,0.9169921875
835,0.32,0.669921875
835,0.3,0.0
836,0.36,0.966796875
836,0.33999999999999997,0.939453125
836,0.32,0.6708984375
836,0.3,0.0
837,0.36,0.9775390625
837,0.33999999999999997,0.931640625
837,0.32,0.59375
837,0.3,0.0
838,0.36,0.970703125
838,0.33999999999999997,0.92578125
838,0.32,0.6083984375
838,0.3,0.0
839,0.36,0.970703125
839,0.33999999999999997,0.931640625
839,0.32,0.611328125
839,0.3,0.0
840,0.36,0.970703125
840,0.33999999999999997,0.923828125
840,0.32,0.3759765625
840,0.3,0.0
841,0.36,0.9736328125
841,0.33999999999999997,0.947265625
841,0.32,0.365234375
841,0.3,0.0
842,0.36,0.9716796875
842,0.33999999999999997,0.93359375
842,0.32,0.416015625
842,0.3,0.0
843,0.36,0.9814453125
843,0.33999999999999997,0.9306640625
843,0.32,0.466796875
843,0.3,0.0
844,0.36,0.9658203125
844,0.33999999999999997,0.9140625
844,0.32,0.404296875
844,0.3,0.0
845,0.36,0.9794921875
845,0.33999999999999997,0.939453125
845,0.32,0.6162109375
845,0.3,0.0
846,0.36,0.9755859375
846,0.33999999999999997,0.927734375
846,0.32,0.462890625
846,0.3,0.0
847,0.36,0.9716796875
847,0.33999999999999997,0.9365234375
847,0.32,0.3837890625
847,0.3,0.0
848,0.36,0.9775390625
848,0.33999999999999997,0.9140625
848,0.32,0.34375
848,0.3,0.0
849,0.36,0.978515625
849,0.33999999999999997,0.939453125
849,0.32,0.552734375
849,0.3,0.0
850,0.36,0.978515625
850,0.33999999999999997,0.9208984375
850,0.32,0.5751953125
850,0.3,0.0
851,0.36,0.982421875
851,0.33999999999999997,0.91796875
851,0.32,0.546875
851,0.3,0.0
852,0.36,0.96875
852,0.33999999999999997,0.923828125
852,0.32,0.650390625
852,0.3,0.0
853,0.36,0.98046875
853,0.33999999999999997,0.919921875
853,0.32,0.548828125
853,0.3,0.0
854,0.36,0.974609375
854,0.33999999999999997,0.921875
854,0.32,0.5546875
854,0.3,0.0
855,0.36,0.978515625
855,0.33999999999999997,0.9296875
855,0.32,0.58984375
855,0.3,0.0
856,0.36,0.9736328125
856,0.33999999999999997,0.943359375
856,0.32,0.2060546875
856,0.3,0.0
857,0.36,0.974609375
857,0.33999999999999997,0.91796875
857,0.32,0.2783203125
857,0.3,0.0
858,0.36,0.9755859375
858,0.33999999999999997,0.943359375
858,0.32,0.341796875
858,0.3,0.0
859,0.36,0.9736328125
859,0.33999999999999997,0.904296875
859,0.32,0.34375
859,0.3,0.0
860,0.36,0.98046875
860,0.33999999999999997,0.912109375
860,0.32,0.466796875
860,0.3,0.0
861,0.36,0.966796875
861,0.33999999999999997,0.9306640625
861,0.32,0.70703125
861,0.3,0.0
862,0.36,0.9619140625
862,0.33999999999999997,0.93359375
862,0.32,0.1923828125
862,0.3,0.0
863,0.36,0.97265625
863,0.33999999999999997,0.9130859375
863,0.32,0.5478515625
863,0.3,0.0
864,0.36,0.9775390625
864,0.33999999999999997,0.927734375
864,0.32,0.5107421875
864,0.3,0.0
865,0.36,0.974609375
865,0.33999999999999997,0.912109375
865,0.32,0.5615234375
865,0.3,0.0
866,0.36,0.9765625
866,0.33999999999999997,0.9287109375
866,0.32,0.4599609375
866,0.3,0.0
867,0.36,0.9794921875
867,0.33999999999999997,0.93359375
867,0.32,0.68359375
867,0.3,0.0
868,0.36,0.978515625
868,0.33999999999999997,0.912109375
868,0.32,0.671875
868,0.3,0.0
869,0.36,0.97265625
869,0.33999999999999997,0.939453125
869,0.32,0.5048828125
869,0.3,0.0
870,0.36,0.9755859375
870,0.33999999999999997,0.9228515625
870,0.32,0.6259765625
870,0.3,0.0
871,0.36,0.9794921875
871,0.33999999999999997,0.9345703125
871,0.32,0.271484375
871,0.3,0.0
872,0.36,0.978515625
872,0.33999999999999997,0.939453125
872,0.32,0.6171875
872,0.3,0.0
873,0.36,0.9814453125
873,0.33999999999999997,0.923828125
873,0.32,0.6357421875
873,0.3,0.0
874,0.36,0.9765625
874,0.33999999999999997,0.9306640625
874,0.32,0.5556640625
874,0.3,0.0
875,0.36,0.98046875
875,0.33999999999999997,0.9228515625
875,0.32,0.54296875
875,0.3,0.0
876,0.36,0.978515625
876,0.33999999999999997,0.921875
876,0.32,0.7080078125
876,0.3,0.0
877,0.36,0.9814453125
877,0.33999999999999997,0.9150390625
877,0.32,0.326171875
877,0.3,0.0
878,0.36,0.98046875
878,0.33999999999999997,0.9208984375
878,0.32,0.439453125
878,0.3,0.0
879,0.36,0.98828125
879,0.33999999999999997,0.9111328125
879,0.32,0.4375
879,0.3,0.0
880,0.36,0.978515625
880,0.33999999999999997,0.9375
880,0.32,0.65625
880,0.3,0.0
881,0.36,0.97265625
881,0.33999999999999997,0.9384765625
881,0.32,0.619140625
881,0.3,0.0
882,0.36,0.9794921875
882,0.33999999999999997,0.9091796875
882,0.32,0.5283203125
882,0.3,0.0
883,0.36,0.9716796875
883,0.33999999999999997,0.9267578125
883,0.32,0.517578125
883,0.3,0.0
884,0.36,0.98046875
884,0.33999999999999997,0.9228515625
884,0.32,0.2255859375
884,0.3,0.0
885,0.36,0.9765625
885,0.33999999999999997,0.92578125
885,0.32,0.5791015625
885,0.3,0.0
886,0.36,0.9755859375
886,0.33999999999999997,0.9404296875
886,0.32,0.6279296875
886,0.3,0.0
887,0.36,0.9794921875
887,0.33999999999999997,0.93359375
887,0.32,0.5185546875
887,0.3,0.0
888,0.36,0.9775390625
888,0.33999999999999997,0.93359375
888,0.32,0.6533203125
888,0.3,0.0
889,0.36,0.9716796875
889,0.33999999999999997,0.9365234375
889,0.32,0.4921875
889,0.3,0.0
890,0.36,0.9794921875
890,0.33999999999999997,0.931640625
890,0.32,0.404296875
890,0.3,0.0
891,0.36,0.974609375
891,0.33999999999999997,0.9287109375
891,0.32,0.6025390625
891,0.3,0.0
892,0.36,0.9638671875
892,0.33999999999999997,0.9169921875
892,0.32,0.58203125
892,0.3,0.0
893,0.36,0.98046875
893,0.33999999999999997,0.9169921875
893,0.32,0.412109375
893,0.3,0.0
894,0.36,0.9765625
894,0.33999999999999997,0.9296875
894,0.32,0.4033203125
894,0.3,0.0
895,0.36,0.9775390625
895,0.33999999999999997,0.91796875
895,0.32,0.6142578125
895,0.3,0.0
896,0.36,0.9775390625
896,0.33999999999999997,0.9189453125
896,0.32,0.564453125
896,0.3,0.0
897,0.36,0.9775390625
897,0.33999999999999997,0.9189453125
897,0.32,0.5830078125
897,0.3,0.0
898,0.36,0.962890625
898,0.33999999999999997,0.935546875
898,0.32,0.232421875
898,0.3,0.0
899,0.36,0.9765625
899,0.33999999999999997,0.9296875
899,0.32,0.5537109375
899,0.3,0.0
900,0.36,0.9814453125
900,0.33999999999999997,0.9326171875
900,0.32,0.638671875
900,0.3,0.0
901,0.36,0.974609375
901,0.33999999999999997,0.916015625
901,0.32,0.5927734375
901,0.3,0.0
902,0.36,0.98828125
902,0.33999999999999997,0.923828125
902,0.32,0.357421875
902,0.3,0.0
903,0.36,0.9814453125
903,0.33999999999999997,0.9306640625
903,0.32,0.7236328125
903,0.3,0.0
904,0.36,0.9765625
904,0.33999999999999997,0.9169921875
904,0.32,0.44921875
904,0.3,0.0
905,0.36,0.9736328125
905,0.33999999999999997,0.9306640625
905,0.32,0.587890625
905,0.3,0.0
906,0.36,0.982421875
906,0.33999999999999997,0.9296875
906,0.32,0.4306640625
906,0.3,0.0
907,0.36,0.96484375
907,0.33999999999999997,0.921875
907,0.32,0.689453125
907,0.3,0.0
908,0.36,0.98046875
908,0.33999999999999997,0.93359375
908,0.32,0.4140625
908,0.3,0.0
909,0.36,0.9658203125
909,0.33999999999999997,0.916015625
909,0.32,0.64453125
909,0.3,0.0
910,0.36,0.9716796875
910,0.33999999999999997,0.92578125
910,0.32,0.4853515625
910,0.3,0.0
911,0.36,0.96484375
911,0.33999999999999997,0.919921875
911,0.32,0.34375
911,0.3,0.0
912,0.36,0.9736328125
912,0.33999999999999997,0.9296875
912,0.32,0.5458984375
912,0.3,0.0
913,0.36,0.974609375
913,0.33999999999999997,0.939453125
913,0.32,0.4423828125
913,0.3,0.0
914,0.36,0.974609375
914,0.33999999999999997,0.9248046875
914,0.32,0.6171875
914,0.3,0.0
915,0.36,0.978515625
915,0.33999999999999997,0.9169921875
915,0.32,0.6806640625
915,0.3,0.0
916,0.36,0.9794921875
916,0.33999999999999997,0.93359375
916,0.32,0.3330078125
916,0.3,0.0
917,0.36,0.966796875
917,0.33999999999999997,0.9248046875
917,0.32,0.62109375
917,0.3,0.0
918,0.36,0.9765625
918,0.33999999999999997,0.9228515625
918,0.32,0.34375
918,0.3,0.0
919,0.36,0.9736328125
919,0.33999999999999997,0.9404296875
919,0.32,0.298828125
919,0.3,0.0
920,0.36,0.9775390625
920,0.33999999999999997,0.916015625
920,0.32,0.4873046875
920,0.3,0.0
921,0.36,0.978515625
921,0.33999999999999997,0.919921875
921,0.32,0.5087890625
921,0.3,0.0
922,0.36,0.966796875
922,0.33999999999999997,0.90234375
922,0.32,0.5341796875
922,0.3,0.0
923,0.36,0.9755859375
923,0.33999999999999997,0.9169921875
923,0.32,0.431640625
923,0.3,0.0
924,0.36,0.9755859375
924,0.33999999999999997,0.9140625
924,0.32,0.2626953125
924,0.3,0.0
925,0.36,0.9736328125
925,0.33999999999999997,0.921875
925,0.32,0.5888671875
925,0.3,0.0
926,0.36,0.98046875
926,0.33999999999999997,0.9228515625
926,0.32,0.32421875
926,0.3,0.0
927,0.36,0.982421875
927,0.33999999999999997,0.9248046875
927,0.32,0.2822265625
927,0.3,0.0
928,0.36,0.978515625
928,0.33999999999999997,0.921875
928,0.32,0.6083984375
928,0.3,0.0
929,0.36,0.9736328125
929,0.33999999999999997,0.9375
929,0.32,0.48828125
929,0.3,0.0
930,0.36,0.986328125
930,0.33999999999999997,0.93359375
930,0.32,0.533203125
930,0.3,0.0
931,0.36,0.970703125
931,0.33999999999999997,0.9150390625
931,0.32,0.330078125
931,0.3,0.0
932,0.36,0.9765625
932,0.33999999999999997,0.939453125
932,0.32,0.55859375
932,0.3,0.0
933,0.36,0.982421875
933,0.33999999999999997,0.9365234375
933,0.32,0.41015625
933,0.3,0.0
934,0.36,0.9755859375
934,0.33999999999999997,0.9296875
934,0.32,0.5966796875
934,0.3,0.0
935,0.36,0.98046875
935,0.33999999999999997,0.92578125
935,0.32,0.615234375
935,0.3,0.0
936,0.36,0.970703125
936,0.33999999999999997,0.9130859375
936,0.32,0.6171875
936,0.3,0.0
937,0.36,0.9716796875
937,0.33999999999999997,0.935546875
937,0.32,0.224609375
937,0.3,0.0
938,0.36,0.9736328125
938,0.33999999999999997,0.935546875
938,0.32,0.4755859375
938,0.3,0.0
939,0.36,0.9736328125
939,0.33999999999999997,0.9287109375
939,0.32,0.57421875
939,0.3,0.0
940,0.36,0.974609375
940,0.33999999999999997,0.9365234375
940,0.32,0.5791015625
940,0.3,0.0
941,0.36,0.9814453125
941,0.33999999999999997,0.927734375
941,0.32,0.326171875
941,0.3,0.0
942,0.36,0.96875
942,0.33999999999999997,0.9375
942,0.32,0.59375
942,0.3,0.0
943,0.36,0.978515625
943,0.33999999999999997,0.92578125
943,0.32,0.41796875
943,0.3,0.0
944,0.36,0.9755859375
944,0.33999999999999997,0.92578125
944,0.32,0.521484375
944,0.3,0.0
945,0.36,0.9775390625
945,0.33999999999999997,0.921875
945,0.32,0.66796875
945,0.3,0.0
946,0.36,0.9765625
946,0.33999999999999997,0.9375
946,0.32,0.5966796875
946,0.3,0.0
947,0.36,0.97265625
947,0.33999999999999997,0.9345703125
947,0.32,0.3486328125
947,0.3,0.0
948,0.36,0.978515625
948,0.33999999999999997,0.9248046875
948,0.32,0.470703125
948,0.3,0.0
949,0.36,0.978515625
949,0.33999999999999997,0.9423828125
949,0.32,0.5625
949,0.3,0.0
950,0.36,0.97265625
950,0.33999999999999997,0.9287109375
950,0.32,0.71875
950,0.3,0.0
951,0.36,0.9736328125
951,0.33999999999999997,0.921875
951,0.32,0.431640625
951,0.3,0.0
952,0.36,0.9775390625
952,0.33999999999999997,0.9306640625
952,0.32,0.5087890625
952,0.3,0.0
953,0.36,0.9814453125
953,0.33999999999999997,0.93359375
953,0.32,0.6845703125
953,0.3,0.0
954,0.36,0.9677734375
954,0.33999999999999997,0.9345703125
954,0.32,0.3291015625
954,0.3,0.0
955,0.36,0.974609375
955,0.33999999999999997,0.92578125
955,0.32,0.357421875
955,0.3,0.0
956,0.36,0.970703125
956,0.33999999999999997,0.919921875
956,0.32,0.6044921875
956,0.3,0.0
957,0.36,0.9716796875
957,0.33999999999999997,0.9306640625
957,0.32,0.2255859375
957,0.3,0.0
958,0.36,0.9755859375
958,0.33999999999999997,0.9169921875
958,0.32,0.6279296875
958,0.3,0.0
959,0.36,0.9794921875
959,0.33999999999999997,0.9150390625
959,0.32,0.45703125
959,0.3,0.0
960,0.36,0.9833984375
960,0.33999999999999997,0.9345703125
960,0.32,0.5849609375
960,0.3,0.0
961,0.36,0.978515625
961,0.33999999999999997,0.923828125
961,0.32,0.603515625
961,0.3,0.0
962,0.36,0.9814453125
962,0.33999999999999997,0.9375
962,0.32,0.314453125
962,0.3,0.0
963,0.36,0.97265625
963,0.33999999999999997,0.923828125
963,0.32,0.6103515625
963,0.3,0.0
964,0.36,0.96875
964,0.33999999999999997,0.91796875
964,0.32,0.50390625
964,0.3,0.0
965,0.36,0.9794921875
965,0.33999999999999997,0.9140625
965,0.32,0.462890625
965,0.3,0.0
966,0.36,0.9833984375
966,0.33999999999999997,0.91015625
966,0.32,0.6318359375
966,0.3,0.0
967,0.36,0.9833984375
967,0.33999999999999997,0.9267578125
967,0.32,0.3974609375
967,0.3,0.0
968,0.36,0.9853515625
968,0.33999999999999997,0.912109375
968,0.32,0.3330078125
968,0.3,0.0
969,0.36,0.970703125
969,0.33999999999999997,0.9248046875
969,0.32,0.630859375
969,0.3,0.0
970,0.36,0.974609375
970,0.33999999999999997,0.943359375
970,0.32,0.3837890625
970,0.3,0.0
971,0.36,0.982421875
971,0.33999999999999997,0.9150390625
971,0.32,0.6494140625
971,0.3,0.0
972,0.36,0.982421875
972,0.33999999999999997,0.9169921875
972,0.32,0.59765625
972,0.3,0.0
973,0.36,0.9697265625
973,0.33999999999999997,0.9111328125
973,0.32,0.5009765625
973,0.3,0.0
974,0.36,0.978515625
974,0.33999999999999997,0.9365234375
974,0.32,0.509765625
974,0.3,0.0
975,0.36,0.9736328125
975,0.33999999999999997,0.904296875
975,0.32,0.15234375
975,0.3,0.0
976,0.36,0.9833984375
976,0.33999999999999997,0.908203125
976,0.32,0.330078125
976,0.3,0.0
977,0.36,0.9736328125
977,0.33999999999999997,0.94140625
977,0.32,0.4306640625
977,0.3,0.0
978,0.36,0.9794921875
978,0.33999999999999997,0.9189453125
978,0.32,0.4345703125
978,0.3,0.0
979,0.36,0.9697265625
979,0.33999999999999997,0.916015625
979,0.32,0.3818359375
979,0.3,0.0
980,0.36,0.9775390625
980,0.33999999999999997,0.939453125
980,0.32,0.3271484375
980,0.3,0.0
981,0.36,0.9814453125
981,0.33999999999999997,0.9326171875
981,0.32,0.306640625
981,0.3,0.0
982,0.36,0.970703125
982,0.33999999999999997,0.91796875
982,0.32,0.630859375
982,0.3,0.0
983,0.36,0.96875
983,0.33999999999999997,0.9111328125
983,0.32,0.302734375
983,0.3,0.0
984,0.36,0.978515625
984,0.33999999999999997,0.9208984375
984,0.32,0.5185546875
984,0.3,0.0
985,0.36,0.9755859375
985,0.33999999999999997,0.9189453125
985,0.32,0.5458984375
985,0.3,0.0
986,0.36,0.9794921875
986,0.33999999999999997,0.9453125
986,0.32,0.388671875
986,0.3,0.0
987,0.36,0.9677734375
987,0.33999999999999997,0.9326171875
987,0.32,0.5224609375
987,0.3,0.0
988,0.36,0.9697265625
988,0.33999999999999997,0.927734375
988,0.32,0.31640625
988,0.3,0.0
989,0.36,0.9755859375
989,0.33999999999999997,0.90234375
989,0.32,0.4599609375
989,0.3,0.0
990,0.36,0.9775390625
990,0.33999999999999997,0.927734375
990,0.32,0.646484375
990,0.3,0.0
991,0.36,0.97265625
991,0.33999999999999997,0.93359375
991,0.32,0.42578125
991,0.3,0.0
992,0.36,0.9658203125
992,0.33999999999999997,0.9423828125
992,0.32,0.3359375
992,0.3,0.0
993,0.36,0.9755859375
993,0.33999999999999997,0.9296875
993,0.32,0.6044921875
993,0.3,0.0
994,0.36,0.9833984375
994,0.33999999999999997,0.94140625
994,0.32,0.513671875
994,0.3,0.0
995,0.36,0.9697265625
995,0.33999999999999997,0.9375
995,0.32,0.3896484375
995,0.3,0.0
996,0.36,0.966796875
996,0.33999999999999997,0.9287109375
996,0.32,0.5029296875
996,0.3,0.0
997,0.36,0.966796875
997,0.33999999999999997,0.9111328125
997,0.32,0.384765625
997,0.3,0.0
998,0.36,0.974609375
998,0.33999999999999997,0.935546875
998,0.32,0.6181640625
998,0.3,0.0
999,0.36,0.970703125
999,0.33999999999999997,0.9248046875
999,0.32,0.626953125
999,0.3,0.0
1000,0.36,0.978515625
1000,0.33999999999999997,0.91796875
1000,0.32,0.572265625
1000,0.3,0.0
1,0.31,0.0
2,0.31,0.017578125
3,0.31,0.0029296875
4,0.31,0.0263671875
5,0.31,0.0
6,0.31,0.03515625
7,0.31,0.0
8,0.31,0.0
9,0.31,0.0556640625
10,0.31,0.0615234375
11,0.31,0.0
12,0.31,0.0
13,0.31,0.0
14,0.31,0.0
15,0.31,0.0
16,0.31,0.0
17,0.31,0.0
18,0.31,0.0
19,0.31,0.0
20,0.31,0.0
21,0.31,0.001953125
22,0.31,0.0
23,0.31,0.0146484375
24,0.31,0.0
25,0.31,0.0
26,0.31,0.0
27,0.31,0.0107421875
28,0.31,0.0
29,0.31,0.0
30,0.31,0.0
31,0.31,0.001953125
32,0.31,0.0
33,0.31,0.0
34,0.31,0.0234375
35,0.31,0.0
36,0.31,0.0
37,0.31,0.0
38,0.31,0.0
39,0.31,0.0
40,0.31,0.0
41,0.31,0.017578125
42,0.31,0.0234375
43,0.31,0.0
44,0.31,0.0
45,0.31,0.0166015625
46,0.31,0.0
47,0.31,0.0
48,0.31,0.0
49,0.31,0.0107421875
50,0.31,0.0
51,0.31,0.0
52,0.31,0.0
53,0.31,0.0
54,0.31,0.03515625
55,0.31,0.0
56,0.31,0.0615234375
57,0.31,0.0185546875
58,0.31,0.0
59,0.31,0.0
60,0.31,0.0
61,0.31,0.0
62,0.31,0.0
63,0.31,0.025390625
64,0.31,0.0
65,0.31,0.0
66,0.31,0.0283203125
67,0.31,0.0
68,0.31,0.0
69,0.31,0.0
70,0.31,0.0
71,0.31,0.0
72,0.31,0.0126953125
73,0.31,0.0
74,0.31,0.0224609375
75,0.31,0.01171875
76,0.31,0.0
77,0.31,0.0
78,0.31,0.0
79,0.31,0.0
80,0.31,0.0029296875
81,0.31,0.0
82,0.31,0.0
83,0.31,0.046875
84,0.31,0.0
85,0.31,0.0029296875
86,0.31,0.0
87,0.31,0.0244140625
88,0.31,0.0
89,0.31,0.0
90,0.31,0.0
91,0.31,0.0
92,0.31,0.0107421875
93,0.31,0.0
94,0.31,0.04296875
95,0.31,0.0
96,0.31,0.0
97,0.31,0.0
98,0.31,0.0
99,0.31,0.0322265625
100,0.31,0.0
101,0.31,0.0
102,0.31,0.0
103,0.31,0.0029296875
104,0.31,0.0
105,0.31,0.0
106,0.31,0.0166015625
107,0.31,0.0
108,0.31,0.0
109,0.31,0.013671875
110,0.31,0.01171875
111,0.31,0.021484375
112,0.31,0.013671875
113,0.31,0.0166015625
114,0.31,0.0
115,0.31,0.0263671875
116,0.31,0.0
117,0.31,0.0380859375
118,0.31,0.0
119,0.31,0.0
120,0.31,0.0
121,0.31,0.0
122,0.31,0.0
123,0.31,0.0244140625
124,0.31,0.0
125,0.31,0.0
126,0.31,0.0
127,0.31,0.017578125
128,0.31,0.0244140625
129,0.31,0.0
130,0.31,0.0
131,0.31,0.0
132,0.31,0.0
133,0.31,0.0
134,0.31,0.0
135,0.31,0.0185546875
136,0.31,0.0078125
137,0.31,0.033203125
138,0.31,0.017578125
139,0.31,0.0634765625
140,0.31,0.0458984375
141,0.31,0.0244140625
142,0.31,0.1103515625
143,0.31,0.0
144,0.31,0.0185546875
145,0.31,0.0
146,0.31,0.0
147,0.31,0.029296875
148,0.31,0.0126953125
149,0.31,0.029296875
150,0.31,0.0
151,0.31,0.0
152,0.31,0.0390625
153,0.31,0.0
154,0.31,0.0
155,0.31,0.041015625
156,0.31,0.0048828125
157,0.31,0.0107421875
158,0.31,0.0
159,0.31,0.0
160,0.31,0.0
161,0.31,0.005859375
162,0.31,0.02734375
163,0.31,0.0
164,0.31,0.0087890625
165,0.31,0.0
166,0.31,0.017578125
167,0.31,0.0
168,0.31,0.0
169,0.31,0.0
170,0.31,0.0
171,0.31,0.0
172,0.31,0.0185546875
173,0.31,0.0
174,0.31,0.0
175,0.31,0.0224609375
176,0.31,0.0
177,0.31,0.0
178,0.31,0.0
179,0.31,0.111328125
180,0.31,0.0322265625
181,0.31,0.0
182,0.31,0.0
183,0.31,0.0078125
184,0.31,0.052734375
185,0.31,0.01171875
186,0.31,0.0
187,0.31,0.0
188,0.31,0.0126953125
189,0.31,0.0263671875
190,0.31,0.0
191,0.31,0.0
192,0.31,0.005859375
193,0.31,0.01171875
194,0.31,0.0126953125
195,0.31,0.0078125
196,0.31,0.0
197,0.31,0.0
198,0.31,0.0
199,0.31,0.0
200,0.31,0.0
201,0.31,0.0
202,0.31,0.0
203,0.31,0.0
204,0.31,0.0205078125
205,0.31,0.0
206,0.31,0.0
207,0.31,0.0
208,0.31,0.0
209,0.31,0.0
210,0.31,0.0
211,0.31,0.0
212,0.31,0.0
213,0.31,0.0
214,0.31,0.0205078125
215,0.31,0.0
216,0.31,0.0
217,0.31,0.0
218,0.31,0.0
219,0.31,0.0224609375
220,0.31,0.0
221,0.31,0.0
222,0.31,0.02734375
223,0.31,0.0
224,0.31,0.0
225,0.31,0.0
226,0.31,0.0947265625
227,0.31,0.0
228,0.31,0.0400390625
229,0.31,0.0126953125
230,0.31,0.0
231,0.31,0.0
232,0.31,0.0546875
233,0.31,0.013671875
234,0.31,0.0
235,0.31,0.0
236,0.31,0.0
237,0.31,0.0
238,0.31,0.0
239,0.31,0.087890625
240,0.31,0.0
241,0.31,0.1416015625
242,0.31,0.0185546875
243,0.31,0.0
244,0.31,0.013671875
245,0.31,0.0
246,0.31,0.0
247,0.31,0.0
248,0.31,0.0
249,0.31,0.0576171875
250,0.31,0.0458984375
251,0.31,0.03125
252,0.31,0.0
253,0.31,0.0
254,0.31,0.0
255,0.31,0.0
256,0.31,0.00390625
257,0.31,0.0
258,0.31,0.013671875
259,0.31,0.0
260,0.31,0.0
261,0.31,0.0
262,0.31,0.0
263,0.31,0.0
264,0.31,0.01953125
265,0.31,0.013671875
266,0.31,0.0
267,0.31,0.0
268,0.31,0.01171875
269,0.31,0.0
270,0.31,0.021484375
271,0.31,0.0
272,0.31,0.0048828125
273,0.31,0.0
274,0.31,0.0
275,0.31,0.0087890625
276,0.31,0.0
277,0.31,0.0107421875
278,0.31,0.0
279,0.31,0.0
280,0.31,0.0
281,0.31,0.0
282,0.31,0.0361328125
283,0.31,0.005859375
284,0.31,0.0361328125
285,0.31,0.0
286,0.31,0.037109375
287,0.31,0.0
288,0.31,0.0
289,0.31,0.0
290,0.31,0.0
291,0.31,0.0
292,0.31,0.0234375
293,0.31,0.0
294,0.31,0.013671875
295,0.31,0.0
296,0.31,0.03125
297,0.31,0.0
298,0.31,0.0205078125
299,0.31,0.0
300,0.31,0.03515625
301,0.31,0.0
302,0.31,0.0078125
303,0.31,0.0341796875
304,0.31,0.0
305,0.31,0.0
306,0.31,0.0
307,0.31,0.064453125
308,0.31,0.0
309,0.31,0.01953125
310,0.31,0.0
311,0.31,0.0
312,0.31,0.0
313,0.31,0.015625
314,0.31,0.0
315,0.31,0.0
316,0.31,0.0
317,0.31,0.0
318,0.31,0.0078125
319,0.31,0.0087890625
320,0.31,0.09375
321,0.31,0.0
322,0.31,0.0
323,0.31,0.0
324,0.31,0.0498046875
325,0.31,0.03125
326,0.31,0.0
327,0.31,0.0205078125
328,0.31,0.0166015625
329,0.31,0.0
330,0.31,0.005859375
331,0.31,0.0
332,0.31,0.0
333,0.31,0.009765625
334,0.31,0.0
335,0.31,0.01171875
336,0.31,0.0
337,0.31,0.0322265625
338,0.31,0.0
339,0.31,0.0
340,0.31,0.00390625
341,0.31,0.0
342,0.31,0.0
343,0.31,0.0166015625
344,0.31,0.0185546875
345,0.31,0.0673828125
346,0.31,0.0
347,0.31,0.0
348,0.31,0.0
349,0.31,0.0
350,0.31,0.017578125
351,0.31,0.00390625
352,0.31,0.0
353,0.31,0.0126953125
354,0.31,0.037109375
355,0.31,0.0
356,0.31,0.0
357,0.31,0.005859375
358,0.31,0.01953125
359,0.31,0.0
360,0.31,0.0810546875
361,0.31,0.013671875
362,0.31,0.029296875
363,0.31,0.0
364,0.31,0.0
365,0.31,0.0
366,0.31,0.017578125
367,0.31,0.0126953125
368,0.31,0.0
369,0.31,0.0
370,0.31,0.0185546875
371,0.31,0.0
372,0.31,0.0
373,0.31,0.0
374,0.31,0.044921875
375,0.31,0.0
376,0.31,0.0
377,0.31,0.0
378,0.31,0.0
379,0.31,0.0
380,0.31,0.0
381,0.31,0.0
382,0.31,0.0
383,0.31,0.0
384,0.31,0.0
385,0.31,0.0
386,0.31,0.0
387,0.31,0.0
388,0.31,0.0
389,0.31,0.0
390,0.31,0.052734375
391,0.31,0.091796875
392,0.31,0.0595703125
393,0.31,0.0
394,0.31,0.0
395,0.31,0.0
396,0.31,0.0
397,0.31,0.0
398,0.31,0.009765625
399,0.31,0.0
400,0.31,0.0
401,0.31,0.0
402,0.31,0.0
403,0.31,0.0
404,0.31,0.0
405,0.31,0.0166015625
406,0.31,0.0
407,0.31,0.0146484375
408,0.31,0.0
409,0.31,0.0
410,0.31,0.0
411,0.31,0.0
412,0.31,0.044921875
413,0.31,0.0
414,0.31,0.0
415,0.31,0.0
416,0.31,0.0
417,0.31,0.0224609375
418,0.31,0.0
419,0.31,0.0
420,0.31,0.0
421,0.31,0.0
422,0.31,0.013671875
423,0.31,0.0087890625
424,0.31,0.0380859375
425,0.31,0.0
426,0.31,0.0
427,0.31,0.0458984375
428,0.31,0.0
429,0.31,0.0
430,0.31,0.025390625
431,0.31,0.0
432,0.31,0.0
433,0.31,0.0
434,0.31,0.0
435,0.31,0.0
436,0.31,0.0
437,0.31,0.01171875
438,0.31,0.0
439,0.31,0.015625
440,0.31,0.0
441,0.31,0.0
442,0.31,0.0
443,0.31,0.0
444,0.31,0.0
445,0.31,0.0146484375
446,0.31,0.0
447,0.31,0.0
448,0.31,0.0
449,0.31,0.0
450,0.31,0.017578125
451,0.31,0.0224609375
452,0.31,0.0
453,0.31,0.015625
454,0.31,0.0
455,0.31,0.0
456,0.31,0.0302734375
457,0.31,0.0
458,0.31,0.0
459,0.31,0.0
460,0.31,0.0
461,0.31,0.0
462,0.31,0.037109375
463,0.31,0.0
464,0.31,0.0
465,0.31,0.0087890625
466,0.31,0.0
467,0.31,0.0
468,0.31,0.0
469,0.31,0.0
470,0.31,0.0
471,0.31,0.0234375
472,0.31,0.013671875
473,0.31,0.0
474,0.31,0.0
475,0.31,0.0048828125
476,0.31,0.0
477,0.31,0.0
478,0.31,0.015625
479,0.31,0.0
480,0.31,0.0
481,0.31,0.0234375
482,0.31,0.0
483,0.31,0.0
484,0.31,0.0
485,0.31,0.0185546875
486,0.31,0.0
487,0.31,0.017578125
488,0.31,0.0
489,0.31,0.0
490,0.31,0.0
491,0.31,0.0185546875
492,0.31,0.0
493,0.31,0.0
494,0.31,0.0
495,0.31,0.03125
496,0.31,0.0263671875
497,0.31,0.0
498,0.31,0.0
499,0.31,0.0
500,0.31,0.0166015625
501,0.31,0.0
502,0.31,0.0
503,0.31,0.1064453125
504,0.31,0.0
505,0.31,0.0
506,0.31,0.0029296875
507,0.31,0.0
508,0.31,0.041015625
509,0.31,0.0
510,0.31,0.0
511,0.31,0.1142578125
512,0.31,0.029296875
513,0.31,0.0
514,0.31,0.0
515,0.31,0.0
516,0.31,0.0
517,0.31,0.0458984375
518,0.31,0.0
519,0.31,0.0
520,0.31,0.015625
521,0.31,0.0234375
522,0.31,0.033203125
523,0.31,0.0
524,0.31,0.0
525,0.31,0.0
526,0.31,0.0
527,0.31,0.0
528,0.31,0.0
529,0.31,0.0166015625
530,0.31,0.0
531,0.31,0.0
532,0.31,0.0
533,0.31,0.009765625
534,0.31,0.0
535,0.31,0.0
536,0.31,0.0
537,0.31,0.0
538,0.31,0.0
539,0.31,0.0
540,0.31,0.0
541,0.31,0.0
542,0.31,0.01953125
543,0.31,0.017578125
544,0.31,0.0
545,0.31,0.0
546,0.31,0.0
547,0.31,0.0
548,0.31,0.078125
549,0.31,0.0078125
550,0.31,0.0
551,0.31,0.0
552,0.31,0.0
553,0.31,0.01171875
554,0.31,0.0
555,0.31,0.01171875
556,0.31,0.0
557,0.31,0.0
558,0.31,0.0
559,0.31,0.025390625
560,0.31,0.0
561,0.31,0.0
562,0.31,0.05859375
563,0.31,0.0302734375
564,0.31,0.0
565,0.31,0.0078125
566,0.31,0.0
567,0.31,0.0
568,0.31,0.064453125
569,0.31,0.0
570,0.31,0.0
571,0.31,0.0
572,0.31,0.0185546875
573,0.31,0.0
574,0.31,0.0
575,0.31,0.029296875
576,0.31,0.0126953125
577,0.31,0.0
578,0.31,0.0
579,0.31,0.0
580,0.31,0.0322265625
581,0.31,0.0
582,0.31,0.0
583,0.31,0.0166015625
584,0.31,0.01953125
585,0.31,0.0
586,0.31,0.0
587,0.31,0.021484375
588,0.31,0.0185546875
589,0.31,0.0087890625
590,0.31,0.0
591,0.31,0.013671875
592,0.31,0.0
593,0.31,0.0
594,0.31,0.0
595,0.31,0.0
596,0.31,0.0
597,0.31,0.0146484375
598,0.31,0.0
599,0.31,0.0
600,0.31,0.0
601,0.31,0.0
602,0.31,0.0830078125
603,0.31,0.0
604,0.31,0.0
605,0.31,0.0
606,0.31,0.0
607,0.31,0.0
608,0.31,0.0
609,0.31,0.02734375
610,0.31,0.0
611,0.31,0.0625
612,0.31,0.0
613,0.31,0.0
614,0.31,0.0126953125
615,0.31,0.0
616,0.31,0.0
617,0.31,0.02734375
618,0.31,0.0
619,0.31,0.0263671875
620,0.31,0.02734375
621,0.31,0.0283203125
622,0.31,0.013671875
623,0.31,0.0
624,0.31,0.0
625,0.31,0.0
626,0.31,0.0107421875
627,0.31,0.0
628,0.31,0.0
629,0.31,0.0
630,0.31,0.0
631,0.31,0.0
632,0.31,0.0
633,0.31,0.0185546875
634,0.31,0.0
635,0.31,0.0
636,0.31,0.0
637,0.31,0.01171875
638,0.31,0.0
639,0.31,0.0
640,0.31,0.0
641,0.31,0.0009765625
642,0.31,0.0
643,0.31,0.0
644,0.31,0.0
645,0.31,0.0009765625
646,0.31,0.025390625
647,0.31,0.0
648,0.31,0.0
649,0.31,0.0
650,0.31,0.0
651,0.31,0.0
652,0.31,0.041015625
653,0.31,0.0
654,0.31,0.0
655,0.31,0.0
656,0.31,0.0
657,0.31,0.0
658,0.31,0.0
659,0.31,0.05859375
660,0.31,0.033203125
661,0.31,0.0
662,0.31,0.0
663,0.31,0.0
664,0.31,0.0
665,0.31,0.0
666,0.31,0.0546875
667,0.31,0.0
668,0.31,0.0
669,0.31,0.0
670,0.31,0.0
671,0.31,0.0322265625
672,0.31,0.0
673,0.31,0.0
674,0.31,0.0
675,0.31,0.033203125
676,0.31,0.017578125
677,0.31,0.087890625
678,0.31,0.0185546875
679,0.31,0.0
680,0.31,0.0
681,0.31,0.0
682,0.31,0.0
683,0.31,0.025390625
684,0.31,0.0224609375
685,0.31,0.0
686,0.31,0.0
687,0.31,0.0
688,0.31,0.001953125
689,0.31,0.0
690,0.31,0.0302734375
691,0.31,0.0
692,0.31,0.0
693,0.31,0.03515625
694,0.31,0.0
695,0.31,0.02734375
696,0.31,0.0205078125
697,0.31,0.013671875
698,0.31,0.0
699,0.31,0.0
700,0.31,0.0
701,0.31,0.0146484375
702,0.31,0.0
703,0.31,0.0
704,0.31,0.0
705,0.31,0.0
706,0.31,0.0
707,0.31,0.0234375
708,0.31,0.0
709,0.31,0.0
710,0.31,0.0
711,0.31,0.0126953125
712,0.31,0.0107421875
713,0.31,0.0
714,0.31,0.0
715,0.31,0.0
716,0.31,0.0
717,0.31,0.0068359375
718,0.31,0.0
719,0.31,0.009765625
720,0.31,0.0
721,0.31,0.0
722,0.31,0.0
723,0.31,0.0
724,0.31,0.0185546875
725,0.31,0.0
726,0.31,0.0
727,0.31,0.0224609375
728,0.31,0.0
729,0.31,0.0
730,0.31,0.01953125
731,0.31,0.0107421875
732,0.31,0.0
733,0.31,0.0
734,0.31,0.0
735,0.31,0.01171875
736,0.31,0.0029296875
737,0.31,0.0
738,0.31,0.0
739,0.31,0.01171875
740,0.31,0.0
741,0.31,0.0087890625
742,0.31,0.0
743,0.31,0.0
744,0.31,0.0283203125
745,0.31,0.0244140625
746,0.31,0.029296875
747,0.31,0.0
748,0.31,0.0
749,0.31,0.0
750,0.31,0.0234375
751,0.31,0.0
752,0.31,0.033203125
753,0.31,0.0205078125
754,0.31,0.025390625
755,0.31,0.0
756,0.31,0.0
757,0.31,0.0087890625
758,0.31,0.009765625
759,0.31,0.0029296875
760,0.31,0.0
761,0.31,0.021484375
762,0.31,0.0
763,0.31,0.01953125
764,0.31,0.0498046875
765,0.31,0.0
766,0.31,0.01953125
767,0.31,0.0029296875
768,0.31,0.0
769,0.31,0.0146484375
770,0.31,0.0
771,0.31,0.0322265625
772,0.31,0.0
773,0.31,0.0
774,0.31,0.0
775,0.31,0.0068359375
776,0.31,0.0263671875
777,0.31,0.0
778,0.31,0.0068359375
779,0.31,0.0
780,0.31,0.0
781,0.31,0.0
782,0.31,0.0
783,0.31,0.0244140625
784,0.31,0.0
785,0.31,0.0
786,0.31,0.01171875
787,0.31,0.013671875
788,0.31,0.0
789,0.31,0.0
790,0.31,0.0
791,0.31,0.0
792,0.31,0.0
793,0.31,0.01171875
794,0.31,0.0224609375
795,0.31,0.0087890625
796,0.31,0.0
797,0.31,0.0
798,0.31,0.0
799,0.31,0.0166015625
800,0.31,0.0
801,0.31,0.0
802,0.31,0.0
803,0.31,0.013671875
804,0.31,0.0
805,0.31,0.0
806,0.31,0.0
807,0.31,0.0
808,0.31,0.0
809,0.31,0.0
810,0.31,0.01171875
811,0.31,0.0
812,0.31,0.0
813,0.31,0.0
814,0.31,0.0
815,0.31,0.021484375
816,0.31,0.0
817,0.31,0.0
818,0.31,0.0
819,0.31,0.0
820,0.31,0.0
821,0.31,0.0107421875
822,0.31,0.0
823,0.31,0.0439453125
824,0.31,0.0
825,0.31,0.037109375
826,0.31,0.0234375
827,0.31,0.0
828,0.31,0.001953125
829,0.31,0.0400390625
830,0.31,0.1025390625
831,0.31,0.0
832,0.31,0.0
833,0.31,0.01171875
834,0.31,0.0224609375
835,0.31,0.0
836,0.31,0.0
837,0.31,0.0
838,0.31,0.0
839,0.31,0.0
840,0.31,0.0
841,0.31,0.0
842,0.31,0.02734375
843,0.31,0.0
844,0.31,0.0
845,0.31,0.0185546875
846,0.31,0.0
847,0.31,0.0
848,0.31,0.0283203125
849,0.31,0.0244140625
850,0.31,0.0
851,0.31,0.0986328125
852,0.31,0.0
853,0.31,0.0
854,0.31,0.0205078125
855,0.31,0.0
856,0.31,0.0361328125
857,0.31,0.0
858,0.31,0.0
859,0.31,0.0
860,0.31,0.0
861,0.31,0.0
862,0.31,0.0078125
863,0.31,0.033203125
864,0.31,0.0234375
865,0.31,0.01953125
866,0.31,0.0087890625
867,0.31,0.0
868,0.31,0.0
869,0.31,0.0
870,0.31,0.0
871,0.31,0.0
872,0.31,0.0
873,0.31,0.009765625
874,0.31,0.0
875,0.31,0.01171875
876,0.31,0.0166015625
877,0.31,0.0
878,0.31,0.0
879,0.31,0.0
880,0.31,0.0
881,0.31,0.0
882,0.31,0.0
883,0.31,0.0166015625
884,0.31,0.0
885,0.31,0.0
886,0.31,0.0
887,0.31,0.0244140625
888,0.31,0.0166015625
889,0.31,0.0126953125
890,0.31,0.0478515625
891,0.31,0.001953125
892,0.31,0.0
893,0.31,0.0458984375
894,0.31,0.0
895,0.31,0.0205078125
896,0.31,0.0
897,0.31,0.0517578125
898,0.31,0.0400390625
899,0.31,0.0009765625
900,0.31,0.0068359375
901,0.31,0.0
902,0.31,0.0
903,0.31,0.0
904,0.31,0.0126953125
905,0.31,0.0
906,0.31,0.0
907,0.31,0.0
908,0.31,0.0
909,0.31,0.01171875
910,0.31,0.0
911,0.31,0.0
912,0.31,0.0185546875
913,0.31,0.0068359375
914,0.31,0.0
915,0.31,0.0
916,0.31,0.0
917,0.31,0.109375
918,0.31,0.0
919,0.31,0.0
920,0.31,0.0
921,0.31,0.0126953125
922,0.31,0.0107421875
923,0.31,0.0
924,0.31,0.0
925,0.31,0.0
926,0.31,0.0107421875
927,0.31,0.0
928,0.31,0.013671875
929,0.31,0.0
930,0.31,0.0
931,0.31,0.0947265625
932,0.31,0.015625
933,0.31,0.0
934,0.31,0.0
935,0.31,0.009765625
936,0.31,0.0
937,0.31,0.0146484375
938,0.31,0.0
939,0.31,0.0
940,0.31,0.0107421875
941,0.31,0.0107421875
942,0.31,0.0
943,0.31,0.0048828125
944,0.31,0.0009765625
945,0.31,0.0224609375
946,0.31,0.0029296875
947,0.31,0.0
948,0.31,0.0
949,0.31,0.0
950,0.31,0.0
951,0.31,0.0
952,0.31,0.0
953,0.31,0.0
954,0.31,0.0
955,0.31,0.0234375
956,0.31,0.0166015625
957,0.31,0.0400390625
958,0.31,0.0
959,0.31,0.0
960,0.31,0.029296875
961,0.31,0.03125
962,0.31,0.01171875
963,0.31,0.0
964,0.31,0.0
965,0.31,0.0
966,0.31,0.0
967,0.31,0.0
968,0.31,0.0458984375
969,0.31,0.0146484375
970,0.31,0.0
971,0.31,0.0
972,0.31,0.0
973,0.31,0.0
974,0.31,0.0
975,0.31,0.0
976,0.31,0.0
977,0.31,0.0
978,0.31,0.0751953125
979,0.31,0.0556640625
980,0.31,0.0
981,0.31,0.0283203125
982,0.31,0.01171875
983,0.31,0.0
984,0.31,0.015625
985,0.31,0.0
986,0.31,0.00390625
987,0.31,0.0
988,0.31,0.015625
989,0.31,0.0
990,0.31,0.0
991,0.31,0.00390625
992,0.31,0.0068359375
993,0.31,0.0
994,0.31,0.0
995,0.31,0.0
996,0.31,0.0205078125
997,0.31,0.0
998,0.31,0.0
999,0.31,0.0
1000,0.31,0.0
1,0.3,0.0
2,0.3,0.0
3,0.3,0.0
4,0.3,0.0
5,0.3,0.0
6,0.3,0.0
7,0.3,0.0
8,0.3,0.0
9,0.3,0.0
10,0.3,0.0
1,0.3,0.0
11,0.3,0.0
2,0.3,0.0
12,0.3,0.0
3,0.3,0.0
13,0.3,0.0
4,0.3,0.0
14,0.3,0.0
5,0.3,0.0
15,0.3,0.0
6,0.3,0.0
16,0.3,0.0
7,0.3,0.0
17,0.3,0.0
8,0.3,0.0
18,0.3,0.0
9,0.3,0.0
19,0.3,0.0
10,0.3,0.0
20,0.3,0.0
11,0.3,0.0
21,0.3,0.0
12,0.3,0.0
22,0.3,0.0
13,0.3,0.0
23,0.3,0.0
14,0.3,0.0
24,0.3,0.0
15,0.3,0.0
25,0.3,0.0
16,0.3,0.0
26,0.3,0.0
17,0.3,0.0
27,0.3,0.0
18,0.3,0.0
28,0.3,0.0
19,0.3,0.0
29,0.3,0.0
20,0.3,0.0
30,0.3,0.0
21,0.3,0.0
31,0.3,0.0
22,0.3,0.0
32,0.3,0.0
23,0.3,0.0
33,0.3,0.0
24,0.3,0.0
34,0.3,0.0
25,0.3,0.0
35,0.3,0.0
26,0.3,0.0
36,0.3,0.0
27,0.3,0.0
37,0.3,0.0
28,0.3,0.0
38,0.3,0.0
29,0.3,0.0
39,0.3,0.0
30,0.3,0.0
40,0.3,0.0
31,0.3,0.0
41,0.3,0.0
32,0.3,0.0
42,0.3,0.0
33,0.3,0.0
43,0.3,0.0
34,0.3,0.0
44,0.3,0.0
35,0.3,0.0
45,0.3,0.0
36,0.3,0.0
46,0.3,0.0
37,0.3,0.0
47,0.3,0.0
38,0.3,0.0
48,0.3,0.0
39,0.3,0.0
49,0.3,0.0
40,0.3,0.0
50,0.3,0.0
41,0.3,0.0
51,0.3,0.0
42,0.3,0.0
52,0.3,0.0
43,0.3,0.0
53,0.3,0.0
44,0.3,0.0
54,0.3,0.0
45,0.3,0.0
55,0.3,0.0
46,0.3,0.0
56,0.3,0.0
47,0.3,0.0
57,0.3,0.0
48,0.3,0.0
58,0.3,0.0
49,0.3,0.0
59,0.3,0.0
50,0.3,0.0
60,0.3,0.0
51,0.3,0.0
61,0.3,0.0
52,0.3,0.0
62,0.3,0.0
53,0.3,0.0
63,0.3,0.0
54,0.3,0.0
64,0.3,0.0
55,0.3,0.0
65,0.3,0.0
56,0.3,0.0
66,0.3,0.0
57,0.3,0.0
67,0.3,0.0
58,0.3,0.0
68,0.3,0.0
59,0.3,0.0
69,0.3,0.0
60,0.3,0.0
70,0.3,0.0
61,0.3,0.0
71,0.3,0.0
62,0.3,0.0
72,0.3,0.0
63,0.3,0.0
73,0.3,0.0
64,0.3,0.0
74,0.3,0.0
65,0.3,0.0
75,0.3,0.0
66,0.3,0.0
76,0.3,0.0
67,0.3,0.0
77,0.3,0.0
68,0.3,0.0
78,0.3,0.0
69,0.3,0.0
79,0.3,0.0
70,0.3,0.0
80,0.3,0.0
71,0.3,0.0
81,0.3,0.0
72,0.3,0.0
82,0.3,0.0
73,0.3,0.0
83,0.3,0.0
74,0.3,0.0
84,0.3,0.0
75,0.3,0.0
76,0.3,0.0
85,0.3,0.0
77,0.3,0.0
86,0.3,0.0
78,0.3,0.0
87,0.3,0.0
79,0.3,0.0
88,0.3,0.0
80,0.3,0.0
89,0.3,0.0
81,0.3,0.0
90,0.3,0.0
82,0.3,0.0
91,0.3,0.0
83,0.3,0.0
92,0.3,0.0
84,0.3,0.0
93,0.3,0.0
85,0.3,0.0
94,0.3,0.0
86,0.3,0.0
95,0.3,0.0
87,0.3,0.0
96,0.3,0.0
88,0.3,0.0
97,0.3,0.0
89,0.3,0.0
98,0.3,0.0
90,0.3,0.0
99,0.3,0.0
91,0.3,0.0
100,0.3,0.0
92,0.3,0.0
101,0.3,0.0
93,0.3,0.0
102,0.3,0.0
94,0.3,0.0
103,0.3,0.0
95,0.3,0.0
104,0.3,0.0
96,0.3,0.0
105,0.3,0.0
97,0.3,0.0
106,0.3,0.0
98,0.3,0.0
107,0.3,0.0
99,0.3,0.0
108,0.3,0.0
100,0.3,0.0
109,0.3,0.0
101,0.3,0.0
110,0.3,0.0
102,0.3,0.0
111,0.3,0.0
103,0.3,0.0
112,0.3,0.0
104,0.3,0.0
113,0.3,0.0
105,0.3,0.0
114,0.3,0.0
106,0.3,0.0
115,0.3,0.0
107,0.3,0.0
116,0.3,0.0
108,0.3,0.0
117,0.3,0.0
109,0.3,0.0
118,0.3,0.0
110,0.3,0.0
119,0.3,0.0
111,0.3,0.0
120,0.3,0.0
112,0.3,0.0
121,0.3,0.0
113,0.3,0.0
122,0.3,0.0
114,0.3,0.0
123,0.3,0.0
115,0.3,0.0
124,0.3,0.0
116,0.3,0.0
125,0.3,0.0
117,0.3,0.0
126,0.3,0.0
118,0.3,0.0
127,0.3,0.0
119,0.3,0.0
128,0.3,0.0
120,0.3,0.0
129,0.3,0.0
121,0.3,0.0
130,0.3,0.0
122,0.3,0.0
131,0.3,0.0
123,0.3,0.0
132,0.3,0.0
124,0.3,0.0
133,0.3,0.0
125,0.3,0.0
134,0.3,0.0
126,0.3,0.0
135,0.3,0.0
127,0.3,0.0
136,0.3,0.0
128,0.3,0.0
137,0.3,0.0
129,0.3,0.0
138,0.3,0.0
130,0.3,0.0
139,0.3,0.0
140,0.3,0.0
131,0.3,0.0
141,0.3,0.0
132,0.3,0.0
142,0.3,0.0
133,0.3,0.0
143,0.3,0.0
134,0.3,0.0
144,0.3,0.0
135,0.3,0.0
145,0.3,0.0
136,0.3,0.0
146,0.3,0.0
137,0.3,0.0
147,0.3,0.0
138,0.3,0.0
148,0.3,0.0
139,0.3,0.0
149,0.3,0.0
140,0.3,0.0
150,0.3,0.0
141,0.3,0.0
151,0.3,0.0
142,0.3,0.0
152,0.3,0.0
143,0.3,0.0
153,0.3,0.0
144,0.3,0.0
145,0.3,0.0
154,0.3,0.0
146,0.3,0.0
155,0.3,0.0
147,0.3,0.0
156,0.3,0.0
148,0.3,0.0
157,0.3,0.0
149,0.3,0.0
158,0.3,0.0
150,0.3,0.0
159,0.3,0.0
151,0.3,0.0
160,0.3,0.0
152,0.3,0.0
161,0.3,0.0
153,0.3,0.0
162,0.3,0.0
154,0.3,0.0
163,0.3,0.0
164,0.3,0.0
155,0.3,0.0
156,0.3,0.0
165,0.3,0.0
157,0.3,0.0
166,0.3,0.0
158,0.3,0.0
167,0.3,0.0
159,0.3,0.0
168,0.3,0.0
160,0.3,0.0
169,0.3,0.0
161,0.3,0.0
170,0.3,0.0
162,0.3,0.0
171,0.3,0.0
163,0.3,0.0
172,0.3,0.0
164,0.3,0.0
173,0.3,0.0
165,0.3,0.0
174,0.3,0.0
166,0.3,0.0
175,0.3,0.0
167,0.3,0.0
176,0.3,0.0
168,0.3,0.0
177,0.3,0.0
169,0.3,0.0
178,0.3,0.0
170,0.3,0.0
179,0.3,0.0
171,0.3,0.0
180,0.3,0.0
172,0.3,0.0
181,0.3,0.0
173,0.3,0.0
182,0.3,0.0
174,0.3,0.0
183,0.3,0.0
175,0.3,0.0
184,0.3,0.0
176,0.3,0.0
185,0.3,0.0
177,0.3,0.0
186,0.3,0.0
178,0.3,0.0
187,0.3,0.0
179,0.3,0.0
188,0.3,0.0
180,0.3,0.0
189,0.3,0.0
181,0.3,0.0
190,0.3,0.0
182,0.3,0.0
191,0.3,0.0
183,0.3,0.0
192,0.3,0.0
184,0.3,0.0
193,0.3,0.0
185,0.3,0.0
194,0.3,0.0
186,0.3,0.0
195,0.3,0.0
187,0.3,0.0
196,0.3,0.0
188,0.3,0.0
197,0.3,0.0
189,0.3,0.0
198,0.3,0.0
190,0.3,0.0
199,0.3,0.0
191,0.3,0.0
200,0.3,0.0
192,0.3,0.0
201,0.3,0.0
193,0.3,0.0
202,0.3,0.0
194,0.3,0.0
203,0.3,0.0
195,0.3,0.0
204,0.3,0.0
196,0.3,0.0
205,0.3,0.0
197,0.3,0.0
206,0.3,0.0
198,0.3,0.0
207,0.3,0.0
199,0.3,0.0
208,0.3,0.0
200,0.3,0.0
209,0.3,0.0
201,0.3,0.0
210,0.3,0.0
202,0.3,0.0
211,0.3,0.0
203,0.3,0.0
212,0.3,0.0
204,0.3,0.0
213,0.3,0.0
205,0.3,0.0
214,0.3,0.0
206,0.3,0.0
215,0.3,0.0
207,0.3,0.0
216,0.3,0.0
208,0.3,0.0
217,0.3,0.0
209,0.3,0.0
218,0.3,0.0
210,0.3,0.0
219,0.3,0.0
211,0.3,0.0
220,0.3,0.0
212,0.3,0.0
221,0.3,0.0
213,0.3,0.0
222,0.3,0.0
214,0.3,0.0
223,0.3,0.0
215,0.3,0.0
224,0.3,0.0
216,0.3,0.0
225,0.3,0.0
217,0.3,0.0
226,0.3,0.0
218,0.3,0.0
227,0.3,0.0
219,0.3,0.0
228,0.3,0.0
220,0.3,0.0
229,0.3,0.0
221,0.3,0.0
230,0.3,0.0
222,0.3,0.0
231,0.3,0.0
223,0.3,0.0
232,0.3,0.0
224,0.3,0.0
233,0.3,0.0
225,0.3,0.0
234,0.3,0.0
226,0.3,0.0
235,0.3,0.0
227,0.3,0.0
236,0.3,0.0
228,0.3,0.0
237,0.3,0.0
229,0.3,0.0
238,0.3,0.0
230,0.3,0.0
239,0.3,0.0
231,0.3,0.0
240,0.3,0.0
232,0.3,0.0
241,0.3,0.0
233,0.3,0.0
242,0.3,0.0
234,0.3,0.0
243,0.3,0.0
235,0.3,0.0
244,0.3,0.0
236,0.3,0.0
245,0.3,0.0
237,0.3,0.0
246,0.3,0.0
238,0.3,0.0
247,0.3,0.0
239,0.3,0.0
248,0.3,0.0
240,0.3,0.0
249,0.3,0.0
241,0.3,0.0
250,0.3,0.0
242,0.3,0.0
251,0.3,0.0
243,0.3,0.0
252,0.3,0.0
244,0.3,0.0
253,0.3,0.0
245,0.3,0.0
254,0.3,0.0
246,0.3,0.0
255,0.3,0.0
247,0.3,0.0
256,0.3,0.0
248,0.3,0.0
257,0.3,0.0
249,0.3,0.0
258,0.3,0.0
250,0.3,0.0
259,0.3,0.0
251,0.3,0.0
260,0.3,0.0
252,0.3,0.0
261,0.3,0.0
253,0.3,0.0
262,0.3,0.0
254,0.3,0.0
263,0.3,0.0
255,0.3,0.0
264,0.3,0.0
256,0.3,0.0
265,0.3,0.0
257,0.3,0.0
266,0.3,0.0
258,0.3,0.0
267,0.3,0.0
259,0.3,0.0
268,0.3,0.0
260,0.3,0.0
269,0.3,0.0
261,0.3,0.0
270,0.3,0.0
262,0.3,0.0
271,0.3,0.0
263,0.3,0.0
272,0.3,0.0
264,0.3,0.0
273,0.3,0.0
265,0.3,0.0
274,0.3,0.0
266,0.3,0.0
275,0.3,0.0
267,0.3,0.0
276,0.3,0.0
268,0.3,0.0
277,0.3,0.0
269,0.3,0.0
278,0.3,0.0
270,0.3,0.0
279,0.3,0.0
271,0.3,0.0
280,0.3,0.0
272,0.3,0.0
281,0.3,0.0
273,0.3,0.0
282,0.3,0.0
274,0.3,0.0
283,0.3,0.0
275,0.3,0.0
284,0.3,0.0
276,0.3,0.0
285,0.3,0.0
277,0.3,0.0
286,0.3,0.0
278,0.3,0.0
287,0.3,0.0
279,0.3,0.0
288,0.3,0.0
280,0.3,0.0
289,0.3,0.0
281,0.3,0.0
290,0.3,0.0
282,0.3,0.0
291,0.3,0.0
283,0.3,0.0
292,0.3,0.0
284,0.3,0.0
293,0.3,0.0
285,0.3,0.0
294,0.3,0.0
286,0.3,0.0
295,0.3,0.0
287,0.3,0.0
296,0.3,0.0
288,0.3,0.0
297,0.3,0.0
289,0.3,0.0
298,0.3,0.0
290,0.3,0.0
299,0.3,0.0
291,0.3,0.0
300,0.3,0.0
292,0.3,0.0
301,0.3,0.0
293,0.3,0.0
302,0.3,0.0
294,0.3,0.0
303,0.3,0.0
295,0.3,0.0
304,0.3,0.0
296,0.3,0.0
305,0.3,0.0
297,0.3,0.0
306,0.3,0.0
298,0.3,0.0
307,0.3,0.0
299,0.3,0.0
308,0.3,0.0
300,0.3,0.0
309,0.3,0.0
301,0.3,0.0
310,0.3,0.0
302,0.3,0.0
311,0.3,0.0
303,0.3,0.0
312,0.3,0.0
304,0.3,0.0
313,0.3,0.0
305,0.3,0.0
314,0.3,0.0
306,0.3,0.0
315,0.3,0.0
307,0.3,0.0
316,0.3,0.0
308,0.3,0.0
317,0.3,0.0
309,0.3,0.0
318,0.3,0.0
310,0.3,0.0
319,0.3,0.0
311,0.3,0.0
320,0.3,0.0
312,0.3,0.0
321,0.3,0.0
313,0.3,0.0
322,0.3,0.0
314,0.3,0.0
323,0.3,0.0
315,0.3,0.0
324,0.3,0.0
316,0.3,0.0
325,0.3,0.0
317,0.3,0.0
326,0.3,0.0
318,0.3,0.0
327,0.3,0.0
319,0.3,0.0
328,0.3,0.0
320,0.3,0.0
329,0.3,0.0
321,0.3,0.0
330,0.3,0.0
322,0.3,0.0
331,0.3,0.0
323,0.3,0.0
332,0.3,0.0
324,0.3,0.0
333,0.3,0.0
325,0.3,0.0
334,0.3,0.0
326,0.3,0.0
335,0.3,0.0
327,0.3,0.0
336,0.3,0.0
328,0.3,0.0
337,0.3,0.0
329,0.3,0.0
338,0.3,0.0
330,0.3,0.0
339,0.3,0.0
331,0.3,0.0
340,0.3,0.0
332,0.3,0.0
341,0.3,0.0
333,0.3,0.0
342,0.3,0.0
334,0.3,0.0
343,0.3,0.0
335,0.3,0.0
344,0.3,0.0
336,0.3,0.0
345,0.3,0.0
337,0.3,0.0
346,0.3,0.0
338,0.3,0.0
347,0.3,0.0
339,0.3,0.0
348,0.3,0.0
340,0.3,0.0
349,0.3,0.0
341,0.3,0.0
350,0.3,0.0
342,0.3,0.0
351,0.3,0.0
343,0.3,0.0
352,0.3,0.0
344,0.3,0.0
353,0.3,0.0
345,0.3,0.0
354,0.3,0.0
346,0.3,0.0
355,0.3,0.0
347,0.3,0.0
356,0.3,0.0
348,0.3,0.0
357,0.3,0.0
349,0.3,0.0
358,0.3,0.0
350,0.3,0.0
359,0.3,0.0
351,0.3,0.0
360,0.3,0.0
352,0.3,0.0
361,0.3,0.0
353,0.3,0.0
362,0.3,0.0
354,0.3,0.0
363,0.3,0.0
355,0.3,0.0
364,0.3,0.0
356,0.3,0.0
365,0.3,0.0
357,0.3,0.0
366,0.3,0.0
358,0.3,0.0
367,0.3,0.0
359,0.3,0.0
368,0.3,0.0
360,0.3,0.0
369,0.3,0.0
361,0.3,0.0
370,0.3,0.0
362,0.3,0.0
371,0.3,0.0
363,0.3,0.0
372,0.3,0.0
364,0.3,0.0
373,0.3,0.0
365,0.3,0.0
374,0.3,0.0
366,0.3,0.0
375,0.3,0.0
367,0.3,0.0
376,0.3,0.0
368,0.3,0.0
377,0.3,0.0
369,0.3,0.0
378,0.3,0.0
370,0.3,0.0
379,0.3,0.0
371,0.3,0.0
380,0.3,0.0
372,0.3,0.0
381,0.3,0.0
373,0.3,0.0
382,0.3,0.0
374,0.3,0.0
383,0.3,0.0
375,0.3,0.0
384,0.3,0.0
376,0.3,0.0
385,0.3,0.0
377,0.3,0.0
386,0.3,0.0
378,0.3,0.0
387,0.3,0.0
379,0.3,0.0
388,0.3,0.0
380,0.3,0.0
389,0.3,0.0
381,0.3,0.0
390,0.3,0.0
382,0.3,0.0
391,0.3,0.0
383,0.3,0.0
392,0.3,0.0
384,0.3,0.0
393,0.3,0.0
385,0.3,0.0
394,0.3,0.0
386,0.3,0.0
395,0.3,0.0
387,0.3,0.0
396,0.3,0.0
388,0.3,0.0
397,0.3,0.0
389,0.3,0.0
398,0.3,0.0
390,0.3,0.0
399,0.3,0.0
391,0.3,0.0
400,0.3,0.0
392,0.3,0.0
401,0.3,0.0
393,0.3,0.0
402,0.3,0.0
394,0.3,0.0
403,0.3,0.0
395,0.3,0.0
404,0.3,0.0
396,0.3,0.0
405,0.3,0.0
397,0.3,0.0
406,0.3,0.0
398,0.3,0.0
407,0.3,0.0
399,0.3,0.0
408,0.3,0.0
400,0.3,0.0
409,0.3,0.0
401,0.3,0.0
410,0.3,0.0
402,0.3,0.0
411,0.3,0.0
403,0.3,0.0
412,0.3,0.0
404,0.3,0.0
413,0.3,0.0
405,0.3,0.0
414,0.3,0.0
406,0.3,0.0
415,0.3,0.0
407,0.3,0.0
416,0.3,0.0
408,0.3,0.0
417,0.3,0.0
409,0.3,0.0
418,0.3,0.0
410,0.3,0.0
419,0.3,0.0
411,0.3,0.0
420,0.3,0.0
412,0.3,0.0
421,0.3,0.0
413,0.3,0.0
422,0.3,0.0
414,0.3,0.0
423,0.3,0.0
415,0.3,0.0
424,0.3,0.0
416,0.3,0.0
425,0.3,0.0
417,0.3,0.0
426,0.3,0.0
418,0.3,0.0
427,0.3,0.0
419,0.3,0.0
428,0.3,0.0
420,0.3,0.0
429,0.3,0.0
421,0.3,0.0
430,0.3,0.0
422,0.3,0.0
431,0.3,0.0
423,0.3,0.0
432,0.3,0.0
424,0.3,0.0
433,0.3,0.0
425,0.3,0.0
434,0.3,0.0
426,0.3,0.0
435,0.3,0.0
427,0.3,0.0
436,0.3,0.0
428,0.3,0.0
437,0.3,0.0
429,0.3,0.0
438,0.3,0.0
430,0.3,0.0
439,0.3,0.0
431,0.3,0.0
440,0.3,0.0
432,0.3,0.0
441,0.3,0.0
433,0.3,0.0
442,0.3,0.0
434,0.3,0.0
443,0.3,0.0
435,0.3,0.0
444,0.3,0.0
436,0.3,0.0
445,0.3,0.0
437,0.3,0.0
446,0.3,0.0
438,0.3,0.0
447,0.3,0.0
439,0.3,0.0
448,0.3,0.0
440,0.3,0.0
449,0.3,0.0
441,0.3,0.0
450,0.3,0.0
442,0.3,0.0
451,0.3,0.0
443,0.3,0.0
452,0.3,0.0
444,0.3,0.0
453,0.3,0.0
445,0.3,0.0
454,0.3,0.0
446,0.3,0.0
455,0.3,0.0
447,0.3,0.0
456,0.3,0.0
448,0.3,0.0
457,0.3,0.0
449,0.3,0.0
458,0.3,0.0
450,0.3,0.0
459,0.3,0.0
451,0.3,0.0
460,0.3,0.0
452,0.3,0.0
461,0.3,0.0
453,0.3,0.0
462,0.3,0.0
454,0.3,0.0
463,0.3,0.0
455,0.3,0.0
464,0.3,0.0
456,0.3,0.0
465,0.3,0.0
457,0.3,0.0
466,0.3,0.0
458,0.3,0.0
467,0.3,0.0
459,0.3,0.0
468,0.3,0.0
460,0.3,0.0
461,0.3,0.0
469,0.3,0.0
462,0.3,0.0
470,0.3,0.0
463,0.3,0.0
471,0.3,0.0
464,0.3,0.0
472,0.3,0.0
465,0.3,0.0
473,0.3,0.0
466,0.3,0.0
474,0.3,0.0
475,0.3,0.0
467,0.3,0.0
476,0.3,0.0
468,0.3,0.0
469,0.3,0.0
477,0.3,0.0
470,0.3,0.0
478,0.3,0.0
479,0.3,0.0
471,0.3,0.0
472,0.3,0.0
480,0.3,0.0
473,0.3,0.0
481,0.3,0.0
474,0.3,0.0
482,0.3,0.0
475,0.3,0.0
483,0.3,0.0
476,0.3,0.0
484,0.3,0.0
477,0.3,0.0
485,0.3,0.0
478,0.3,0.0
486,0.3,0.0
479,0.3,0.0
487,0.3,0.0
480,0.3,0.0
488,0.3,0.0
481,0.3,0.0
489,0.3,0.0
490,0.3,0.0
482,0.3,0.0
491,0.3,0.0
483,0.3,0.0
492,0.3,0.0
484,0.3,0.0
493,0.3,0.0
485,0.3,0.0
494,0.3,0.0
486,0.3,0.0
495,0.3,0.0
487,0.3,0.0
496,0.3,0.0
488,0.3,0.0
497,0.3,0.0
489,0.3,0.0
498,0.3,0.0
490,0.3,0.0
499,0.3,0.0
491,0.3,0.0
500,0.3,0.0
492,0.3,0.0
501,0.3,0.0
493,0.3,0.0
502,0.3,0.0
494,0.3,0.0
503,0.3,0.0
495,0.3,0.0
504,0.3,0.0
496,0.3,0.0
505,0.3,0.0
497,0.3,0.0
506,0.3,0.0
498,0.3,0.0
507,0.3,0.0
499,0.3,0.0
508,0.3,0.0
500,0.3,0.0
509,0.3,0.0
501,0.3,0.0
510,0.3,0.0
502,0.3,0.0
511,0.3,0.0
503,0.3,0.0
512,0.3,0.0
504,0.3,0.0
513,0.3,0.0
505,0.3,0.0
514,0.3,0.0
506,0.3,0.0
515,0.3,0.0
507,0.3,0.0
516,0.3,0.0
508,0.3,0.0
517,0.3,0.0
509,0.3,0.0
518,0.3,0.0
510,0.3,0.0
519,0.3,0.0
511,0.3,0.0
520,0.3,0.0
512,0.3,0.0
521,0.3,0.0
513,0.3,0.0
522,0.3,0.0
514,0.3,0.0
515,0.3,0.0
523,0.3,0.0
516,0.3,0.0
524,0.3,0.0
517,0.3,0.0
525,0.3,0.0
518,0.3,0.0
526,0.3,0.0
519,0.3,0.0
527,0.3,0.0
520,0.3,0.0
528,0.3,0.0
521,0.3,0.0
529,0.3,0.0
522,0.3,0.0
530,0.3,0.0
523,0.3,0.0
531,0.3,0.0
524,0.3,0.0
532,0.3,0.0
525,0.3,0.0
533,0.3,0.0
526,0.3,0.0
534,0.3,0.0
527,0.3,0.0
535,0.3,0.0
528,0.3,0.0
536,0.3,0.0
529,0.3,0.0
537,0.3,0.0
530,0.3,0.0
538,0.3,0.0
531,0.3,0.0
539,0.3,0.0
532,0.3,0.0
540,0.3,0.0
533,0.3,0.0
541,0.3,0.0
534,0.3,0.0
542,0.3,0.0
535,0.3,0.0
543,0.3,0.0
536,0.3,0.0
544,0.3,0.0
537,0.3,0.0
545,0.3,0.0
538,0.3,0.0
546,0.3,0.0
539,0.3,0.0
547,0.3,0.0
540,0.3,0.0
548,0.3,0.0
541,0.3,0.0
549,0.3,0.0
542,0.3,0.0
550,0.3,0.0
543,0.3,0.0
551,0.3,0.0
544,0.3,0.0
552,0.3,0.0
545,0.3,0.0
553,0.3,0.0
546,0.3,0.0
554,0.3,0.0
547,0.3,0.0
555,0.3,0.0
548,0.3,0.0
556,0.3,0.0
549,0.3,0.0
557,0.3,0.0
550,0.3,0.0
558,0.3,0.0
551,0.3,0.0
559,0.3,0.0
552,0.3,0.0
560,0.3,0.0
553,0.3,0.0
561,0.3,0.0
554,0.3,0.0
562,0.3,0.0
555,0.3,0.0
563,0.3,0.0
556,0.3,0.0
564,0.3,0.0
557,0.3,0.0
565,0.3,0.0
558,0.3,0.0
566,0.3,0.0
559,0.3,0.0
567,0.3,0.0
560,0.3,0.0
568,0.3,0.0
561,0.3,0.0
569,0.3,0.0
562,0.3,0.0
570,0.3,0.0
563,0.3,0.0
571,0.3,0.0
564,0.3,0.0
572,0.3,0.0
565,0.3,0.0
573,0.3,0.0
566,0.3,0.0
574,0.3,0.0
567,0.3,0.0
575,0.3,0.0
568,0.3,0.0
576,0.3,0.0
569,0.3,0.0
577,0.3,0.0
570,0.3,0.0
578,0.3,0.0
571,0.3,0.0
579,0.3,0.0
572,0.3,0.0
580,0.3,0.0
573,0.3,0.0
581,0.3,0.0
574,0.3,0.0
582,0.3,0.0
575,0.3,0.0
583,0.3,0.0
576,0.3,0.0
584,0.3,0.0
577,0.3,0.0
585,0.3,0.0
578,0.3,0.0
586,0.3,0.0
579,0.3,0.0
587,0.3,0.0
580,0.3,0.0
588,0.3,0.0
581,0.3,0.0
589,0.3,0.0
582,0.3,0.0
590,0.3,0.0
583,0.3,0.0
591,0.3,0.0
584,0.3,0.0
592,0.3,0.0
585,0.3,0.0
593,0.3,0.0
586,0.3,0.0
594,0.3,0.0
587,0.3,0.0
595,0.3,0.0
588,0.3,0.0
596,0.3,0.0
589,0.3,0.0
597,0.3,0.0
590,0.3,0.0
598,0.3,0.0
591,0.3,0.0
599,0.3,0.0
592,0.3,0.0
600,0.3,0.0
593,0.3,0.0
601,0.3,0.0
594,0.3,0.0
602,0.3,0.0
595,0.3,0.0
603,0.3,0.0
596,0.3,0.0
604,0.3,0.0
597,0.3,0.0
605,0.3,0.0
598,0.3,0.0
606,0.3,0.0
599,0.3,0.0
607,0.3,0.0
600,0.3,0.0
608,0.3,0.0
601,0.3,0.0
609,0.3,0.0
602,0.3,0.0
610,0.3,0.0
603,0.3,0.0
611,0.3,0.0
604,0.3,0.0
612,0.3,0.0
605,0.3,0.0
613,0.3,0.0
606,0.3,0.0
614,0.3,0.0
607,0.3,0.0
615,0.3,0.0
608,0.3,0.0
616,0.3,0.0
609,0.3,0.0
617,0.3,0.0
610,0.3,0.0
618,0.3,0.0
611,0.3,0.0
619,0.3,0.0
612,0.3,0.0
620,0.3,0.0
613,0.3,0.0
621,0.3,0.0
614,0.3,0.0
622,0.3,0.0
615,0.3,0.0
623,0.3,0.0
616,0.3,0.0
624,0.3,0.0
617,0.3,0.0
625,0.3,0.0
618,0.3,0.0
626,0.3,0.0
619,0.3,0.0
627,0.3,0.0
620,0.3,0.0
628,0.3,0.0
621,0.3,0.0
629,0.3,0.0
622,0.3,0.0
630,0.3,0.0
623,0.3,0.0
631,0.3,0.0
624,0.3,0.0
632,0.3,0.0
625,0.3,0.0
633,0.3,0.0
626,0.3,0.0
634,0.3,0.0
627,0.3,0.0
635,0.3,0.0
628,0.3,0.0
636,0.3,0.0
629,0.3,0.0
637,0.3,0.0
630,0.3,0.0
638,0.3,0.0
631,0.3,0.0
639,0.3,0.0
632,0.3,0.0
640,0.3,0.0
633,0.3,0.0
641,0.3,0.0
634,0.3,0.0
642,0.3,0.0
635,0.3,0.0
643,0.3,0.0
636,0.3,0.0
644,0.3,0.0
637,0.3,0.0
645,0.3,0.0
638,0.3,0.0
646,0.3,0.0
639,0.3,0.0
647,0.3,0.0
640,0.3,0.0
648,0.3,0.0
641,0.3,0.0
649,0.3,0.0
642,0.3,0.0
650,0.3,0.0
643,0.3,0.0
651,0.3,0.0
644,0.3,0.0
652,0.3,0.0
645,0.3,0.0
653,0.3,0.0
646,0.3,0.0
654,0.3,0.0
647,0.3,0.0
655,0.3,0.0
648,0.3,0.0
656,0.3,0.0
649,0.3,0.0
657,0.3,0.0
650,0.3,0.0
658,0.3,0.0
651,0.3,0.0
659,0.3,0.0
652,0.3,0.0
660,0.3,0.0
653,0.3,0.0
661,0.3,0.0
654,0.3,0.0
662,0.3,0.0
655,0.3,0.0
663,0.3,0.0
656,0.3,0.0
664,0.3,0.0
657,0.3,0.0
665,0.3,0.0
658,0.3,0.0
666,0.3,0.0
659,0.3,0.0
667,0.3,0.0
660,0.3,0.0
668,0.3,0.0
661,0.3,0.0
669,0.3,0.0
662,0.3,0.0
670,0.3,0.0
663,0.3,0.0
671,0.3,0.0
664,0.3,0.0
672,0.3,0.0
665,0.3,0.0
673,0.3,0.0
666,0.3,0.0
674,0.3,0.0
667,0.3,0.0
675,0.3,0.0
668,0.3,0.0
676,0.3,0.0
669,0.3,0.0
677,0.3,0.0
670,0.3,0.0
678,0.3,0.0
671,0.3,0.0
679,0.3,0.0
672,0.3,0.0
680,0.3,0.0
673,0.3,0.0
681,0.3,0.0
674,0.3,0.0
682,0.3,0.0
675,0.3,0.0
683,0.3,0.0
676,0.3,0.0
684,0.3,0.0
677,0.3,0.0
685,0.3,0.0
678,0.3,0.0
686,0.3,0.0
679,0.3,0.0
687,0.3,0.0
680,0.3,0.0
688,0.3,0.0
681,0.3,0.0
689,0.3,0.0
682,0.3,0.0
690,0.3,0.0
683,0.3,0.0
691,0.3,0.0
684,0.3,0.0
692,0.3,0.0
685,0.3,0.0
693,0.3,0.0
686,0.3,0.0
694,0.3,0.0
687,0.3,0.0
695,0.3,0.0
688,0.3,0.0
696,0.3,0.0
689,0.3,0.0
697,0.3,0.0
690,0.3,0.0
698,0.3,0.0
691,0.3,0.0
699,0.3,0.0
692,0.3,0.0
700,0.3,0.0
693,0.3,0.0
701,0.3,0.0
694,0.3,0.0
702,0.3,0.0
695,0.3,0.0
703,0.3,0.0
696,0.3,0.0
704,0.3,0.0
697,0.3,0.0
705,0.3,0.0
698,0.3,0.0
706,0.3,0.0
699,0.3,0.0
707,0.3,0.0
700,0.3,0.0
708,0.3,0.0
701,0.3,0.0
709,0.3,0.0
702,0.3,0.0
710,0.3,0.0
703,0.3,0.0
711,0.3,0.0
704,0.3,0.0
712,0.3,0.0
705,0.3,0.0
713,0.3,0.0
706,0.3,0.0
714,0.3,0.0
707,0.3,0.0
715,0.3,0.0
708,0.3,0.0
716,0.3,0.0
709,0.3,0.0
717,0.3,0.0
710,0.3,0.0
718,0.3,0.0
711,0.3,0.0
719,0.3,0.0
712,0.3,0.0
720,0.3,0.0
713,0.3,0.0
721,0.3,0.0
714,0.3,0.0
722,0.3,0.0
715,0.3,0.0
723,0.3,0.0
716,0.3,0.0
724,0.3,0.0
717,0.3,0.0
725,0.3,0.0
718,0.3,0.0
726,0.3,0.0
719,0.3,0.0
727,0.3,0.0
720,0.3,0.0
728,0.3,0.0
721,0.3,0.0
729,0.3,0.0
722,0.3,0.0
730,0.3,0.0
723,0.3,0.0
731,0.3,0.0
724,0.3,0.0
732,0.3,0.0
725,0.3,0.0
733,0.3,0.0
726,0.3,0.0
734,0.3,0.0
727,0.3,0.0
735,0.3,0.0
728,0.3,0.0
736,0.3,0.0
729,0.3,0.0
737,0.3,0.0
730,0.3,0.0
738,0.3,0.0
731,0.3,0.0
739,0.3,0.0
732,0.3,0.0
740,0.3,0.0
733,0.3,0.0
741,0.3,0.0
734,0.3,0.0
742,0.3,0.0
735,0.3,0.0
743,0.3,0.0
736,0.3,0.0
744,0.3,0.0
737,0.3,0.0
745,0.3,0.0
738,0.3,0.0
746,0.3,0.0
739,0.3,0.0
747,0.3,0.0
740,0.3,0.0
748,0.3,0.0
741,0.3,0.0
749,0.3,0.0
742,0.3,0.0
750,0.3,0.0
743,0.3,0.0
751,0.3,0.0
744,0.3,0.0
752,0.3,0.0
745,0.3,0.0
753,0.3,0.0
746,0.3,0.0
754,0.3,0.0
747,0.3,0.0
755,0.3,0.0
748,0.3,0.0
756,0.3,0.0
749,0.3,0.0
757,0.3,0.0
750,0.3,0.0
758,0.3,0.0
751,0.3,0.0
759,0.3,0.0
752,0.3,0.0
760,0.3,0.0
753,0.3,0.0
761,0.3,0.0
754,0.3,0.0
762,0.3,0.0
755,0.3,0.0
763,0.3,0.0
756,0.3,0.0
764,0.3,0.0
757,0.3,0.0
765,0.3,0.0
758,0.3,0.0
766,0.3,0.0
759,0.3,0.0
767,0.3,0.0
760,0.3,0.0
768,0.3,0.0
761,0.3,0.0
769,0.3,0.0
762,0.3,0.0
770,0.3,0.0
763,0.3,0.0
771,0.3,0.0
764,0.3,0.0
772,0.3,0.0
765,0.3,0.0
773,0.3,0.0
766,0.3,0.0
774,0.3,0.0
767,0.3,0.0
775,0.3,0.0
768,0.3,0.0
776,0.3,0.0
769,0.3,0.0
777,0.3,0.0
770,0.3,0.0
778,0.3,0.0
771,0.3,0.0
779,0.3,0.0
772,0.3,0.0
780,0.3,0.0
773,0.3,0.0
781,0.3,0.0
774,0.3,0.0
782,0.3,0.0
775,0.3,0.0
783,0.3,0.0
776,0.3,0.0
784,0.3,0.0
777,0.3,0.0
785,0.3,0.0
778,0.3,0.0
786,0.3,0.0
779,0.3,0.0
787,0.3,0.0
780,0.3,0.0
788,0.3,0.0
781,0.3,0.0
789,0.3,0.0
782,0.3,0.0
790,0.3,0.0
783,0.3,0.0
791,0.3,0.0
784,0.3,0.0
792,0.3,0.0
785,0.3,0.0
793,0.3,0.0
786,0.3,0.0
794,0.3,0.0
787,0.3,0.0
795,0.3,0.0
788,0.3,0.0
796,0.3,0.0
789,0.3,0.0
797,0.3,0.0
790,0.3,0.0
798,0.3,0.0
791,0.3,0.0
799,0.3,0.0
792,0.3,0.0
800,0.3,0.0
793,0.3,0.0
801,0.3,0.0
794,0.3,0.0
802,0.3,0.0
795,0.3,0.0
803,0.3,0.0
796,0.3,0.0
804,0.3,0.0
797,0.3,0.0
805,0.3,0.0
798,0.3,0.0
806,0.3,0.0
799,0.3,0.0
807,0.3,0.0
800,0.3,0.0
808,0.3,0.0
801,0.3,0.0
809,0.3,0.0
802,0.3,0.0
810,0.3,0.0
803,0.3,0.0
811,0.3,0.0
804,0.3,0.0
812,0.3,0.0
805,0.3,0.0
813,0.3,0.0
806,0.3,0.0
814,0.3,0.0
807,0.3,0.0
815,0.3,0.0
808,0.3,0.0
816,0.3,0.0
809,0.3,0.0
817,0.3,0.0
810,0.3,0.0
818,0.3,0.0
811,0.3,0.0
819,0.3,0.0
812,0.3,0.0
820,0.3,0.0
813,0.3,0.0
821,0.3,0.0
814,0.3,0.0
822,0.3,0.0
815,0.3,0.0
823,0.3,0.0
816,0.3,0.0
824,0.3,0.0
817,0.3,0.0
825,0.3,0.0
818,0.3,0.0
826,0.3,0.0
819,0.3,0.0
827,0.3,0.0
820,0.3,0.0
828,0.3,0.0
821,0.3,0.0
829,0.3,0.0
822,0.3,0.0
830,0.3,0.0
823,0.3,0.0
831,0.3,0.0
824,0.3,0.0
832,0.3,0.0
825,0.3,0.0
833,0.3,0.0
826,0.3,0.0
834,0.3,0.0
827,0.3,0.0
835,0.3,0.0
828,0.3,0.0
836,0.3,0.0
829,0.3,0.0
837,0.3,0.0
830,0.3,0.0
838,0.3,0.0
831,0.3,0.0
839,0.3,0.0
832,0.3,0.0
840,0.3,0.0
833,0.3,0.0
841,0.3,0.0
834,0.3,0.0
842,0.3,0.0
835,0.3,0.0
843,0.3,0.0
836,0.3,0.0
844,0.3,0.0
837,0.3,0.0
845,0.3,0.0
838,0.3,0.0
846,0.3,0.0
839,0.3,0.0
847,0.3,0.0
840,0.3,0.0
848,0.3,0.0
841,0.3,0.0
849,0.3,0.0
842,0.3,0.0
850,0.3,0.0
843,0.3,0.0
851,0.3,0.0
844,0.3,0.0
852,0.3,0.0
845,0.3,0.0
853,0.3,0.0
846,0.3,0.0
854,0.3,0.0
847,0.3,0.0
855,0.3,0.0
848,0.3,0.0
856,0.3,0.0
849,0.3,0.0
857,0.3,0.0
850,0.3,0.0
858,0.3,0.0
851,0.3,0.0
859,0.3,0.0
852,0.3,0.0
860,0.3,0.0
853,0.3,0.0
861,0.3,0.0
854,0.3,0.0
862,0.3,0.0
855,0.3,0.0
863,0.3,0.0
856,0.3,0.0
864,0.3,0.0
857,0.3,0.0
865,0.3,0.0
858,0.3,0.0
866,0.3,0.0
859,0.3,0.0
867,0.3,0.0
860,0.3,0.0
868,0.3,0.0
861,0.3,0.0
869,0.3,0.0
862,0.3,0.0
870,0.3,0.0
863,0.3,0.0
871,0.3,0.0
864,0.3,0.0
872,0.3,0.0
865,0.3,0.0
873,0.3,0.0
866,0.3,0.0
874,0.3,0.0
867,0.3,0.0
875,0.3,0.0
868,0.3,0.0
876,0.3,0.0
869,0.3,0.0
877,0.3,0.0
870,0.3,0.0
878,0.3,0.0
871,0.3,0.0
879,0.3,0.0
872,0.3,0.0
880,0.3,0.0
873,0.3,0.0
881,0.3,0.0
874,0.3,0.0
882,0.3,0.0
875,0.3,0.0
883,0.3,0.0
876,0.3,0.0
884,0.3,0.0
877,0.3,0.0
885,0.3,0.0
878,0.3,0.0
886,0.3,0.0
879,0.3,0.0
887,0.3,0.0
880,0.3,0.0
888,0.3,0.0
881,0.3,0.0
889,0.3,0.0
882,0.3,0.0
890,0.3,0.0
883,0.3,0.0
891,0.3,0.0
884,0.3,0.0
892,0.3,0.0
885,0.3,0.0
893,0.3,0.0
886,0.3,0.0
894,0.3,0.0
887,0.3,0.0
895,0.3,0.0
888,0.3,0.0
896,0.3,0.0
889,0.3,0.0
897,0.3,0.0
890,0.3,0.0
898,0.3,0.0
891,0.3,0.0
899,0.3,0.0
892,0.3,0.0
900,0.3,0.0
893,0.3,0.0
901,0.3,0.0
894,0.3,0.0
902,0.3,0.0
895,0.3,0.0
903,0.3,0.0
896,0.3,0.0
904,0.3,0.0
897,0.3,0.0
905,0.3,0.0
898,0.3,0.0
906,0.3,0.0
899,0.3,0.0
907,0.3,0.0
900,0.3,0.0
908,0.3,0.0
901,0.3,0.0
909,0.3,0.0
902,0.3,0.0
910,0.3,0.0
903,0.3,0.0
911,0.3,0.0
904,0.3,0.0
912,0.3,0.0
905,0.3,0.0
913,0.3,0.0
906,0.3,0.0
914,0.3,0.0
907,0.3,0.0
915,0.3,0.0
908,0.3,0.0
916,0.3,0.0
909,0.3,0.0
917,0.3,0.0
910,0.3,0.0
918,0.3,0.0
911,0.3,0.0
919,0.3,0.0
912,0.3,0.0
920,0.3,0.0
913,0.3,0.0
921,0.3,0.0
914,0.3,0.0
922,0.3,0.0
915,0.3,0.0
923,0.3,0.0
916,0.3,0.0
924,0.3,0.0
917,0.3,0.0
925,0.3,0.0
918,0.3,0.0
926,0.3,0.0
919,0.3,0.0
927,0.3,0.0
920,0.3,0.0
928,0.3,0.0
921,0.3,0.0
929,0.3,0.0
922,0.3,0.0
930,0.3,0.0
923,0.3,0.0
931,0.3,0.0
924,0.3,0.0
932,0.3,0.0
925,0.3,0.0
933,0.3,0.0
926,0.3,0.0
934,0.3,0.0
927,0.3,0.0
935,0.3,0.0
928,0.3,0.0
936,0.3,0.0
929,0.3,0.0
937,0.3,0.0
930,0.3,0.0
938,0.3,0.0
931,0.3,0.0
939,0.3,0.0
932,0.3,0.0
940,0.3,0.0
933,0.3,0.0
941,0.3,0.0
934,0.3,0.0
942,0.3,0.0
935,0.3,0.0
943,0.3,0.0
936,0.3,0.0
944,0.3,0.0
937,0.3,0.0
945,0.3,0.0
938,0.3,0.0
946,0.3,0.0
939,0.3,0.0
947,0.3,0.0
940,0.3,0.0
948,0.3,0.0
941,0.3,0.0
949,0.3,0.0
942,0.3,0.0
950,0.3,0.0
943,0.3,0.0
951,0.3,0.0
944,0.3,0.0
952,0.3,0.0
945,0.3,0.0
953,0.3,0.0
946,0.3,0.0
954,0.3,0.0
947,0.3,0.0
955,0.3,0.0
948,0.3,0.0
956,0.3,0.0
949,0.3,0.0
957,0.3,0.0
950,0.3,0.0
958,0.3,0.0
951,0.3,0.0
959,0.3,0.0
952,0.3,0.0
960,0.3,0.0
953,0.3,0.0
961,0.3,0.0
954,0.3,0.0
962,0.3,0.0
955,0.3,0.0
963,0.3,0.0
956,0.3,0.0
964,0.3,0.0
957,0.3,0.0
965,0.3,0.0
958,0.3,0.0
966,0.3,0.0
959,0.3,0.0
967,0.3,0.0
960,0.3,0.0
968,0.3,0.0
961,0.3,0.0
969,0.3,0.0
962,0.3,0.0
970,0.3,0.0
971,0.3,0.0
963,0.3,0.0
972,0.3,0.0
964,0.3,0.0
973,0.3,0.0
965,0.3,0.0
974,0.3,0.0
966,0.3,0.0
975,0.3,0.0
967,0.3,0.0
976,0.3,0.0
968,0.3,0.0
977,0.3,0.0
969,0.3,0.0
978,0.3,0.0
970,0.3,0.0
979,0.3,0.0
971,0.3,0.0
980,0.3,0.0
972,0.3,0.0
981,0.3,0.0
973,0.3,0.0
982,0.3,0.0
974,0.3,0.0
983,0.3,0.0
975,0.3,0.0
984,0.3,0.0
976,0.3,0.0
985,0.3,0.0
977,0.3,0.0
986,0.3,0.0
978,0.3,0.0
987,0.3,0.0
979,0.3,0.0
988,0.3,0.0
980,0.3,0.0
989,0.3,0.0
981,0.3,0.0
990,0.3,0.0
982,0.3,0.0
991,0.3,0.0
983,0.3,0.0
992,0.3,0.0
984,0.3,0.0
993,0.3,0.0
985,0.3,0.0
994,0.3,0.0
986,0.3,0.0
995,0.3,0.0
987,0.3,0.0
996,0.3,0.0
988,0.3,0.0
997,0.3,0.0
989,0.3,0.0
998,0.3,0.0
990,0.3,0.0
999,0.3,0.0
991,0.3,0.0
1000,0.3,0.0
992,0.3,0.0
993,0.3,0.0
994,0.3,0.0
995,0.3,0.0
996,0.3,0.0
997,0.3,0.0
998,0.3,0.0
999,0.3,0.0
1000,0.3,0.0
1,0.305,0.0
1,0.305,0.0
2,0.305,0.0
2,0.305,0.0
3,0.305,0.0
3,0.305,0.0
4,0.305,0.0
4,0.305,0.0
5,0.305,0.0
5,0.305,0.0
6,0.305,0.0
6,0.305,0.0
7,0.305,0.0
7,0.305,0.0
8,0.305,0.0
8,0.305,0.0
9,0.305,0.0
9,0.305,0.0
10,0.305,0.0
10,0.305,0.0
11,0.305,0.0
11,0.305,0.0
12,0.305,0.0
12,0.305,0.0
13,0.305,0.0
13,0.305,0.0
14,0.305,0.0
14,0.305,0.0
15,0.305,0.0
15,0.305,0.0
16,0.305,0.0
16,0.305,0.0
17,0.305,0.0
17,0.305,0.0
18,0.305,0.0
18,0.305,0.0
19,0.305,0.0
19,0.305,0.0
20,0.305,0.0
20,0.305,0.0
21,0.305,0.0
21,0.305,0.0
22,0.305,0.0
22,0.305,0.0
23,0.305,0.0
23,0.305,0.0
24,0.305,0.0
24,0.305,0.0
25,0.305,0.0
25,0.305,0.0
26,0.305,0.0
26,0.305,0.0
27,0.305,0.0
27,0.305,0.0
28,0.305,0.0
28,0.305,0.0
29,0.305,0.0
29,0.305,0.0
30,0.305,0.0
30,0.305,0.0
31,0.305,0.0
31,0.305,0.0
32,0.305,0.0
32,0.305,0.0
33,0.305,0.0
33,0.305,0.0
34,0.305,0.0
34,0.305,0.0
35,0.305,0.0
35,0.305,0.0
36,0.305,0.0
36,0.305,0.0
37,0.305,0.0
37,0.305,0.0
38,0.305,0.0
38,0.305,0.0
39,0.305,0.0
39,0.305,0.0
40,0.305,0.0
40,0.305,0.0
41,0.305,0.0
41,0.305,0.0
42,0.305,0.0
42,0.305,0.0
43,0.305,0.0
43,0.305,0.0
44,0.305,0.0
44,0.305,0.0
45,0.305,0.0
45,0.305,0.0
46,0.305,0.0
46,0.305,0.0
47,0.305,0.0
47,0.305,0.0
48,0.305,0.0
48,0.305,0.0
49,0.305,0.0
49,0.305,0.0
50,0.305,0.0
50,0.305,0.0
51,0.305,0.0
51,0.305,0.0
52,0.305,0.0
52,0.305,0.0
53,0.305,0.0
53,0.305,0.0
54,0.305,0.0
54,0.305,0.0
55,0.305,0.0
55,0.305,0.0
56,0.305,0.0
56,0.305,0.0
57,0.305,0.0
57,0.305,0.0
58,0.305,0.0
58,0.305,0.0
59,0.305,0.0
59,0.305,0.0
60,0.305,0.0
60,0.305,0.0
61,0.305,0.0
61,0.305,0.0
62,0.305,0.0
62,0.305,0.0
63,0.305,0.0
63,0.305,0.0
64,0.305,0.0
64,0.305,0.0
65,0.305,0.0
65,0.305,0.0
66,0.305,0.0
66,0.305,0.0
67,0.305,0.0
67,0.305,0.0
68,0.305,0.0
68,0.305,0.0
69,0.305,0.0
69,0.305,0.0
70,0.305,0.0
70,0.305,0.0
71,0.305,0.0
71,0.305,0.0
72,0.305,0.0
72,0.305,0.0
73,0.305,0.0
73,0.305,0.0
74,0.305,0.0
74,0.305,0.0
75,0.305,0.0
75,0.305,0.0
76,0.305,0.0
76,0.305,0.0
77,0.305,0.0
77,0.305,0.0
78,0.305,0.0
78,0.305,0.0
79,0.305,0.0
79,0.305,0.0
80,0.305,0.0
80,0.305,0.0
81,0.305,0.0
81,0.305,0.0
82,0.305,0.0
82,0.305,0.0
83,0.305,0.0
83,0.305,0.0
84,0.305,0.0
84,0.305,0.0
85,0.305,0.0
85,0.305,0.0
86,0.305,0.0
86,0.305,0.0
87,0.305,0.0
87,0.305,0.0
88,0.305,0.0
88,0.305,0.0
89,0.305,0.0
89,0.305,0.0
90,0.305,0.0
90,0.305,0.0
91,0.305,0.0
91,0.305,0.0
92,0.305,0.0
92,0.305,0.0
93,0.305,0.0
93,0.305,0.0
94,0.305,0.0
94,0.305,0.0
95,0.305,0.0
95,0.305,0.0
96,0.305,0.0
96,0.305,0.0
97,0.305,0.0
97,0.305,0.0
98,0.305,0.0
98,0.305,0.0
99,0.305,0.0
99,0.305,0.0
100,0.305,0.0
100,0.305,0.0
101,0.305,0.0
101,0.305,0.0
102,0.305,0.0
102,0.305,0.0
103,0.305,0.0
103,0.305,0.0
104,0.305,0.0
104,0.305,0.0
105,0.305,0.0
105,0.305,0.0
106,0.305,0.0
106,0.305,0.0
107,0.305,0.0
107,0.305,0.0
108,0.305,0.0
108,0.305,0.0
109,0.305,0.0
109,0.305,0.0
110,0.305,0.0
110,0.305,0.0
111,0.305,0.0
111,0.305,0.0
112,0.305,0.0
112,0.305,0.0
113,0.305,0.0
113,0.305,0.0
114,0.305,0.0
114,0.305,0.0
115,0.305,0.0
115,0.305,0.0
116,0.305,0.0
116,0.305,0.0
117,0.305,0.0
117,0.305,0.0
118,0.305,0.0
118,0.305,0.0
119,0.305,0.0
119,0.305,0.0
120,0.305,0.0
120,0.305,0.0
121,0.305,0.0
121,0.305,0.0
122,0.305,0.0
122,0.305,0.0078125
123,0.305,0.0
123,0.305,0.0
124,0.305,0.0
124,0.305,0.0
125,0.305,0.0
126,0.305,0.0
125,0.305,0.0
127,0.305,0.0
126,0.305,0.0
128,0.305,0.0
127,0.305,0.0
129,0.305,0.0
128,0.305,0.0
130,0.305,0.0
129,0.305,0.0
131,0.305,0.0
130,0.305,0.0
132,0.305,0.0
131,0.305,0.0
133,0.305,0.0
132,0.305,0.0
134,0.305,0.0
133,0.305,0.0
135,0.305,0.0
134,0.305,0.0
136,0.305,0.0
135,0.305,0.0
137,0.305,0.0
136,0.305,0.0
138,0.305,0.0
137,0.305,0.0
139,0.305,0.0
138,0.305,0.0
140,0.305,0.0
139,0.305,0.0
141,0.305,0.0
140,0.305,0.0
142,0.305,0.0
141,0.305,0.0
143,0.305,0.0
142,0.305,0.0
144,0.305,0.0
143,0.305,0.0
145,0.305,0.0
144,0.305,0.0
146,0.305,0.0
145,0.305,0.0
147,0.305,0.0
146,0.305,0.0
148,0.305,0.0
147,0.305,0.0
149,0.305,0.0
148,0.305,0.0
150,0.305,0.0
149,0.305,0.0
151,0.305,0.0
150,0.305,0.0
152,0.305,0.0
151,0.305,0.0
153,0.305,0.0
152,0.305,0.0
154,0.305,0.0
153,0.305,0.0
155,0.305,0.0
154,0.305,0.0
156,0.305,0.0
155,0.305,0.0
157,0.305,0.0
156,0.305,0.0
158,0.305,0.0
157,0.305,0.0
159,0.305,0.0
158,0.305,0.0
160,0.305,0.0
159,0.305,0.0
161,0.305,0.0
160,0.305,0.0
162,0.305,0.0
161,0.305,0.0
163,0.305,0.0
162,0.305,0.0
164,0.305,0.0
163,0.305,0.0
165,0.305,0.0
164,0.305,0.0
166,0.305,0.0
165,0.305,0.0
167,0.305,0.0
166,0.305,0.0
168,0.305,0.0
167,0.305,0.0
169,0.305,0.0
168,0.305,0.0
170,0.305,0.0
169,0.305,0.0
171,0.305,0.0
170,0.305,0.0
172,0.305,0.0
171,0.305,0.0
173,0.305,0.0
172,0.305,0.0
174,0.305,0.0
173,0.305,0.0
175,0.305,0.0
174,0.305,0.0
176,0.305,0.0
175,0.305,0.0
177,0.305,0.0
176,0.305,0.0
178,0.305,0.0
177,0.305,0.0
179,0.305,0.0
178,0.305,0.0
180,0.305,0.0
179,0.305,0.0
181,0.305,0.0
180,0.305,0.0
182,0.305,0.0
181,0.305,0.0
183,0.305,0.0
182,0.305,0.0
184,0.305,0.0
183,0.305,0.0
185,0.305,0.0
184,0.305,0.0
186,0.305,0.0
185,0.305,0.0
187,0.305,0.0
186,0.305,0.0
188,0.305,0.0
187,0.305,0.0
189,0.305,0.0
188,0.305,0.0
190,0.305,0.0
189,0.305,0.0
191,0.305,0.0
190,0.305,0.0
192,0.305,0.0
191,0.305,0.0
193,0.305,0.0
192,0.305,0.013671875
194,0.305,0.0
193,0.305,0.0
195,0.305,0.0
194,0.305,0.0
196,0.305,0.0
195,0.305,0.0
197,0.305,0.0
196,0.305,0.0
198,0.305,0.0
197,0.305,0.0
199,0.305,0.0
198,0.305,0.0
200,0.305,0.0
199,0.305,0.0
201,0.305,0.0
200,0.305,0.0
202,0.305,0.0
201,0.305,0.0
203,0.305,0.0
202,0.305,0.0
204,0.305,0.0
203,0.305,0.0
205,0.305,0.0
204,0.305,0.0
206,0.305,0.0
205,0.305,0.0
207,0.305,0.0
206,0.305,0.0
208,0.305,0.0
207,0.305,0.0
209,0.305,0.0
208,0.305,0.0
210,0.305,0.0
209,0.305,0.0
211,0.305,0.0
210,0.305,0.01953125
212,0.305,0.0
211,0.305,0.0
213,0.305,0.0
212,0.305,0.0
214,0.305,0.0
213,0.305,0.0
215,0.305,0.0
214,0.305,0.0
216,0.305,0.0
215,0.305,0.0
217,0.305,0.0
216,0.305,0.0
218,0.305,0.0
217,0.305,0.0
219,0.305,0.0
218,0.305,0.0
220,0.305,0.0
219,0.305,0.0
221,0.305,0.0
220,0.305,0.0
222,0.305,0.0
221,0.305,0.0
223,0.305,0.0
222,0.305,0.0
224,0.305,0.0
223,0.305,0.0
225,0.305,0.0
224,0.305,0.0
226,0.305,0.0
225,0.305,0.0
227,0.305,0.0
226,0.305,0.0
228,0.305,0.0
227,0.305,0.0
229,0.305,0.0
230,0.305,0.0
228,0.305,0.0
231,0.305,0.0
229,0.305,0.0
232,0.305,0.0
230,0.305,0.0
233,0.305,0.0
231,0.305,0.0
234,0.305,0.0
232,0.305,0.0
235,0.305,0.0
233,0.305,0.0
236,0.305,0.0
234,0.305,0.0
237,0.305,0.0
235,0.305,0.0
238,0.305,0.0
236,0.305,0.0
239,0.305,0.0
237,0.305,0.0
240,0.305,0.0
238,0.305,0.0
241,0.305,0.0
239,0.305,0.0
242,0.305,0.0
240,0.305,0.0
243,0.305,0.0
241,0.305,0.0
244,0.305,0.0
242,0.305,0.0
245,0.305,0.0
243,0.305,0.0
246,0.305,0.0
244,0.305,0.0
247,0.305,0.0
245,0.305,0.0
248,0.305,0.0
246,0.305,0.0
249,0.305,0.0
247,0.305,0.0
250,0.305,0.0
248,0.305,0.0
251,0.305,0.0
249,0.305,0.0
252,0.305,0.0
250,0.305,0.0
253,0.305,0.0
251,0.305,0.0
254,0.305,0.0
252,0.305,0.0
255,0.305,0.0
253,0.305,0.0
256,0.305,0.0
254,0.305,0.0
257,0.305,0.0
255,0.305,0.0
258,0.305,0.0
256,0.305,0.0
259,0.305,0.0
257,0.305,0.0
260,0.305,0.0
258,0.305,0.0
261,0.305,0.0
259,0.305,0.0
262,0.305,0.0
260,0.305,0.0
263,0.305,0.0
261,0.305,0.0
264,0.305,0.0
262,0.305,0.0
265,0.305,0.0
263,0.305,0.0
266,0.305,0.0
264,0.305,0.0
267,0.305,0.0
265,0.305,0.0
268,0.305,0.0
266,0.305,0.0
269,0.305,0.0
267,0.305,0.0
270,0.305,0.0
268,0.305,0.0
271,0.305,0.0
269,0.305,0.0
272,0.305,0.0
270,0.305,0.0
273,0.305,0.0
271,0.305,0.0
274,0.305,0.0
272,0.305,0.0
275,0.305,0.0
273,0.305,0.0
276,0.305,0.0
274,0.305,0.0
277,0.305,0.0
275,0.305,0.0
278,0.305,0.0
276,0.305,0.0
279,0.305,0.0
277,0.305,0.0
280,0.305,0.0
278,0.305,0.0
281,0.305,0.0
279,0.305,0.0
282,0.305,0.0
280,0.305,0.0
283,0.305,0.0
281,0.305,0.0
284,0.305,0.0
282,0.305,0.0
285,0.305,0.0
283,0.305,0.0
286,0.305,0.0
284,0.305,0.0
287,0.305,0.0
285,0.305,0.0
288,0.305,0.015625
286,0.305,0.0
289,0.305,0.0
287,0.305,0.0
290,0.305,0.0
288,0.305,0.0
291,0.305,0.0
289,0.305,0.0
292,0.305,0.0
290,0.305,0.0
293,0.305,0.0
291,0.305,0.0
294,0.305,0.0
292,0.305,0.0
295,0.305,0.0
293,0.305,0.0
296,0.305,0.0185546875
294,0.305,0.0
297,0.305,0.0
295,0.305,0.0
298,0.305,0.0
296,0.305,0.0
299,0.305,0.0
297,0.305,0.0
300,0.305,0.0
298,0.305,0.0126953125
301,0.305,0.0
299,0.305,0.0
302,0.305,0.0
300,0.305,0.0
303,0.305,0.0
301,0.305,0.0
304,0.305,0.0
302,0.305,0.0
305,0.305,0.0
303,0.305,0.0
306,0.305,0.0
304,0.305,0.0
307,0.305,0.0
305,0.305,0.0
308,0.305,0.0
306,0.305,0.0
309,0.305,0.0
307,0.305,0.0
310,0.305,0.0
308,0.305,0.0
311,0.305,0.0
309,0.305,0.0
312,0.305,0.0126953125
310,0.305,0.0
313,0.305,0.0
311,0.305,0.0
314,0.305,0.0
312,0.305,0.0
315,0.305,0.0
313,0.305,0.0
316,0.305,0.0
314,0.305,0.0
317,0.305,0.0
315,0.305,0.0
318,0.305,0.0
316,0.305,0.0
319,0.305,0.0
317,0.305,0.0
320,0.305,0.0
318,0.305,0.0
321,0.305,0.0
322,0.305,0.0
319,0.305,0.0
320,0.305,0.0
323,0.305,0.0
321,0.305,0.0
324,0.305,0.0
325,0.305,0.0
322,0.305,0.0
326,0.305,0.0
323,0.305,0.0
327,0.305,0.0
324,0.305,0.0
328,0.305,0.0
325,0.305,0.0
329,0.305,0.0
326,0.305,0.0
330,0.305,0.0
327,0.305,0.0
331,0.305,0.0
328,0.305,0.0
332,0.305,0.0
329,0.305,0.0
333,0.305,0.0
330,0.305,0.0
334,0.305,0.0
331,0.305,0.0
335,0.305,0.0
332,0.305,0.0
336,0.305,0.0
333,0.305,0.0
337,0.305,0.0
334,0.305,0.0
338,0.305,0.0
335,0.305,0.0
339,0.305,0.0
336,0.305,0.0
340,0.305,0.0
337,0.305,0.0
341,0.305,0.0
338,0.305,0.0
342,0.305,0.0
339,0.305,0.0
343,0.305,0.0
340,0.305,0.0
344,0.305,0.0
341,0.305,0.0
345,0.305,0.0
342,0.305,0.0
346,0.305,0.0
343,0.305,0.0
347,0.305,0.0
344,0.305,0.0
348,0.305,0.0
345,0.305,0.0
349,0.305,0.0
346,0.305,0.0
350,0.305,0.0
347,0.305,0.0
351,0.305,0.0
348,0.305,0.0
352,0.305,0.0
349,0.305,0.0
353,0.305,0.0
350,0.305,0.0
354,0.305,0.0
351,0.305,0.0
355,0.305,0.0
352,0.305,0.0
356,0.305,0.0
353,0.305,0.0
357,0.305,0.0
354,0.305,0.0
358,0.305,0.0
355,0.305,0.0
359,0.305,0.0
356,0.305,0.0
360,0.305,0.0
357,0.305,0.0
361,0.305,0.0
358,0.305,0.0
362,0.305,0.0
359,0.305,0.0
363,0.305,0.0
360,0.305,0.0
364,0.305,0.0
361,0.305,0.0
365,0.305,0.0
362,0.305,0.0
366,0.305,0.0
363,0.305,0.0
367,0.305,0.0
364,0.305,0.0
368,0.305,0.0
365,0.305,0.0
369,0.305,0.0185546875
366,0.305,0.0
370,0.305,0.0
367,0.305,0.0
371,0.305,0.0
368,0.305,0.0
372,0.305,0.0
369,0.305,0.0
373,0.305,0.0
370,0.305,0.0
374,0.305,0.0
371,0.305,0.0
375,0.305,0.0
372,0.305,0.0
376,0.305,0.0
373,0.305,0.0
377,0.305,0.0
374,0.305,0.0
378,0.305,0.0
375,0.305,0.0
379,0.305,0.0
376,0.305,0.017578125
380,0.305,0.0
377,0.305,0.0
381,0.305,0.0
378,0.305,0.0
382,0.305,0.0
379,0.305,0.0
383,0.305,0.0
380,0.305,0.0
384,0.305,0.0
381,0.305,0.0
385,0.305,0.0
382,0.305,0.0
386,0.305,0.0
387,0.305,0.0
383,0.305,0.0
384,0.305,0.0
388,0.305,0.0
385,0.305,0.0
389,0.305,0.0
390,0.305,0.0
386,0.305,0.0
391,0.305,0.0
387,0.305,0.0
392,0.305,0.0
388,0.305,0.0
393,0.305,0.0
389,0.305,0.0
390,0.305,0.0
394,0.305,0.0
395,0.305,0.0
391,0.305,0.0
396,0.305,0.0
392,0.305,0.0
397,0.305,0.0
393,0.305,0.0
398,0.305,0.0
394,0.305,0.0
399,0.305,0.0
395,0.305,0.0
400,0.305,0.0
396,0.305,0.0
401,0.305,0.0
397,0.305,0.0
402,0.305,0.0
398,0.305,0.0
403,0.305,0.0
399,0.305,0.0
404,0.305,0.0
400,0.305,0.0
405,0.305,0.0
401,0.305,0.0
406,0.305,0.0
402,0.305,0.0
407,0.305,0.0
403,0.305,0.0
408,0.305,0.0
404,0.305,0.0
409,0.305,0.0
405,0.305,0.01953125
410,0.305,0.0
406,0.305,0.0
411,0.305,0.0
407,0.305,0.0
412,0.305,0.0
408,0.305,0.0
413,0.305,0.0
409,0.305,0.0087890625
414,0.305,0.0
410,0.305,0.0
415,0.305,0.0
411,0.305,0.0
416,0.305,0.0
412,0.305,0.0
417,0.305,0.0
413,0.305,0.0
418,0.305,0.0
414,0.305,0.0
419,0.305,0.0
415,0.305,0.0
420,0.305,0.0
416,0.305,0.0
421,0.305,0.0
417,0.305,0.0
422,0.305,0.0
418,0.305,0.0
423,0.305,0.0
419,0.305,0.0
424,0.305,0.0
420,0.305,0.0
425,0.305,0.0
421,0.305,0.0
426,0.305,0.0
422,0.305,0.0
427,0.305,0.0
423,0.305,0.0
428,0.305,0.0
424,0.305,0.0
429,0.305,0.0
425,0.305,0.0
430,0.305,0.0
426,0.305,0.0
431,0.305,0.0
427,0.305,0.0
432,0.305,0.0
428,0.305,0.0
433,0.305,0.0
429,0.305,0.0
434,0.305,0.0
430,0.305,0.0
435,0.305,0.0
431,0.305,0.0
436,0.305,0.0
432,0.305,0.0
437,0.305,0.0
433,0.305,0.0
438,0.305,0.0
434,0.305,0.0
439,0.305,0.0
435,0.305,0.0
440,0.305,0.0
436,0.305,0.0
441,0.305,0.0
437,0.305,0.0
442,0.305,0.0
438,0.305,0.0
443,0.305,0.0
439,0.305,0.0
444,0.305,0.0
440,0.305,0.0
445,0.305,0.0
441,0.305,0.0
446,0.305,0.0
442,0.305,0.0
447,0.305,0.0
443,0.305,0.0
448,0.305,0.0
444,0.305,0.0
449,0.305,0.0
445,0.305,0.0
450,0.305,0.0
446,0.305,0.0
451,0.305,0.0
447,0.305,0.0
452,0.305,0.0
448,0.305,0.013671875
453,0.305,0.0
449,0.305,0.0
454,0.305,0.0
450,0.305,0.0
455,0.305,0.0
451,0.305,0.0
456,0.305,0.0
452,0.305,0.0
457,0.305,0.0
453,0.305,0.0
458,0.305,0.0
454,0.305,0.0
459,0.305,0.0
455,0.305,0.0
460,0.305,0.0
456,0.305,0.0
461,0.305,0.0
457,0.305,0.0
462,0.305,0.0
458,0.305,0.0
463,0.305,0.0
459,0.305,0.0
464,0.305,0.0
460,0.305,0.0
465,0.305,0.0
461,0.305,0.0
466,0.305,0.0
462,0.305,0.0
467,0.305,0.0
463,0.305,0.0
468,0.305,0.0
464,0.305,0.0
469,0.305,0.0
465,0.305,0.0
470,0.305,0.0
466,0.305,0.0
471,0.305,0.0
467,0.305,0.0
472,0.305,0.0
468,0.305,0.0
473,0.305,0.0
469,0.305,0.0
474,0.305,0.0
470,0.305,0.0
475,0.305,0.0
471,0.305,0.0
476,0.305,0.0
472,0.305,0.0
477,0.305,0.0
473,0.305,0.0
478,0.305,0.0
474,0.305,0.0
479,0.305,0.0
475,0.305,0.0
480,0.305,0.0
476,0.305,0.0
481,0.305,0.0
477,0.305,0.0
482,0.305,0.0
478,0.305,0.0
483,0.305,0.0
484,0.305,0.0
479,0.305,0.0
485,0.305,0.0
480,0.305,0.0
486,0.305,0.0
481,0.305,0.0
487,0.305,0.0
482,0.305,0.0
488,0.305,0.0
483,0.305,0.0
489,0.305,0.0
484,0.305,0.0
490,0.305,0.0
485,0.305,0.0
491,0.305,0.0
486,0.305,0.0
492,0.305,0.0
487,0.305,0.0
493,0.305,0.0
488,0.305,0.0
494,0.305,0.0
489,0.305,0.0
495,0.305,0.0
490,0.305,0.0
496,0.305,0.0
491,0.305,0.0
497,0.305,0.0
492,0.305,0.0
498,0.305,0.0
493,0.305,0.0
499,0.305,0.0
494,0.305,0.0
500,0.305,0.0
495,0.305,0.0
501,0.305,0.0
496,0.305,0.0
502,0.305,0.0
497,0.305,0.0
503,0.305,0.0
498,0.305,0.0
504,0.305,0.0
499,0.305,0.0
505,0.305,0.0
500,0.305,0.0
506,0.305,0.0
501,0.305,0.0
507,0.305,0.0
502,0.305,0.0
508,0.305,0.0
503,0.305,0.0
509,0.305,0.0
504,0.305,0.0
510,0.305,0.0
505,0.305,0.0
511,0.305,0.0
506,0.305,0.0
512,0.305,0.0
507,0.305,0.0
513,0.305,0.0
508,0.305,0.0
514,0.305,0.0
509,0.305,0.0
515,0.305,0.0
510,0.305,0.0
516,0.305,0.0
511,0.305,0.0
517,0.305,0.0
512,0.305,0.0
518,0.305,0.0
513,0.305,0.0
519,0.305,0.0
514,0.305,0.0
520,0.305,0.0
515,0.305,0.0
521,0.305,0.0078125
516,0.305,0.0
522,0.305,0.0
517,0.305,0.0
523,0.305,0.0
518,0.305,0.0
524,0.305,0.0
519,0.305,0.0
525,0.305,0.0
520,0.305,0.0234375
526,0.305,0.0
521,0.305,0.0
527,0.305,0.0
522,0.305,0.0
528,0.305,0.0
523,0.305,0.0
529,0.305,0.0
524,0.305,0.0
530,0.305,0.0
525,0.305,0.0
531,0.305,0.0
526,0.305,0.0
532,0.305,0.0
527,0.305,0.0
533,0.305,0.0
528,0.305,0.0
534,0.305,0.0
529,0.305,0.0
535,0.305,0.0
530,0.305,0.0
536,0.305,0.0
531,0.305,0.0
537,0.305,0.0
532,0.305,0.0
538,0.305,0.0
533,0.305,0.0
539,0.305,0.0
534,0.305,0.0
540,0.305,0.0
535,0.305,0.0
541,0.305,0.0
536,0.305,0.0
542,0.305,0.0
537,0.305,0.0
543,0.305,0.0
538,0.305,0.0
544,0.305,0.0
539,0.305,0.0
545,0.305,0.0
540,0.305,0.0
546,0.305,0.0
541,0.305,0.0
547,0.305,0.0
542,0.305,0.0
548,0.305,0.0
543,0.305,0.0
549,0.305,0.0
544,0.305,0.0
550,0.305,0.0
545,0.305,0.0
551,0.305,0.0
546,0.305,0.0
552,0.305,0.0
547,0.305,0.0
553,0.305,0.0
548,0.305,0.0
554,0.305,0.0
549,0.305,0.0
555,0.305,0.0
550,0.305,0.0
556,0.305,0.0
551,0.305,0.0
557,0.305,0.0
552,0.305,0.0
558,0.305,0.0
553,0.305,0.0
559,0.305,0.0
554,0.305,0.0
560,0.305,0.0
555,0.305,0.0
561,0.305,0.0
556,0.305,0.0
562,0.305,0.0
557,0.305,0.0
563,0.305,0.0
558,0.305,0.0
564,0.305,0.0
559,0.305,0.0
565,0.305,0.0078125
560,0.305,0.0
566,0.305,0.0
561,0.305,0.0
567,0.305,0.0
562,0.305,0.0
568,0.305,0.0
563,0.305,0.0
569,0.305,0.0
564,0.305,0.0
570,0.305,0.0
565,0.305,0.0
571,0.305,0.0
566,0.305,0.0
572,0.305,0.0
567,0.305,0.0
573,0.305,0.0
568,0.305,0.0
574,0.305,0.0
569,0.305,0.0
575,0.305,0.0
570,0.305,0.0
576,0.305,0.0
571,0.305,0.0
577,0.305,0.0
572,0.305,0.0
578,0.305,0.0
573,0.305,0.0
579,0.305,0.0
574,0.305,0.0
580,0.305,0.0
575,0.305,0.0
581,0.305,0.0
576,0.305,0.0
582,0.305,0.0
577,0.305,0.0
583,0.305,0.0
578,0.305,0.0
584,0.305,0.0
579,0.305,0.0
585,0.305,0.0
580,0.305,0.0
586,0.305,0.0
581,0.305,0.0
587,0.305,0.0
582,0.305,0.0
588,0.305,0.0
583,0.305,0.0
589,0.305,0.0
584,0.305,0.0
590,0.305,0.0
585,0.305,0.0
591,0.305,0.0
586,0.305,0.0
592,0.305,0.0
587,0.305,0.0
593,0.305,0.0
588,0.305,0.0
594,0.305,0.0
589,0.305,0.0
595,0.305,0.0
590,0.305,0.0
596,0.305,0.0
591,0.305,0.0
597,0.305,0.0
592,0.305,0.0
598,0.305,0.0
593,0.305,0.0
599,0.305,0.0
594,0.305,0.0
600,0.305,0.0
595,0.305,0.0
601,0.305,0.0
596,0.305,0.0
602,0.305,0.0
597,0.305,0.0
603,0.305,0.0
598,0.305,0.0
604,0.305,0.0
599,0.305,0.0
605,0.305,0.0
600,0.305,0.0
606,0.305,0.0
601,0.305,0.0
607,0.305,0.0
602,0.305,0.0
608,0.305,0.0
603,0.305,0.0
609,0.305,0.0
604,0.305,0.0
610,0.305,0.0
605,0.305,0.0
611,0.305,0.0
606,0.305,0.0
612,0.305,0.0
607,0.305,0.0
613,0.305,0.0
608,0.305,0.0
614,0.305,0.0
609,0.305,0.0
615,0.305,0.0
610,0.305,0.0
616,0.305,0.0
611,0.305,0.0
617,0.305,0.0
612,0.305,0.0
618,0.305,0.0
613,0.305,0.0146484375
619,0.305,0.0
614,0.305,0.0
620,0.305,0.0
615,0.305,0.0
621,0.305,0.0
616,0.305,0.0
622,0.305,0.0
617,0.305,0.0
623,0.305,0.0
618,0.305,0.0
624,0.305,0.0
619,0.305,0.0
625,0.305,0.0
620,0.305,0.0
626,0.305,0.0
621,0.305,0.0
627,0.305,0.0
622,0.305,0.0
628,0.305,0.0
623,0.305,0.0
629,0.305,0.0
624,0.305,0.0
630,0.305,0.0
625,0.305,0.0
631,0.305,0.0
626,0.305,0.0
632,0.305,0.0
627,0.305,0.0
633,0.305,0.0
628,0.305,0.0
634,0.305,0.0
629,0.305,0.0
635,0.305,0.0
630,0.305,0.0
636,0.305,0.0
631,0.305,0.0
637,0.305,0.0
632,0.305,0.0
638,0.305,0.0
633,0.305,0.0
639,0.305,0.0
634,0.305,0.0
640,0.305,0.0
635,0.305,0.0
641,0.305,0.0
636,0.305,0.0
642,0.305,0.0
637,0.305,0.0
643,0.305,0.0
638,0.305,0.0
644,0.305,0.0
639,0.305,0.0
645,0.305,0.0
640,0.305,0.0
646,0.305,0.0
641,0.305,0.0
647,0.305,0.0
642,0.305,0.0
648,0.305,0.0
643,0.305,0.0
649,0.305,0.0
644,0.305,0.0
650,0.305,0.0
645,0.305,0.0
651,0.305,0.0
646,0.305,0.0
652,0.305,0.0
647,0.305,0.0
653,0.305,0.0
648,0.305,0.0
654,0.305,0.0
649,0.305,0.0
655,0.305,0.0
650,0.305,0.0
656,0.305,0.0
651,0.305,0.0
657,0.305,0.0
652,0.305,0.0
658,0.305,0.0
653,0.305,0.0
659,0.305,0.0
654,0.305,0.0
660,0.305,0.0
655,0.305,0.0
661,0.305,0.0
656,0.305,0.0
662,0.305,0.0
657,0.305,0.0
663,0.305,0.0
658,0.305,0.0
664,0.305,0.0
659,0.305,0.0
665,0.305,0.0
660,0.305,0.0
666,0.305,0.0
661,0.305,0.0
667,0.305,0.0
662,0.305,0.0
668,0.305,0.0
663,0.305,0.0
669,0.305,0.0
664,0.305,0.0
670,0.305,0.0
665,0.305,0.0
671,0.305,0.0
666,0.305,0.0
672,0.305,0.0
667,0.305,0.0
673,0.305,0.0
668,0.305,0.0
674,0.305,0.0
669,0.305,0.0
675,0.305,0.0
670,0.305,0.0
676,0.305,0.0
671,0.305,0.0
677,0.305,0.0
672,0.305,0.0
678,0.305,0.0
673,0.305,0.0
679,0.305,0.0
674,0.305,0.0
680,0.305,0.0
675,0.305,0.0
681,0.305,0.0
682,0.305,0.0
676,0.305,0.0
677,0.305,0.0
683,0.305,0.0
678,0.305,0.0
684,0.305,0.0
679,0.305,0.0
685,0.305,0.0
686,0.305,0.0
680,0.305,0.0
687,0.305,0.0
681,0.305,0.0
688,0.305,0.0
682,0.305,0.0
689,0.305,0.0
683,0.305,0.0
690,0.305,0.0
684,0.305,0.0
691,0.305,0.0
685,0.305,0.0
686,0.305,0.0
692,0.305,0.0
693,0.305,0.0
687,0.305,0.0
694,0.305,0.0
688,0.305,0.0
695,0.305,0.0
689,0.305,0.0
696,0.305,0.0
690,0.305,0.0
697,0.305,0.0
691,0.305,0.0
698,0.305,0.0
692,0.305,0.0
699,0.305,0.0
693,0.305,0.0
700,0.305,0.0
694,0.305,0.0
701,0.305,0.0
695,0.305,0.0009765625
702,0.305,0.0
696,0.305,0.0
703,0.305,0.0
697,0.305,0.0
704,0.305,0.0
698,0.305,0.0
705,0.305,0.0
699,0.305,0.0
706,0.305,0.0
700,0.305,0.0
707,0.305,0.0
701,0.305,0.0
708,0.305,0.0
702,0.305,0.0
709,0.305,0.0
703,0.305,0.0
710,0.305,0.0
704,0.305,0.0
711,0.305,0.0
705,0.305,0.0
712,0.305,0.0
706,0.305,0.0
713,0.305,0.0
707,0.305,0.0
714,0.305,0.0
708,0.305,0.0
715,0.305,0.0
709,0.305,0.0
716,0.305,0.0
710,0.305,0.0
717,0.305,0.0
711,0.305,0.0
718,0.305,0.0
712,0.305,0.0
719,0.305,0.0
713,0.305,0.0
720,0.305,0.0
714,0.305,0.0
721,0.305,0.0
715,0.305,0.0
722,0.305,0.0
716,0.305,0.0
723,0.305,0.0
717,0.305,0.0
724,0.305,0.0
718,0.305,0.0
725,0.305,0.0
719,0.305,0.0
726,0.305,0.0
720,0.305,0.0
727,0.305,0.0
721,0.305,0.0
728,0.305,0.0
722,0.305,0.0
729,0.305,0.0
723,0.305,0.0
730,0.305,0.0
724,0.305,0.0
731,0.305,0.0
725,0.305,0.0
732,0.305,0.0
726,0.305,0.0
733,0.305,0.0
727,0.305,0.0
734,0.305,0.0
728,0.305,0.0
735,0.305,0.0
729,0.305,0.0
736,0.305,0.0
730,0.305,0.0
737,0.305,0.0
731,0.305,0.0
738,0.305,0.0
732,0.305,0.0
739,0.305,0.0
733,0.305,0.0
740,0.305,0.0
734,0.305,0.0
741,0.305,0.0
735,0.305,0.0
742,0.305,0.0
736,0.305,0.0
743,0.305,0.0
737,0.305,0.0
744,0.305,0.0
738,0.305,0.0
745,0.305,0.0
739,0.305,0.0
746,0.305,0.0
740,0.305,0.0
747,0.305,0.0
741,0.305,0.0
748,0.305,0.0
742,0.305,0.0
749,0.305,0.0
743,0.305,0.0
750,0.305,0.0
744,0.305,0.0
751,0.305,0.0
745,0.305,0.0
752,0.305,0.0
746,0.305,0.0
753,0.305,0.0
747,0.305,0.0
754,0.305,0.0
748,0.305,0.0
755,0.305,0.0
749,0.305,0.0
756,0.305,0.0
750,0.305,0.0
757,0.305,0.0
751,0.305,0.0
758,0.305,0.0185546875
752,0.305,0.0
759,0.305,0.0
753,0.305,0.0
760,0.305,0.0
754,0.305,0.0
761,0.305,0.0
755,0.305,0.0
762,0.305,0.0
756,0.305,0.0
763,0.305,0.0
757,0.305,0.0
764,0.305,0.0
758,0.305,0.0
765,0.305,0.0
759,0.305,0.0
766,0.305,0.0
760,0.305,0.0
767,0.305,0.0
761,0.305,0.0
768,0.305,0.0
762,0.305,0.0
769,0.305,0.0
763,0.305,0.0
770,0.305,0.0
764,0.305,0.0
771,0.305,0.0
765,0.305,0.0
772,0.305,0.0
766,0.305,0.0
773,0.305,0.0
767,0.305,0.0
774,0.305,0.0
768,0.305,0.0
775,0.305,0.0
769,0.305,0.0
776,0.305,0.0
770,0.305,0.0
777,0.305,0.0
771,0.305,0.0
778,0.305,0.0
772,0.305,0.0
779,0.305,0.0
773,0.305,0.0
780,0.305,0.0
774,0.305,0.0
781,0.305,0.0
782,0.305,0.0
775,0.305,0.0
783,0.305,0.0
776,0.305,0.0
777,0.305,0.0
784,0.305,0.0
778,0.305,0.0
785,0.305,0.0
779,0.305,0.0
786,0.305,0.0
780,0.305,0.0
787,0.305,0.0
781,0.305,0.0
788,0.305,0.0
782,0.305,0.0
789,0.305,0.0
783,0.305,0.0
790,0.305,0.0
784,0.305,0.0
791,0.305,0.0
785,0.305,0.0
792,0.305,0.0
793,0.305,0.0
786,0.305,0.0
787,0.305,0.0
794,0.305,0.0
788,0.305,0.0
795,0.305,0.0
789,0.305,0.0
796,0.305,0.0
790,0.305,0.0
797,0.305,0.0
791,0.305,0.0
798,0.305,0.0
792,0.305,0.0
799,0.305,0.0
793,0.305,0.0
800,0.305,0.0
794,0.305,0.0
801,0.305,0.0
795,0.305,0.0
802,0.305,0.0
796,0.305,0.0
803,0.305,0.0
797,0.305,0.0
804,0.305,0.0
798,0.305,0.0
805,0.305,0.0
799,0.305,0.0
806,0.305,0.0
800,0.305,0.0
807,0.305,0.0
801,0.305,0.0
808,0.305,0.0
802,0.305,0.01171875
809,0.305,0.0
803,0.305,0.0
810,0.305,0.0
804,0.305,0.0
811,0.305,0.0
805,0.305,0.0
812,0.305,0.0
806,0.305,0.0
813,0.305,0.0
807,0.305,0.0
814,0.305,0.0
808,0.305,0.0
815,0.305,0.0
809,0.305,0.0
816,0.305,0.0
810,0.305,0.0
817,0.305,0.0
811,0.305,0.0
818,0.305,0.0
812,0.305,0.0
819,0.305,0.0
813,0.305,0.0
820,0.305,0.0
814,0.305,0.0
821,0.305,0.0
815,0.305,0.0
822,0.305,0.0
816,0.305,0.0
823,0.305,0.0
817,0.305,0.0
824,0.305,0.0
818,0.305,0.0
825,0.305,0.0
819,0.305,0.0
826,0.305,0.0
820,0.305,0.0
827,0.305,0.0
821,0.305,0.0
828,0.305,0.0
829,0.305,0.0
822,0.305,0.01171875
830,0.305,0.0
823,0.305,0.0
831,0.305,0.0
824,0.305,0.0
832,0.305,0.0
825,0.305,0.0
833,0.305,0.0322265625
826,0.305,0.0
834,0.305,0.0
827,0.305,0.0
835,0.305,0.0
828,0.305,0.0
836,0.305,0.0
829,0.305,0.0
837,0.305,0.0
830,0.305,0.0
838,0.305,0.0
831,0.305,0.0
839,0.305,0.0
832,0.305,0.0
840,0.305,0.0
833,0.305,0.0
841,0.305,0.0
834,0.305,0.0
842,0.305,0.0
835,0.305,0.0
843,0.305,0.0
836,0.305,0.0126953125
844,0.305,0.0
837,0.305,0.0
845,0.305,0.0
838,0.305,0.0
846,0.305,0.0
839,0.305,0.0
847,0.305,0.0
840,0.305,0.0
848,0.305,0.0
841,0.305,0.0
849,0.305,0.0
842,0.305,0.0
850,0.305,0.0
843,0.305,0.0
851,0.305,0.0
844,0.305,0.0
852,0.305,0.0
845,0.305,0.0
853,0.305,0.0
846,0.305,0.0
854,0.305,0.0
847,0.305,0.0
855,0.305,0.0
848,0.305,0.0
856,0.305,0.0
849,0.305,0.0
857,0.305,0.0
850,0.305,0.0
858,0.305,0.0
851,0.305,0.0
859,0.305,0.0
852,0.305,0.0
860,0.305,0.0
853,0.305,0.0
861,0.305,0.0
854,0.305,0.0
862,0.305,0.0
855,0.305,0.0
863,0.305,0.0
856,0.305,0.0
864,0.305,0.0
857,0.305,0.0
865,0.305,0.0
858,0.305,0.0
866,0.305,0.0
859,0.305,0.0
867,0.305,0.0
860,0.305,0.0
868,0.305,0.0
861,0.305,0.0
869,0.305,0.0
862,0.305,0.0
870,0.305,0.0
863,0.305,0.0
871,0.305,0.0
864,0.305,0.0
872,0.305,0.0
865,0.305,0.0
873,0.305,0.0
866,0.305,0.0
874,0.305,0.0
867,0.305,0.0
875,0.305,0.0
868,0.305,0.0
876,0.305,0.0
869,0.305,0.0
877,0.305,0.0
870,0.305,0.0
878,0.305,0.0
871,0.305,0.0
879,0.305,0.0
872,0.305,0.0
880,0.305,0.0
873,0.305,0.0
881,0.305,0.0
874,0.305,0.0
882,0.305,0.0
875,0.305,0.0
883,0.305,0.0
876,0.305,0.0
884,0.305,0.0
877,0.305,0.0
885,0.305,0.0
878,0.305,0.0
886,0.305,0.0
879,0.305,0.0
887,0.305,0.0
880,0.305,0.0
888,0.305,0.0
881,0.305,0.0
889,0.305,0.0
882,0.305,0.0068359375
890,0.305,0.0
883,0.305,0.0
891,0.305,0.0
884,0.305,0.0
892,0.305,0.0
885,0.305,0.0
893,0.305,0.0
886,0.305,0.0
894,0.305,0.0
887,0.305,0.0
895,0.305,0.0
888,0.305,0.0
896,0.305,0.0
889,0.305,0.0
897,0.305,0.0
890,0.305,0.0
898,0.305,0.0
891,0.305,0.0
899,0.305,0.0
892,0.305,0.0
900,0.305,0.0
893,0.305,0.0
901,0.305,0.0
894,0.305,0.0
902,0.305,0.0
895,0.305,0.0
903,0.305,0.0
896,0.305,0.0
904,0.305,0.0
897,0.305,0.0
905,0.305,0.0
898,0.305,0.0
906,0.305,0.0
899,0.305,0.0
907,0.305,0.0
900,0.305,0.0
908,0.305,0.0
901,0.305,0.0
909,0.305,0.0
902,0.305,0.0
910,0.305,0.0
903,0.305,0.0
911,0.305,0.0
904,0.305,0.0
912,0.305,0.0
905,0.305,0.0
913,0.305,0.0
906,0.305,0.0
914,0.305,0.0
907,0.305,0.0
915,0.305,0.0
908,0.305,0.0
916,0.305,0.0
909,0.305,0.0
917,0.305,0.0
910,0.305,0.0
918,0.305,0.0
911,0.305,0.0
919,0.305,0.0
912,0.305,0.0
920,0.305,0.0
913,0.305,0.0
921,0.305,0.0
914,0.305,0.0
922,0.305,0.0
915,0.305,0.0
923,0.305,0.0
916,0.305,0.0
924,0.305,0.0
917,0.305,0.0
925,0.305,0.0
918,0.305,0.0
926,0.305,0.0
919,0.305,0.0
927,0.305,0.0
920,0.305,0.0
928,0.305,0.0
921,0.305,0.0
929,0.305,0.0
922,0.305,0.0
930,0.305,0.0
923,0.305,0.0
931,0.305,0.0
924,0.305,0.0
932,0.305,0.0
925,0.305,0.0
933,0.305,0.0
926,0.305,0.0
934,0.305,0.0
927,0.305,0.0
935,0.305,0.0
928,0.305,0.0
936,0.305,0.0
929,0.305,0.0
937,0.305,0.0
930,0.305,0.0
938,0.305,0.0
931,0.305,0.0
939,0.305,0.0
932,0.305,0.0
940,0.305,0.0
933,0.305,0.0
941,0.305,0.0
934,0.305,0.0
942,0.305,0.0
935,0.305,0.0146484375
943,0.305,0.0
936,0.305,0.0
944,0.305,0.0
937,0.305,0.0
945,0.305,0.0
938,0.305,0.0
946,0.305,0.0
939,0.305,0.0
947,0.305,0.0
940,0.305,0.0
948,0.305,0.0
941,0.305,0.0
949,0.305,0.0
942,0.305,0.0
950,0.305,0.0
943,0.305,0.0
951,0.305,0.0
944,0.305,0.0
952,0.305,0.0
945,0.305,0.0
953,0.305,0.0
946,0.305,0.0
954,0.305,0.0
947,0.305,0.0
955,0.305,0.0
948,0.305,0.0
956,0.305,0.0
949,0.305,0.0
957,0.305,0.0
950,0.305,0.0
958,0.305,0.0
951,0.305,0.0
959,0.305,0.0
952,0.305,0.0
960,0.305,0.0
953,0.305,0.0
961,0.305,0.0
954,0.305,0.0
962,0.305,0.0
955,0.305,0.0
963,0.305,0.0
956,0.305,0.0
964,0.305,0.0
957,0.305,0.0
965,0.305,0.0
958,0.305,0.0
966,0.305,0.0
959,0.305,0.0
967,0.305,0.0
960,0.305,0.0
968,0.305,0.0
961,0.305,0.0
969,0.305,0.0
962,0.305,0.0
970,0.305,0.0
963,0.305,0.0
971,0.305,0.0
964,0.305,0.0
972,0.305,0.0
965,0.305,0.0
973,0.305,0.0
966,0.305,0.0
974,0.305,0.0
967,0.305,0.0
975,0.305,0.0
968,0.305,0.0
976,0.305,0.0
969,0.305,0.0
977,0.305,0.0
970,0.305,0.0
978,0.305,0.0
971,0.305,0.0
979,0.305,0.0
972,0.305,0.0
980,0.305,0.0
973,0.305,0.0
981,0.305,0.0
974,0.305,0.0185546875
982,0.305,0.0
975,0.305,0.0
983,0.305,0.0
976,0.305,0.0
984,0.305,0.0
977,0.305,0.0
985,0.305,0.0
978,0.305,0.0
986,0.305,0.0
979,0.305,0.0
987,0.305,0.0
980,0.305,0.0
988,0.305,0.0
981,0.305,0.0
989,0.305,0.0
982,0.305,0.0
990,0.305,0.0224609375
983,0.305,0.0
991,0.305,0.0
984,0.305,0.0
992,0.305,0.0
985,0.305,0.0
993,0.305,0.0
986,0.305,0.0
994,0.305,0.0
987,0.305,0.0
995,0.305,0.0
988,0.305,0.0
996,0.305,0.0
989,0.305,0.0
997,0.305,0.0
990,0.305,0.0
998,0.305,0.0
991,0.305,0.0
999,0.305,0.0
992,0.305,0.0
1000,0.305,0.0
993,0.305,0.009765625
994,0.305,0.0
995,0.305,0.0
996,0.305,0.0
997,0.305,0.0
998,0.305,0.0
999,0.305,0.0
1000,0.305,0.0
1,0.303,0.0
1,0.303,0.0
2,0.303,0.0
2,0.303,0.0
3,0.303,0.0
3,0.303,0.0
4,0.303,0.0
4,0.303,0.0
5,0.303,0.0
5,0.303,0.0
6,0.303,0.0
6,0.303,0.0
7,0.303,0.0
7,0.303,0.0
8,0.303,0.0
8,0.303,0.0
9,0.303,0.0
9,0.303,0.0
10,0.303,0.0
10,0.303,0.0
11,0.303,0.0
11,0.303,0.0
12,0.303,0.0
12,0.303,0.0
13,0.303,0.0
13,0.303,0.0
14,0.303,0.0
14,0.303,0.0
15,0.303,0.0
15,0.303,0.0
16,0.303,0.0
16,0.303,0.0
17,0.303,0.0
17,0.303,0.0
18,0.303,0.0
18,0.303,0.0
19,0.303,0.0
19,0.303,0.0
20,0.303,0.0
20,0.303,0.0
21,0.303,0.0
21,0.303,0.0
22,0.303,0.0
22,0.303,0.0
23,0.303,0.0
23,0.303,0.0
24,0.303,0.0
24,0.303,0.0
25,0.303,0.0
25,0.303,0.0
26,0.303,0.0
26,0.303,0.0
27,0.303,0.0
27,0.303,0.0
28,0.303,0.0
28,0.303,0.0
29,0.303,0.0
29,0.303,0.0
30,0.303,0.0
30,0.303,0.0
31,0.303,0.0
31,0.303,0.0
32,0.303,0.0
32,0.303,0.0
33,0.303,0.0
33,0.303,0.0
34,0.303,0.0
34,0.303,0.0
35,0.303,0.0
35,0.303,0.0
36,0.303,0.0
36,0.303,0.0
37,0.303,0.0
37,0.303,0.0
38,0.303,0.0
38,0.303,0.0
39,0.303,0.0
39,0.303,0.0
40,0.303,0.0
40,0.303,0.0
41,0.303,0.0
41,0.303,0.0
42,0.303,0.0
42,0.303,0.0
43,0.303,0.0
43,0.303,0.0
44,0.303,0.0
44,0.303,0.0
45,0.303,0.0
45,0.303,0.0
46,0.303,0.0
46,0.303,0.0
47,0.303,0.0
47,0.303,0.0
48,0.303,0.0
48,0.303,0.0
49,0.303,0.0
49,0.303,0.0
50,0.303,0.0
50,0.303,0.0
51,0.303,0.0
51,0.303,0.0
52,0.303,0.0
52,0.303,0.0
53,0.303,0.0
53,0.303,0.0
54,0.303,0.0
54,0.303,0.0
55,0.303,0.0
55,0.303,0.0
56,0.303,0.0
56,0.303,0.0
57,0.303,0.0
57,0.303,0.0
58,0.303,0.0
58,0.303,0.0
59,0.303,0.0
59,0.303,0.0
60,0.303,0.0
60,0.303,0.0
61,0.303,0.0
61,0.303,0.0
62,0.303,0.0
62,0.303,0.0
63,0.303,0.0
63,0.303,0.0
64,0.303,0.0
64,0.303,0.0
65,0.303,0.0
65,0.303,0.0
66,0.303,0.0
66,0.303,0.0
67,0.303,0.0
67,0.303,0.0
68,0.303,0.0
68,0.303,0.0
69,0.303,0.0
69,0.303,0.0
70,0.303,0.0
70,0.303,0.0
71,0.303,0.0
71,0.303,0.0
72,0.303,0.0
72,0.303,0.0
73,0.303,0.0
73,0.303,0.0
74,0.303,0.0
74,0.303,0.0
75,0.303,0.0
75,0.303,0.0
76,0.303,0.0
76,0.303,0.0
77,0.303,0.0
77,0.303,0.0
78,0.303,0.0
78,0.303,0.0
79,0.303,0.0
79,0.303,0.0
80,0.303,0.0
80,0.303,0.0
81,0.303,0.0
81,0.303,0.0
82,0.303,0.0
82,0.303,0.0
83,0.303,0.0
83,0.303,0.0
84,0.303,0.0
84,0.303,0.0
85,0.303,0.0
85,0.303,0.0
86,0.303,0.0
86,0.303,0.0
87,0.303,0.0
87,0.303,0.0
88,0.303,0.0
88,0.303,0.0
89,0.303,0.0
89,0.303,0.0
90,0.303,0.0
90,0.303,0.0
91,0.303,0.0
91,0.303,0.0
92,0.303,0.0
92,0.303,0.0
93,0.303,0.0
93,0.303,0.0
94,0.303,0.0
94,0.303,0.0
95,0.303,0.0
95,0.303,0.0
96,0.303,0.0
96,0.303,0.0
97,0.303,0.0
97,0.303,0.0
98,0.303,0.0
98,0.303,0.0
99,0.303,0.0
99,0.303,0.0
100,0.303,0.0
100,0.303,0.0
101,0.303,0.0
101,0.303,0.0
102,0.303,0.0
102,0.303,0.0
103,0.303,0.0
103,0.303,0.0
104,0.303,0.0
104,0.303,0.0
105,0.303,0.0
105,0.303,0.0
106,0.303,0.0
106,0.303,0.0
107,0.303,0.0
107,0.303,0.0
108,0.303,0.0
108,0.303,0.0
109,0.303,0.0
109,0.303,0.0
110,0.303,0.0
110,0.303,0.0
111,0.303,0.0
111,0.303,0.0
112,0.303,0.0
112,0.303,0.0
113,0.303,0.0
113,0.303,0.0
114,0.303,0.0
114,0.303,0.0
115,0.303,0.0
115,0.303,0.0
116,0.303,0.0
116,0.303,0.0
117,0.303,0.0
117,0.303,0.0
118,0.303,0.0
118,0.303,0.0
119,0.303,0.0
119,0.303,0.0
120,0.303,0.0
120,0.303,0.0
121,0.303,0.0
121,0.303,0.0
122,0.303,0.0
122,0.303,0.0
123,0.303,0.0
123,0.303,0.0
124,0.303,0.0
124,0.303,0.0
125,0.303,0.0
125,0.303,0.0
126,0.303,0.0
126,0.303,0.0
127,0.303,0.0
127,0.303,0.0
128,0.303,0.0
128,0.303,0.0
129,0.303,0.0
129,0.303,0.0
130,0.303,0.0
130,0.303,0.0
131,0.303,0.0
131,0.303,0.0
132,0.303,0.0
132,0.303,0.0
133,0.303,0.0
133,0.303,0.0
134,0.303,0.0
134,0.303,0.0
135,0.303,0.0
135,0.303,0.0
136,0.303,0.0
136,0.303,0.0
137,0.303,0.0
137,0.303,0.0
138,0.303,0.0
138,0.303,0.0
139,0.303,0.0
139,0.303,0.0
140,0.303,0.0
140,0.303,0.0
141,0.303,0.0
141,0.303,0.0
142,0.303,0.0
142,0.303,0.0
143,0.303,0.0
143,0.303,0.0
144,0.303,0.0
144,0.303,0.0
145,0.303,0.0
145,0.303,0.0
146,0.303,0.0
146,0.303,0.0
147,0.303,0.0
147,0.303,0.0
148,0.303,0.0
148,0.303,0.0
149,0.303,0.0
149,0.303,0.0
150,0.303,0.0
150,0.303,0.0
151,0.303,0.0
151,0.303,0.0
152,0.303,0.0
152,0.303,0.0
153,0.303,0.0
153,0.303,0.0
154,0.303,0.0
154,0.303,0.0
155,0.303,0.0
155,0.303,0.0
156,0.303,0.0
156,0.303,0.0
157,0.303,0.0
157,0.303,0.0
158,0.303,0.0
158,0.303,0.0
159,0.303,0.0
159,0.303,0.0
160,0.303,0.0
160,0.303,0.0
161,0.303,0.0
161,0.303,0.0
162,0.303,0.0
162,0.303,0.0
163,0.303,0.0
163,0.303,0.0
164,0.303,0.0
164,0.303,0.0
165,0.303,0.0
165,0.303,0.0
166,0.303,0.0
166,0.303,0.0
167,0.303,0.0
167,0.303,0.0
168,0.303,0.0
168,0.303,0.0
169,0.303,0.0
169,0.303,0.0
170,0.303,0.0
170,0.303,0.0
171,0.303,0.0
171,0.303,0.0
172,0.303,0.0
172,0.303,0.0
173,0.303,0.0
173,0.303,0.0
174,0.303,0.0
174,0.303,0.0
175,0.303,0.0
175,0.303,0.0
176,0.303,0.0
176,0.303,0.0
177,0.303,0.0
177,0.303,0.0
178,0.303,0.0
179,0.303,0.0
178,0.303,0.0
180,0.303,0.0
179,0.303,0.0
181,0.303,0.0
180,0.303,0.0
182,0.303,0.0
181,0.303,0.0
183,0.303,0.0
182,0.303,0.0
184,0.303,0.0
183,0.303,0.0
185,0.303,0.0
184,0.303,0.0
186,0.303,0.0
185,0.303,0.0
187,0.303,0.0
186,0.303,0.0
188,0.303,0.0
187,0.303,0.0
189,0.303,0.0
188,0.303,0.0
190,0.303,0.0
189,0.303,0.0
191,0.303,0.0
190,0.303,0.0
192,0.303,0.0
191,0.303,0.0
193,0.303,0.0
192,0.303,0.0
194,0.303,0.0
193,0.303,0.0
195,0.303,0.0
194,0.303,0.0
196,0.303,0.0
195,0.303,0.0
197,0.303,0.0
196,0.303,0.0
198,0.303,0.0
197,0.303,0.0
199,0.303,0.0
198,0.303,0.0
200,0.303,0.0
199,0.303,0.0
201,0.303,0.0
200,0.303,0.0
202,0.303,0.0
201,0.303,0.0
203,0.303,0.0
202,0.303,0.0
204,0.303,0.0
203,0.303,0.0
205,0.303,0.0
204,0.303,0.0
206,0.303,0.0
205,0.303,0.0
207,0.303,0.0
206,0.303,0.0
208,0.303,0.0
207,0.303,0.0
209,0.303,0.0
208,0.303,0.0
210,0.303,0.0
209,0.303,0.0
211,0.303,0.0
210,0.303,0.0
212,0.303,0.0
211,0.303,0.0
213,0.303,0.0
212,0.303,0.0
214,0.303,0.0
213,0.303,0.0
215,0.303,0.0
214,0.303,0.0
216,0.303,0.0
215,0.303,0.0
217,0.303,0.0
216,0.303,0.0
218,0.303,0.0
217,0.303,0.0
219,0.303,0.0
218,0.303,0.0
220,0.303,0.0
219,0.303,0.0
221,0.303,0.0
220,0.303,0.0
222,0.303,0.0
221,0.303,0.0
223,0.303,0.0
222,0.303,0.0
224,0.303,0.0
223,0.303,0.0
225,0.303,0.0
224,0.303,0.0
226,0.303,0.0
225,0.303,0.0
227,0.303,0.0
226,0.303,0.0
228,0.303,0.0
227,0.303,0.0
229,0.303,0.0
228,0.303,0.0
230,0.303,0.0
229,0.303,0.0
231,0.303,0.0
230,0.303,0.0
232,0.303,0.0
231,0.303,0.0
233,0.303,0.0
232,0.303,0.0
234,0.303,0.0
233,0.303,0.0
235,0.303,0.0
234,0.303,0.0
236,0.303,0.0
235,0.303,0.0
237,0.303,0.0
236,0.303,0.0
238,0.303,0.0
237,0.303,0.0
239,0.303,0.0
238,0.303,0.0
240,0.303,0.0
239,0.303,0.0
241,0.303,0.0
240,0.303,0.0
242,0.303,0.0
241,0.303,0.0
243,0.303,0.0
242,0.303,0.0
244,0.303,0.0
243,0.303,0.0
245,0.303,0.0
244,0.303,0.0
246,0.303,0.0
245,0.303,0.0
247,0.303,0.0
246,0.303,0.0
248,0.303,0.0
247,0.303,0.0
249,0.303,0.0
248,0.303,0.0
250,0.303,0.0
249,0.303,0.0
251,0.303,0.0
250,0.303,0.0
252,0.303,0.0
251,0.303,0.0
253,0.303,0.0
252,0.303,0.0
254,0.303,0.0
253,0.303,0.0
255,0.303,0.0
254,0.303,0.0
256,0.303,0.0
255,0.303,0.0
257,0.303,0.0
256,0.303,0.0
258,0.303,0.0
257,0.303,0.0
259,0.303,0.0
258,0.303,0.0
260,0.303,0.0
259,0.303,0.0
261,0.303,0.0
260,0.303,0.0
262,0.303,0.0
261,0.303,0.0
263,0.303,0.0
262,0.303,0.0
264,0.303,0.0
263,0.303,0.0
265,0.303,0.0
264,0.303,0.0
266,0.303,0.0
265,0.303,0.0
267,0.303,0.0
266,0.303,0.0
268,0.303,0.0
267,0.303,0.0
269,0.303,0.0
268,0.303,0.0
270,0.303,0.0
269,0.303,0.0
271,0.303,0.0
270,0.303,0.0
272,0.303,0.0
271,0.303,0.0
273,0.303,0.0
272,0.303,0.0
274,0.303,0.0
273,0.303,0.0
275,0.303,0.0
274,0.303,0.0
276,0.303,0.0
275,0.303,0.0
277,0.303,0.0
276,0.303,0.0
278,0.303,0.0
277,0.303,0.0
279,0.303,0.0
278,0.303,0.0
280,0.303,0.0
279,0.303,0.0
281,0.303,0.0
280,0.303,0.0
282,0.303,0.0
281,0.303,0.0
283,0.303,0.0
282,0.303,0.0
284,0.303,0.0
283,0.303,0.0
285,0.303,0.0
284,0.303,0.0
286,0.303,0.0
285,0.303,0.0
287,0.303,0.0
286,0.303,0.0
288,0.303,0.0
289,0.303,0.0
287,0.303,0.0
288,0.303,0.0
290,0.303,0.0
291,0.303,0.0
289,0.303,0.0
292,0.303,0.0
290,0.303,0.0
293,0.303,0.0
291,0.303,0.0
294,0.303,0.0
292,0.303,0.0
295,0.303,0.0
293,0.303,0.0
296,0.303,0.0
294,0.303,0.0
297,0.303,0.0
295,0.303,0.0
298,0.303,0.0
296,0.303,0.0
299,0.303,0.0
297,0.303,0.0
300,0.303,0.0
298,0.303,0.0
299,0.303,0.0
301,0.303,0.0
302,0.303,0.0
300,0.303,0.0
303,0.303,0.0
301,0.303,0.0
304,0.303,0.0
302,0.303,0.0
305,0.303,0.0
303,0.303,0.0
306,0.303,0.0
304,0.303,0.0
307,0.303,0.0
305,0.303,0.0
308,0.303,0.0
306,0.303,0.0
309,0.303,0.0
307,0.303,0.0
310,0.303,0.0
308,0.303,0.0
311,0.303,0.0
309,0.303,0.0
312,0.303,0.0
310,0.303,0.0
313,0.303,0.0
311,0.303,0.0
314,0.303,0.0
312,0.303,0.0
315,0.303,0.0
313,0.303,0.0
316,0.303,0.0
314,0.303,0.0
317,0.303,0.0
315,0.303,0.0
318,0.303,0.0
316,0.303,0.0
319,0.303,0.0
317,0.303,0.0
320,0.303,0.0
318,0.303,0.0
321,0.303,0.0
319,0.303,0.0
322,0.303,0.0
320,0.303,0.0
323,0.303,0.0
321,0.303,0.0
324,0.303,0.0
322,0.303,0.0
325,0.303,0.0
323,0.303,0.0
326,0.303,0.0
324,0.303,0.0
327,0.303,0.0
325,0.303,0.0
328,0.303,0.0
326,0.303,0.0
329,0.303,0.0
327,0.303,0.0
330,0.303,0.0
328,0.303,0.0
331,0.303,0.0
329,0.303,0.0
332,0.303,0.0
330,0.303,0.0
333,0.303,0.0
331,0.303,0.0
334,0.303,0.0
332,0.303,0.0
335,0.303,0.0
333,0.303,0.0
336,0.303,0.0
334,0.303,0.0
337,0.303,0.0
335,0.303,0.0
338,0.303,0.0
336,0.303,0.0
339,0.303,0.0
337,0.303,0.0
340,0.303,0.0
338,0.303,0.0
341,0.303,0.0
339,0.303,0.0
342,0.303,0.0
340,0.303,0.0
343,0.303,0.0
341,0.303,0.0
344,0.303,0.0
342,0.303,0.0
345,0.303,0.0
343,0.303,0.0
346,0.303,0.0
344,0.303,0.0
347,0.303,0.0
345,0.303,0.0
348,0.303,0.0
346,0.303,0.0
349,0.303,0.0
347,0.303,0.0
350,0.303,0.0
348,0.303,0.0
351,0.303,0.0
349,0.303,0.0
352,0.303,0.0
350,0.303,0.0
353,0.303,0.0
351,0.303,0.0
354,0.303,0.0
352,0.303,0.0
355,0.303,0.0
353,0.303,0.0
356,0.303,0.0
354,0.303,0.0
357,0.303,0.0
355,0.303,0.0
358,0.303,0.0
356,0.303,0.0
359,0.303,0.0
357,0.303,0.0
360,0.303,0.0
358,0.303,0.0
361,0.303,0.0
359,0.303,0.0
362,0.303,0.0
360,0.303,0.0
363,0.303,0.0
361,0.303,0.0
364,0.303,0.0
362,0.303,0.0
365,0.303,0.0
363,0.303,0.0
366,0.303,0.0
364,0.303,0.0
367,0.303,0.0
365,0.303,0.0
368,0.303,0.0
366,0.303,0.0
369,0.303,0.0
367,0.303,0.0
370,0.303,0.0
368,0.303,0.0
371,0.303,0.0
369,0.303,0.0
372,0.303,0.0
370,0.303,0.0
373,0.303,0.0
371,0.303,0.0
374,0.303,0.0
372,0.303,0.0
375,0.303,0.0
373,0.303,0.0
376,0.303,0.0
374,0.303,0.0
377,0.303,0.0
375,0.303,0.0
378,0.303,0.0
376,0.303,0.0
379,0.303,0.0
377,0.303,0.0
380,0.303,0.0
378,0.303,0.0
381,0.303,0.0
379,0.303,0.0
382,0.303,0.0
380,0.303,0.0
383,0.303,0.0
381,0.303,0.0
384,0.303,0.0
382,0.303,0.0
385,0.303,0.0
383,0.303,0.0
386,0.303,0.0
384,0.303,0.0
387,0.303,0.0
385,0.303,0.0
388,0.303,0.0
386,0.303,0.0
389,0.303,0.0
387,0.303,0.0
390,0.303,0.0
388,0.303,0.0
391,0.303,0.0
389,0.303,0.0
392,0.303,0.0
390,0.303,0.0
393,0.303,0.0
391,0.303,0.0
394,0.303,0.0
392,0.303,0.0
395,0.303,0.0
393,0.303,0.0
396,0.303,0.0
394,0.303,0.0
397,0.303,0.0
395,0.303,0.0
398,0.303,0.0
396,0.303,0.0
399,0.303,0.0
397,0.303,0.0
400,0.303,0.0
398,0.303,0.0
401,0.303,0.0
399,0.303,0.0
402,0.303,0.0
400,0.303,0.0
403,0.303,0.0
401,0.303,0.0
404,0.303,0.0
402,0.303,0.0
405,0.303,0.0
403,0.303,0.0
406,0.303,0.0
404,0.303,0.0
407,0.303,0.0
405,0.303,0.0
408,0.303,0.0
406,0.303,0.0
409,0.303,0.0
407,0.303,0.0
410,0.303,0.0
408,0.303,0.0
411,0.303,0.0
409,0.303,0.0
412,0.303,0.0
410,0.303,0.0
413,0.303,0.0
411,0.303,0.0
414,0.303,0.0
412,0.303,0.0
415,0.303,0.0
413,0.303,0.0
416,0.303,0.0
414,0.303,0.0
417,0.303,0.0
415,0.303,0.0
418,0.303,0.0
416,0.303,0.0
419,0.303,0.0
417,0.303,0.0
420,0.303,0.0
418,0.303,0.0
421,0.303,0.0
419,0.303,0.0
422,0.303,0.0
420,0.303,0.0
423,0.303,0.0
421,0.303,0.0
424,0.303,0.0
422,0.303,0.0
425,0.303,0.0
423,0.303,0.0
426,0.303,0.0
424,0.303,0.0
427,0.303,0.0
425,0.303,0.0
428,0.303,0.0
426,0.303,0.0
429,0.303,0.0
430,0.303,0.0
427,0.303,0.0
431,0.303,0.0
428,0.303,0.0
432,0.303,0.0
429,0.303,0.0
433,0.303,0.0
430,0.303,0.0
434,0.303,0.0
431,0.303,0.0
435,0.303,0.0
432,0.303,0.0
436,0.303,0.0
433,0.303,0.0
437,0.303,0.0
434,0.303,0.0
438,0.303,0.0
435,0.303,0.0
439,0.303,0.0
436,0.303,0.0
440,0.303,0.0
437,0.303,0.0
441,0.303,0.0
438,0.303,0.0
442,0.303,0.0
439,0.303,0.0
443,0.303,0.0
440,0.303,0.0
444,0.303,0.0
441,0.303,0.0
445,0.303,0.0
442,0.303,0.0
446,0.303,0.0
443,0.303,0.0
447,0.303,0.0
444,0.303,0.0
448,0.303,0.0
445,0.303,0.0
449,0.303,0.0
446,0.303,0.0
450,0.303,0.0
447,0.303,0.0
451,0.303,0.0
448,0.303,0.0
452,0.303,0.0
449,0.303,0.0
453,0.303,0.0
450,0.303,0.0
454,0.303,0.0
451,0.303,0.0
455,0.303,0.0
452,0.303,0.0
456,0.303,0.0
453,0.303,0.0
457,0.303,0.0
454,0.303,0.0
458,0.303,0.0
455,0.303,0.0
459,0.303,0.0
456,0.303,0.0
460,0.303,0.0
457,0.303,0.0
461,0.303,0.0
458,0.303,0.0
462,0.303,0.0
459,0.303,0.0
463,0.303,0.0
460,0.303,0.0
464,0.303,0.0
461,0.303,0.0
465,0.303,0.0
462,0.303,0.0
466,0.303,0.0
463,0.303,0.0
467,0.303,0.0
464,0.303,0.0
468,0.303,0.0
465,0.303,0.0
469,0.303,0.0
466,0.303,0.0
470,0.303,0.0
467,0.303,0.0
471,0.303,0.0
468,0.303,0.0
472,0.303,0.0
469,0.303,0.0
473,0.303,0.0
470,0.303,0.0
474,0.303,0.0
471,0.303,0.0
475,0.303,0.0
472,0.303,0.0
476,0.303,0.0
473,0.303,0.0
477,0.303,0.0
474,0.303,0.0
478,0.303,0.0
475,0.303,0.0
479,0.303,0.0
476,0.303,0.0
480,0.303,0.0
477,0.303,0.0
481,0.303,0.0
478,0.303,0.0
482,0.303,0.0
479,0.303,0.0
483,0.303,0.0
480,0.303,0.0
484,0.303,0.0
481,0.303,0.0
485,0.303,0.0
482,0.303,0.0
486,0.303,0.0
483,0.303,0.0
487,0.303,0.0
484,0.303,0.0
488,0.303,0.0
485,0.303,0.0
489,0.303,0.0
486,0.303,0.0
490,0.303,0.0
487,0.303,0.0
491,0.303,0.0
488,0.303,0.0
492,0.303,0.0
489,0.303,0.0
493,0.303,0.0
490,0.303,0.0
494,0.303,0.0
491,0.303,0.0
495,0.303,0.0
492,0.303,0.0
496,0.303,0.0
493,0.303,0.0
497,0.303,0.0
494,0.303,0.0
498,0.303,0.0
495,0.303,0.0
499,0.303,0.0
496,0.303,0.0
500,0.303,0.0
497,0.303,0.0
501,0.303,0.0
498,0.303,0.0
502,0.303,0.0
499,0.303,0.0
503,0.303,0.0
500,0.303,0.0
504,0.303,0.0
501,0.303,0.0
505,0.303,0.0
502,0.303,0.0
506,0.303,0.0
503,0.303,0.0
507,0.303,0.0
504,0.303,0.0
508,0.303,0.0
505,0.303,0.0
509,0.303,0.0
506,0.303,0.0
510,0.303,0.0
507,0.303,0.0
511,0.303,0.0
508,0.303,0.0
512,0.303,0.0
509,0.303,0.0
513,0.303,0.0
510,0.303,0.0
514,0.303,0.0
511,0.303,0.0
515,0.303,0.0
512,0.303,0.0
516,0.303,0.0
513,0.303,0.0
517,0.303,0.0
514,0.303,0.0
518,0.303,0.0
515,0.303,0.0
519,0.303,0.0
516,0.303,0.0
520,0.303,0.0
517,0.303,0.0
521,0.303,0.0
518,0.303,0.0
522,0.303,0.0
519,0.303,0.0
523,0.303,0.0
520,0.303,0.0
524,0.303,0.0
521,0.303,0.0
525,0.303,0.0
522,0.303,0.0
526,0.303,0.0
523,0.303,0.0
527,0.303,0.0
524,0.303,0.0
528,0.303,0.0
525,0.303,0.0
529,0.303,0.0
526,0.303,0.0
530,0.303,0.0
527,0.303,0.0
531,0.303,0.0
528,0.303,0.0
532,0.303,0.0
529,0.303,0.0
533,0.303,0.0
530,0.303,0.0
534,0.303,0.0
531,0.303,0.0
535,0.303,0.0
532,0.303,0.0
536,0.303,0.0
533,0.303,0.0
537,0.303,0.0
534,0.303,0.0
538,0.303,0.0
535,0.303,0.0
539,0.303,0.0
536,0.303,0.0
540,0.303,0.0
537,0.303,0.0
541,0.303,0.0
538,0.303,0.0
542,0.303,0.0
539,0.303,0.0
543,0.303,0.0
540,0.303,0.0
544,0.303,0.0
541,0.303,0.0
545,0.303,0.0
542,0.303,0.0
546,0.303,0.0
543,0.303,0.0
547,0.303,0.0
544,0.303,0.0
548,0.303,0.0
545,0.303,0.0
549,0.303,0.0
546,0.303,0.0
550,0.303,0.0
547,0.303,0.0
551,0.303,0.0
548,0.303,0.0
552,0.303,0.0
553,0.303,0.0
549,0.303,0.0
554,0.303,0.0
550,0.303,0.0
555,0.303,0.0
551,0.303,0.0
556,0.303,0.0
552,0.303,0.0
557,0.303,0.0
553,0.303,0.0
558,0.303,0.0
554,0.303,0.0
559,0.303,0.0
555,0.303,0.0
560,0.303,0.0
556,0.303,0.0
561,0.303,0.0
557,0.303,0.0
562,0.303,0.0
558,0.303,0.0
563,0.303,0.0
559,0.303,0.0
564,0.303,0.0
560,0.303,0.0
565,0.303,0.0
561,0.303,0.0
566,0.303,0.0
562,0.303,0.0
567,0.303,0.0
563,0.303,0.0
568,0.303,0.0
564,0.303,0.0
569,0.303,0.0
565,0.303,0.0
570,0.303,0.0
566,0.303,0.0
571,0.303,0.0
567,0.303,0.0
572,0.303,0.0
568,0.303,0.0
573,0.303,0.0
569,0.303,0.0
574,0.303,0.0
570,0.303,0.0
575,0.303,0.0
571,0.303,0.0
576,0.303,0.0
572,0.303,0.0
577,0.303,0.0
573,0.303,0.0
578,0.303,0.0
574,0.303,0.0
579,0.303,0.0
575,0.303,0.0
580,0.303,0.0
576,0.303,0.0
581,0.303,0.0
577,0.303,0.0
582,0.303,0.0
578,0.303,0.0
583,0.303,0.0
579,0.303,0.0
584,0.303,0.0
580,0.303,0.0
585,0.303,0.0
581,0.303,0.0
586,0.303,0.0
582,0.303,0.0
587,0.303,0.0
583,0.303,0.0
588,0.303,0.0
584,0.303,0.0
589,0.303,0.0
585,0.303,0.0
590,0.303,0.0
586,0.303,0.0
591,0.303,0.0
587,0.303,0.0
592,0.303,0.0
588,0.303,0.0
593,0.303,0.0
589,0.303,0.0
594,0.303,0.0
590,0.303,0.0
595,0.303,0.0
591,0.303,0.0
596,0.303,0.0
592,0.303,0.0
597,0.303,0.0
593,0.303,0.0
598,0.303,0.0
594,0.303,0.0
599,0.303,0.0
595,0.303,0.0
600,0.303,0.0
596,0.303,0.0
601,0.303,0.0
597,0.303,0.0
602,0.303,0.0
598,0.303,0.0
603,0.303,0.0
599,0.303,0.0
604,0.303,0.0
600,0.303,0.0
605,0.303,0.0
601,0.303,0.0
606,0.303,0.0
602,0.303,0.0
607,0.303,0.0
603,0.303,0.0
608,0.303,0.0
604,0.303,0.0
609,0.303,0.0
605,0.303,0.0
610,0.303,0.0
606,0.303,0.0
611,0.303,0.0
607,0.303,0.0
612,0.303,0.0
608,0.303,0.0
613,0.303,0.0
609,0.303,0.0
614,0.303,0.0
610,0.303,0.0
615,0.303,0.0
611,0.303,0.0
616,0.303,0.0
612,0.303,0.0
617,0.303,0.0
613,0.303,0.0
618,0.303,0.0
614,0.303,0.0
619,0.303,0.0
615,0.303,0.0
620,0.303,0.0
616,0.303,0.0
621,0.303,0.0
617,0.303,0.0
622,0.303,0.0
618,0.303,0.0
623,0.303,0.0
619,0.303,0.0
624,0.303,0.0
620,0.303,0.0
625,0.303,0.0
621,0.303,0.0
626,0.303,0.0
622,0.303,0.0
627,0.303,0.0
623,0.303,0.0
628,0.303,0.0
624,0.303,0.0
629,0.303,0.0
625,0.303,0.0
630,0.303,0.0
626,0.303,0.0
631,0.303,0.0
627,0.303,0.0
632,0.303,0.0
628,0.303,0.0
633,0.303,0.0
629,0.303,0.0
634,0.303,0.0
630,0.303,0.0
635,0.303,0.0
631,0.303,0.0
636,0.303,0.0
632,0.303,0.0
637,0.303,0.0
633,0.303,0.0
638,0.303,0.0
634,0.303,0.0
639,0.303,0.0
635,0.303,0.0
640,0.303,0.0
636,0.303,0.0
641,0.303,0.0
637,0.303,0.0
642,0.303,0.0
638,0.303,0.0
643,0.303,0.0
639,0.303,0.0
644,0.303,0.0
640,0.303,0.0
645,0.303,0.0
641,0.303,0.0
646,0.303,0.0
642,0.303,0.0
647,0.303,0.0
643,0.303,0.0
648,0.303,0.0
644,0.303,0.0
649,0.303,0.0
645,0.303,0.0
650,0.303,0.0
646,0.303,0.0
651,0.303,0.0
647,0.303,0.0
652,0.303,0.0
648,0.303,0.0
653,0.303,0.0
649,0.303,0.0
654,0.303,0.0
650,0.303,0.0
655,0.303,0.0
651,0.303,0.0
656,0.303,0.0
652,0.303,0.0
657,0.303,0.0
653,0.303,0.0
658,0.303,0.0
654,0.303,0.0
659,0.303,0.0
655,0.303,0.0
660,0.303,0.0
656,0.303,0.0
661,0.303,0.0
657,0.303,0.0
662,0.303,0.0
658,0.303,0.0
663,0.303,0.0
659,0.303,0.0
664,0.303,0.0
660,0.303,0.0
665,0.303,0.0
661,0.303,0.0
666,0.303,0.0
662,0.303,0.0
667,0.303,0.0
663,0.303,0.0
668,0.303,0.0
664,0.303,0.0
669,0.303,0.0
665,0.303,0.0
670,0.303,0.0
666,0.303,0.0
671,0.303,0.0
667,0.303,0.0
672,0.303,0.0
668,0.303,0.0
673,0.303,0.0
669,0.303,0.0
674,0.303,0.0
670,0.303,0.0
675,0.303,0.0
671,0.303,0.0
676,0.303,0.0
672,0.303,0.0
677,0.303,0.0
673,0.303,0.0
678,0.303,0.0
674,0.303,0.0
679,0.303,0.0
675,0.303,0.0
680,0.303,0.0
676,0.303,0.0
681,0.303,0.0
677,0.303,0.0
682,0.303,0.0
678,0.303,0.0
683,0.303,0.0
679,0.303,0.0
684,0.303,0.0
680,0.303,0.0
685,0.303,0.0
681,0.303,0.0
686,0.303,0.0
682,0.303,0.0
687,0.303,0.0
683,0.303,0.0
688,0.303,0.0
684,0.303,0.0
689,0.303,0.0
685,0.303,0.0
690,0.303,0.0
686,0.303,0.0
691,0.303,0.0
687,0.303,0.0
692,0.303,0.0
688,0.303,0.0
693,0.303,0.0
689,0.303,0.0
694,0.303,0.0
690,0.303,0.0
695,0.303,0.0
691,0.303,0.0
696,0.303,0.0
692,0.303,0.0
697,0.303,0.0
693,0.303,0.0
698,0.303,0.0
694,0.303,0.0
699,0.303,0.0
695,0.303,0.0
700,0.303,0.0
696,0.303,0.0
701,0.303,0.0
697,0.303,0.0
702,0.303,0.0
698,0.303,0.0
703,0.303,0.0
699,0.303,0.0
704,0.303,0.0
700,0.303,0.0
705,0.303,0.0
701,0.303,0.0
706,0.303,0.0
702,0.303,0.0
707,0.303,0.0
703,0.303,0.0
708,0.303,0.0
704,0.303,0.0
709,0.303,0.0
705,0.303,0.0
710,0.303,0.0
706,0.303,0.0
711,0.303,0.0
707,0.303,0.0
712,0.303,0.0
708,0.303,0.0
713,0.303,0.0
709,0.303,0.0
714,0.303,0.0
710,0.303,0.0
715,0.303,0.0
711,0.303,0.0
716,0.303,0.0
712,0.303,0.0
717,0.303,0.0
713,0.303,0.0
718,0.303,0.0
714,0.303,0.0
719,0.303,0.0
715,0.303,0.0
720,0.303,0.0
716,0.303,0.0
721,0.303,0.0
717,0.303,0.0
722,0.303,0.0
718,0.303,0.0
723,0.303,0.0
719,0.303,0.0
724,0.303,0.0
720,0.303,0.0
725,0.303,0.0
721,0.303,0.0
726,0.303,0.0
722,0.303,0.0
727,0.303,0.0
723,0.303,0.0
728,0.303,0.0
724,0.303,0.0
729,0.303,0.0
725,0.303,0.0
730,0.303,0.0
726,0.303,0.0
731,0.303,0.0
727,0.303,0.0
732,0.303,0.0
728,0.303,0.0
733,0.303,0.0
729,0.303,0.0
734,0.303,0.0
730,0.303,0.0
735,0.303,0.0
731,0.303,0.0
736,0.303,0.0
732,0.303,0.0
737,0.303,0.0
733,0.303,0.0
738,0.303,0.0
734,0.303,0.0
739,0.303,0.0
735,0.303,0.0
740,0.303,0.0
736,0.303,0.0
741,0.303,0.0
737,0.303,0.0
742,0.303,0.0
738,0.303,0.0
743,0.303,0.0
739,0.303,0.0
744,0.303,0.0
740,0.303,0.0
745,0.303,0.0
741,0.303,0.0
746,0.303,0.0
742,0.303,0.0
747,0.303,0.0
743,0.303,0.0
748,0.303,0.0
744,0.303,0.0
749,0.303,0.0
745,0.303,0.0
750,0.303,0.0
746,0.303,0.0
751,0.303,0.0
747,0.303,0.0
752,0.303,0.0
748,0.303,0.0
753,0.303,0.0
749,0.303,0.0
754,0.303,0.0
750,0.303,0.0
755,0.303,0.0
751,0.303,0.0
756,0.303,0.0
752,0.303,0.0
757,0.303,0.0
753,0.303,0.0
758,0.303,0.0
754,0.303,0.0
759,0.303,0.0
755,0.303,0.0
760,0.303,0.0
756,0.303,0.0
761,0.303,0.0
757,0.303,0.0
762,0.303,0.0
758,0.303,0.0
763,0.303,0.0
759,0.303,0.0
764,0.303,0.0
760,0.303,0.0
765,0.303,0.0
761,0.303,0.0
766,0.303,0.0
762,0.303,0.0
767,0.303,0.0
763,0.303,0.0
768,0.303,0.0
764,0.303,0.0
769,0.303,0.0
765,0.303,0.0
770,0.303,0.0
766,0.303,0.0
771,0.303,0.0
767,0.303,0.0
772,0.303,0.0
768,0.303,0.0
773,0.303,0.0
769,0.303,0.0
774,0.303,0.0
770,0.303,0.0
775,0.303,0.0
771,0.303,0.0
776,0.303,0.0
772,0.303,0.0
777,0.303,0.0
773,0.303,0.0
778,0.303,0.0
774,0.303,0.0
779,0.303,0.0
775,0.303,0.0
780,0.303,0.0
776,0.303,0.0
781,0.303,0.0
777,0.303,0.0
782,0.303,0.0
778,0.303,0.0
783,0.303,0.0
779,0.303,0.0
784,0.303,0.0
780,0.303,0.0
785,0.303,0.0
781,0.303,0.0
786,0.303,0.0
782,0.303,0.0
787,0.303,0.0
783,0.303,0.0
788,0.303,0.0
784,0.303,0.0
789,0.303,0.0
785,0.303,0.0
790,0.303,0.0
786,0.303,0.0
791,0.303,0.0
787,0.303,0.0
792,0.303,0.0
788,0.303,0.0
793,0.303,0.0
789,0.303,0.0
794,0.303,0.0
790,0.303,0.0
795,0.303,0.0
791,0.303,0.0
796,0.303,0.0
792,0.303,0.0
797,0.303,0.0
793,0.303,0.0
798,0.303,0.0
794,0.303,0.0
799,0.303,0.0
795,0.303,0.0
800,0.303,0.0
796,0.303,0.0
801,0.303,0.0
797,0.303,0.0
802,0.303,0.0
798,0.303,0.0
803,0.303,0.0
799,0.303,0.0
804,0.303,0.0
800,0.303,0.0
805,0.303,0.0
801,0.303,0.0
806,0.303,0.0
802,0.303,0.0
807,0.303,0.0
803,0.303,0.0
808,0.303,0.0
804,0.303,0.0
809,0.303,0.0
805,0.303,0.0
810,0.303,0.0
806,0.303,0.0
811,0.303,0.0
807,0.303,0.0
812,0.303,0.0
808,0.303,0.0
813,0.303,0.0
809,0.303,0.0
814,0.303,0.0
810,0.303,0.0
815,0.303,0.0
811,0.303,0.0
816,0.303,0.0
812,0.303,0.0
817,0.303,0.0
813,0.303,0.0
818,0.303,0.0
814,0.303,0.0
819,0.303,0.0
815,0.303,0.0
820,0.303,0.0
816,0.303,0.0
821,0.303,0.0
817,0.303,0.0
822,0.303,0.0
818,0.303,0.0
823,0.303,0.0
819,0.303,0.0
824,0.303,0.0
820,0.303,0.0
825,0.303,0.0
821,0.303,0.0
826,0.303,0.0
822,0.303,0.0
827,0.303,0.0
823,0.303,0.0
828,0.303,0.0
824,0.303,0.0
829,0.303,0.0
825,0.303,0.0
830,0.303,0.0
826,0.303,0.0
831,0.303,0.0
827,0.303,0.0
832,0.303,0.0
828,0.303,0.0
833,0.303,0.0
829,0.303,0.0
834,0.303,0.0
830,0.303,0.0
835,0.303,0.0
831,0.303,0.0
836,0.303,0.0
832,0.303,0.0
837,0.303,0.0
833,0.303,0.0
838,0.303,0.0
834,0.303,0.0
839,0.303,0.0
835,0.303,0.0
840,0.303,0.0
836,0.303,0.0
841,0.303,0.0
837,0.303,0.0
842,0.303,0.0
838,0.303,0.0
843,0.303,0.0
839,0.303,0.0
844,0.303,0.0
840,0.303,0.0
845,0.303,0.0
841,0.303,0.0
846,0.303,0.0
842,0.303,0.0
847,0.303,0.0
843,0.303,0.0
848,0.303,0.0
844,0.303,0.0
849,0.303,0.0
845,0.303,0.0
850,0.303,0.0
846,0.303,0.0
851,0.303,0.0
847,0.303,0.0
852,0.303,0.0
848,0.303,0.0
853,0.303,0.0
849,0.303,0.0
854,0.303,0.0
850,0.303,0.0
855,0.303,0.0
851,0.303,0.0
856,0.303,0.0
852,0.303,0.0
857,0.303,0.0
853,0.303,0.0
858,0.303,0.0
854,0.303,0.0
859,0.303,0.0
855,0.303,0.0
860,0.303,0.0
856,0.303,0.0
861,0.303,0.0
857,0.303,0.0
862,0.303,0.0
858,0.303,0.0
863,0.303,0.0
859,0.303,0.0
864,0.303,0.0
860,0.303,0.0
865,0.303,0.0
861,0.303,0.0
866,0.303,0.0
862,0.303,0.0
867,0.303,0.0
863,0.303,0.0
868,0.303,0.0
864,0.303,0.0
869,0.303,0.0
865,0.303,0.0
870,0.303,0.0
866,0.303,0.0
871,0.303,0.0
867,0.303,0.0
872,0.303,0.0
868,0.303,0.0
873,0.303,0.0
869,0.303,0.0
874,0.303,0.0
870,0.303,0.0
875,0.303,0.0
871,0.303,0.0
876,0.303,0.0
872,0.303,0.0
877,0.303,0.0
873,0.303,0.0
878,0.303,0.0
874,0.303,0.0
879,0.303,0.0
875,0.303,0.0
880,0.303,0.0
876,0.303,0.0
881,0.303,0.0
877,0.303,0.0
882,0.303,0.0
878,0.303,0.0
883,0.303,0.0
879,0.303,0.0
884,0.303,0.0
880,0.303,0.0
885,0.303,0.0
881,0.303,0.0
886,0.303,0.0
882,0.303,0.0
887,0.303,0.0
883,0.303,0.0
888,0.303,0.0
884,0.303,0.0
889,0.303,0.0
885,0.303,0.0
890,0.303,0.0
886,0.303,0.0
891,0.303,0.0
887,0.303,0.0
892,0.303,0.0
888,0.303,0.0
893,0.303,0.0
889,0.303,0.0
894,0.303,0.0
890,0.303,0.0
895,0.303,0.0
891,0.303,0.0
896,0.303,0.0
892,0.303,0.0
897,0.303,0.0
893,0.303,0.0
898,0.303,0.0
894,0.303,0.0
899,0.303,0.0
895,0.303,0.0
900,0.303,0.0
896,0.303,0.0
901,0.303,0.0
897,0.303,0.0
902,0.303,0.0
898,0.303,0.0
903,0.303,0.0
899,0.303,0.0
904,0.303,0.0
900,0.303,0.0
905,0.303,0.0
901,0.303,0.0
906,0.303,0.0
902,0.303,0.0
907,0.303,0.0
903,0.303,0.0
908,0.303,0.0
904,0.303,0.0
909,0.303,0.0
905,0.303,0.0
910,0.303,0.0
906,0.303,0.0
911,0.303,0.0
907,0.303,0.0
912,0.303,0.0
908,0.303,0.0
913,0.303,0.0
909,0.303,0.0
914,0.303,0.0
910,0.303,0.0
915,0.303,0.0
911,0.303,0.0
916,0.303,0.0
912,0.303,0.0
917,0.303,0.0
913,0.303,0.0
918,0.303,0.0
914,0.303,0.0
919,0.303,0.0
915,0.303,0.0
920,0.303,0.0
916,0.303,0.0
921,0.303,0.0
917,0.303,0.0
922,0.303,0.0
923,0.303,0.0
918,0.303,0.0
924,0.303,0.0
919,0.303,0.0
925,0.303,0.0
920,0.303,0.0
926,0.303,0.0
921,0.303,0.0
927,0.303,0.0
922,0.303,0.0
923,0.303,0.0
928,0.303,0.0
924,0.303,0.0
929,0.303,0.0
930,0.303,0.0
925,0.303,0.0
931,0.303,0.0
926,0.303,0.0
932,0.303,0.0
927,0.303,0.0
933,0.303,0.0
928,0.303,0.0
929,0.303,0.0
934,0.303,0.0
930,0.303,0.0
935,0.303,0.0
931,0.303,0.0
936,0.303,0.0
932,0.303,0.0
937,0.303,0.0
933,0.303,0.0
938,0.303,0.0
934,0.303,0.0
939,0.303,0.0
935,0.303,0.0
940,0.303,0.0
936,0.303,0.0
941,0.303,0.0
937,0.303,0.0
942,0.303,0.0
938,0.303,0.0
943,0.303,0.0
939,0.303,0.0
944,0.303,0.0
940,0.303,0.0
945,0.303,0.0
941,0.303,0.0
946,0.303,0.0
942,0.303,0.0
947,0.303,0.0
943,0.303,0.0
948,0.303,0.0
944,0.303,0.0
949,0.303,0.0
945,0.303,0.0
950,0.303,0.0
946,0.303,0.0
951,0.303,0.0
947,0.303,0.0
952,0.303,0.0
948,0.303,0.0
953,0.303,0.0
949,0.303,0.0
954,0.303,0.0
950,0.303,0.0
955,0.303,0.0
951,0.303,0.0
956,0.303,0.0
952,0.303,0.0
957,0.303,0.0
953,0.303,0.0
958,0.303,0.0
954,0.303,0.0
959,0.303,0.0
955,0.303,0.0
960,0.303,0.0
956,0.303,0.0
961,0.303,0.0
957,0.303,0.0
962,0.303,0.0
958,0.303,0.0
963,0.303,0.0
959,0.303,0.0
964,0.303,0.0
960,0.303,0.0
965,0.303,0.0
961,0.303,0.0
966,0.303,0.0
962,0.303,0.0
967,0.303,0.0
963,0.303,0.0
968,0.303,0.0
964,0.303,0.0
969,0.303,0.0
965,0.303,0.0
970,0.303,0.0
966,0.303,0.0
971,0.303,0.0
967,0.303,0.0
972,0.303,0.0
968,0.303,0.0
973,0.303,0.0
969,0.303,0.0
974,0.303,0.0
970,0.303,0.0
975,0.303,0.0
971,0.303,0.0
976,0.303,0.0
972,0.303,0.0
977,0.303,0.0
973,0.303,0.0
978,0.303,0.0
974,0.303,0.0
979,0.303,0.0
975,0.303,0.0
980,0.303,0.0
976,0.303,0.0
981,0.303,0.0
977,0.303,0.0
982,0.303,0.0
978,0.303,0.0
983,0.303,0.0
979,0.303,0.0
984,0.303,0.0
980,0.303,0.0
985,0.303,0.0
981,0.303,0.0
986,0.303,0.0
982,0.303,0.0
987,0.303,0.0
983,0.303,0.0
988,0.303,0.0
984,0.303,0.0
989,0.303,0.0
985,0.303,0.0
990,0.303,0.0
986,0.303,0.0
991,0.303,0.0
987,0.303,0.0
992,0.303,0.0
988,0.303,0.0
993,0.303,0.0
989,0.303,0.0
994,0.303,0.0
990,0.303,0.0
995,0.303,0.0
991,0.303,0.0
996,0.303,0.0
992,0.303,0.0
997,0.303,0.0
993,0.303,0.0
998,0.303,0.0
994,0.303,0.0
999,0.303,0.0
995,0.303,0.0
1000,0.303,0.0
996,0.303,0.0
997,0.303,0.0
998,0.303,0.0
999,0.303,0.0
1000,0.303,0.0
1,0.303,0.0
1,0.303,0.0
2,0.303,0.0
2,0.303,0.0
3,0.303,0.0
3,0.303,0.0
1,0.304,0.0
1,0.304,0.0
1,0.304,0.0
2,0.304,0.0
2,0.304,0.0
2,0.304,0.0
3,0.304,0.0
3,0.304,0.0
3,0.304,0.0
4,0.304,0.0
4,0.304,0.0
4,0.304,0.0
5,0.304,0.0
5,0.304,0.0
5,0.304,0.0
6,0.304,0.0
6,0.304,0.0
6,0.304,0.0
7,0.304,0.0
7,0.304,0.0
7,0.304,0.0
8,0.304,0.0
8,0.304,0.0
8,0.304,0.0
9,0.304,0.0
9,0.304,0.0
9,0.304,0.0
10,0.304,0.0
10,0.304,0.0
10,0.304,0.0
11,0.304,0.0
11,0.304,0.0
11,0.304,0.0
12,0.304,0.0
12,0.304,0.0
12,0.304,0.0
13,0.304,0.0
13,0.304,0.0
13,0.304,0.0
14,0.304,0.0
14,0.304,0.0
14,0.304,0.0
15,0.304,0.0
15,0.304,0.0
15,0.304,0.0
16,0.304,0.0
16,0.304,0.0
16,0.304,0.0
17,0.304,0.0
17,0.304,0.0
18,0.304,0.0
17,0.304,0.0
18,0.304,0.0
19,0.304,0.0
19,0.304,0.0
18,0.304,0.0
20,0.304,0.0
20,0.304,0.0
19,0.304,0.0
21,0.304,0.0
21,0.304,0.0
20,0.304,0.0
22,0.304,0.0
22,0.304,0.0
21,0.304,0.0
23,0.304,0.0
23,0.304,0.0
22,0.304,0.0
24,0.304,0.0
24,0.304,0.0
23,0.304,0.0
25,0.304,0.0
25,0.304,0.0
24,0.304,0.0
26,0.304,0.0
26,0.304,0.0
25,0.304,0.0
27,0.304,0.0
27,0.304,0.0
26,0.304,0.0
28,0.304,0.0
28,0.304,0.0
27,0.304,0.0
29,0.304,0.0
29,0.304,0.0
28,0.304,0.0
30,0.304,0.0
30,0.304,0.0
29,0.304,0.0
31,0.304,0.0
31,0.304,0.0
30,0.304,0.0
32,0.304,0.0
32,0.304,0.0
31,0.304,0.0
33,0.304,0.0
33,0.304,0.0
32,0.304,0.0
34,0.304,0.0
34,0.304,0.0
33,0.304,0.0
35,0.304,0.0
35,0.304,0.0
34,0.304,0.0
36,0.304,0.0
36,0.304,0.0
35,0.304,0.0
37,0.304,0.0
37,0.304,0.0
36,0.304,0.0
38,0.304,0.0
38,0.304,0.0
37,0.304,0.0
39,0.304,0.0
39,0.304,0.0
38,0.304,0.0
40,0.304,0.0
40,0.304,0.0
39,0.304,0.0
41,0.304,0.0
41,0.304,0.0
40,0.304,0.0
42,0.304,0.0
42,0.304,0.0
41,0.304,0.0126953125
43,0.304,0.0
43,0.304,0.0
42,0.304,0.0
44,0.304,0.0
44,0.304,0.0
43,0.304,0.0
45,0.304,0.0
45,0.304,0.0
44,0.304,0.0
46,0.304,0.0
46,0.304,0.0
45,0.304,0.0
47,0.304,0.0
47,0.304,0.0
46,0.304,0.0
48,0.304,0.0
48,0.304,0.0
47,0.304,0.0
49,0.304,0.0
49,0.304,0.0
48,0.304,0.0
50,0.304,0.0
50,0.304,0.0
49,0.304,0.0
51,0.304,0.0
51,0.304,0.0
50,0.304,0.0
52,0.304,0.0
52,0.304,0.0
51,0.304,0.0
53,0.304,0.0
53,0.304,0.0
52,0.304,0.0
54,0.304,0.0
54,0.304,0.0
53,0.304,0.0
55,0.304,0.0
55,0.304,0.0
54,0.304,0.0
56,0.304,0.0
56,0.304,0.0
55,0.304,0.0
57,0.304,0.0
57,0.304,0.0
56,0.304,0.0
58,0.304,0.0
58,0.304,0.0
57,0.304,0.0
59,0.304,0.0
59,0.304,0.0
58,0.304,0.0
60,0.304,0.0
60,0.304,0.0
59,0.304,0.0
61,0.304,0.0
61,0.304,0.0
60,0.304,0.0
62,0.304,0.0
62,0.304,0.0
61,0.304,0.0
63,0.304,0.0
63,0.304,0.0
62,0.304,0.0
64,0.304,0.0
64,0.304,0.0
63,0.304,0.0
65,0.304,0.0
65,0.304,0.0
64,0.304,0.0
66,0.304,0.0
66,0.304,0.0
65,0.304,0.0
67,0.304,0.0
67,0.304,0.0
66,0.304,0.0
68,0.304,0.0
68,0.304,0.0
67,0.304,0.0
69,0.304,0.0
69,0.304,0.0
68,0.304,0.0
70,0.304,0.0
70,0.304,0.0
69,0.304,0.0
71,0.304,0.0
71,0.304,0.0
70,0.304,0.0
72,0.304,0.0
72,0.304,0.0
71,0.304,0.0
73,0.304,0.0
73,0.304,0.0
72,0.304,0.0
74,0.304,0.0
74,0.304,0.0
73,0.304,0.0
75,0.304,0.0
75,0.304,0.0
74,0.304,0.0
76,0.304,0.0
76,0.304,0.0
75,0.304,0.0
77,0.304,0.0
77,0.304,0.0
76,0.304,0.0
78,0.304,0.0
78,0.304,0.0
77,0.304,0.0
79,0.304,0.0
79,0.304,0.0
78,0.304,0.0
80,0.304,0.0
80,0.304,0.0
79,0.304,0.0
81,0.304,0.0
81,0.304,0.0
80,0.304,0.0
82,0.304,0.0
82,0.304,0.0
81,0.304,0.0
83,0.304,0.0
83,0.304,0.0
82,0.304,0.0
84,0.304,0.0
84,0.304,0.0
83,0.304,0.0
85,0.304,0.0166015625
85,0.304,0.0
84,0.304,0.0
86,0.304,0.0
86,0.304,0.0
85,0.304,0.0
87,0.304,0.0
87,0.304,0.0
86,0.304,0.0
88,0.304,0.0
88,0.304,0.0
87,0.304,0.0
89,0.304,0.0
89,0.304,0.0
88,0.304,0.0
90,0.304,0.0
90,0.304,0.0
89,0.304,0.0
91,0.304,0.0
91,0.304,0.0
90,0.304,0.0
92,0.304,0.0
92,0.304,0.0
91,0.304,0.0
93,0.304,0.0
93,0.304,0.0
92,0.304,0.0
94,0.304,0.0
94,0.304,0.0
93,0.304,0.0
95,0.304,0.0
95,0.304,0.0
94,0.304,0.0
96,0.304,0.0
96,0.304,0.0
95,0.304,0.0
97,0.304,0.0
97,0.304,0.0
98,0.304,0.0
96,0.304,0.0
98,0.304,0.0
99,0.304,0.0
97,0.304,0.0
99,0.304,0.0
100,0.304,0.0
98,0.304,0.0
100,0.304,0.0
101,0.304,0.0
99,0.304,0.0
101,0.304,0.0
102,0.304,0.0
100,0.304,0.0
102,0.304,0.0
103,0.304,0.0
101,0.304,0.0
103,0.304,0.0
104,0.304,0.0
102,0.304,0.0
104,0.304,0.0
105,0.304,0.0
103,0.304,0.0
105,0.304,0.0
106,0.304,0.0
104,0.304,0.0
106,0.304,0.0
107,0.304,0.0
105,0.304,0.0
107,0.304,0.0
108,0.304,0.0
106,0.304,0.0
108,0.304,0.0
109,0.304,0.0
107,0.304,0.0
109,0.304,0.0
110,0.304,0.0
108,0.304,0.0
110,0.304,0.0
111,0.304,0.0
109,0.304,0.0
111,0.304,0.0
112,0.304,0.0
110,0.304,0.0
112,0.304,0.0
113,0.304,0.0
111,0.304,0.0
113,0.304,0.0
114,0.304,0.0
112,0.304,0.0
114,0.304,0.0
115,0.304,0.0
113,0.304,0.0
115,0.304,0.0
116,0.304,0.0
114,0.304,0.0
116,0.304,0.0
117,0.304,0.0
115,0.304,0.0
117,0.304,0.0
118,0.304,0.0
116,0.304,0.0
118,0.304,0.0
119,0.304,0.0
117,0.304,0.0
119,0.304,0.0
120,0.304,0.0
118,0.304,0.0
120,0.304,0.0
121,0.304,0.0
119,0.304,0.0
121,0.304,0.0
122,0.304,0.0
120,0.304,0.0
122,0.304,0.0
123,0.304,0.0
121,0.304,0.0
123,0.304,0.0
124,0.304,0.0
122,0.304,0.0
124,0.304,0.0
125,0.304,0.0
123,0.304,0.0
125,0.304,0.0
126,0.304,0.0
124,0.304,0.0
126,0.304,0.0
127,0.304,0.0
125,0.304,0.0
127,0.304,0.0
128,0.304,0.0
126,0.304,0.0
128,0.304,0.0
129,0.304,0.0
127,0.304,0.0
129,0.304,0.0
130,0.304,0.0
128,0.304,0.0
130,0.304,0.0
131,0.304,0.0
129,0.304,0.0
131,0.304,0.0
132,0.304,0.0
130,0.304,0.0
132,0.304,0.0
133,0.304,0.0
131,0.304,0.0
133,0.304,0.0
134,0.304,0.0
132,0.304,0.0
134,0.304,0.0
135,0.304,0.0
133,0.304,0.0
135,0.304,0.0
136,0.304,0.0
134,0.304,0.0
136,0.304,0.0
137,0.304,0.0
135,0.304,0.0
137,0.304,0.0
138,0.304,0.0
136,0.304,0.0
138,0.304,0.0
139,0.304,0.0
137,0.304,0.0
139,0.304,0.0
140,0.304,0.0
138,0.304,0.0
140,0.304,0.0
141,0.304,0.0
139,0.304,0.0
141,0.304,0.0
142,0.304,0.0
140,0.304,0.0
142,0.304,0.0
143,0.304,0.0
141,0.304,0.0
143,0.304,0.0
144,0.304,0.0
142,0.304,0.0
144,0.304,0.0
145,0.304,0.0
143,0.304,0.0
145,0.304,0.0
146,0.304,0.0
144,0.304,0.0
146,0.304,0.0
147,0.304,0.0
145,0.304,0.0
147,0.304,0.0
148,0.304,0.0
146,0.304,0.0
148,0.304,0.0
149,0.304,0.0
147,0.304,0.0
149,0.304,0.0
150,0.304,0.0
148,0.304,0.0
150,0.304,0.0
151,0.304,0.0
149,0.304,0.0
151,0.304,0.0
152,0.304,0.0
150,0.304,0.0
152,0.304,0.0
153,0.304,0.0
151,0.304,0.0
153,0.304,0.0
154,0.304,0.0
152,0.304,0.0
154,0.304,0.0
155,0.304,0.0
153,0.304,0.0
155,0.304,0.0
156,0.304,0.0
154,0.304,0.0
156,0.304,0.0
157,0.304,0.0
155,0.304,0.0
157,0.304,0.0
158,0.304,0.0
156,0.304,0.0
158,0.304,0.0
159,0.304,0.0
157,0.304,0.0
159,0.304,0.0
160,0.304,0.0
158,0.304,0.0
160,0.304,0.0
161,0.304,0.0
159,0.304,0.0
161,0.304,0.0
162,0.304,0.0
160,0.304,0.0
162,0.304,0.0
163,0.304,0.0
161,0.304,0.0
163,0.304,0.0
164,0.304,0.0
162,0.304,0.0
164,0.304,0.0
165,0.304,0.0
163,0.304,0.0
165,0.304,0.0
166,0.304,0.0
164,0.304,0.0
166,0.304,0.0
167,0.304,0.0
165,0.304,0.0
167,0.304,0.0
168,0.304,0.0
166,0.304,0.0
168,0.304,0.0
169,0.304,0.0
167,0.304,0.0
169,0.304,0.0
170,0.304,0.0
168,0.304,0.0
170,0.304,0.0
171,0.304,0.0
169,0.304,0.0
171,0.304,0.0
172,0.304,0.0
170,0.304,0.0
172,0.304,0.0
173,0.304,0.0
171,0.304,0.0
173,0.304,0.0
174,0.304,0.0
172,0.304,0.0
174,0.304,0.0
175,0.304,0.0
173,0.304,0.0
175,0.304,0.0
176,0.304,0.0
174,0.304,0.0
176,0.304,0.0
177,0.304,0.0
175,0.304,0.0
177,0.304,0.0
178,0.304,0.0
176,0.304,0.0
178,0.304,0.0
179,0.304,0.0
177,0.304,0.0
179,0.304,0.0
180,0.304,0.0
178,0.304,0.0
180,0.304,0.0
181,0.304,0.0
179,0.304,0.0
181,0.304,0.0
182,0.304,0.0
180,0.304,0.0
182,0.304,0.0
183,0.304,0.0
181,0.304,0.0
183,0.304,0.0
184,0.304,0.0
182,0.304,0.0
184,0.304,0.0
185,0.304,0.0
185,0.304,0.0
183,0.304,0.0
186,0.304,0.0
186,0.304,0.0
184,0.304,0.0
187,0.304,0.0
187,0.304,0.0
185,0.304,0.0
188,0.304,0.0
188,0.304,0.0
186,0.304,0.0
189,0.304,0.0
189,0.304,0.0
187,0.304,0.0
190,0.304,0.0
190,0.304,0.0
188,0.304,0.0
191,0.304,0.0
191,0.304,0.0
189,0.304,0.0
192,0.304,0.0
192,0.304,0.0
190,0.304,0.0
193,0.304,0.0
193,0.304,0.0
191,0.304,0.0
194,0.304,0.0
194,0.304,0.0
192,0.304,0.0
195,0.304,0.0
195,0.304,0.0
196,0.304,0.0
193,0.304,0.0
196,0.304,0.0
197,0.304,0.0
194,0.304,0.0
197,0.304,0.0
198,0.304,0.0
195,0.304,0.0
198,0.304,0.0
199,0.304,0.0
196,0.304,0.0
199,0.304,0.0
200,0.304,0.0
197,0.304,0.0
200,0.304,0.0
201,0.304,0.0
198,0.304,0.0
201,0.304,0.0166015625
202,0.304,0.0
199,0.304,0.0
202,0.304,0.0
203,0.304,0.0
200,0.304,0.0
203,0.304,0.0
204,0.304,0.0
201,0.304,0.0
204,0.304,0.0
205,0.304,0.0
202,0.304,0.0
205,0.304,0.0
206,0.304,0.0
203,0.304,0.0
206,0.304,0.0
207,0.304,0.0
204,0.304,0.0
207,0.304,0.0
208,0.304,0.0
205,0.304,0.0
208,0.304,0.0
209,0.304,0.0
206,0.304,0.0
209,0.304,0.0
210,0.304,0.0
207,0.304,0.0
211,0.304,0.0
210,0.304,0.0
208,0.304,0.0
212,0.304,0.0
211,0.304,0.0
209,0.304,0.0
213,0.304,0.0
212,0.304,0.0
210,0.304,0.0
214,0.304,0.0
213,0.304,0.0
211,0.304,0.0
215,0.304,0.0
214,0.304,0.0
212,0.304,0.0
216,0.304,0.0
215,0.304,0.0
213,0.304,0.0
217,0.304,0.0
216,0.304,0.0
214,0.304,0.0
218,0.304,0.0
217,0.304,0.0
215,0.304,0.0
219,0.304,0.0
218,0.304,0.0
216,0.304,0.0
220,0.304,0.0
219,0.304,0.0
217,0.304,0.0
221,0.304,0.0
220,0.304,0.0
218,0.304,0.0
222,0.304,0.0
221,0.304,0.0
219,0.304,0.0
223,0.304,0.0
222,0.304,0.0
220,0.304,0.0
224,0.304,0.0
223,0.304,0.0
221,0.304,0.0
225,0.304,0.0
224,0.304,0.0
222,0.304,0.0
226,0.304,0.0
225,0.304,0.0
223,0.304,0.0
227,0.304,0.0
226,0.304,0.0
224,0.304,0.0
228,0.304,0.0
227,0.304,0.0
225,0.304,0.0
229,0.304,0.0
228,0.304,0.0
226,0.304,0.0
230,0.304,0.0
229,0.304,0.0
227,0.304,0.0
231,0.304,0.0
230,0.304,0.0
228,0.304,0.0
232,0.304,0.0
231,0.304,0.0
229,0.304,0.0
233,0.304,0.0
232,0.304,0.0
230,0.304,0.0
234,0.304,0.0
233,0.304,0.0
231,0.304,0.0
235,0.304,0.0
234,0.304,0.0
232,0.304,0.0
236,0.304,0.0
235,0.304,0.0
233,0.304,0.0
237,0.304,0.0
236,0.304,0.0
234,0.304,0.0
238,0.304,0.0
237,0.304,0.0
235,0.304,0.0
239,0.304,0.0
238,0.304,0.0
236,0.304,0.0
240,0.304,0.0
239,0.304,0.0
237,0.304,0.0
241,0.304,0.0
240,0.304,0.0
238,0.304,0.0
242,0.304,0.0
241,0.304,0.0
239,0.304,0.0
243,0.304,0.0
242,0.304,0.0
240,0.304,0.0
244,0.304,0.0
243,0.304,0.0
241,0.304,0.0
245,0.304,0.0
244,0.304,0.0
242,0.304,0.0
246,0.304,0.0
245,0.304,0.0
243,0.304,0.0
247,0.304,0.0
246,0.304,0.0
244,0.304,0.0
248,0.304,0.0
247,0.304,0.0
245,0.304,0.0
249,0.304,0.0
248,0.304,0.0
246,0.304,0.0
250,0.304,0.0
249,0.304,0.0
247,0.304,0.0
251,0.304,0.0
250,0.304,0.0
248,0.304,0.0
252,0.304,0.0
251,0.304,0.0
249,0.304,0.0
253,0.304,0.0
252,0.304,0.0
250,0.304,0.0
254,0.304,0.0
253,0.304,0.0
251,0.304,0.0
255,0.304,0.0
254,0.304,0.0
252,0.304,0.0
256,0.304,0.0
255,0.304,0.0
253,0.304,0.0
257,0.304,0.0
256,0.304,0.0
254,0.304,0.0
258,0.304,0.0
257,0.304,0.0
255,0.304,0.0
259,0.304,0.0
258,0.304,0.0
256,0.304,0.0
260,0.304,0.0
259,0.304,0.0
257,0.304,0.0
261,0.304,0.0
260,0.304,0.0
258,0.304,0.0
262,0.304,0.0
261,0.304,0.0
259,0.304,0.0
263,0.304,0.0
262,0.304,0.0
260,0.304,0.0
264,0.304,0.0
263,0.304,0.0
261,0.304,0.0
265,0.304,0.0
264,0.304,0.0
262,0.304,0.0
266,0.304,0.0
265,0.304,0.0
263,0.304,0.0
267,0.304,0.0
266,0.304,0.0
264,0.304,0.0
268,0.304,0.0
267,0.304,0.0
265,0.304,0.0
269,0.304,0.0
268,0.304,0.0
266,0.304,0.0
270,0.304,0.0
269,0.304,0.0
267,0.304,0.0
271,0.304,0.0
270,0.304,0.0
268,0.304,0.0
272,0.304,0.0
271,0.304,0.0
269,0.304,0.0
273,0.304,0.0
272,0.304,0.0
270,0.304,0.0
274,0.304,0.0
273,0.304,0.0
271,0.304,0.0
275,0.304,0.0
274,0.304,0.0
272,0.304,0.0
276,0.304,0.0
275,0.304,0.0
273,0.304,0.0
277,0.304,0.0
276,0.304,0.0
274,0.304,0.0
278,0.304,0.0
277,0.304,0.0
275,0.304,0.0
279,0.304,0.0
278,0.304,0.0
276,0.304,0.0
280,0.304,0.0
279,0.304,0.0
277,0.304,0.0
281,0.304,0.0
280,0.304,0.0
278,0.304,0.0
282,0.304,0.0
281,0.304,0.0
279,0.304,0.0
283,0.304,0.0
282,0.304,0.0
280,0.304,0.0
284,0.304,0.0
283,0.304,0.0
281,0.304,0.0
285,0.304,0.0
284,0.304,0.0
282,0.304,0.0
286,0.304,0.0
285,0.304,0.0
283,0.304,0.0
287,0.304,0.0
286,0.304,0.0
284,0.304,0.0
288,0.304,0.0
287,0.304,0.0
285,0.304,0.0
289,0.304,0.0
288,0.304,0.0
286,0.304,0.0
290,0.304,0.0
289,0.304,0.0
287,0.304,0.0
291,0.304,0.0
290,0.304,0.0
288,0.304,0.0
292,0.304,0.0
291,0.304,0.0
289,0.304,0.0
293,0.304,0.0
292,0.304,0.0
290,0.304,0.0
294,0.304,0.0
293,0.304,0.0
291,0.304,0.0
295,0.304,0.0
294,0.304,0.0
292,0.304,0.0
296,0.304,0.0
295,0.304,0.0
297,0.304,0.0
293,0.304,0.0
296,0.304,0.0
298,0.304,0.0
294,0.304,0.0
297,0.304,0.0
299,0.304,0.0
295,0.304,0.0
298,0.304,0.0
300,0.304,0.0
296,0.304,0.0
299,0.304,0.0
301,0.304,0.0
297,0.304,0.0
300,0.304,0.0
302,0.304,0.0
298,0.304,0.0
301,0.304,0.0
303,0.304,0.0
299,0.304,0.0
302,0.304,0.0
304,0.304,0.0
300,0.304,0.0
303,0.304,0.0
305,0.304,0.0
301,0.304,0.0
304,0.304,0.0
306,0.304,0.0
302,0.304,0.0
305,0.304,0.0
307,0.304,0.0
303,0.304,0.0
306,0.304,0.0
308,0.304,0.0
304,0.304,0.0
307,0.304,0.0
309,0.304,0.0
305,0.304,0.0
308,0.304,0.0
310,0.304,0.0
306,0.304,0.0
309,0.304,0.0
311,0.304,0.0
307,0.304,0.0
310,0.304,0.0
312,0.304,0.0
308,0.304,0.0
311,0.304,0.0
313,0.304,0.0
309,0.304,0.0
312,0.304,0.0
314,0.304,0.0
310,0.304,0.0
313,0.304,0.0
315,0.304,0.0
311,0.304,0.0
314,0.304,0.0
316,0.304,0.0
312,0.304,0.0
315,0.304,0.0
317,0.304,0.0
313,0.304,0.0
316,0.304,0.0
318,0.304,0.0
314,0.304,0.0
317,0.304,0.0
319,0.304,0.0
315,0.304,0.0
318,0.304,0.0
320,0.304,0.0
316,0.304,0.0
319,0.304,0.0
321,0.304,0.0
317,0.304,0.0
320,0.304,0.0
322,0.304,0.0
318,0.304,0.0
321,0.304,0.0
323,0.304,0.0
319,0.304,0.0
322,0.304,0.0
324,0.304,0.0
320,0.304,0.0
323,0.304,0.0
325,0.304,0.0
321,0.304,0.0
324,0.304,0.0
326,0.304,0.0
322,0.304,0.0
325,0.304,0.0
327,0.304,0.0
323,0.304,0.0
326,0.304,0.0
328,0.304,0.0
324,0.304,0.0
327,0.304,0.0
329,0.304,0.0
325,0.304,0.0
328,0.304,0.0
330,0.304,0.0
326,0.304,0.0
329,0.304,0.0
331,0.304,0.0
327,0.304,0.0
330,0.304,0.0
332,0.304,0.0
328,0.304,0.0
331,0.304,0.0
333,0.304,0.0
329,0.304,0.0
332,0.304,0.0
334,0.304,0.0
330,0.304,0.0
333,0.304,0.0
335,0.304,0.0
331,0.304,0.0
334,0.304,0.0
336,0.304,0.0
332,0.304,0.0
335,0.304,0.0
337,0.304,0.0
333,0.304,0.0
336,0.304,0.0
338,0.304,0.0
334,0.304,0.0
337,0.304,0.0
339,0.304,0.0
335,0.304,0.0
338,0.304,0.0
340,0.304,0.0
336,0.304,0.0
339,0.304,0.0
341,0.304,0.0
337,0.304,0.0
340,0.304,0.0
342,0.304,0.0
338,0.304,0.0
341,0.304,0.0
343,0.304,0.0
339,0.304,0.0
342,0.304,0.0
344,0.304,0.0
340,0.304,0.0
343,0.304,0.0
345,0.304,0.0
341,0.304,0.0
344,0.304,0.0
346,0.304,0.0
342,0.304,0.0
345,0.304,0.0
347,0.304,0.0
343,0.304,0.0
346,0.304,0.0
348,0.304,0.0
344,0.304,0.0
347,0.304,0.0
349,0.304,0.0
345,0.304,0.0
348,0.304,0.0
350,0.304,0.0
346,0.304,0.0
349,0.304,0.0
351,0.304,0.0
347,0.304,0.0
350,0.304,0.0
352,0.304,0.0
348,0.304,0.0
351,0.304,0.0
353,0.304,0.0
349,0.304,0.0
352,0.304,0.0
354,0.304,0.0
350,0.304,0.0
353,0.304,0.0
355,0.304,0.0
351,0.304,0.0
354,0.304,0.0
356,0.304,0.0
352,0.304,0.0
355,0.304,0.0
357,0.304,0.0
353,0.304,0.0
356,0.304,0.0
358,0.304,0.0
354,0.304,0.0
357,0.304,0.0
359,0.304,0.0
355,0.304,0.0
358,0.304,0.0
360,0.304,0.0
356,0.304,0.0
359,0.304,0.0
361,0.304,0.0
357,0.304,0.0
360,0.304,0.0
362,0.304,0.0
358,0.304,0.0
361,0.304,0.0
363,0.304,0.0
359,0.304,0.0
362,0.304,0.0
364,0.304,0.0
360,0.304,0.0
363,0.304,0.0
365,0.304,0.0
361,0.304,0.0
364,0.304,0.0
366,0.304,0.0
365,0.304,0.0
362,0.304,0.0
367,0.304,0.0
366,0.304,0.0
363,0.304,0.0
368,0.304,0.0
367,0.304,0.0
364,0.304,0.0
369,0.304,0.0
368,0.304,0.0
365,0.304,0.0
370,0.304,0.0
369,0.304,0.0
366,0.304,0.0
371,0.304,0.0
370,0.304,0.0
367,0.304,0.0
372,0.304,0.0
371,0.304,0.0
368,0.304,0.0
373,0.304,0.0
372,0.304,0.0
369,0.304,0.0
374,0.304,0.0
373,0.304,0.0
370,0.304,0.0
375,0.304,0.0
374,0.304,0.0
376,0.304,0.0
371,0.304,0.0
375,0.304,0.0
377,0.304,0.0
372,0.304,0.0
376,0.304,0.0
378,0.304,0.0
373,0.304,0.0
377,0.304,0.0
379,0.304,0.0
374,0.304,0.0
378,0.304,0.0
380,0.304,0.0
375,0.304,0.0
379,0.304,0.0
381,0.304,0.0
376,0.304,0.0
380,0.304,0.0
382,0.304,0.0
377,0.304,0.0
381,0.304,0.0
383,0.304,0.0
378,0.304,0.0
382,0.304,0.0
384,0.304,0.0
379,0.304,0.0
383,0.304,0.0
385,0.304,0.0
380,0.304,0.0
384,0.304,0.0
386,0.304,0.0
381,0.304,0.0
385,0.304,0.0
387,0.304,0.0
382,0.304,0.0
386,0.304,0.0
388,0.304,0.0
383,0.304,0.0
387,0.304,0.0
389,0.304,0.0
384,0.304,0.0
388,0.304,0.0
390,0.304,0.0
385,0.304,0.0
389,0.304,0.0
391,0.304,0.0
386,0.304,0.0
390,0.304,0.0
392,0.304,0.0
387,0.304,0.0
391,0.304,0.0
393,0.304,0.0
388,0.304,0.0
392,0.304,0.0
394,0.304,0.0
389,0.304,0.0
395,0.304,0.0
393,0.304,0.0
390,0.304,0.0
396,0.304,0.0
394,0.304,0.0
391,0.304,0.0
397,0.304,0.0
395,0.304,0.0
392,0.304,0.0
398,0.304,0.0
396,0.304,0.0
393,0.304,0.0
399,0.304,0.0
397,0.304,0.0
394,0.304,0.0
400,0.304,0.0
398,0.304,0.0
395,0.304,0.0
401,0.304,0.0
399,0.304,0.0
396,0.304,0.0
402,0.304,0.0
400,0.304,0.0
397,0.304,0.0
403,0.304,0.0
401,0.304,0.0
398,0.304,0.0
404,0.304,0.0
402,0.304,0.0
399,0.304,0.0
405,0.304,0.0
403,0.304,0.0
400,0.304,0.0
406,0.304,0.0
404,0.304,0.0
401,0.304,0.0
407,0.304,0.0
405,0.304,0.0
402,0.304,0.0
408,0.304,0.0
406,0.304,0.0
403,0.304,0.0
409,0.304,0.0
407,0.304,0.0
404,0.304,0.0
410,0.304,0.0
408,0.304,0.0
405,0.304,0.0
411,0.304,0.0
409,0.304,0.0
406,0.304,0.0166015625
412,0.304,0.0
410,0.304,0.0
407,0.304,0.0
413,0.304,0.0
411,0.304,0.0
408,0.304,0.0
414,0.304,0.0
412,0.304,0.0
409,0.304,0.0
415,0.304,0.0
413,0.304,0.0
410,0.304,0.0
416,0.304,0.0
414,0.304,0.0
411,0.304,0.0
417,0.304,0.0
415,0.304,0.0
412,0.304,0.0
418,0.304,0.0
416,0.304,0.0
413,0.304,0.0
419,0.304,0.0
417,0.304,0.0
414,0.304,0.0
420,0.304,0.0
418,0.304,0.0
415,0.304,0.0
421,0.304,0.0
419,0.304,0.0
416,0.304,0.0
422,0.304,0.0
420,0.304,0.0
417,0.304,0.0
423,0.304,0.0
421,0.304,0.0
418,0.304,0.0
424,0.304,0.0
422,0.304,0.0
419,0.304,0.0
425,0.304,0.0
423,0.304,0.0
420,0.304,0.0
426,0.304,0.0
424,0.304,0.0
421,0.304,0.0
427,0.304,0.0
425,0.304,0.0
422,0.304,0.0
428,0.304,0.0
426,0.304,0.0
423,0.304,0.0
429,0.304,0.0
427,0.304,0.0
424,0.304,0.0
430,0.304,0.0
428,0.304,0.0
425,0.304,0.0
431,0.304,0.0
429,0.304,0.0
426,0.304,0.0
432,0.304,0.0
430,0.304,0.0
427,0.304,0.0
433,0.304,0.0
431,0.304,0.005859375
428,0.304,0.0
434,0.304,0.0
432,0.304,0.0
429,0.304,0.0
435,0.304,0.0
433,0.304,0.0
430,0.304,0.0
436,0.304,0.0
434,0.304,0.0
431,0.304,0.0
437,0.304,0.0
435,0.304,0.0
432,0.304,0.0
438,0.304,0.0
436,0.304,0.0
433,0.304,0.0
439,0.304,0.0
437,0.304,0.0
434,0.304,0.0
440,0.304,0.0
438,0.304,0.0
435,0.304,0.0
441,0.304,0.0
439,0.304,0.0
436,0.304,0.0
442,0.304,0.0
440,0.304,0.0
437,0.304,0.0
443,0.304,0.0
441,0.304,0.0
438,0.304,0.0
444,0.304,0.0
442,0.304,0.0
439,0.304,0.0
445,0.304,0.0
443,0.304,0.0
440,0.304,0.0
446,0.304,0.0
444,0.304,0.0
441,0.304,0.0
447,0.304,0.0
445,0.304,0.0
442,0.304,0.0
448,0.304,0.0
446,0.304,0.0
443,0.304,0.0
449,0.304,0.0
447,0.304,0.0
444,0.304,0.0
450,0.304,0.0
448,0.304,0.0
445,0.304,0.0
451,0.304,0.0
449,0.304,0.0
446,0.304,0.0
452,0.304,0.0
450,0.304,0.0
447,0.304,0.0
453,0.304,0.0
451,0.304,0.0
448,0.304,0.0
454,0.304,0.0
452,0.304,0.0
449,0.304,0.0
455,0.304,0.0
453,0.304,0.0
450,0.304,0.0
456,0.304,0.0
454,0.304,0.0
451,0.304,0.0
457,0.304,0.0
455,0.304,0.0
452,0.304,0.0
458,0.304,0.0
456,0.304,0.0
453,0.304,0.0
459,0.304,0.0
457,0.304,0.0
454,0.304,0.0
460,0.304,0.0
458,0.304,0.0
455,0.304,0.0
461,0.304,0.0
459,0.304,0.0
456,0.304,0.0
462,0.304,0.0
460,0.304,0.0
457,0.304,0.0
463,0.304,0.0
461,0.304,0.0
458,0.304,0.0
464,0.304,0.0
462,0.304,0.0
459,0.304,0.0
465,0.304,0.0
463,0.304,0.0
460,0.304,0.0
466,0.304,0.0
464,0.304,0.0
461,0.304,0.0
467,0.304,0.0
465,0.304,0.0
462,0.304,0.0
468,0.304,0.0
466,0.304,0.0
463,0.304,0.0
469,0.304,0.0
467,0.304,0.0
464,0.304,0.0
470,0.304,0.0
468,0.304,0.0
465,0.304,0.0
471,0.304,0.0
469,0.304,0.0
466,0.304,0.0
472,0.304,0.0
470,0.304,0.0
467,0.304,0.0
473,0.304,0.0
471,0.304,0.0
468,0.304,0.0
474,0.304,0.0
472,0.304,0.0
469,0.304,0.0
475,0.304,0.0
473,0.304,0.0
470,0.304,0.0
476,0.304,0.0
474,0.304,0.0
471,0.304,0.0
477,0.304,0.0
475,0.304,0.0
472,0.304,0.0
478,0.304,0.0
476,0.304,0.0
473,0.304,0.0
479,0.304,0.0
477,0.304,0.0
474,0.304,0.0
480,0.304,0.0
478,0.304,0.0
475,0.304,0.0
481,0.304,0.0
479,0.304,0.0
476,0.304,0.0
482,0.304,0.0
480,0.304,0.0
477,0.304,0.0
483,0.304,0.0
481,0.304,0.0
478,0.304,0.0
484,0.304,0.0
482,0.304,0.0
479,0.304,0.0
485,0.304,0.0
483,0.304,0.0
480,0.304,0.0
486,0.304,0.0
484,0.304,0.0
481,0.304,0.0
487,0.304,0.0
485,0.304,0.0
482,0.304,0.0
488,0.304,0.0
486,0.304,0.0
483,0.304,0.0
489,0.304,0.0
487,0.304,0.0
484,0.304,0.0
490,0.304,0.0
488,0.304,0.0
485,0.304,0.0
491,0.304,0.0
489,0.304,0.0
492,0.304,0.0
486,0.304,0.0
490,0.304,0.0068359375
487,0.304,0.0
493,0.304,0.0
491,0.304,0.0
488,0.304,0.0
494,0.304,0.0
492,0.304,0.0
489,0.304,0.0
495,0.304,0.0
493,0.304,0.0
490,0.304,0.0
496,0.304,0.0
494,0.304,0.0
491,0.304,0.0
497,0.304,0.0
495,0.304,0.0
492,0.304,0.0
498,0.304,0.0
496,0.304,0.0
499,0.304,0.0
493,0.304,0.0
497,0.304,0.0
500,0.304,0.0
494,0.304,0.0
498,0.304,0.0
495,0.304,0.0
501,0.304,0.0
499,0.304,0.0
502,0.304,0.0
496,0.304,0.0
500,0.304,0.0
503,0.304,0.0
497,0.304,0.0
501,0.304,0.0
504,0.304,0.0
498,0.304,0.0
502,0.304,0.0
505,0.304,0.0126953125
499,0.304,0.0
503,0.304,0.0
506,0.304,0.0
500,0.304,0.0
504,0.304,0.0
507,0.304,0.0
501,0.304,0.0
505,0.304,0.0
508,0.304,0.0
502,0.304,0.0
506,0.304,0.0
509,0.304,0.0
503,0.304,0.0
507,0.304,0.0
510,0.304,0.0
504,0.304,0.0
508,0.304,0.0
511,0.304,0.0
505,0.304,0.0
509,0.304,0.0
512,0.304,0.0
506,0.304,0.0
510,0.304,0.0
513,0.304,0.0
507,0.304,0.0
511,0.304,0.0
514,0.304,0.0
508,0.304,0.0
512,0.304,0.0
515,0.304,0.0
509,0.304,0.0
513,0.304,0.0
516,0.304,0.0
510,0.304,0.0
514,0.304,0.0
517,0.304,0.0
511,0.304,0.0
515,0.304,0.0
518,0.304,0.0
512,0.304,0.0
516,0.304,0.0
519,0.304,0.0
513,0.304,0.0
517,0.304,0.0
520,0.304,0.0
514,0.304,0.0
518,0.304,0.0
521,0.304,0.0
515,0.304,0.0
519,0.304,0.0
522,0.304,0.0
516,0.304,0.0
520,0.304,0.0
523,0.304,0.0
517,0.304,0.0
521,0.304,0.0
524,0.304,0.0
518,0.304,0.0
522,0.304,0.0
525,0.304,0.0
519,0.304,0.0
523,0.304,0.0
526,0.304,0.0
520,0.304,0.0
524,0.304,0.0
527,0.304,0.0
521,0.304,0.0
525,0.304,0.0
528,0.304,0.0
522,0.304,0.0
526,0.304,0.0
529,0.304,0.0
523,0.304,0.0
527,0.304,0.0
530,0.304,0.0
524,0.304,0.0
528,0.304,0.0
531,0.304,0.0
525,0.304,0.0
529,0.304,0.0
532,0.304,0.0
526,0.304,0.0
530,0.304,0.0
533,0.304,0.0
527,0.304,0.0
531,0.304,0.0
534,0.304,0.0
528,0.304,0.0
532,0.304,0.0
535,0.304,0.0
529,0.304,0.0
533,0.304,0.0
536,0.304,0.0
530,0.304,0.0
534,0.304,0.0
537,0.304,0.0
531,0.304,0.0
535,0.304,0.0
538,0.304,0.0
532,0.304,0.0
536,0.304,0.0
539,0.304,0.0
537,0.304,0.0
533,0.304,0.0
540,0.304,0.0
538,0.304,0.0
534,0.304,0.0
541,0.304,0.0
539,0.304,0.0
535,0.304,0.0
542,0.304,0.0
540,0.304,0.0
536,0.304,0.0
543,0.304,0.0
541,0.304,0.0
537,0.304,0.0
544,0.304,0.0
542,0.304,0.0
538,0.304,0.0
545,0.304,0.0
543,0.304,0.0
539,0.304,0.0
546,0.304,0.0
544,0.304,0.0
540,0.304,0.0
547,0.304,0.0
545,0.304,0.0
541,0.304,0.0
548,0.304,0.0
546,0.304,0.0
542,0.304,0.0
549,0.304,0.0
547,0.304,0.0
543,0.304,0.0
550,0.304,0.0
548,0.304,0.0
544,0.304,0.0
551,0.304,0.0
549,0.304,0.0
545,0.304,0.0
552,0.304,0.0
550,0.304,0.0
546,0.304,0.0
553,0.304,0.0
551,0.304,0.0
547,0.304,0.0
554,0.304,0.0
552,0.304,0.0
548,0.304,0.0
555,0.304,0.0
553,0.304,0.0
549,0.304,0.0
556,0.304,0.0
554,0.304,0.0
550,0.304,0.0
557,0.304,0.0
555,0.304,0.0
551,0.304,0.0
558,0.304,0.0
556,0.304,0.0
552,0.304,0.0
559,0.304,0.0
557,0.304,0.0
553,0.304,0.0
560,0.304,0.0
558,0.304,0.0
554,0.304,0.0
561,0.304,0.0
559,0.304,0.0
555,0.304,0.0
562,0.304,0.0
560,0.304,0.0
556,0.304,0.0
563,0.304,0.0
561,0.304,0.0
557,0.304,0.0
564,0.304,0.0
562,0.304,0.0
558,0.304,0.0
565,0.304,0.0
563,0.304,0.0
559,0.304,0.0
566,0.304,0.0
564,0.304,0.0
560,0.304,0.0
567,0.304,0.0
565,0.304,0.0
561,0.304,0.0
568,0.304,0.0
566,0.304,0.0
562,0.304,0.0
569,0.304,0.0
567,0.304,0.0
563,0.304,0.0
570,0.304,0.0
568,0.304,0.0
564,0.304,0.0
571,0.304,0.0
569,0.304,0.0
565,0.304,0.0
572,0.304,0.0
570,0.304,0.0
566,0.304,0.0
573,0.304,0.0
571,0.304,0.0
567,0.304,0.0
574,0.304,0.0
572,0.304,0.0
568,0.304,0.0
575,0.304,0.0
573,0.304,0.0
569,0.304,0.0
576,0.304,0.0
574,0.304,0.0
570,0.304,0.0
577,0.304,0.0
575,0.304,0.0
571,0.304,0.0
578,0.304,0.0
576,0.304,0.0
572,0.304,0.0
579,0.304,0.0
577,0.304,0.0
573,0.304,0.0
580,0.304,0.0
578,0.304,0.0
574,0.304,0.0
581,0.304,0.0
579,0.304,0.0
575,0.304,0.0
582,0.304,0.0
580,0.304,0.0
576,0.304,0.0
583,0.304,0.0
581,0.304,0.0
577,0.304,0.0
584,0.304,0.0
582,0.304,0.0
578,0.304,0.0
585,0.304,0.0
583,0.304,0.0
579,0.304,0.0
586,0.304,0.0
584,0.304,0.0
580,0.304,0.0
587,0.304,0.0
585,0.304,0.0
581,0.304,0.0
588,0.304,0.0
586,0.304,0.0
582,0.304,0.0
589,0.304,0.0
587,0.304,0.0
583,0.304,0.0
590,0.304,0.0
588,0.304,0.0
584,0.304,0.0
591,0.304,0.0
589,0.304,0.0
585,0.304,0.0
592,0.304,0.0
590,0.304,0.0
586,0.304,0.0
593,0.304,0.0
591,0.304,0.0
587,0.304,0.0
594,0.304,0.0
592,0.304,0.0
588,0.304,0.0
595,0.304,0.0
593,0.304,0.0
589,0.304,0.0
596,0.304,0.0
594,0.304,0.0
597,0.304,0.0
590,0.304,0.0
595,0.304,0.0
598,0.304,0.0
591,0.304,0.0
596,0.304,0.0
599,0.304,0.0
592,0.304,0.0
597,0.304,0.0
600,0.304,0.0
593,0.304,0.0
598,0.304,0.0
601,0.304,0.0
594,0.304,0.0
599,0.304,0.0
602,0.304,0.0
595,0.304,0.0
600,0.304,0.0
603,0.304,0.0
596,0.304,0.0
601,0.304,0.0
604,0.304,0.0
597,0.304,0.0
602,0.304,0.0
605,0.304,0.0
598,0.304,0.0
603,0.304,0.0
606,0.304,0.0
599,0.304,0.0
604,0.304,0.0
607,0.304,0.0
600,0.304,0.0
605,0.304,0.0
608,0.304,0.0
601,0.304,0.0
606,0.304,0.0
609,0.304,0.0
602,0.304,0.0
607,0.304,0.0
610,0.304,0.0
603,0.304,0.0
608,0.304,0.0
611,0.304,0.0
604,0.304,0.0
609,0.304,0.0
612,0.304,0.0
605,0.304,0.0
610,0.304,0.0
613,0.304,0.0
606,0.304,0.0
611,0.304,0.0
614,0.304,0.0
607,0.304,0.0
612,0.304,0.0
615,0.304,0.0
608,0.304,0.0
613,0.304,0.0
616,0.304,0.0
609,0.304,0.0
614,0.304,0.0
617,0.304,0.0
610,0.304,0.0
615,0.304,0.0
618,0.304,0.0
611,0.304,0.0
616,0.304,0.0
619,0.304,0.0
612,0.304,0.0
617,0.304,0.0
620,0.304,0.0
613,0.304,0.0
618,0.304,0.0
621,0.304,0.0
614,0.304,0.0
619,0.304,0.0
622,0.304,0.0
615,0.304,0.0
620,0.304,0.0
623,0.304,0.0
616,0.304,0.0
621,0.304,0.0
624,0.304,0.0
617,0.304,0.0
622,0.304,0.0
625,0.304,0.0
618,0.304,0.0
623,0.304,0.0
626,0.304,0.0
619,0.304,0.0
624,0.304,0.0
627,0.304,0.0
620,0.304,0.0
625,0.304,0.0
628,0.304,0.0
621,0.304,0.0
626,0.304,0.0
629,0.304,0.0
622,0.304,0.0
627,0.304,0.0
630,0.304,0.0
623,0.304,0.0
628,0.304,0.0
631,0.304,0.0
624,0.304,0.0
629,0.304,0.0
632,0.304,0.0
625,0.304,0.0
630,0.304,0.0
633,0.304,0.0
626,0.304,0.0
631,0.304,0.0
634,0.304,0.0
627,0.304,0.0
632,0.304,0.0
635,0.304,0.0
628,0.304,0.0
633,0.304,0.0
636,0.304,0.0
629,0.304,0.0
634,0.304,0.0
637,0.304,0.0
630,0.304,0.0
635,0.304,0.0
638,0.304,0.0
631,0.304,0.0
636,0.304,0.0
639,0.304,0.0
632,0.304,0.0009765625
637,0.304,0.0
640,0.304,0.0
633,0.304,0.0
638,0.304,0.0
641,0.304,0.0
634,0.304,0.0
639,0.304,0.0
642,0.304,0.0
635,0.304,0.0
640,0.304,0.0
643,0.304,0.0
636,0.304,0.0
641,0.304,0.0
644,0.304,0.0
637,0.304,0.0
642,0.304,0.0
645,0.304,0.0
638,0.304,0.0
643,0.304,0.0
646,0.304,0.0
639,0.304,0.0
644,0.304,0.0
647,0.304,0.0
640,0.304,0.0
645,0.304,0.0
648,0.304,0.0
641,0.304,0.0
646,0.304,0.0
649,0.304,0.0
642,0.304,0.0
647,0.304,0.0
650,0.304,0.0
643,0.304,0.0
648,0.304,0.0
651,0.304,0.0
644,0.304,0.0
649,0.304,0.0
652,0.304,0.0
645,0.304,0.0
650,0.304,0.0
653,0.304,0.0
646,0.304,0.0
651,0.304,0.0
654,0.304,0.0
647,0.304,0.0
652,0.304,0.0
655,0.304,0.0
648,0.304,0.0
653,0.304,0.0
656,0.304,0.0
649,0.304,0.0
654,0.304,0.0
657,0.304,0.0
650,0.304,0.0
655,0.304,0.0
658,0.304,0.0
651,0.304,0.0
656,0.304,0.0
659,0.304,0.0
652,0.304,0.0
657,0.304,0.0
660,0.304,0.0
653,0.304,0.0
658,0.304,0.0
661,0.304,0.0
654,0.304,0.0
659,0.304,0.0
662,0.304,0.0
655,0.304,0.0
660,0.304,0.0
663,0.304,0.0
656,0.304,0.0
661,0.304,0.0
664,0.304,0.0
657,0.304,0.0
662,0.304,0.0
665,0.304,0.0
658,0.304,0.0
663,0.304,0.0
666,0.304,0.0
659,0.304,0.0
664,0.304,0.0
667,0.304,0.0
660,0.304,0.0
665,0.304,0.0
668,0.304,0.0
661,0.304,0.0
666,0.304,0.0
669,0.304,0.0
662,0.304,0.0
667,0.304,0.0
670,0.304,0.0
663,0.304,0.0
668,0.304,0.0
671,0.304,0.0
664,0.304,0.0
669,0.304,0.0
672,0.304,0.0
665,0.304,0.0
670,0.304,0.0
673,0.304,0.0
666,0.304,0.0
671,0.304,0.0
674,0.304,0.0
667,0.304,0.0
672,0.304,0.0
675,0.304,0.0
668,0.304,0.0
673,0.304,0.0
676,0.304,0.0
669,0.304,0.0
674,0.304,0.0
677,0.304,0.0
670,0.304,0.0
675,0.304,0.0
678,0.304,0.0
671,0.304,0.0
676,0.304,0.0
679,0.304,0.0
672,0.304,0.0
677,0.304,0.0
680,0.304,0.0
673,0.304,0.0
678,0.304,0.0
681,0.304,0.0
674,0.304,0.0
679,0.304,0.0
682,0.304,0.0
675,0.304,0.0
680,0.304,0.0
683,0.304,0.0
676,0.304,0.0
681,0.304,0.0
684,0.304,0.0
677,0.304,0.0
682,0.304,0.0
685,0.304,0.0
678,0.304,0.0
683,0.304,0.0
686,0.304,0.0
679,0.304,0.0
684,0.304,0.0
687,0.304,0.0
680,0.304,0.0
685,0.304,0.0
688,0.304,0.0
681,0.304,0.0
686,0.304,0.0
689,0.304,0.0
682,0.304,0.0
687,0.304,0.0
690,0.304,0.0
688,0.304,0.0
683,0.304,0.0
691,0.304,0.0
689,0.304,0.0
684,0.304,0.0
692,0.304,0.0
690,0.304,0.0
685,0.304,0.0
693,0.304,0.0
691,0.304,0.0
686,0.304,0.0
694,0.304,0.0
692,0.304,0.0
687,0.304,0.0
695,0.304,0.0
693,0.304,0.0
688,0.304,0.0
696,0.304,0.0
694,0.304,0.0
689,0.304,0.0
697,0.304,0.0
695,0.304,0.0
690,0.304,0.0
698,0.304,0.0
696,0.304,0.0
691,0.304,0.0
699,0.304,0.0
697,0.304,0.0
692,0.304,0.0
700,0.304,0.0
698,0.304,0.0
693,0.304,0.0
701,0.304,0.0
699,0.304,0.0
694,0.304,0.0
702,0.304,0.0
700,0.304,0.0
695,0.304,0.0
703,0.304,0.0
701,0.304,0.0
696,0.304,0.0
704,0.304,0.0
702,0.304,0.0
697,0.304,0.0
705,0.304,0.0
703,0.304,0.0
698,0.304,0.0
706,0.304,0.0
704,0.304,0.0
699,0.304,0.0
707,0.304,0.0
705,0.304,0.0
700,0.304,0.0
708,0.304,0.0
706,0.304,0.0
709,0.304,0.0
701,0.304,0.0
707,0.304,0.0
710,0.304,0.0
702,0.304,0.0
708,0.304,0.0
711,0.304,0.0
703,0.304,0.0
709,0.304,0.0
712,0.304,0.0
704,0.304,0.0
710,0.304,0.0
713,0.304,0.0
705,0.304,0.0
711,0.304,0.0
714,0.304,0.0
706,0.304,0.0
712,0.304,0.0
715,0.304,0.0
707,0.304,0.0
713,0.304,0.0
716,0.304,0.0
708,0.304,0.0
714,0.304,0.0
717,0.304,0.0
709,0.304,0.0
715,0.304,0.0
718,0.304,0.0
710,0.304,0.0
716,0.304,0.0
719,0.304,0.0
711,0.304,0.0
717,0.304,0.0
720,0.304,0.0
712,0.304,0.0
718,0.304,0.0
721,0.304,0.0
713,0.304,0.0
719,0.304,0.0
722,0.304,0.0
714,0.304,0.0
720,0.304,0.0
723,0.304,0.0
715,0.304,0.0
721,0.304,0.0
724,0.304,0.0
716,0.304,0.0
722,0.304,0.0
725,0.304,0.0
717,0.304,0.0
723,0.304,0.0
726,0.304,0.0
718,0.304,0.0
724,0.304,0.0
727,0.304,0.0
719,0.304,0.0
725,0.304,0.0
728,0.304,0.0
720,0.304,0.0
726,0.304,0.0
729,0.304,0.0
721,0.304,0.0
727,0.304,0.0
730,0.304,0.0
722,0.304,0.0
728,0.304,0.0078125
731,0.304,0.0
723,0.304,0.0
729,0.304,0.0
732,0.304,0.0
724,0.304,0.0
730,0.304,0.0
733,0.304,0.0
725,0.304,0.0
731,0.304,0.0
734,0.304,0.0
726,0.304,0.0
732,0.304,0.0
735,0.304,0.0
727,0.304,0.0
733,0.304,0.0
736,0.304,0.0
728,0.304,0.0
734,0.304,0.0
737,0.304,0.0
729,0.304,0.0
735,0.304,0.0
738,0.304,0.0
730,0.304,0.0
736,0.304,0.0
739,0.304,0.0
731,0.304,0.0
737,0.304,0.0
740,0.304,0.0
732,0.304,0.0
738,0.304,0.0
741,0.304,0.0
733,0.304,0.0
739,0.304,0.0
742,0.304,0.0
734,0.304,0.0
740,0.304,0.0
743,0.304,0.0
735,0.304,0.0
741,0.304,0.0
744,0.304,0.0
736,0.304,0.0
742,0.304,0.0
745,0.304,0.0
737,0.304,0.0
743,0.304,0.0
746,0.304,0.0
738,0.304,0.0
744,0.304,0.0
747,0.304,0.0
739,0.304,0.0
745,0.304,0.0
748,0.304,0.0
740,0.304,0.0
746,0.304,0.0
749,0.304,0.0
741,0.304,0.0
747,0.304,0.0
750,0.304,0.0
742,0.304,0.0
748,0.304,0.0
751,0.304,0.0
743,0.304,0.0
749,0.304,0.0
752,0.304,0.0
744,0.304,0.0
750,0.304,0.0
753,0.304,0.0
745,0.304,0.0
754,0.304,0.0
751,0.304,0.0
746,0.304,0.0
755,0.304,0.0
752,0.304,0.0
747,0.304,0.0
756,0.304,0.0
753,0.304,0.0
748,0.304,0.0
757,0.304,0.0
754,0.304,0.0
749,0.304,0.0
758,0.304,0.0
755,0.304,0.0
750,0.304,0.0
759,0.304,0.0
756,0.304,0.0
751,0.304,0.0
760,0.304,0.0
757,0.304,0.0
752,0.304,0.0
761,0.304,0.0
758,0.304,0.0
753,0.304,0.0
762,0.304,0.0
759,0.304,0.0
754,0.304,0.0
763,0.304,0.0
760,0.304,0.0
755,0.304,0.0
764,0.304,0.0
761,0.304,0.0
756,0.304,0.0
765,0.304,0.0
762,0.304,0.0
757,0.304,0.01953125
766,0.304,0.0
763,0.304,0.0
758,0.304,0.0
767,0.304,0.0
764,0.304,0.0
759,0.304,0.0
768,0.304,0.0
765,0.304,0.0
760,0.304,0.0
769,0.304,0.0
766,0.304,0.0
761,0.304,0.0
770,0.304,0.0
767,0.304,0.0
762,0.304,0.0
771,0.304,0.0
768,0.304,0.0
763,0.304,0.0
772,0.304,0.0
769,0.304,0.0
764,0.304,0.0
773,0.304,0.0
770,0.304,0.0
765,0.304,0.0
774,0.304,0.0
771,0.304,0.0
766,0.304,0.0
775,0.304,0.0
772,0.304,0.0
767,0.304,0.0
776,0.304,0.0
773,0.304,0.0
768,0.304,0.0
777,0.304,0.0
774,0.304,0.0
769,0.304,0.0
778,0.304,0.0
775,0.304,0.0
770,0.304,0.0
779,0.304,0.0
776,0.304,0.0
771,0.304,0.0
780,0.304,0.0
777,0.304,0.0
772,0.304,0.0
781,0.304,0.0
778,0.304,0.0
773,0.304,0.0
782,0.304,0.0
779,0.304,0.0
774,0.304,0.0
783,0.304,0.0
780,0.304,0.0
775,0.304,0.0
784,0.304,0.0
781,0.304,0.0
776,0.304,0.0
785,0.304,0.0
782,0.304,0.0
777,0.304,0.0
786,0.304,0.0
783,0.304,0.0
778,0.304,0.0
787,0.304,0.0
784,0.304,0.0
779,0.304,0.0
788,0.304,0.0
785,0.304,0.0
780,0.304,0.0
789,0.304,0.0
786,0.304,0.0
781,0.304,0.0
790,0.304,0.0
787,0.304,0.0
782,0.304,0.0
791,0.304,0.0
788,0.304,0.0
783,0.304,0.0
792,0.304,0.0
789,0.304,0.0
784,0.304,0.0
793,0.304,0.0
790,0.304,0.0
785,0.304,0.0
794,0.304,0.0
791,0.304,0.0
786,0.304,0.0
795,0.304,0.0
792,0.304,0.0
787,0.304,0.0
796,0.304,0.0
793,0.304,0.0
788,0.304,0.0
797,0.304,0.0
794,0.304,0.0
789,0.304,0.0
798,0.304,0.0
795,0.304,0.0
790,0.304,0.0
799,0.304,0.0
796,0.304,0.0
791,0.304,0.0
800,0.304,0.0
797,0.304,0.0
792,0.304,0.0
801,0.304,0.0
798,0.304,0.0
793,0.304,0.0
802,0.304,0.0
799,0.304,0.0
794,0.304,0.0
803,0.304,0.0
800,0.304,0.0
795,0.304,0.0
804,0.304,0.0
801,0.304,0.0
796,0.304,0.0
805,0.304,0.0
802,0.304,0.0
797,0.304,0.0
806,0.304,0.0
803,0.304,0.0
798,0.304,0.0
807,0.304,0.0
804,0.304,0.0
799,0.304,0.0
808,0.304,0.0
805,0.304,0.0
800,0.304,0.0
809,0.304,0.0
806,0.304,0.0
801,0.304,0.0
810,0.304,0.0
807,0.304,0.0
802,0.304,0.0
811,0.304,0.0
808,0.304,0.0
803,0.304,0.0
812,0.304,0.0
809,0.304,0.0
804,0.304,0.0
813,0.304,0.0
810,0.304,0.0
805,0.304,0.0
814,0.304,0.0
811,0.304,0.0
806,0.304,0.0
815,0.304,0.0
812,0.304,0.0
807,0.304,0.0
816,0.304,0.0
813,0.304,0.0
808,0.304,0.0
817,0.304,0.0
814,0.304,0.0
809,0.304,0.0
818,0.304,0.0
815,0.304,0.0
819,0.304,0.0
810,0.304,0.0
816,0.304,0.0
820,0.304,0.0
811,0.304,0.0
817,0.304,0.0
821,0.304,0.0
812,0.304,0.0
818,0.304,0.0
822,0.304,0.0
813,0.304,0.0
819,0.304,0.0
823,0.304,0.0
814,0.304,0.0
820,0.304,0.0
824,0.304,0.0
815,0.304,0.0
821,0.304,0.0
825,0.304,0.0
816,0.304,0.0
822,0.304,0.017578125
826,0.304,0.0
817,0.304,0.0
823,0.304,0.0
827,0.304,0.0
818,0.304,0.0
824,0.304,0.0
828,0.304,0.0
819,0.304,0.0
825,0.304,0.0
829,0.304,0.0
820,0.304,0.0
826,0.304,0.0
830,0.304,0.0
821,0.304,0.0
827,0.304,0.0
831,0.304,0.0
822,0.304,0.0
828,0.304,0.0
832,0.304,0.0
823,0.304,0.0
829,0.304,0.0
833,0.304,0.0
824,0.304,0.0
830,0.304,0.0
834,0.304,0.0
825,0.304,0.0
831,0.304,0.0
835,0.304,0.0
826,0.304,0.0
832,0.304,0.0
836,0.304,0.0
827,0.304,0.0
833,0.304,0.0
837,0.304,0.0
828,0.304,0.0
834,0.304,0.0
838,0.304,0.0
829,0.304,0.0
835,0.304,0.0
839,0.304,0.0
830,0.304,0.0
836,0.304,0.0
840,0.304,0.0
831,0.304,0.0
837,0.304,0.0
841,0.304,0.0
832,0.304,0.0
838,0.304,0.0
842,0.304,0.0
833,0.304,0.0
839,0.304,0.0
843,0.304,0.0
840,0.304,0.0
834,0.304,0.0
844,0.304,0.0
841,0.304,0.0
835,0.304,0.0
845,0.304,0.0
842,0.304,0.0
836,0.304,0.0
846,0.304,0.0
843,0.304,0.0
837,0.304,0.0
847,0.304,0.0
844,0.304,0.0
838,0.304,0.0
848,0.304,0.0
845,0.304,0.0
839,0.304,0.0
849,0.304,0.0
846,0.304,0.0
840,0.304,0.0
850,0.304,0.0
847,0.304,0.0
841,0.304,0.0
851,0.304,0.0
848,0.304,0.0
842,0.304,0.0
852,0.304,0.0
849,0.304,0.0
843,0.304,0.0
853,0.304,0.0
850,0.304,0.0
844,0.304,0.0
854,0.304,0.0
851,0.304,0.0
845,0.304,0.0
855,0.304,0.0
852,0.304,0.0
846,0.304,0.0
856,0.304,0.0
853,0.304,0.0
847,0.304,0.0
857,0.304,0.0
854,0.304,0.0
848,0.304,0.0
858,0.304,0.0
855,0.304,0.0
849,0.304,0.0
859,0.304,0.0
856,0.304,0.0
850,0.304,0.0
860,0.304,0.0
857,0.304,0.0
851,0.304,0.0
861,0.304,0.0
858,0.304,0.0
852,0.304,0.0
862,0.304,0.0
859,0.304,0.0
853,0.304,0.0
863,0.304,0.0
860,0.304,0.0
854,0.304,0.0029296875
864,0.304,0.0
861,0.304,0.0
855,0.304,0.0
865,0.304,0.0
862,0.304,0.0
856,0.304,0.0
866,0.304,0.0
863,0.304,0.0
857,0.304,0.0
867,0.304,0.0
864,0.304,0.0
858,0.304,0.0
868,0.304,0.0
865,0.304,0.0
859,0.304,0.0
869,0.304,0.0
866,0.304,0.0
860,0.304,0.0
870,0.304,0.0
867,0.304,0.0
861,0.304,0.0
871,0.304,0.0
868,0.304,0.0
862,0.304,0.0
872,0.304,0.0
869,0.304,0.0
863,0.304,0.0
873,0.304,0.0
870,0.304,0.0
864,0.304,0.0
874,0.304,0.0
871,0.304,0.0
865,0.304,0.0
875,0.304,0.0
872,0.304,0.0
866,0.304,0.0
876,0.304,0.0
873,0.304,0.0
867,0.304,0.0
877,0.304,0.0
874,0.304,0.0
868,0.304,0.0
878,0.304,0.0
875,0.304,0.0
869,0.304,0.0
879,0.304,0.0
876,0.304,0.0
870,0.304,0.0
880,0.304,0.0
877,0.304,0.0
871,0.304,0.0
881,0.304,0.0
878,0.304,0.0
872,0.304,0.0
882,0.304,0.0
879,0.304,0.0
873,0.304,0.0
883,0.304,0.0
880,0.304,0.0
874,0.304,0.0
884,0.304,0.0
881,0.304,0.0
875,0.304,0.0
885,0.304,0.0
882,0.304,0.0
876,0.304,0.0
886,0.304,0.0
883,0.304,0.0
877,0.304,0.0
887,0.304,0.0
884,0.304,0.0
878,0.304,0.0
888,0.304,0.0
885,0.304,0.0
879,0.304,0.0
889,0.304,0.0
886,0.304,0.0
880,0.304,0.0
890,0.304,0.0
887,0.304,0.0
881,0.304,0.0
891,0.304,0.0
888,0.304,0.0
882,0.304,0.0
892,0.304,0.0
889,0.304,0.0
883,0.304,0.0
893,0.304,0.0
890,0.304,0.0
884,0.304,0.0
894,0.304,0.0
891,0.304,0.0
885,0.304,0.0
895,0.304,0.0
892,0.304,0.0
886,0.304,0.0
896,0.304,0.0
893,0.304,0.0
887,0.304,0.0
897,0.304,0.0
894,0.304,0.0
888,0.304,0.0
898,0.304,0.0
895,0.304,0.0
889,0.304,0.0
899,0.304,0.0
896,0.304,0.0
890,0.304,0.0
900,0.304,0.0
897,0.304,0.0
891,0.304,0.0
901,0.304,0.0
898,0.304,0.0
892,0.304,0.0
902,0.304,0.0
899,0.304,0.0
893,0.304,0.0
903,0.304,0.0
900,0.304,0.0
894,0.304,0.0
904,0.304,0.0
901,0.304,0.0
895,0.304,0.0
905,0.304,0.0
902,0.304,0.0
896,0.304,0.0
906,0.304,0.0
903,0.304,0.0
897,0.304,0.0
907,0.304,0.0
904,0.304,0.0
898,0.304,0.0
908,0.304,0.0
905,0.304,0.0
899,0.304,0.0
909,0.304,0.0
906,0.304,0.0
900,0.304,0.0
910,0.304,0.0
907,0.304,0.0
901,0.304,0.0
911,0.304,0.0
908,0.304,0.0
902,0.304,0.0
912,0.304,0.0
909,0.304,0.0
903,0.304,0.0
913,0.304,0.0
910,0.304,0.0
904,0.304,0.0
914,0.304,0.0
911,0.304,0.0
905,0.304,0.0
915,0.304,0.0
912,0.304,0.0
906,0.304,0.0
916,0.304,0.0
913,0.304,0.0
907,0.304,0.0
917,0.304,0.0
914,0.304,0.0
908,0.304,0.0
918,0.304,0.0
915,0.304,0.0
909,0.304,0.0
919,0.304,0.0
916,0.304,0.0
910,0.304,0.0
920,0.304,0.0
917,0.304,0.0
911,0.304,0.0
921,0.304,0.0
918,0.304,0.0
912,0.304,0.0
922,0.304,0.0
919,0.304,0.0
913,0.304,0.0
923,0.304,0.0
920,0.304,0.0
914,0.304,0.0
924,0.304,0.0
921,0.304,0.0
915,0.304,0.0
925,0.304,0.0
922,0.304,0.0
916,0.304,0.0
926,0.304,0.0
923,0.304,0.0
917,0.304,0.0
927,0.304,0.0
924,0.304,0.0
918,0.304,0.0
928,0.304,0.0
925,0.304,0.0
919,0.304,0.0
929,0.304,0.0
926,0.304,0.0
920,0.304,0.0
930,0.304,0.0
927,0.304,0.0
921,0.304,0.0
931,0.304,0.0
928,0.304,0.0
922,0.304,0.0
932,0.304,0.0
929,0.304,0.0
923,0.304,0.0
933,0.304,0.0
930,0.304,0.0
934,0.304,0.0
924,0.304,0.0
931,0.304,0.0
935,0.304,0.0
925,0.304,0.0
932,0.304,0.0
926,0.304,0.0
936,0.304,0.0
933,0.304,0.0
937,0.304,0.0
927,0.304,0.0
934,0.304,0.0
938,0.304,0.0
928,0.304,0.0
935,0.304,0.0
939,0.304,0.0
929,0.304,0.0
936,0.304,0.0
940,0.304,0.0
930,0.304,0.0
937,0.304,0.0
941,0.304,0.0
931,0.304,0.0
938,0.304,0.0
942,0.304,0.0
932,0.304,0.0
939,0.304,0.0
943,0.304,0.0
933,0.304,0.0
940,0.304,0.0
944,0.304,0.0
934,0.304,0.0
941,0.304,0.0
945,0.304,0.0
935,0.304,0.0
942,0.304,0.0
946,0.304,0.0
936,0.304,0.0
943,0.304,0.0
947,0.304,0.0
937,0.304,0.0
944,0.304,0.0
948,0.304,0.0
938,0.304,0.0
945,0.304,0.0
949,0.304,0.0
939,0.304,0.0
946,0.304,0.0
950,0.304,0.0
940,0.304,0.0
947,0.304,0.0
951,0.304,0.0
941,0.304,0.0
948,0.304,0.0
952,0.304,0.0
942,0.304,0.0
949,0.304,0.0
953,0.304,0.0
943,0.304,0.0
950,0.304,0.0
954,0.304,0.0
944,0.304,0.0
951,0.304,0.0
955,0.304,0.0
945,0.304,0.0
952,0.304,0.0
956,0.304,0.0
946,0.304,0.0
953,0.304,0.0
957,0.304,0.0
947,0.304,0.0
954,0.304,0.0
958,0.304,0.0
948,0.304,0.0
955,0.304,0.0
959,0.304,0.0
949,0.304,0.0
956,0.304,0.0
960,0.304,0.0
950,0.304,0.0
957,0.304,0.0
961,0.304,0.0
951,0.304,0.0
958,0.304,0.0
962,0.304,0.0
952,0.304,0.0
959,0.304,0.0
963,0.304,0.0
953,0.304,0.0
960,0.304,0.0
964,0.304,0.0
954,0.304,0.0
961,0.304,0.0
965,0.304,0.009765625
955,0.304,0.0
962,0.304,0.0
966,0.304,0.0
956,0.304,0.0
963,0.304,0.0
967,0.304,0.0
957,0.304,0.0
964,0.304,0.0
968,0.304,0.0
958,0.304,0.0
965,0.304,0.0
969,0.304,0.0
959,0.304,0.0
966,0.304,0.0
970,0.304,0.0
960,0.304,0.0
967,0.304,0.0
971,0.304,0.0
961,0.304,0.0
968,0.304,0.0
972,0.304,0.0
962,0.304,0.0
969,0.304,0.0
973,0.304,0.0
963,0.304,0.0
970,0.304,0.0
974,0.304,0.0
964,0.304,0.0
971,0.304,0.0
975,0.304,0.0
965,0.304,0.0
972,0.304,0.0
976,0.304,0.0
966,0.304,0.0
973,0.304,0.0
977,0.304,0.0
967,0.304,0.0
974,0.304,0.0
978,0.304,0.0
968,0.304,0.0
975,0.304,0.0
979,0.304,0.0
969,0.304,0.0
976,0.304,0.0
980,0.304,0.0
970,0.304,0.0
977,0.304,0.0
981,0.304,0.0
971,0.304,0.0
978,0.304,0.0
982,0.304,0.0
972,0.304,0.0
979,0.304,0.0
983,0.304,0.0
973,0.304,0.0
980,0.304,0.0
984,0.304,0.0
974,0.304,0.0
981,0.304,0.0
985,0.304,0.0
975,0.304,0.0
982,0.304,0.0
986,0.304,0.0
976,0.304,0.0
983,0.304,0.0
987,0.304,0.0
977,0.304,0.0
984,0.304,0.0
988,0.304,0.0
978,0.304,0.0
985,0.304,0.0
989,0.304,0.0
979,0.304,0.0
986,0.304,0.0
990,0.304,0.0
980,0.304,0.0
987,0.304,0.0
991,0.304,0.0
981,0.304,0.0
988,0.304,0.0
992,0.304,0.0
982,0.304,0.0
989,0.304,0.0
993,0.304,0.0
983,0.304,0.0
990,0.304,0.0
994,0.304,0.0
984,0.304,0.0
991,0.304,0.0
995,0.304,0.0
985,0.304,0.0
992,0.304,0.0
996,0.304,0.0
986,0.304,0.0
993,0.304,0.0
997,0.304,0.0
987,0.304,0.0
994,0.304,0.0
998,0.304,0.0
988,0.304,0.0
995,0.304,0.0
999,0.304,0.0
989,0.304,0.0
996,0.304,0.0
1000,0.304,0.0
990,0.304,0.0
997,0.304,0.0
991,0.304,0.0
998,0.304,0.0
992,0.304,0.0
999,0.304,0.0
993,0.304,0.0
1000,0.304,0.0
994,0.304,0.0
995,0.304,0.0
996,0.304,0.0
997,0.304,0.0
998,0.304,0.0
999,0.304,0.0
1000,0.304,0.0
