Run,Pe,FER
1,0.2,0.0
1,0.225,0.0
1,0.25,0.0
1,0.275,0.0
1,0.3,0.0
2,0.2,0.0
2,0.225,0.0
2,0.25,0.0
2,0.275,0.0
2,0.3,0.0
3,0.2,0.0
3,0.225,0.0
3,0.25,0.0
3,0.275,0.0
3,0.3,0.0
4,0.2,0.0
4,0.225,0.0
4,0.25,0.0
4,0.275,0.0
4,0.3,0.0
5,0.2,0.0
5,0.225,0.0
5,0.25,0.0
5,0.275,0.0
5,0.3,0.0009765625
6,0.2,0.0
6,0.225,0.0
6,0.25,0.0
6,0.275,0.0
6,0.3,0.0
7,0.2,0.0
7,0.225,0.0
7,0.25,0.0
7,0.275,0.0
7,0.3,0.0
8,0.2,0.0
8,0.225,0.0
8,0.25,0.0
8,0.275,0.0
8,0.3,0.0
9,0.2,0.0
9,0.225,0.0
9,0.25,0.0
9,0.275,0.0
9,0.3,0.0
10,0.2,0.0
10,0.225,0.0
10,0.25,0.0
10,0.275,0.0
10,0.3,0.0
11,0.2,0.0
11,0.225,0.0
11,0.25,0.0
11,0.275,0.0
11,0.3,0.0
12,0.2,0.0
12,0.225,0.0
12,0.25,0.0
12,0.275,0.0
12,0.3,0.0
13,0.2,0.0
13,0.225,0.0
13,0.25,0.0
13,0.275,0.0
13,0.3,0.0
14,0.2,0.0
14,0.225,0.0
14,0.25,0.0
14,0.275,0.0
14,0.3,0.0
15,0.2,0.0
15,0.225,0.0
15,0.25,0.0
15,0.275,0.0
15,0.3,0.0
16,0.2,0.0
16,0.225,0.0
16,0.25,0.0
16,0.275,0.0
16,0.3,0.0
17,0.2,0.0
17,0.225,0.0
17,0.25,0.0
17,0.275,0.0
17,0.3,0.0
18,0.2,0.0
18,0.225,0.0
18,0.25,0.0
18,0.275,0.0
18,0.3,0.0
19,0.2,0.0
19,0.225,0.0
19,0.25,0.0
19,0.275,0.0
19,0.3,0.0
20,0.2,0.0
20,0.225,0.0
20,0.25,0.0
20,0.275,0.0
20,0.3,0.0
21,0.2,0.0
21,0.225,0.0
21,0.25,0.0
21,0.275,0.0
21,0.3,0.0
22,0.2,0.0
22,0.225,0.0
22,0.25,0.0
22,0.275,0.0
22,0.3,0.0
23,0.2,0.0
23,0.225,0.0
23,0.25,0.0
23,0.275,0.0
23,0.3,0.0
24,0.2,0.0
24,0.225,0.0
24,0.25,0.0
24,0.275,0.0
24,0.3,0.0
25,0.2,0.0
25,0.225,0.0
25,0.25,0.0
25,0.275,0.0
25,0.3,0.0
26,0.2,0.0
26,0.225,0.0
26,0.25,0.0
26,0.275,0.0
26,0.3,0.0
27,0.2,0.0
27,0.225,0.0
27,0.25,0.0
27,0.275,0.0
27,0.3,0.0
28,0.2,0.0
28,0.225,0.0
28,0.25,0.0
28,0.275,0.0
28,0.3,0.0
29,0.2,0.0
29,0.225,0.0
29,0.25,0.0
29,0.275,0.0
29,0.3,0.0
30,0.2,0.0
30,0.225,0.0
30,0.25,0.0
30,0.275,0.0
30,0.3,0.0
31,0.2,0.0
31,0.225,0.0
31,0.25,0.0
31,0.275,0.0
31,0.3,0.0
32,0.2,0.0
32,0.225,0.0
32,0.25,0.0
32,0.275,0.0
32,0.3,0.0
33,0.2,0.0
33,0.225,0.0
33,0.25,0.0
33,0.275,0.001953125
33,0.3,0.0
34,0.2,0.0
34,0.225,0.0
34,0.25,0.0
34,0.275,0.0
34,0.3,0.0
35,0.2,0.0
35,0.225,0.0
35,0.25,0.0
35,0.275,0.0
35,0.3,0.0
36,0.2,0.0
36,0.225,0.0
36,0.25,0.0
36,0.275,0.0
36,0.3,0.0
37,0.2,0.0
37,0.225,0.0
37,0.25,0.0
37,0.275,0.0
37,0.3,0.0
38,0.2,0.0
38,0.225,0.0
38,0.25,0.0
38,0.275,0.0
38,0.3,0.0
39,0.2,0.0
39,0.225,0.0
39,0.25,0.0
39,0.275,0.0
39,0.3,0.0
40,0.2,0.0
40,0.225,0.0
40,0.25,0.0
40,0.275,0.0
40,0.3,0.0
41,0.2,0.0
41,0.225,0.0
41,0.25,0.0
41,0.275,0.0
41,0.3,0.0
42,0.2,0.0
42,0.225,0.0
42,0.25,0.0
42,0.275,0.0
42,0.3,0.0
43,0.2,0.0
43,0.225,0.0
43,0.25,0.0
43,0.275,0.0
43,0.3,0.0
44,0.2,0.0
44,0.225,0.0
44,0.25,0.0
44,0.275,0.0
44,0.3,0.0
45,0.2,0.0
45,0.225,0.0
45,0.25,0.0
45,0.275,0.0
45,0.3,0.0
46,0.2,0.0
46,0.225,0.0
46,0.25,0.0
46,0.275,0.0
46,0.3,0.0068359375
47,0.2,0.0
47,0.225,0.0
47,0.25,0.0
47,0.275,0.0
47,0.3,0.0
48,0.2,0.0
48,0.225,0.0
48,0.25,0.0
48,0.275,0.0
48,0.3,0.0
49,0.2,0.0
49,0.225,0.0
49,0.25,0.0
49,0.275,0.0
49,0.3,0.0
50,0.2,0.0
50,0.225,0.0
50,0.25,0.0
50,0.275,0.0
50,0.3,0.0
51,0.2,0.0
51,0.225,0.0
51,0.25,0.0
51,0.275,0.0
51,0.3,0.0
52,0.2,0.0
52,0.225,0.0
52,0.25,0.0
52,0.275,0.0
52,0.3,0.0
53,0.2,0.0
53,0.225,0.0
53,0.25,0.0
53,0.275,0.0
53,0.3,0.0
54,0.2,0.0
54,0.225,0.0
54,0.25,0.0
54,0.275,0.0
54,0.3,0.0
55,0.2,0.0
55,0.225,0.0
55,0.25,0.0
55,0.275,0.0
55,0.3,0.0
56,0.2,0.0
56,0.225,0.0
56,0.25,0.0
56,0.275,0.0
56,0.3,0.0
57,0.2,0.0
57,0.225,0.0
57,0.25,0.0
57,0.275,0.0
57,0.3,0.0048828125
58,0.2,0.0
58,0.225,0.0
58,0.25,0.0
58,0.275,0.0
58,0.3,0.0
59,0.2,0.0
59,0.225,0.0
59,0.25,0.0
59,0.275,0.0
59,0.3,0.0
60,0.2,0.0
60,0.225,0.0
60,0.25,0.0
60,0.275,0.0
60,0.3,0.00390625
61,0.2,0.0
61,0.225,0.0
61,0.25,0.0
61,0.275,0.0
61,0.3,0.0
62,0.2,0.0
62,0.225,0.0
62,0.25,0.0
62,0.275,0.0
62,0.3,0.0
63,0.2,0.0
63,0.225,0.0
63,0.25,0.0
63,0.275,0.0
63,0.3,0.0
64,0.2,0.0
64,0.225,0.0
64,0.25,0.0
64,0.275,0.0
64,0.3,0.0
65,0.2,0.0
65,0.225,0.0
65,0.25,0.0
65,0.275,0.0
65,0.3,0.0
66,0.2,0.0
66,0.225,0.0
66,0.25,0.0
66,0.275,0.0
66,0.3,0.0
67,0.2,0.0
67,0.225,0.0
67,0.25,0.0
67,0.275,0.0
67,0.3,0.0
68,0.2,0.0
68,0.225,0.0
68,0.25,0.0
68,0.275,0.0
68,0.3,0.0
69,0.2,0.0
69,0.225,0.0
69,0.25,0.0
69,0.275,0.0
69,0.3,0.0
70,0.2,0.0
70,0.225,0.0
70,0.25,0.0
70,0.275,0.0
70,0.3,0.0
71,0.2,0.0
71,0.225,0.0
71,0.25,0.0
71,0.275,0.00390625
71,0.3,0.0
72,0.2,0.0
72,0.225,0.0
72,0.25,0.0
72,0.275,0.0
72,0.3,0.0
73,0.2,0.0
73,0.225,0.0
73,0.25,0.0
73,0.275,0.0
73,0.3,0.0
74,0.2,0.0
74,0.225,0.0
74,0.25,0.0
74,0.275,0.0
74,0.3,0.0
75,0.2,0.0
75,0.225,0.0
75,0.25,0.0
75,0.275,0.0009765625
75,0.3,0.0
76,0.2,0.0
76,0.225,0.0
76,0.25,0.0
76,0.275,0.0
76,0.3,0.0
77,0.2,0.0
77,0.225,0.0
77,0.25,0.0
77,0.275,0.0
77,0.3,0.0
78,0.2,0.0
78,0.225,0.0
78,0.25,0.0
78,0.275,0.0
78,0.3,0.0
79,0.2,0.0
79,0.225,0.0
79,0.25,0.0
79,0.275,0.0
79,0.3,0.0
80,0.2,0.0
80,0.225,0.0
80,0.25,0.0
80,0.275,0.0
80,0.3,0.0
81,0.2,0.0
81,0.225,0.0
81,0.25,0.0
81,0.275,0.0
81,0.3,0.0048828125
82,0.2,0.0
82,0.225,0.0
82,0.25,0.0
82,0.275,0.0
82,0.3,0.0
83,0.2,0.0
83,0.225,0.0
83,0.25,0.0
83,0.275,0.0
83,0.3,0.005859375
84,0.2,0.0
84,0.225,0.0
84,0.25,0.0
84,0.275,0.0
84,0.3,0.0
85,0.2,0.0
85,0.225,0.0
85,0.25,0.0
85,0.275,0.0
85,0.3,0.0
86,0.2,0.0
86,0.225,0.0
86,0.25,0.0
86,0.275,0.0
86,0.3,0.0
87,0.2,0.0
87,0.225,0.0
87,0.25,0.0
87,0.275,0.0
87,0.3,0.0
88,0.2,0.0
88,0.225,0.0
88,0.25,0.0
88,0.275,0.0
88,0.3,0.0
89,0.2,0.0
89,0.225,0.0
89,0.25,0.0
89,0.275,0.0
89,0.3,0.0
90,0.2,0.0
90,0.225,0.0
90,0.25,0.0
90,0.275,0.0
90,0.3,0.0
91,0.2,0.0
91,0.225,0.0
91,0.25,0.0
91,0.275,0.0
91,0.3,0.0
92,0.2,0.0
92,0.225,0.0
92,0.25,0.0
92,0.275,0.0
92,0.3,0.0
93,0.2,0.0
93,0.225,0.0
93,0.25,0.0
93,0.275,0.0
93,0.3,0.0
94,0.2,0.0
94,0.225,0.0
94,0.25,0.0
94,0.275,0.0
94,0.3,0.0
95,0.2,0.0
95,0.225,0.0
95,0.25,0.0
95,0.275,0.0
95,0.3,0.0
96,0.2,0.0
96,0.225,0.0
96,0.25,0.0
96,0.275,0.0
96,0.3,0.0
97,0.2,0.0
97,0.225,0.0
97,0.25,0.0
97,0.275,0.0
97,0.3,0.0
98,0.2,0.0
98,0.225,0.0
98,0.25,0.0
98,0.275,0.0
98,0.3,0.0
99,0.2,0.0
99,0.225,0.0
99,0.25,0.0
99,0.275,0.0
99,0.3,0.0
100,0.2,0.0
100,0.225,0.0
100,0.25,0.0
100,0.275,0.0
100,0.3,0.0
101,0.2,0.0
101,0.225,0.0
101,0.25,0.0
101,0.275,0.0
101,0.3,0.001953125
102,0.2,0.0
102,0.225,0.0
102,0.25,0.0
102,0.275,0.0
102,0.3,0.0
103,0.2,0.0
103,0.225,0.0
103,0.25,0.0
103,0.275,0.0
103,0.3,0.0
104,0.2,0.0
104,0.225,0.0
104,0.25,0.0
104,0.275,0.0
104,0.3,0.0
105,0.2,0.0
105,0.225,0.0
105,0.25,0.0
105,0.275,0.0
105,0.3,0.0
106,0.2,0.0
106,0.225,0.0
106,0.25,0.0
106,0.275,0.0
106,0.3,0.0
107,0.2,0.0
107,0.225,0.0
107,0.25,0.0
107,0.275,0.0
107,0.3,0.0
108,0.2,0.0
108,0.225,0.0
108,0.25,0.0
108,0.275,0.0
108,0.3,0.0
109,0.2,0.0
109,0.225,0.0
109,0.25,0.0
109,0.275,0.0
109,0.3,0.0
110,0.2,0.0
110,0.225,0.0
110,0.25,0.0
110,0.275,0.0
110,0.3,0.0
111,0.2,0.0
111,0.225,0.0
111,0.25,0.0
111,0.275,0.0
111,0.3,0.0
112,0.2,0.0
112,0.225,0.0
112,0.25,0.0
112,0.275,0.0
112,0.3,0.0
113,0.2,0.0
113,0.225,0.0
113,0.25,0.0
113,0.275,0.0009765625
113,0.3,0.0
114,0.2,0.0
114,0.225,0.0
114,0.25,0.0
114,0.275,0.0
114,0.3,0.0
115,0.2,0.0
115,0.225,0.0
115,0.25,0.0
115,0.275,0.0
115,0.3,0.0
116,0.2,0.0
116,0.225,0.0
116,0.25,0.0
116,0.275,0.0
116,0.3,0.0
117,0.2,0.0
117,0.225,0.0
117,0.25,0.0
117,0.275,0.0
117,0.3,0.0
118,0.2,0.0
118,0.225,0.0
118,0.25,0.0
118,0.275,0.0
118,0.3,0.0
119,0.2,0.0
119,0.225,0.0
119,0.25,0.0
119,0.275,0.0
119,0.3,0.0
120,0.2,0.0
120,0.225,0.0
120,0.25,0.0
120,0.275,0.0
120,0.3,0.0
121,0.2,0.0
121,0.225,0.0
121,0.25,0.0
121,0.275,0.0
121,0.3,0.0
122,0.2,0.0
122,0.225,0.0
122,0.25,0.0
122,0.275,0.0
122,0.3,0.0
123,0.2,0.0
123,0.225,0.0
123,0.25,0.0
123,0.275,0.0
123,0.3,0.0
124,0.2,0.0
124,0.225,0.0
124,0.25,0.0
124,0.275,0.0
124,0.3,0.0
125,0.2,0.0
125,0.225,0.0
125,0.25,0.0
125,0.275,0.0
125,0.3,0.0107421875
126,0.2,0.0
126,0.225,0.0
126,0.25,0.0
126,0.275,0.0
126,0.3,0.0
127,0.2,0.0
127,0.225,0.0
127,0.25,0.0
127,0.275,0.0
127,0.3,0.0
128,0.2,0.0
128,0.225,0.0
128,0.25,0.0
128,0.275,0.0
128,0.3,0.0
129,0.2,0.0
129,0.225,0.0
129,0.25,0.0
129,0.275,0.0
129,0.3,0.0
130,0.2,0.0
130,0.225,0.0
130,0.25,0.0
130,0.275,0.0
130,0.3,0.0
131,0.2,0.0
131,0.225,0.0
131,0.25,0.0
131,0.275,0.0
131,0.3,0.0
132,0.2,0.0
132,0.225,0.0
132,0.25,0.0
132,0.275,0.0
132,0.3,0.0
133,0.2,0.0
133,0.225,0.0
133,0.25,0.0
133,0.275,0.0
133,0.3,0.0
134,0.2,0.0
134,0.225,0.0
134,0.25,0.0
134,0.275,0.0
134,0.3,0.0
135,0.2,0.0
135,0.225,0.0
135,0.25,0.0
135,0.275,0.0
135,0.3,0.0
136,0.2,0.0
136,0.225,0.0
136,0.25,0.0
136,0.275,0.0
136,0.3,0.0
137,0.2,0.0
137,0.225,0.0
137,0.25,0.0
137,0.275,0.0
137,0.3,0.0048828125
138,0.2,0.0
138,0.225,0.0
138,0.25,0.0
138,0.275,0.0
138,0.3,0.0
139,0.2,0.0
139,0.225,0.0
139,0.25,0.0
139,0.275,0.0
139,0.3,0.0
140,0.2,0.0
140,0.225,0.0
140,0.25,0.0
140,0.275,0.0
140,0.3,0.0
141,0.2,0.0
141,0.225,0.0
141,0.25,0.0
141,0.275,0.0
141,0.3,0.001953125
142,0.2,0.0
142,0.225,0.0
142,0.25,0.0
142,0.275,0.0
142,0.3,0.0
143,0.2,0.0
143,0.225,0.0
143,0.25,0.0
143,0.275,0.0009765625
143,0.3,0.0
144,0.2,0.0
144,0.225,0.0
144,0.25,0.0
144,0.275,0.0
144,0.3,0.0
145,0.2,0.0
145,0.225,0.0
145,0.25,0.0
145,0.275,0.0
145,0.3,0.0
146,0.2,0.0
146,0.225,0.0
146,0.25,0.0
146,0.275,0.0
146,0.3,0.0
147,0.2,0.0
147,0.225,0.0
147,0.25,0.0
147,0.275,0.0
147,0.3,0.0
148,0.2,0.0
148,0.225,0.0
148,0.25,0.0
148,0.275,0.0
148,0.3,0.0
149,0.2,0.0
149,0.225,0.0
149,0.25,0.0
149,0.275,0.0
149,0.3,0.0
150,0.2,0.0
150,0.225,0.0
150,0.25,0.0
150,0.275,0.0009765625
150,0.3,0.0
151,0.2,0.0
151,0.225,0.0
151,0.25,0.0
151,0.275,0.0
151,0.3,0.0029296875
152,0.2,0.0
152,0.225,0.0
152,0.25,0.0
152,0.275,0.0
152,0.3,0.0
153,0.2,0.0
153,0.225,0.0
153,0.25,0.0
153,0.275,0.0
153,0.3,0.0
154,0.2,0.0
154,0.225,0.0
154,0.25,0.0
154,0.275,0.0
154,0.3,0.0
155,0.2,0.0
155,0.225,0.0
155,0.25,0.0
155,0.275,0.0
155,0.3,0.0
156,0.2,0.0
156,0.225,0.0
156,0.25,0.0
156,0.275,0.0
156,0.3,0.0
157,0.2,0.0
157,0.225,0.0
157,0.25,0.0
157,0.275,0.0
157,0.3,0.0048828125
158,0.2,0.0
158,0.225,0.0
158,0.25,0.0
158,0.275,0.0
158,0.3,0.0
159,0.2,0.0
159,0.225,0.0
159,0.25,0.0
159,0.275,0.0
159,0.3,0.00390625
160,0.2,0.0
160,0.225,0.0
160,0.25,0.0
160,0.275,0.0
160,0.3,0.0
161,0.2,0.0
161,0.225,0.0
161,0.25,0.0
161,0.275,0.0
161,0.3,0.0
162,0.2,0.0
162,0.225,0.0
162,0.25,0.0
162,0.275,0.0
162,0.3,0.0
163,0.2,0.0
163,0.225,0.0
163,0.25,0.0
163,0.275,0.0
163,0.3,0.0
164,0.2,0.0
164,0.225,0.0
164,0.25,0.0
164,0.275,0.0
164,0.3,0.0
165,0.2,0.0
165,0.225,0.0
165,0.25,0.0
165,0.275,0.0
165,0.3,0.0
166,0.2,0.0
166,0.225,0.0
166,0.25,0.0
166,0.275,0.0009765625
166,0.3,0.0
167,0.2,0.0
167,0.225,0.0
167,0.25,0.0
167,0.275,0.0
167,0.3,0.0
168,0.2,0.0
168,0.225,0.0
168,0.25,0.0
168,0.275,0.0
168,0.3,0.0
169,0.2,0.0
169,0.225,0.0
169,0.25,0.0
169,0.275,0.0
169,0.3,0.0
170,0.2,0.0
170,0.225,0.0
170,0.25,0.0
170,0.275,0.0
170,0.3,0.0
171,0.2,0.0
171,0.225,0.0
171,0.25,0.0
171,0.275,0.0
171,0.3,0.0
172,0.2,0.0
172,0.225,0.0
172,0.25,0.0
172,0.275,0.0
172,0.3,0.0
173,0.2,0.0
173,0.225,0.0
173,0.25,0.0
173,0.275,0.0
173,0.3,0.00390625
174,0.2,0.0
174,0.225,0.0
174,0.25,0.0
174,0.275,0.0
174,0.3,0.0
175,0.2,0.0
175,0.225,0.0
175,0.25,0.0
175,0.275,0.0
175,0.3,0.0
176,0.2,0.0
176,0.225,0.0
176,0.25,0.0
176,0.275,0.0
176,0.3,0.0
177,0.2,0.0
177,0.225,0.0
177,0.25,0.0
177,0.275,0.0
177,0.3,0.0
178,0.2,0.0
178,0.225,0.0
178,0.25,0.0
178,0.275,0.0
178,0.3,0.0
179,0.2,0.0
179,0.225,0.0
179,0.25,0.0
179,0.275,0.0
179,0.3,0.0
180,0.2,0.0
180,0.225,0.0
180,0.25,0.0
180,0.275,0.0
180,0.3,0.001953125
181,0.2,0.0
181,0.225,0.0
181,0.25,0.0
181,0.275,0.0
181,0.3,0.0
182,0.2,0.0
182,0.225,0.0
182,0.25,0.0
182,0.275,0.0
182,0.3,0.0087890625
183,0.2,0.0
183,0.225,0.0
183,0.25,0.0
183,0.275,0.0
183,0.3,0.00390625
184,0.2,0.0
184,0.225,0.0
184,0.25,0.0
184,0.275,0.0
184,0.3,0.0
185,0.2,0.0
185,0.225,0.0
185,0.25,0.0
185,0.275,0.0
185,0.3,0.00390625
186,0.2,0.0
186,0.225,0.0
186,0.25,0.0
186,0.275,0.0
186,0.3,0.0
187,0.2,0.0
187,0.225,0.0
187,0.25,0.0
187,0.275,0.0
187,0.3,0.0068359375
188,0.2,0.0
188,0.225,0.0
188,0.25,0.0
188,0.275,0.0
188,0.3,0.0
189,0.2,0.0
189,0.225,0.0
189,0.25,0.0
189,0.275,0.0
189,0.3,0.0
190,0.2,0.0
190,0.225,0.0
190,0.25,0.0
190,0.275,0.0
190,0.3,0.0
191,0.2,0.0
191,0.225,0.0
191,0.25,0.0
191,0.275,0.0
191,0.3,0.0
192,0.2,0.0
192,0.225,0.0
192,0.25,0.0
192,0.275,0.0
192,0.3,0.0
193,0.2,0.0
193,0.225,0.0
193,0.25,0.0
193,0.275,0.0
193,0.3,0.0
194,0.2,0.0
194,0.225,0.0
194,0.25,0.0
194,0.275,0.0
194,0.3,0.0
195,0.2,0.0
195,0.225,0.0
195,0.25,0.0
195,0.275,0.0
195,0.3,0.0
196,0.2,0.0
196,0.225,0.0
196,0.25,0.0
196,0.275,0.0
196,0.3,0.0
197,0.2,0.0
197,0.225,0.0
197,0.25,0.0
197,0.275,0.0
197,0.3,0.0
198,0.2,0.0
198,0.225,0.0
198,0.25,0.0
198,0.275,0.0
198,0.3,0.0078125
199,0.2,0.0
199,0.225,0.0
199,0.25,0.0
199,0.275,0.0
199,0.3,0.0
200,0.2,0.0
200,0.225,0.0
200,0.25,0.0
200,0.275,0.0
200,0.3,0.0
201,0.2,0.0
201,0.225,0.0
201,0.25,0.0
201,0.275,0.0
201,0.3,0.0
202,0.2,0.0
202,0.225,0.0
202,0.25,0.0
202,0.275,0.0
202,0.3,0.0
203,0.2,0.0
203,0.225,0.0
203,0.25,0.0
203,0.275,0.0009765625
203,0.3,0.0
204,0.2,0.0
204,0.225,0.0
204,0.25,0.0
204,0.275,0.0
204,0.3,0.0
205,0.2,0.0
205,0.225,0.0
205,0.25,0.0
205,0.275,0.0
205,0.3,0.0
206,0.2,0.0
206,0.225,0.0
206,0.25,0.0
206,0.275,0.0
206,0.3,0.0
207,0.2,0.0
207,0.225,0.0
207,0.25,0.0
207,0.275,0.0
207,0.3,0.0
208,0.2,0.0
208,0.225,0.0
208,0.25,0.0
208,0.275,0.0
208,0.3,0.0
209,0.2,0.0
209,0.225,0.0
209,0.25,0.0
209,0.275,0.0
209,0.3,0.0
210,0.2,0.0
210,0.225,0.0
210,0.25,0.0
210,0.275,0.0
210,0.3,0.0
211,0.2,0.0
211,0.225,0.0
211,0.25,0.0
211,0.275,0.0
211,0.3,0.0
212,0.2,0.0
212,0.225,0.0
212,0.25,0.0
212,0.275,0.0
212,0.3,0.0
213,0.2,0.0
213,0.225,0.0
213,0.25,0.0
213,0.275,0.0
213,0.3,0.0
214,0.2,0.0
214,0.225,0.0
214,0.25,0.0
214,0.275,0.0
214,0.3,0.0
215,0.2,0.0
215,0.225,0.0
215,0.25,0.0
215,0.275,0.0
215,0.3,0.0
216,0.2,0.0
216,0.225,0.0
216,0.25,0.0
216,0.275,0.0
216,0.3,0.0
217,0.2,0.0
217,0.225,0.0
217,0.25,0.0
217,0.275,0.0
217,0.3,0.0
218,0.2,0.0
218,0.225,0.0
218,0.25,0.0
218,0.275,0.0
218,0.3,0.0
219,0.2,0.0
219,0.225,0.0
219,0.25,0.0
219,0.275,0.0
219,0.3,0.0
220,0.2,0.0
220,0.225,0.0
220,0.25,0.0
220,0.275,0.0
220,0.3,0.0
221,0.2,0.0
221,0.225,0.0
221,0.25,0.0
221,0.275,0.0
221,0.3,0.0
222,0.2,0.0
222,0.225,0.0
222,0.25,0.0
222,0.275,0.0009765625
222,0.3,0.0
223,0.2,0.0
223,0.225,0.0
223,0.25,0.0
223,0.275,0.0
223,0.3,0.0
224,0.2,0.0
224,0.225,0.0
224,0.25,0.0
224,0.275,0.0
224,0.3,0.0
225,0.2,0.0
225,0.225,0.0
225,0.25,0.0
225,0.275,0.0
225,0.3,0.0
226,0.2,0.0
226,0.225,0.0
226,0.25,0.0
226,0.275,0.0029296875
226,0.3,0.0
227,0.2,0.0
227,0.225,0.0
227,0.25,0.0
227,0.275,0.0
227,0.3,0.0
228,0.2,0.0
228,0.225,0.0
228,0.25,0.0
228,0.275,0.0
228,0.3,0.0
229,0.2,0.0
229,0.225,0.0
229,0.25,0.0
229,0.275,0.0
229,0.3,0.0
230,0.2,0.0
230,0.225,0.0
230,0.25,0.0
230,0.275,0.0
230,0.3,0.0
231,0.2,0.0
231,0.225,0.0
231,0.25,0.0
231,0.275,0.0
231,0.3,0.0
232,0.2,0.0
232,0.225,0.0
232,0.25,0.0
232,0.275,0.0
232,0.3,0.0
233,0.2,0.0
233,0.225,0.0
233,0.25,0.0
233,0.275,0.0
233,0.3,0.0
234,0.2,0.0
234,0.225,0.0
234,0.25,0.0
234,0.275,0.0
234,0.3,0.0
235,0.2,0.0
235,0.225,0.0
235,0.25,0.0
235,0.275,0.0
235,0.3,0.0
236,0.2,0.0
236,0.225,0.0
236,0.25,0.0
236,0.275,0.0009765625
236,0.3,0.0
237,0.2,0.0
237,0.225,0.0
237,0.25,0.0
237,0.275,0.0
237,0.3,0.0
238,0.2,0.0
238,0.225,0.0
238,0.25,0.0
238,0.275,0.0
238,0.3,0.0
239,0.2,0.0
239,0.225,0.0
239,0.25,0.0
239,0.275,0.0
239,0.3,0.001953125
240,0.2,0.0
240,0.225,0.0
240,0.25,0.0
240,0.275,0.0
240,0.3,0.0
241,0.2,0.0
241,0.225,0.0
241,0.25,0.0
241,0.275,0.0
241,0.3,0.0
242,0.2,0.0
242,0.225,0.0
242,0.25,0.0
242,0.275,0.0
242,0.3,0.0
243,0.2,0.0
243,0.225,0.0
243,0.25,0.0
243,0.275,0.0
243,0.3,0.0
244,0.2,0.0
244,0.225,0.0
244,0.25,0.0
244,0.275,0.0
244,0.3,0.0
245,0.2,0.0
245,0.225,0.0
245,0.25,0.0
245,0.275,0.0
245,0.3,0.0
246,0.2,0.0
246,0.225,0.0
246,0.25,0.0
246,0.275,0.0
246,0.3,0.0
247,0.2,0.0
247,0.225,0.0
247,0.25,0.0
247,0.275,0.0
247,0.3,0.0
248,0.2,0.0
248,0.225,0.0
248,0.25,0.0
248,0.275,0.0
248,0.3,0.0
249,0.2,0.0
249,0.225,0.0
249,0.25,0.0
249,0.275,0.0
249,0.3,0.0
250,0.2,0.0
250,0.225,0.0
250,0.25,0.0
250,0.275,0.0
250,0.3,0.0
251,0.2,0.0
251,0.225,0.0
251,0.25,0.0
251,0.275,0.0
251,0.3,0.0
252,0.2,0.0
252,0.225,0.0
252,0.25,0.0
252,0.275,0.0
252,0.3,0.0
253,0.2,0.0
253,0.225,0.0
253,0.25,0.0
253,0.275,0.0
253,0.3,0.0
254,0.2,0.0
254,0.225,0.0
254,0.25,0.0
254,0.275,0.0
254,0.3,0.0
255,0.2,0.0
255,0.225,0.0
255,0.25,0.0
255,0.275,0.0
255,0.3,0.0
256,0.2,0.0
256,0.225,0.0
256,0.25,0.0
256,0.275,0.0
256,0.3,0.0
257,0.2,0.0
257,0.225,0.0
257,0.25,0.0
257,0.275,0.0
257,0.3,0.0048828125
258,0.2,0.0
258,0.225,0.0
258,0.25,0.0
258,0.275,0.0
258,0.3,0.0
259,0.2,0.0
259,0.225,0.0
259,0.25,0.0
259,0.275,0.0009765625
259,0.3,0.0
260,0.2,0.0
260,0.225,0.0
260,0.25,0.0
260,0.275,0.0
260,0.3,0.0
261,0.2,0.0
261,0.225,0.0
261,0.25,0.0
261,0.275,0.0
261,0.3,0.0
262,0.2,0.0
262,0.225,0.0
262,0.25,0.0
262,0.275,0.0
262,0.3,0.0
263,0.2,0.0
263,0.225,0.0
263,0.25,0.0
263,0.275,0.0
263,0.3,0.0
264,0.2,0.0
264,0.225,0.0
264,0.25,0.0
264,0.275,0.0
264,0.3,0.0107421875
265,0.2,0.0
265,0.225,0.0
265,0.25,0.0
265,0.275,0.0
265,0.3,0.0
266,0.2,0.0
266,0.225,0.0
266,0.25,0.0
266,0.275,0.0
266,0.3,0.0
267,0.2,0.0
267,0.225,0.0
267,0.25,0.0
267,0.275,0.0
267,0.3,0.0
268,0.2,0.0
268,0.225,0.0
268,0.25,0.0
268,0.275,0.0
268,0.3,0.0
269,0.2,0.0
269,0.225,0.0
269,0.25,0.0
269,0.275,0.0
269,0.3,0.0
270,0.2,0.0
270,0.225,0.0
270,0.25,0.0
270,0.275,0.0
270,0.3,0.0
271,0.2,0.0
271,0.225,0.0
271,0.25,0.0
271,0.275,0.0
271,0.3,0.0
272,0.2,0.0
272,0.225,0.0
272,0.25,0.0
272,0.275,0.0
272,0.3,0.0
273,0.2,0.0
273,0.225,0.0
273,0.25,0.0
273,0.275,0.0
273,0.3,0.0
274,0.2,0.0
274,0.225,0.0
274,0.25,0.0
274,0.275,0.0
274,0.3,0.0048828125
275,0.2,0.0
275,0.225,0.0
275,0.25,0.0
275,0.275,0.0
275,0.3,0.0
276,0.2,0.0
276,0.225,0.0
276,0.25,0.0
276,0.275,0.0
276,0.3,0.0
277,0.2,0.0
277,0.225,0.0
277,0.25,0.0
277,0.275,0.0
277,0.3,0.005859375
278,0.2,0.0
278,0.225,0.0
278,0.25,0.0
278,0.275,0.0
278,0.3,0.0
279,0.2,0.0
279,0.225,0.0
279,0.25,0.0
279,0.275,0.0
279,0.3,0.0
280,0.2,0.0
280,0.225,0.0
280,0.25,0.0
280,0.275,0.0
280,0.3,0.0
281,0.2,0.0
281,0.225,0.0
281,0.25,0.0
281,0.275,0.0
281,0.3,0.0
282,0.2,0.0
282,0.225,0.0
282,0.25,0.0
282,0.275,0.0
282,0.3,0.0
283,0.2,0.0
283,0.225,0.0
283,0.25,0.0
283,0.275,0.0
283,0.3,0.0
284,0.2,0.0
284,0.225,0.0
284,0.25,0.0
284,0.275,0.0
284,0.3,0.0
285,0.2,0.0
285,0.225,0.0
285,0.25,0.0
285,0.275,0.0
285,0.3,0.0
286,0.2,0.0
286,0.225,0.0
286,0.25,0.0
286,0.275,0.0
286,0.3,0.0
287,0.2,0.0
287,0.225,0.0
287,0.25,0.0
287,0.275,0.0
287,0.3,0.0
288,0.2,0.0
288,0.225,0.0
288,0.25,0.0
288,0.275,0.0
288,0.3,0.0
289,0.2,0.0
289,0.225,0.0
289,0.25,0.0
289,0.275,0.0
289,0.3,0.0
290,0.2,0.0
290,0.225,0.0
290,0.25,0.0
290,0.275,0.0
290,0.3,0.0
291,0.2,0.0
291,0.225,0.0
291,0.25,0.0
291,0.275,0.0
291,0.3,0.0
292,0.2,0.0
292,0.225,0.0
292,0.25,0.0
292,0.275,0.0009765625
292,0.3,0.0
293,0.2,0.0
293,0.225,0.0
293,0.25,0.0
293,0.275,0.0
293,0.3,0.0
294,0.2,0.0
294,0.225,0.0
294,0.25,0.0
294,0.275,0.0
294,0.3,0.0
295,0.2,0.0
295,0.225,0.0
295,0.25,0.0
295,0.275,0.0
295,0.3,0.0
296,0.2,0.0
296,0.225,0.0
296,0.25,0.0
296,0.275,0.0
296,0.3,0.0
297,0.2,0.0
297,0.225,0.0
297,0.25,0.0
297,0.275,0.0
297,0.3,0.0
298,0.2,0.0
298,0.225,0.0
298,0.25,0.0
298,0.275,0.0
298,0.3,0.0
299,0.2,0.0
299,0.225,0.0
299,0.25,0.0
299,0.275,0.0
299,0.3,0.0
300,0.2,0.0
300,0.225,0.0
300,0.25,0.0
300,0.275,0.0
300,0.3,0.0107421875
301,0.2,0.0
301,0.225,0.0
301,0.25,0.0
301,0.275,0.0
301,0.3,0.0
302,0.2,0.0
302,0.225,0.0
302,0.25,0.0
302,0.275,0.0
302,0.3,0.0
303,0.2,0.0
303,0.225,0.0
303,0.25,0.0
303,0.275,0.0
303,0.3,0.0
304,0.2,0.0
304,0.225,0.0
304,0.25,0.0
304,0.275,0.0
304,0.3,0.0
305,0.2,0.0
305,0.225,0.0
305,0.25,0.0
305,0.275,0.0
305,0.3,0.0
306,0.2,0.0
306,0.225,0.0
306,0.25,0.0
306,0.275,0.0
306,0.3,0.0
307,0.2,0.0
307,0.225,0.0
307,0.25,0.0
307,0.275,0.0
307,0.3,0.0
308,0.2,0.0
308,0.225,0.0
308,0.25,0.0
308,0.275,0.0
308,0.3,0.0
309,0.2,0.0
309,0.225,0.0
309,0.25,0.0
309,0.275,0.0
309,0.3,0.0
310,0.2,0.0
310,0.225,0.0
310,0.25,0.0
310,0.275,0.0
310,0.3,0.0
311,0.2,0.0
311,0.225,0.0
311,0.25,0.0
311,0.275,0.0
311,0.3,0.0
312,0.2,0.0
312,0.225,0.0
312,0.25,0.0
312,0.275,0.0
312,0.3,0.0
313,0.2,0.0
313,0.225,0.0
313,0.25,0.0
313,0.275,0.0
313,0.3,0.0009765625
314,0.2,0.0
314,0.225,0.0
314,0.25,0.0
314,0.275,0.0
314,0.3,0.0
315,0.2,0.0
315,0.225,0.0
315,0.25,0.0
315,0.275,0.0
315,0.3,0.0
316,0.2,0.0
316,0.225,0.0
316,0.25,0.0
316,0.275,0.0
316,0.3,0.0
317,0.2,0.0
317,0.225,0.0
317,0.25,0.0
317,0.275,0.0
317,0.3,0.0
318,0.2,0.0
318,0.225,0.0
318,0.25,0.0
318,0.275,0.0
318,0.3,0.0
319,0.2,0.0
319,0.225,0.0
319,0.25,0.0
319,0.275,0.0
319,0.3,0.0068359375
320,0.2,0.0
320,0.225,0.0
320,0.25,0.0
320,0.275,0.0
320,0.3,0.0
321,0.2,0.0
321,0.225,0.0
321,0.25,0.0
321,0.275,0.0
321,0.3,0.0
322,0.2,0.0
322,0.225,0.0
322,0.25,0.0
322,0.275,0.0009765625
322,0.3,0.0
323,0.2,0.0
323,0.225,0.0
323,0.25,0.0
323,0.275,0.0
323,0.3,0.0
324,0.2,0.0
324,0.225,0.0
324,0.25,0.0
324,0.275,0.0
324,0.3,0.0
325,0.2,0.0
325,0.225,0.0
325,0.25,0.0
325,0.275,0.0
325,0.3,0.0
326,0.2,0.0
326,0.225,0.0
326,0.25,0.0
326,0.275,0.0
326,0.3,0.0
327,0.2,0.0
327,0.225,0.0
327,0.25,0.0
327,0.275,0.0
327,0.3,0.0
328,0.2,0.0
328,0.225,0.0
328,0.25,0.0
328,0.275,0.0
328,0.3,0.0
329,0.2,0.0
329,0.225,0.0
329,0.25,0.0
329,0.275,0.0
329,0.3,0.0048828125
330,0.2,0.0
330,0.225,0.0
330,0.25,0.0
330,0.275,0.0
330,0.3,0.0
331,0.2,0.0
331,0.225,0.0
331,0.25,0.0
331,0.275,0.0
331,0.3,0.0
332,0.2,0.0
332,0.225,0.0
332,0.25,0.0
332,0.275,0.0
332,0.3,0.0
333,0.2,0.0
333,0.225,0.0
333,0.25,0.0
333,0.275,0.0
333,0.3,0.0
334,0.2,0.0
334,0.225,0.0
334,0.25,0.0
334,0.275,0.0
334,0.3,0.0
335,0.2,0.0
335,0.225,0.0
335,0.25,0.0
335,0.275,0.0
335,0.3,0.0
336,0.2,0.0
336,0.225,0.0
336,0.25,0.0
336,0.275,0.0
336,0.3,0.0
337,0.2,0.0
337,0.225,0.0
337,0.25,0.0
337,0.275,0.0
337,0.3,0.0
338,0.2,0.0
338,0.225,0.0
338,0.25,0.0
338,0.275,0.0
338,0.3,0.0
339,0.2,0.0
339,0.225,0.0
339,0.25,0.0
339,0.275,0.0
339,0.3,0.0
340,0.2,0.0
340,0.225,0.0
340,0.25,0.0
340,0.275,0.0
340,0.3,0.0
341,0.2,0.0
341,0.225,0.0
341,0.25,0.0
341,0.275,0.0
341,0.3,0.0
342,0.2,0.0
342,0.225,0.0
342,0.25,0.0
342,0.275,0.0
342,0.3,0.0
343,0.2,0.0
343,0.225,0.0
343,0.25,0.0
343,0.275,0.0
343,0.3,0.0
344,0.2,0.0
344,0.225,0.0
344,0.25,0.0
344,0.275,0.0009765625
344,0.3,0.0
345,0.2,0.0
345,0.225,0.0
345,0.25,0.0
345,0.275,0.0
345,0.3,0.0
346,0.2,0.0
346,0.225,0.0
346,0.25,0.0
346,0.275,0.0
346,0.3,0.0
347,0.2,0.0
347,0.225,0.0
347,0.25,0.0
347,0.275,0.0
347,0.3,0.0
348,0.2,0.0
348,0.225,0.0
348,0.25,0.0
348,0.275,0.0
348,0.3,0.0
349,0.2,0.0
349,0.225,0.0
349,0.25,0.0
349,0.275,0.0
349,0.3,0.0
350,0.2,0.0
350,0.225,0.0
350,0.25,0.0
350,0.275,0.0
350,0.3,0.0
351,0.2,0.0
351,0.225,0.0
351,0.25,0.0
351,0.275,0.0
351,0.3,0.0
352,0.2,0.0
352,0.225,0.0
352,0.25,0.0
352,0.275,0.0
352,0.3,0.0
353,0.2,0.0
353,0.225,0.0
353,0.25,0.0
353,0.275,0.0
353,0.3,0.0
354,0.2,0.0
354,0.225,0.0
354,0.25,0.0
354,0.275,0.0
354,0.3,0.0
355,0.2,0.0
355,0.225,0.0
355,0.25,0.0
355,0.275,0.0
355,0.3,0.0
356,0.2,0.0
356,0.225,0.0
356,0.25,0.0
356,0.275,0.0
356,0.3,0.0
357,0.2,0.0
357,0.225,0.0
357,0.25,0.0
357,0.275,0.0
357,0.3,0.0
358,0.2,0.0
358,0.225,0.0
358,0.25,0.0
358,0.275,0.0
358,0.3,0.0087890625
359,0.2,0.0
359,0.225,0.0
359,0.25,0.0
359,0.275,0.0
359,0.3,0.0
360,0.2,0.0
360,0.225,0.0
360,0.25,0.0
360,0.275,0.0
360,0.3,0.0
361,0.2,0.0
361,0.225,0.0
361,0.25,0.0
361,0.275,0.0
361,0.3,0.0
362,0.2,0.0
362,0.225,0.0
362,0.25,0.0
362,0.275,0.0
362,0.3,0.0
363,0.2,0.0
363,0.225,0.0
363,0.25,0.0
363,0.275,0.0
363,0.3,0.0
364,0.2,0.0
364,0.225,0.0
364,0.25,0.0
364,0.275,0.0
364,0.3,0.0
365,0.2,0.0
365,0.225,0.0
365,0.25,0.0
365,0.275,0.0
365,0.3,0.0
366,0.2,0.0
366,0.225,0.0
366,0.25,0.0
366,0.275,0.0
366,0.3,0.0
367,0.2,0.0
367,0.225,0.0
367,0.25,0.0
367,0.275,0.0
367,0.3,0.0
368,0.2,0.0
368,0.225,0.0
368,0.25,0.0
368,0.275,0.0
368,0.3,0.0
369,0.2,0.0
369,0.225,0.0
369,0.25,0.0
369,0.275,0.0
369,0.3,0.0
370,0.2,0.0
370,0.225,0.0
370,0.25,0.0
370,0.275,0.0
370,0.3,0.0
371,0.2,0.0
371,0.225,0.0
371,0.25,0.0
371,0.275,0.0
371,0.3,0.0
372,0.2,0.0
372,0.225,0.0
372,0.25,0.0
372,0.275,0.0
372,0.3,0.0
373,0.2,0.0
373,0.225,0.0
373,0.25,0.0
373,0.275,0.0
373,0.3,0.0
374,0.2,0.0
374,0.225,0.0
374,0.25,0.0
374,0.275,0.0
374,0.3,0.0
375,0.2,0.0
375,0.225,0.0
375,0.25,0.0
375,0.275,0.0
375,0.3,0.0
376,0.2,0.0
376,0.225,0.0
376,0.25,0.0
376,0.275,0.0
376,0.3,0.0
377,0.2,0.0
377,0.225,0.0
377,0.25,0.0
377,0.275,0.0
377,0.3,0.0
378,0.2,0.0
378,0.225,0.0
378,0.25,0.0
378,0.275,0.0
378,0.3,0.0
379,0.2,0.0
379,0.225,0.0
379,0.25,0.0
379,0.275,0.0
379,0.3,0.0
380,0.2,0.0
380,0.225,0.0
380,0.25,0.0
380,0.275,0.0
380,0.3,0.0
381,0.2,0.0
381,0.225,0.0
381,0.25,0.0
381,0.275,0.0
381,0.3,0.0
382,0.2,0.0
382,0.225,0.0
382,0.25,0.0
382,0.275,0.0
382,0.3,0.0068359375
383,0.2,0.0
383,0.225,0.0
383,0.25,0.0
383,0.275,0.0009765625
383,0.3,0.0
384,0.2,0.0
384,0.225,0.0
384,0.25,0.0
384,0.275,0.0
384,0.3,0.0
385,0.2,0.0
385,0.225,0.0
385,0.25,0.0
385,0.275,0.0
385,0.3,0.0
386,0.2,0.0
386,0.225,0.0
386,0.25,0.0
386,0.275,0.0
386,0.3,0.0
387,0.2,0.0
387,0.225,0.0
387,0.25,0.0
387,0.275,0.001953125
387,0.3,0.0
388,0.2,0.0
388,0.225,0.0
388,0.25,0.0
388,0.275,0.0
388,0.3,0.0
389,0.2,0.0
389,0.225,0.0
389,0.25,0.0
389,0.275,0.0
389,0.3,0.0
390,0.2,0.0
390,0.225,0.0
390,0.25,0.0
390,0.275,0.0
390,0.3,0.0
391,0.2,0.0
391,0.225,0.0
391,0.25,0.0
391,0.275,0.0
391,0.3,0.0
392,0.2,0.0
392,0.225,0.0
392,0.25,0.0
392,0.275,0.0
392,0.3,0.0
393,0.2,0.0
393,0.225,0.0
393,0.25,0.0
393,0.275,0.0
393,0.3,0.001953125
394,0.2,0.0
394,0.225,0.0
394,0.25,0.0
394,0.275,0.0
394,0.3,0.0
395,0.2,0.0
395,0.225,0.0
395,0.25,0.0
395,0.275,0.0
395,0.3,0.0
396,0.2,0.0
396,0.225,0.0
396,0.25,0.0
396,0.275,0.0
396,0.3,0.0
397,0.2,0.0
397,0.225,0.0
397,0.25,0.0
397,0.275,0.0
397,0.3,0.0
398,0.2,0.0
398,0.225,0.0
398,0.25,0.0
398,0.275,0.0
398,0.3,0.0
399,0.2,0.0
399,0.225,0.0
399,0.25,0.0
399,0.275,0.0
399,0.3,0.0
400,0.2,0.0
400,0.225,0.0
400,0.25,0.0
400,0.275,0.0
400,0.3,0.0
401,0.2,0.0
401,0.225,0.0
401,0.25,0.0
401,0.275,0.0
401,0.3,0.0
402,0.2,0.0
402,0.225,0.0
402,0.25,0.0
402,0.275,0.0
402,0.3,0.0
403,0.2,0.0
403,0.225,0.0
403,0.25,0.0
403,0.275,0.0
403,0.3,0.0
404,0.2,0.0
404,0.225,0.0
404,0.25,0.0
404,0.275,0.0
404,0.3,0.0
405,0.2,0.0
405,0.225,0.0
405,0.25,0.0
405,0.275,0.0
405,0.3,0.0
406,0.2,0.0
406,0.225,0.0
406,0.25,0.0
406,0.275,0.0
406,0.3,0.0
407,0.2,0.0
407,0.225,0.0
407,0.25,0.0
407,0.275,0.0
407,0.3,0.0
408,0.2,0.0
408,0.225,0.0
408,0.25,0.0
408,0.275,0.0
408,0.3,0.0
409,0.2,0.0
409,0.225,0.0
409,0.25,0.0
409,0.275,0.0
409,0.3,0.0
410,0.2,0.0
410,0.225,0.0
410,0.25,0.0
410,0.275,0.0
410,0.3,0.0
411,0.2,0.0
411,0.225,0.0
411,0.25,0.0
411,0.275,0.0
411,0.3,0.0
412,0.2,0.0
412,0.225,0.0
412,0.25,0.0
412,0.275,0.0
412,0.3,0.0
413,0.2,0.0
413,0.225,0.0
413,0.25,0.0
413,0.275,0.0009765625
413,0.3,0.0
414,0.2,0.0
414,0.225,0.0
414,0.25,0.0
414,0.275,0.0
414,0.3,0.0
415,0.2,0.0
415,0.225,0.0
415,0.25,0.0
415,0.275,0.0
415,0.3,0.0
416,0.2,0.0
416,0.225,0.0
416,0.25,0.0
416,0.275,0.0
416,0.3,0.0
417,0.2,0.0
417,0.225,0.0
417,0.25,0.0
417,0.275,0.0
417,0.3,0.0078125
418,0.2,0.0
418,0.225,0.0
418,0.25,0.0
418,0.275,0.0
418,0.3,0.0
419,0.2,0.0
419,0.225,0.0
419,0.25,0.0
419,0.275,0.0
419,0.3,0.0
420,0.2,0.0
420,0.225,0.0
420,0.25,0.0
420,0.275,0.0
420,0.3,0.0
421,0.2,0.0
421,0.225,0.0
421,0.25,0.0
421,0.275,0.0
421,0.3,0.0
422,0.2,0.0
422,0.225,0.0
422,0.25,0.0
422,0.275,0.0
422,0.3,0.0
423,0.2,0.0
423,0.225,0.0
423,0.25,0.0
423,0.275,0.0
423,0.3,0.00390625
424,0.2,0.0
424,0.225,0.0
424,0.25,0.0
424,0.275,0.0
424,0.3,0.0
425,0.2,0.0
425,0.225,0.0
425,0.25,0.0
425,0.275,0.0
425,0.3,0.0
426,0.2,0.0
426,0.225,0.0
426,0.25,0.0
426,0.275,0.0
426,0.3,0.0
427,0.2,0.0
427,0.225,0.0
427,0.25,0.0
427,0.275,0.0
427,0.3,0.0
428,0.2,0.0
428,0.225,0.0
428,0.25,0.0
428,0.275,0.0
428,0.3,0.0
429,0.2,0.0
429,0.225,0.0
429,0.25,0.0
429,0.275,0.0
429,0.3,0.0
430,0.2,0.0
430,0.225,0.0
430,0.25,0.0
430,0.275,0.0
430,0.3,0.0
431,0.2,0.0
431,0.225,0.0
431,0.25,0.0
431,0.275,0.0
431,0.3,0.0
432,0.2,0.0
432,0.225,0.0
432,0.25,0.0
432,0.275,0.0
432,0.3,0.0
433,0.2,0.0
433,0.225,0.0
433,0.25,0.0
433,0.275,0.0
433,0.3,0.0
434,0.2,0.0
434,0.225,0.0
434,0.25,0.0
434,0.275,0.0
434,0.3,0.0
435,0.2,0.0
435,0.225,0.0
435,0.25,0.0
435,0.275,0.0
435,0.3,0.0
436,0.2,0.0
436,0.225,0.0
436,0.25,0.0
436,0.275,0.0
436,0.3,0.0
437,0.2,0.0
437,0.225,0.0
437,0.25,0.0
437,0.275,0.0
437,0.3,0.0
438,0.2,0.0
438,0.225,0.0
438,0.25,0.0
438,0.275,0.0
438,0.3,0.0048828125
439,0.2,0.0
439,0.225,0.0
439,0.25,0.0
439,0.275,0.0
439,0.3,0.0
440,0.2,0.0
440,0.225,0.0
440,0.25,0.0
440,0.275,0.0
440,0.3,0.0
441,0.2,0.0
441,0.225,0.0
441,0.25,0.0
441,0.275,0.0
441,0.3,0.0
442,0.2,0.0
442,0.225,0.0
442,0.25,0.0
442,0.275,0.0
442,0.3,0.0
443,0.2,0.0
443,0.225,0.0
443,0.25,0.0
443,0.275,0.0
443,0.3,0.0
444,0.2,0.0
444,0.225,0.0
444,0.25,0.0
444,0.275,0.0
444,0.3,0.0
445,0.2,0.0
445,0.225,0.0
445,0.25,0.0
445,0.275,0.0
445,0.3,0.0
446,0.2,0.0
446,0.225,0.0
446,0.25,0.0
446,0.275,0.0
446,0.3,0.0
447,0.2,0.0
447,0.225,0.0
447,0.25,0.0
447,0.275,0.0
447,0.3,0.0
448,0.2,0.0
448,0.225,0.0
448,0.25,0.0
448,0.275,0.0
448,0.3,0.0
449,0.2,0.0
449,0.225,0.0
449,0.25,0.0
449,0.275,0.0
449,0.3,0.0
450,0.2,0.0
450,0.225,0.0
450,0.25,0.0
450,0.275,0.0
450,0.3,0.0087890625
451,0.2,0.0
451,0.225,0.0
451,0.25,0.0
451,0.275,0.0
451,0.3,0.0
452,0.2,0.0
452,0.225,0.0
452,0.25,0.0
452,0.275,0.0
452,0.3,0.0
453,0.2,0.0
453,0.225,0.0
453,0.25,0.0
453,0.275,0.0
453,0.3,0.0
454,0.2,0.0
454,0.225,0.0
454,0.25,0.0
454,0.275,0.0
454,0.3,0.0
455,0.2,0.0
455,0.225,0.0
455,0.25,0.0
455,0.275,0.0
455,0.3,0.0029296875
456,0.2,0.0
456,0.225,0.0
456,0.25,0.0
456,0.275,0.0
456,0.3,0.0
457,0.2,0.0
457,0.225,0.0
457,0.25,0.0
457,0.275,0.0
457,0.3,0.0
458,0.2,0.0
458,0.225,0.0
458,0.25,0.0
458,0.275,0.0
458,0.3,0.0
459,0.2,0.0
459,0.225,0.0
459,0.25,0.0
459,0.275,0.0
459,0.3,0.0
460,0.2,0.0
460,0.225,0.0
460,0.25,0.0
460,0.275,0.0
460,0.3,0.0
461,0.2,0.0
461,0.225,0.0
461,0.25,0.0
461,0.275,0.0009765625
461,0.3,0.0
462,0.2,0.0
462,0.225,0.0
462,0.25,0.0
462,0.275,0.0
462,0.3,0.0
463,0.2,0.0
463,0.225,0.0
463,0.25,0.0
463,0.275,0.0
463,0.3,0.0
464,0.2,0.0
464,0.225,0.0
464,0.25,0.0
464,0.275,0.0
464,0.3,0.0
465,0.2,0.0
465,0.225,0.0
465,0.25,0.0
465,0.275,0.0
465,0.3,0.0
466,0.2,0.0
466,0.225,0.0
466,0.25,0.0
466,0.275,0.0
466,0.3,0.0
467,0.2,0.0
467,0.225,0.0
467,0.25,0.0
467,0.275,0.0
467,0.3,0.0
468,0.2,0.0
468,0.225,0.0
468,0.25,0.0
468,0.275,0.0
468,0.3,0.0
469,0.2,0.0
469,0.225,0.0
469,0.25,0.0
469,0.275,0.0
469,0.3,0.0
470,0.2,0.0
470,0.225,0.0
470,0.25,0.0
470,0.275,0.0
470,0.3,0.0
471,0.2,0.0
471,0.225,0.0
471,0.25,0.0
471,0.275,0.0
471,0.3,0.0
472,0.2,0.0
472,0.225,0.0
472,0.25,0.0
472,0.275,0.0
472,0.3,0.0
473,0.2,0.0
473,0.225,0.0
473,0.25,0.0
473,0.275,0.0
473,0.3,0.0009765625
474,0.2,0.0
474,0.225,0.0
474,0.25,0.0
474,0.275,0.0
474,0.3,0.0
475,0.2,0.0
475,0.225,0.0
475,0.25,0.0
475,0.275,0.0
475,0.3,0.0
476,0.2,0.0
476,0.225,0.0
476,0.25,0.0
476,0.275,0.0
476,0.3,0.0
477,0.2,0.0
477,0.225,0.0
477,0.25,0.0
477,0.275,0.0
477,0.3,0.0
478,0.2,0.0
478,0.225,0.0
478,0.25,0.0
478,0.275,0.0
478,0.3,0.0
479,0.2,0.0
479,0.225,0.0
479,0.25,0.0
479,0.275,0.0
479,0.3,0.0
480,0.2,0.0
480,0.225,0.0
480,0.25,0.0
480,0.275,0.0
480,0.3,0.0
481,0.2,0.0
481,0.225,0.0
481,0.25,0.0
481,0.275,0.0
481,0.3,0.0
482,0.2,0.0
482,0.225,0.0
482,0.25,0.0
482,0.275,0.0
482,0.3,0.0
483,0.2,0.0
483,0.225,0.0
483,0.25,0.0
483,0.275,0.0
483,0.3,0.0
484,0.2,0.0
484,0.225,0.0
484,0.25,0.0
484,0.275,0.0
484,0.3,0.0048828125
485,0.2,0.0
485,0.225,0.0
485,0.25,0.0
485,0.275,0.0
485,0.3,0.0
486,0.2,0.0
486,0.225,0.0
486,0.25,0.0
486,0.275,0.0009765625
486,0.3,0.0
487,0.2,0.0
487,0.225,0.0
487,0.25,0.0
487,0.275,0.0
487,0.3,0.009765625
488,0.2,0.0
488,0.225,0.0
488,0.25,0.0
488,0.275,0.0
488,0.3,0.0
489,0.2,0.0
489,0.225,0.0
489,0.25,0.0
489,0.275,0.0
489,0.3,0.0
490,0.2,0.0
490,0.225,0.0
490,0.25,0.0
490,0.275,0.0
490,0.3,0.0
491,0.2,0.0
491,0.225,0.0
491,0.25,0.0
491,0.275,0.0
491,0.3,0.0
492,0.2,0.0
492,0.225,0.0
492,0.25,0.0
492,0.275,0.0
492,0.3,0.0
493,0.2,0.0
493,0.225,0.0
493,0.25,0.0
493,0.275,0.001953125
493,0.3,0.0
494,0.2,0.0
494,0.225,0.0
494,0.25,0.0
494,0.275,0.0
494,0.3,0.0
495,0.2,0.0
495,0.225,0.0
495,0.25,0.0
495,0.275,0.001953125
495,0.3,0.0
496,0.2,0.0
496,0.225,0.0
496,0.25,0.0
496,0.275,0.0
496,0.3,0.0
497,0.2,0.0
497,0.225,0.0
497,0.25,0.0
497,0.275,0.0
497,0.3,0.0
498,0.2,0.0
498,0.225,0.0
498,0.25,0.0
498,0.275,0.0
498,0.3,0.0
499,0.2,0.0
499,0.225,0.0
499,0.25,0.0
499,0.275,0.0
499,0.3,0.0
500,0.2,0.0
500,0.225,0.0
500,0.25,0.0
500,0.275,0.0
500,0.3,0.0
501,0.2,0.0
501,0.225,0.0
501,0.25,0.0
501,0.275,0.0
501,0.3,0.0
502,0.2,0.0
502,0.225,0.0
502,0.25,0.0
502,0.275,0.0
502,0.3,0.0
503,0.2,0.0
503,0.225,0.0
503,0.25,0.0
503,0.275,0.0
503,0.3,0.0
504,0.2,0.0
504,0.225,0.0
504,0.25,0.0
504,0.275,0.0
504,0.3,0.0
505,0.2,0.0
505,0.225,0.0
505,0.25,0.0
505,0.275,0.0
505,0.3,0.0
506,0.2,0.0
506,0.225,0.0
506,0.25,0.0
506,0.275,0.0
506,0.3,0.0
507,0.2,0.0
507,0.225,0.0
507,0.25,0.0
507,0.275,0.0
507,0.3,0.0
508,0.2,0.0
508,0.225,0.0
508,0.25,0.0
508,0.275,0.0
508,0.3,0.0
509,0.2,0.0
509,0.225,0.0
509,0.25,0.0
509,0.275,0.0
509,0.3,0.0
510,0.2,0.0
510,0.225,0.0
510,0.25,0.0
510,0.275,0.0
510,0.3,0.0
511,0.2,0.0
511,0.225,0.0
511,0.25,0.0
511,0.275,0.0
511,0.3,0.0
512,0.2,0.0
512,0.225,0.0
512,0.25,0.0
512,0.275,0.0
512,0.3,0.0
513,0.2,0.0
513,0.225,0.0
513,0.25,0.0
513,0.275,0.0
513,0.3,0.0
514,0.2,0.0
514,0.225,0.0
514,0.25,0.0
514,0.275,0.0
514,0.3,0.0
515,0.2,0.0
515,0.225,0.0
515,0.25,0.0
515,0.275,0.0
515,0.3,0.0
516,0.2,0.0
516,0.225,0.0
516,0.25,0.0
516,0.275,0.0
516,0.3,0.0
517,0.2,0.0
517,0.225,0.0
517,0.25,0.0
517,0.275,0.0
517,0.3,0.0
518,0.2,0.0
518,0.225,0.0
518,0.25,0.0
518,0.275,0.0
518,0.3,0.0
519,0.2,0.0
519,0.225,0.0
519,0.25,0.0
519,0.275,0.0
519,0.3,0.005859375
520,0.2,0.0
520,0.225,0.0
520,0.25,0.0
520,0.275,0.0
520,0.3,0.0
521,0.2,0.0
521,0.225,0.0
521,0.25,0.0
521,0.275,0.0
521,0.3,0.0
522,0.2,0.0
522,0.225,0.0
522,0.25,0.0
522,0.275,0.0
522,0.3,0.0
523,0.2,0.0
523,0.225,0.0
523,0.25,0.0
523,0.275,0.0
523,0.3,0.0
524,0.2,0.0
524,0.225,0.0
524,0.25,0.0
524,0.275,0.0
524,0.3,0.0
525,0.2,0.0
525,0.225,0.0
525,0.25,0.0
525,0.275,0.0
525,0.3,0.0
526,0.2,0.0
526,0.225,0.0
526,0.25,0.0
526,0.275,0.0
526,0.3,0.0
527,0.2,0.0
527,0.225,0.0
527,0.25,0.0
527,0.275,0.0
527,0.3,0.0
528,0.2,0.0
528,0.225,0.0
528,0.25,0.0
528,0.275,0.0
528,0.3,0.0
529,0.2,0.0
529,0.225,0.0
529,0.25,0.0
529,0.275,0.0
529,0.3,0.0
530,0.2,0.0
530,0.225,0.0
530,0.25,0.0
530,0.275,0.0
530,0.3,0.0
531,0.2,0.0
531,0.225,0.0
531,0.25,0.0
531,0.275,0.0
531,0.3,0.0
532,0.2,0.0
532,0.225,0.0
532,0.25,0.0
532,0.275,0.0
532,0.3,0.0
533,0.2,0.0
533,0.225,0.0
533,0.25,0.0
533,0.275,0.0
533,0.3,0.0
534,0.2,0.0
534,0.225,0.0
534,0.25,0.0
534,0.275,0.0
534,0.3,0.0
535,0.2,0.0
535,0.225,0.0
535,0.25,0.0
535,0.275,0.0
535,0.3,0.0
536,0.2,0.0
536,0.225,0.0
536,0.25,0.0009765625
536,0.275,0.0
536,0.3,0.0
537,0.2,0.0
537,0.225,0.0
537,0.25,0.0
537,0.275,0.0
537,0.3,0.0
538,0.2,0.0
538,0.225,0.0
538,0.25,0.0
538,0.275,0.0
538,0.3,0.0
539,0.2,0.0
539,0.225,0.0
539,0.25,0.0
539,0.275,0.0
539,0.3,0.0048828125
540,0.2,0.0
540,0.225,0.0
540,0.25,0.0
540,0.275,0.0
540,0.3,0.0
541,0.2,0.0
541,0.225,0.0
541,0.25,0.0
541,0.275,0.0
541,0.3,0.0
542,0.2,0.0
542,0.225,0.0
542,0.25,0.0
542,0.275,0.0009765625
542,0.3,0.0
543,0.2,0.0
543,0.225,0.0
543,0.25,0.0
543,0.275,0.0
543,0.3,0.0087890625
544,0.2,0.0
544,0.225,0.0
544,0.25,0.0
544,0.275,0.0
544,0.3,0.0
545,0.2,0.0
545,0.225,0.0
545,0.25,0.0
545,0.275,0.0
545,0.3,0.0
546,0.2,0.0
546,0.225,0.0
546,0.25,0.0
546,0.275,0.0
546,0.3,0.0078125
547,0.2,0.0
547,0.225,0.0
547,0.25,0.0
547,0.275,0.0
547,0.3,0.0
548,0.2,0.0
548,0.225,0.0
548,0.25,0.0
548,0.275,0.0
548,0.3,0.0
549,0.2,0.0
549,0.225,0.0
549,0.25,0.0
549,0.275,0.001953125
549,0.3,0.0
550,0.2,0.0
550,0.225,0.0
550,0.25,0.0
550,0.275,0.0
550,0.3,0.0
551,0.2,0.0
551,0.225,0.0
551,0.25,0.0
551,0.275,0.0
551,0.3,0.0
552,0.2,0.0
552,0.225,0.0
552,0.25,0.0
552,0.275,0.0
552,0.3,0.0087890625
553,0.2,0.0
553,0.225,0.0
553,0.25,0.0
553,0.275,0.0
553,0.3,0.005859375
554,0.2,0.0
554,0.225,0.0
554,0.25,0.0
554,0.275,0.0
554,0.3,0.0
555,0.2,0.0
555,0.225,0.0
555,0.25,0.0
555,0.275,0.0
555,0.3,0.0
556,0.2,0.0
556,0.225,0.0
556,0.25,0.0
556,0.275,0.0
556,0.3,0.0
557,0.2,0.0
557,0.225,0.0
557,0.25,0.0
557,0.275,0.0
557,0.3,0.0
558,0.2,0.0
558,0.225,0.0
558,0.25,0.0
558,0.275,0.0
558,0.3,0.0
559,0.2,0.0
559,0.225,0.0
559,0.25,0.0
559,0.275,0.0
559,0.3,0.0
560,0.2,0.0
560,0.225,0.0
560,0.25,0.0
560,0.275,0.0
560,0.3,0.0
561,0.2,0.0
561,0.225,0.0
561,0.25,0.0
561,0.275,0.0
561,0.3,0.0
562,0.2,0.0
562,0.225,0.0
562,0.25,0.0
562,0.275,0.0
562,0.3,0.0
563,0.2,0.0
563,0.225,0.0
563,0.25,0.0
563,0.275,0.0
563,0.3,0.0
564,0.2,0.0
564,0.225,0.0
564,0.25,0.0
564,0.275,0.0
564,0.3,0.0
565,0.2,0.0
565,0.225,0.0
565,0.25,0.0
565,0.275,0.0
565,0.3,0.0
566,0.2,0.0
566,0.225,0.0
566,0.25,0.0
566,0.275,0.0
566,0.3,0.0
567,0.2,0.0
567,0.225,0.0
567,0.25,0.0
567,0.275,0.0
567,0.3,0.0
568,0.2,0.0
568,0.225,0.0
568,0.25,0.0
568,0.275,0.0
568,0.3,0.0
569,0.2,0.0
569,0.225,0.0
569,0.25,0.0
569,0.275,0.0
569,0.3,0.0
570,0.2,0.0
570,0.225,0.0
570,0.25,0.0
570,0.275,0.0
570,0.3,0.0
571,0.2,0.0
571,0.225,0.0
571,0.25,0.0
571,0.275,0.0
571,0.3,0.0
572,0.2,0.0
572,0.225,0.0
572,0.25,0.0
572,0.275,0.0
572,0.3,0.0
573,0.2,0.0
573,0.225,0.0
573,0.25,0.0
573,0.275,0.0
573,0.3,0.0
574,0.2,0.0
574,0.225,0.0
574,0.25,0.0
574,0.275,0.0
574,0.3,0.0107421875
575,0.2,0.0
575,0.225,0.0
575,0.25,0.0
575,0.275,0.0
575,0.3,0.0
576,0.2,0.0
576,0.225,0.0
576,0.25,0.0
576,0.275,0.0
576,0.3,0.0
577,0.2,0.0
577,0.225,0.0
577,0.25,0.0
577,0.275,0.0
577,0.3,0.0
578,0.2,0.0
578,0.225,0.0
578,0.25,0.0
578,0.275,0.0
578,0.3,0.0
579,0.2,0.0
579,0.225,0.0
579,0.25,0.0
579,0.275,0.0
579,0.3,0.0
580,0.2,0.0
580,0.225,0.0
580,0.25,0.0
580,0.275,0.0
580,0.3,0.0
581,0.2,0.0
581,0.225,0.0
581,0.25,0.0
581,0.275,0.0
581,0.3,0.0
582,0.2,0.0
582,0.225,0.0
582,0.25,0.0
582,0.275,0.0
582,0.3,0.0
583,0.2,0.0
583,0.225,0.0
583,0.25,0.0
583,0.275,0.0
583,0.3,0.0
584,0.2,0.0
584,0.225,0.0
584,0.25,0.0
584,0.275,0.0
584,0.3,0.0
585,0.2,0.0
585,0.225,0.0
585,0.25,0.0
585,0.275,0.0
585,0.3,0.0
586,0.2,0.0
586,0.225,0.0
586,0.25,0.0
586,0.275,0.0
586,0.3,0.0
587,0.2,0.0
587,0.225,0.0
587,0.25,0.0
587,0.275,0.0
587,0.3,0.0
588,0.2,0.0
588,0.225,0.0
588,0.25,0.0
588,0.275,0.0
588,0.3,0.0
589,0.2,0.0
589,0.225,0.0
589,0.25,0.0
589,0.275,0.0
589,0.3,0.0
590,0.2,0.0
590,0.225,0.0
590,0.25,0.0
590,0.275,0.0
590,0.3,0.0
591,0.2,0.0
591,0.225,0.0
591,0.25,0.0
591,0.275,0.0
591,0.3,0.0
592,0.2,0.0
592,0.225,0.0
592,0.25,0.0
592,0.275,0.0
592,0.3,0.0
593,0.2,0.0
593,0.225,0.0
593,0.25,0.0
593,0.275,0.0
593,0.3,0.0
594,0.2,0.0
594,0.225,0.0
594,0.25,0.0
594,0.275,0.0
594,0.3,0.0
595,0.2,0.0
595,0.225,0.0
595,0.25,0.0
595,0.275,0.0
595,0.3,0.001953125
596,0.2,0.0
596,0.225,0.0
596,0.25,0.0
596,0.275,0.0
596,0.3,0.0
597,0.2,0.0
597,0.225,0.0
597,0.25,0.0
597,0.275,0.0
597,0.3,0.0
598,0.2,0.0
598,0.225,0.0
598,0.25,0.0
598,0.275,0.0
598,0.3,0.0
599,0.2,0.0
599,0.225,0.0
599,0.25,0.0
599,0.275,0.0
599,0.3,0.0
600,0.2,0.0
600,0.225,0.0
600,0.25,0.0
600,0.275,0.0
600,0.3,0.0
601,0.2,0.0
601,0.225,0.0
601,0.25,0.0
601,0.275,0.0
601,0.3,0.0
602,0.2,0.0
602,0.225,0.0
602,0.25,0.0
602,0.275,0.0
602,0.3,0.0
603,0.2,0.0
603,0.225,0.0
603,0.25,0.0
603,0.275,0.0
603,0.3,0.0
604,0.2,0.0
604,0.225,0.0
604,0.25,0.0
604,0.275,0.0
604,0.3,0.0
605,0.2,0.0
605,0.225,0.0
605,0.25,0.0
605,0.275,0.0
605,0.3,0.0
606,0.2,0.0
606,0.225,0.0
606,0.25,0.0
606,0.275,0.0
606,0.3,0.0
607,0.2,0.0
607,0.225,0.0
607,0.25,0.0
607,0.275,0.0
607,0.3,0.0
608,0.2,0.0
608,0.225,0.0
608,0.25,0.0
608,0.275,0.0
608,0.3,0.0
609,0.2,0.0
609,0.225,0.0
609,0.25,0.0
609,0.275,0.0
609,0.3,0.0
610,0.2,0.0
610,0.225,0.0
610,0.25,0.0
610,0.275,0.0
610,0.3,0.0
611,0.2,0.0
611,0.225,0.0
611,0.25,0.0
611,0.275,0.0
611,0.3,0.0
612,0.2,0.0
612,0.225,0.0
612,0.25,0.0
612,0.275,0.0
612,0.3,0.0
613,0.2,0.0
613,0.225,0.0
613,0.25,0.0
613,0.275,0.0
613,0.3,0.0
614,0.2,0.0
614,0.225,0.0
614,0.25,0.0
614,0.275,0.0
614,0.3,0.0
615,0.2,0.0
615,0.225,0.0
615,0.25,0.0
615,0.275,0.0
615,0.3,0.0
616,0.2,0.0
616,0.225,0.0
616,0.25,0.0
616,0.275,0.0
616,0.3,0.0
617,0.2,0.0
617,0.225,0.0
617,0.25,0.0009765625
617,0.275,0.0
617,0.3,0.0
618,0.2,0.0
618,0.225,0.0
618,0.25,0.0
618,0.275,0.0
618,0.3,0.0
619,0.2,0.0
619,0.225,0.0
619,0.25,0.0
619,0.275,0.0
619,0.3,0.00390625
620,0.2,0.0
620,0.225,0.0
620,0.25,0.0
620,0.275,0.0
620,0.3,0.0
621,0.2,0.0
621,0.225,0.0
621,0.25,0.0
621,0.275,0.0
621,0.3,0.0
622,0.2,0.0
622,0.225,0.0
622,0.25,0.0
622,0.275,0.0
622,0.3,0.0
623,0.2,0.0
623,0.225,0.0
623,0.25,0.0
623,0.275,0.0
623,0.3,0.00390625
624,0.2,0.0
624,0.225,0.0
624,0.25,0.0
624,0.275,0.0
624,0.3,0.01171875
625,0.2,0.0
625,0.225,0.0
625,0.25,0.0
625,0.275,0.0
625,0.3,0.0068359375
626,0.2,0.0
626,0.225,0.0
626,0.25,0.0
626,0.275,0.0
626,0.3,0.0
627,0.2,0.0
627,0.225,0.0
627,0.25,0.0
627,0.275,0.0
627,0.3,0.0
628,0.2,0.0
628,0.225,0.0
628,0.25,0.0
628,0.275,0.0
628,0.3,0.0
629,0.2,0.0
629,0.225,0.0
629,0.25,0.0
629,0.275,0.0
629,0.3,0.0
630,0.2,0.0
630,0.225,0.0
630,0.25,0.0
630,0.275,0.0
630,0.3,0.0
631,0.2,0.0
631,0.225,0.0
631,0.25,0.0
631,0.275,0.0
631,0.3,0.0
632,0.2,0.0
632,0.225,0.0
632,0.25,0.0
632,0.275,0.0
632,0.3,0.0
633,0.2,0.0
633,0.225,0.0
633,0.25,0.0
633,0.275,0.0
633,0.3,0.0
634,0.2,0.0
634,0.225,0.0
634,0.25,0.0
634,0.275,0.0
634,0.3,0.0048828125
635,0.2,0.0
635,0.225,0.0
635,0.25,0.0
635,0.275,0.0
635,0.3,0.0
636,0.2,0.0
636,0.225,0.0
636,0.25,0.0
636,0.275,0.0
636,0.3,0.00390625
637,0.2,0.0
637,0.225,0.0
637,0.25,0.0
637,0.275,0.0
637,0.3,0.0029296875
638,0.2,0.0
638,0.225,0.0
638,0.25,0.0
638,0.275,0.0
638,0.3,0.0
639,0.2,0.0
639,0.225,0.0
639,0.25,0.0
639,0.275,0.0
639,0.3,0.005859375
640,0.2,0.0
640,0.225,0.0
640,0.25,0.0
640,0.275,0.0
640,0.3,0.0
641,0.2,0.0
641,0.225,0.0
641,0.25,0.0
641,0.275,0.0
641,0.3,0.0
642,0.2,0.0
642,0.225,0.0
642,0.25,0.0
642,0.275,0.0
642,0.3,0.0
643,0.2,0.0
643,0.225,0.0
643,0.25,0.0
643,0.275,0.0
643,0.3,0.0
644,0.2,0.0
644,0.225,0.0
644,0.25,0.0
644,0.275,0.0
644,0.3,0.0
645,0.2,0.0
645,0.225,0.0
645,0.25,0.0
645,0.275,0.0
645,0.3,0.0
646,0.2,0.0
646,0.225,0.0
646,0.25,0.0
646,0.275,0.0
646,0.3,0.0
647,0.2,0.0
647,0.225,0.0
647,0.25,0.0
647,0.275,0.0
647,0.3,0.0
648,0.2,0.0
648,0.225,0.0
648,0.25,0.0
648,0.275,0.0
648,0.3,0.0
649,0.2,0.0
649,0.225,0.0
649,0.25,0.0
649,0.275,0.0
649,0.3,0.0
650,0.2,0.0
650,0.225,0.0
650,0.25,0.0
650,0.275,0.0
650,0.3,0.0
651,0.2,0.0
651,0.225,0.0
651,0.25,0.0
651,0.275,0.0
651,0.3,0.0
652,0.2,0.0
652,0.225,0.0
652,0.25,0.0
652,0.275,0.0
652,0.3,0.0
653,0.2,0.0
653,0.225,0.0
653,0.25,0.0
653,0.275,0.0
653,0.3,0.0
654,0.2,0.0
654,0.225,0.0
654,0.25,0.0
654,0.275,0.0
654,0.3,0.0
655,0.2,0.0
655,0.225,0.0
655,0.25,0.0
655,0.275,0.0
655,0.3,0.0
656,0.2,0.0
656,0.225,0.0
656,0.25,0.0
656,0.275,0.0
656,0.3,0.013671875
657,0.2,0.0
657,0.225,0.0
657,0.25,0.0
657,0.275,0.0
657,0.3,0.0
658,0.2,0.0
658,0.225,0.0
658,0.25,0.0
658,0.275,0.0
658,0.3,0.0
659,0.2,0.0
659,0.225,0.0
659,0.25,0.0
659,0.275,0.0
659,0.3,0.0
660,0.2,0.0
660,0.225,0.0
660,0.25,0.0
660,0.275,0.0
660,0.3,0.0
661,0.2,0.0
661,0.225,0.0
661,0.25,0.0
661,0.275,0.0
661,0.3,0.0
662,0.2,0.0
662,0.225,0.0
662,0.25,0.0
662,0.275,0.0
662,0.3,0.0
663,0.2,0.0
663,0.225,0.0
663,0.25,0.0
663,0.275,0.0
663,0.3,0.0
664,0.2,0.0
664,0.225,0.0
664,0.25,0.0
664,0.275,0.0
664,0.3,0.0
665,0.2,0.0
665,0.225,0.0
665,0.25,0.0
665,0.275,0.0
665,0.3,0.0
666,0.2,0.0
666,0.225,0.0
666,0.25,0.0
666,0.275,0.0
666,0.3,0.00390625
667,0.2,0.0
667,0.225,0.0
667,0.25,0.0
667,0.275,0.0
667,0.3,0.0
668,0.2,0.0
668,0.225,0.0
668,0.25,0.0
668,0.275,0.0
668,0.3,0.0
669,0.2,0.0
669,0.225,0.0
669,0.25,0.0
669,0.275,0.0
669,0.3,0.0
670,0.2,0.0
670,0.225,0.0
670,0.25,0.0
670,0.275,0.0
670,0.3,0.0
671,0.2,0.0
671,0.225,0.0
671,0.25,0.0
671,0.275,0.0
671,0.3,0.0
672,0.2,0.0
672,0.225,0.0
672,0.25,0.0
672,0.275,0.0
672,0.3,0.0
673,0.2,0.0
673,0.225,0.0
673,0.25,0.0
673,0.275,0.0
673,0.3,0.0
674,0.2,0.0
674,0.225,0.0
674,0.25,0.0
674,0.275,0.0
674,0.3,0.0
675,0.2,0.0
675,0.225,0.0
675,0.25,0.0
675,0.275,0.0
675,0.3,0.0
676,0.2,0.0
676,0.225,0.0
676,0.25,0.0
676,0.275,0.0
676,0.3,0.0
677,0.2,0.0
677,0.225,0.0
677,0.25,0.0
677,0.275,0.0
677,0.3,0.0
678,0.2,0.0
678,0.225,0.0
678,0.25,0.0
678,0.275,0.0
678,0.3,0.0009765625
679,0.2,0.0
679,0.225,0.0
679,0.25,0.0
679,0.275,0.0
679,0.3,0.0
680,0.2,0.0
680,0.225,0.0
680,0.25,0.0
680,0.275,0.0
680,0.3,0.0
681,0.2,0.0
681,0.225,0.0
681,0.25,0.0
681,0.275,0.0
681,0.3,0.0
682,0.2,0.0
682,0.225,0.0
682,0.25,0.0
682,0.275,0.0
682,0.3,0.0
683,0.2,0.0
683,0.225,0.0
683,0.25,0.0
683,0.275,0.0
683,0.3,0.0
684,0.2,0.0
684,0.225,0.0
684,0.25,0.0
684,0.275,0.0
684,0.3,0.0
685,0.2,0.0
685,0.225,0.0
685,0.25,0.0
685,0.275,0.0
685,0.3,0.0
686,0.2,0.0
686,0.225,0.0
686,0.25,0.0
686,0.275,0.0
686,0.3,0.0
687,0.2,0.0
687,0.225,0.0
687,0.25,0.0
687,0.275,0.0
687,0.3,0.0
688,0.2,0.0
688,0.225,0.0
688,0.25,0.0
688,0.275,0.0
688,0.3,0.0
689,0.2,0.0
689,0.225,0.0
689,0.25,0.0
689,0.275,0.0
689,0.3,0.0
690,0.2,0.0
690,0.225,0.0
690,0.25,0.0
690,0.275,0.0
690,0.3,0.0
691,0.2,0.0
691,0.225,0.0
691,0.25,0.0
691,0.275,0.0
691,0.3,0.005859375
692,0.2,0.0
692,0.225,0.0
692,0.25,0.0
692,0.275,0.0
692,0.3,0.0
693,0.2,0.0
693,0.225,0.0
693,0.25,0.0
693,0.275,0.0
693,0.3,0.0
694,0.2,0.0
694,0.225,0.0
694,0.25,0.0
694,0.275,0.0
694,0.3,0.0
695,0.2,0.0
695,0.225,0.0
695,0.25,0.0
695,0.275,0.0
695,0.3,0.0
696,0.2,0.0
696,0.225,0.0
696,0.25,0.0
696,0.275,0.0
696,0.3,0.0
697,0.2,0.0
697,0.225,0.0
697,0.25,0.0
697,0.275,0.0
697,0.3,0.0
698,0.2,0.0
698,0.225,0.0
698,0.25,0.0
698,0.275,0.0
698,0.3,0.0
699,0.2,0.0
699,0.225,0.0
699,0.25,0.0
699,0.275,0.0
699,0.3,0.0009765625
700,0.2,0.0
700,0.225,0.0
700,0.25,0.0
700,0.275,0.0
700,0.3,0.0
701,0.2,0.0
701,0.225,0.0
701,0.25,0.0
701,0.275,0.0
701,0.3,0.0
702,0.2,0.0
702,0.225,0.0
702,0.25,0.0
702,0.275,0.0
702,0.3,0.00390625
703,0.2,0.0
703,0.225,0.0
703,0.25,0.0
703,0.275,0.0
703,0.3,0.0
704,0.2,0.0
704,0.225,0.0
704,0.25,0.0
704,0.275,0.0
704,0.3,0.0
705,0.2,0.0
705,0.225,0.0
705,0.25,0.0
705,0.275,0.0
705,0.3,0.0
706,0.2,0.0
706,0.225,0.0
706,0.25,0.0
706,0.275,0.0
706,0.3,0.0
707,0.2,0.0
707,0.225,0.0
707,0.25,0.0
707,0.275,0.0
707,0.3,0.0
708,0.2,0.0
708,0.225,0.0
708,0.25,0.0
708,0.275,0.0
708,0.3,0.0
709,0.2,0.0
709,0.225,0.0
709,0.25,0.0
709,0.275,0.0
709,0.3,0.0
710,0.2,0.0
710,0.225,0.0
710,0.25,0.0
710,0.275,0.0
710,0.3,0.0
711,0.2,0.0
711,0.225,0.0
711,0.25,0.0
711,0.275,0.0
711,0.3,0.0
712,0.2,0.0
712,0.225,0.0
712,0.25,0.0
712,0.275,0.0
712,0.3,0.0
713,0.2,0.0
713,0.225,0.0
713,0.25,0.0
713,0.275,0.0
713,0.3,0.0
714,0.2,0.0
714,0.225,0.0
714,0.25,0.0
714,0.275,0.0009765625
714,0.3,0.0
715,0.2,0.0
715,0.225,0.0
715,0.25,0.0
715,0.275,0.0
715,0.3,0.0
716,0.2,0.0
716,0.225,0.0
716,0.25,0.0
716,0.275,0.0
716,0.3,0.0
717,0.2,0.0
717,0.225,0.0
717,0.25,0.0
717,0.275,0.0
717,0.3,0.0
718,0.2,0.0
718,0.225,0.0
718,0.25,0.0
718,0.275,0.0
718,0.3,0.0
719,0.2,0.0
719,0.225,0.0
719,0.25,0.0
719,0.275,0.0
719,0.3,0.0
720,0.2,0.0
720,0.225,0.0
720,0.25,0.0
720,0.275,0.0
720,0.3,0.0
721,0.2,0.0
721,0.225,0.0
721,0.25,0.0
721,0.275,0.0
721,0.3,0.0
722,0.2,0.0
722,0.225,0.0
722,0.25,0.0
722,0.275,0.0
722,0.3,0.0029296875
723,0.2,0.0
723,0.225,0.0
723,0.25,0.0
723,0.275,0.0
723,0.3,0.0
724,0.2,0.0
724,0.225,0.0
724,0.25,0.0
724,0.275,0.0
724,0.3,0.0
725,0.2,0.0
725,0.225,0.0
725,0.25,0.0
725,0.275,0.0
725,0.3,0.0
726,0.2,0.0
726,0.225,0.0
726,0.25,0.0
726,0.275,0.0
726,0.3,0.0
727,0.2,0.0
727,0.225,0.0
727,0.25,0.0
727,0.275,0.0
727,0.3,0.005859375
728,0.2,0.0
728,0.225,0.0
728,0.25,0.0
728,0.275,0.0
728,0.3,0.0
729,0.2,0.0
729,0.225,0.0
729,0.25,0.0
729,0.275,0.0
729,0.3,0.0
730,0.2,0.0
730,0.225,0.0
730,0.25,0.0
730,0.275,0.0
730,0.3,0.0
731,0.2,0.0
731,0.225,0.0
731,0.25,0.0
731,0.275,0.0
731,0.3,0.0
732,0.2,0.0
732,0.225,0.0
732,0.25,0.0
732,0.275,0.0
732,0.3,0.0
733,0.2,0.0
733,0.225,0.0
733,0.25,0.0
733,0.275,0.0
733,0.3,0.0
734,0.2,0.0
734,0.225,0.0
734,0.25,0.0
734,0.275,0.0
734,0.3,0.0
735,0.2,0.0
735,0.225,0.0
735,0.25,0.0
735,0.275,0.0
735,0.3,0.0
736,0.2,0.0
736,0.225,0.0
736,0.25,0.0
736,0.275,0.0009765625
736,0.3,0.0
737,0.2,0.0
737,0.225,0.0
737,0.25,0.0
737,0.275,0.0
737,0.3,0.0
738,0.2,0.0
738,0.225,0.0
738,0.25,0.0
738,0.275,0.0
738,0.3,0.0
739,0.2,0.0
739,0.225,0.0
739,0.25,0.0
739,0.275,0.0
739,0.3,0.0
740,0.2,0.0
740,0.225,0.0
740,0.25,0.0
740,0.275,0.0
740,0.3,0.0
741,0.2,0.0
741,0.225,0.0
741,0.25,0.0
741,0.275,0.0
741,0.3,0.0
742,0.2,0.0
742,0.225,0.0
742,0.25,0.0
742,0.275,0.0
742,0.3,0.0
743,0.2,0.0
743,0.225,0.0
743,0.25,0.0
743,0.275,0.0
743,0.3,0.0
744,0.2,0.0
744,0.225,0.0
744,0.25,0.0
744,0.275,0.0
744,0.3,0.0
745,0.2,0.0
745,0.225,0.0
745,0.25,0.0
745,0.275,0.0
745,0.3,0.0
746,0.2,0.0
746,0.225,0.0
746,0.25,0.0
746,0.275,0.0
746,0.3,0.0
747,0.2,0.0
747,0.225,0.0
747,0.25,0.0
747,0.275,0.0
747,0.3,0.0
748,0.2,0.0
748,0.225,0.0
748,0.25,0.0
748,0.275,0.0
748,0.3,0.0
749,0.2,0.0
749,0.225,0.0
749,0.25,0.0
749,0.275,0.0
749,0.3,0.0
750,0.2,0.0
750,0.225,0.0
750,0.25,0.0
750,0.275,0.0
750,0.3,0.0
751,0.2,0.0
751,0.225,0.0
751,0.25,0.0
751,0.275,0.0009765625
751,0.3,0.0
752,0.2,0.0
752,0.225,0.0
752,0.25,0.0
752,0.275,0.0
752,0.3,0.0
753,0.2,0.0
753,0.225,0.0
753,0.25,0.0
753,0.275,0.0
753,0.3,0.0
754,0.2,0.0
754,0.225,0.0
754,0.25,0.0
754,0.275,0.0
754,0.3,0.0
755,0.2,0.0
755,0.225,0.0
755,0.25,0.0
755,0.275,0.0
755,0.3,0.0
756,0.2,0.0
756,0.225,0.0
756,0.25,0.0
756,0.275,0.0
756,0.3,0.0
757,0.2,0.0
757,0.225,0.0
757,0.25,0.0
757,0.275,0.0
757,0.3,0.0
758,0.2,0.0
758,0.225,0.0
758,0.25,0.0
758,0.275,0.0
758,0.3,0.0
759,0.2,0.0
759,0.225,0.0
759,0.25,0.0
759,0.275,0.0
759,0.3,0.0
760,0.2,0.0
760,0.225,0.0
760,0.25,0.0
760,0.275,0.0
760,0.3,0.0
761,0.2,0.0
761,0.225,0.0
761,0.25,0.0
761,0.275,0.0
761,0.3,0.0
762,0.2,0.0
762,0.225,0.0
762,0.25,0.0
762,0.275,0.0
762,0.3,0.0068359375
763,0.2,0.0
763,0.225,0.0
763,0.25,0.0
763,0.275,0.0
763,0.3,0.0
764,0.2,0.0
764,0.225,0.0
764,0.25,0.0
764,0.275,0.0
764,0.3,0.0
765,0.2,0.0
765,0.225,0.0
765,0.25,0.0
765,0.275,0.0
765,0.3,0.0
766,0.2,0.0
766,0.225,0.0
766,0.25,0.0
766,0.275,0.0
766,0.3,0.0
767,0.2,0.0
767,0.225,0.0
767,0.25,0.0
767,0.275,0.0
767,0.3,0.00390625
768,0.2,0.0
768,0.225,0.0
768,0.25,0.0
768,0.275,0.0
768,0.3,0.0
769,0.2,0.0
769,0.225,0.0
769,0.25,0.0
769,0.275,0.0
769,0.3,0.0
770,0.2,0.0
770,0.225,0.0
770,0.25,0.0
770,0.275,0.0
770,0.3,0.0
771,0.2,0.0
771,0.225,0.0
771,0.25,0.0
771,0.275,0.0
771,0.3,0.0
772,0.2,0.0
772,0.225,0.0
772,0.25,0.0
772,0.275,0.0
772,0.3,0.0
773,0.2,0.0
773,0.225,0.0
773,0.25,0.0
773,0.275,0.0
773,0.3,0.0
774,0.2,0.0
774,0.225,0.0
774,0.25,0.0
774,0.275,0.0
774,0.3,0.0
775,0.2,0.0
775,0.225,0.0
775,0.25,0.0
775,0.275,0.0
775,0.3,0.0
776,0.2,0.0
776,0.225,0.0
776,0.25,0.0
776,0.275,0.0
776,0.3,0.0
777,0.2,0.0
777,0.225,0.0
777,0.25,0.0
777,0.275,0.0
777,0.3,0.0
778,0.2,0.0
778,0.225,0.0
778,0.25,0.0009765625
778,0.275,0.0
778,0.3,0.0
779,0.2,0.0
779,0.225,0.0
779,0.25,0.0
779,0.275,0.0
779,0.3,0.0
780,0.2,0.0
780,0.225,0.0
780,0.25,0.0
780,0.275,0.0
780,0.3,0.0
781,0.2,0.0
781,0.225,0.0
781,0.25,0.0
781,0.275,0.0
781,0.3,0.0
782,0.2,0.0
782,0.225,0.0
782,0.25,0.0
782,0.275,0.0
782,0.3,0.0
783,0.2,0.0
783,0.225,0.0
783,0.25,0.0
783,0.275,0.0
783,0.3,0.0
784,0.2,0.0
784,0.225,0.0
784,0.25,0.0
784,0.275,0.0
784,0.3,0.0
785,0.2,0.0
785,0.225,0.0
785,0.25,0.0
785,0.275,0.0
785,0.3,0.0
786,0.2,0.0
786,0.225,0.0
786,0.25,0.0
786,0.275,0.0
786,0.3,0.0
787,0.2,0.0
787,0.225,0.0
787,0.25,0.0
787,0.275,0.0
787,0.3,0.0
788,0.2,0.0
788,0.225,0.0
788,0.25,0.0
788,0.275,0.0
788,0.3,0.0
789,0.2,0.0
789,0.225,0.0
789,0.25,0.0
789,0.275,0.0
789,0.3,0.0
790,0.2,0.0
790,0.225,0.0
790,0.25,0.0
790,0.275,0.0
790,0.3,0.0
791,0.2,0.0
791,0.225,0.0
791,0.25,0.0
791,0.275,0.0
791,0.3,0.0
792,0.2,0.0
792,0.225,0.0
792,0.25,0.0
792,0.275,0.0
792,0.3,0.0
793,0.2,0.0
793,0.225,0.0
793,0.25,0.0
793,0.275,0.0
793,0.3,0.0
794,0.2,0.0
794,0.225,0.0
794,0.25,0.0
794,0.275,0.0
794,0.3,0.0
795,0.2,0.0
795,0.225,0.0
795,0.25,0.0
795,0.275,0.0
795,0.3,0.0
796,0.2,0.0
796,0.225,0.0
796,0.25,0.0
796,0.275,0.0
796,0.3,0.0
797,0.2,0.0
797,0.225,0.0
797,0.25,0.0
797,0.275,0.0
797,0.3,0.0
798,0.2,0.0
798,0.225,0.0
798,0.25,0.0
798,0.275,0.0
798,0.3,0.0
799,0.2,0.0
799,0.225,0.0
799,0.25,0.0
799,0.275,0.0
799,0.3,0.0
800,0.2,0.0
800,0.225,0.0
800,0.25,0.0
800,0.275,0.0
800,0.3,0.0
801,0.2,0.0
801,0.225,0.0
801,0.25,0.0
801,0.275,0.0
801,0.3,0.0
802,0.2,0.0
802,0.225,0.0
802,0.25,0.0
802,0.275,0.0
802,0.3,0.0
803,0.2,0.0
803,0.225,0.0
803,0.25,0.0
803,0.275,0.0
803,0.3,0.0
804,0.2,0.0
804,0.225,0.0
804,0.25,0.0
804,0.275,0.0
804,0.3,0.0
805,0.2,0.0
805,0.225,0.0
805,0.25,0.0
805,0.275,0.0
805,0.3,0.0
806,0.2,0.0
806,0.225,0.0
806,0.25,0.0
806,0.275,0.0
806,0.3,0.0
807,0.2,0.0
807,0.225,0.0
807,0.25,0.0
807,0.275,0.0
807,0.3,0.0
808,0.2,0.0
808,0.225,0.0
808,0.25,0.0
808,0.275,0.0
808,0.3,0.0
809,0.2,0.0
809,0.225,0.0
809,0.25,0.0
809,0.275,0.0
809,0.3,0.013671875
810,0.2,0.0
810,0.225,0.0
810,0.25,0.0
810,0.275,0.0
810,0.3,0.0
811,0.2,0.0
811,0.225,0.0
811,0.25,0.0
811,0.275,0.0
811,0.3,0.0
812,0.2,0.0
812,0.225,0.0
812,0.25,0.0
812,0.275,0.0
812,0.3,0.0
813,0.2,0.0
813,0.225,0.0
813,0.25,0.0
813,0.275,0.0
813,0.3,0.0
814,0.2,0.0
814,0.225,0.0
814,0.25,0.0
814,0.275,0.0
814,0.3,0.0
815,0.2,0.0
815,0.225,0.0
815,0.25,0.0
815,0.275,0.0
815,0.3,0.0
816,0.2,0.0
816,0.225,0.0
816,0.25,0.0
816,0.275,0.0
816,0.3,0.0
817,0.2,0.0
817,0.225,0.0
817,0.25,0.0
817,0.275,0.0
817,0.3,0.0
818,0.2,0.0
818,0.225,0.0
818,0.25,0.0
818,0.275,0.0
818,0.3,0.0
819,0.2,0.0
819,0.225,0.0
819,0.25,0.0
819,0.275,0.0
819,0.3,0.0
820,0.2,0.0
820,0.225,0.0
820,0.25,0.0
820,0.275,0.0
820,0.3,0.0
821,0.2,0.0
821,0.225,0.0
821,0.25,0.0
821,0.275,0.0
821,0.3,0.0068359375
822,0.2,0.0
822,0.225,0.0
822,0.25,0.0
822,0.275,0.0
822,0.3,0.0
823,0.2,0.0
823,0.225,0.0
823,0.25,0.0
823,0.275,0.0
823,0.3,0.0
824,0.2,0.0
824,0.225,0.0
824,0.25,0.0
824,0.275,0.0
824,0.3,0.0
825,0.2,0.0
825,0.225,0.0
825,0.25,0.0
825,0.275,0.0
825,0.3,0.0
826,0.2,0.0
826,0.225,0.0
826,0.25,0.0
826,0.275,0.0
826,0.3,0.0
827,0.2,0.0
827,0.225,0.0
827,0.25,0.0
827,0.275,0.0
827,0.3,0.0029296875
828,0.2,0.0
828,0.225,0.0
828,0.25,0.0
828,0.275,0.0
828,0.3,0.0
829,0.2,0.0
829,0.225,0.0
829,0.25,0.0
829,0.275,0.0
829,0.3,0.0
830,0.2,0.0
830,0.225,0.0
830,0.25,0.0
830,0.275,0.0
830,0.3,0.0
831,0.2,0.0
831,0.225,0.0
831,0.25,0.0
831,0.275,0.0
831,0.3,0.0
832,0.2,0.0
832,0.225,0.0
832,0.25,0.0
832,0.275,0.0
832,0.3,0.0
833,0.2,0.0
833,0.225,0.0
833,0.25,0.0
833,0.275,0.0009765625
833,0.3,0.0
834,0.2,0.0
834,0.225,0.0
834,0.25,0.0
834,0.275,0.0
834,0.3,0.0
835,0.2,0.0
835,0.225,0.0
835,0.25,0.0
835,0.275,0.0
835,0.3,0.0
836,0.2,0.0
836,0.225,0.0
836,0.25,0.0
836,0.275,0.0
836,0.3,0.0
837,0.2,0.0
837,0.225,0.0
837,0.25,0.0
837,0.275,0.0
837,0.3,0.0
838,0.2,0.0
838,0.225,0.0
838,0.25,0.0
838,0.275,0.0
838,0.3,0.0
839,0.2,0.0
839,0.225,0.0
839,0.25,0.0
839,0.275,0.0
839,0.3,0.0
840,0.2,0.0
840,0.225,0.0
840,0.25,0.0
840,0.275,0.0
840,0.3,0.00390625
841,0.2,0.0
841,0.225,0.0
841,0.25,0.0
841,0.275,0.0
841,0.3,0.0
842,0.2,0.0
842,0.225,0.0
842,0.25,0.0
842,0.275,0.0
842,0.3,0.0029296875
843,0.2,0.0
843,0.225,0.0
843,0.25,0.0
843,0.275,0.0
843,0.3,0.001953125
844,0.2,0.0
844,0.225,0.0
844,0.25,0.0
844,0.275,0.0
844,0.3,0.0
845,0.2,0.0
845,0.225,0.0
845,0.25,0.0
845,0.275,0.0
845,0.3,0.0
846,0.2,0.0
846,0.225,0.0
846,0.25,0.0
846,0.275,0.0
846,0.3,0.0
847,0.2,0.0
847,0.225,0.0
847,0.25,0.0
847,0.275,0.0
847,0.3,0.0
848,0.2,0.0
848,0.225,0.0
848,0.25,0.0
848,0.275,0.0
848,0.3,0.0
849,0.2,0.0
849,0.225,0.0
849,0.25,0.0
849,0.275,0.0
849,0.3,0.0
850,0.2,0.0
850,0.225,0.0
850,0.25,0.0
850,0.275,0.0
850,0.3,0.0
851,0.2,0.0
851,0.225,0.0
851,0.25,0.0
851,0.275,0.0
851,0.3,0.0
852,0.2,0.0
852,0.225,0.0
852,0.25,0.0
852,0.275,0.0
852,0.3,0.0068359375
853,0.2,0.0
853,0.225,0.0
853,0.25,0.0
853,0.275,0.0
853,0.3,0.0
854,0.2,0.0
854,0.225,0.0
854,0.25,0.0
854,0.275,0.0
854,0.3,0.0
855,0.2,0.0
855,0.225,0.0
855,0.25,0.0
855,0.275,0.0
855,0.3,0.0
856,0.2,0.0
856,0.225,0.0
856,0.25,0.0
856,0.275,0.0
856,0.3,0.0
857,0.2,0.0
857,0.225,0.0
857,0.25,0.0
857,0.275,0.0
857,0.3,0.0
858,0.2,0.0
858,0.225,0.0
858,0.25,0.0
858,0.275,0.0
858,0.3,0.0
859,0.2,0.0
859,0.225,0.0
859,0.25,0.0
859,0.275,0.0
859,0.3,0.0
860,0.2,0.0
860,0.225,0.0
860,0.25,0.0
860,0.275,0.0
860,0.3,0.0
861,0.2,0.0
861,0.225,0.0
861,0.25,0.0
861,0.275,0.0
861,0.3,0.0
862,0.2,0.0
862,0.225,0.0
862,0.25,0.0
862,0.275,0.0
862,0.3,0.0
863,0.2,0.0
863,0.225,0.0
863,0.25,0.0
863,0.275,0.0
863,0.3,0.0
864,0.2,0.0
864,0.225,0.0
864,0.25,0.0
864,0.275,0.0
864,0.3,0.0
865,0.2,0.0
865,0.225,0.0
865,0.25,0.0
865,0.275,0.0
865,0.3,0.0
866,0.2,0.0
866,0.225,0.0
866,0.25,0.0
866,0.275,0.0
866,0.3,0.0
867,0.2,0.0
867,0.225,0.0
867,0.25,0.0
867,0.275,0.0
867,0.3,0.0
868,0.2,0.0
868,0.225,0.0
868,0.25,0.0
868,0.275,0.0
868,0.3,0.0
869,0.2,0.0
869,0.225,0.0
869,0.25,0.0
869,0.275,0.0
869,0.3,0.0
870,0.2,0.0
870,0.225,0.0
870,0.25,0.0
870,0.275,0.0
870,0.3,0.0
871,0.2,0.0
871,0.225,0.0
871,0.25,0.0
871,0.275,0.0009765625
871,0.3,0.0
872,0.2,0.0
872,0.225,0.0
872,0.25,0.0
872,0.275,0.0
872,0.3,0.0
873,0.2,0.0
873,0.225,0.0
873,0.25,0.0
873,0.275,0.0
873,0.3,0.0
874,0.2,0.0
874,0.225,0.0
874,0.25,0.0
874,0.275,0.0
874,0.3,0.0
875,0.2,0.0
875,0.225,0.0
875,0.25,0.0
875,0.275,0.0
875,0.3,0.0
876,0.2,0.0
876,0.225,0.0
876,0.25,0.0
876,0.275,0.0
876,0.3,0.0
877,0.2,0.0
877,0.225,0.0
877,0.25,0.0
877,0.275,0.0
877,0.3,0.0
878,0.2,0.0
878,0.225,0.0
878,0.25,0.0
878,0.275,0.0
878,0.3,0.0
879,0.2,0.0
879,0.225,0.0
879,0.25,0.0
879,0.275,0.0
879,0.3,0.0
880,0.2,0.0
880,0.225,0.0
880,0.25,0.0
880,0.275,0.0
880,0.3,0.0
881,0.2,0.0
881,0.225,0.0
881,0.25,0.0
881,0.275,0.0
881,0.3,0.0
882,0.2,0.0
882,0.225,0.0
882,0.25,0.0
882,0.275,0.0
882,0.3,0.0
883,0.2,0.0
883,0.225,0.0
883,0.25,0.0
883,0.275,0.0
883,0.3,0.0
884,0.2,0.0
884,0.225,0.0
884,0.25,0.0
884,0.275,0.0
884,0.3,0.0
885,0.2,0.0
885,0.225,0.0
885,0.25,0.0
885,0.275,0.0
885,0.3,0.0
886,0.2,0.0
886,0.225,0.0
886,0.25,0.0
886,0.275,0.0
886,0.3,0.0
887,0.2,0.0
887,0.225,0.0
887,0.25,0.0
887,0.275,0.0
887,0.3,0.0
888,0.2,0.0
888,0.225,0.0
888,0.25,0.0
888,0.275,0.0
888,0.3,0.0
889,0.2,0.0
889,0.225,0.0
889,0.25,0.0
889,0.275,0.0
889,0.3,0.0
890,0.2,0.0
890,0.225,0.0
890,0.25,0.0
890,0.275,0.0
890,0.3,0.0
891,0.2,0.0
891,0.225,0.0
891,0.25,0.0
891,0.275,0.0
891,0.3,0.0
892,0.2,0.0
892,0.225,0.0
892,0.25,0.0
892,0.275,0.0
892,0.3,0.0029296875
893,0.2,0.0
893,0.225,0.0
893,0.25,0.0
893,0.275,0.0
893,0.3,0.0
894,0.2,0.0
894,0.225,0.0
894,0.25,0.0
894,0.275,0.0
894,0.3,0.0
895,0.2,0.0
895,0.225,0.0
895,0.25,0.0
895,0.275,0.0
895,0.3,0.001953125
896,0.2,0.0
896,0.225,0.0
896,0.25,0.0
896,0.275,0.0
896,0.3,0.0
897,0.2,0.0
897,0.225,0.0
897,0.25,0.0
897,0.275,0.0
897,0.3,0.0
898,0.2,0.0
898,0.225,0.0
898,0.25,0.0
898,0.275,0.0
898,0.3,0.0
899,0.2,0.0
899,0.225,0.0
899,0.25,0.0
899,0.275,0.0
899,0.3,0.0
900,0.2,0.0
900,0.225,0.0
900,0.25,0.0
900,0.275,0.0
900,0.3,0.0
901,0.2,0.0
901,0.225,0.0
901,0.25,0.0
901,0.275,0.0
901,0.3,0.0
902,0.2,0.0
902,0.225,0.0
902,0.25,0.0
902,0.275,0.0
902,0.3,0.0
903,0.2,0.0
903,0.225,0.0
903,0.25,0.0
903,0.275,0.0
903,0.3,0.0
904,0.2,0.0
904,0.225,0.0
904,0.25,0.0
904,0.275,0.0
904,0.3,0.0
905,0.2,0.0
905,0.225,0.0
905,0.25,0.0
905,0.275,0.0
905,0.3,0.0
906,0.2,0.0
906,0.225,0.0
906,0.25,0.0
906,0.275,0.0
906,0.3,0.0087890625
907,0.2,0.0
907,0.225,0.0
907,0.25,0.0
907,0.275,0.0
907,0.3,0.0
908,0.2,0.0
908,0.225,0.0
908,0.25,0.0
908,0.275,0.0
908,0.3,0.0
909,0.2,0.0
909,0.225,0.0
909,0.25,0.0
909,0.275,0.0
909,0.3,0.0
910,0.2,0.0
910,0.225,0.0
910,0.25,0.0
910,0.275,0.0
910,0.3,0.0
911,0.2,0.0
911,0.225,0.0
911,0.25,0.0
911,0.275,0.0
911,0.3,0.0
912,0.2,0.0
912,0.225,0.0
912,0.25,0.0
912,0.275,0.0
912,0.3,0.0078125
913,0.2,0.0
913,0.225,0.0
913,0.25,0.0
913,0.275,0.0
913,0.3,0.0
914,0.2,0.0
914,0.225,0.0
914,0.25,0.0
914,0.275,0.0
914,0.3,0.0
915,0.2,0.0
915,0.225,0.0
915,0.25,0.0
915,0.275,0.0
915,0.3,0.0
916,0.2,0.0
916,0.225,0.0
916,0.25,0.0
916,0.275,0.0
916,0.3,0.0
917,0.2,0.0
917,0.225,0.0
917,0.25,0.0
917,0.275,0.0
917,0.3,0.0
918,0.2,0.0
918,0.225,0.0
918,0.25,0.0
918,0.275,0.0
918,0.3,0.0
919,0.2,0.0
919,0.225,0.0
919,0.25,0.0
919,0.275,0.0
919,0.3,0.0
920,0.2,0.0
920,0.225,0.0
920,0.25,0.0
920,0.275,0.0
920,0.3,0.0
921,0.2,0.0
921,0.225,0.0
921,0.25,0.0
921,0.275,0.0
921,0.3,0.0
922,0.2,0.0
922,0.225,0.0
922,0.25,0.0
922,0.275,0.0
922,0.3,0.0
923,0.2,0.0
923,0.225,0.0
923,0.25,0.0
923,0.275,0.0
923,0.3,0.0
924,0.2,0.0
924,0.225,0.0
924,0.25,0.0
924,0.275,0.0
924,0.3,0.0
925,0.2,0.0
925,0.225,0.0
925,0.25,0.0
925,0.275,0.0
925,0.3,0.0
926,0.2,0.0
926,0.225,0.0
926,0.25,0.0
926,0.275,0.0
926,0.3,0.0
927,0.2,0.0
927,0.225,0.0
927,0.25,0.0
927,0.275,0.0
927,0.3,0.0
928,0.2,0.0
928,0.225,0.0
928,0.25,0.0
928,0.275,0.0
928,0.3,0.0
929,0.2,0.0
929,0.225,0.0
929,0.25,0.0
929,0.275,0.0
929,0.3,0.0
930,0.2,0.0
930,0.225,0.0
930,0.25,0.0
930,0.275,0.0
930,0.3,0.0
931,0.2,0.0
931,0.225,0.0
931,0.25,0.0
931,0.275,0.0
931,0.3,0.0
932,0.2,0.0
932,0.225,0.0
932,0.25,0.0
932,0.275,0.0
932,0.3,0.0
933,0.2,0.0
933,0.225,0.0
933,0.25,0.0
933,0.275,0.0
933,0.3,0.0
934,0.2,0.0
934,0.225,0.0
934,0.25,0.0
934,0.275,0.0
934,0.3,0.0
935,0.2,0.0
935,0.225,0.0
935,0.25,0.0
935,0.275,0.0
935,0.3,0.0
936,0.2,0.0
936,0.225,0.0
936,0.25,0.0
936,0.275,0.0
936,0.3,0.0
937,0.2,0.0
937,0.225,0.0
937,0.25,0.0
937,0.275,0.0
937,0.3,0.0
938,0.2,0.0
938,0.225,0.0
938,0.25,0.0
938,0.275,0.0
938,0.3,0.0
939,0.2,0.0
939,0.225,0.0
939,0.25,0.0
939,0.275,0.0
939,0.3,0.0
940,0.2,0.0
940,0.225,0.0
940,0.25,0.0
940,0.275,0.0
940,0.3,0.0
941,0.2,0.0
941,0.225,0.0
941,0.25,0.0
941,0.275,0.0
941,0.3,0.0
942,0.2,0.0
942,0.225,0.0
942,0.25,0.0
942,0.275,0.0
942,0.3,0.0
943,0.2,0.0
943,0.225,0.0
943,0.25,0.0
943,0.275,0.0
943,0.3,0.0
944,0.2,0.0
944,0.225,0.0
944,0.25,0.0
944,0.275,0.0
944,0.3,0.0
945,0.2,0.0
945,0.225,0.0
945,0.25,0.0
945,0.275,0.0009765625
945,0.3,0.0
946,0.2,0.0
946,0.225,0.0
946,0.25,0.0
946,0.275,0.0
946,0.3,0.0
947,0.2,0.0
947,0.225,0.0
947,0.25,0.0
947,0.275,0.0
947,0.3,0.0
948,0.2,0.0
948,0.225,0.0
948,0.25,0.0
948,0.275,0.0
948,0.3,0.0
949,0.2,0.0
949,0.225,0.0
949,0.25,0.0
949,0.275,0.0
949,0.3,0.0
950,0.2,0.0
950,0.225,0.0
950,0.25,0.0
950,0.275,0.0
950,0.3,0.0
951,0.2,0.0
951,0.225,0.0
951,0.25,0.0
951,0.275,0.0
951,0.3,0.0
952,0.2,0.0
952,0.225,0.0
952,0.25,0.0
952,0.275,0.0
952,0.3,0.0
953,0.2,0.0
953,0.225,0.0
953,0.25,0.0
953,0.275,0.0
953,0.3,0.0
954,0.2,0.0
954,0.225,0.0
954,0.25,0.0
954,0.275,0.0
954,0.3,0.0
955,0.2,0.0
955,0.225,0.0
955,0.25,0.0
955,0.275,0.0
955,0.3,0.0029296875
956,0.2,0.0
956,0.225,0.0
956,0.25,0.0
956,0.275,0.0
956,0.3,0.0
957,0.2,0.0
957,0.225,0.0
957,0.25,0.0
957,0.275,0.0
957,0.3,0.0
958,0.2,0.0
958,0.225,0.0
958,0.25,0.0
958,0.275,0.0
958,0.3,0.0
959,0.2,0.0
959,0.225,0.0
959,0.25,0.0
959,0.275,0.0
959,0.3,0.0
960,0.2,0.0
960,0.225,0.0
960,0.25,0.0
960,0.275,0.0
960,0.3,0.0
961,0.2,0.0
961,0.225,0.0
961,0.25,0.0
961,0.275,0.0
961,0.3,0.0
962,0.2,0.0
962,0.225,0.0
962,0.25,0.0
962,0.275,0.0
962,0.3,0.0
963,0.2,0.0
963,0.225,0.0
963,0.25,0.0
963,0.275,0.0
963,0.3,0.0
964,0.2,0.0
964,0.225,0.0
964,0.25,0.0
964,0.275,0.0
964,0.3,0.0
965,0.2,0.0
965,0.225,0.0
965,0.25,0.0
965,0.275,0.0
965,0.3,0.0
966,0.2,0.0
966,0.225,0.0
966,0.25,0.0
966,0.275,0.0
966,0.3,0.0
967,0.2,0.0
967,0.225,0.0
967,0.25,0.0
967,0.275,0.0
967,0.3,0.0
968,0.2,0.0
968,0.225,0.0
968,0.25,0.0
968,0.275,0.0
968,0.3,0.0
969,0.2,0.0
969,0.225,0.0
969,0.25,0.0
969,0.275,0.0
969,0.3,0.0
970,0.2,0.0
970,0.225,0.0
970,0.25,0.0
970,0.275,0.0
970,0.3,0.0078125
971,0.2,0.0
971,0.225,0.0
971,0.25,0.0
971,0.275,0.0
971,0.3,0.0
972,0.2,0.0
972,0.225,0.0
972,0.25,0.0
972,0.275,0.0
972,0.3,0.0
973,0.2,0.0
973,0.225,0.0
973,0.25,0.0
973,0.275,0.0
973,0.3,0.0
974,0.2,0.0
974,0.225,0.0
974,0.25,0.0
974,0.275,0.0
974,0.3,0.00390625
975,0.2,0.0
975,0.225,0.0
975,0.25,0.0
975,0.275,0.0
975,0.3,0.0
976,0.2,0.0
976,0.225,0.0
976,0.25,0.0
976,0.275,0.0
976,0.3,0.0
977,0.2,0.0
977,0.225,0.0
977,0.25,0.0
977,0.275,0.0
977,0.3,0.0068359375
978,0.2,0.0
978,0.225,0.0
978,0.25,0.0
978,0.275,0.0
978,0.3,0.0
979,0.2,0.0
979,0.225,0.0
979,0.25,0.0
979,0.275,0.0
979,0.3,0.0
980,0.2,0.0
980,0.225,0.0
980,0.25,0.0
980,0.275,0.0
980,0.3,0.0
981,0.2,0.0
981,0.225,0.0
981,0.25,0.0
981,0.275,0.0
981,0.3,0.0
982,0.2,0.0
982,0.225,0.0
982,0.25,0.0
982,0.275,0.0
982,0.3,0.0
983,0.2,0.0
983,0.225,0.0
983,0.25,0.0
983,0.275,0.0
983,0.3,0.0
984,0.2,0.0
984,0.225,0.0
984,0.25,0.0
984,0.275,0.0
984,0.3,0.0
985,0.2,0.0
985,0.225,0.0
985,0.25,0.0
985,0.275,0.0
985,0.3,0.0
986,0.2,0.0
986,0.225,0.0
986,0.25,0.0
986,0.275,0.0
986,0.3,0.0
987,0.2,0.0
987,0.225,0.0
987,0.25,0.0
987,0.275,0.0
987,0.3,0.0
988,0.2,0.0
988,0.225,0.0
988,0.25,0.0
988,0.275,0.0
988,0.3,0.0
989,0.2,0.0
989,0.225,0.0
989,0.25,0.0
989,0.275,0.0
989,0.3,0.0
990,0.2,0.0
990,0.225,0.0
990,0.25,0.0
990,0.275,0.0
990,0.3,0.0
991,0.2,0.0
991,0.225,0.0
991,0.25,0.0
991,0.275,0.0
991,0.3,0.0
992,0.2,0.0
992,0.225,0.0
992,0.25,0.0
992,0.275,0.0
992,0.3,0.0
993,0.2,0.0
993,0.225,0.0
993,0.25,0.0
993,0.275,0.0
993,0.3,0.0
994,0.2,0.0
994,0.225,0.0
994,0.25,0.0
994,0.275,0.0
994,0.3,0.00390625
995,0.2,0.0
995,0.225,0.0
995,0.25,0.0
995,0.275,0.0
995,0.3,0.0
996,0.2,0.0
996,0.225,0.0
996,0.25,0.0
996,0.275,0.0
996,0.3,0.0
997,0.2,0.0
997,0.225,0.0
997,0.25,0.0
997,0.275,0.0
997,0.3,0.0
998,0.2,0.0
998,0.225,0.0
998,0.25,0.0
998,0.275,0.0
998,0.3,0.0
999,0.2,0.0
999,0.225,0.0
999,0.25,0.0
999,0.275,0.0
999,0.3,0.0
1000,0.2,0.0
1000,0.225,0.0
1000,0.25,0.0
1000,0.275,0.0
1000,0.3,0.0
1,0.36,0.9609375
1,0.33999999999999997,0.888671875
1,0.32,0.1025390625
1,0.3,0.0
2,0.36,0.9619140625
2,0.33999999999999997,0.888671875
2,0.32,0.3427734375
2,0.3,0.0
3,0.36,0.962890625
3,0.33999999999999997,0.8759765625
3,0.32,0.04296875
3,0.3,0.0
4,0.36,0.9677734375
4,0.33999999999999997,0.8662109375
4,0.32,0.078125
4,0.3,0.0
5,0.36,0.9716796875
5,0.33999999999999997,0.8720703125
5,0.32,0.142578125
5,0.3,0.0
6,0.36,0.9619140625
6,0.33999999999999997,0.8603515625
6,0.32,0.12109375
6,0.3,0.0
7,0.36,0.97265625
7,0.33999999999999997,0.8818359375
7,0.32,0.037109375
7,0.3,0.0
8,0.36,0.9609375
8,0.33999999999999997,0.8876953125
8,0.32,0.041015625
8,0.3,0.0048828125
9,0.36,0.9697265625
9,0.33999999999999997,0.9091796875
9,0.32,0.0498046875
9,0.3,0.0
10,0.36,0.966796875
10,0.33999999999999997,0.8662109375
10,0.32,0.1015625
10,0.3,0.0
11,0.36,0.9716796875
11,0.33999999999999997,0.884765625
11,0.32,0.0859375
11,0.3,0.0
12,0.36,0.9755859375
12,0.33999999999999997,0.8828125
12,0.32,0.09375
12,0.3,0.0
13,0.36,0.966796875
13,0.33999999999999997,0.8408203125
13,0.32,0.0302734375
13,0.3,0.0
14,0.36,0.9638671875
14,0.33999999999999997,0.880859375
14,0.32,0.0263671875
14,0.3,0.0
15,0.36,0.966796875
15,0.33999999999999997,0.8818359375
15,0.32,0.1337890625
15,0.3,0.0048828125
16,0.36,0.96875
16,0.33999999999999997,0.90625
16,0.32,0.109375
16,0.3,0.0
17,0.36,0.9736328125
17,0.33999999999999997,0.8798828125
17,0.32,0.0283203125
17,0.3,0.0
18,0.36,0.9609375
18,0.33999999999999997,0.8603515625
18,0.32,0.0556640625
18,0.3,0.0
19,0.36,0.962890625
19,0.33999999999999997,0.8974609375
19,0.32,0.0
19,0.3,0.0
20,0.36,0.9580078125
20,0.33999999999999997,0.88671875
20,0.32,0.0771484375
20,0.3,0.0
21,0.36,0.95703125
21,0.33999999999999997,0.8984375
21,0.32,0.0703125
21,0.3,0.0
22,0.36,0.966796875
22,0.33999999999999997,0.8603515625
22,0.32,0.0361328125
22,0.3,0.0
23,0.36,0.9619140625
23,0.33999999999999997,0.8974609375
23,0.32,0.072265625
23,0.3,0.0
24,0.36,0.9716796875
24,0.33999999999999997,0.8427734375
24,0.32,0.0126953125
24,0.3,0.0029296875
25,0.36,0.966796875
25,0.33999999999999997,0.8857421875
25,0.32,0.1435546875
25,0.3,0.005859375
26,0.36,0.9658203125
26,0.33999999999999997,0.890625
26,0.32,0.0185546875
26,0.3,0.0
27,0.36,0.9677734375
27,0.33999999999999997,0.8984375
27,0.32,0.119140625
27,0.3,0.0
28,0.36,0.958984375
28,0.33999999999999997,0.85546875
28,0.32,0.0087890625
28,0.3,0.0
29,0.36,0.958984375
29,0.33999999999999997,0.900390625
29,0.32,0.130859375
29,0.3,0.0
30,0.36,0.9541015625
30,0.33999999999999997,0.8798828125
30,0.32,0.017578125
30,0.3,0.0
31,0.36,0.9716796875
31,0.33999999999999997,0.896484375
31,0.32,0.173828125
31,0.3,0.0
32,0.36,0.970703125
32,0.33999999999999997,0.9111328125
32,0.32,0.046875
32,0.3,0.0
33,0.36,0.9658203125
33,0.33999999999999997,0.890625
33,0.32,0.248046875
33,0.3,0.0
34,0.36,0.9658203125
34,0.33999999999999997,0.8779296875
34,0.32,0.0
34,0.3,0.0
35,0.36,0.9609375
35,0.33999999999999997,0.884765625
35,0.32,0.3583984375
35,0.3,0.0
36,0.36,0.9658203125
36,0.33999999999999997,0.9033203125
36,0.32,0.1875
36,0.3,0.0
37,0.36,0.962890625
37,0.33999999999999997,0.890625
37,0.32,0.138671875
37,0.3,0.0
38,0.36,0.9560546875
38,0.33999999999999997,0.8896484375
38,0.32,0.0849609375
38,0.3,0.0
39,0.36,0.9658203125
39,0.33999999999999997,0.888671875
39,0.32,0.0
39,0.3,0.0
40,0.36,0.970703125
40,0.33999999999999997,0.8486328125
40,0.32,0.044921875
40,0.3,0.0
41,0.36,0.962890625
41,0.33999999999999997,0.8662109375
41,0.32,0.0537109375
41,0.3,0.0
42,0.36,0.9697265625
42,0.33999999999999997,0.9140625
42,0.32,0.0390625
42,0.3,0.0
43,0.36,0.962890625
43,0.33999999999999997,0.865234375
43,0.32,0.0458984375
43,0.3,0.0
44,0.36,0.9658203125
44,0.33999999999999997,0.8828125
44,0.32,0.0537109375
44,0.3,0.0
45,0.36,0.958984375
45,0.33999999999999997,0.896484375
45,0.32,0.04296875
45,0.3,0.0
46,0.36,0.97265625
46,0.33999999999999997,0.8798828125
46,0.32,0.03125
46,0.3,0.0
47,0.36,0.9716796875
47,0.33999999999999997,0.880859375
47,0.32,0.1416015625
47,0.3,0.0
48,0.36,0.9599609375
48,0.33999999999999997,0.89453125
48,0.32,0.203125
48,0.3,0.0
49,0.36,0.962890625
49,0.33999999999999997,0.8583984375
49,0.32,0.251953125
49,0.3,0.0
50,0.36,0.9580078125
50,0.33999999999999997,0.849609375
50,0.32,0.126953125
50,0.3,0.0
51,0.36,0.970703125
51,0.33999999999999997,0.8564453125
51,0.32,0.1201171875
51,0.3,0.0
52,0.36,0.9755859375
52,0.33999999999999997,0.8896484375
52,0.32,0.083984375
52,0.3,0.0
53,0.36,0.9658203125
53,0.33999999999999997,0.85546875
53,0.32,0.2314453125
53,0.3,0.0
54,0.36,0.958984375
54,0.33999999999999997,0.896484375
54,0.32,0.0244140625
54,0.3,0.0
55,0.36,0.958984375
55,0.33999999999999997,0.8857421875
55,0.32,0.017578125
55,0.3,0.0
56,0.36,0.9765625
56,0.33999999999999997,0.8916015625
56,0.32,0.0234375
56,0.3,0.0
57,0.36,0.97265625
57,0.33999999999999997,0.8798828125
57,0.32,0.052734375
57,0.3,0.0
58,0.36,0.9677734375
58,0.33999999999999997,0.873046875
58,0.32,0.1376953125
58,0.3,0.0
59,0.36,0.9677734375
59,0.33999999999999997,0.873046875
59,0.32,0.02734375
59,0.3,0.00390625
60,0.36,0.970703125
60,0.33999999999999997,0.875
60,0.32,0.0888671875
60,0.3,0.0
61,0.36,0.96875
61,0.33999999999999997,0.8271484375
61,0.32,0.025390625
61,0.3,0.0
62,0.36,0.96484375
62,0.33999999999999997,0.8798828125
62,0.32,0.115234375
62,0.3,0.0
63,0.36,0.955078125
63,0.33999999999999997,0.8720703125
63,0.32,0.1796875
63,0.3,0.0
64,0.36,0.96484375
64,0.33999999999999997,0.876953125
64,0.32,0.0888671875
64,0.3,0.0
65,0.36,0.962890625
65,0.33999999999999997,0.8701171875
65,0.32,0.0771484375
65,0.3,0.0009765625
66,0.36,0.95703125
66,0.33999999999999997,0.912109375
66,0.32,0.1826171875
66,0.3,0.0
67,0.36,0.966796875
67,0.33999999999999997,0.8466796875
67,0.32,0.037109375
67,0.3,0.0
68,0.36,0.9658203125
68,0.33999999999999997,0.8818359375
68,0.32,0.0556640625
68,0.3,0.0
69,0.36,0.9599609375
69,0.33999999999999997,0.8564453125
69,0.32,0.02734375
69,0.3,0.0
70,0.36,0.970703125
70,0.33999999999999997,0.873046875
70,0.32,0.009765625
70,0.3,0.0
71,0.36,0.96875
71,0.33999999999999997,0.921875
71,0.32,0.1376953125
71,0.3,0.0029296875
72,0.36,0.96484375
72,0.33999999999999997,0.8779296875
72,0.32,0.09765625
72,0.3,0.0
73,0.36,0.9736328125
73,0.33999999999999997,0.8935546875
73,0.32,0.013671875
73,0.3,0.005859375
74,0.36,0.962890625
74,0.33999999999999997,0.884765625
74,0.32,0.1865234375
74,0.3,0.0
75,0.36,0.97265625
75,0.33999999999999997,0.87890625
75,0.32,0.0107421875
75,0.3,0.0
76,0.36,0.966796875
76,0.33999999999999997,0.8916015625
76,0.32,0.0107421875
76,0.3,0.0
77,0.36,0.96875
77,0.33999999999999997,0.8671875
77,0.32,0.02734375
77,0.3,0.0
78,0.36,0.9599609375
78,0.33999999999999997,0.8896484375
78,0.32,0.0341796875
78,0.3,0.0
79,0.36,0.962890625
79,0.33999999999999997,0.861328125
79,0.32,0.03125
79,0.3,0.0
80,0.36,0.9716796875
80,0.33999999999999997,0.90625
80,0.32,0.08984375
80,0.3,0.0
81,0.36,0.970703125
81,0.33999999999999997,0.87109375
81,0.32,0.1357421875
81,0.3,0.0
82,0.36,0.962890625
82,0.33999999999999997,0.857421875
82,0.32,0.0615234375
82,0.3,0.0
83,0.36,0.9658203125
83,0.33999999999999997,0.88671875
83,0.32,0.1708984375
83,0.3,0.0
84,0.36,0.9658203125
84,0.33999999999999997,0.8740234375
84,0.32,0.013671875
84,0.3,0.0
85,0.36,0.9619140625
85,0.33999999999999997,0.8623046875
85,0.32,0.048828125
85,0.3,0.0
86,0.36,0.955078125
86,0.33999999999999997,0.90234375
86,0.32,0.0458984375
86,0.3,0.0
87,0.36,0.9814453125
87,0.33999999999999997,0.8828125
87,0.32,0.1689453125
87,0.3,0.0
88,0.36,0.962890625
88,0.33999999999999997,0.8916015625
88,0.32,0.0517578125
88,0.3,0.0
89,0.36,0.9716796875
89,0.33999999999999997,0.8681640625
89,0.32,0.1396484375
89,0.3,0.0
90,0.36,0.9755859375
90,0.33999999999999997,0.869140625
90,0.32,0.02734375
90,0.3,0.0
91,0.36,0.970703125
91,0.33999999999999997,0.8818359375
91,0.32,0.0078125
91,0.3,0.0
92,0.36,0.970703125
92,0.33999999999999997,0.8583984375
92,0.32,0.01171875
92,0.3,0.0
93,0.36,0.955078125
93,0.33999999999999997,0.912109375
93,0.32,0.068359375
93,0.3,0.0
94,0.36,0.9658203125
94,0.33999999999999997,0.888671875
94,0.32,0.02734375
94,0.3,0.0
95,0.36,0.9697265625
95,0.33999999999999997,0.8818359375
95,0.32,0.193359375
95,0.3,0.0
96,0.36,0.9599609375
96,0.33999999999999997,0.876953125
96,0.32,0.0
96,0.3,0.0
97,0.36,0.9697265625
97,0.33999999999999997,0.8828125
97,0.32,0.0166015625
97,0.3,0.0
98,0.36,0.9619140625
98,0.33999999999999997,0.876953125
98,0.32,0.01171875
98,0.3,0.0
99,0.36,0.958984375
99,0.33999999999999997,0.8984375
99,0.32,0.240234375
99,0.3,0.0
100,0.36,0.95703125
100,0.33999999999999997,0.8681640625
100,0.32,0.0966796875
100,0.3,0.0
101,0.36,0.970703125
101,0.33999999999999997,0.8662109375
101,0.32,0.0751953125
101,0.3,0.0
102,0.36,0.9638671875
102,0.33999999999999997,0.8994140625
102,0.32,0.0283203125
102,0.3,0.0
103,0.36,0.9677734375
103,0.33999999999999997,0.8896484375
103,0.32,0.16015625
103,0.3,0.0
104,0.36,0.9697265625
104,0.33999999999999997,0.890625
104,0.32,0.08203125
104,0.3,0.0
105,0.36,0.97265625
105,0.33999999999999997,0.8662109375
105,0.32,0.0546875
105,0.3,0.0068359375
106,0.36,0.9638671875
106,0.33999999999999997,0.859375
106,0.32,0.0205078125
106,0.3,0.0
107,0.36,0.96484375
107,0.33999999999999997,0.896484375
107,0.32,0.1162109375
107,0.3,0.0
108,0.36,0.9580078125
108,0.33999999999999997,0.8779296875
108,0.32,0.048828125
108,0.3,0.0
109,0.36,0.9697265625
109,0.33999999999999997,0.8681640625
109,0.32,0.05859375
109,0.3,0.0
110,0.36,0.9716796875
110,0.33999999999999997,0.873046875
110,0.32,0.2138671875
110,0.3,0.0
111,0.36,0.9609375
111,0.33999999999999997,0.8955078125
111,0.32,0.0234375
111,0.3,0.0
112,0.36,0.9677734375
112,0.33999999999999997,0.859375
112,0.32,0.09765625
112,0.3,0.0
113,0.36,0.9755859375
113,0.33999999999999997,0.8916015625
113,0.32,0.1064453125
113,0.3,0.0
114,0.36,0.962890625
114,0.33999999999999997,0.900390625
114,0.32,0.134765625
114,0.3,0.0
115,0.36,0.9609375
115,0.33999999999999997,0.8671875
115,0.32,0.060546875
115,0.3,0.0
116,0.36,0.9677734375
116,0.33999999999999997,0.8798828125
116,0.32,0.0390625
116,0.3,0.0
117,0.36,0.9677734375
117,0.33999999999999997,0.8583984375
117,0.32,0.1044921875
117,0.3,0.005859375
118,0.36,0.96875
118,0.33999999999999997,0.845703125
118,0.32,0.0888671875
118,0.3,0.0
119,0.36,0.9765625
119,0.33999999999999997,0.8720703125
119,0.32,0.0517578125
119,0.3,0.0
120,0.36,0.9638671875
120,0.33999999999999997,0.88671875
120,0.32,0.1572265625
120,0.3,0.0
121,0.36,0.9609375
121,0.33999999999999997,0.923828125
121,0.32,0.1064453125
121,0.3,0.0
122,0.36,0.9677734375
122,0.33999999999999997,0.8369140625
122,0.32,0.1455078125
122,0.3,0.0
123,0.36,0.9677734375
123,0.33999999999999997,0.8857421875
123,0.32,0.0185546875
123,0.3,0.0
124,0.36,0.9580078125
124,0.33999999999999997,0.890625
124,0.32,0.0673828125
124,0.3,0.0
125,0.36,0.9677734375
125,0.33999999999999997,0.890625
125,0.32,0.064453125
125,0.3,0.0
126,0.36,0.9609375
126,0.33999999999999997,0.8837890625
126,0.32,0.2607421875
126,0.3,0.0
127,0.36,0.9541015625
127,0.33999999999999997,0.8740234375
127,0.32,0.2119140625
127,0.3,0.0
128,0.36,0.9697265625
128,0.33999999999999997,0.87890625
128,0.32,0.0068359375
128,0.3,0.005859375
129,0.36,0.9765625
129,0.33999999999999997,0.892578125
129,0.32,0.2666015625
129,0.3,0.0
130,0.36,0.9658203125
130,0.33999999999999997,0.8896484375
130,0.32,0.21484375
130,0.3,0.0
131,0.36,0.953125
131,0.33999999999999997,0.8681640625
131,0.32,0.16015625
131,0.3,0.0
132,0.36,0.9599609375
132,0.33999999999999997,0.8330078125
132,0.32,0.1328125
132,0.3,0.0
133,0.36,0.96484375
133,0.33999999999999997,0.873046875
133,0.32,0.0244140625
133,0.3,0.0
134,0.36,0.9736328125
134,0.33999999999999997,0.8525390625
134,0.32,0.09765625
134,0.3,0.0
135,0.36,0.962890625
135,0.33999999999999997,0.8935546875
135,0.32,0.1259765625
135,0.3,0.005859375
136,0.36,0.966796875
136,0.33999999999999997,0.896484375
136,0.32,0.0546875
136,0.3,0.0
137,0.36,0.955078125
137,0.33999999999999997,0.869140625
137,0.32,0.0537109375
137,0.3,0.0
138,0.36,0.962890625
138,0.33999999999999997,0.892578125
138,0.32,0.236328125
138,0.3,0.0
139,0.36,0.95703125
139,0.33999999999999997,0.87109375
139,0.32,0.0576171875
139,0.3,0.0068359375
140,0.36,0.96484375
140,0.33999999999999997,0.845703125
140,0.32,0.1865234375
140,0.3,0.0
141,0.36,0.970703125
141,0.33999999999999997,0.875
141,0.32,0.0625
141,0.3,0.0
142,0.36,0.9638671875
142,0.33999999999999997,0.845703125
142,0.32,0.080078125
142,0.3,0.0
143,0.36,0.9609375
143,0.33999999999999997,0.875
143,0.32,0.2119140625
143,0.3,0.0
144,0.36,0.9658203125
144,0.33999999999999997,0.876953125
144,0.32,0.0654296875
144,0.3,0.0
145,0.36,0.9794921875
145,0.33999999999999997,0.904296875
145,0.32,0.1328125
145,0.3,0.0
146,0.36,0.966796875
146,0.33999999999999997,0.9130859375
146,0.32,0.1005859375
146,0.3,0.0
147,0.36,0.9658203125
147,0.33999999999999997,0.8623046875
147,0.32,0.15625
147,0.3,0.00390625
148,0.36,0.96875
148,0.33999999999999997,0.8837890625
148,0.32,0.021484375
148,0.3,0.0
149,0.36,0.970703125
149,0.33999999999999997,0.876953125
149,0.32,0.0302734375
149,0.3,0.001953125
150,0.36,0.96875
150,0.33999999999999997,0.8994140625
150,0.32,0.2431640625
150,0.3,0.0
151,0.36,0.96484375
151,0.33999999999999997,0.8779296875
151,0.32,0.173828125
151,0.3,0.0
152,0.36,0.9453125
152,0.33999999999999997,0.8662109375
152,0.32,0.2890625
152,0.3,0.0
153,0.36,0.9619140625
153,0.33999999999999997,0.8759765625
153,0.32,0.0
153,0.3,0.0
154,0.36,0.9658203125
154,0.33999999999999997,0.8359375
154,0.32,0.091796875
154,0.3,0.0
155,0.36,0.9609375
155,0.33999999999999997,0.857421875
155,0.32,0.048828125
155,0.3,0.0
156,0.36,0.974609375
156,0.33999999999999997,0.87890625
156,0.32,0.0185546875
156,0.3,0.0
157,0.36,0.9609375
157,0.33999999999999997,0.876953125
157,0.32,0.0576171875
157,0.3,0.0
158,0.36,0.9599609375
158,0.33999999999999997,0.884765625
158,0.32,0.1103515625
158,0.3,0.0
159,0.36,0.970703125
159,0.33999999999999997,0.896484375
159,0.32,0.04296875
159,0.3,0.0
160,0.36,0.96484375
160,0.33999999999999997,0.87109375
160,0.32,0.03125
160,0.3,0.0048828125
161,0.36,0.962890625
161,0.33999999999999997,0.9033203125
161,0.32,0.0751953125
161,0.3,0.0
162,0.36,0.966796875
162,0.33999999999999997,0.8779296875
162,0.32,0.130859375
162,0.3,0.0
163,0.36,0.9755859375
163,0.33999999999999997,0.892578125
163,0.32,0.1953125
163,0.3,0.0087890625
164,0.36,0.9658203125
164,0.33999999999999997,0.8681640625
164,0.32,0.2099609375
164,0.3,0.0
165,0.36,0.97265625
165,0.33999999999999997,0.859375
165,0.32,0.0576171875
165,0.3,0.0
166,0.36,0.958984375
166,0.33999999999999997,0.8876953125
166,0.32,0.1240234375
166,0.3,0.0
167,0.36,0.9638671875
167,0.33999999999999997,0.8779296875
167,0.32,0.1708984375
167,0.3,0.0
168,0.36,0.955078125
168,0.33999999999999997,0.8857421875
168,0.32,0.23046875
168,0.3,0.0
169,0.36,0.966796875
169,0.33999999999999997,0.875
169,0.32,0.0107421875
169,0.3,0.0
170,0.36,0.966796875
170,0.33999999999999997,0.91015625
170,0.32,0.068359375
170,0.3,0.0
171,0.36,0.9619140625
171,0.33999999999999997,0.8818359375
171,0.32,0.1806640625
171,0.3,0.0
172,0.36,0.9609375
172,0.33999999999999997,0.8642578125
172,0.32,0.1142578125
172,0.3,0.0
173,0.36,0.96875
173,0.33999999999999997,0.8974609375
173,0.32,0.037109375
173,0.3,0.0
174,0.36,0.9658203125
174,0.33999999999999997,0.88671875
174,0.32,0.09765625
174,0.3,0.0
175,0.36,0.96875
175,0.33999999999999997,0.8779296875
175,0.32,0.0
175,0.3,0.0
176,0.36,0.962890625
176,0.33999999999999997,0.8720703125
176,0.32,0.037109375
176,0.3,0.0
177,0.36,0.96875
177,0.33999999999999997,0.8701171875
177,0.32,0.0341796875
177,0.3,0.0
178,0.36,0.9638671875
178,0.33999999999999997,0.8828125
178,0.32,0.03515625
178,0.3,0.0
179,0.36,0.962890625
179,0.33999999999999997,0.90625
179,0.32,0.0546875
179,0.3,0.0
180,0.36,0.966796875
180,0.33999999999999997,0.8642578125
180,0.32,0.173828125
180,0.3,0.0
181,0.36,0.9619140625
181,0.33999999999999997,0.8759765625
181,0.32,0.0537109375
181,0.3,0.00390625
182,0.36,0.9599609375
182,0.33999999999999997,0.90234375
182,0.32,0.314453125
182,0.3,0.0
183,0.36,0.9658203125
183,0.33999999999999997,0.8720703125
183,0.32,0.0556640625
183,0.3,0.0
184,0.36,0.9638671875
184,0.33999999999999997,0.859375
184,0.32,0.0068359375
184,0.3,0.005859375
185,0.36,0.9580078125
185,0.33999999999999997,0.8701171875
185,0.32,0.1630859375
185,0.3,0.0
186,0.36,0.9697265625
186,0.33999999999999997,0.8857421875
186,0.32,0.13671875
186,0.3,0.0
187,0.36,0.966796875
187,0.33999999999999997,0.896484375
187,0.32,0.072265625
187,0.3,0.0
188,0.36,0.9677734375
188,0.33999999999999997,0.884765625
188,0.32,0.298828125
188,0.3,0.0
189,0.36,0.9638671875
189,0.33999999999999997,0.8916015625
189,0.32,0.0380859375
189,0.3,0.00390625
190,0.36,0.9619140625
190,0.33999999999999997,0.8828125
190,0.32,0.0751953125
190,0.3,0.0
191,0.36,0.962890625
191,0.33999999999999997,0.884765625
191,0.32,0.2392578125
191,0.3,0.005859375
192,0.36,0.9677734375
192,0.33999999999999997,0.8828125
192,0.32,0.08203125
192,0.3,0.0
193,0.36,0.96484375
193,0.33999999999999997,0.8955078125
193,0.32,0.0419921875
193,0.3,0.0
194,0.36,0.958984375
194,0.33999999999999997,0.859375
194,0.32,0.1474609375
194,0.3,0.0
195,0.36,0.9619140625
195,0.33999999999999997,0.888671875
195,0.32,0.23046875
195,0.3,0.0
196,0.36,0.970703125
196,0.33999999999999997,0.91015625
196,0.32,0.0
196,0.3,0.0
197,0.36,0.9658203125
197,0.33999999999999997,0.8671875
197,0.32,0.12890625
197,0.3,0.0
198,0.36,0.96875
198,0.33999999999999997,0.8857421875
198,0.32,0.1748046875
198,0.3,0.0
199,0.36,0.970703125
199,0.33999999999999997,0.8955078125
199,0.32,0.0791015625
199,0.3,0.0068359375
200,0.36,0.9677734375
200,0.33999999999999997,0.8369140625
200,0.32,0.142578125
200,0.3,0.0
201,0.36,0.9560546875
201,0.33999999999999997,0.869140625
201,0.32,0.08984375
201,0.3,0.0
202,0.36,0.95703125
202,0.33999999999999997,0.8876953125
202,0.32,0.2314453125
202,0.3,0.0
203,0.36,0.9697265625
203,0.33999999999999997,0.8779296875
203,0.32,0.0693359375
203,0.3,0.0
204,0.36,0.966796875
204,0.33999999999999997,0.9130859375
204,0.32,0.0869140625
204,0.3,0.0
205,0.36,0.96484375
205,0.33999999999999997,0.8818359375
205,0.32,0.025390625
205,0.3,0.0
206,0.36,0.970703125
206,0.33999999999999997,0.880859375
206,0.32,0.0380859375
206,0.3,0.0
207,0.36,0.9658203125
207,0.33999999999999997,0.8818359375
207,0.32,0.1103515625
207,0.3,0.0
208,0.36,0.9658203125
208,0.33999999999999997,0.8935546875
208,0.32,0.0703125
208,0.3,0.0
209,0.36,0.9541015625
209,0.33999999999999997,0.8818359375
209,0.32,0.1337890625
209,0.3,0.0
210,0.36,0.96875
210,0.33999999999999997,0.849609375
210,0.32,0.2197265625
210,0.3,0.0
211,0.36,0.9521484375
211,0.33999999999999997,0.8857421875
211,0.32,0.013671875
211,0.3,0.0
212,0.36,0.96484375
212,0.33999999999999997,0.8896484375
212,0.32,0.0888671875
212,0.3,0.0
213,0.36,0.970703125
213,0.33999999999999997,0.89453125
213,0.32,0.2646484375
213,0.3,0.0
214,0.36,0.9677734375
214,0.33999999999999997,0.85546875
214,0.32,0.1005859375
214,0.3,0.0
215,0.36,0.9482421875
215,0.33999999999999997,0.8974609375
215,0.32,0.31640625
215,0.3,0.0
216,0.36,0.9638671875
216,0.33999999999999997,0.900390625
216,0.32,0.3232421875
216,0.3,0.0
217,0.36,0.97265625
217,0.33999999999999997,0.8896484375
217,0.32,0.07421875
217,0.3,0.0
218,0.36,0.96875
218,0.33999999999999997,0.8720703125
218,0.32,0.0537109375
218,0.3,0.0
219,0.36,0.9794921875
219,0.33999999999999997,0.8212890625
219,0.32,0.1494140625
219,0.3,0.0
220,0.36,0.96484375
220,0.33999999999999997,0.90625
220,0.32,0.119140625
220,0.3,0.0
221,0.36,0.970703125
221,0.33999999999999997,0.8994140625
221,0.32,0.0234375
221,0.3,0.0
222,0.36,0.9697265625
222,0.33999999999999997,0.8486328125
222,0.32,0.0166015625
222,0.3,0.0
223,0.36,0.9697265625
223,0.33999999999999997,0.8486328125
223,0.32,0.0751953125
223,0.3,0.0
224,0.36,0.958984375
224,0.33999999999999997,0.8642578125
224,0.32,0.1484375
224,0.3,0.0
225,0.36,0.9462890625
225,0.33999999999999997,0.8681640625
225,0.32,0.0771484375
225,0.3,0.0
226,0.36,0.970703125
226,0.33999999999999997,0.89453125
226,0.32,0.2802734375
226,0.3,0.0
227,0.36,0.9716796875
227,0.33999999999999997,0.8486328125
227,0.32,0.041015625
227,0.3,0.00390625
228,0.36,0.966796875
228,0.33999999999999997,0.8818359375
228,0.32,0.0166015625
228,0.3,0.0
229,0.36,0.9677734375
229,0.33999999999999997,0.8828125
229,0.32,0.1357421875
229,0.3,0.0
230,0.36,0.9609375
230,0.33999999999999997,0.8935546875
230,0.32,0.322265625
230,0.3,0.0
231,0.36,0.966796875
231,0.33999999999999997,0.8837890625
231,0.32,0.173828125
231,0.3,0.0
232,0.36,0.9638671875
232,0.33999999999999997,0.8759765625
232,0.32,0.1533203125
232,0.3,0.0
233,0.36,0.9609375
233,0.33999999999999997,0.880859375
233,0.32,0.046875
233,0.3,0.0
234,0.36,0.962890625
234,0.33999999999999997,0.900390625
234,0.32,0.0146484375
234,0.3,0.0
235,0.36,0.9658203125
235,0.33999999999999997,0.8779296875
235,0.32,0.064453125
235,0.3,0.0
236,0.36,0.97265625
236,0.33999999999999997,0.8740234375
236,0.32,0.01171875
236,0.3,0.0
237,0.36,0.9501953125
237,0.33999999999999997,0.8603515625
237,0.32,0.07421875
237,0.3,0.0
238,0.36,0.9609375
238,0.33999999999999997,0.869140625
238,0.32,0.0595703125
238,0.3,0.005859375
239,0.36,0.9580078125
239,0.33999999999999997,0.875
239,0.32,0.0556640625
239,0.3,0.0
240,0.36,0.9677734375
240,0.33999999999999997,0.8857421875
240,0.32,0.0703125
240,0.3,0.0
241,0.36,0.9638671875
241,0.33999999999999997,0.8828125
241,0.32,0.263671875
241,0.3,0.00390625
242,0.36,0.9716796875
242,0.33999999999999997,0.912109375
242,0.32,0.0
242,0.3,0.005859375
243,0.36,0.9697265625
243,0.33999999999999997,0.8818359375
243,0.32,0.06640625
243,0.3,0.0
244,0.36,0.97265625
244,0.33999999999999997,0.8701171875
244,0.32,0.203125
244,0.3,0.0
245,0.36,0.9697265625
245,0.33999999999999997,0.8642578125
245,0.32,0.0166015625
245,0.3,0.00390625
246,0.36,0.9697265625
246,0.33999999999999997,0.8662109375
246,0.32,0.03515625
246,0.3,0.0
247,0.36,0.966796875
247,0.33999999999999997,0.861328125
247,0.32,0.3125
247,0.3,0.0
248,0.36,0.9609375
248,0.33999999999999997,0.8828125
248,0.32,0.109375
248,0.3,0.0078125
249,0.36,0.97265625
249,0.33999999999999997,0.916015625
249,0.32,0.0400390625
249,0.3,0.0
250,0.36,0.958984375
250,0.33999999999999997,0.8974609375
250,0.32,0.0966796875
250,0.3,0.0
251,0.36,0.96484375
251,0.33999999999999997,0.8857421875
251,0.32,0.1435546875
251,0.3,0.0
252,0.36,0.9638671875
252,0.33999999999999997,0.8798828125
252,0.32,0.0869140625
252,0.3,0.0
253,0.36,0.974609375
253,0.33999999999999997,0.8779296875
253,0.32,0.123046875
253,0.3,0.0
254,0.36,0.95703125
254,0.33999999999999997,0.9013671875
254,0.32,0.1376953125
254,0.3,0.0
255,0.36,0.955078125
255,0.33999999999999997,0.8935546875
255,0.32,0.0859375
255,0.3,0.0
256,0.36,0.966796875
256,0.33999999999999997,0.8564453125
256,0.32,0.068359375
256,0.3,0.0
257,0.36,0.974609375
257,0.33999999999999997,0.892578125
257,0.32,0.1962890625
257,0.3,0.0
258,0.36,0.9580078125
258,0.33999999999999997,0.873046875
258,0.32,0.248046875
258,0.3,0.0
259,0.36,0.9541015625
259,0.33999999999999997,0.8544921875
259,0.32,0.015625
259,0.3,0.0
260,0.36,0.97265625
260,0.33999999999999997,0.865234375
260,0.32,0.0966796875
260,0.3,0.0
261,0.36,0.974609375
261,0.33999999999999997,0.8798828125
261,0.32,0.0751953125
261,0.3,0.0
262,0.36,0.970703125
262,0.33999999999999997,0.8818359375
262,0.32,0.0087890625
262,0.3,0.0
263,0.36,0.9609375
263,0.33999999999999997,0.8623046875
263,0.32,0.1083984375
263,0.3,0.0
264,0.36,0.97265625
264,0.33999999999999997,0.8994140625
264,0.32,0.0546875
264,0.3,0.0
265,0.36,0.9716796875
265,0.33999999999999997,0.9150390625
265,0.32,0.3759765625
265,0.3,0.0
266,0.36,0.95703125
266,0.33999999999999997,0.8642578125
266,0.32,0.1337890625
266,0.3,0.0
267,0.36,0.958984375
267,0.33999999999999997,0.9033203125
267,0.32,0.0908203125
267,0.3,0.0
268,0.36,0.9697265625
268,0.33999999999999997,0.8974609375
268,0.32,0.1142578125
268,0.3,0.0
269,0.36,0.9677734375
269,0.33999999999999997,0.8525390625
269,0.32,0.015625
269,0.3,0.0
270,0.36,0.9609375
270,0.33999999999999997,0.83984375
270,0.32,0.103515625
270,0.3,0.0
271,0.36,0.95703125
271,0.33999999999999997,0.8623046875
271,0.32,0.1044921875
271,0.3,0.0
272,0.36,0.9619140625
272,0.33999999999999997,0.896484375
272,0.32,0.0
272,0.3,0.0
273,0.36,0.95703125
273,0.33999999999999997,0.8828125
273,0.32,0.033203125
273,0.3,0.0
274,0.36,0.962890625
274,0.33999999999999997,0.876953125
274,0.32,0.0166015625
274,0.3,0.0048828125
275,0.36,0.966796875
275,0.33999999999999997,0.8896484375
275,0.32,0.1708984375
275,0.3,0.0
276,0.36,0.96875
276,0.33999999999999997,0.8681640625
276,0.32,0.1181640625
276,0.3,0.0
277,0.36,0.96875
277,0.33999999999999997,0.88671875
277,0.32,0.193359375
277,0.3,0.0
278,0.36,0.9619140625
278,0.33999999999999997,0.8876953125
278,0.32,0.080078125
278,0.3,0.0
279,0.36,0.9521484375
279,0.33999999999999997,0.8974609375
279,0.32,0.2412109375
279,0.3,0.001953125
280,0.36,0.9619140625
280,0.33999999999999997,0.8935546875
280,0.32,0.087890625
280,0.3,0.0
281,0.36,0.96875
281,0.33999999999999997,0.875
281,0.32,0.0810546875
281,0.3,0.0
282,0.36,0.95703125
282,0.33999999999999997,0.8876953125
282,0.32,0.095703125
282,0.3,0.0
283,0.36,0.9697265625
283,0.33999999999999997,0.90625
283,0.32,0.068359375
283,0.3,0.0
284,0.36,0.9697265625
284,0.33999999999999997,0.865234375
284,0.32,0.017578125
284,0.3,0.0
285,0.36,0.96484375
285,0.33999999999999997,0.8955078125
285,0.32,0.0234375
285,0.3,0.0126953125
286,0.36,0.97265625
286,0.33999999999999997,0.845703125
286,0.32,0.1767578125
286,0.3,0.0
287,0.36,0.958984375
287,0.33999999999999997,0.8935546875
287,0.32,0.015625
287,0.3,0.0
288,0.36,0.9638671875
288,0.33999999999999997,0.89453125
288,0.32,0.138671875
288,0.3,0.0
289,0.36,0.96875
289,0.33999999999999997,0.865234375
289,0.32,0.0888671875
289,0.3,0.0
290,0.36,0.958984375
290,0.33999999999999997,0.8642578125
290,0.32,0.0361328125
290,0.3,0.0
291,0.36,0.9638671875
291,0.33999999999999997,0.8759765625
291,0.32,0.0810546875
291,0.3,0.0
292,0.36,0.9619140625
292,0.33999999999999997,0.8916015625
292,0.32,0.3271484375
292,0.3,0.0
293,0.36,0.9716796875
293,0.33999999999999997,0.90625
293,0.32,0.16796875
293,0.3,0.0
294,0.36,0.95703125
294,0.33999999999999997,0.86328125
294,0.32,0.083984375
294,0.3,0.0
295,0.36,0.9677734375
295,0.33999999999999997,0.8896484375
295,0.32,0.15234375
295,0.3,0.0
296,0.36,0.970703125
296,0.33999999999999997,0.9140625
296,0.32,0.0078125
296,0.3,0.0
297,0.36,0.958984375
297,0.33999999999999997,0.8544921875
297,0.32,0.0009765625
297,0.3,0.0
298,0.36,0.9609375
298,0.33999999999999997,0.880859375
298,0.32,0.1396484375
298,0.3,0.0
299,0.36,0.9697265625
299,0.33999999999999997,0.859375
299,0.32,0.064453125
299,0.3,0.0
300,0.36,0.966796875
300,0.33999999999999997,0.890625
300,0.32,0.1640625
300,0.3,0.0
301,0.36,0.9775390625
301,0.33999999999999997,0.892578125
301,0.32,0.0595703125
301,0.3,0.0
302,0.36,0.96484375
302,0.33999999999999997,0.88671875
302,0.32,0.0517578125
302,0.3,0.0
303,0.36,0.9677734375
303,0.33999999999999997,0.8798828125
303,0.32,0.013671875
303,0.3,0.0
304,0.36,0.96484375
304,0.33999999999999997,0.849609375
304,0.32,0.0263671875
304,0.3,0.0
305,0.36,0.9697265625
305,0.33999999999999997,0.8828125
305,0.32,0.21875
305,0.3,0.0
306,0.36,0.9736328125
306,0.33999999999999997,0.888671875
306,0.32,0.03515625
306,0.3,0.0
307,0.36,0.96875
307,0.33999999999999997,0.849609375
307,0.32,0.1474609375
307,0.3,0.0
308,0.36,0.9609375
308,0.33999999999999997,0.8642578125
308,0.32,0.0927734375
308,0.3,0.0
309,0.36,0.966796875
309,0.33999999999999997,0.84375
309,0.32,0.115234375
309,0.3,0.0
310,0.36,0.9599609375
310,0.33999999999999997,0.8701171875
310,0.32,0.158203125
310,0.3,0.0
311,0.36,0.962890625
311,0.33999999999999997,0.8935546875
311,0.32,0.0712890625
311,0.3,0.005859375
312,0.36,0.9619140625
312,0.33999999999999997,0.8974609375
312,0.32,0.021484375
312,0.3,0.0
313,0.36,0.974609375
313,0.33999999999999997,0.9189453125
313,0.32,0.162109375
313,0.3,0.0
314,0.36,0.96484375
314,0.33999999999999997,0.888671875
314,0.32,0.0498046875
314,0.3,0.0
315,0.36,0.958984375
315,0.33999999999999997,0.8701171875
315,0.32,0.14453125
315,0.3,0.025390625
316,0.36,0.9677734375
316,0.33999999999999997,0.88671875
316,0.32,0.09765625
316,0.3,0.0
317,0.36,0.9677734375
317,0.33999999999999997,0.87109375
317,0.32,0.0361328125
317,0.3,0.0
318,0.36,0.96875
318,0.33999999999999997,0.869140625
318,0.32,0.263671875
318,0.3,0.0
319,0.36,0.96484375
319,0.33999999999999997,0.896484375
319,0.32,0.052734375
319,0.3,0.0
320,0.36,0.955078125
320,0.33999999999999997,0.8984375
320,0.32,0.1669921875
320,0.3,0.0
321,0.36,0.9658203125
321,0.33999999999999997,0.8828125
321,0.32,0.033203125
321,0.3,0.0
322,0.36,0.974609375
322,0.33999999999999997,0.853515625
322,0.32,0.0595703125
322,0.3,0.0
323,0.36,0.9658203125
323,0.33999999999999997,0.908203125
323,0.32,0.134765625
323,0.3,0.0
324,0.36,0.96875
324,0.33999999999999997,0.9033203125
324,0.32,0.0
324,0.3,0.0068359375
325,0.36,0.97265625
325,0.33999999999999997,0.90234375
325,0.32,0.0810546875
325,0.3,0.0
326,0.36,0.9658203125
326,0.33999999999999997,0.9013671875
326,0.32,0.0341796875
326,0.3,0.0
327,0.36,0.9658203125
327,0.33999999999999997,0.8603515625
327,0.32,0.099609375
327,0.3,0.0068359375
328,0.36,0.9716796875
328,0.33999999999999997,0.8818359375
328,0.32,0.068359375
328,0.3,0.0
329,0.36,0.9677734375
329,0.33999999999999997,0.9111328125
329,0.32,0.2373046875
329,0.3,0.0
330,0.36,0.95703125
330,0.33999999999999997,0.8974609375
330,0.32,0.0888671875
330,0.3,0.0078125
331,0.36,0.962890625
331,0.33999999999999997,0.8935546875
331,0.32,0.1591796875
331,0.3,0.0
332,0.36,0.974609375
332,0.33999999999999997,0.873046875
332,0.32,0.1953125
332,0.3,0.0
333,0.36,0.96875
333,0.33999999999999997,0.8486328125
333,0.32,0.0126953125
333,0.3,0.0
334,0.36,0.947265625
334,0.33999999999999997,0.865234375
334,0.32,0.041015625
334,0.3,0.0
335,0.36,0.955078125
335,0.33999999999999997,0.8642578125
335,0.32,0.0
335,0.3,0.0
336,0.36,0.96484375
336,0.33999999999999997,0.912109375
336,0.32,0.2373046875
336,0.3,0.0
337,0.36,0.9609375
337,0.33999999999999997,0.91015625
337,0.32,0.0322265625
337,0.3,0.0029296875
338,0.36,0.9619140625
338,0.33999999999999997,0.8779296875
338,0.32,0.0615234375
338,0.3,0.0009765625
339,0.36,0.97265625
339,0.33999999999999997,0.8955078125
339,0.32,0.1044921875
339,0.3,0.0009765625
340,0.36,0.96875
340,0.33999999999999997,0.873046875
340,0.32,0.0
340,0.3,0.0
341,0.36,0.96484375
341,0.33999999999999997,0.88671875
341,0.32,0.0732421875
341,0.3,0.0
342,0.36,0.966796875
342,0.33999999999999997,0.9111328125
342,0.32,0.0126953125
342,0.3,0.0
343,0.36,0.96484375
343,0.33999999999999997,0.8974609375
343,0.32,0.0546875
343,0.3,0.0048828125
344,0.36,0.96484375
344,0.33999999999999997,0.8779296875
344,0.32,0.1611328125
344,0.3,0.0
345,0.36,0.962890625
345,0.33999999999999997,0.84375
345,0.32,0.0
345,0.3,0.0
346,0.36,0.9697265625
346,0.33999999999999997,0.87109375
346,0.32,0.0732421875
346,0.3,0.0
347,0.36,0.9677734375
347,0.33999999999999997,0.8544921875
347,0.32,0.06640625
347,0.3,0.0
348,0.36,0.966796875
348,0.33999999999999997,0.8564453125
348,0.32,0.05859375
348,0.3,0.0
349,0.36,0.962890625
349,0.33999999999999997,0.9013671875
349,0.32,0.1064453125
349,0.3,0.0
350,0.36,0.9638671875
350,0.33999999999999997,0.8623046875
350,0.32,0.09765625
350,0.3,0.0
351,0.36,0.970703125
351,0.33999999999999997,0.91015625
351,0.32,0.064453125
351,0.3,0.0
352,0.36,0.9638671875
352,0.33999999999999997,0.8701171875
352,0.32,0.0234375
352,0.3,0.0
353,0.36,0.978515625
353,0.33999999999999997,0.8720703125
353,0.32,0.1611328125
353,0.3,0.0
354,0.36,0.9560546875
354,0.33999999999999997,0.8994140625
354,0.32,0.0146484375
354,0.3,0.0
355,0.36,0.96484375
355,0.33999999999999997,0.896484375
355,0.32,0.21875
355,0.3,0.0
356,0.36,0.96875
356,0.33999999999999997,0.8662109375
356,0.32,0.0625
356,0.3,0.0
357,0.36,0.9755859375
357,0.33999999999999997,0.8779296875
357,0.32,0.0908203125
357,0.3,0.0029296875
358,0.36,0.9619140625
358,0.33999999999999997,0.8779296875
358,0.32,0.0
358,0.3,0.0
359,0.36,0.9609375
359,0.33999999999999997,0.884765625
359,0.32,0.279296875
359,0.3,0.0
360,0.36,0.97265625
360,0.33999999999999997,0.8671875
360,0.32,0.0576171875
360,0.3,0.0
361,0.36,0.9658203125
361,0.33999999999999997,0.91015625
361,0.32,0.30078125
361,0.3,0.0
362,0.36,0.9716796875
362,0.33999999999999997,0.91796875
362,0.32,0.1064453125
362,0.3,0.0
363,0.36,0.9677734375
363,0.33999999999999997,0.8740234375
363,0.32,0.0390625
363,0.3,0.0
364,0.36,0.96875
364,0.33999999999999997,0.8798828125
364,0.32,0.18359375
364,0.3,0.0
365,0.36,0.9716796875
365,0.33999999999999997,0.8916015625
365,0.32,0.0908203125
365,0.3,0.009765625
366,0.36,0.951171875
366,0.33999999999999997,0.875
366,0.32,0.50390625
366,0.3,0.0
367,0.36,0.9609375
367,0.33999999999999997,0.884765625
367,0.32,0.01171875
367,0.3,0.0
368,0.36,0.962890625
368,0.33999999999999997,0.857421875
368,0.32,0.02734375
368,0.3,0.0009765625
369,0.36,0.9619140625
369,0.33999999999999997,0.8935546875
369,0.32,0.1259765625
369,0.3,0.0
370,0.36,0.955078125
370,0.33999999999999997,0.8818359375
370,0.32,0.033203125
370,0.3,0.0
371,0.36,0.9560546875
371,0.33999999999999997,0.9150390625
371,0.32,0.2392578125
371,0.3,0.0
372,0.36,0.951171875
372,0.33999999999999997,0.896484375
372,0.32,0.060546875
372,0.3,0.0
373,0.36,0.9609375
373,0.33999999999999997,0.8486328125
373,0.32,0.04296875
373,0.3,0.0
374,0.36,0.9599609375
374,0.33999999999999997,0.87109375
374,0.32,0.0107421875
374,0.3,0.0
375,0.36,0.970703125
375,0.33999999999999997,0.8642578125
375,0.32,0.171875
375,0.3,0.0078125
376,0.36,0.9638671875
376,0.33999999999999997,0.8837890625
376,0.32,0.1455078125
376,0.3,0.0
377,0.36,0.96484375
377,0.33999999999999997,0.90234375
377,0.32,0.0
377,0.3,0.0
378,0.36,0.9580078125
378,0.33999999999999997,0.8623046875
378,0.32,0.1943359375
378,0.3,0.0
379,0.36,0.96484375
379,0.33999999999999997,0.9072265625
379,0.32,0.0
379,0.3,0.005859375
380,0.36,0.970703125
380,0.33999999999999997,0.8369140625
380,0.32,0.0888671875
380,0.3,0.0
381,0.36,0.970703125
381,0.33999999999999997,0.9130859375
381,0.32,0.05859375
381,0.3,0.0
382,0.36,0.966796875
382,0.33999999999999997,0.892578125
382,0.32,0.037109375
382,0.3,0.0
383,0.36,0.9580078125
383,0.33999999999999997,0.8916015625
383,0.32,0.203125
383,0.3,0.0
384,0.36,0.9609375
384,0.33999999999999997,0.8955078125
384,0.32,0.189453125
384,0.3,0.0
385,0.36,0.9736328125
385,0.33999999999999997,0.8857421875
385,0.32,0.0478515625
385,0.3,0.0
386,0.36,0.9658203125
386,0.33999999999999997,0.8935546875
386,0.32,0.0791015625
386,0.3,0.0
387,0.36,0.966796875
387,0.33999999999999997,0.8935546875
387,0.32,0.0126953125
387,0.3,0.0078125
388,0.36,0.9609375
388,0.33999999999999997,0.859375
388,0.32,0.087890625
388,0.3,0.0
389,0.36,0.962890625
389,0.33999999999999997,0.861328125
389,0.32,0.369140625
389,0.3,0.0
390,0.36,0.953125
390,0.33999999999999997,0.880859375
390,0.32,0.0693359375
390,0.3,0.0
391,0.36,0.9599609375
391,0.33999999999999997,0.876953125
391,0.32,0.0498046875
391,0.3,0.0
392,0.36,0.9677734375
392,0.33999999999999997,0.876953125
392,0.32,0.09375
392,0.3,0.0
393,0.36,0.9638671875
393,0.33999999999999997,0.904296875
393,0.32,0.103515625
393,0.3,0.0
394,0.36,0.96484375
394,0.33999999999999997,0.853515625
394,0.32,0.0419921875
394,0.3,0.0
395,0.36,0.970703125
395,0.33999999999999997,0.865234375
395,0.32,0.1259765625
395,0.3,0.0
396,0.36,0.9638671875
396,0.33999999999999997,0.87890625
396,0.32,0.05078125
396,0.3,0.0
397,0.36,0.970703125
397,0.33999999999999997,0.88671875
397,0.32,0.013671875
397,0.3,0.0
398,0.36,0.9619140625
398,0.33999999999999997,0.8916015625
398,0.32,0.109375
398,0.3,0.0
399,0.36,0.9521484375
399,0.33999999999999997,0.8818359375
399,0.32,0.0224609375
399,0.3,0.00390625
400,0.36,0.962890625
400,0.33999999999999997,0.8984375
400,0.32,0.09375
400,0.3,0.01171875
401,0.36,0.9677734375
401,0.33999999999999997,0.9033203125
401,0.32,0.208984375
401,0.3,0.0
402,0.36,0.9609375
402,0.33999999999999997,0.8798828125
402,0.32,0.1201171875
402,0.3,0.0
403,0.36,0.9599609375
403,0.33999999999999997,0.90234375
403,0.32,0.0
403,0.3,0.0
404,0.36,0.9736328125
404,0.33999999999999997,0.8759765625
404,0.32,0.0673828125
404,0.3,0.0
405,0.36,0.962890625
405,0.33999999999999997,0.87109375
405,0.32,0.0546875
405,0.3,0.0
406,0.36,0.9599609375
406,0.33999999999999997,0.880859375
406,0.32,0.0927734375
406,0.3,0.0
407,0.36,0.9609375
407,0.33999999999999997,0.8857421875
407,0.32,0.041015625
407,0.3,0.0
408,0.36,0.9638671875
408,0.33999999999999997,0.880859375
408,0.32,0.0634765625
408,0.3,0.0
409,0.36,0.97265625
409,0.33999999999999997,0.8583984375
409,0.32,0.2216796875
409,0.3,0.0
410,0.36,0.962890625
410,0.33999999999999997,0.8603515625
410,0.32,0.0400390625
410,0.3,0.0
411,0.36,0.9599609375
411,0.33999999999999997,0.8642578125
411,0.32,0.09375
411,0.3,0.0
412,0.36,0.96484375
412,0.33999999999999997,0.9140625
412,0.32,0.0166015625
412,0.3,0.0
413,0.36,0.9658203125
413,0.33999999999999997,0.90234375
413,0.32,0.173828125
413,0.3,0.0
414,0.36,0.9697265625
414,0.33999999999999997,0.8779296875
414,0.32,0.0
414,0.3,0.0
415,0.36,0.9677734375
415,0.33999999999999997,0.88671875
415,0.32,0.06640625
415,0.3,0.0087890625
416,0.36,0.9638671875
416,0.33999999999999997,0.8828125
416,0.32,0.193359375
416,0.3,0.0
417,0.36,0.9638671875
417,0.33999999999999997,0.88671875
417,0.32,0.169921875
417,0.3,0.0
418,0.36,0.9658203125
418,0.33999999999999997,0.873046875
418,0.32,0.0341796875
418,0.3,0.0
419,0.36,0.9697265625
419,0.33999999999999997,0.892578125
419,0.32,0.0703125
419,0.3,0.0
420,0.36,0.9765625
420,0.33999999999999997,0.8759765625
420,0.32,0.0419921875
420,0.3,0.0
421,0.36,0.978515625
421,0.33999999999999997,0.8369140625
421,0.32,0.03125
421,0.3,0.0
422,0.36,0.9677734375
422,0.33999999999999997,0.8720703125
422,0.32,0.099609375
422,0.3,0.0
423,0.36,0.9658203125
423,0.33999999999999997,0.8447265625
423,0.32,0.0732421875
423,0.3,0.0
424,0.36,0.96484375
424,0.33999999999999997,0.873046875
424,0.32,0.1328125
424,0.3,0.0
425,0.36,0.970703125
425,0.33999999999999997,0.865234375
425,0.32,0.1201171875
425,0.3,0.0
426,0.36,0.966796875
426,0.33999999999999997,0.8798828125
426,0.32,0.09765625
426,0.3,0.0
427,0.36,0.978515625
427,0.33999999999999997,0.88671875
427,0.32,0.1298828125
427,0.3,0.0
428,0.36,0.9580078125
428,0.33999999999999997,0.865234375
428,0.32,0.125
428,0.3,0.0
429,0.36,0.966796875
429,0.33999999999999997,0.8798828125
429,0.32,0.0712890625
429,0.3,0.0
430,0.36,0.9619140625
430,0.33999999999999997,0.89453125
430,0.32,0.1103515625
430,0.3,0.0
431,0.36,0.95703125
431,0.33999999999999997,0.876953125
431,0.32,0.0791015625
431,0.3,0.0078125
432,0.36,0.966796875
432,0.33999999999999997,0.8837890625
432,0.32,0.04296875
432,0.3,0.0
433,0.36,0.9580078125
433,0.33999999999999997,0.8486328125
433,0.32,0.224609375
433,0.3,0.0
434,0.36,0.96484375
434,0.33999999999999997,0.9150390625
434,0.32,0.02734375
434,0.3,0.0
435,0.36,0.9716796875
435,0.33999999999999997,0.8916015625
435,0.32,0.2275390625
435,0.3,0.0
436,0.36,0.96484375
436,0.33999999999999997,0.880859375
436,0.32,0.060546875
436,0.3,0.0
437,0.36,0.966796875
437,0.33999999999999997,0.8837890625
437,0.32,0.05859375
437,0.3,0.0
438,0.36,0.962890625
438,0.33999999999999997,0.857421875
438,0.32,0.064453125
438,0.3,0.0
439,0.36,0.9677734375
439,0.33999999999999997,0.884765625
439,0.32,0.0009765625
439,0.3,0.0
440,0.36,0.96484375
440,0.33999999999999997,0.896484375
440,0.32,0.021484375
440,0.3,0.0
441,0.36,0.955078125
441,0.33999999999999997,0.8623046875
441,0.32,0.224609375
441,0.3,0.0
442,0.36,0.958984375
442,0.33999999999999997,0.8544921875
442,0.32,0.0947265625
442,0.3,0.0
443,0.36,0.9736328125
443,0.33999999999999997,0.888671875
443,0.32,0.0
443,0.3,0.0
444,0.36,0.962890625
444,0.33999999999999997,0.890625
444,0.32,0.015625
444,0.3,0.0
445,0.36,0.962890625
445,0.33999999999999997,0.8896484375
445,0.32,0.18359375
445,0.3,0.0
446,0.36,0.9619140625
446,0.33999999999999997,0.8828125
446,0.32,0.0673828125
446,0.3,0.0
447,0.36,0.9638671875
447,0.33999999999999997,0.8759765625
447,0.32,0.099609375
447,0.3,0.0
448,0.36,0.9677734375
448,0.33999999999999997,0.916015625
448,0.32,0.1806640625
448,0.3,0.0
449,0.36,0.9619140625
449,0.33999999999999997,0.884765625
449,0.32,0.044921875
449,0.3,0.0087890625
450,0.36,0.96875
450,0.33999999999999997,0.87890625
450,0.32,0.0517578125
450,0.3,0.0
451,0.36,0.9609375
451,0.33999999999999997,0.9013671875
451,0.32,0.0791015625
451,0.3,0.0029296875
452,0.36,0.966796875
452,0.33999999999999997,0.892578125
452,0.32,0.0859375
452,0.3,0.0
453,0.36,0.9619140625
453,0.33999999999999997,0.888671875
453,0.32,0.2060546875
453,0.3,0.0
454,0.36,0.9658203125
454,0.33999999999999997,0.884765625
454,0.32,0.365234375
454,0.3,0.0
455,0.36,0.96484375
455,0.33999999999999997,0.8935546875
455,0.32,0.0625
455,0.3,0.0
456,0.36,0.96875
456,0.33999999999999997,0.8916015625
456,0.32,0.0185546875
456,0.3,0.0
457,0.36,0.96484375
457,0.33999999999999997,0.8876953125
457,0.32,0.1396484375
457,0.3,0.0
458,0.36,0.96484375
458,0.33999999999999997,0.896484375
458,0.32,0.431640625
458,0.3,0.0
459,0.36,0.96875
459,0.33999999999999997,0.875
459,0.32,0.2666015625
459,0.3,0.0
460,0.36,0.9755859375
460,0.33999999999999997,0.87109375
460,0.32,0.1142578125
460,0.3,0.0
461,0.36,0.9814453125
461,0.33999999999999997,0.876953125
461,0.32,0.201171875
461,0.3,0.005859375
462,0.36,0.958984375
462,0.33999999999999997,0.869140625
462,0.32,0.1318359375
462,0.3,0.0
463,0.36,0.9677734375
463,0.33999999999999997,0.900390625
463,0.32,0.04296875
463,0.3,0.0
464,0.36,0.9658203125
464,0.33999999999999997,0.904296875
464,0.32,0.2568359375
464,0.3,0.0
465,0.36,0.962890625
465,0.33999999999999997,0.87890625
465,0.32,0.052734375
465,0.3,0.0
466,0.36,0.9619140625
466,0.33999999999999997,0.8681640625
466,0.32,0.0615234375
466,0.3,0.0
467,0.36,0.9765625
467,0.33999999999999997,0.8662109375
467,0.32,0.0126953125
467,0.3,0.0
468,0.36,0.955078125
468,0.33999999999999997,0.8544921875
468,0.32,0.0478515625
468,0.3,0.0
469,0.36,0.9541015625
469,0.33999999999999997,0.8544921875
469,0.32,0.1474609375
469,0.3,0.0
470,0.36,0.96484375
470,0.33999999999999997,0.90625
470,0.32,0.17578125
470,0.3,0.0
471,0.36,0.9599609375
471,0.33999999999999997,0.857421875
471,0.32,0.0634765625
471,0.3,0.0
472,0.36,0.95703125
472,0.33999999999999997,0.8828125
472,0.32,0.0302734375
472,0.3,0.0
473,0.36,0.9619140625
473,0.33999999999999997,0.88671875
473,0.32,0.2001953125
473,0.3,0.0
474,0.36,0.96875
474,0.33999999999999997,0.8916015625
474,0.32,0.037109375
474,0.3,0.0
475,0.36,0.96875
475,0.33999999999999997,0.8974609375
475,0.32,0.0185546875
475,0.3,0.0
476,0.36,0.96484375
476,0.33999999999999997,0.876953125
476,0.32,0.0
476,0.3,0.009765625
477,0.36,0.96875
477,0.33999999999999997,0.9013671875
477,0.32,0.01171875
477,0.3,0.0
478,0.36,0.966796875
478,0.33999999999999997,0.8642578125
478,0.32,0.044921875
478,0.3,0.0
479,0.36,0.96484375
479,0.33999999999999997,0.876953125
479,0.32,0.0302734375
479,0.3,0.0
480,0.36,0.9560546875
480,0.33999999999999997,0.8896484375
480,0.32,0.072265625
480,0.3,0.0
481,0.36,0.97265625
481,0.33999999999999997,0.88671875
481,0.32,0.0390625
481,0.3,0.0
482,0.36,0.9482421875
482,0.33999999999999997,0.884765625
482,0.32,0.1357421875
482,0.3,0.0068359375
483,0.36,0.96484375
483,0.33999999999999997,0.853515625
483,0.32,0.1435546875
483,0.3,0.0029296875
484,0.36,0.9716796875
484,0.33999999999999997,0.8251953125
484,0.32,0.0126953125
484,0.3,0.0
485,0.36,0.96484375
485,0.33999999999999997,0.892578125
485,0.32,0.0712890625
485,0.3,0.0068359375
486,0.36,0.96875
486,0.33999999999999997,0.880859375
486,0.32,0.080078125
486,0.3,0.0
487,0.36,0.9697265625
487,0.33999999999999997,0.884765625
487,0.32,0.044921875
487,0.3,0.0
488,0.36,0.953125
488,0.33999999999999997,0.888671875
488,0.32,0.078125
488,0.3,0.0
489,0.36,0.9609375
489,0.33999999999999997,0.884765625
489,0.32,0.0654296875
489,0.3,0.0048828125
490,0.36,0.96875
490,0.33999999999999997,0.88671875
490,0.32,0.1064453125
490,0.3,0.0
491,0.36,0.9697265625
491,0.33999999999999997,0.8876953125
491,0.32,0.0869140625
491,0.3,0.0
492,0.36,0.9716796875
492,0.33999999999999997,0.87890625
492,0.32,0.0673828125
492,0.3,0.0
493,0.36,0.9697265625
493,0.33999999999999997,0.89453125
493,0.32,0.08984375
493,0.3,0.0
494,0.36,0.9755859375
494,0.33999999999999997,0.8955078125
494,0.32,0.3232421875
494,0.3,0.0
495,0.36,0.9697265625
495,0.33999999999999997,0.87890625
495,0.32,0.0078125
495,0.3,0.0
496,0.36,0.9609375
496,0.33999999999999997,0.8603515625
496,0.32,0.0341796875
496,0.3,0.0
497,0.36,0.953125
497,0.33999999999999997,0.8994140625
497,0.32,0.1103515625
497,0.3,0.0
498,0.36,0.96875
498,0.33999999999999997,0.8994140625
498,0.32,0.05859375
498,0.3,0.0
499,0.36,0.9599609375
499,0.33999999999999997,0.8828125
499,0.32,0.0234375
499,0.3,0.0
500,0.36,0.96484375
500,0.33999999999999997,0.861328125
500,0.32,0.001953125
500,0.3,0.0107421875
501,0.36,0.958984375
501,0.33999999999999997,0.8857421875
501,0.32,0.04296875
501,0.3,0.0
502,0.36,0.96484375
502,0.33999999999999997,0.8828125
502,0.32,0.0810546875
502,0.3,0.0
503,0.36,0.9609375
503,0.33999999999999997,0.8828125
503,0.32,0.0712890625
503,0.3,0.0
504,0.36,0.9677734375
504,0.33999999999999997,0.8828125
504,0.32,0.1044921875
504,0.3,0.0
505,0.36,0.970703125
505,0.33999999999999997,0.9013671875
505,0.32,0.158203125
505,0.3,0.0
506,0.36,0.9609375
506,0.33999999999999997,0.8798828125
506,0.32,0.228515625
506,0.3,0.0
507,0.36,0.95703125
507,0.33999999999999997,0.9033203125
507,0.32,0.158203125
507,0.3,0.0
508,0.36,0.9716796875
508,0.33999999999999997,0.8818359375
508,0.32,0.0234375
508,0.3,0.0
509,0.36,0.97265625
509,0.33999999999999997,0.8916015625
509,0.32,0.1064453125
509,0.3,0.0
510,0.36,0.9599609375
510,0.33999999999999997,0.8681640625
510,0.32,0.04296875
510,0.3,0.0
511,0.36,0.9619140625
511,0.33999999999999997,0.908203125
511,0.32,0.0087890625
511,0.3,0.0
512,0.36,0.958984375
512,0.33999999999999997,0.8720703125
512,0.32,0.13671875
512,0.3,0.0
513,0.36,0.974609375
513,0.33999999999999997,0.91015625
513,0.32,0.0703125
513,0.3,0.0
514,0.36,0.9638671875
514,0.33999999999999997,0.8984375
514,0.32,0.1123046875
514,0.3,0.0
515,0.36,0.9658203125
515,0.33999999999999997,0.87890625
515,0.32,0.0302734375
515,0.3,0.0
516,0.36,0.9658203125
516,0.33999999999999997,0.8642578125
516,0.32,0.177734375
516,0.3,0.0
517,0.36,0.9677734375
517,0.33999999999999997,0.8642578125
517,0.32,0.0283203125
517,0.3,0.0
518,0.36,0.96484375
518,0.33999999999999997,0.87890625
518,0.32,0.177734375
518,0.3,0.0
519,0.36,0.962890625
519,0.33999999999999997,0.904296875
519,0.32,0.0234375
519,0.3,0.0
520,0.36,0.9775390625
520,0.33999999999999997,0.8671875
520,0.32,0.025390625
520,0.3,0.0
521,0.36,0.9658203125
521,0.33999999999999997,0.88671875
521,0.32,0.130859375
521,0.3,0.0
522,0.36,0.9697265625
522,0.33999999999999997,0.900390625
522,0.32,0.0
522,0.3,0.0
523,0.36,0.970703125
523,0.33999999999999997,0.875
523,0.32,0.021484375
523,0.3,0.0
524,0.36,0.96484375
524,0.33999999999999997,0.8876953125
524,0.32,0.1328125
524,0.3,0.0
525,0.36,0.9580078125
525,0.33999999999999997,0.8896484375
525,0.32,0.1142578125
525,0.3,0.0
526,0.36,0.958984375
526,0.33999999999999997,0.9013671875
526,0.32,0.0693359375
526,0.3,0.0
527,0.36,0.9736328125
527,0.33999999999999997,0.84765625
527,0.32,0.1142578125
527,0.3,0.0
528,0.36,0.9609375
528,0.33999999999999997,0.8837890625
528,0.32,0.2138671875
528,0.3,0.0
529,0.36,0.970703125
529,0.33999999999999997,0.873046875
529,0.32,0.0126953125
529,0.3,0.0
530,0.36,0.9619140625
530,0.33999999999999997,0.9033203125
530,0.32,0.15234375
530,0.3,0.0
531,0.36,0.9677734375
531,0.33999999999999997,0.88671875
531,0.32,0.0810546875
531,0.3,0.0
532,0.36,0.9609375
532,0.33999999999999997,0.9033203125
532,0.32,0.08203125
532,0.3,0.0
533,0.36,0.9619140625
533,0.33999999999999997,0.8662109375
533,0.32,0.091796875
533,0.3,0.0
534,0.36,0.9716796875
534,0.33999999999999997,0.8896484375
534,0.32,0.1044921875
534,0.3,0.0
535,0.36,0.9736328125
535,0.33999999999999997,0.8857421875
535,0.32,0.0634765625
535,0.3,0.0
536,0.36,0.970703125
536,0.33999999999999997,0.896484375
536,0.32,0.0830078125
536,0.3,0.0
537,0.36,0.96484375
537,0.33999999999999997,0.9111328125
537,0.32,0.1435546875
537,0.3,0.0
538,0.36,0.9677734375
538,0.33999999999999997,0.8984375
538,0.32,0.0302734375
538,0.3,0.0
539,0.36,0.97265625
539,0.33999999999999997,0.8955078125
539,0.32,0.021484375
539,0.3,0.0
540,0.36,0.962890625
540,0.33999999999999997,0.9052734375
540,0.32,0.1181640625
540,0.3,0.0
541,0.36,0.958984375
541,0.33999999999999997,0.8837890625
541,0.32,0.021484375
541,0.3,0.0
542,0.36,0.96875
542,0.33999999999999997,0.884765625
542,0.32,0.087890625
542,0.3,0.0
543,0.36,0.9619140625
543,0.33999999999999997,0.8759765625
543,0.32,0.1318359375
543,0.3,0.0
544,0.36,0.96484375
544,0.33999999999999997,0.8798828125
544,0.32,0.173828125
544,0.3,0.0
545,0.36,0.966796875
545,0.33999999999999997,0.8896484375
545,0.32,0.09375
545,0.3,0.0
546,0.36,0.95703125
546,0.33999999999999997,0.88671875
546,0.32,0.0
546,0.3,0.0
547,0.36,0.9619140625
547,0.33999999999999997,0.880859375
547,0.32,0.080078125
547,0.3,0.0
548,0.36,0.9658203125
548,0.33999999999999997,0.8916015625
548,0.32,0.0400390625
548,0.3,0.0
549,0.36,0.9599609375
549,0.33999999999999997,0.869140625
549,0.32,0.0
549,0.3,0.0
550,0.36,0.96484375
550,0.33999999999999997,0.90234375
550,0.32,0.021484375
550,0.3,0.0
551,0.36,0.9638671875
551,0.33999999999999997,0.8798828125
551,0.32,0.0966796875
551,0.3,0.0
552,0.36,0.9638671875
552,0.33999999999999997,0.8564453125
552,0.32,0.0
552,0.3,0.0068359375
553,0.36,0.9677734375
553,0.33999999999999997,0.876953125
553,0.32,0.1376953125
553,0.3,0.0
554,0.36,0.96484375
554,0.33999999999999997,0.8681640625
554,0.32,0.0166015625
554,0.3,0.0
555,0.36,0.96484375
555,0.33999999999999997,0.8583984375
555,0.32,0.099609375
555,0.3,0.0
556,0.36,0.9609375
556,0.33999999999999997,0.89453125
556,0.32,0.103515625
556,0.3,0.0
557,0.36,0.962890625
557,0.33999999999999997,0.9033203125
557,0.32,0.21484375
557,0.3,0.005859375
558,0.36,0.9619140625
558,0.33999999999999997,0.8671875
558,0.32,0.08203125
558,0.3,0.0
559,0.36,0.9609375
559,0.33999999999999997,0.888671875
559,0.32,0.06640625
559,0.3,0.0
560,0.36,0.9697265625
560,0.33999999999999997,0.9052734375
560,0.32,0.037109375
560,0.3,0.0
561,0.36,0.966796875
561,0.33999999999999997,0.87109375
561,0.32,0.142578125
561,0.3,0.0
562,0.36,0.9560546875
562,0.33999999999999997,0.9072265625
562,0.32,0.0703125
562,0.3,0.0
563,0.36,0.96875
563,0.33999999999999997,0.908203125
563,0.32,0.0947265625
563,0.3,0.0
564,0.36,0.9619140625
564,0.33999999999999997,0.9140625
564,0.32,0.0
564,0.3,0.0
565,0.36,0.96484375
565,0.33999999999999997,0.87890625
565,0.32,0.0771484375
565,0.3,0.0
566,0.36,0.9619140625
566,0.33999999999999997,0.875
566,0.32,0.19921875
566,0.3,0.0
567,0.36,0.9716796875
567,0.33999999999999997,0.8935546875
567,0.32,0.1708984375
567,0.3,0.0
568,0.36,0.9736328125
568,0.33999999999999997,0.888671875
568,0.32,0.0
568,0.3,0.0029296875
569,0.36,0.96875
569,0.33999999999999997,0.8818359375
569,0.32,0.05078125
569,0.3,0.0
570,0.36,0.9716796875
570,0.33999999999999997,0.8740234375
570,0.32,0.2392578125
570,0.3,0.0
571,0.36,0.9736328125
571,0.33999999999999997,0.826171875
571,0.32,0.0927734375
571,0.3,0.0
572,0.36,0.9658203125
572,0.33999999999999997,0.8955078125
572,0.32,0.1298828125
572,0.3,0.0
573,0.36,0.962890625
573,0.33999999999999997,0.8935546875
573,0.32,0.115234375
573,0.3,0.0
574,0.36,0.9619140625
574,0.33999999999999997,0.8955078125
574,0.32,0.0087890625
574,0.3,0.0
575,0.36,0.96484375
575,0.33999999999999997,0.8232421875
575,0.32,0.091796875
575,0.3,0.0
576,0.36,0.96875
576,0.33999999999999997,0.8974609375
576,0.32,0.0283203125
576,0.3,0.0068359375
577,0.36,0.96875
577,0.33999999999999997,0.890625
577,0.32,0.0654296875
577,0.3,0.0
578,0.36,0.9677734375
578,0.33999999999999997,0.859375
578,0.32,0.0751953125
578,0.3,0.0
579,0.36,0.95703125
579,0.33999999999999997,0.900390625
579,0.32,0.1240234375
579,0.3,0.0
580,0.36,0.9658203125
580,0.33999999999999997,0.85546875
580,0.32,0.0576171875
580,0.3,0.0
581,0.36,0.9638671875
581,0.33999999999999997,0.859375
581,0.32,0.0556640625
581,0.3,0.0
582,0.36,0.9609375
582,0.33999999999999997,0.8896484375
582,0.32,0.009765625
582,0.3,0.0
583,0.36,0.96484375
583,0.33999999999999997,0.890625
583,0.32,0.0146484375
583,0.3,0.0
584,0.36,0.96875
584,0.33999999999999997,0.8662109375
584,0.32,0.2685546875
584,0.3,0.0
585,0.36,0.9755859375
585,0.33999999999999997,0.8720703125
585,0.32,0.193359375
585,0.3,0.0
586,0.36,0.9697265625
586,0.33999999999999997,0.8916015625
586,0.32,0.28125
586,0.3,0.0
587,0.36,0.9677734375
587,0.33999999999999997,0.8623046875
587,0.32,0.052734375
587,0.3,0.0
588,0.36,0.9609375
588,0.33999999999999997,0.88671875
588,0.32,0.033203125
588,0.3,0.0
589,0.36,0.9677734375
589,0.33999999999999997,0.8857421875
589,0.32,0.1767578125
589,0.3,0.0
590,0.36,0.94921875
590,0.33999999999999997,0.8681640625
590,0.32,0.263671875
590,0.3,0.0
591,0.36,0.9716796875
591,0.33999999999999997,0.892578125
591,0.32,0.0146484375
591,0.3,0.0
592,0.36,0.9638671875
592,0.33999999999999997,0.86328125
592,0.32,0.25
592,0.3,0.0
593,0.36,0.97265625
593,0.33999999999999997,0.890625
593,0.32,0.0458984375
593,0.3,0.0
594,0.36,0.9755859375
594,0.33999999999999997,0.8759765625
594,0.32,0.189453125
594,0.3,0.0
595,0.36,0.9677734375
595,0.33999999999999997,0.8916015625
595,0.32,0.091796875
595,0.3,0.0048828125
596,0.36,0.9638671875
596,0.33999999999999997,0.8603515625
596,0.32,0.1953125
596,0.3,0.0
597,0.36,0.97265625
597,0.33999999999999997,0.87890625
597,0.32,0.0087890625
597,0.3,0.00390625
598,0.36,0.9638671875
598,0.33999999999999997,0.8642578125
598,0.32,0.0703125
598,0.3,0.0
599,0.36,0.962890625
599,0.33999999999999997,0.85546875
599,0.32,0.0849609375
599,0.3,0.0078125
600,0.36,0.962890625
600,0.33999999999999997,0.892578125
600,0.32,0.0263671875
600,0.3,0.0
601,0.36,0.974609375
601,0.33999999999999997,0.880859375
601,0.32,0.2197265625
601,0.3,0.0
602,0.36,0.9619140625
602,0.33999999999999997,0.8798828125
602,0.32,0.1455078125
602,0.3,0.0
603,0.36,0.9560546875
603,0.33999999999999997,0.904296875
603,0.32,0.1171875
603,0.3,0.0
604,0.36,0.96875
604,0.33999999999999997,0.8779296875
604,0.32,0.0859375
604,0.3,0.0
605,0.36,0.9609375
605,0.33999999999999997,0.873046875
605,0.32,0.1337890625
605,0.3,0.0
606,0.36,0.9677734375
606,0.33999999999999997,0.8701171875
606,0.32,0.0908203125
606,0.3,0.0
607,0.36,0.9658203125
607,0.33999999999999997,0.9013671875
607,0.32,0.1015625
607,0.3,0.0
608,0.36,0.96484375
608,0.33999999999999997,0.8798828125
608,0.32,0.1708984375
608,0.3,0.0
609,0.36,0.970703125
609,0.33999999999999997,0.890625
609,0.32,0.078125
609,0.3,0.0
610,0.36,0.96484375
610,0.33999999999999997,0.87890625
610,0.32,0.1591796875
610,0.3,0.0
611,0.36,0.966796875
611,0.33999999999999997,0.869140625
611,0.32,0.0146484375
611,0.3,0.0
612,0.36,0.96875
612,0.33999999999999997,0.892578125
612,0.32,0.0
612,0.3,0.0
613,0.36,0.9658203125
613,0.33999999999999997,0.8916015625
613,0.32,0.146484375
613,0.3,0.0
614,0.36,0.9580078125
614,0.33999999999999997,0.9072265625
614,0.32,0.080078125
614,0.3,0.0
615,0.36,0.9677734375
615,0.33999999999999997,0.8837890625
615,0.32,0.076171875
615,0.3,0.0
616,0.36,0.9677734375
616,0.33999999999999997,0.8818359375
616,0.32,0.130859375
616,0.3,0.0
617,0.36,0.9697265625
617,0.33999999999999997,0.8681640625
617,0.32,0.12109375
617,0.3,0.0
618,0.36,0.9736328125
618,0.33999999999999997,0.8984375
618,0.32,0.1318359375
618,0.3,0.0
619,0.36,0.9697265625
619,0.33999999999999997,0.8974609375
619,0.32,0.0791015625
619,0.3,0.0
620,0.36,0.9599609375
620,0.33999999999999997,0.8955078125
620,0.32,0.1103515625
620,0.3,0.0
621,0.36,0.9580078125
621,0.33999999999999997,0.8974609375
621,0.32,0.0
621,0.3,0.0
622,0.36,0.96484375
622,0.33999999999999997,0.884765625
622,0.32,0.0
622,0.3,0.0
623,0.36,0.962890625
623,0.33999999999999997,0.8876953125
623,0.32,0.0
623,0.3,0.0
624,0.36,0.9580078125
624,0.33999999999999997,0.8935546875
624,0.32,0.1435546875
624,0.3,0.0
625,0.36,0.9541015625
625,0.33999999999999997,0.89453125
625,0.32,0.111328125
625,0.3,0.0
626,0.36,0.9716796875
626,0.33999999999999997,0.861328125
626,0.32,0.0
626,0.3,0.0
627,0.36,0.9638671875
627,0.33999999999999997,0.93359375
627,0.32,0.1494140625
627,0.3,0.0
628,0.36,0.96484375
628,0.33999999999999997,0.888671875
628,0.32,0.0
628,0.3,0.0
629,0.36,0.96875
629,0.33999999999999997,0.888671875
629,0.32,0.0703125
629,0.3,0.0
630,0.36,0.962890625
630,0.33999999999999997,0.8720703125
630,0.32,0.044921875
630,0.3,0.0
631,0.36,0.9697265625
631,0.33999999999999997,0.88671875
631,0.32,0.1806640625
631,0.3,0.0
632,0.36,0.958984375
632,0.33999999999999997,0.8798828125
632,0.32,0.103515625
632,0.3,0.0
633,0.36,0.9697265625
633,0.33999999999999997,0.8857421875
633,0.32,0.0390625
633,0.3,0.0
634,0.36,0.96484375
634,0.33999999999999997,0.859375
634,0.32,0.0419921875
634,0.3,0.0
635,0.36,0.953125
635,0.33999999999999997,0.90234375
635,0.32,0.107421875
635,0.3,0.00390625
636,0.36,0.966796875
636,0.33999999999999997,0.8896484375
636,0.32,0.14453125
636,0.3,0.0
637,0.36,0.96875
637,0.33999999999999997,0.8681640625
637,0.32,0.30078125
637,0.3,0.0009765625
638,0.36,0.962890625
638,0.33999999999999997,0.8671875
638,0.32,0.078125
638,0.3,0.001953125
639,0.36,0.9697265625
639,0.33999999999999997,0.869140625
639,0.32,0.017578125
639,0.3,0.0087890625
640,0.36,0.9677734375
640,0.33999999999999997,0.8623046875
640,0.32,0.046875
640,0.3,0.0
641,0.36,0.9609375
641,0.33999999999999997,0.8896484375
641,0.32,0.0849609375
641,0.3,0.0
642,0.36,0.9697265625
642,0.33999999999999997,0.861328125
642,0.32,0.0947265625
642,0.3,0.0
643,0.36,0.966796875
643,0.33999999999999997,0.8916015625
643,0.32,0.169921875
643,0.3,0.0
644,0.36,0.966796875
644,0.33999999999999997,0.8525390625
644,0.32,0.00390625
644,0.3,0.0
645,0.36,0.9599609375
645,0.33999999999999997,0.8740234375
645,0.32,0.1767578125
645,0.3,0.0
646,0.36,0.9521484375
646,0.33999999999999997,0.896484375
646,0.32,0.1220703125
646,0.3,0.0
647,0.36,0.9560546875
647,0.33999999999999997,0.859375
647,0.32,0.0
647,0.3,0.0
648,0.36,0.96875
648,0.33999999999999997,0.86328125
648,0.32,0.0732421875
648,0.3,0.0
649,0.36,0.9677734375
649,0.33999999999999997,0.9111328125
649,0.32,0.0
649,0.3,0.0
650,0.36,0.9638671875
650,0.33999999999999997,0.8876953125
650,0.32,0.083984375
650,0.3,0.0
651,0.36,0.9599609375
651,0.33999999999999997,0.8955078125
651,0.32,0.0537109375
651,0.3,0.0
652,0.36,0.953125
652,0.33999999999999997,0.896484375
652,0.32,0.0361328125
652,0.3,0.0
653,0.36,0.951171875
653,0.33999999999999997,0.9033203125
653,0.32,0.056640625
653,0.3,0.0
654,0.36,0.95703125
654,0.33999999999999997,0.892578125
654,0.32,0.0224609375
654,0.3,0.0
655,0.36,0.96484375
655,0.33999999999999997,0.8642578125
655,0.32,0.0751953125
655,0.3,0.0
656,0.36,0.958984375
656,0.33999999999999997,0.8828125
656,0.32,0.173828125
656,0.3,0.0
657,0.36,0.9658203125
657,0.33999999999999997,0.857421875
657,0.32,0.0419921875
657,0.3,0.0
658,0.36,0.966796875
658,0.33999999999999997,0.8896484375
658,0.32,0.0673828125
658,0.3,0.0
659,0.36,0.98046875
659,0.33999999999999997,0.8759765625
659,0.32,0.1142578125
659,0.3,0.0
660,0.36,0.9736328125
660,0.33999999999999997,0.896484375
660,0.32,0.1171875
660,0.3,0.0
661,0.36,0.958984375
661,0.33999999999999997,0.8837890625
661,0.32,0.154296875
661,0.3,0.0
662,0.36,0.9609375
662,0.33999999999999997,0.8466796875
662,0.32,0.16796875
662,0.3,0.0
663,0.36,0.966796875
663,0.33999999999999997,0.849609375
663,0.32,0.24609375
663,0.3,0.0
664,0.36,0.9580078125
664,0.33999999999999997,0.900390625
664,0.32,0.0
664,0.3,0.0
665,0.36,0.9716796875
665,0.33999999999999997,0.8935546875
665,0.32,0.2939453125
665,0.3,0.0
666,0.36,0.9736328125
666,0.33999999999999997,0.8857421875
666,0.32,0.0
666,0.3,0.0
667,0.36,0.970703125
667,0.33999999999999997,0.888671875
667,0.32,0.1064453125
667,0.3,0.0
668,0.36,0.9638671875
668,0.33999999999999997,0.8779296875
668,0.32,0.087890625
668,0.3,0.0068359375
669,0.36,0.9609375
669,0.33999999999999997,0.8740234375
669,0.32,0.0458984375
669,0.3,0.0
670,0.36,0.96875
670,0.33999999999999997,0.875
670,0.32,0.10546875
670,0.3,0.0
671,0.36,0.95703125
671,0.33999999999999997,0.8857421875
671,0.32,0.0029296875
671,0.3,0.0078125
672,0.36,0.9560546875
672,0.33999999999999997,0.89453125
672,0.32,0.0
672,0.3,0.0
673,0.36,0.9736328125
673,0.33999999999999997,0.861328125
673,0.32,0.115234375
673,0.3,0.0
674,0.36,0.9716796875
674,0.33999999999999997,0.859375
674,0.32,0.087890625
674,0.3,0.0
675,0.36,0.98046875
675,0.33999999999999997,0.8974609375
675,0.32,0.0751953125
675,0.3,0.0
676,0.36,0.9638671875
676,0.33999999999999997,0.859375
676,0.32,0.021484375
676,0.3,0.0
677,0.36,0.9638671875
677,0.33999999999999997,0.8984375
677,0.32,0.09765625
677,0.3,0.0
678,0.36,0.97265625
678,0.33999999999999997,0.8720703125
678,0.32,0.0498046875
678,0.3,0.0
679,0.36,0.966796875
679,0.33999999999999997,0.880859375
679,0.32,0.0986328125
679,0.3,0.0
680,0.36,0.9638671875
680,0.33999999999999997,0.8984375
680,0.32,0.107421875
680,0.3,0.0
681,0.36,0.9521484375
681,0.33999999999999997,0.8984375
681,0.32,0.0107421875
681,0.3,0.0
682,0.36,0.9501953125
682,0.33999999999999997,0.861328125
682,0.32,0.1494140625
682,0.3,0.0
683,0.36,0.958984375
683,0.33999999999999997,0.8720703125
683,0.32,0.0
683,0.3,0.0
684,0.36,0.953125
684,0.33999999999999997,0.8935546875
684,0.32,0.0
684,0.3,0.0
685,0.36,0.96875
685,0.33999999999999997,0.876953125
685,0.32,0.0458984375
685,0.3,0.0
686,0.36,0.9716796875
686,0.33999999999999997,0.892578125
686,0.32,0.0029296875
686,0.3,0.009765625
687,0.36,0.9677734375
687,0.33999999999999997,0.880859375
687,0.32,0.048828125
687,0.3,0.0
688,0.36,0.9736328125
688,0.33999999999999997,0.8984375
688,0.32,0.0576171875
688,0.3,0.0
689,0.36,0.96484375
689,0.33999999999999997,0.8798828125
689,0.32,0.1650390625
689,0.3,0.0
690,0.36,0.974609375
690,0.33999999999999997,0.87890625
690,0.32,0.0576171875
690,0.3,0.001953125
691,0.36,0.9814453125
691,0.33999999999999997,0.8935546875
691,0.32,0.0126953125
691,0.3,0.0
692,0.36,0.9677734375
692,0.33999999999999997,0.8857421875
692,0.32,0.28515625
692,0.3,0.0
693,0.36,0.9638671875
693,0.33999999999999997,0.8935546875
693,0.32,0.1796875
693,0.3,0.0
694,0.36,0.9609375
694,0.33999999999999997,0.896484375
694,0.32,0.1962890625
694,0.3,0.0
695,0.36,0.962890625
695,0.33999999999999997,0.859375
695,0.32,0.111328125
695,0.3,0.0126953125
696,0.36,0.9521484375
696,0.33999999999999997,0.9033203125
696,0.32,0.1220703125
696,0.3,0.0
697,0.36,0.96484375
697,0.33999999999999997,0.8935546875
697,0.32,0.078125
697,0.3,0.0
698,0.36,0.9755859375
698,0.33999999999999997,0.919921875
698,0.32,0.0751953125
698,0.3,0.0
699,0.36,0.962890625
699,0.33999999999999997,0.8857421875
699,0.32,0.0
699,0.3,0.0
700,0.36,0.97265625
700,0.33999999999999997,0.8681640625
700,0.32,0.0
700,0.3,0.0
701,0.36,0.9619140625
701,0.33999999999999997,0.888671875
701,0.32,0.087890625
701,0.3,0.0
702,0.36,0.9619140625
702,0.33999999999999997,0.8720703125
702,0.32,0.0361328125
702,0.3,0.0009765625
703,0.36,0.9609375
703,0.33999999999999997,0.890625
703,0.32,0.248046875
703,0.3,0.0
704,0.36,0.97265625
704,0.33999999999999997,0.8671875
704,0.32,0.263671875
704,0.3,0.0
705,0.36,0.966796875
705,0.33999999999999997,0.8935546875
705,0.32,0.0654296875
705,0.3,0.0
706,0.36,0.9658203125
706,0.33999999999999997,0.9072265625
706,0.32,0.064453125
706,0.3,0.0
707,0.36,0.96484375
707,0.33999999999999997,0.9267578125
707,0.32,0.0283203125
707,0.3,0.0
708,0.36,0.9677734375
708,0.33999999999999997,0.8857421875
708,0.32,0.2509765625
708,0.3,0.0
709,0.36,0.9599609375
709,0.33999999999999997,0.9130859375
709,0.32,0.171875
709,0.3,0.0
710,0.36,0.9775390625
710,0.33999999999999997,0.8740234375
710,0.32,0.05078125
710,0.3,0.0
711,0.36,0.9609375
711,0.33999999999999997,0.8935546875
711,0.32,0.048828125
711,0.3,0.0068359375
712,0.36,0.96484375
712,0.33999999999999997,0.87890625
712,0.32,0.046875
712,0.3,0.0
713,0.36,0.9794921875
713,0.33999999999999997,0.8837890625
713,0.32,0.0615234375
713,0.3,0.0
714,0.36,0.9638671875
714,0.33999999999999997,0.890625
714,0.32,0.0810546875
714,0.3,0.0
715,0.36,0.9677734375
715,0.33999999999999997,0.8623046875
715,0.32,0.0205078125
715,0.3,0.0
716,0.36,0.966796875
716,0.33999999999999997,0.8896484375
716,0.32,0.0966796875
716,0.3,0.0
717,0.36,0.966796875
717,0.33999999999999997,0.9072265625
717,0.32,0.0
717,0.3,0.0
718,0.36,0.9638671875
718,0.33999999999999997,0.873046875
718,0.32,0.0546875
718,0.3,0.0
719,0.36,0.970703125
719,0.33999999999999997,0.8642578125
719,0.32,0.06640625
719,0.3,0.0
720,0.36,0.9541015625
720,0.33999999999999997,0.8818359375
720,0.32,0.046875
720,0.3,0.0078125
721,0.36,0.96875
721,0.33999999999999997,0.865234375
721,0.32,0.0146484375
721,0.3,0.0
722,0.36,0.97265625
722,0.33999999999999997,0.8779296875
722,0.32,0.03515625
722,0.3,0.00390625
723,0.36,0.9638671875
723,0.33999999999999997,0.890625
723,0.32,0.1376953125
723,0.3,0.0
724,0.36,0.9462890625
724,0.33999999999999997,0.8935546875
724,0.32,0.126953125
724,0.3,0.0068359375
725,0.36,0.9765625
725,0.33999999999999997,0.869140625
725,0.32,0.1484375
725,0.3,0.0
726,0.36,0.970703125
726,0.33999999999999997,0.8681640625
726,0.32,0.033203125
726,0.3,0.0
727,0.36,0.97265625
727,0.33999999999999997,0.8603515625
727,0.32,0.05859375
727,0.3,0.0
728,0.36,0.96484375
728,0.33999999999999997,0.8798828125
728,0.32,0.07421875
728,0.3,0.0
729,0.36,0.9677734375
729,0.33999999999999997,0.880859375
729,0.32,0.2412109375
729,0.3,0.0
730,0.36,0.96484375
730,0.33999999999999997,0.875
730,0.32,0.119140625
730,0.3,0.0
731,0.36,0.974609375
731,0.33999999999999997,0.916015625
731,0.32,0.21484375
731,0.3,0.0
732,0.36,0.9736328125
732,0.33999999999999997,0.8818359375
732,0.32,0.1416015625
732,0.3,0.0
733,0.36,0.9609375
733,0.33999999999999997,0.8896484375
733,0.32,0.1318359375
733,0.3,0.0
734,0.36,0.9638671875
734,0.33999999999999997,0.8955078125
734,0.32,0.076171875
734,0.3,0.0087890625
735,0.36,0.958984375
735,0.33999999999999997,0.8740234375
735,0.32,0.0400390625
735,0.3,0.0
736,0.36,0.9658203125
736,0.33999999999999997,0.8583984375
736,0.32,0.0625
736,0.3,0.0068359375
737,0.36,0.95703125
737,0.33999999999999997,0.9169921875
737,0.32,0.076171875
737,0.3,0.0
738,0.36,0.9658203125
738,0.33999999999999997,0.89453125
738,0.32,0.05859375
738,0.3,0.0
739,0.36,0.9541015625
739,0.33999999999999997,0.9052734375
739,0.32,0.0966796875
739,0.3,0.0
740,0.36,0.974609375
740,0.33999999999999997,0.859375
740,0.32,0.130859375
740,0.3,0.0
741,0.36,0.9521484375
741,0.33999999999999997,0.900390625
741,0.32,0.1416015625
741,0.3,0.0
742,0.36,0.96875
742,0.33999999999999997,0.873046875
742,0.32,0.111328125
742,0.3,0.0
743,0.36,0.9765625
743,0.33999999999999997,0.873046875
743,0.32,0.1328125
743,0.3,0.0
744,0.36,0.9716796875
744,0.33999999999999997,0.869140625
744,0.32,0.0263671875
744,0.3,0.0
745,0.36,0.96484375
745,0.33999999999999997,0.900390625
745,0.32,0.15625
745,0.3,0.0
746,0.36,0.962890625
746,0.33999999999999997,0.884765625
746,0.32,0.0078125
746,0.3,0.0
747,0.36,0.9638671875
747,0.33999999999999997,0.8759765625
747,0.32,0.1865234375
747,0.3,0.0
748,0.36,0.958984375
748,0.33999999999999997,0.8955078125
748,0.32,0.2744140625
748,0.3,0.0
749,0.36,0.958984375
749,0.33999999999999997,0.880859375
749,0.32,0.0703125
749,0.3,0.0
750,0.36,0.9619140625
750,0.33999999999999997,0.8720703125
750,0.32,0.205078125
750,0.3,0.0
751,0.36,0.96875
751,0.33999999999999997,0.8759765625
751,0.32,0.2177734375
751,0.3,0.0
752,0.36,0.9638671875
752,0.33999999999999997,0.8662109375
752,0.32,0.0
752,0.3,0.0
753,0.36,0.9765625
753,0.33999999999999997,0.865234375
753,0.32,0.09765625
753,0.3,0.0029296875
754,0.36,0.98046875
754,0.33999999999999997,0.8955078125
754,0.32,0.0576171875
754,0.3,0.0
755,0.36,0.9580078125
755,0.33999999999999997,0.861328125
755,0.32,0.2041015625
755,0.3,0.0
756,0.36,0.9580078125
756,0.33999999999999997,0.8408203125
756,0.32,0.0146484375
756,0.3,0.0
757,0.36,0.9736328125
757,0.33999999999999997,0.9013671875
757,0.32,0.041015625
757,0.3,0.0
758,0.36,0.958984375
758,0.33999999999999997,0.8515625
758,0.32,0.087890625
758,0.3,0.0107421875
759,0.36,0.9716796875
759,0.33999999999999997,0.890625
759,0.32,0.0419921875
759,0.3,0.0
760,0.36,0.9697265625
760,0.33999999999999997,0.8916015625
760,0.32,0.095703125
760,0.3,0.0
761,0.36,0.966796875
761,0.33999999999999997,0.912109375
761,0.32,0.0166015625
761,0.3,0.0
762,0.36,0.96484375
762,0.33999999999999997,0.86328125
762,0.32,0.080078125
762,0.3,0.0
763,0.36,0.96875
763,0.33999999999999997,0.890625
763,0.32,0.2158203125
763,0.3,0.0
764,0.36,0.966796875
764,0.33999999999999997,0.9033203125
764,0.32,0.07421875
764,0.3,0.0
765,0.36,0.96484375
765,0.33999999999999997,0.87109375
765,0.32,0.197265625
765,0.3,0.0
766,0.36,0.96484375
766,0.33999999999999997,0.9169921875
766,0.32,0.130859375
766,0.3,0.0
767,0.36,0.9677734375
767,0.33999999999999997,0.8759765625
767,0.32,0.0458984375
767,0.3,0.0
768,0.36,0.9580078125
768,0.33999999999999997,0.89453125
768,0.32,0.029296875
768,0.3,0.0
769,0.36,0.9619140625
769,0.33999999999999997,0.8818359375
769,0.32,0.080078125
769,0.3,0.0
770,0.36,0.97265625
770,0.33999999999999997,0.88671875
770,0.32,0.0888671875
770,0.3,0.0
771,0.36,0.97265625
771,0.33999999999999997,0.876953125
771,0.32,0.080078125
771,0.3,0.0
772,0.36,0.962890625
772,0.33999999999999997,0.8935546875
772,0.32,0.0712890625
772,0.3,0.0
773,0.36,0.96484375
773,0.33999999999999997,0.8759765625
773,0.32,0.0810546875
773,0.3,0.0
774,0.36,0.9697265625
774,0.33999999999999997,0.873046875
774,0.32,0.0
774,0.3,0.0
775,0.36,0.962890625
775,0.33999999999999997,0.8662109375
775,0.32,0.0751953125
775,0.3,0.0
776,0.36,0.9765625
776,0.33999999999999997,0.8876953125
776,0.32,0.021484375
776,0.3,0.0
777,0.36,0.9716796875
777,0.33999999999999997,0.8837890625
777,0.32,0.1396484375
777,0.3,0.0
778,0.36,0.9677734375
778,0.33999999999999997,0.8896484375
778,0.32,0.3564453125
778,0.3,0.0
779,0.36,0.9697265625
779,0.33999999999999997,0.8759765625
779,0.32,0.015625
779,0.3,0.0
780,0.36,0.955078125
780,0.33999999999999997,0.8779296875
780,0.32,0.0869140625
780,0.3,0.0
781,0.36,0.9658203125
781,0.33999999999999997,0.884765625
781,0.32,0.12890625
781,0.3,0.0
782,0.36,0.9462890625
782,0.33999999999999997,0.9052734375
782,0.32,0.0263671875
782,0.3,0.0
783,0.36,0.9638671875
783,0.33999999999999997,0.892578125
783,0.32,0.0146484375
783,0.3,0.0
784,0.36,0.9609375
784,0.33999999999999997,0.896484375
784,0.32,0.0361328125
784,0.3,0.0
785,0.36,0.9619140625
785,0.33999999999999997,0.888671875
785,0.32,0.078125
785,0.3,0.0
786,0.36,0.9697265625
786,0.33999999999999997,0.8857421875
786,0.32,0.1494140625
786,0.3,0.0
787,0.36,0.9580078125
787,0.33999999999999997,0.8896484375
787,0.32,0.1484375
787,0.3,0.0009765625
788,0.36,0.9580078125
788,0.33999999999999997,0.896484375
788,0.32,0.021484375
788,0.3,0.0
789,0.36,0.9560546875
789,0.33999999999999997,0.890625
789,0.32,0.0712890625
789,0.3,0.0
790,0.36,0.9619140625
790,0.33999999999999997,0.90234375
790,0.32,0.1962890625
790,0.3,0.0
791,0.36,0.9609375
791,0.33999999999999997,0.900390625
791,0.32,0.166015625
791,0.3,0.0
792,0.36,0.9716796875
792,0.33999999999999997,0.888671875
792,0.32,0.048828125
792,0.3,0.0
793,0.36,0.970703125
793,0.33999999999999997,0.896484375
793,0.32,0.2197265625
793,0.3,0.0
794,0.36,0.9580078125
794,0.33999999999999997,0.8935546875
794,0.32,0.03515625
794,0.3,0.0
795,0.36,0.958984375
795,0.33999999999999997,0.89453125
795,0.32,0.0546875
795,0.3,0.0
796,0.36,0.9775390625
796,0.33999999999999997,0.888671875
796,0.32,0.0419921875
796,0.3,0.0
797,0.36,0.9677734375
797,0.33999999999999997,0.8779296875
797,0.32,0.013671875
797,0.3,0.0
798,0.36,0.96875
798,0.33999999999999997,0.85546875
798,0.32,0.0380859375
798,0.3,0.0
799,0.36,0.96484375
799,0.33999999999999997,0.8974609375
799,0.32,0.2421875
799,0.3,0.0
800,0.36,0.97265625
800,0.33999999999999997,0.8876953125
800,0.32,0.0556640625
800,0.3,0.0
801,0.36,0.962890625
801,0.33999999999999997,0.884765625
801,0.32,0.09375
801,0.3,0.0
802,0.36,0.9658203125
802,0.33999999999999997,0.8994140625
802,0.32,0.1474609375
802,0.3,0.0
803,0.36,0.97265625
803,0.33999999999999997,0.8955078125
803,0.32,0.0
803,0.3,0.0
804,0.36,0.966796875
804,0.33999999999999997,0.8896484375
804,0.32,0.1494140625
804,0.3,0.0
805,0.36,0.97265625
805,0.33999999999999997,0.876953125
805,0.32,0.015625
805,0.3,0.0
806,0.36,0.96875
806,0.33999999999999997,0.8955078125
806,0.32,0.0419921875
806,0.3,0.0
807,0.36,0.96875
807,0.33999999999999997,0.890625
807,0.32,0.3564453125
807,0.3,0.0
808,0.36,0.97265625
808,0.33999999999999997,0.888671875
808,0.32,0.3017578125
808,0.3,0.0
809,0.36,0.96484375
809,0.33999999999999997,0.8818359375
809,0.32,0.0869140625
809,0.3,0.0
810,0.36,0.9765625
810,0.33999999999999997,0.8955078125
810,0.32,0.087890625
810,0.3,0.0
811,0.36,0.97265625
811,0.33999999999999997,0.890625
811,0.32,0.087890625
811,0.3,0.0
812,0.36,0.9619140625
812,0.33999999999999997,0.8994140625
812,0.32,0.0322265625
812,0.3,0.0
813,0.36,0.9677734375
813,0.33999999999999997,0.8974609375
813,0.32,0.162109375
813,0.3,0.0
814,0.36,0.9716796875
814,0.33999999999999997,0.884765625
814,0.32,0.05078125
814,0.3,0.0
815,0.36,0.9658203125
815,0.33999999999999997,0.8486328125
815,0.32,0.1455078125
815,0.3,0.0
816,0.36,0.97265625
816,0.33999999999999997,0.9052734375
816,0.32,0.01171875
816,0.3,0.0
817,0.36,0.962890625
817,0.33999999999999997,0.8828125
817,0.32,0.2724609375
817,0.3,0.0068359375
818,0.36,0.9677734375
818,0.33999999999999997,0.85546875
818,0.32,0.0751953125
818,0.3,0.0
819,0.36,0.978515625
819,0.33999999999999997,0.892578125
819,0.32,0.0947265625
819,0.3,0.0
820,0.36,0.96484375
820,0.33999999999999997,0.8779296875
820,0.32,0.279296875
820,0.3,0.0
821,0.36,0.9638671875
821,0.33999999999999997,0.8857421875
821,0.32,0.0166015625
821,0.3,0.0
822,0.36,0.9697265625
822,0.33999999999999997,0.875
822,0.32,0.0341796875
822,0.3,0.0
823,0.36,0.9716796875
823,0.33999999999999997,0.908203125
823,0.32,0.0400390625
823,0.3,0.0
824,0.36,0.9560546875
824,0.33999999999999997,0.8515625
824,0.32,0.3291015625
824,0.3,0.0
825,0.36,0.96484375
825,0.33999999999999997,0.849609375
825,0.32,0.0244140625
825,0.3,0.0
826,0.36,0.9609375
826,0.33999999999999997,0.8779296875
826,0.32,0.1015625
826,0.3,0.0
827,0.36,0.9765625
827,0.33999999999999997,0.888671875
827,0.32,0.037109375
827,0.3,0.0
828,0.36,0.96875
828,0.33999999999999997,0.888671875
828,0.32,0.2099609375
828,0.3,0.0048828125
829,0.36,0.962890625
829,0.33999999999999997,0.8798828125
829,0.32,0.068359375
829,0.3,0.0
830,0.36,0.962890625
830,0.33999999999999997,0.865234375
830,0.32,0.013671875
830,0.3,0.0
831,0.36,0.9638671875
831,0.33999999999999997,0.87109375
831,0.32,0.0341796875
831,0.3,0.0
832,0.36,0.9599609375
832,0.33999999999999997,0.892578125
832,0.32,0.0634765625
832,0.3,0.0068359375
833,0.36,0.9677734375
833,0.33999999999999997,0.8984375
833,0.32,0.0185546875
833,0.3,0.0
834,0.36,0.9599609375
834,0.33999999999999997,0.896484375
834,0.32,0.0869140625
834,0.3,0.0
835,0.36,0.9765625
835,0.33999999999999997,0.91796875
835,0.32,0.0751953125
835,0.3,0.0
836,0.36,0.9658203125
836,0.33999999999999997,0.87890625
836,0.32,0.0615234375
836,0.3,0.0
837,0.36,0.96484375
837,0.33999999999999997,0.892578125
837,0.32,0.0224609375
837,0.3,0.0
838,0.36,0.9609375
838,0.33999999999999997,0.8818359375
838,0.32,0.21875
838,0.3,0.0
839,0.36,0.9755859375
839,0.33999999999999997,0.875
839,0.32,0.1123046875
839,0.3,0.0029296875
840,0.36,0.9716796875
840,0.33999999999999997,0.8994140625
840,0.32,0.359375
840,0.3,0.0
841,0.36,0.96484375
841,0.33999999999999997,0.8798828125
841,0.32,0.0947265625
841,0.3,0.0
842,0.36,0.9609375
842,0.33999999999999997,0.8681640625
842,0.32,0.1689453125
842,0.3,0.0
843,0.36,0.9697265625
843,0.33999999999999997,0.880859375
843,0.32,0.13671875
843,0.3,0.0
844,0.36,0.958984375
844,0.33999999999999997,0.8583984375
844,0.32,0.3017578125
844,0.3,0.0
845,0.36,0.9560546875
845,0.33999999999999997,0.8837890625
845,0.32,0.0283203125
845,0.3,0.0
846,0.36,0.9609375
846,0.33999999999999997,0.892578125
846,0.32,0.025390625
846,0.3,0.0
847,0.36,0.9658203125
847,0.33999999999999997,0.900390625
847,0.32,0.09375
847,0.3,0.0
848,0.36,0.958984375
848,0.33999999999999997,0.90625
848,0.32,0.0810546875
848,0.3,0.0
849,0.36,0.951171875
849,0.33999999999999997,0.900390625
849,0.32,0.125
849,0.3,0.0
850,0.36,0.962890625
850,0.33999999999999997,0.8720703125
850,0.32,0.0
850,0.3,0.0
851,0.36,0.955078125
851,0.33999999999999997,0.9033203125
851,0.32,0.02734375
851,0.3,0.0
852,0.36,0.96875
852,0.33999999999999997,0.9111328125
852,0.32,0.0771484375
852,0.3,0.0
853,0.36,0.9658203125
853,0.33999999999999997,0.9072265625
853,0.32,0.0390625
853,0.3,0.00390625
854,0.36,0.9677734375
854,0.33999999999999997,0.87890625
854,0.32,0.1240234375
854,0.3,0.0
855,0.36,0.9638671875
855,0.33999999999999997,0.8466796875
855,0.32,0.2138671875
855,0.3,0.0
856,0.36,0.974609375
856,0.33999999999999997,0.876953125
856,0.32,0.0126953125
856,0.3,0.0
857,0.36,0.9580078125
857,0.33999999999999997,0.91015625
857,0.32,0.072265625
857,0.3,0.0
858,0.36,0.9599609375
858,0.33999999999999997,0.8759765625
858,0.32,0.025390625
858,0.3,0.0
859,0.36,0.9794921875
859,0.33999999999999997,0.88671875
859,0.32,0.208984375
859,0.3,0.0
860,0.36,0.966796875
860,0.33999999999999997,0.904296875
860,0.32,0.0205078125
860,0.3,0.0
861,0.36,0.955078125
861,0.33999999999999997,0.912109375
861,0.32,0.0
861,0.3,0.0
862,0.36,0.9560546875
862,0.33999999999999997,0.89453125
862,0.32,0.0830078125
862,0.3,0.0
863,0.36,0.9609375
863,0.33999999999999997,0.89453125
863,0.32,0.1689453125
863,0.3,0.0
864,0.36,0.96484375
864,0.33999999999999997,0.8779296875
864,0.32,0.2314453125
864,0.3,0.0
865,0.36,0.9716796875
865,0.33999999999999997,0.857421875
865,0.32,0.091796875
865,0.3,0.0
866,0.36,0.97265625
866,0.33999999999999997,0.8974609375
866,0.32,0.1083984375
866,0.3,0.0
867,0.36,0.962890625
867,0.33999999999999997,0.890625
867,0.32,0.1298828125
867,0.3,0.0
868,0.36,0.9736328125
868,0.33999999999999997,0.9140625
868,0.32,0.12890625
868,0.3,0.0
869,0.36,0.97265625
869,0.33999999999999997,0.869140625
869,0.32,0.0908203125
869,0.3,0.0
870,0.36,0.9716796875
870,0.33999999999999997,0.884765625
870,0.32,0.185546875
870,0.3,0.0
871,0.36,0.958984375
871,0.33999999999999997,0.8740234375
871,0.32,0.0634765625
871,0.3,0.0
872,0.36,0.9697265625
872,0.33999999999999997,0.8681640625
872,0.32,0.021484375
872,0.3,0.0
873,0.36,0.9736328125
873,0.33999999999999997,0.9130859375
873,0.32,0.0244140625
873,0.3,0.0
874,0.36,0.96875
874,0.33999999999999997,0.875
874,0.32,0.0
874,0.3,0.0
875,0.36,0.962890625
875,0.33999999999999997,0.8916015625
875,0.32,0.0263671875
875,0.3,0.0
876,0.36,0.9609375
876,0.33999999999999997,0.8818359375
876,0.32,0.07421875
876,0.3,0.0
877,0.36,0.9697265625
877,0.33999999999999997,0.8408203125
877,0.32,0.0712890625
877,0.3,0.0
878,0.36,0.9541015625
878,0.33999999999999997,0.875
878,0.32,0.2568359375
878,0.3,0.0
879,0.36,0.9697265625
879,0.33999999999999997,0.8544921875
879,0.32,0.01953125
879,0.3,0.0
880,0.36,0.9560546875
880,0.33999999999999997,0.880859375
880,0.32,0.169921875
880,0.3,0.0
881,0.36,0.966796875
881,0.33999999999999997,0.8876953125
881,0.32,0.1474609375
881,0.3,0.0
882,0.36,0.9599609375
882,0.33999999999999997,0.8818359375
882,0.32,0.0615234375
882,0.3,0.0
883,0.36,0.9521484375
883,0.33999999999999997,0.89453125
883,0.32,0.0224609375
883,0.3,0.0
884,0.36,0.97265625
884,0.33999999999999997,0.8994140625
884,0.32,0.1259765625
884,0.3,0.0
885,0.36,0.9765625
885,0.33999999999999997,0.8828125
885,0.32,0.1337890625
885,0.3,0.0
886,0.36,0.9716796875
886,0.33999999999999997,0.896484375
886,0.32,0.0380859375
886,0.3,0.0
887,0.36,0.9677734375
887,0.33999999999999997,0.857421875
887,0.32,0.0576171875
887,0.3,0.0
888,0.36,0.96484375
888,0.33999999999999997,0.9130859375
888,0.32,0.16015625
888,0.3,0.0
889,0.36,0.9560546875
889,0.33999999999999997,0.9130859375
889,0.32,0.09375
889,0.3,0.001953125
890,0.36,0.9716796875
890,0.33999999999999997,0.8916015625
890,0.32,0.0712890625
890,0.3,0.0
891,0.36,0.9677734375
891,0.33999999999999997,0.892578125
891,0.32,0.0205078125
891,0.3,0.0
892,0.36,0.9619140625
892,0.33999999999999997,0.859375
892,0.32,0.0
892,0.3,0.0
893,0.36,0.9580078125
893,0.33999999999999997,0.8759765625
893,0.32,0.0
893,0.3,0.001953125
894,0.36,0.953125
894,0.33999999999999997,0.8740234375
894,0.32,0.0205078125
894,0.3,0.0009765625
895,0.36,0.958984375
895,0.33999999999999997,0.8662109375
895,0.32,0.0107421875
895,0.3,0.0
896,0.36,0.9580078125
896,0.33999999999999997,0.8759765625
896,0.32,0.1923828125
896,0.3,0.0
897,0.36,0.9638671875
897,0.33999999999999997,0.908203125
897,0.32,0.08984375
897,0.3,0.0
898,0.36,0.9619140625
898,0.33999999999999997,0.88671875
898,0.32,0.2568359375
898,0.3,0.0
899,0.36,0.96875
899,0.33999999999999997,0.8671875
899,0.32,0.130859375
899,0.3,0.0
900,0.36,0.9775390625
900,0.33999999999999997,0.884765625
900,0.32,0.1962890625
900,0.3,0.0
901,0.36,0.9697265625
901,0.33999999999999997,0.9013671875
901,0.32,0.041015625
901,0.3,0.0
902,0.36,0.9697265625
902,0.33999999999999997,0.875
902,0.32,0.08203125
902,0.3,0.0
903,0.36,0.9560546875
903,0.33999999999999997,0.8759765625
903,0.32,0.0615234375
903,0.3,0.0
904,0.36,0.9755859375
904,0.33999999999999997,0.912109375
904,0.32,0.271484375
904,0.3,0.0
905,0.36,0.974609375
905,0.33999999999999997,0.9013671875
905,0.32,0.0283203125
905,0.3,0.0
906,0.36,0.9609375
906,0.33999999999999997,0.8994140625
906,0.32,0.0
906,0.3,0.009765625
907,0.36,0.966796875
907,0.33999999999999997,0.873046875
907,0.32,0.0693359375
907,0.3,0.0
908,0.36,0.9716796875
908,0.33999999999999997,0.8388671875
908,0.32,0.0302734375
908,0.3,0.0
909,0.36,0.9541015625
909,0.33999999999999997,0.8583984375
909,0.32,0.2119140625
909,0.3,0.0
910,0.36,0.9619140625
910,0.33999999999999997,0.876953125
910,0.32,0.0703125
910,0.3,0.0078125
911,0.36,0.96875
911,0.33999999999999997,0.884765625
911,0.32,0.1044921875
911,0.3,0.0
912,0.36,0.97265625
912,0.33999999999999997,0.8681640625
912,0.32,0.05078125
912,0.3,0.0
913,0.36,0.9599609375
913,0.33999999999999997,0.9013671875
913,0.32,0.0537109375
913,0.3,0.0
914,0.36,0.962890625
914,0.33999999999999997,0.8720703125
914,0.32,0.1328125
914,0.3,0.0
915,0.36,0.966796875
915,0.33999999999999997,0.9306640625
915,0.32,0.080078125
915,0.3,0.0
916,0.36,0.9736328125
916,0.33999999999999997,0.865234375
916,0.32,0.138671875
916,0.3,0.0
917,0.36,0.9716796875
917,0.33999999999999997,0.89453125
917,0.32,0.087890625
917,0.3,0.0
918,0.36,0.9716796875
918,0.33999999999999997,0.8828125
918,0.32,0.0283203125
918,0.3,0.0
919,0.36,0.9697265625
919,0.33999999999999997,0.865234375
919,0.32,0.060546875
919,0.3,0.0048828125
920,0.36,0.9716796875
920,0.33999999999999997,0.8740234375
920,0.32,0.0029296875
920,0.3,0.0
921,0.36,0.9677734375
921,0.33999999999999997,0.8681640625
921,0.32,0.017578125
921,0.3,0.0
922,0.36,0.9619140625
922,0.33999999999999997,0.8994140625
922,0.32,0.1376953125
922,0.3,0.0
923,0.36,0.966796875
923,0.33999999999999997,0.8447265625
923,0.32,0.072265625
923,0.3,0.0
924,0.36,0.96875
924,0.33999999999999997,0.880859375
924,0.32,0.0166015625
924,0.3,0.0068359375
925,0.36,0.96484375
925,0.33999999999999997,0.8798828125
925,0.32,0.072265625
925,0.3,0.0
926,0.36,0.974609375
926,0.33999999999999997,0.8896484375
926,0.32,0.1064453125
926,0.3,0.0
927,0.36,0.9658203125
927,0.33999999999999997,0.875
927,0.32,0.1240234375
927,0.3,0.0
928,0.36,0.9609375
928,0.33999999999999997,0.888671875
928,0.32,0.1142578125
928,0.3,0.0
929,0.36,0.97265625
929,0.33999999999999997,0.875
929,0.32,0.033203125
929,0.3,0.0048828125
930,0.36,0.9580078125
930,0.33999999999999997,0.87890625
930,0.32,0.1552734375
930,0.3,0.0
931,0.36,0.97265625
931,0.33999999999999997,0.8935546875
931,0.32,0.0546875
931,0.3,0.0
932,0.36,0.966796875
932,0.33999999999999997,0.880859375
932,0.32,0.201171875
932,0.3,0.0
933,0.36,0.9658203125
933,0.33999999999999997,0.84765625
933,0.32,0.0849609375
933,0.3,0.0
934,0.36,0.9638671875
934,0.33999999999999997,0.8916015625
934,0.32,0.0
934,0.3,0.0048828125
935,0.36,0.958984375
935,0.33999999999999997,0.876953125
935,0.32,0.1884765625
935,0.3,0.0
936,0.36,0.9541015625
936,0.33999999999999997,0.90625
936,0.32,0.0322265625
936,0.3,0.017578125
937,0.36,0.96875
937,0.33999999999999997,0.88671875
937,0.32,0.0927734375
937,0.3,0.0
938,0.36,0.96875
938,0.33999999999999997,0.87890625
938,0.32,0.037109375
938,0.3,0.0
939,0.36,0.955078125
939,0.33999999999999997,0.896484375
939,0.32,0.021484375
939,0.3,0.0
940,0.36,0.9609375
940,0.33999999999999997,0.859375
940,0.32,0.166015625
940,0.3,0.005859375
941,0.36,0.9775390625
941,0.33999999999999997,0.8955078125
941,0.32,0.09375
941,0.3,0.0
942,0.36,0.970703125
942,0.33999999999999997,0.88671875
942,0.32,0.0087890625
942,0.3,0.0
943,0.36,0.9658203125
943,0.33999999999999997,0.9013671875
943,0.32,0.0283203125
943,0.3,0.0
944,0.36,0.9580078125
944,0.33999999999999997,0.880859375
944,0.32,0.0546875
944,0.3,0.0
945,0.36,0.95703125
945,0.33999999999999997,0.8896484375
945,0.32,0.1552734375
945,0.3,0.0
946,0.36,0.962890625
946,0.33999999999999997,0.8916015625
946,0.32,0.06640625
946,0.3,0.0
947,0.36,0.9658203125
947,0.33999999999999997,0.86328125
947,0.32,0.087890625
947,0.3,0.0
948,0.36,0.9599609375
948,0.33999999999999997,0.88671875
948,0.32,0.1376953125
948,0.3,0.00390625
949,0.36,0.9736328125
949,0.33999999999999997,0.8818359375
949,0.32,0.017578125
949,0.3,0.0
950,0.36,0.9697265625
950,0.33999999999999997,0.8779296875
950,0.32,0.1875
950,0.3,0.0
951,0.36,0.9609375
951,0.33999999999999997,0.8759765625
951,0.32,0.0712890625
951,0.3,0.0
952,0.36,0.978515625
952,0.33999999999999997,0.8828125
952,0.32,0.107421875
952,0.3,0.0
953,0.36,0.96484375
953,0.33999999999999997,0.888671875
953,0.32,0.0380859375
953,0.3,0.0
954,0.36,0.9638671875
954,0.33999999999999997,0.865234375
954,0.32,0.0703125
954,0.3,0.0068359375
955,0.36,0.97265625
955,0.33999999999999997,0.8955078125
955,0.32,0.06640625
955,0.3,0.0
956,0.36,0.9716796875
956,0.33999999999999997,0.8916015625
956,0.32,0.1484375
956,0.3,0.0
957,0.36,0.9501953125
957,0.33999999999999997,0.880859375
957,0.32,0.03125
957,0.3,0.0
958,0.36,0.951171875
958,0.33999999999999997,0.876953125
958,0.32,0.10546875
958,0.3,0.0
959,0.36,0.966796875
959,0.33999999999999997,0.8662109375
959,0.32,0.0009765625
959,0.3,0.0048828125
960,0.36,0.9716796875
960,0.33999999999999997,0.896484375
960,0.32,0.0126953125
960,0.3,0.0
961,0.36,0.966796875
961,0.33999999999999997,0.904296875
961,0.32,0.2119140625
961,0.3,0.0
962,0.36,0.9638671875
962,0.33999999999999997,0.8359375
962,0.32,0.197265625
962,0.3,0.0
963,0.36,0.9716796875
963,0.33999999999999997,0.89453125
963,0.32,0.0419921875
963,0.3,0.0
964,0.36,0.96875
964,0.33999999999999997,0.857421875
964,0.32,0.07421875
964,0.3,0.009765625
965,0.36,0.958984375
965,0.33999999999999997,0.8935546875
965,0.32,0.1796875
965,0.3,0.0
966,0.36,0.9638671875
966,0.33999999999999997,0.875
966,0.32,0.048828125
966,0.3,0.0
967,0.36,0.962890625
967,0.33999999999999997,0.8515625
967,0.32,0.0517578125
967,0.3,0.0
968,0.36,0.953125
968,0.33999999999999997,0.8642578125
968,0.32,0.19140625
968,0.3,0.0
969,0.36,0.9599609375
969,0.33999999999999997,0.8896484375
969,0.32,0.1259765625
969,0.3,0.0
970,0.36,0.962890625
970,0.33999999999999997,0.8974609375
970,0.32,0.02734375
970,0.3,0.0
971,0.36,0.9638671875
971,0.33999999999999997,0.8896484375
971,0.32,0.025390625
971,0.3,0.0
972,0.36,0.9580078125
972,0.33999999999999997,0.884765625
972,0.32,0.087890625
972,0.3,0.0
973,0.36,0.974609375
973,0.33999999999999997,0.869140625
973,0.32,0.0859375
973,0.3,0.0
974,0.36,0.9609375
974,0.33999999999999997,0.9091796875
974,0.32,0.0224609375
974,0.3,0.0
975,0.36,0.9697265625
975,0.33999999999999997,0.8701171875
975,0.32,0.0302734375
975,0.3,0.0029296875
976,0.36,0.9794921875
976,0.33999999999999997,0.857421875
976,0.32,0.0126953125
976,0.3,0.0
977,0.36,0.9560546875
977,0.33999999999999997,0.8701171875
977,0.32,0.025390625
977,0.3,0.0
978,0.36,0.966796875
978,0.33999999999999997,0.89453125
978,0.32,0.0751953125
978,0.3,0.0
979,0.36,0.96875
979,0.33999999999999997,0.9052734375
979,0.32,0.236328125
979,0.3,0.0
980,0.36,0.9609375
980,0.33999999999999997,0.8603515625
980,0.32,0.021484375
980,0.3,0.0
981,0.36,0.955078125
981,0.33999999999999997,0.9111328125
981,0.32,0.369140625
981,0.3,0.0
982,0.36,0.9697265625
982,0.33999999999999997,0.890625
982,0.32,0.1298828125
982,0.3,0.0
983,0.36,0.9765625
983,0.33999999999999997,0.880859375
983,0.32,0.1025390625
983,0.3,0.0
984,0.36,0.9521484375
984,0.33999999999999997,0.8974609375
984,0.32,0.0
984,0.3,0.0
985,0.36,0.966796875
985,0.33999999999999997,0.8671875
985,0.32,0.0615234375
985,0.3,0.0
986,0.36,0.9736328125
986,0.33999999999999997,0.8916015625
986,0.32,0.1904296875
986,0.3,0.001953125
987,0.36,0.970703125
987,0.33999999999999997,0.8818359375
987,0.32,0.0
987,0.3,0.0
988,0.36,0.97265625
988,0.33999999999999997,0.88671875
988,0.32,0.0380859375
988,0.3,0.0048828125
989,0.36,0.974609375
989,0.33999999999999997,0.8876953125
989,0.32,0.0576171875
989,0.3,0.0068359375
990,0.36,0.9765625
990,0.33999999999999997,0.8818359375
990,0.32,0.2275390625
990,0.3,0.0
991,0.36,0.958984375
991,0.33999999999999997,0.8505859375
991,0.32,0.1552734375
991,0.3,0.0
992,0.36,0.9658203125
992,0.33999999999999997,0.8544921875
992,0.32,0.087890625
992,0.3,0.0
993,0.36,0.9638671875
993,0.33999999999999997,0.8857421875
993,0.32,0.134765625
993,0.3,0.0048828125
994,0.36,0.962890625
994,0.33999999999999997,0.884765625
994,0.32,0.0029296875
994,0.3,0.0009765625
995,0.36,0.9619140625
995,0.33999999999999997,0.8740234375
995,0.32,0.013671875
995,0.3,0.0
996,0.36,0.970703125
996,0.33999999999999997,0.8837890625
996,0.32,0.22265625
996,0.3,0.0
997,0.36,0.9521484375
997,0.33999999999999997,0.861328125
997,0.32,0.12109375
997,0.3,0.0
998,0.36,0.9599609375
998,0.33999999999999997,0.8974609375
998,0.32,0.193359375
998,0.3,0.0
999,0.36,0.9638671875
999,0.33999999999999997,0.8642578125
999,0.32,0.048828125
999,0.3,0.0
1000,0.36,0.958984375
1000,0.33999999999999997,0.8857421875
1000,0.32,0.044921875
1000,0.3,0.0
1,0.3,0.0
2,0.3,0.005859375
3,0.3,0.0
4,0.3,0.0
5,0.3,0.0
6,0.3,0.0
7,0.3,0.0
8,0.3,0.0
9,0.3,0.0
10,0.3,0.0
11,0.3,0.0
12,0.3,0.0
13,0.3,0.0
14,0.3,0.0
15,0.3,0.0
16,0.3,0.0
17,0.3,0.0078125
18,0.3,0.0
19,0.3,0.0
20,0.3,0.0
21,0.3,0.0
22,0.3,0.0
23,0.3,0.0
24,0.3,0.0
25,0.3,0.0
26,0.3,0.0029296875
27,0.3,0.0
28,0.3,0.0
29,0.3,0.0
30,0.3,0.0
31,0.3,0.0068359375
32,0.3,0.0
33,0.3,0.0
34,0.3,0.0
35,0.3,0.0
36,0.3,0.0
37,0.3,0.0
38,0.3,0.0
39,0.3,0.0
40,0.3,0.0
41,0.3,0.0
42,0.3,0.0
43,0.3,0.0
44,0.3,0.0
45,0.3,0.0
46,0.3,0.0
47,0.3,0.0
48,0.3,0.0
49,0.3,0.0
50,0.3,0.0
51,0.3,0.0
52,0.3,0.0087890625
53,0.3,0.0
54,0.3,0.0078125
55,0.3,0.0
56,0.3,0.0
57,0.3,0.0
58,0.3,0.0
59,0.3,0.0
60,0.3,0.0
61,0.3,0.0
62,0.3,0.0
63,0.3,0.0
64,0.3,0.0078125
65,0.3,0.0
66,0.3,0.0
67,0.3,0.0
68,0.3,0.0
69,0.3,0.0
70,0.3,0.0
71,0.3,0.01171875
72,0.3,0.0
73,0.3,0.0048828125
74,0.3,0.0
75,0.3,0.0
76,0.3,0.0
77,0.3,0.001953125
78,0.3,0.0
79,0.3,0.0
80,0.3,0.0
81,0.3,0.0
82,0.3,0.0
83,0.3,0.0
84,0.3,0.0
85,0.3,0.0
86,0.3,0.0
87,0.3,0.0
88,0.3,0.0
89,0.3,0.0048828125
90,0.3,0.0
91,0.3,0.0
92,0.3,0.0
93,0.3,0.0
94,0.3,0.0
95,0.3,0.0
96,0.3,0.0
97,0.3,0.0
98,0.3,0.0029296875
99,0.3,0.0029296875
100,0.3,0.0
101,0.3,0.0
102,0.3,0.0
103,0.3,0.0
104,0.3,0.0
105,0.3,0.0
106,0.3,0.0
107,0.3,0.0
108,0.3,0.0
109,0.3,0.0
110,0.3,0.0
111,0.3,0.0
112,0.3,0.0
113,0.3,0.0
114,0.3,0.00390625
115,0.3,0.0
116,0.3,0.0
117,0.3,0.0
118,0.3,0.0
119,0.3,0.0
120,0.3,0.0
121,0.3,0.0
122,0.3,0.0
123,0.3,0.0
124,0.3,0.0
125,0.3,0.0
126,0.3,0.0
127,0.3,0.0
128,0.3,0.0
129,0.3,0.0
130,0.3,0.0
131,0.3,0.0
132,0.3,0.0
133,0.3,0.0
134,0.3,0.0
135,0.3,0.00390625
136,0.3,0.0
137,0.3,0.0
138,0.3,0.0
139,0.3,0.0
140,0.3,0.0
141,0.3,0.0
142,0.3,0.0
143,0.3,0.0
144,0.3,0.0
145,0.3,0.0
146,0.3,0.0
147,0.3,0.0
148,0.3,0.0
149,0.3,0.0
150,0.3,0.0
151,0.3,0.0
152,0.3,0.0
153,0.3,0.0
154,0.3,0.0
155,0.3,0.0
156,0.3,0.0
157,0.3,0.0
158,0.3,0.0
159,0.3,0.0
160,0.3,0.0
161,0.3,0.0
162,0.3,0.0
163,0.3,0.0
164,0.3,0.0
165,0.3,0.0
166,0.3,0.0
167,0.3,0.0
168,0.3,0.0
169,0.3,0.0087890625
170,0.3,0.0
171,0.3,0.0048828125
172,0.3,0.0
173,0.3,0.0
174,0.3,0.0
175,0.3,0.0
176,0.3,0.0
177,0.3,0.0
178,0.3,0.0
179,0.3,0.0
180,0.3,0.0
181,0.3,0.0
182,0.3,0.0
183,0.3,0.0
184,0.3,0.0
185,0.3,0.0
186,0.3,0.0
187,0.3,0.0
188,0.3,0.0
189,0.3,0.0
190,0.3,0.0
191,0.3,0.0
192,0.3,0.0
193,0.3,0.0
194,0.3,0.005859375
195,0.3,0.0
196,0.3,0.0107421875
197,0.3,0.0
198,0.3,0.0
199,0.3,0.0
200,0.3,0.0
201,0.3,0.0
202,0.3,0.0
203,0.3,0.0
204,0.3,0.0
205,0.3,0.0048828125
206,0.3,0.0
207,0.3,0.0
208,0.3,0.0
209,0.3,0.0
210,0.3,0.0
211,0.3,0.0
212,0.3,0.0
213,0.3,0.0
214,0.3,0.0
215,0.3,0.0
216,0.3,0.0
217,0.3,0.0
218,0.3,0.0
219,0.3,0.0
220,0.3,0.0
221,0.3,0.0
222,0.3,0.0
223,0.3,0.0
224,0.3,0.0
225,0.3,0.0
226,0.3,0.0
227,0.3,0.0
228,0.3,0.0
229,0.3,0.0
230,0.3,0.0
231,0.3,0.0
232,0.3,0.0
233,0.3,0.0029296875
234,0.3,0.0
235,0.3,0.0
236,0.3,0.0
237,0.3,0.0
238,0.3,0.0
239,0.3,0.0
240,0.3,0.0
241,0.3,0.0
242,0.3,0.0
243,0.3,0.00390625
244,0.3,0.0
245,0.3,0.0087890625
246,0.3,0.0
247,0.3,0.0
248,0.3,0.0
249,0.3,0.01171875
250,0.3,0.0
251,0.3,0.0
252,0.3,0.0
253,0.3,0.01171875
254,0.3,0.0
255,0.3,0.0
256,0.3,0.0
257,0.3,0.0
258,0.3,0.0
259,0.3,0.0
260,0.3,0.0
261,0.3,0.0
262,0.3,0.0
263,0.3,0.0
264,0.3,0.0
265,0.3,0.0
266,0.3,0.0
267,0.3,0.0
268,0.3,0.0
269,0.3,0.0
270,0.3,0.0
271,0.3,0.0
272,0.3,0.0
273,0.3,0.0
274,0.3,0.0029296875
275,0.3,0.0
276,0.3,0.0
277,0.3,0.0
278,0.3,0.0
279,0.3,0.0
280,0.3,0.0
281,0.3,0.0
282,0.3,0.0
283,0.3,0.0
284,0.3,0.0
285,0.3,0.0
286,0.3,0.0
287,0.3,0.0
288,0.3,0.0
289,0.3,0.0
290,0.3,0.0
291,0.3,0.0
292,0.3,0.0
293,0.3,0.0
294,0.3,0.0
295,0.3,0.0
296,0.3,0.0
297,0.3,0.0
298,0.3,0.0078125
299,0.3,0.0
300,0.3,0.0
301,0.3,0.0
302,0.3,0.0
303,0.3,0.0
304,0.3,0.001953125
305,0.3,0.0
306,0.3,0.0
307,0.3,0.0
308,0.3,0.0
309,0.3,0.0
310,0.3,0.0
311,0.3,0.0
312,0.3,0.0
313,0.3,0.0
314,0.3,0.0
315,0.3,0.0
316,0.3,0.0
317,0.3,0.0
318,0.3,0.0
319,0.3,0.0
320,0.3,0.0
321,0.3,0.0
322,0.3,0.0
323,0.3,0.0
324,0.3,0.0
325,0.3,0.0
326,0.3,0.0
327,0.3,0.0087890625
328,0.3,0.0009765625
329,0.3,0.0
330,0.3,0.0
331,0.3,0.0
332,0.3,0.0
333,0.3,0.0
334,0.3,0.0
335,0.3,0.0
336,0.3,0.0
337,0.3,0.0
338,0.3,0.0
339,0.3,0.0
340,0.3,0.0
341,0.3,0.0
342,0.3,0.0
343,0.3,0.0
344,0.3,0.0
345,0.3,0.0
346,0.3,0.0
347,0.3,0.0
348,0.3,0.0
349,0.3,0.0
350,0.3,0.0078125
351,0.3,0.0
352,0.3,0.0
353,0.3,0.0
354,0.3,0.0
355,0.3,0.0
356,0.3,0.0
357,0.3,0.0
358,0.3,0.0
359,0.3,0.0
360,0.3,0.0
361,0.3,0.0
362,0.3,0.0
363,0.3,0.005859375
364,0.3,0.0
365,0.3,0.0
366,0.3,0.0
367,0.3,0.0
368,0.3,0.0
369,0.3,0.0
370,0.3,0.0
371,0.3,0.0
372,0.3,0.0
373,0.3,0.0
374,0.3,0.0
375,0.3,0.0009765625
376,0.3,0.0
377,0.3,0.0
378,0.3,0.0
379,0.3,0.0
380,0.3,0.0
381,0.3,0.0
382,0.3,0.0
383,0.3,0.0
384,0.3,0.0
385,0.3,0.0
386,0.3,0.0
387,0.3,0.0
388,0.3,0.0
389,0.3,0.0
390,0.3,0.0
391,0.3,0.0
392,0.3,0.0
393,0.3,0.0
394,0.3,0.0
395,0.3,0.0
396,0.3,0.0
397,0.3,0.0
398,0.3,0.0
399,0.3,0.0
400,0.3,0.0
401,0.3,0.0
402,0.3,0.0
403,0.3,0.0
404,0.3,0.0
405,0.3,0.0
406,0.3,0.0
407,0.3,0.0
408,0.3,0.0
409,0.3,0.0
410,0.3,0.0
411,0.3,0.0
412,0.3,0.0
413,0.3,0.0
414,0.3,0.0
415,0.3,0.0
416,0.3,0.0
417,0.3,0.0
418,0.3,0.0
419,0.3,0.0
420,0.3,0.0
421,0.3,0.0
422,0.3,0.0
423,0.3,0.0
424,0.3,0.0
425,0.3,0.0048828125
426,0.3,0.0
427,0.3,0.0
428,0.3,0.0
429,0.3,0.0
430,0.3,0.0
431,0.3,0.0029296875
432,0.3,0.0048828125
433,0.3,0.0
434,0.3,0.005859375
435,0.3,0.0
436,0.3,0.0
437,0.3,0.0
438,0.3,0.0009765625
439,0.3,0.0
440,0.3,0.0
441,0.3,0.0
442,0.3,0.0
443,0.3,0.0
444,0.3,0.0
445,0.3,0.0
446,0.3,0.0
447,0.3,0.0
448,0.3,0.0
449,0.3,0.0
450,0.3,0.0
451,0.3,0.0
452,0.3,0.0
453,0.3,0.0
454,0.3,0.001953125
455,0.3,0.0
456,0.3,0.0
457,0.3,0.0
458,0.3,0.0
459,0.3,0.0
460,0.3,0.0
461,0.3,0.0
462,0.3,0.0
463,0.3,0.0
464,0.3,0.0
465,0.3,0.0
466,0.3,0.0
467,0.3,0.0
468,0.3,0.001953125
469,0.3,0.0078125
470,0.3,0.0
471,0.3,0.0
472,0.3,0.00390625
473,0.3,0.0
474,0.3,0.0
475,0.3,0.0
476,0.3,0.0
477,0.3,0.00390625
478,0.3,0.0
479,0.3,0.0
480,0.3,0.0078125
481,0.3,0.0
482,0.3,0.0
483,0.3,0.0
484,0.3,0.0
485,0.3,0.0
486,0.3,0.0
487,0.3,0.0
488,0.3,0.0
489,0.3,0.0
490,0.3,0.0
491,0.3,0.0
492,0.3,0.0029296875
493,0.3,0.0
494,0.3,0.00390625
495,0.3,0.0
496,0.3,0.0
497,0.3,0.0
498,0.3,0.0
499,0.3,0.0
500,0.3,0.0
501,0.3,0.0
502,0.3,0.0
503,0.3,0.0029296875
504,0.3,0.0029296875
505,0.3,0.0
506,0.3,0.0
507,0.3,0.0
508,0.3,0.0
509,0.3,0.0
510,0.3,0.0
511,0.3,0.0
512,0.3,0.0
513,0.3,0.0
514,0.3,0.0
515,0.3,0.001953125
516,0.3,0.0
517,0.3,0.0
518,0.3,0.0
519,0.3,0.0
520,0.3,0.0
521,0.3,0.0
522,0.3,0.0
523,0.3,0.0
524,0.3,0.0
525,0.3,0.009765625
526,0.3,0.0
527,0.3,0.0
528,0.3,0.0
529,0.3,0.0
530,0.3,0.0
531,0.3,0.0
532,0.3,0.001953125
533,0.3,0.0
534,0.3,0.0
535,0.3,0.0
536,0.3,0.005859375
537,0.3,0.0
538,0.3,0.0
539,0.3,0.0
540,0.3,0.0
541,0.3,0.0
542,0.3,0.0
543,0.3,0.00390625
544,0.3,0.0
545,0.3,0.0
546,0.3,0.0
547,0.3,0.0
548,0.3,0.0
549,0.3,0.0078125
550,0.3,0.0
551,0.3,0.0
552,0.3,0.0
553,0.3,0.0
554,0.3,0.0
555,0.3,0.0
556,0.3,0.00390625
557,0.3,0.0
558,0.3,0.0
559,0.3,0.0
560,0.3,0.0
561,0.3,0.0
562,0.3,0.0
563,0.3,0.0
564,0.3,0.0
565,0.3,0.0
566,0.3,0.0
567,0.3,0.0
568,0.3,0.0009765625
569,0.3,0.0
570,0.3,0.0
571,0.3,0.0
572,0.3,0.0
573,0.3,0.0
574,0.3,0.0
575,0.3,0.0
576,0.3,0.0
577,0.3,0.001953125
578,0.3,0.0
579,0.3,0.0
580,0.3,0.0068359375
581,0.3,0.0
582,0.3,0.0
583,0.3,0.0
584,0.3,0.0
585,0.3,0.0
586,0.3,0.0
587,0.3,0.0
588,0.3,0.0
589,0.3,0.0
590,0.3,0.0068359375
591,0.3,0.0
592,0.3,0.0
593,0.3,0.0078125
594,0.3,0.0
595,0.3,0.0
596,0.3,0.0
597,0.3,0.0
598,0.3,0.0
599,0.3,0.001953125
600,0.3,0.0
601,0.3,0.0
602,0.3,0.0
603,0.3,0.0
604,0.3,0.0
605,0.3,0.0
606,0.3,0.0107421875
607,0.3,0.0
608,0.3,0.0
609,0.3,0.0
610,0.3,0.0
611,0.3,0.0
612,0.3,0.0
613,0.3,0.0
614,0.3,0.0048828125
615,0.3,0.0
616,0.3,0.0
617,0.3,0.0
618,0.3,0.0
619,0.3,0.0
620,0.3,0.01171875
621,0.3,0.0
622,0.3,0.0
623,0.3,0.0
624,0.3,0.0
625,0.3,0.0
626,0.3,0.0
627,0.3,0.0
628,0.3,0.0
629,0.3,0.0
630,0.3,0.0
631,0.3,0.0
632,0.3,0.0
633,0.3,0.0
634,0.3,0.0
635,0.3,0.0
636,0.3,0.0
637,0.3,0.0
638,0.3,0.001953125
639,0.3,0.005859375
640,0.3,0.0
641,0.3,0.0
642,0.3,0.0
643,0.3,0.0
644,0.3,0.0
645,0.3,0.0
646,0.3,0.0
647,0.3,0.0
648,0.3,0.0
649,0.3,0.0
650,0.3,0.0
651,0.3,0.0
652,0.3,0.0
653,0.3,0.0
654,0.3,0.0
655,0.3,0.0
656,0.3,0.0029296875
657,0.3,0.0
658,0.3,0.0
659,0.3,0.0029296875
660,0.3,0.0
661,0.3,0.0
662,0.3,0.0
663,0.3,0.0
664,0.3,0.0
665,0.3,0.0
666,0.3,0.001953125
667,0.3,0.0
668,0.3,0.0
669,0.3,0.009765625
670,0.3,0.001953125
671,0.3,0.0
672,0.3,0.0
673,0.3,0.0
674,0.3,0.0
675,0.3,0.0
676,0.3,0.0
677,0.3,0.0
678,0.3,0.0
679,0.3,0.0
680,0.3,0.0
681,0.3,0.0
682,0.3,0.0
683,0.3,0.0
684,0.3,0.0
685,0.3,0.0
686,0.3,0.0
687,0.3,0.0
688,0.3,0.0
689,0.3,0.0
690,0.3,0.0078125
691,0.3,0.0
692,0.3,0.0009765625
693,0.3,0.0
694,0.3,0.0
695,0.3,0.0
696,0.3,0.0
697,0.3,0.0
698,0.3,0.0
699,0.3,0.0
700,0.3,0.0
701,0.3,0.0
702,0.3,0.0
703,0.3,0.0
704,0.3,0.0
705,0.3,0.0
706,0.3,0.0
707,0.3,0.0
708,0.3,0.0
709,0.3,0.0
710,0.3,0.0
711,0.3,0.0
712,0.3,0.0
713,0.3,0.0
714,0.3,0.0
715,0.3,0.0
716,0.3,0.0
717,0.3,0.0
718,0.3,0.0087890625
719,0.3,0.0
720,0.3,0.0
721,0.3,0.0
722,0.3,0.0
723,0.3,0.0
724,0.3,0.0
725,0.3,0.0
726,0.3,0.0
727,0.3,0.0
728,0.3,0.0
729,0.3,0.0
730,0.3,0.0
731,0.3,0.0
732,0.3,0.0
733,0.3,0.0
734,0.3,0.0
735,0.3,0.0
736,0.3,0.0
737,0.3,0.0
738,0.3,0.0
739,0.3,0.0
740,0.3,0.0
741,0.3,0.0
742,0.3,0.0
743,0.3,0.0
744,0.3,0.0
745,0.3,0.0
746,0.3,0.0
747,0.3,0.0
748,0.3,0.0
749,0.3,0.0
750,0.3,0.0
751,0.3,0.0
752,0.3,0.0
753,0.3,0.0029296875
754,0.3,0.0
755,0.3,0.0
756,0.3,0.0
757,0.3,0.0
758,0.3,0.0
759,0.3,0.0
760,0.3,0.0
761,0.3,0.0
762,0.3,0.0
763,0.3,0.0
764,0.3,0.0
765,0.3,0.0
766,0.3,0.0
767,0.3,0.0
768,0.3,0.0
769,0.3,0.0
770,0.3,0.0
771,0.3,0.0048828125
772,0.3,0.0
773,0.3,0.0
774,0.3,0.0
775,0.3,0.0
776,0.3,0.0
777,0.3,0.0
778,0.3,0.0
779,0.3,0.0
780,0.3,0.0
781,0.3,0.0
782,0.3,0.0
783,0.3,0.0
784,0.3,0.0
785,0.3,0.0
786,0.3,0.009765625
787,0.3,0.0
788,0.3,0.005859375
789,0.3,0.0
790,0.3,0.0
791,0.3,0.0107421875
792,0.3,0.0
793,0.3,0.0
794,0.3,0.0
795,0.3,0.0
796,0.3,0.0
797,0.3,0.001953125
798,0.3,0.0
799,0.3,0.0
800,0.3,0.0
801,0.3,0.0
802,0.3,0.0
803,0.3,0.0146484375
804,0.3,0.0048828125
805,0.3,0.009765625
806,0.3,0.0
807,0.3,0.0
808,0.3,0.0
809,0.3,0.0
810,0.3,0.0
811,0.3,0.0
812,0.3,0.0
813,0.3,0.0
814,0.3,0.0
815,0.3,0.0
816,0.3,0.0
817,0.3,0.0
818,0.3,0.0
819,0.3,0.0
820,0.3,0.0
821,0.3,0.0
822,0.3,0.0029296875
823,0.3,0.0
824,0.3,0.0
825,0.3,0.0
826,0.3,0.0
827,0.3,0.0
828,0.3,0.0
829,0.3,0.0
830,0.3,0.0
831,0.3,0.0
832,0.3,0.0
833,0.3,0.0
834,0.3,0.0
835,0.3,0.0
836,0.3,0.0
837,0.3,0.0
838,0.3,0.0
839,0.3,0.0
840,0.3,0.0
841,0.3,0.0
842,0.3,0.0
843,0.3,0.0
844,0.3,0.0
845,0.3,0.0
846,0.3,0.0
847,0.3,0.0
848,0.3,0.0
849,0.3,0.0
850,0.3,0.0
851,0.3,0.0
852,0.3,0.0
853,0.3,0.0
854,0.3,0.0
855,0.3,0.0
856,0.3,0.0
857,0.3,0.0
858,0.3,0.0
859,0.3,0.0
860,0.3,0.0
861,0.3,0.0
862,0.3,0.0048828125
863,0.3,0.0
864,0.3,0.0
865,0.3,0.0
866,0.3,0.0
867,0.3,0.0
868,0.3,0.0
869,0.3,0.0
870,0.3,0.0
871,0.3,0.0
872,0.3,0.0
873,0.3,0.0
874,0.3,0.0
875,0.3,0.0
876,0.3,0.0
877,0.3,0.0
878,0.3,0.0068359375
879,0.3,0.0029296875
880,0.3,0.0
881,0.3,0.0
882,0.3,0.0
883,0.3,0.0
884,0.3,0.0
885,0.3,0.0
886,0.3,0.0
887,0.3,0.0
888,0.3,0.0
889,0.3,0.0
890,0.3,0.0009765625
891,0.3,0.0
892,0.3,0.0
893,0.3,0.0
894,0.3,0.0078125
895,0.3,0.0
896,0.3,0.005859375
897,0.3,0.001953125
898,0.3,0.0
899,0.3,0.0
900,0.3,0.0
901,0.3,0.0
902,0.3,0.0
903,0.3,0.0
904,0.3,0.0
905,0.3,0.0
906,0.3,0.0
907,0.3,0.0
908,0.3,0.0
909,0.3,0.0
910,0.3,0.0
911,0.3,0.0
912,0.3,0.0
913,0.3,0.0
914,0.3,0.0
915,0.3,0.0
916,0.3,0.0
917,0.3,0.0
918,0.3,0.00390625
919,0.3,0.0
920,0.3,0.0
921,0.3,0.0
922,0.3,0.0
923,0.3,0.0
924,0.3,0.0
925,0.3,0.0126953125
926,0.3,0.0
927,0.3,0.0
928,0.3,0.0
929,0.3,0.0
930,0.3,0.0
931,0.3,0.0
932,0.3,0.0
933,0.3,0.0
934,0.3,0.0
935,0.3,0.0
936,0.3,0.00390625
937,0.3,0.0
938,0.3,0.0
939,0.3,0.0
940,0.3,0.0
941,0.3,0.0
942,0.3,0.0
943,0.3,0.0
944,0.3,0.0
945,0.3,0.0
946,0.3,0.0
947,0.3,0.0
948,0.3,0.0
949,0.3,0.0
950,0.3,0.0
951,0.3,0.0
952,0.3,0.0
953,0.3,0.0
954,0.3,0.0
955,0.3,0.0
956,0.3,0.0
957,0.3,0.0
958,0.3,0.0
959,0.3,0.0
960,0.3,0.0
961,0.3,0.001953125
962,0.3,0.0
963,0.3,0.0
964,0.3,0.0
965,0.3,0.0
966,0.3,0.0
967,0.3,0.0
968,0.3,0.0
969,0.3,0.0
970,0.3,0.0
971,0.3,0.0107421875
972,0.3,0.0
973,0.3,0.0
974,0.3,0.0
975,0.3,0.0087890625
976,0.3,0.0
977,0.3,0.0
978,0.3,0.0
979,0.3,0.0
980,0.3,0.0
981,0.3,0.0029296875
982,0.3,0.0
983,0.3,0.005859375
984,0.3,0.0
985,0.3,0.0
986,0.3,0.0
987,0.3,0.0
988,0.3,0.0
989,0.3,0.0
990,0.3,0.0
991,0.3,0.0
992,0.3,0.0
993,0.3,0.0
994,0.3,0.0
995,0.3,0.0029296875
996,0.3,0.0
997,0.3,0.0
998,0.3,0.005859375
999,0.3,0.0
1000,0.3,0.0
1,0.275,0.0
2,0.275,0.0
3,0.275,0.0
4,0.275,0.0
5,0.275,0.0
6,0.275,0.0
7,0.275,0.0
8,0.275,0.0
9,0.275,0.0
10,0.275,0.0
11,0.275,0.0
12,0.275,0.0
13,0.275,0.0
14,0.275,0.0
15,0.275,0.0
16,0.275,0.0
17,0.275,0.0
18,0.275,0.0
19,0.275,0.0
20,0.275,0.0
21,0.275,0.0
22,0.275,0.0
23,0.275,0.0
24,0.275,0.0
25,0.275,0.0
26,0.275,0.0
27,0.275,0.0
28,0.275,0.0
29,0.275,0.0
30,0.275,0.0
31,0.275,0.0
32,0.275,0.0
33,0.275,0.0
34,0.275,0.0
35,0.275,0.0
36,0.275,0.0
37,0.275,0.0
38,0.275,0.0
39,0.275,0.0
40,0.275,0.0
41,0.275,0.0
42,0.275,0.0
43,0.275,0.0
44,0.275,0.0
45,0.275,0.0
46,0.275,0.0
47,0.275,0.0
48,0.275,0.0
49,0.275,0.0
50,0.275,0.0
51,0.275,0.0
52,0.275,0.0
53,0.275,0.0
54,0.275,0.0
55,0.275,0.0
56,0.275,0.0
57,0.275,0.0
58,0.275,0.0
59,0.275,0.0
60,0.275,0.0
61,0.275,0.0
62,0.275,0.0
63,0.275,0.0
64,0.275,0.0
65,0.275,0.0
66,0.275,0.0
67,0.275,0.0
68,0.275,0.0
69,0.275,0.0
70,0.275,0.0
71,0.275,0.0
72,0.275,0.0
73,0.275,0.0
74,0.275,0.0
75,0.275,0.0
76,0.275,0.0
77,0.275,0.0
78,0.275,0.0
79,0.275,0.0
80,0.275,0.0
81,0.275,0.0
82,0.275,0.0
83,0.275,0.0
84,0.275,0.0
85,0.275,0.0
86,0.275,0.0009765625
87,0.275,0.0
88,0.275,0.0
89,0.275,0.0
90,0.275,0.0
91,0.275,0.0
92,0.275,0.0
93,0.275,0.0078125
94,0.275,0.0
95,0.275,0.0
96,0.275,0.0
97,0.275,0.0
98,0.275,0.0
99,0.275,0.0
100,0.275,0.0
101,0.275,0.0
102,0.275,0.0
103,0.275,0.0
104,0.275,0.0
105,0.275,0.0
106,0.275,0.0
107,0.275,0.0
108,0.275,0.0
109,0.275,0.0
110,0.275,0.0
111,0.275,0.0
112,0.275,0.0
113,0.275,0.0
114,0.275,0.0
115,0.275,0.0
116,0.275,0.0
117,0.275,0.0
118,0.275,0.0
119,0.275,0.0
120,0.275,0.0
121,0.275,0.0
122,0.275,0.0
123,0.275,0.0
124,0.275,0.0
125,0.275,0.0
126,0.275,0.0
127,0.275,0.0
128,0.275,0.0
129,0.275,0.0
130,0.275,0.0
131,0.275,0.0
132,0.275,0.0
133,0.275,0.0
134,0.275,0.0
135,0.275,0.0
136,0.275,0.0
137,0.275,0.0
138,0.275,0.0
139,0.275,0.0
140,0.275,0.0
141,0.275,0.0
142,0.275,0.0
143,0.275,0.0
144,0.275,0.0
145,0.275,0.0
146,0.275,0.0
147,0.275,0.0
148,0.275,0.0
149,0.275,0.0
150,0.275,0.0
151,0.275,0.0
152,0.275,0.0
153,0.275,0.0
154,0.275,0.0
155,0.275,0.0009765625
156,0.275,0.0009765625
157,0.275,0.0
158,0.275,0.0
159,0.275,0.0
160,0.275,0.0
161,0.275,0.0
162,0.275,0.0
163,0.275,0.0
164,0.275,0.0
165,0.275,0.0
166,0.275,0.0
167,0.275,0.001953125
168,0.275,0.0
169,0.275,0.0
170,0.275,0.0
171,0.275,0.0
172,0.275,0.0
173,0.275,0.0
174,0.275,0.0
175,0.275,0.0
176,0.275,0.0
177,0.275,0.0
178,0.275,0.0
179,0.275,0.0
180,0.275,0.0
181,0.275,0.0
182,0.275,0.0
183,0.275,0.0009765625
184,0.275,0.0
185,0.275,0.0
186,0.275,0.0
187,0.275,0.0
188,0.275,0.0
189,0.275,0.0
190,0.275,0.0
191,0.275,0.0
192,0.275,0.0
193,0.275,0.0
194,0.275,0.0
195,0.275,0.0
196,0.275,0.0
197,0.275,0.0
198,0.275,0.0
199,0.275,0.0
200,0.275,0.0
201,0.275,0.0
202,0.275,0.0
203,0.275,0.0
204,0.275,0.0
205,0.275,0.0
206,0.275,0.0
207,0.275,0.0
208,0.275,0.0
209,0.275,0.0
210,0.275,0.0
211,0.275,0.0
212,0.275,0.0
213,0.275,0.0
214,0.275,0.0
215,0.275,0.0
216,0.275,0.0
217,0.275,0.0
218,0.275,0.0
219,0.275,0.0
220,0.275,0.0
221,0.275,0.0
222,0.275,0.001953125
223,0.275,0.0
224,0.275,0.0
225,0.275,0.0
226,0.275,0.0
227,0.275,0.0
228,0.275,0.0
229,0.275,0.0
230,0.275,0.0
231,0.275,0.0
232,0.275,0.0
233,0.275,0.0
234,0.275,0.0
235,0.275,0.0
236,0.275,0.0
237,0.275,0.0
238,0.275,0.0
239,0.275,0.0
240,0.275,0.0
241,0.275,0.0
242,0.275,0.0
243,0.275,0.0
244,0.275,0.0
245,0.275,0.0
246,0.275,0.0
247,0.275,0.0
248,0.275,0.0
249,0.275,0.0
250,0.275,0.0
251,0.275,0.0
252,0.275,0.0
253,0.275,0.0
254,0.275,0.0
255,0.275,0.0
256,0.275,0.0
257,0.275,0.0
258,0.275,0.0
259,0.275,0.0
260,0.275,0.0
261,0.275,0.0
262,0.275,0.0
263,0.275,0.0
264,0.275,0.0
265,0.275,0.0
266,0.275,0.001953125
267,0.275,0.0
268,0.275,0.0
269,0.275,0.0
270,0.275,0.0
271,0.275,0.0
272,0.275,0.0
273,0.275,0.0
274,0.275,0.0
275,0.275,0.0
276,0.275,0.0
277,0.275,0.0
278,0.275,0.0
279,0.275,0.0
280,0.275,0.0
281,0.275,0.0
282,0.275,0.0
283,0.275,0.0
284,0.275,0.0
285,0.275,0.001953125
286,0.275,0.0
287,0.275,0.0
288,0.275,0.001953125
289,0.275,0.0
290,0.275,0.0
291,0.275,0.0
292,0.275,0.0
293,0.275,0.0
294,0.275,0.0
295,0.275,0.0
296,0.275,0.0
297,0.275,0.0
298,0.275,0.0009765625
299,0.275,0.0
300,0.275,0.0
301,0.275,0.0
302,0.275,0.0
303,0.275,0.0
304,0.275,0.0
305,0.275,0.0
306,0.275,0.0
307,0.275,0.0
308,0.275,0.0
309,0.275,0.0
310,0.275,0.0
311,0.275,0.0
312,0.275,0.0
313,0.275,0.0
314,0.275,0.001953125
315,0.275,0.0
316,0.275,0.0
317,0.275,0.0
318,0.275,0.0
319,0.275,0.0
320,0.275,0.0
321,0.275,0.0
322,0.275,0.0
323,0.275,0.0
324,0.275,0.0
325,0.275,0.0
326,0.275,0.0
327,0.275,0.0
328,0.275,0.0
329,0.275,0.0
330,0.275,0.0
331,0.275,0.0
332,0.275,0.0
333,0.275,0.0
334,0.275,0.0
335,0.275,0.0
336,0.275,0.0
337,0.275,0.0
338,0.275,0.0
339,0.275,0.0
340,0.275,0.0
341,0.275,0.0
342,0.275,0.0
343,0.275,0.0
344,0.275,0.0
345,0.275,0.0
346,0.275,0.0
347,0.275,0.0
348,0.275,0.0
349,0.275,0.0
350,0.275,0.0
351,0.275,0.0
352,0.275,0.0
353,0.275,0.0
354,0.275,0.0
355,0.275,0.0
356,0.275,0.0
357,0.275,0.0
358,0.275,0.0
359,0.275,0.0
360,0.275,0.0
361,0.275,0.0
362,0.275,0.0
363,0.275,0.0
364,0.275,0.0
365,0.275,0.0
366,0.275,0.0
367,0.275,0.0
368,0.275,0.0
369,0.275,0.0
370,0.275,0.0
371,0.275,0.0
372,0.275,0.0
373,0.275,0.0
374,0.275,0.0
375,0.275,0.0009765625
376,0.275,0.0
377,0.275,0.0
378,0.275,0.0
379,0.275,0.0
380,0.275,0.0
381,0.275,0.0
382,0.275,0.0
383,0.275,0.0
384,0.275,0.0
385,0.275,0.0
386,0.275,0.0
387,0.275,0.0
388,0.275,0.0
389,0.275,0.0
390,0.275,0.0
391,0.275,0.0
392,0.275,0.0
393,0.275,0.0
394,0.275,0.0
395,0.275,0.0
396,0.275,0.0
397,0.275,0.0
398,0.275,0.0
399,0.275,0.0
400,0.275,0.0
401,0.275,0.0
402,0.275,0.0
403,0.275,0.0
404,0.275,0.0
405,0.275,0.0
406,0.275,0.0
407,0.275,0.0
408,0.275,0.0009765625
409,0.275,0.0009765625
410,0.275,0.0
411,0.275,0.0
412,0.275,0.0
413,0.275,0.0
414,0.275,0.0
415,0.275,0.0
416,0.275,0.0
417,0.275,0.0
418,0.275,0.0
419,0.275,0.0
420,0.275,0.0
421,0.275,0.0
422,0.275,0.0
423,0.275,0.0
424,0.275,0.0
425,0.275,0.0
426,0.275,0.0
427,0.275,0.0
428,0.275,0.0
429,0.275,0.0
430,0.275,0.0
431,0.275,0.0
432,0.275,0.0
433,0.275,0.0
434,0.275,0.0
435,0.275,0.0
436,0.275,0.0
437,0.275,0.0
438,0.275,0.0
439,0.275,0.0
440,0.275,0.0
441,0.275,0.0
442,0.275,0.0
443,0.275,0.0
444,0.275,0.001953125
445,0.275,0.0
446,0.275,0.0
447,0.275,0.0
448,0.275,0.0
449,0.275,0.0
450,0.275,0.0
451,0.275,0.0
452,0.275,0.0
453,0.275,0.0
454,0.275,0.0
455,0.275,0.0
456,0.275,0.0
457,0.275,0.0
458,0.275,0.0
459,0.275,0.0
460,0.275,0.0
461,0.275,0.0
462,0.275,0.0
463,0.275,0.0
464,0.275,0.0
465,0.275,0.0
466,0.275,0.0
467,0.275,0.0
468,0.275,0.0
469,0.275,0.0
470,0.275,0.0
471,0.275,0.0
472,0.275,0.0
473,0.275,0.0
474,0.275,0.0
475,0.275,0.0
476,0.275,0.0
477,0.275,0.0
478,0.275,0.0
479,0.275,0.0
480,0.275,0.0
481,0.275,0.0
482,0.275,0.0
483,0.275,0.0
484,0.275,0.0
485,0.275,0.0
486,0.275,0.0
487,0.275,0.0
488,0.275,0.0
489,0.275,0.0
490,0.275,0.0
491,0.275,0.0
492,0.275,0.0
493,0.275,0.0
494,0.275,0.0
495,0.275,0.0
496,0.275,0.0
497,0.275,0.0
498,0.275,0.0
499,0.275,0.0
500,0.275,0.0
501,0.275,0.0
502,0.275,0.0
503,0.275,0.0
504,0.275,0.0
505,0.275,0.0
506,0.275,0.0
507,0.275,0.0
508,0.275,0.0048828125
509,0.275,0.0009765625
510,0.275,0.0
511,0.275,0.0
512,0.275,0.0
513,0.275,0.0
514,0.275,0.0
515,0.275,0.0
516,0.275,0.0
517,0.275,0.0009765625
518,0.275,0.0
519,0.275,0.0
520,0.275,0.0
521,0.275,0.0
522,0.275,0.0
523,0.275,0.0
524,0.275,0.0
525,0.275,0.0
526,0.275,0.0
527,0.275,0.0
528,0.275,0.0
529,0.275,0.0
530,0.275,0.0
531,0.275,0.0
532,0.275,0.0
533,0.275,0.001953125
534,0.275,0.0
535,0.275,0.0
536,0.275,0.0
537,0.275,0.0
538,0.275,0.0
539,0.275,0.0
540,0.275,0.0
541,0.275,0.0
542,0.275,0.0
543,0.275,0.0
544,0.275,0.0
545,0.275,0.0
546,0.275,0.0
547,0.275,0.0
548,0.275,0.0
549,0.275,0.0
550,0.275,0.0
551,0.275,0.0
552,0.275,0.0
553,0.275,0.0
554,0.275,0.0
555,0.275,0.0
556,0.275,0.0
557,0.275,0.0
558,0.275,0.0
559,0.275,0.0
560,0.275,0.0
561,0.275,0.0
562,0.275,0.0
563,0.275,0.0
564,0.275,0.0
565,0.275,0.0
566,0.275,0.0
567,0.275,0.0
568,0.275,0.0
569,0.275,0.0
570,0.275,0.0
571,0.275,0.0
572,0.275,0.0
573,0.275,0.0
574,0.275,0.0
575,0.275,0.0
576,0.275,0.0
577,0.275,0.0009765625
578,0.275,0.00390625
579,0.275,0.0
580,0.275,0.0
581,0.275,0.0
582,0.275,0.0
583,0.275,0.0
584,0.275,0.0
585,0.275,0.0
586,0.275,0.0
587,0.275,0.0
588,0.275,0.0
589,0.275,0.0
590,0.275,0.0
591,0.275,0.0
592,0.275,0.0
593,0.275,0.0
594,0.275,0.0
595,0.275,0.0
596,0.275,0.0
597,0.275,0.0
598,0.275,0.0
599,0.275,0.0
600,0.275,0.0
601,0.275,0.0
602,0.275,0.0
603,0.275,0.0
604,0.275,0.0
605,0.275,0.0
606,0.275,0.001953125
607,0.275,0.0
608,0.275,0.0
609,0.275,0.0
610,0.275,0.0
611,0.275,0.0
612,0.275,0.0
613,0.275,0.0
614,0.275,0.0
615,0.275,0.0
616,0.275,0.0
617,0.275,0.0
618,0.275,0.0
619,0.275,0.0
620,0.275,0.0
621,0.275,0.0
622,0.275,0.0
623,0.275,0.0
624,0.275,0.0
625,0.275,0.0
626,0.275,0.0
627,0.275,0.0
628,0.275,0.0
629,0.275,0.0
630,0.275,0.0
631,0.275,0.0
632,0.275,0.001953125
633,0.275,0.0
634,0.275,0.0
635,0.275,0.0
636,0.275,0.0
637,0.275,0.0
638,0.275,0.0
639,0.275,0.0029296875
640,0.275,0.0
641,0.275,0.0
642,0.275,0.0
643,0.275,0.0009765625
644,0.275,0.0
645,0.275,0.0
646,0.275,0.0
647,0.275,0.0
648,0.275,0.0
649,0.275,0.0
650,0.275,0.0
651,0.275,0.0
652,0.275,0.0
653,0.275,0.0
654,0.275,0.0
655,0.275,0.0
656,0.275,0.0
657,0.275,0.0
658,0.275,0.0
659,0.275,0.0
660,0.275,0.0
661,0.275,0.001953125
662,0.275,0.0
663,0.275,0.0
664,0.275,0.0
665,0.275,0.0
666,0.275,0.0
667,0.275,0.0
668,0.275,0.0
669,0.275,0.0
670,0.275,0.0
671,0.275,0.00390625
672,0.275,0.0
673,0.275,0.0
674,0.275,0.0
675,0.275,0.0
676,0.275,0.0
677,0.275,0.0
678,0.275,0.0
679,0.275,0.0
680,0.275,0.0
681,0.275,0.0
682,0.275,0.0
683,0.275,0.0
684,0.275,0.0
685,0.275,0.0
686,0.275,0.0
687,0.275,0.0
688,0.275,0.0
689,0.275,0.0
690,0.275,0.0
691,0.275,0.0
692,0.275,0.0009765625
693,0.275,0.0
694,0.275,0.0
695,0.275,0.0
696,0.275,0.0
697,0.275,0.0
698,0.275,0.0
699,0.275,0.0
700,0.275,0.0
701,0.275,0.0
702,0.275,0.0
703,0.275,0.0
704,0.275,0.0
705,0.275,0.0
706,0.275,0.0
707,0.275,0.0
708,0.275,0.0
709,0.275,0.0
710,0.275,0.0
711,0.275,0.0
712,0.275,0.0
713,0.275,0.0
714,0.275,0.0
715,0.275,0.0
716,0.275,0.0
717,0.275,0.0
718,0.275,0.0
719,0.275,0.0
720,0.275,0.0
721,0.275,0.0
722,0.275,0.0
723,0.275,0.0
724,0.275,0.0
725,0.275,0.0
726,0.275,0.0
727,0.275,0.0
728,0.275,0.0
729,0.275,0.0009765625
730,0.275,0.0
731,0.275,0.0
732,0.275,0.0
733,0.275,0.0
734,0.275,0.0
735,0.275,0.0
736,0.275,0.0
737,0.275,0.0
738,0.275,0.0
739,0.275,0.0
740,0.275,0.0
741,0.275,0.0
742,0.275,0.0
743,0.275,0.0
744,0.275,0.0
745,0.275,0.0
746,0.275,0.0
747,0.275,0.0
748,0.275,0.0
749,0.275,0.0
750,0.275,0.0
751,0.275,0.0
752,0.275,0.0
753,0.275,0.0
754,0.275,0.0
755,0.275,0.0
756,0.275,0.0
757,0.275,0.0
758,0.275,0.0
759,0.275,0.0
760,0.275,0.0
761,0.275,0.0
762,0.275,0.0
763,0.275,0.0
764,0.275,0.0
765,0.275,0.0
766,0.275,0.0
767,0.275,0.0
768,0.275,0.0
769,0.275,0.0
770,0.275,0.0
771,0.275,0.0
772,0.275,0.0
773,0.275,0.0
774,0.275,0.0
775,0.275,0.0
776,0.275,0.0
777,0.275,0.0
778,0.275,0.0
779,0.275,0.0
780,0.275,0.0
781,0.275,0.0
782,0.275,0.0
783,0.275,0.0
784,0.275,0.0
785,0.275,0.0
786,0.275,0.0
787,0.275,0.0
788,0.275,0.0009765625
789,0.275,0.0
790,0.275,0.0
791,0.275,0.0
792,0.275,0.0
793,0.275,0.0
794,0.275,0.0
795,0.275,0.0
796,0.275,0.0
797,0.275,0.0
798,0.275,0.0
799,0.275,0.0
800,0.275,0.0
801,0.275,0.0
802,0.275,0.0
803,0.275,0.0
804,0.275,0.0
805,0.275,0.0
806,0.275,0.0
807,0.275,0.0
808,0.275,0.0
809,0.275,0.0
810,0.275,0.0
811,0.275,0.001953125
812,0.275,0.0009765625
813,0.275,0.0
814,0.275,0.0
815,0.275,0.0
816,0.275,0.0
817,0.275,0.0
818,0.275,0.0
819,0.275,0.0
820,0.275,0.0
821,0.275,0.0
822,0.275,0.0
823,0.275,0.0
824,0.275,0.0
825,0.275,0.0
826,0.275,0.0
827,0.275,0.0009765625
828,0.275,0.0
829,0.275,0.0
830,0.275,0.0009765625
831,0.275,0.0
832,0.275,0.0
833,0.275,0.0
834,0.275,0.001953125
835,0.275,0.0
836,0.275,0.0029296875
837,0.275,0.0
838,0.275,0.0
839,0.275,0.0
840,0.275,0.0
841,0.275,0.0
842,0.275,0.0
843,0.275,0.0
844,0.275,0.0
845,0.275,0.0
846,0.275,0.0
847,0.275,0.005859375
848,0.275,0.0
849,0.275,0.0
850,0.275,0.0
851,0.275,0.0
852,0.275,0.0
853,0.275,0.0
854,0.275,0.0
855,0.275,0.0
856,0.275,0.0
857,0.275,0.0
858,0.275,0.0
859,0.275,0.0
860,0.275,0.0
861,0.275,0.0
862,0.275,0.0
863,0.275,0.0
864,0.275,0.0
865,0.275,0.0
866,0.275,0.0
867,0.275,0.0
868,0.275,0.0
869,0.275,0.0
870,0.275,0.0
871,0.275,0.0
872,0.275,0.0
873,0.275,0.0
874,0.275,0.0
875,0.275,0.0
876,0.275,0.0
877,0.275,0.0
878,0.275,0.0009765625
879,0.275,0.0009765625
880,0.275,0.0
881,0.275,0.0
882,0.275,0.0
883,0.275,0.0
884,0.275,0.0
885,0.275,0.0
886,0.275,0.0
887,0.275,0.0
888,0.275,0.0
889,0.275,0.0
890,0.275,0.0
891,0.275,0.0
892,0.275,0.0
893,0.275,0.0
894,0.275,0.0
895,0.275,0.0
896,0.275,0.0
897,0.275,0.0
898,0.275,0.0
899,0.275,0.001953125
900,0.275,0.0
901,0.275,0.0
902,0.275,0.0
903,0.275,0.0
904,0.275,0.0
905,0.275,0.0
906,0.275,0.0
907,0.275,0.0009765625
908,0.275,0.0
909,0.275,0.0
910,0.275,0.0
911,0.275,0.0
912,0.275,0.0
913,0.275,0.0
914,0.275,0.0
915,0.275,0.0
916,0.275,0.0
917,0.275,0.0
918,0.275,0.0
919,0.275,0.0
920,0.275,0.0
921,0.275,0.0009765625
922,0.275,0.0
923,0.275,0.0
924,0.275,0.0
925,0.275,0.0
926,0.275,0.0
927,0.275,0.0
928,0.275,0.0
929,0.275,0.0
930,0.275,0.0
931,0.275,0.0
932,0.275,0.0
933,0.275,0.0
934,0.275,0.0
935,0.275,0.0
936,0.275,0.0
937,0.275,0.0
938,0.275,0.0
939,0.275,0.0
940,0.275,0.0
941,0.275,0.0
942,0.275,0.0
943,0.275,0.0
944,0.275,0.0
945,0.275,0.0
946,0.275,0.0
947,0.275,0.0
948,0.275,0.0
949,0.275,0.0
950,0.275,0.0
951,0.275,0.0
952,0.275,0.0
953,0.275,0.0
954,0.275,0.0
955,0.275,0.0
956,0.275,0.0
957,0.275,0.0
958,0.275,0.0
959,0.275,0.0
960,0.275,0.0
961,0.275,0.0
962,0.275,0.0
963,0.275,0.0009765625
964,0.275,0.0
965,0.275,0.0
966,0.275,0.0
967,0.275,0.0
968,0.275,0.0
969,0.275,0.0
970,0.275,0.0
971,0.275,0.0
972,0.275,0.0
973,0.275,0.0
974,0.275,0.0
975,0.275,0.0
976,0.275,0.0
977,0.275,0.0
978,0.275,0.0
979,0.275,0.0
980,0.275,0.0
981,0.275,0.0
982,0.275,0.0
983,0.275,0.0
984,0.275,0.0
985,0.275,0.0
986,0.275,0.0
987,0.275,0.0
988,0.275,0.0
989,0.275,0.0
990,0.275,0.0
991,0.275,0.0
992,0.275,0.0
993,0.275,0.0
994,0.275,0.0
995,0.275,0.0
996,0.275,0.0
997,0.275,0.0
998,0.275,0.0
999,0.275,0.0
1000,0.275,0.0
