The following result corresponding the input file : input_file_q_ary_2013.txt
The following result corresponding the SNR point : 3 dB.
36  61     1 16   2 32   5 14   7 12   9 33   10 10   12 17   13 21   15 4   16 4   17 1   18 1   19 32   20 16   21 12   24 18   25 1   26 2   29 9   30 8   31 1   33 2   34 4   35 16   36 32   37 8   39 8   42 1   46 16   49 2   50 32   51 1   53 16   57 2   60 2   62 9   
37  61     1 9   6 18   9 8   10 33   12 16   14 48   15 33   16 2   19 32   20 16   21 1   26 1   27 2   28 8   29 1   30 1   31 16   32 1   35 1   36 2   37 20   39 1   40 16   41 1   43 32   44 16   46 8   48 32   49 40   50 8   52 9   54 5   55 14   57 11   58 7   59 16   62 1   
46  63     0 4   2 10   3 33   4 32   6 33   7 33   8 36   10 16   11 32   12 2   13 33   14 6   15 8   16 2   18 52   21 16   22 32   23 1   24 8   26 32   27 4   29 19   30 16   31 2   32 1   33 1   34 33   35 16   37 16   38 16   39 16   40 26   41 5   42 16   43 2   44 33   45 34   46 8   47 1   49 21   52 1   53 32   54 4   55 1   60 2   62 1   
The following result corresponding the input file : input_file_q_ary_2013.txt
The following result corresponding the SNR point : 2 dB.
40  59     0 52   2 1   3 24   7 2   8 34   10 1   11 16   12 24   13 1   14 36   15 1   16 4   17 48   19 2   21 9   22 8   23 2   24 34   26 32   27 32   29 40   30 8   31 8   32 1   33 18   34 4   38 32   40 23   45 18   46 1   49 32   51 8   54 16   55 3   56 16   57 34   58 8   60 33   61 11   62 17   
45  62     0 12   1 8   3 40   4 5   5 16   7 16   9 34   11 32   12 28   13 4   14 1   15 3   17 1   20 16   21 1   22 24   24 32   25 2   27 5   28 5   30 9   31 4   33 1   34 11   35 16   36 48   37 9   38 8   39 32   40 8   41 32   42 29   44 1   45 28   47 1   48 32   50 34   51 9   52 2   53 4   55 32   57 16   59 8   60 2   62 1   
34  55     0 16   1 54   3 1   8 48   11 1   12 16   14 56   16 49   18 4   19 8   21 32   23 36   26 32   27 24   28 8   30 4   31 6   32 1   33 16   36 44   39 8   43 34   45 16   46 4   47 16   48 2   49 32   50 1   52 16   53 8   54 4   55 34   57 1   60 4   
32  61     1 2   2 36   3 34   4 1   5 1   6 52   7 2   8 1   11 2   12 32   13 39   14 2   15 8   19 4   21 2   22 33   25 40   27 2   28 16   32 16   33 1   34 8   35 16   36 1   43 4   44 36   46 20   53 4   54 5   58 33   59 32   60 4   
34  63     0 1   2 4   3 5   4 8   7 8   8 33   9 32   10 32   11 32   12 20   17 4   18 33   22 1   23 36   25 32   33 4   34 3   35 2   36 16   38 8   39 32   42 50   43 16   45 36   49 18   52 8   54 5   55 2   56 37   57 1   59 32   60 32   61 33   62 2   
28  56     1 18   2 2   3 1   4 50   6 32   7 5   8 36   14 8   15 2   17 24   18 32   21 36   24 8   25 6   28 16   29 4   31 8   32 8   34 32   35 2   36 1   39 34   40 32   41 32   44 14   50 2   60 44   61 17   
26  61     1 18   4 2   5 16   7 38   8 22   12 20   14 2   16 10   19 16   21 36   24 50   27 16   28 48   30 1   34 1   38 17   41 1   45 2   46 16   48 4   49 14   51 2   53 6   58 16   59 16   60 34   
33  59     2 16   4 8   5 17   6 1   12 12   14 10   15 1   19 2   20 1   22 2   25 8   26 1   28 16   29 9   32 4   33 32   34 43   37 32   38 8   39 1   41 8   42 3   43 52   46 8   47 1   49 2   50 8   51 4   53 8   55 8   56 41   57 2   61 1   
41  61     0 32   1 4   2 16   4 48   5 40   7 4   8 32   9 20   11 2   12 1   14 13   16 18   17 4   18 1   22 16   23 9   24 32   26 12   29 2   31 40   32 1   33 32   35 4   37 10   38 2   39 4   40 1   41 1   42 4   44 4   49 1   50 16   51 8   52 16   53 4   54 8   56 22   57 8   58 37   61 2   62 10   
40  63     0 2   1 2   2 8   3 17   4 9   5 1   7 16   8 4   9 32   10 1   11 32   14 34   15 3   18 1   22 1   23 32   24 16   25 3   28 1   30 33   31 1   33 4   34 8   37 16   40 20   41 20   42 1   44 1   47 1   48 2   49 1   50 32   51 16   53 12   54 32   55 18   56 32   58 4   59 32   61 2   
35  60     0 5   2 32   3 32   7 32   8 4   10 1   11 16   12 1   14 2   15 1   16 32   17 56   18 24   19 16   20 2   21 1   22 16   26 5   28 1   29 16   33 32   34 8   37 8   38 2   40 4   41 10   45 16   46 1   51 4   52 8   53 32   55 16   58 5   59 32   62 16   
31  60     1 9   3 34   4 28   5 16   6 32   7 8   9 20   12 18   13 4   14 48   18 32   22 32   27 3   28 32   30 10   31 40   33 16   35 6   38 8   40 32   42 8   43 4   44 32   45 12   49 16   51 1   52 1   53 4   54 2   55 32   58 4   
22  56     0 16   5 3   7 33   11 4   13 3   16 16   18 32   22 1   23 1   26 4   32 14   35 8   38 8   39 2   40 32   42 24   43 8   44 24   45 2   53 2   60 6   62 17   
35  60     0 18   1 32   2 32   3 3   6 32   9 2   10 32   11 16   14 8   15 6   16 8   17 2   19 24   22 8   23 1   27 32   28 1   29 4   32 2   34 1   36 49   37 1   39 1   40 5   41 16   43 9   44 4   46 8   47 32   51 17   55 2   56 1   59 24   60 1   62 17   
29  59     0 1   1 16   2 32   7 6   8 8   9 17   10 4   12 32   13 8   15 1   17 1   18 16   19 8   23 1   24 16   26 16   27 48   28 32   29 17   30 1   36 17   38 1   40 4   42 16   44 32   45 4   49 32   56 44   62 32   
32  56     1 24   2 2   4 20   5 10   7 5   8 17   9 32   10 2   12 17   15 36   18 1   20 26   21 12   24 18   25 1   26 2   29 18   31 1   33 18   35 18   36 4   37 9   38 16   42 1   46 16   49 2   50 32   51 4   57 34   58 2   60 1   62 9   
30  55     1 41   2 5   4 16   5 1   6 10   9 1   12 17   13 34   15 16   16 40   21 2   22 18   23 4   29 4   30 4   34 24   35 8   36 32   41 8   42 1   44 18   46 1   48 16   49 6   50 4   51 16   52 4   59 52   61 1   62 10   
31  53     0 3   1 9   2 5   5 9   6 16   7 32   10 33   15 33   16 2   18 5   19 8   20 20   26 1   27 32   30 1   32 20   35 2   36 8   39 1   41 1   43 32   44 16   46 2   48 32   49 32   52 16   54 4   57 3   58 6   59 8   62 1   
31  52     2 10   3 8   6 33   8 38   10 16   11 32   14 6   16 2   17 16   18 48   22 40   26 34   27 4   29 19   32 1   33 9   34 1   35 16   36 8   40 25   44 33   45 32   46 8   49 17   52 3   53 32   55 33   57 50   59 16   61 36   62 32   
26  57     2 16   5 8   8 2   13 8   14 18   15 32   16 34   17 8   18 18   19 20   21 18   24 1   27 16   29 8   32 1   33 1   34 32   36 1   44 2   45 32   48 33   49 1   51 10   53 32   55 4   60 1   
28  59     0 9   1 48   6 32   7 1   8 4   12 33   13 32   15 2   17 4   18 4   19 32   24 2   27 1   28 1   29 33   34 24   37 8   38 10   41 9   45 6   46 2   52 8   57 12   58 16   59 32   60 20   61 1   62 1   
40  60     1 4   2 4   3 4   5 1   7 24   8 2   9 13   12 8   14 2   16 2   17 1   18 32   22 2   23 9   26 16   27 18   30 13   31 8   33 6   34 4   37 17   38 32   39 16   40 19   41 1   42 4   44 40   45 1   47 8   48 2   50 33   51 1   52 11   55 4   56 5   57 32   58 32   59 16   60 6   62 12   
36  60     1 2   3 24   4 17   5 1   6 1   7 17   10 20   13 1   16 16   20 34   22 16   23 16   24 4   25 2   27 1   28 32   31 44   33 16   34 33   35 40   36 16   38 32   39 2   40 8   43 10   46 1   47 8   49 8   52 4   53 9   55 17   57 18   58 49   59 44   61 4   62 32   
29  61     1 4   2 8   3 10   6 1   8 4   12 2   15 12   17 32   19 2   22 1   24 8   25 1   26 16   27 2   28 16   32 2   33 1   36 12   37 1   38 20   39 16   41 12   48 56   49 14   50 8   51 16   60 4   61 54   62 9   
28  53     3 8   4 34   5 40   7 4   10 32   11 1   12 1   13 16   14 2   17 32   18 4   19 1   21 36   27 2   30 4   34 12   35 2   38 4   39 12   43 4   44 16   47 2   49 1   51 1   55 8   56 8   57 40   59 2   
36  60     0 1   2 2   3 5   4 4   5 34   6 16   7 8   10 8   11 19   12 36   13 4   16 18   17 2   19 16   20 8   23 16   24 32   25 2   29 8   32 4   33 16   36 36   37 10   40 16   41 4   43 8   44 32   45 4   48 32   50 20   53 4   55 40   57 4   58 8   59 20   60 32   
28  59     1 32   2 20   6 16   7 16   9 38   12 8   13 1   14 8   21 5   23 1   24 1   29 48   30 8   33 19   34 1   36 32   37 22   38 16   39 1   40 4   41 20   42 4   43 16   44 17   50 16   53 16   55 32   60 4   
29  58     8 2   9 2   10 34   11 4   12 2   13 48   17 16   19 18   22 2   25 8   26 40   27 32   28 8   32 18   34 1   36 8   38 12   41 48   42 12   44 32   49 1   50 4   51 8   54 5   55 32   56 32   57 2   59 2   62 1   
9  0     18 9   23 14   43 6   46 16   47 8   48 4   49 2   53 57   60 42   
36  62     5 16   6 41   7 8   8 32   10 17   11 36   13 49   15 2   17 1   19 8   20 14   25 1   27 16   28 1   30 32   31 32   32 25   33 4   34 40   35 8   36 16   40 32   42 36   44 16   48 32   49 32   50 34   52 32   53 1   54 50   55 4   56 24   57 2   59 8   60 1   61 32   
29  59     1 18   2 33   3 4   9 4   11 8   16 1   17 8   19 8   23 32   25 11   29 1   30 9   32 16   34 32   36 32   37 20   40 34   41 32   43 8   44 4   45 32   46 1   50 4   54 32   55 48   58 14   59 1   60 2   62 3   
32  62     0 18   3 16   4 1   6 34   8 20   9 8   10 2   12 2   13 32   17 40   23 4   24 16   26 49   27 4   28 2   29 8   30 42   31 16   35 16   36 16   39 1   40 3   41 32   44 8   46 2   47 1   51 1   52 2   55 8   58 8   60 4   61 8   
38  60     0 33   1 32   2 32   7 3   8 8   10 32   12 9   14 32   16 24   18 2   19 32   20 34   23 4   24 6   25 8   26 32   27 18   28 7   29 4   30 8   31 4   33 16   35 24   37 32   40 2   41 4   42 41   43 8   44 10   46 32   47 4   49 8   50 2   52 32   53 24   55 8   58 4   62 1   
36  54     2 24   4 2   7 16   8 20   11 5   12 40   14 24   17 3   18 17   19 4   20 26   22 28   23 10   24 16   25 34   26 32   27 4   31 42   35 20   37 10   38 8   39 16   40 8   41 4   42 33   46 8   47 8   48 32   50 10   51 12   52 33   53 26   54 25   57 10   58 24   61 17   
37  61     0 48   1 40   2 20   4 17   8 2   10 12   12 1   13 56   14 4   15 4   17 16   19 4   22 8   23 17   24 16   25 39   27 2   28 1   30 32   33 16   36 2   37 54   38 16   40 16   41 16   42 4   43 16   44 9   45 32   46 38   48 4   49 32   50 16   53 18   54 8   59 9   61 10   
40  60     0 4   1 12   2 16   3 32   4 32   5 12   7 16   8 33   9 13   10 6   11 2   12 10   13 33   16 1   18 33   19 2   21 9   22 4   23 16   24 8   26 8   30 1   31 33   32 3   34 1   36 16   37 40   38 3   39 16   41 4   42 8   45 4   46 8   47 32   48 8   50 24   55 8   58 11   60 2   61 56   
34  58     1 4   3 20   6 9   8 16   9 16   16 8   17 2   18 4   19 16   22 32   24 36   25 16   28 34   30 1   31 48   32 4   34 8   35 2   36 2   37 1   39 17   41 5   42 6   43 4   45 4   47 4   49 8   52 32   53 28   54 12   55 40   57 4   61 16   62 9   
41  58     2 1   3 4   4 16   6 33   7 1   8 2   9 48   10 32   12 2   13 16   14 32   15 1   16 16   19 16   20 8   21 32   23 16   27 3   29 18   30 4   31 16   33 32   35 40   36 17   37 5   38 1   39 2   40 4   41 32   42 2   44 4   47 4   49 32   53 16   54 2   55 32   57 2   58 4   60 56   61 2   62 12   
34  63     0 6   1 4   3 8   5 16   8 1   11 8   12 36   13 16   14 8   15 16   18 16   19 5   20 9   27 2   28 33   29 4   31 16   32 1   35 1   36 33   39 17   40 16   42 9   43 12   44 1   45 40   49 16   50 32   51 4   52 8   54 16   55 4   57 36   60 1   
32  62     0 2   6 2   8 12   9 1   11 2   12 2   13 24   18 16   20 52   22 26   24 11   25 32   27 32   28 24   29 8   30 8   31 2   32 32   33 8   34 3   36 8   37 1   38 2   39 2   42 4   47 33   51 4   52 16   53 32   54 4   59 2   60 2   
34  61     2 2   5 6   8 4   9 10   10 16   14 1   16 32   21 8   22 16   23 5   25 5   26 8   27 14   29 12   30 1   31 16   33 52   35 8   36 33   37 1   39 16   40 32   42 16   45 2   46 2   48 1   50 1   51 40   52 4   55 2   58 48   59 16   60 4   62 40   
40  61     1 1   2 16   4 9   6 32   7 36   9 40   15 4   17 10   20 2   21 4   22 4   23 34   24 4   25 33   26 18   27 34   28 8   29 16   30 9   32 48   33 1   34 8   37 25   38 32   39 2   41 14   44 8   48 32   49 1   50 16   51 40   52 13   54 16   55 4   56 9   57 4   59 1   60 8   61 4   62 38   
33  59     1 1   2 20   6 32   7 8   10 20   15 2   18 1   23 4   24 32   25 32   27 1   30 2   31 18   32 1   33 8   34 10   36 38   37 33   38 24   40 32   41 2   47 32   50 4   52 16   53 24   54 16   55 40   56 37   57 20   58 4   59 32   60 2   62 10   
28  56     0 32   1 20   2 4   4 2   5 8   12 2   16 6   19 8   20 48   25 2   28 40   30 1   31 32   32 2   34 48   36 2   37 16   39 11   40 2   41 4   43 24   44 1   48 8   49 1   50 8   51 32   53 1   60 32   
29  46     0 19   1 40   4 20   7 9   8 27   9 4   11 32   15 2   16 8   19 4   23 2   27 44   30 17   35 1   37 14   38 2   40 39   41 10   42 25   45 8   47 2   49 8   50 20   51 4   54 1   56 12   57 4   58 16   59 1   
26  58     1 8   2 20   3 1   10 4   11 16   12 4   14 33   18 8   21 17   30 2   33 12   34 1   35 4   36 16   37 40   39 32   40 16   42 9   45 4   47 2   49 4   52 16   53 9   56 8   57 52   59 32   
23  62     0 6   2 34   8 40   12 1   15 8   17 41   18 33   19 26   20 40   22 16   27 1   28 41   29 21   30 2   31 8   32 45   33 4   36 12   39 2   40 1   54 9   55 1   59 8   
29  0     1 10   2 12   5 29   8 21   9 34   10 25   13 37   14 53   15 33   17 17   18 28   20 19   22 30   23 17   24 5   29 2   31 1   32 16   33 12   34 4   36 18   37 16   43 2   46 1   48 16   51 8   52 8   60 45   62 33   
46  62     0 32   1 25   2 12   3 1   4 8   5 4   6 1   7 16   8 12   9 8   11 32   12 8   13 32   15 8   17 33   18 5   19 33   21 1   22 2   24 8   26 32   27 8   28 2   29 60   30 20   31 16   33 8   34 16   35 48   38 2   41 1   43 12   44 1   47 27   49 34   50 5   51 20   52 2   53 4   54 17   56 9   57 1   59 2   60 12   61 4   62 20   
43  54     0 32   1 21   2 6   4 32   5 37   7 28   9 36   10 8   12 34   13 24   15 1   16 20   19 37   20 12   21 54   22 1   23 16   25 39   26 56   27 1   28 7   29 48   30 14   31 32   33 10   34 4   35 16   36 2   38 2   39 57   41 4   42 15   44 1   45 40   47 12   48 36   49 2   51 16   54 14   56 1   58 32   59 32   61 10   
39  48     0 8   2 4   3 40   4 33   5 29   8 6   9 48   11 4   13 16   14 1   16 4   19 9   21 4   22 29   23 8   24 4   29 1   30 2   34 20   35 32   37 2   38 1   40 32   43 9   44 16   45 9   46 10   47 36   48 2   49 4   50 8   51 60   53 46   54 4   55 38   56 8   57 20   61 16   62 48   
32  51     1 42   2 8   3 2   5 1   8 2   9 8   11 13   12 2   13 2   14 2   15 10   19 2   20 32   21 32   22 12   24 4   25 16   26 2   27 1   30 2   32 32   33 32   34 8   40 16   41 34   46 32   47 36   48 1   49 16   53 1   57 17   60 8   
40  62     0 4   2 28   3 4   4 4   5 3   6 25   8 2   10 18   11 4   12 8   13 1   16 32   18 16   19 2   20 8   24 8   25 32   26 10   27 34   29 4   30 8   31 33   32 16   36 2   37 16   38 4   43 32   46 4   49 18   50 2   51 3   52 8   53 32   54 32   55 34   57 1   58 1   59 48   61 36   62 2   
28  60     1 8   2 2   4 8   5 4   9 48   10 20   12 16   13 6   16 2   17 34   25 12   27 26   28 16   29 16   31 16   35 2   36 8   39 16   40 4   41 16   42 36   48 20   49 16   53 2   54 56   56 2   59 2   60 48   
32  56     5 48   7 4   9 1   10 32   11 33   13 36   16 4   17 16   18 17   19 6   20 5   24 2   25 2   27 4   28 8   29 5   30 1   32 32   33 8   34 1   36 32   37 32   41 38   42 2   43 1   45 2   51 10   54 48   56 8   59 2   60 16   61 18   
27  58     4 8   7 10   8 2   9 2   10 9   12 16   15 16   16 48   17 4   18 32   32 6   33 16   34 16   37 32   38 32   40 36   41 6   43 1   47 1   48 36   51 16   55 10   57 1   59 18   60 8   61 8   62 48   
28  62     2 2   5 8   6 48   7 40   9 25   12 33   14 48   15 4   18 9   21 8   22 8   30 53   31 2   37 19   38 1   39 2   41 10   44 1   45 8   46 32   48 8   49 16   51 16   53 24   54 16   55 48   56 2   59 4   
34  62     0 10   3 8   4 1   5 16   6 1   8 1   9 8   11 16   12 32   13 12   14 1   15 48   16 32   17 1   18 1   19 39   22 12   23 6   24 24   26 8   27 2   28 2   29 17   32 10   34 6   35 16   39 1   40 4   41 32   47 10   48 12   52 8   59 2   62 16   
32  55     0 1   4 8   5 8   9 1   10 1   12 1   13 16   14 16   16 20   17 8   24 2   26 32   27 9   30 2   32 36   33 32   34 34   35 4   36 32   43 8   44 6   46 2   48 4   49 48   51 32   52 32   53 2   54 4   56 18   58 1   60 33   61 16   
24  60     0 32   5 16   6 3   8 34   9 22   13 33   15 3   18 12   21 1   27 8   28 16   29 2   33 9   36 1   38 1   39 1   41 8   44 40   45 16   46 4   50 4   51 16   58 12   61 32   
41  62     1 6   3 32   4 24   5 1   6 1   8 2   9 21   12 1   13 4   14 16   15 32   16 32   17 4   19 4   20 2   21 8   25 16   26 2   27 1   28 1   29 1   30 1   31 1   32 2   36 8   38 32   39 1   40 16   41 40   42 32   44 8   45 3   48 4   49 5   53 8   54 24   55 16   56 2   57 17   60 1   61 34   
27  60     0 4   5 5   10 2   11 32   12 1   13 1   16 8   17 4   22 32   23 4   27 8   28 1   34 10   35 12   36 1   41 20   44 20   46 1   48 16   49 20   52 4   54 40   57 1   59 2   60 16   61 8   62 16   
30  60     3 12   5 16   7 13   9 16   11 24   15 4   17 8   19 32   21 1   22 16   23 17   25 2   26 32   29 32   30 32   34 8   37 16   39 2   42 24   44 8   45 1   46 32   48 40   52 17   54 1   55 36   56 2   57 2   59 24   62 16   
35  58     0 32   2 3   3 19   5 8   6 48   8 32   9 40   11 32   12 20   14 4   16 4   17 4   18 48   21 34   23 2   24 1   31 4   33 2   34 6   35 10   36 16   38 4   40 2   41 1   43 8   48 16   51 42   53 20   54 5   57 1   58 16   59 32   60 32   61 33   62 2   
44  60     0 42   1 2   2 12   4 32   5 4   6 2   7 11   8 32   9 4   10 32   12 13   13 2   14 4   15 16   16 2   17 41   18 18   19 9   21 8   22 4   23 58   24 22   26 4   31 16   32 1   33 16   34 16   35 26   39 3   40 32   41 16   43 51   45 2   46 1   51 42   52 2   53 52   55 32   56 4   57 20   58 32   59 8   61 2   62 16   
34  58     0 24   6 32   7 32   9 1   11 9   12 33   13 52   14 1   15 8   16 17   17 12   20 32   21 2   22 1   24 12   26 13   27 6   30 16   32 12   33 2   34 8   35 2   37 28   38 2   41 16   43 2   44 44   45 16   47 16   49 16   50 7   52 32   57 9   61 4   
35  61     0 32   1 8   2 18   4 8   6 32   7 32   8 32   9 4   12 24   14 2   15 15   16 32   17 1   20 20   21 4   27 4   28 9   29 1   32 2   33 8   36 8   43 40   45 1   46 4   47 32   48 16   49 32   52 9   53 1   54 12   55 17   57 37   58 4   61 4   62 48   
36  63     2 4   5 44   6 16   7 8   9 1   10 2   11 20   13 16   16 52   22 4   23 32   24 28   25 12   26 6   28 2   29 25   33 56   34 16   36 6   37 1   39 16   40 13   42 23   45 8   46 52   47 20   48 36   49 4   50 32   52 20   53 4   57 1   58 8   59 1   60 16   61 34   
37  60     1 16   2 4   4 12   5 36   6 4   7 5   8 32   12 1   13 20   15 4   16 2   18 26   20 1   21 1   22 8   24 2   27 24   29 1   30 1   35 1   38 34   40 3   43 16   45 4   47 2   49 9   50 32   51 33   52 32   53 42   54 3   55 33   56 4   57 32   59 1   60 32   61 8   
29  60     0 9   1 42   4 5   5 9   7 5   8 50   10 32   14 4   16 26   19 1   22 22   27 8   28 40   29 8   31 4   33 8   34 16   38 3   39 1   40 11   42 1   43 40   45 5   50 5   51 13   54 4   58 28   59 5   62 19   
26  60     4 1   6 6   7 2   8 33   9 4   11 12   14 32   19 20   20 17   25 12   31 42   35 2   38 13   43 41   44 8   47 10   50 20   52 20   53 24   55 8   57 6   58 10   59 8   60 2   61 50   62 4   
34  60     1 16   2 8   3 32   4 17   7 9   13 2   14 1   15 5   16 2   21 3   22 10   26 32   27 2   28 16   29 2   32 1   33 16   34 4   37 24   38 8   39 4   40 6   42 18   45 4   46 18   48 8   50 16   53 1   54 25   55 24   56 10   58 35   60 34   62 2   
29  62     0 1   2 4   9 32   10 16   14 20   16 1   18 8   21 8   22 16   23 40   27 4   29 1   30 16   31 48   35 1   36 48   37 2   38 4   39 16   40 4   42 36   44 4   48 34   49 32   52 1   53 16   58 36   59 32   62 6   
46  57     1 9   2 32   3 10   4 9   5 34   8 42   11 9   13 17   14 17   16 16   17 32   18 16   19 32   20 12   21 4   22 36   23 4   24 32   25 6   27 8   28 32   30 7   31 4   33 4   34 1   35 5   36 25   38 32   40 16   41 44   42 34   43 4   44 1   45 36   46 4   48 32   51 36   52 40   53 8   54 33   55 2   57 2   59 8   60 12   61 16   62 1   
35  62     0 4   2 32   8 32   9 32   10 1   11 32   12 16   14 16   17 32   19 2   20 2   21 24   22 18   23 5   25 33   28 24   29 17   30 8   31 4   32 8   37 8   39 16   40 4   42 16   44 24   45 36   48 4   49 1   50 1   52 16   53 5   55 16   56 8   57 4   60 4   
34  62     1 32   2 2   3 32   4 4   5 8   6 32   7 8   9 2   10 41   11 2   12 1   15 10   17 8   18 2   22 1   23 17   24 18   27 9   28 34   29 4   30 2   31 1   32 18   33 1   34 36   35 32   37 4   39 4   44 18   47 8   54 53   55 7   60 9   62 8   
28  63     0 32   3 26   5 2   6 1   7 37   8 11   11 1   14 8   18 24   22 1   24 52   27 2   28 10   29 2   30 43   32 2   35 2   37 2   40 17   41 32   42 16   48 4   50 2   53 1   54 32   55 16   57 1   59 12   
26  60     1 18   2 38   3 32   6 8   10 32   11 34   14 16   20 5   23 32   24 8   28 40   29 16   30 9   32 2   34 4   39 32   41 2   42 41   43 19   44 48   48 2   51 54   53 1   54 7   57 42   60 8   
28  54     1 2   4 1   5 16   7 13   8 1   10 16   11 8   12 33   13 40   17 41   19 12   26 9   27 2   29 40   37 4   38 32   39 2   40 33   41 20   47 8   48 32   49 4   50 34   51 1   53 1   55 1   59 16   62 4   
43  60     0 6   1 5   2 4   4 32   5 33   6 3   7 54   9 32   11 8   15 8   16 17   18 48   21 1   22 24   23 34   24 4   26 32   27 12   28 2   30 9   31 2   32 5   33 1   36 8   37 48   38 8   39 8   40 4   41 40   42 4   43 32   44 16   45 9   46 2   49 8   51 32   54 4   56 16   57 12   58 8   59 16   61 33   62 32   
38  58     0 16   1 1   2 4   4 32   5 3   6 8   7 5   9 16   11 10   12 4   13 4   15 16   16 2   18 32   20 8   21 16   22 16   23 16   24 2   25 2   27 8   30 20   34 1   35 2   37 1   39 20   44 40   45 4   47 16   48 2   50 32   51 16   54 4   55 17   57 8   59 16   61 2   62 10   
27  57     0 8   2 5   3 24   5 6   12 32   14 2   19 8   21 2   22 16   23 32   24 34   25 8   30 32   31 12   33 8   34 10   35 35   36 3   37 10   40 16   45 2   47 33   52 4   56 6   57 28   60 2   62 33   
31  55     0 4   4 4   5 2   6 18   10 24   11 36   12 8   14 1   16 16   17 32   19 34   23 8   24 18   26 4   27 2   28 24   29 10   30 1   34 16   35 32   37 1   40 33   43 16   44 8   49 33   50 36   54 2   55 2   57 56   60 8   62 16   
28  59     1 12   2 32   3 1   4 2   5 8   6 8   7 6   9 2   10 1   11 3   12 32   13 1   14 1   24 2   25 2   31 41   33 16   34 33   36 16   37 2   38 1   39 16   41 52   45 6   48 1   50 48   53 1   56 1   
43  58     1 3   2 13   3 22   6 1   7 32   8 32   9 4   10 6   11 1   12 8   15 35   16 24   19 17   21 24   22 24   23 4   25 17   26 9   27 22   28 1   29 48   30 2   33 4   34 33   35 4   36 1   37 17   39 32   40 36   41 39   42 6   43 4   50 12   51 16   52 8   53 32   54 10   56 24   57 3   58 34   59 34   61 24   62 4   
39  60     0 1   2 2   3 16   4 8   5 26   7 32   8 2   9 35   11 16   12 18   15 10   18 32   19 4   20 20   21 4   24 33   26 5   30 16   32 32   35 2   37 32   38 1   40 40   41 8   43 32   44 12   45 1   47 3   48 8   49 4   51 34   53 32   55 17   56 32   57 2   58 2   59 4   60 1   61 8   
30  57     0 20   2 33   3 4   4 32   5 2   10 1   13 16   15 2   17 2   18 4   20 32   21 5   22 32   27 4   31 12   33 2   37 4   42 18   43 3   45 48   46 8   47 36   48 16   49 2   50 8   52 1   53 8   55 1   57 8   58 8   
36  60     1 8   4 2   12 8   13 20   14 2   16 4   18 4   20 5   22 1   23 34   24 8   26 16   28 16   29 10   30 33   31 2   32 32   33 1   35 10   36 1   37 4   38 32   39 32   40 1   41 3   44 16   45 16   47 2   49 32   51 2   52 2   54 8   55 3   56 2   59 16   62 8   
35  57     2 1   3 2   5 1   6 8   10 6   11 2   13 2   16 16   17 9   19 1   22 24   23 2   25 4   26 32   27 1   28 2   30 10   31 2   32 1   33 1   38 10   39 40   40 1   42 8   43 1   45 8   46 1   47 8   48 9   50 2   52 1   58 1   59 32   60 32   62 40   
41  59     0 39   1 12   2 32   3 5   5 2   6 16   7 2   8 24   10 2   13 2   15 16   16 16   17 24   19 3   20 4   21 4   24 2   25 18   27 25   28 16   29 8   31 8   32 24   33 33   34 8   35 16   36 4   37 4   39 16   40 16   41 1   42 1   46 8   48 13   52 16   53 8   57 36   58 33   59 19   61 26   62 34   
29  57     0 9   3 20   4 16   5 1   6 32   10 1   11 37   13 32   14 24   15 8   16 40   18 8   19 8   22 20   23 16   25 16   27 32   33 16   35 1   36 4   38 2   39 2   40 36   42 24   44 16   45 16   46 4   48 11   57 16   
38  56     0 8   1 28   5 8   6 4   7 6   9 34   11 4   12 12   13 32   14 17   15 8   16 16   17 4   18 1   20 32   22 1   24 4   26 5   29 2   31 2   32 32   34 17   36 7   39 16   40 22   42 32   43 16   47 2   48 8   49 2   50 37   51 36   55 9   56 10   57 34   59 2   61 1   62 32   
30  58     5 2   6 8   8 2   11 8   13 16   14 1   16 24   18 2   22 32   24 2   25 1   27 16   28 6   29 16   32 33   41 4   44 4   45 2   49 32   50 20   51 38   53 1   54 2   55 32   56 2   58 8   59 10   60 5   61 4   62 10   
26  61     0 8   1 16   2 16   5 3   8 4   9 32   10 2   14 36   17 2   19 12   21 32   23 4   25 32   27 40   29 32   32 1   38 48   44 4   46 8   47 2   50 48   54 16   56 1   57 1   59 24   61 4   
30  60     0 4   2 18   3 8   6 24   9 32   13 16   15 1   16 4   20 8   21 1   24 2   26 2   27 8   30 48   31 40   33 32   34 1   37 32   40 20   43 36   44 4   47 8   48 24   51 1   53 3   55 8   57 2   58 4   60 32   62 24   
32  61     0 2   2 1   3 16   4 17   11 16   12 16   14 4   17 50   19 32   20 8   22 16   24 16   25 4   27 24   30 32   35 4   36 3   38 1   41 6   42 16   45 9   46 2   47 4   48 35   49 32   50 4   52 8   53 1   54 32   57 32   59 20   61 6   
45  59     0 4   1 43   2 42   4 2   7 16   10 8   11 4   12 36   13 6   15 36   17 16   18 24   19 1   20 50   21 32   23 32   24 32   25 24   26 48   27 2   28 32   29 3   30 2   31 8   32 6   33 2   35 8   38 20   40 2   41 4   42 16   44 16   45 17   46 2   47 32   51 34   53 33   54 1   55 24   56 56   58 37   59 16   60 6   61 2   62 8   
23  58     3 32   9 16   10 32   15 18   17 10   22 1   25 2   26 5   27 16   29 1   31 18   32 2   33 1   36 4   38 2   39 32   42 1   43 36   46 8   48 2   49 16   56 4   58 36   
32  58     0 8   2 8   3 8   5 24   6 4   7 5   9 16   10 2   13 22   15 16   17 16   18 28   19 3   23 32   26 1   27 4   28 17   29 24   35 8   36 16   37 1   39 16   41 32   43 16   44 4   46 12   47 4   49 2   53 16   54 12   56 8   60 2   
32  59     0 32   2 4   3 2   4 3   5 4   6 1   8 16   10 18   14 49   15 1   17 51   19 8   29 4   30 25   31 16   32 36   34 32   35 2   37 8   38 16   40 10   41 2   42 34   44 1   48 8   50 4   51 16   53 16   54 12   56 16   58 24   59 1   
The following result corresponding the SNR point : 2.25 dB.
37  60     0 4   1 4   4 36   5 8   6 5   7 8   9 1   10 16   12 33   13 4   16 1   17 2   19 17   20 2   21 3   22 8   23 16   24 1   25 8   26 4   27 8   30 1   34 33   38 5   39 2   41 9   42 8   43 16   46 32   48 1   50 32   53 12   55 2   58 8   59 1   61 2   62 8   
41  63     0 40   1 20   2 16   4 4   5 2   6 1   7 12   10 8   11 5   12 32   14 16   17 5   19 8   20 4   21 32   22 16   25 41   26 4   27 16   29 32   33 3   34 2   35 32   37 6   38 2   39 32   40 36   41 33   44 24   45 8   46 2   47 8   49 34   50 1   51 32   52 8   56 3   57 12   58 8   59 2   61 36   
25  60     2 4   4 4   6 2   7 8   10 2   12 2   15 18   16 40   20 9   21 1   27 26   29 5   32 32   34 1   37 16   38 33   40 9   42 1   44 33   48 1   49 32   52 20   54 8   59 8   62 1   
34  57     5 32   9 18   10 48   11 8   14 8   15 1   17 16   18 3   20 1   22 1   23 32   25 8   30 4   31 2   33 1   34 2   35 2   36 16   37 32   39 8   40 32   41 8   42 8   43 8   44 32   46 8   47 4   53 4   54 16   55 32   57 6   58 36   59 1   60 5   
28  55     2 1   4 1   5 2   6 10   7 9   10 8   13 32   16 2   17 1   19 8   21 4   22 8   23 4   31 40   34 8   37 9   39 2   41 8   45 2   46 32   50 32   51 12   52 36   53 2   55 32   57 4   58 4   62 32   
29  58     0 12   4 33   5 1   9 8   10 4   12 1   15 1   17 56   20 44   22 36   25 38   29 4   30 10   31 37   33 40   34 12   35 2   36 1   37 4   38 2   40 8   42 1   44 32   54 16   55 8   57 2   60 4   61 16   62 10   
38  60     0 24   2 18   5 16   7 10   8 4   9 8   10 49   11 34   12 28   13 10   14 16   15 9   16 5   17 1   18 4   19 16   22 17   23 2   24 4   26 4   27 28   28 2   29 32   32 32   33 8   35 12   36 2   37 32   38 2   39 16   40 8   41 17   42 2   44 8   45 16   54 32   57 22   61 48   
37  60     2 5   4 2   6 1   7 32   8 9   9 5   10 34   14 2   16 13   17 5   21 8   22 8   24 4   25 16   27 2   29 1   30 4   31 32   32 9   33 4   34 4   36 1   37 49   39 20   40 16   41 4   43 1   44 32   47 35   50 16   51 2   55 32   56 8   58 12   59 6   60 1   61 4   
27  60     1 32   2 4   3 2   6 56   9 2   16 16   19 16   20 16   25 8   26 32   27 21   29 16   33 4   34 2   35 2   36 8   38 16   39 37   41 40   42 2   43 1   46 18   47 32   50 24   51 2   54 18   57 1   
33  62     0 25   1 34   4 32   5 25   8 8   9 1   10 32   12 4   13 16   15 1   19 16   20 32   21 2   25 16   28 8   29 2   30 4   31 2   32 32   33 6   34 1   41 34   42 21   43 9   44 4   45 32   48 8   51 5   53 8   54 2   55 12   56 16   61 33   
37  63     1 1   2 2   5 8   6 17   7 48   8 40   10 16   11 18   14 48   15 9   16 1   17 18   18 36   20 36   21 1   23 12   24 16   25 16   26 1   30 3   31 8   37 32   39 40   41 8   43 2   45 10   46 8   47 1   48 4   49 40   50 1   52 8   55 2   56 16   58 33   60 34   61 8   
35  62     1 8   3 16   4 2   5 20   6 16   8 16   9 16   12 17   16 1   17 4   18 1   19 3   20 16   21 2   23 2   24 1   28 4   29 6   31 2   32 11   33 20   35 4   36 8   37 8   43 18   46 9   48 16   50 32   52 8   54 2   56 4   57 36   58 16   60 32   62 16   
37  62     1 8   3 48   4 4   5 36   8 16   9 1   10 11   12 32   13 16   14 34   15 2   19 2   20 1   23 17   25 48   26 21   27 16   28 2   30 8   32 12   33 40   36 10   37 7   38 4   41 12   42 10   44 33   46 3   47 17   48 35   50 32   51 2   52 9   53 9   56 32   60 33   61 1   
32  61     1 16   2 16   3 34   4 32   5 20   6 8   8 32   14 1   19 38   20 33   23 4   28 2   31 4   33 2   35 16   36 20   37 8   38 52   40 36   41 36   43 2   44 4   45 5   46 2   49 12   51 32   53 12   56 40   58 1   59 4   60 2   62 20   
34  59     1 32   5 16   9 4   11 24   12 1   13 24   14 2   18 4   19 36   21 4   22 10   24 4   26 2   27 4   28 34   29 2   30 1   34 1   36 5   38 48   39 20   40 17   43 16   44 4   45 8   46 1   48 8   53 9   55 9   58 8   59 8   60 32   61 1   62 1   
28  55     2 4   3 24   4 1   7 40   11 34   12 32   13 18   16 6   17 16   21 1   27 34   29 33   30 2   31 2   32 34   36 2   43 16   44 4   45 32   50 45   51 9   54 32   55 8   56 49   58 4   59 12   60 2   62 32   
36  55     1 10   4 8   5 16   6 3   7 16   8 24   12 1   13 9   14 32   16 10   18 10   22 8   23 8   24 32   25 16   26 8   27 32   28 1   29 40   30 1   37 4   38 36   41 4   42 4   43 8   44 10   48 2   49 48   52 32   53 3   55 2   56 8   57 8   58 4   59 2   60 9   
25  58     2 5   4 16   6 34   9 8   13 16   16 2   18 32   20 33   21 4   24 16   27 16   33 32   34 16   39 5   43 32   44 20   46 1   48 18   50 1   53 32   54 8   55 2   56 2   60 1   61 12   
43  61     3 4   4 8   6 9   8 4   9 2   11 16   12 8   13 16   15 2   16 2   18 4   20 36   24 4   26 4   27 16   29 24   30 34   31 36   32 16   33 33   34 33   35 34   36 32   38 48   40 17   41 19   42 50   43 32   44 40   45 34   46 48   47 6   49 4   50 4   51 16   53 17   54 13   55 36   56 16   58 16   59 2   60 5   62 3   
36  62     0 2   1 2   2 3   4 1   5 40   7 2   8 5   9 8   10 24   11 40   13 12   15 16   16 8   21 12   24 4   25 32   26 33   29 1   32 1   33 2   35 8   38 21   41 32   42 2   44 40   46 2   50 1   51 1   54 1   55 8   56 8   57 2   58 1   59 32   61 2   62 4   
42  62     0 17   1 1   2 49   5 32   7 32   8 32   9 16   10 32   11 2   12 42   14 4   15 1   17 2   18 37   19 1   20 1   21 21   22 5   26 8   28 8   29 3   30 4   33 32   34 1   36 20   37 48   38 32   39 32   40 2   41 12   42 1   45 24   48 32   49 48   51 32   52 4   56 20   58 24   59 32   60 42   61 1   62 32   
39  62     0 32   1 44   2 48   4 20   5 34   6 2   7 1   8 40   9 32   10 8   14 32   18 5   20 8   21 8   22 8   24 16   25 12   27 32   33 4   34 4   37 1   39 4   42 4   43 2   45 32   46 16   47 4   48 49   49 16   50 32   51 4   52 4   55 2   56 16   57 32   58 32   60 5   61 1   62 32   
23  59     1 2   2 24   4 4   5 2   6 17   7 1   9 4   12 1   15 1   18 2   19 16   20 2   22 34   26 35   34 32   38 28   40 22   41 16   42 8   44 16   46 8   49 4   58 33   
29  59     1 18   5 2   11 36   13 2   14 4   16 2   17 4   18 16   19 34   20 20   22 36   25 36   26 8   28 1   33 8   34 16   39 8   40 2   41 16   47 8   50 2   51 1   52 8   54 2   55 2   56 36   57 2   58 5   62 2   
35  62     0 9   1 2   2 4   6 1   7 24   9 3   10 3   12 8   13 4   16 20   18 13   20 2   21 36   22 16   23 42   24 36   25 6   26 2   27 8   30 9   31 48   34 16   36 4   37 40   41 49   45 1   46 8   47 38   49 44   53 32   55 10   56 43   59 32   61 8   62 16   
26  60     3 32   6 16   7 2   10 48   11 16   12 8   13 11   16 4   20 16   21 1   23 18   24 9   25 9   26 18   29 32   33 16   37 4   38 24   43 1   45 8   48 2   49 48   50 2   52 8   53 8   59 22   
32  60     0 1   4 6   5 4   6 8   7 8   8 1   9 16   10 4   12 22   16 1   22 32   23 10   24 16   26 4   28 2   30 3   31 32   32 34   35 9   36 50   39 18   40 8   42 8   45 16   47 4   53 4   54 2   56 16   58 2   59 5   60 1   62 18   
37  62     0 10   1 1   2 1   3 4   4 2   5 2   9 4   10 34   12 2   13 8   16 2   19 16   20 20   23 34   24 1   27 2   28 17   30 32   31 25   32 24   34 38   36 32   37 2   41 32   42 1   43 2   44 34   45 32   48 32   49 4   52 4   53 8   54 2   55 16   56 4   59 16   60 11   
32  61     5 32   10 2   12 8   13 35   16 16   17 2   19 4   20 28   23 1   25 8   26 20   27 16   28 16   31 33   34 10   35 32   36 4   37 35   38 16   39 2   41 1   42 4   47 11   50 38   51 16   52 21   55 33   57 16   58 16   59 16   61 40   62 16   
37  61     1 9   3 17   4 40   8 32   12 4   13 4   14 25   15 2   16 36   17 1   18 40   19 2   20 32   21 2   26 35   28 2   32 8   34 4   36 33   38 32   40 2   41 16   44 1   45 2   46 6   47 16   48 2   49 8   50 4   51 8   53 8   54 5   55 32   57 16   58 32   60 16   62 33   
32  60     1 16   3 8   8 16   9 5   10 3   12 1   13 1   16 8   17 12   19 2   20 32   25 2   27 4   28 1   29 24   30 1   33 2   34 16   35 16   39 16   40 4   43 34   45 5   46 40   50 1   52 16   53 32   56 18   58 40   59 9   60 16   62 8   
35  61     0 2   1 1   3 3   4 40   5 40   6 16   9 1   11 40   12 32   13 8   14 48   16 8   18 48   19 10   24 1   29 12   31 2   34 1   35 32   37 40   40 52   41 16   42 9   44 32   46 32   47 36   49 16   50 2   52 4   53 32   54 1   58 32   60 17   61 1   62 2   
30  58     0 36   2 32   3 8   5 33   8 32   10 16   15 12   16 16   18 6   25 1   26 8   27 43   28 33   29 4   30 16   31 8   32 2   34 4   35 32   36 48   37 2   42 48   43 32   47 1   50 2   55 4   56 3   57 16   59 17   60 32   
37  62     0 24   1 1   3 40   5 2   6 16   7 16   8 16   9 2   13 8   14 40   15 6   18 17   19 7   20 33   22 4   26 1   29 56   32 32   34 1   35 4   37 12   38 33   39 33   41 2   42 3   45 48   47 16   48 37   50 32   51 22   53 4   54 10   55 16   57 28   58 2   59 8   60 16   
34  58     1 16   2 1   4 1   5 8   6 16   10 26   11 1   12 32   14 17   17 9   18 32   19 8   20 2   23 9   25 36   27 16   29 16   30 16   32 17   33 9   34 28   35 8   36 48   39 2   40 8   44 48   47 9   48 8   49 2   53 32   54 16   58 16   59 36   60 8   
29  60     0 24   1 8   3 32   6 3   7 2   8 38   9 4   11 1   12 4   13 28   19 4   22 4   24 1   30 16   31 16   32 8   33 16   36 8   37 20   38 2   39 1   41 1   45 8   46 16   49 16   50 2   51 1   53 8   62 4   
41  0     2 37   3 24   4 6   6 4   7 16   8 32   9 3   10 8   11 1   12 12   13 7   15 2   16 33   18 18   19 40   20 8   21 24   22 42   23 2   26 22   29 3   33 18   34 32   35 8   36 4   38 14   40 4   41 18   42 48   45 8   46 4   47 32   49 56   52 2   53 11   54 1   55 6   57 24   59 20   61 23   62 32   
34  60     0 16   2 10   3 34   5 4   10 11   11 3   12 5   14 34   15 34   16 16   19 32   21 20   24 9   26 2   29 16   30 4   32 4   35 32   36 1   37 4   39 2   41 17   42 32   43 17   44 8   45 16   51 2   52 4   53 32   54 1   55 32   57 34   58 42   59 2   
33  57     4 12   8 20   9 8   10 4   15 1   18 8   19 32   20 4   22 1   24 8   26 4   30 12   32 1   33 12   34 16   35 4   37 1   39 1   40 4   41 14   44 2   45 40   46 32   47 16   51 16   53 16   54 2   55 2   57 8   58 1   59 4   60 4   62 16   
26  61     0 48   1 16   3 9   6 8   7 36   12 1   14 16   15 4   17 2   18 1   19 32   24 8   26 25   30 2   32 16   36 8   37 2   41 17   44 13   45 1   50 36   53 4   56 34   59 9   61 16   62 2   
35  62     0 4   1 24   3 8   4 32   5 6   6 32   7 20   8 16   11 4   12 16   13 2   15 1   16 8   18 4   23 32   25 8   27 16   31 32   33 32   34 1   35 32   37 32   38 8   39 32   40 32   41 16   45 32   47 10   49 8   52 4   55 5   58 32   60 8   61 54   62 4   
46  62     1 8   2 36   3 18   4 9   6 2   7 1   8 1   11 40   15 32   16 32   17 9   18 8   19 2   21 1   22 9   23 20   24 16   26 4   27 26   28 12   29 3   30 9   31 32   32 16   34 8   37 1   39 1   41 6   42 33   43 1   44 16   45 16   46 4   48 8   49 5   50 18   51 9   52 26   54 1   55 16   56 14   57 4   58 56   59 20   60 6   62 44   
33  60     0 32   1 12   2 4   4 2   6 32   10 1   12 7   14 1   15 20   16 16   22 4   25 4   26 32   27 24   29 1   33 1   34 34   37 17   39 16   41 2   44 2   45 1   46 1   47 4   48 32   49 4   50 2   54 17   55 3   57 17   58 50   61 1   62 21   
24  61     1 48   3 2   5 5   7 2   9 8   14 14   15 16   18 44   19 1   20 16   21 24   25 2   29 4   32 48   37 34   38 17   42 2   44 2   45 34   49 8   51 16   53 10   60 4   62 9   
33  60     0 16   1 8   2 32   5 4   6 2   8 17   11 20   12 2   17 16   20 32   22 4   23 16   27 16   28 8   31 2   33 32   35 1   36 16   37 4   38 1   40 2   42 8   43 38   44 4   45 1   46 2   47 16   54 4   55 1   58 56   59 2   60 16   61 16   
44  61     1 24   2 9   3 12   5 8   6 25   7 1   8 32   9 24   12 20   15 48   16 4   17 32   18 16   19 53   20 32   21 21   23 16   24 4   25 17   26 4   27 1   28 4   29 9   31 8   33 32   34 1   35 16   36 2   39 34   40 32   41 9   42 1   48 24   49 16   50 4   53 48   54 16   55 4   56 12   57 49   58 6   59 32   60 5   61 1   
34  56     2 34   3 9   4 16   9 16   10 32   12 1   13 8   17 8   18 5   19 4   20 1   21 8   22 20   23 1   24 16   25 34   28 5   29 32   30 10   31 2   34 16   35 16   40 8   41 3   42 2   43 4   46 3   50 4   51 20   56 1   57 4   59 10   60 2   62 20   
37  61     0 4   1 32   2 16   5 4   9 16   12 8   13 1   14 8   15 36   16 12   17 2   19 9   22 17   23 16   24 32   27 8   28 48   29 10   31 10   34 16   38 16   40 8   41 16   42 34   43 6   46 40   47 16   48 20   49 8   51 4   52 32   55 5   56 2   57 2   58 32   59 1   61 4   
29  61     0 2   1 2   2 48   3 4   4 17   6 9   11 20   16 4   20 32   21 32   25 8   26 4   29 2   33 2   36 48   37 50   40 56   42 16   43 4   44 2   50 1   51 8   52 1   53 2   55 16   56 48   57 32   59 32   60 1   
38  61     1 8   2 16   4 16   5 4   6 8   7 33   8 36   9 1   12 32   13 32   14 2   17 48   19 6   20 1   21 5   23 33   25 1   26 1   27 34   28 16   30 8   31 17   32 1   35 2   38 16   39 32   40 1   42 2   45 2   46 20   48 24   49 16   50 32   54 4   55 1   56 16   59 32   61 8   
42  62     0 1   1 4   2 1   3 8   5 50   7 48   8 32   9 16   10 32   13 12   15 2   16 32   17 6   18 4   21 2   22 24   24 1   25 1   27 8   28 9   32 16   33 10   34 36   35 4   36 8   37 4   38 4   39 16   41 25   42 33   44 32   45 32   46 32   48 32   50 2   52 1   53 36   55 2   56 24   57 8   60 2   62 13   
32  59     1 4   2 4   4 48   5 16   7 32   8 32   9 4   12 4   13 18   14 8   15 16   19 32   21 1   22 32   23 32   26 20   27 2   28 8   29 8   32 56   33 17   36 8   37 4   38 32   39 16   42 8   43 17   47 12   50 16   54 2   55 16   61 1   
37  60     0 20   3 12   4 40   5 2   6 8   7 34   8 1   9 16   12 32   14 32   15 17   16 8   17 32   20 32   22 17   24 1   25 32   26 1   28 16   31 4   32 1   35 32   37 4   39 10   40 32   42 2   44 44   45 33   46 4   48 6   49 1   54 18   56 8   57 10   58 1   59 1   61 1   
32  60     0 16   2 21   11 1   13 48   14 16   15 11   17 1   19 9   20 4   22 10   23 2   24 32   26 20   27 32   28 32   29 1   30 8   31 32   34 16   36 2   37 12   38 5   41 8   42 27   45 34   48 2   52 4   56 33   57 2   58 8   60 16   61 4   
31  60     3 1   7 32   8 16   10 20   11 32   12 1   13 4   15 2   18 1   19 4   22 38   24 17   25 2   26 8   27 16   30 36   33 34   35 1   36 17   37 16   38 32   43 21   47 16   49 1   50 16   51 8   52 4   57 4   58 16   60 32   61 2   
45  61     0 40   1 1   2 32   3 33   4 16   5 8   6 4   8 8   10 8   11 1   13 33   14 32   15 32   16 2   17 1   18 2   19 8   20 19   21 8   22 2   23 8   25 12   26 6   28 16   30 40   31 16   32 16   33 32   34 16   35 8   38 2   39 32   40 4   41 16   42 6   43 4   45 35   46 8   47 8   51 4   52 1   57 7   59 2   60 32   61 2   
42  63     0 1   1 6   2 8   3 2   5 8   6 33   7 32   8 32   9 1   12 40   13 33   15 5   16 8   17 4   18 4   20 5   21 8   22 16   24 8   25 4   26 32   27 4   29 48   30 8   32 18   33 6   34 2   37 8   38 16   40 33   42 16   43 9   44 32   45 6   47 20   48 32   51 20   56 52   57 16   58 4   59 4   61 2   
35  60     0 61   1 4   2 1   4 8   6 2   8 2   9 32   10 4   13 1   14 8   16 4   18 1   19 18   20 16   26 16   28 4   29 1   30 9   33 8   34 40   37 40   38 18   39 40   41 48   45 16   46 4   47 48   49 8   50 32   51 9   52 32   53 6   58 1   60 2   62 1   
38  59     0 3   1 2   3 2   4 34   7 4   8 24   10 53   11 36   12 2   13 17   14 32   18 8   19 2   22 32   24 16   25 4   26 32   27 8   28 16   29 1   31 21   32 8   33 4   34 56   36 2   37 10   38 2   39 8   41 4   42 35   48 32   49 18   50 1   56 6   58 10   59 1   61 9   62 4   
40  62     1 1   2 1   3 4   6 8   7 1   8 8   9 11   10 52   12 8   13 4   14 2   17 5   18 12   20 16   21 32   22 32   25 20   27 1   29 1   30 2   32 10   33 3   34 8   36 16   37 37   39 40   42 13   43 32   46 2   47 32   49 3   51 9   52 8   53 6   54 4   55 1   56 10   57 6   58 4   61 32   
32  60     2 2   3 16   5 1   6 16   9 4   10 8   11 1   13 48   15 32   16 16   22 41   24 32   27 2   33 5   34 1   36 33   37 16   38 16   40 16   41 1   44 8   46 5   47 8   48 17   49 5   52 6   54 8   55 4   57 1   59 16   60 33   62 1   
30  53     1 9   2 16   3 18   4 2   8 33   9 1   10 32   11 16   12 9   14 1   15 4   16 2   19 10   20 8   22 5   25 1   28 32   29 2   30 8   34 32   40 36   41 8   45 5   47 2   48 2   51 1   56 4   57 2   58 24   59 8   
33  63     1 32   2 2   4 50   5 8   7 21   8 2   9 8   14 32   19 8   20 17   21 1   22 1   23 8   25 5   30 3   32 1   34 1   35 32   36 1   38 1   39 10   41 20   43 8   45 16   47 16   49 4   52 4   53 1   54 17   58 32   59 6   61 1   62 16   
24  55     1 16   4 14   5 4   6 4   8 18   9 16   10 32   14 16   15 12   26 1   28 32   30 56   33 16   35 5   37 32   38 4   42 8   43 4   48 48   50 48   53 1   57 2   58 1   61 4   
36  61     0 8   1 8   3 8   4 4   5 17   6 10   7 4   8 1   9 32   10 32   11 2   14 12   17 4   22 36   23 50   24 32   26 8   27 4   28 8   30 8   31 40   39 12   40 16   41 1   43 3   44 8   45 8   46 9   47 9   49 16   51 8   54 18   55 32   59 2   60 8   61 32   
28  57     0 32   2 8   3 32   5 4   9 16   11 17   12 5   13 8   15 32   21 8   24 36   26 2   28 17   30 22   31 4   32 4   36 8   39 16   42 18   44 32   46 8   48 4   50 1   52 33   55 4   56 32   57 5   61 1   
30  60     0 2   6 18   7 40   11 32   12 4   13 1   14 9   18 8   21 2   24 1   25 16   26 2   27 4   28 1   30 24   31 10   36 33   37 2   38 4   41 4   42 3   44 1   46 32   49 16   50 32   52 1   54 1   56 8   59 1   62 2   
28  58     1 4   3 8   4 2   7 33   8 16   16 1   18 1   21 32   22 6   27 17   28 34   30 32   35 1   36 2   37 2   39 8   40 8   43 1   44 19   45 16   48 25   51 2   52 1   54 8   55 2   57 18   61 32   62 8   
28  59     0 6   2 17   5 4   6 4   8 2   10 1   11 2   13 8   15 2   18 2   19 32   22 2   23 8   24 3   26 16   29 5   30 1   37 11   38 4   43 16   44 4   46 40   47 1   50 8   53 40   55 2   59 32   61 34   
33  61     0 5   6 8   8 2   12 34   14 2   15 16   17 4   18 40   19 34   20 6   23 8   30 2   31 17   32 34   33 8   36 4   37 32   38 32   40 34   41 5   42 4   43 16   44 4   45 8   46 4   47 16   51 1   53 24   55 40   56 8   57 8   59 4   62 12   
31  59     0 1   1 16   3 2   4 16   5 16   7 16   8 10   14 36   16 2   18 4   20 4   23 4   26 19   28 8   29 16   30 1   32 1   33 9   34 24   35 16   37 32   38 8   42 12   44 17   46 32   48 1   50 56   51 32   53 8   56 16   62 13   
32  59     2 8   3 2   8 4   9 8   10 9   11 25   13 48   16 8   19 1   20 1   23 4   25 1   27 1   29 32   32 32   34 50   36 32   38 8   39 18   40 19   41 8   42 20   43 36   44 8   46 32   47 5   51 12   52 48   56 24   59 16   61 2   62 34   
28  60     1 32   6 3   11 32   12 8   13 1   14 42   16 12   19 32   21 8   22 32   23 2   24 8   25 4   26 1   29 8   37 21   39 10   41 4   45 32   46 2   47 8   48 5   49 9   51 1   55 13   57 32   58 32   60 20   
41  60     0 22   1 33   2 48   3 16   4 24   5 17   6 2   9 18   10 40   12 16   13 13   14 6   15 17   16 1   18 8   21 4   22 16   24 5   25 6   30 16   31 34   32 4   33 2   34 44   35 32   38 48   39 12   41 6   42 8   43 16   44 10   45 16   46 1   47 8   48 24   52 24   55 4   57 16   59 22   61 8   62 12   
38  62     0 9   1 5   5 1   6 1   7 25   8 16   11 10   12 3   15 8   16 8   17 16   19 2   20 5   23 9   24 32   25 4   31 50   32 2   34 16   36 2   37 1   38 12   39 1   41 57   43 32   45 9   46 50   47 36   48 16   50 4   53 32   54 4   55 12   56 2   59 17   60 1   61 1   62 16   
35  61     0 2   1 48   2 16   4 4   5 40   7 6   11 40   12 8   16 32   18 3   20 32   21 16   22 17   23 16   24 32   25 32   26 1   27 34   29 16   31 6   32 4   34 3   36 52   43 4   44 10   46 2   47 48   48 4   50 16   53 8   55 2   56 16   58 3   59 3   61 4   
37  55     0 2   2 20   4 16   5 32   7 2   9 2   11 9   12 1   14 32   16 10   17 16   18 12   21 40   22 16   24 16   25 48   28 16   31 4   32 32   33 12   34 1   35 1   36 1   37 12   38 17   39 3   40 1   43 1   44 32   46 12   49 33   50 16   52 10   56 4   58 32   60 1   62 16   
32  57     1 1   6 1   7 4   8 16   10 36   11 2   12 3   13 32   20 32   23 4   25 3   26 8   27 8   29 36   30 16   31 4   36 16   37 49   38 16   39 8   40 8   42 36   43 34   44 48   45 8   48 35   50 2   52 32   58 8   59 1   61 28   62 16   
34  62     0 4   2 20   3 4   5 4   7 56   9 21   10 4   12 32   13 32   15 16   16 1   21 32   22 4   25 34   27 1   32 2   34 2   35 32   36 18   37 21   39 17   40 8   41 1   42 36   43 2   45 12   46 2   48 2   50 12   54 15   56 4   57 4   59 8   60 1   
33  57     0 18   3 32   4 8   5 33   6 1   7 16   9 33   14 16   15 1   17 20   19 24   22 33   23 25   25 1   27 9   28 1   29 4   31 40   34 34   36 9   37 32   38 4   39 4   40 32   41 4   44 1   45 4   46 57   52 40   53 32   54 40   58 3   62 2   
33  63     0 1   3 32   5 8   6 1   8 34   9 34   10 2   11 32   13 20   15 34   16 42   18 16   22 8   23 33   24 1   27 16   33 2   34 1   35 8   36 2   37 1   38 2   41 25   42 40   43 8   46 4   49 1   52 4   55 4   56 16   57 32   61 34   62 22   
28  56     7 8   9 32   10 8   11 10   12 4   13 4   17 12   18 10   24 32   25 16   27 2   28 33   35 8   36 8   40 8   41 10   43 20   44 18   46 8   47 1   48 16   49 32   51 4   52 1   53 4   54 1   55 18   58 1   
36  61     0 2   2 36   3 1   4 18   5 32   8 33   9 28   10 49   11 8   12 6   13 16   14 2   15 10   17 8   18 2   20 20   24 10   26 8   27 5   28 32   33 2   34 4   35 13   36 20   39 6   40 4   42 17   43 8   44 32   46 6   48 32   49 16   51 56   55 1   58 40   61 32   
29  57     0 17   1 4   3 7   5 4   7 38   8 1   15 1   16 8   18 13   19 8   21 2   23 8   27 4   28 8   32 2   33 32   34 2   35 32   36 16   39 44   40 8   42 33   43 1   44 4   47 12   49 16   50 1   52 8   55 9   
26  55     3 40   5 5   9 48   10 10   14 8   15 2   16 1   19 4   22 16   27 16   31 8   32 2   35 14   39 8   41 32   43 18   47 8   49 4   51 4   52 2   53 2   54 17   55 4   58 8   59 8   62 6   
44  63     0 34   1 2   3 1   4 32   5 2   6 40   7 4   8 20   9 9   10 2   11 57   12 6   14 1   16 2   17 12   18 32   20 4   22 3   24 32   25 4   28 34   29 8   31 6   32 1   33 2   36 1   37 27   38 32   39 2   40 2   41 48   44 32   45 16   46 40   49 1   50 32   51 33   52 4   53 8   56 2   57 8   58 5   59 8   60 4   
48  61     0 4   1 17   2 16   4 17   6 2   7 8   9 1   10 32   11 2   13 1   15 32   16 4   17 2   19 22   20 24   21 4   22 40   23 2   24 25   25 3   26 9   28 2   29 4   30 16   31 4   33 4   34 17   35 4   36 26   37 37   38 40   39 32   40 2   41 36   42 4   43 24   45 16   46 3   47 17   50 1   51 32   52 36   53 4   56 24   57 17   58 32   59 32   60 16   
25  60     1 4   2 16   12 16   14 4   16 2   18 34   20 51   26 17   30 4   32 4   39 28   42 36   44 2   45 4   47 9   48 50   49 26   51 6   52 20   53 32   54 8   57 52   58 34   59 1   61 3   
32  55     2 1   3 2   4 8   6 12   9 8   12 16   14 1   17 4   19 5   21 1   22 60   24 2   27 8   28 5   29 17   32 12   33 2   34 16   37 1   38 8   42 4   43 4   47 17   48 8   49 8   52 2   53 16   54 4   57 2   58 32   59 1   62 36   
40  60     4 13   5 4   8 40   10 32   11 17   13 8   15 1   16 8   18 1   19 2   22 4   23 32   25 12   26 8   27 20   28 2   31 36   32 32   36 36   38 40   39 8   40 16   41 8   42 32   43 4   45 24   46 9   48 33   49 1   50 16   51 2   52 2   53 12   54 4   56 16   57 4   59 34   60 2   61 32   62 49   
31  60     0 2   1 12   4 24   7 4   9 2   11 8   12 32   13 32   15 4   17 16   18 16   23 2   25 18   29 2   31 24   33 4   34 10   39 8   40 24   43 4   45 3   46 2   48 2   49 17   51 4   54 6   55 36   56 11   57 1   58 32   59 2   
34  62     1 8   2 12   4 17   5 27   10 4   11 49   12 12   13 42   14 2   15 1   17 16   18 2   19 20   20 2   21 10   22 40   25 16   26 49   28 32   30 14   33 16   36 33   39 3   42 2   44 17   46 16   47 1   49 2   50 32   52 4   58 33   59 2   60 10   62 12   
35  59     0 18   1 36   4 1   5 4   6 4   8 1   11 2   13 2   15 16   17 8   18 2   19 1   20 1   21 16   24 1   26 4   29 32   30 4   31 4   32 17   33 1   37 1   38 4   39 1   40 4   42 2   44 24   45 2   48 36   49 1   51 1   52 4   58 6   59 16   61 32   
39  62     0 2   1 2   4 1   6 8   7 12   8 20   9 5   10 20   11 2   12 2   13 40   15 16   16 8   17 1   20 10   22 16   24 4   26 4   28 32   33 2   34 4   37 8   38 2   40 32   41 8   42 8   43 33   44 1   45 16   48 32   49 1   51 5   53 8   54 12   55 32   56 1   57 16   60 8   62 4   
27  57     5 2   8 33   9 36   12 1   20 8   22 2   24 2   25 40   28 1   32 8   34 4   37 8   38 4   40 16   43 32   44 4   45 8   46 2   47 11   48 32   51 24   52 16   54 5   55 11   56 32   59 3   61 2   
29  57     1 32   4 10   5 1   8 32   11 6   12 24   13 4   16 1   17 4   19 17   21 16   23 32   27 4   34 7   36 1   37 34   40 6   42 8   44 32   46 8   47 4   49 2   51 8   52 4   54 1   57 8   58 8   61 2   62 4   
36  59     0 24   1 4   2 1   3 32   4 1   6 40   9 2   10 32   12 20   13 16   14 8   15 9   16 48   17 20   18 2   20 5   21 7   23 9   24 16   30 34   33 8   38 1   43 33   44 49   45 41   47 32   48 8   49 4   50 3   52 1   55 1   57 4   58 1   59 20   61 5   62 4   
37  62     0 1   3 2   4 16   6 2   7 8   8 24   9 2   11 2   12 20   14 6   17 1   18 32   20 20   25 16   26 32   28 34   29 8   31 32   32 40   35 8   36 4   37 4   38 32   39 32   42 1   43 16   44 48   45 5   47 7   51 1   52 5   53 2   54 1   55 56   58 1   59 17   62 32   
38  62     0 16   1 18   2 1   4 44   5 8   7 33   9 8   10 32   12 5   14 26   15 32   19 1   20 16   22 8   23 9   25 33   26 52   27 19   30 4   31 12   35 36   36 16   37 32   38 32   39 9   41 22   43 16   44 8   47 4   48 32   49 32   53 17   56 2   57 19   59 2   60 34   61 6   62 20   
23  60     6 2   12 48   14 2   15 34   18 12   19 2   21 4   30 9   35 48   36 32   37 2   38 40   41 40   43 32   44 8   46 32   47 48   48 16   49 32   50 4   53 13   59 52   62 3   
The following result corresponding the SNR point : 2.5 dB.
39  63     0 2   1 4   2 2   4 41   7 5   10 1   11 1   13 4   14 32   16 1   18 20   20 2   21 16   22 4   23 32   25 18   28 10   29 5   30 32   31 48   33 4   34 12   36 12   39 34   40 4   42 34   43 34   45 4   46 40   47 16   48 4   49 8   51 4   54 8   55 1   56 32   58 1   61 4   62 2   
35  58     1 2   2 8   4 32   5 1   6 4   7 8   8 8   10 4   11 32   12 1   13 9   15 32   16 32   17 2   20 32   21 32   24 18   25 8   26 41   27 5   31 1   35 32   44 16   45 32   46 8   47 4   48 6   50 16   51 1   52 3   53 8   55 4   57 1   58 10   59 1   
33  63     0 16   1 24   2 1   3 1   4 12   10 2   12 8   14 16   18 17   19 6   21 2   22 3   23 2   25 18   26 1   27 2   29 4   30 16   32 4   33 2   34 32   35 1   41 4   43 32   47 40   50 1   53 20   54 6   56 1   59 42   60 2   61 3   62 1   
31  60     1 2   4 16   5 12   7 2   14 32   15 4   16 18   17 1   18 5   19 4   20 1   23 34   24 1   25 2   26 32   28 1   31 2   33 2   37 1   38 1   39 8   42 2   43 2   44 1   45 16   51 18   54 17   56 2   59 4   60 4   62 18   
41  62     0 16   2 4   5 1   6 18   7 32   9 3   10 32   12 4   13 4   14 8   15 18   18 32   19 1   20 4   21 1   22 2   24 8   25 9   26 1   27 50   28 1   30 16   31 48   32 32   34 1   36 38   37 2   38 5   42 33   43 32   45 1   46 8   47 1   48 1   50 28   55 36   56 12   57 2   59 18   60 50   61 17   
39  62     0 36   1 13   4 4   6 20   8 8   9 33   11 32   13 8   16 12   17 48   18 4   20 32   21 12   24 8   25 1   26 1   27 1   29 38   32 16   33 16   35 4   37 9   38 18   39 16   42 1   43 1   44 16   46 16   47 16   48 3   49 4   50 36   51 1   52 34   53 32   57 8   58 12   59 5   62 1   
34  63     0 1   3 1   5 48   11 9   12 8   15 16   16 4   17 4   18 4   22 2   23 36   24 8   25 32   27 34   28 32   29 4   31 2   33 2   34 8   38 28   39 1   40 28   41 6   44 20   45 32   49 32   50 8   51 22   52 34   54 32   55 32   56 36   59 32   60 8   
42  62     1 33   3 32   4 18   5 2   7 4   11 17   12 37   14 20   15 32   16 48   18 8   20 1   21 5   22 40   23 34   24 28   25 24   30 34   31 39   32 6   36 40   37 20   39 8   41 8   42 32   43 7   44 1   45 16   47 18   48 32   50 12   51 4   53 32   54 10   55 16   56 1   57 44   58 18   59 10   60 6   61 38   62 8   
36  62     1 32   2 10   5 11   6 4   8 8   11 2   14 8   18 33   21 36   22 16   23 8   25 2   26 2   27 48   29 1   30 3   31 1   32 4   33 32   35 32   36 1   37 36   38 4   43 20   44 32   47 2   48 19   49 1   51 32   52 16   53 2   55 4   58 16   60 8   61 2   62 32   
28  58     1 40   2 3   7 8   8 10   10 17   18 32   21 10   24 16   25 4   26 4   27 32   29 32   32 32   33 16   34 57   35 1   37 8   43 5   45 17   46 4   47 18   49 16   51 32   52 4   53 10   58 2   59 8   62 12   
31  61     0 12   2 4   3 20   5 1   6 8   7 4   15 1   17 32   18 4   20 6   21 1   22 18   25 9   26 32   27 2   29 33   30 8   31 12   32 32   36 18   39 8   43 20   45 4   46 9   47 8   50 16   51 2   54 24   55 8   58 4   62 2   
29  62     1 24   2 16   5 8   7 48   10 4   12 32   13 16   14 16   21 40   23 1   24 6   28 4   30 16   33 32   35 5   36 2   38 12   39 2   42 12   45 16   46 8   48 2   49 2   50 5   55 10   57 28   58 2   59 2   60 4   
39  62     1 4   3 8   7 8   8 13   9 1   10 8   12 1   13 16   15 1   16 3   19 16   20 16   23 5   24 2   27 8   29 2   30 35   31 12   32 22   33 9   34 28   35 2   36 8   37 17   39 16   46 16   48 8   49 1   50 4   51 4   52 2   53 21   54 4   56 2   57 32   58 10   59 1   60 18   62 8   
39  61     1 32   2 16   5 32   6 2   9 32   10 1   11 32   13 4   14 16   17 34   18 9   19 16   20 1   22 32   24 12   25 8   26 2   27 16   28 16   30 8   33 17   34 16   35 2   38 1   39 4   40 16   41 2   42 2   43 1   44 16   45 9   46 8   47 4   50 17   52 8   53 2   54 4   56 4   57 21   
36  61     1 4   3 17   6 36   7 2   8 36   9 33   11 32   18 8   20 32   21 5   22 36   23 4   27 2   28 18   30 8   31 9   33 1   37 40   38 2   39 8   40 48   41 4   42 16   44 4   47 4   48 8   49 42   51 1   53 2   54 24   55 6   56 8   58 8   59 8   60 40   61 2   
37  63     4 8   5 1   6 8   7 3   8 2   9 32   10 40   11 12   12 20   13 2   14 48   15 32   18 2   21 8   24 4   25 2   26 8   27 16   28 9   30 8   31 4   34 16   37 2   39 33   40 32   42 18   43 32   44 1   45 1   47 2   49 16   51 33   52 8   54 56   55 16   56 4   59 8   
31  61     1 8   5 16   9 16   10 36   12 6   13 24   16 32   21 4   24 8   25 32   26 18   27 16   28 35   31 4   33 56   36 8   38 4   40 33   41 1   44 24   46 24   48 16   49 34   50 4   51 56   53 20   56 4   58 1   60 36   61 2   62 50   
32  60     1 16   4 4   5 16   6 18   8 17   9 33   10 2   12 11   13 4   14 37   16 48   17 2   18 1   19 40   30 2   35 8   36 16   40 32   43 32   44 40   45 5   46 20   47 1   48 8   51 16   52 32   53 8   55 33   57 4   59 16   60 8   61 16   
36  63     0 16   2 4   3 16   5 4   6 4   7 1   8 16   9 4   12 20   13 2   15 10   17 15   21 2   28 33   30 2   31 32   32 48   33 8   34 32   35 16   36 18   38 17   40 16   47 16   49 28   51 2   52 4   53 9   54 16   55 33   56 2   57 32   58 4   60 32   61 40   62 16   
36  62     2 16   3 4   4 8   5 8   6 2   9 16   10 8   12 2   13 32   14 16   16 1   17 4   19 8   21 1   24 4   25 2   28 44   29 8   30 2   32 8   34 4   36 16   38 28   40 32   41 36   42 27   43 1   48 2   49 10   51 4   52 1   53 12   54 32   56 32   58 17   59 8   
38  57     0 1   1 20   6 38   7 4   8 16   9 8   10 2   11 4   13 16   14 33   15 8   17 16   18 20   20 20   21 8   24 16   26 2   28 16   30 8   31 12   32 2   35 16   39 16   40 18   41 16   42 1   43 16   45 4   46 1   50 2   52 8   53 12   54 16   55 1   56 4   58 4   59 48   60 1   
38  61     1 2   2 32   6 3   9 4   10 12   13 4   14 17   15 1   17 8   18 8   19 16   20 18   22 32   23 2   24 3   25 9   26 16   27 32   28 32   29 36   31 32   34 2   35 16   36 18   37 24   38 56   40 2   42 12   43 1   44 32   46 8   47 1   48 1   50 32   51 32   52 2   61 32   62 32   
32  60     0 16   2 16   3 32   4 16   7 18   11 10   12 8   15 1   17 2   18 8   19 8   20 2   22 16   23 2   27 4   29 16   33 32   35 4   36 2   37 16   40 2   41 1   44 32   45 3   46 1   50 32   53 16   54 37   56 8   57 12   59 20   60 40   
35  63     2 20   3 4   6 12   8 32   9 16   10 1   11 9   13 32   14 2   17 4   19 32   20 16   21 1   22 16   27 2   28 17   31 4   32 30   34 1   36 2   37 11   39 12   41 1   42 37   43 32   46 8   48 5   50 48   54 32   56 32   58 18   59 8   60 1   61 17   62 32   
39  63     0 6   1 8   2 8   7 16   8 32   11 16   12 8   14 34   15 8   17 4   19 9   21 16   23 40   26 2   29 16   30 32   31 1   34 8   35 10   38 41   41 4   42 4   43 4   44 17   45 48   46 28   48 4   49 32   50 16   51 16   52 1   53 48   54 16   55 1   56 19   58 40   59 52   61 2   62 40   
33  60     0 20   1 1   3 5   4 32   8 4   9 3   12 1   13 1   14 1   15 1   16 32   17 17   21 4   22 8   24 8   27 33   30 2   31 8   32 2   34 1   36 20   42 8   43 40   44 32   46 8   47 2   48 1   53 1   54 16   55 33   57 2   58 3   61 14   
29  60     1 20   3 16   4 16   9 8   12 4   13 4   14 9   16 4   19 32   23 3   24 36   25 32   27 13   34 9   35 8   36 4   37 9   38 4   40 16   41 4   48 8   49 7   50 4   53 6   55 16   56 1   57 16   59 5   62 33   
33  63     1 4   2 32   3 1   6 2   7 8   8 2   11 32   15 1   18 1   19 10   20 32   21 2   22 1   27 48   30 32   31 8   32 36   37 16   38 32   40 12   43 4   45 4   47 1   48 2   50 32   53 4   54 1   55 18   56 8   58 16   59 6   61 4   62 32   
34  60     0 32   1 4   3 2   5 2   6 1   7 1   8 24   11 34   14 4   16 16   17 6   19 37   20 8   21 24   23 8   24 16   26 16   29 8   30 4   31 9   36 4   38 16   43 32   44 5   46 8   47 1   48 16   49 2   50 1   51 16   52 16   53 50   55 1   57 16   
26  59     0 16   2 16   10 3   13 32   14 4   17 2   18 33   19 4   21 16   22 1   24 16   25 17   27 1   28 2   29 1   31 24   33 18   39 33   41 12   51 4   52 16   53 40   56 16   57 20   58 17   60 12   
33  61     0 5   1 13   2 1   5 1   11 34   14 16   15 16   18 2   19 4   24 36   25 2   28 32   30 8   31 2   32 10   33 1   34 8   36 8   37 12   38 4   43 8   44 2   45 4   46 16   47 2   48 8   50 4   53 36   54 4   55 2   58 48   59 48   61 2   
33  61     1 32   2 33   3 33   5 4   6 49   8 22   9 41   11 48   12 32   14 8   16 1   17 32   19 48   20 20   21 8   22 32   25 32   26 32   28 4   31 2   32 10   34 48   37 33   38 32   40 6   42 2   45 32   51 40   52 32   54 9   58 32   60 2   62 2   
32  59     0 5   1 16   2 8   4 8   5 32   7 4   12 1   14 4   17 2   19 8   23 8   24 34   27 56   28 8   29 4   31 16   32 32   33 8   34 4   36 1   37 4   38 1   39 2   42 36   43 8   46 4   47 24   50 4   51 16   57 2   58 32   62 3   
34  61     2 18   3 1   4 4   5 32   6 32   8 8   9 1   10 4   13 4   15 4   17 32   19 37   20 8   21 18   22 9   24 9   26 2   28 1   30 32   32 1   40 46   41 32   42 16   47 2   48 4   49 4   50 4   51 32   52 4   53 32   56 59   58 16   59 8   60 36   
35  62     0 5   1 40   3 8   4 16   5 1   8 16   9 4   10 34   11 1   12 24   14 4   16 33   18 36   20 1   22 1   23 4   26 38   27 4   28 8   29 16   31 9   35 5   39 8   41 16   42 34   44 32   48 4   51 8   52 8   54 2   55 32   56 10   57 32   60 2   61 1   
36  63     1 32   3 17   5 16   8 32   11 4   14 24   15 16   18 4   20 8   21 49   23 48   26 16   27 32   30 5   36 20   38 32   39 1   40 2   41 8   42 4   43 2   44 33   45 1   46 16   47 4   48 16   49 36   50 48   52 1   53 2   54 4   55 32   56 1   58 1   59 32   62 14   
35  62     0 32   1 2   2 1   4 16   8 1   9 34   10 4   12 4   14 12   16 4   17 20   18 1   20 2   21 32   22 17   23 4   26 3   27 36   29 2   34 13   39 16   40 16   41 2   42 34   43 32   44 16   45 16   46 33   49 32   50 4   51 4   52 1   53 2   57 41   62 32   
31  59     0 16   3 8   4 2   7 2   8 10   9 16   11 1   19 16   20 2   21 48   22 32   23 12   26 16   27 4   28 5   31 32   32 16   35 32   36 8   43 1   44 16   45 1   48 4   50 2   51 1   52 4   53 2   54 16   55 8   59 16   62 16   
37  61     2 52   3 2   5 4   6 32   10 4   11 6   12 4   14 4   16 2   18 1   20 2   22 33   23 9   25 16   26 1   27 16   29 24   32 48   34 40   36 33   37 12   38 2   39 38   41 4   42 40   43 34   44 4   45 1   47 1   48 8   49 10   52 16   53 5   54 48   55 12   59 16   61 29   
37  62     2 32   3 4   4 16   5 2   6 8   9 32   11 19   12 2   15 1   17 4   18 1   20 12   21 62   22 5   23 4   24 8   26 26   27 1   28 40   32 1   33 8   34 3   36 2   37 6   38 16   41 16   42 8   43 2   45 32   46 6   47 2   50 16   51 8   55 5   56 34   61 48   62 32   
36  62     0 3   2 16   3 33   7 16   8 18   9 32   10 32   11 2   12 34   13 1   14 34   15 32   17 16   19 4   21 2   24 20   26 16   27 2   30 10   32 48   33 16   34 32   35 1   37 32   40 12   41 4   43 20   46 4   47 8   49 1   50 16   52 22   53 32   55 18   57 16   58 32   
36  59     0 1   1 3   2 4   3 1   5 40   6 25   7 1   9 18   12 8   13 16   15 16   20 4   21 16   23 12   24 48   25 6   26 3   27 32   30 4   34 11   35 32   37 6   38 32   39 16   42 32   44 12   47 8   48 16   49 16   50 32   51 24   52 1   54 1   56 2   58 48   59 20   
36  62     0 1   2 13   5 4   7 33   8 1   9 16   11 1   12 10   14 36   15 24   16 17   20 16   22 2   24 1   26 16   27 32   28 5   30 33   32 32   36 16   37 6   38 4   40 17   41 32   42 1   44 24   46 32   50 32   51 1   53 1   55 1   56 32   57 1   59 32   60 10   61 16   
28  62     0 8   3 32   4 40   6 2   11 17   12 4   14 40   18 44   22 8   23 22   24 20   25 6   26 8   29 32   31 12   33 4   34 2   36 32   40 4   43 32   46 8   47 33   48 4   50 3   52 20   55 4   57 16   58 22   
39  62     0 4   1 48   3 2   4 5   5 10   9 2   11 1   12 2   14 3   15 2   16 16   17 2   18 32   19 8   20 8   22 1   24 1   25 2   26 16   28 4   29 4   33 1   35 4   38 48   39 34   41 40   42 5   43 18   46 32   48 32   49 1   50 8   52 32   53 8   54 9   55 4   56 1   58 5   60 18   
36  62     0 1   2 40   3 48   4 2   5 16   6 8   7 4   8 10   10 32   13 5   14 32   15 1   16 34   17 4   18 2   21 32   23 4   29 11   30 32   31 32   32 34   33 2   34 36   36 8   37 32   38 1   41 16   42 25   43 32   48 2   49 4   50 2   52 24   57 3   58 25   59 1   
31  60     0 2   3 37   4 8   5 2   8 36   10 28   14 32   15 4   16 8   18 4   19 3   21 2   23 8   31 16   33 12   35 4   36 8   37 48   41 16   43 32   44 16   48 32   50 32   53 34   54 16   56 4   58 4   59 4   60 16   61 40   62 6   
38  63     0 33   5 32   6 8   7 32   8 16   9 16   11 2   12 17   13 16   16 8   17 28   18 12   19 2   25 8   26 1   27 16   28 16   30 18   31 4   32 38   33 48   34 9   37 12   38 5   41 34   42 32   43 32   44 16   46 2   47 4   50 32   51 8   53 4   54 2   55 11   58 8   60 42   62 3   
40  63     3 8   4 4   5 32   7 2   8 3   10 8   11 24   12 2   15 12   18 2   20 1   21 1   23 16   24 49   25 8   26 4   27 2   29 1   31 16   33 20   34 4   35 4   36 35   37 16   40 24   42 2   43 8   44 2   46 8   51 16   52 32   53 8   55 32   56 16   57 16   58 2   59 2   60 1   61 4   62 4   
37  60     1 10   2 24   6 16   7 32   10 2   11 16   12 32   14 1   15 2   17 2   18 4   21 17   28 8   31 32   32 1   33 3   35 5   36 5   37 9   38 36   41 32   43 18   44 8   45 32   46 1   47 8   48 10   49 1   50 4   51 16   52 8   54 4   55 18   56 32   57 32   59 12   60 2   
35  59     2 2   4 32   7 32   8 16   9 4   10 1   11 4   12 32   14 2   17 4   19 32   22 32   23 4   24 8   25 2   27 4   28 32   29 32   31 8   33 4   34 32   39 34   41 4   43 40   44 32   48 1   49 42   51 2   53 20   56 1   58 4   59 7   60 8   61 4   62 32   
38  63     0 10   1 8   8 36   9 4   11 32   12 8   16 36   19 16   22 2   23 7   24 4   27 16   29 40   30 1   31 8   33 4   34 4   35 36   36 32   37 8   39 12   41 8   43 4   44 2   46 3   48 8   49 2   50 32   51 2   52 36   53 36   54 2   55 8   56 9   58 16   59 2   61 2   62 3   
33  62     6 36   7 2   9 8   10 33   13 16   15 16   17 16   18 8   20 16   22 8   25 1   26 8   27 2   28 8   31 16   32 18   34 16   35 32   37 1   39 4   40 9   41 16   46 1   47 48   49 2   51 34   54 2   56 4   57 16   58 32   59 28   60 1   62 32   
34  60     1 44   2 24   3 18   5 8   6 16   7 3   8 4   9 32   13 16   14 1   15 16   16 2   17 18   18 5   20 1   22 17   23 32   25 8   26 2   27 4   30 4   31 16   32 40   36 2   40 36   42 32   46 48   47 16   49 8   51 2   55 16   57 40   58 16   61 34   
39  63     2 2   4 8   7 4   9 32   11 2   13 21   15 48   16 18   17 4   18 2   19 32   20 16   21 1   22 4   23 4   25 1   26 8   27 48   29 9   31 32   33 16   34 4   35 44   36 32   42 1   43 1   44 8   45 16   46 16   48 8   49 16   51 2   52 8   54 2   55 34   59 2   60 44   61 1   62 5   
37  63     4 8   5 4   6 16   8 1   9 18   10 16   11 8   12 1   13 5   14 1   15 8   17 1   19 4   20 2   22 2   25 2   26 2   27 48   28 1   29 48   34 24   36 2   39 34   40 8   41 3   42 8   45 8   46 32   50 18   52 16   53 32   55 2   56 32   57 4   58 36   60 5   61 2   
31  59     1 26   3 9   4 16   5 5   6 2   11 8   12 18   13 7   14 8   15 16   18 1   19 4   20 18   22 17   24 2   25 32   29 4   30 16   31 36   35 32   37 1   38 17   40 2   41 16   42 4   50 26   51 2   53 10   56 1   57 16   61 2   
24  62     7 40   9 32   10 8   12 6   15 20   16 4   17 3   22 4   23 32   25 1   28 16   29 24   31 16   34 2   36 1   37 8   38 1   42 2   48 8   49 18   53 2   56 26   59 40   62 2   
29  60     0 4   2 4   5 2   9 2   10 4   13 1   17 4   18 4   19 16   20 36   21 4   23 32   24 16   25 32   26 32   28 16   33 42   38 4   39 16   40 32   47 5   50 16   53 32   54 16   55 32   57 8   58 16   61 4   62 2   
35  58     1 49   2 4   3 8   6 8   9 12   10 4   11 1   12 34   14 32   15 1   17 2   18 24   23 4   26 1   27 4   28 32   33 8   34 4   35 2   38 32   41 4   42 8   43 12   45 1   47 8   48 4   51 16   53 4   54 8   55 24   56 8   58 24   60 20   61 8   62 1   
38  60     0 1   5 2   8 2   10 8   11 24   12 48   13 34   14 16   15 1   16 9   17 8   21 20   22 20   24 2   25 8   27 2   28 8   29 8   30 16   33 9   34 2   38 13   39 8   41 8   44 32   46 10   50 2   52 32   53 10   54 52   55 32   56 16   57 16   58 10   59 1   60 4   61 2   62 32   
36  58     1 1   2 8   3 9   7 16   8 40   11 2   12 8   13 4   15 16   16 34   17 18   22 4   23 1   25 2   31 16   32 16   33 32   35 12   37 32   38 16   39 8   41 8   42 2   43 32   44 4   46 24   47 1   50 8   52 33   53 40   54 4   56 8   57 16   60 32   61 16   62 16   
The following result corresponding the input file : input_file_q_ary_2013.txt
The following result corresponding the SNR point : 2.75 dB.
34  62     0 32   1 16   2 5   3 8   5 32   7 2   9 32   10 33   11 18   12 16   13 1   14 33   17 24   19 2   22 10   23 16   24 3   25 17   27 40   29 8   31 32   32 33   34 36   40 16   42 36   45 3   48 24   55 1   56 4   57 34   58 5   60 1   61 9   62 17   
33  62     0 5   3 1   5 34   6 1   7 4   9 32   10 32   12 4   18 32   19 32   20 1   22 1   24 2   25 32   28 16   29 1   32 2   33 4   34 16   35 2   38 12   39 36   42 7   43 16   45 5   47 4   48 16   49 19   56 33   57 1   59 1   60 32   61 8   
37  63     1 16   2 40   4 10   5 16   6 9   9 4   11 1   12 4   14 10   15 1   19 2   20 33   22 2   23 16   24 2   26 16   27 4   29 1   30 8   33 32   34 9   38 8   41 8   42 7   43 4   44 2   45 12   46 8   47 17   50 8   51 12   54 32   56 33   57 1   58 8   59 16   61 1   
38  58     0 8   2 2   4 12   5 18   7 5   8 2   10 6   11 2   12 17   13 16   15 36   16 2   17 16   18 1   19 16   20 8   21 8   24 2   25 1   26 2   31 1   34 2   35 6   36 4   37 5   41 34   45 48   46 2   49 6   50 49   51 18   54 32   55 8   56 8   57 34   58 1   60 2   62 25   
38  62     0 19   5 11   6 18   7 16   10 45   12 8   14 16   15 3   18 4   20 18   21 48   22 12   23 4   27 2   28 9   29 1   30 1   32 16   35 32   39 1   40 32   41 33   42 4   43 40   44 17   45 2   48 36   49 32   51 1   52 25   54 5   55 8   57 8   58 6   59 8   60 1   61 48   62 9   
34  62     0 4   2 24   3 1   6 33   8 34   10 16   15 1   16 6   18 32   19 8   20 1   26 34   29 17   31 8   32 9   33 1   34 1   36 8   37 16   40 9   42 16   43 16   44 48   45 33   46 8   49 19   50 3   52 35   53 32   55 33   56 9   59 16   60 4   61 4   
38  62     2 4   5 4   6 1   7 32   8 2   9 32   11 40   12 14   14 2   16 48   18 32   19 4   21 4   23 9   25 18   27 2   28 4   30 24   31 1   32 32   33 10   34 36   35 8   37 7   39 16   40 33   42 5   44 40   47 40   48 2   50 32   52 3   54 4   56 5   57 8   58 32   60 12   62 32   
38  62     0 32   7 2   8 3   10 16   12 9   14 32   15 4   16 1   18 2   19 34   20 16   21 1   22 48   23 6   24 36   25 11   26 50   30 8   33 50   34 8   35 16   36 8   40 1   41 4   42 32   43 8   45 4   46 32   47 8   49 16   50 8   51 4   52 4   53 8   55 24   58 1   61 9   62 1   
29  61     2 9   5 32   7 7   9 5   10 41   17 16   18 16   19 32   22 32   25 4   26 8   27 4   30 1   33 8   34 5   36 32   37 33   41 50   42 38   43 9   46 1   51 8   54 48   55 32   56 26   59 2   60 48   61 18   62 32   
49  62     0 1   1 4   2 2   3 4   4 32   7 8   9 16   10 1   11 8   12 2   13 16   14 1   15 5   16 4   17 8   19 32   20 4   21 1   22 16   23 17   24 6   26 32   28 6   30 37   31 16   32 1   34 8   36 32   37 16   38 5   39 2   40 5   41 8   42 56   43 32   44 40   45 1   46 34   48 36   50 1   52 17   53 8   54 5   55 36   56 8   58 4   59 24   61 9   62 16   
32  61     0 4   2 32   4 8   8 32   11 32   12 16   14 17   17 36   19 2   21 24   22 2   23 1   25 1   26 1   28 16   29 16   30 8   31 4   33 6   34 16   37 16   38 16   39 16   44 8   45 36   47 1   48 2   51 1   52 16   53 4   57 36   60 4   
32  62     0 4   4 4   5 3   6 2   10 24   11 37   14 1   16 16   19 18   20 4   21 1   23 8   24 18   26 4   28 24   29 2   30 5   31 2   32 16   35 2   36 1   43 16   44 8   47 3   48 32   49 32   52 8   54 2   55 2   57 24   60 8   62 25   
46  63     0 2   3 4   4 1   5 1   6 56   7 2   8 10   13 23   14 32   15 32   16 16   17 8   19 2   20 4   21 21   22 8   23 33   24 8   25 58   27 16   29 8   30 2   31 2   33 43   34 24   35 19   36 4   37 12   39 9   40 17   42 8   44 4   45 2   48 5   49 32   50 48   51 36   52 8   53 40   54 8   55 4   56 5   57 48   59 22   61 20   62 36   
29  61     0 9   1 4   3 22   4 16   6 33   7 4   11 36   13 32   14 24   15 8   17 18   25 24   27 33   32 8   33 24   34 19   35 3   36 4   38 18   41 8   42 24   43 8   44 16   45 16   47 32   48 10   49 32   56 8   57 16   
28  60     0 8   3 8   4 4   6 36   7 1   8 1   13 2   14 8   15 16   17 16   18 28   21 3   23 42   24 1   25 40   26 9   28 17   32 4   35 8   36 16   41 32   47 4   53 16   54 12   55 8   56 24   57 8   61 4   
35  60     1 8   2 16   4 40   7 2   9 2   10 48   11 40   14 8   17 17   18 1   19 8   21 2   22 1   25 8   26 1   30 4   31 6   34 10   35 2   36 16   37 32   39 8   40 8   41 8   42 8   44 48   47 4   50 2   53 36   54 16   57 6   58 32   59 1   60 4   61 3   
2  15     17 5   27 2   
37  62     1 1   4 8   5 8   6 49   7 48   8 40   9 1   11 50   12 4   14 16   15 11   17 34   18 36   20 36   21 1   22 2   23 2   24 22   26 48   32 40   35 16   37 16   38 12   39 32   41 8   43 2   46 8   47 1   48 16   49 32   51 32   52 8   53 4   54 8   55 32   60 38   61 40   
42  60     1 32   4 9   6 8   11 22   12 17   13 16   14 2   15 32   16 1   17 9   18 36   21 4   22 6   23 28   24 4   26 2   27 8   28 34   29 2   31 2   33 1   35 2   36 5   37 32   38 32   39 4   41 32   42 4   43 16   44 12   45 12   46 1   47 2   48 40   49 1   52 52   55 5   56 1   58 8   59 32   61 1   62 33   
29  63     0 32   4 8   7 1   11 8   13 4   14 8   18 1   19 18   22 32   23 1   24 4   27 32   30 35   32 48   35 32   36 16   40 2   42 1   43 33   44 44   45 4   46 1   47 1   50 4   57 32   58 48   59 8   60 45   61 2   
44  63     0 32   1 8   2 48   3 32   6 4   7 49   8 32   11 1   12 32   14 32   17 10   18 4   19 4   21 4   22 9   23 8   24 18   25 8   27 36   29 2   30 4   31 16   34 4   35 16   37 8   38 16   39 12   40 2   41 4   42 6   43 11   44 2   46 16   47 4   48 49   52 1   53 1   54 8   56 16   57 32   59 1   60 5   61 1   62 36   
41  62     0 2   1 1   2 32   3 11   4 12   5 9   6 20   10 8   11 40   12 32   14 48   16 16   20 4   21 32   22 32   24 1   25 8   27 32   28 4   31 3   32 8   34 1   35 40   37 8   38 4   40 32   41 2   43 36   44 36   45 2   47 2   49 16   50 34   53 32   55 16   56 32   57 10   58 32   59 48   60 1   62 18   
37  63     0 36   2 32   5 33   6 2   8 32   10 16   11 2   12 4   14 8   15 12   17 4   18 4   19 7   20 4   21 32   25 3   26 8   27 33   29 4   32 2   33 2   34 6   35 34   36 48   40 2   41 32   42 48   45 12   46 32   47 1   50 2   54 2   55 4   56 2   57 48   59 17   60 32   
45  58     0 4   2 1   3 8   4 32   5 4   6 16   7 4   8 16   9 1   10 32   11 16   12 16   13 4   14 16   15 1   16 17   18 12   19 8   20 4   22 32   23 32   24 4   25 8   26 2   27 16   28 2   29 2   32 8   33 32   34 1   35 4   37 32   38 8   39 32   41 4   45 40   46 16   47 3   52 5   53 48   55 1   57 1   58 32   59 12   62 16   
30  63     0 32   1 8   2 32   4 2   10 17   13 32   15 4   16 18   19 2   22 4   25 4   26 8   29 1   31 8   34 34   36 16   37 25   38 8   39 17   41 2   42 2   43 4   46 32   50 2   53 32   54 17   55 1   57 16   58 56   61 1   
34  63     1 16   2 8   3 14   5 8   6 8   7 33   8 32   9 16   11 1   14 4   16 20   18 16   19 33   20 32   21 16   25 8   26 4   28 4   29 9   32 32   33 32   34 1   42 4   43 32   50 36   52 4   53 40   54 16   56 8   57 17   58 22   59 32   60 1   61 4   
36  58     0 4   1 32   2 16   4 32   5 4   7 1   8 32   12 8   13 1   14 8   16 6   17 18   19 9   22 17   23 32   25 1   26 32   28 48   29 8   31 9   37 4   38 4   40 40   41 16   42 2   44 4   46 8   47 16   48 20   51 4   52 32   55 1   57 32   58 48   60 1   61 4   
39  58     0 8   1 4   3 2   4 1   5 32   6 32   7 48   10 32   13 8   14 2   17 3   19 4   20 16   21 2   23 16   24 1   25 1   26 8   28 1   29 4   33 2   34 36   37 4   38 4   41 41   42 32   43 2   46 1   48 16   50 2   52 1   53 32   55 32   56 17   57 8   58 16   60 2   61 8   62 9   
41  62     0 12   1 8   3 1   4 4   5 40   6 16   7 32   8 16   9 2   10 28   11 40   12 9   13 4   14 32   17 8   18 1   19 4   20 3   23 8   27 2   28 8   29 16   30 32   31 2   33 32   34 16   35 2   36 1   37 16   38 36   40 16   42 4   43 5   46 2   47 16   49 1   51 40   52 4   55 16   58 16   62 2   
36  61     0 40   2 32   3 9   4 16   6 4   8 40   9 2   10 9   11 32   13 33   14 4   15 4   16 1   19 8   20 3   22 2   24 4   25 12   27 1   30 40   31 16   34 8   37 2   38 27   39 32   40 4   42 6   43 4   45 35   48 2   51 2   53 2   54 32   58 2   59 34   60 34   
36  59     0 41   1 4   2 3   4 9   6 32   8 6   9 36   14 8   16 4   18 1   20 17   23 4   24 3   25 1   26 16   28 4   29 1   30 9   33 8   37 40   38 2   39 8   41 48   42 4   43 2   44 1   45 16   46 8   47 16   50 9   51 8   52 32   53 6   59 41   60 2   62 8   
36  61     0 2   3 4   6 8   8 9   9 8   11 1   12 32   13 4   14 2   17 5   18 8   20 24   21 32   25 4   27 41   29 8   31 1   32 8   33 3   34 16   36 16   37 3   39 58   40 32   43 32   44 6   46 16   49 2   51 33   52 9   53 22   54 8   56 10   57 4   58 16   60 8   
39  62     0 8   3 8   4 1   5 18   6 42   7 2   11 2   13 4   14 4   15 32   17 4   19 4   20 4   21 4   23 16   26 3   28 40   31 8   36 34   38 40   39 4   40 52   41 1   42 8   43 32   44 11   47 11   49 16   51 40   52 8   53 14   54 2   55 32   56 6   57 16   58 1   59 35   60 32   61 32   
31  60     3 12   6 2   13 1   14 32   15 8   16 5   17 4   19 32   20 32   21 8   22 48   23 2   24 8   25 4   26 17   27 4   33 16   37 49   39 12   40 8   41 38   42 5   43 16   45 32   46 3   48 8   51 16   52 4   55 12   58 34   62 2   
33  63     1 32   4 2   5 48   7 4   10 4   11 41   12 40   14 2   16 32   17 8   18 2   20 35   22 48   26 1   27 32   32 4   34 3   36 36   37 34   41 34   42 2   44 10   46 2   47 16   50 16   51 2   53 10   54 2   55 2   56 16   57 16   58 3   62 16   
32  58     0 2   1 8   2 4   4 20   7 18   9 2   11 9   12 1   14 32   16 8   18 12   21 8   22 4   24 48   25 24   26 24   28 16   31 4   32 34   34 9   35 1   37 12   38 1   43 1   44 40   45 32   46 8   49 35   50 4   52 24   56 4   60 17   
32  57     1 16   4 4   6 9   10 4   11 1   12 18   13 32   14 8   18 4   19 16   20 32   25 17   27 8   29 32   30 2   36 32   37 49   38 16   40 9   42 4   43 32   45 10   46 2   48 38   52 16   54 4   55 16   56 4   58 8   59 17   61 22   62 16   
36  60     0 4   1 32   2 20   6 8   7 44   8 16   9 1   10 4   11 16   12 32   14 4   15 16   21 32   23 32   26 1   27 33   29 16   32 34   33 16   35 33   36 16   37 5   40 40   41 1   42 36   43 2   45 13   46 2   47 2   48 10   50 8   54 13   57 4   59 13   61 2   62 1   
35  61     0 8   3 18   6 8   7 8   8 2   9 36   10 10   11 2   12 4   15 32   16 32   17 8   18 8   20 12   24 48   25 16   28 1   29 8   35 8   36 10   40 12   44 48   45 32   46 1   47 16   48 16   49 32   50 4   51 4   53 5   55 18   58 1   60 24   61 11   62 4   
30  63     1 16   3 32   5 10   7 16   11 12   12 12   15 8   17 34   18 1   19 16   20 8   23 2   24 8   26 3   27 2   28 2   33 20   34 1   35 4   37 21   38 33   39 32   41 32   43 16   44 8   48 32   53 28   54 8   57 2   58 32   
41  60     0 4   3 2   4 8   11 17   13 8   14 1   15 17   16 16   17 4   22 32   23 32   25 12   27 4   30 20   31 4   32 35   33 17   34 3   35 9   36 36   38 56   39 12   40 16   42 2   43 4   45 8   46 1   47 32   49 5   50 16   52 18   53 28   54 5   55 1   56 4   57 4   58 2   59 2   60 32   61 32   62 16   
36  61     0 2   1 24   2 18   4 16   9 2   11 10   12 32   14 2   17 16   18 16   24 2   25 6   27 32   29 16   30 8   31 24   32 2   33 4   34 11   35 1   39 25   40 24   42 4   45 9   46 2   47 1   48 2   49 17   50 2   51 1   52 8   54 6   55 32   56 11   57 1   62 2   
42  62     0 27   2 24   3 16   4 17   5 9   7 1   8 24   9 2   10 2   12 8   13 32   16 8   17 4   18 2   21 2   22 40   25 16   27 4   28 32   30 1   31 32   33 16   34 34   35 1   36 1   37 32   38 32   39 1   40 4   41 1   44 17   45 8   46 1   47 33   51 8   52 7   56 32   58 35   59 8   60 2   61 1   62 8   
34  63     0 7   1 10   4 1   6 10   7 4   8 5   9 5   13 8   16 8   18 17   20 10   21 8   22 16   25 40   26 32   27 36   28 32   29 4   30 18   33 2   35 32   37 10   38 34   39 1   41 8   42 1   43 37   51 36   52 10   53 32   55 32   56 1   57 16   62 4   
38  63     0 2   3 4   4 33   5 2   7 1   8 12   10 1   11 1   14 42   16 1   18 16   19 2   22 4   23 33   24 16   25 16   26 1   28 8   29 5   30 32   31 16   34 20   36 4   39 32   40 4   41 8   42 34   44 32   46 40   47 21   49 8   50 2   53 4   55 33   58 3   59 8   60 8   62 16   
29  62     3 32   4 12   7 2   9 4   15 8   16 1   17 1   18 16   19 2   20 2   21 8   22 2   23 2   26 1   28 2   29 4   30 8   31 33   36 16   39 8   43 32   46 1   47 32   51 48   53 52   54 6   57 4   59 4   60 3   
45  60     0 1   1 32   2 16   5 32   6 20   7 8   8 1   10 48   11 36   12 2   13 16   15 40   16 10   18 32   20 48   21 8   22 4   23 7   24 12   25 16   26 1   28 24   29 6   32 48   35 33   36 8   37 13   39 16   41 2   42 2   43 24   44 16   47 16   48 3   49 8   50 32   51 6   52 32   53 32   54 17   55 4   56 32   57 56   61 33   62 37   
35  62     1 4   2 10   5 11   10 24   11 16   13 32   15 32   16 10   18 49   19 18   21 4   22 1   23 8   24 2   26 3   30 1   33 32   35 4   37 4   41 8   42 10   43 5   44 32   45 2   47 6   48 3   49 1   52 4   53 2   55 4   56 16   57 8   58 34   61 34   62 32   
31  62     1 32   2 7   8 2   10 17   14 1   17 1   18 32   21 10   24 16   25 4   26 4   27 32   28 2   29 32   32 32   33 16   34 32   35 1   37 8   39 16   45 17   46 4   47 50   49 16   52 4   53 10   56 5   58 2   59 8   61 2   62 30   
30  61     0 4   1 2   4 2   7 8   8 4   10 40   14 4   16 1   17 32   20 16   25 8   26 16   29 2   30 5   31 8   32 4   34 20   37 1   41 17   43 4   46 16   48 8   50 4   51 16   53 5   57 36   58 14   59 1   60 18   62 8   
37  61     1 4   3 20   5 16   6 32   7 2   8 36   9 1   10 40   11 32   13 18   15 32   18 24   22 2   23 2   27 3   28 2   29 4   30 1   31 9   33 1   35 16   38 2   39 8   40 16   41 4   42 16   44 16   48 8   49 8   53 2   54 16   55 4   56 8   57 40   59 1   60 40   62 4   
37  61     1 8   5 22   7 32   10 6   11 8   12 4   13 56   20 1   21 1   22 20   23 10   24 8   25 18   26 2   27 16   28 34   30 4   33 56   36 16   38 4   40 1   41 2   44 28   45 8   46 40   47 16   48 2   49 11   50 4   51 16   53 5   54 3   58 41   59 1   60 34   61 8   62 16   
44  62     0 32   3 24   6 8   7 20   9 2   12 32   13 3   14 2   15 1   16 4   18 4   19 2   20 8   21 1   22 36   24 19   25 1   26 1   27 32   28 18   29 1   30 1   31 2   32 21   33 8   35 18   36 24   37 8   40 8   42 32   44 1   46 13   48 1   50 1   52 32   53 32   55 2   56 32   57 56   58 16   59 17   60 4   61 16   62 1   
39  63     1 16   2 4   4 4   6 10   7 4   8 16   9 2   14 32   15 8   17 17   20 4   21 40   22 8   23 2   24 2   27 16   29 2   30 12   31 8   32 2   33 16   35 16   36 12   39 16   40 18   42 9   43 16   45 6   46 1   47 32   48 2   49 1   51 3   54 24   55 16   59 48   60 1   61 2   62 16   
30  60     1 2   2 32   6 2   7 8   9 5   10 10   13 12   15 1   17 8   19 16   20 16   22 32   23 1   24 33   27 32   29 4   34 4   35 16   36 1   37 24   38 8   43 1   45 32   46 8   47 5   48 1   50 32   51 32   52 2   58 10   
36  61     0 4   2 16   3 17   4 32   6 2   8 2   9 20   11 1   12 16   15 24   16 26   17 32   19 48   23 36   25 4   29 2   30 1   33 2   34 16   35 10   36 3   37 1   39 2   40 1   44 32   46 32   47 1   48 2   51 2   54 20   55 32   56 4   58 2   59 2   60 8   61 8   
36  62     1 10   5 4   6 2   7 4   8 16   9 32   14 20   15 36   16 2   17 16   18 36   19 4   20 1   21 16   22 1   24 16   25 16   27 8   28 2   31 25   33 18   35 8   39 1   41 4   42 12   45 16   46 32   50 32   51 4   52 16   53 46   56 52   57 4   58 1   60 12   62 33   
19  57     3 3   4 2   12 26   19 16   22 32   27 6   29 32   30 32   31 34   32 4   34 12   35 1   40 33   47 2   52 8   53 4   55 2   56 6   61 52   
44  62     0 7   2 8   3 32   5 36   6 21   7 2   8 16   9 6   12 1   17 6   18 35   19 32   21 32   22 48   23 12   24 36   25 32   26 1   27 48   28 8   30 32   31 2   32 32   33 24   34 4   35 1   36 3   38 8   39 35   41 1   43 10   44 25   45 36   46 32   47 12   49 1   50 52   51 16   55 2   56 32   57 18   60 2   61 8   62 17   
34  61     0 46   2 4   3 1   4 40   5 12   8 32   10 2   11 40   12 32   14 8   15 8   16 10   17 4   19 48   20 24   21 4   24 1   25 33   26 8   27 2   29 1   32 33   34 16   36 1   37 4   39 48   40 4   43 28   44 16   51 9   54 1   56 35   58 1   59 8   
32  62     0 1   2 16   3 1   4 36   5 16   8 8   9 1   10 21   15 36   17 2   18 4   19 36   21 19   22 1   24 9   26 16   27 1   30 48   33 2   35 1   40 52   41 32   47 8   49 1   50 4   53 2   54 5   55 10   56 19   58 48   60 4   61 25   
38  61     1 32   3 8   4 16   5 1   7 2   8 1   9 4   10 34   11 1   14 4   16 33   17 18   19 1   20 33   21 1   22 1   23 36   25 8   26 6   28 12   31 4   35 17   37 9   38 32   39 8   41 22   44 8   45 20   46 16   49 4   51 1   53 9   54 8   55 16   56 40   57 36   59 1   60 1   
40  62     0 16   3 8   4 4   6 1   7 34   8 8   9 16   11 4   13 4   16 2   19 8   20 10   21 32   22 1   23 6   24 8   25 1   27 4   28 21   30 32   34 1   35 1   36 8   38 16   40 1   41 32   43 10   44 16   45 16   46 34   48 36   50 2   51 3   52 8   53 42   54 18   55 1   56 8   58 1   62 16   
27  61     2 20   6 32   9 16   12 1   14 4   15 1   16 34   18 1   21 4   25 16   27 17   28 16   29 32   32 16   33 4   34 8   36 5   37 8   38 2   39 6   42 40   43 32   49 10   51 10   52 32   54 32   55 8   
37  59     0 1   1 24   2 32   4 17   8 32   11 18   12 4   15 1   16 2   18 33   21 45   22 5   23 4   24 12   25 16   26 26   27 1   28 8   30 8   34 2   35 2   36 6   37 30   38 16   41 48   42 8   43 34   45 32   46 2   47 2   48 4   51 8   53 32   55 5   56 34   61 32   62 32   
34  61     0 34   3 1   6 16   7 16   9 48   11 2   13 32   14 32   16 48   17 16   18 4   19 4   20 32   21 34   26 4   30 2   32 20   33 24   35 49   36 32   37 8   39 32   40 12   43 22   45 8   46 36   48 1   49 16   51 4   52 19   53 32   56 2   60 18   62 4   
42  62     0 16   1 2   2 4   3 18   4 2   5 40   6 9   7 16   8 2   9 3   12 8   13 16   15 2   17 6   20 4   21 8   25 5   26 19   27 11   28 4   32 8   34 9   37 7   38 32   39 16   40 36   42 32   44 4   46 8   47 8   48 16   49 18   50 32   51 16   52 33   53 16   54 1   55 1   56 2   58 16   59 45   60 2   
29  58     0 1   1 32   2 4   3 8   5 1   7 5   8 1   12 42   14 16   15 8   16 17   21 8   24 1   25 16   27 36   28 37   29 2   30 32   38 48   39 2   41 1   46 33   47 32   51 1   54 8   55 41   56 40   57 1   60 2   
32  61     0 2   3 4   4 44   5 16   6 2   7 2   11 17   12 4   14 8   17 2   18 44   20 8   22 10   23 10   24 4   25 1   26 8   29 32   33 4   34 2   36 4   39 2   43 8   46 8   47 32   50 2   52 20   53 16   55 12   57 20   58 18   59 16   
37  62     0 14   1 16   3 34   4 17   6 4   8 16   9 2   14 11   15 10   16 2   17 32   18 2   19 4   20 8   21 1   22 20   24 33   25 2   26 17   27 8   28 4   31 16   38 48   40 16   41 32   42 1   43 3   46 32   47 4   48 32   52 32   54 8   55 5   58 4   59 4   60 2   61 3   
33  60     1 4   2 40   3 48   4 2   6 2   7 32   8 2   10 32   13 1   14 32   15 16   16 34   17 8   19 1   20 1   21 32   23 4   25 32   29 6   31 33   32 2   33 16   37 32   39 24   41 24   42 9   43 32   44 16   49 4   52 12   57 1   59 1   61 2   
42  60     0 10   2 2   3 4   4 8   5 2   7 2   8 20   9 32   10 21   12 6   13 1   15 4   16 3   17 1   18 4   19 1   20 1   21 2   22 1   25 34   26 38   27 16   28 32   30 4   31 19   32 24   33 4   35 12   36 8   39 8   41 20   43 32   44 4   45 16   48 9   50 32   53 34   54 8   55 2   58 12   60 2   61 8   
39  62     0 2   2 24   3 1   6 16   10 9   11 52   12 34   15 2   17 4   18 24   20 8   21 16   22 16   25 2   26 2   29 4   31 32   32 11   33 3   35 5   37 8   38 52   39 4   40 33   41 32   43 42   44 8   45 32   46 8   47 8   48 10   51 16   53 40   55 2   56 32   57 41   59 12   61 1   62 4   
13  51     10 5   11 32   16 4   21 4   23 4   31 10   35 4   45 33   51 6   56 12   60 2   61 2   62 1   
32  62     6 36   9 8   14 8   15 4   17 10   19 32   20 16   23 1   26 16   27 2   28 16   32 18   35 1   36 1   37 17   38 10   40 9   42 49   46 1   47 32   49 8   50 8   51 3   52 1   54 32   55 1   56 4   57 10   58 32   59 12   60 1   62 48   
27  61     1 26   3 8   4 48   6 2   12 2   14 40   15 18   18 1   19 4   20 10   22 21   25 32   29 4   30 18   31 32   37 1   38 36   41 17   44 32   48 36   49 1   50 26   53 2   55 4   56 1   60 16   61 2   
39  63     0 2   4 2   5 10   7 8   8 10   9 2   10 4   15 8   17 4   18 4   19 24   20 36   23 40   24 16   25 32   26 34   28 16   29 32   30 3   31 10   32 16   33 10   37 16   38 32   39 16   40 8   42 2   44 1   45 1   46 8   49 8   52 8   53 32   54 16   56 16   57 24   60 1   61 8   62 2   
30  60     2 4   6 8   9 8   10 4   12 34   17 2   18 4   22 17   27 4   28 32   29 4   30 4   34 4   35 4   36 2   38 16   39 32   41 1   42 12   43 12   48 6   50 4   51 16   53 4   54 8   55 16   56 8   57 5   58 16   60 4   
39  62     2 8   3 16   4 4   5 2   8 56   10 1   11 2   12 8   13 8   14 16   16 38   17 2   21 2   22 4   23 3   25 6   27 1   29 34   31 32   32 16   35 12   37 32   38 17   39 40   41 8   42 2   43 56   44 7   46 8   47 1   48 3   49 32   52 1   53 40   54 1   55 8   60 40   61 16   62 2   
32  60     0 34   1 32   3 32   6 16   7 1   8 1   9 2   12 10   17 2   21 32   24 16   25 32   26 4   27 16   30 2   31 5   35 16   36 48   37 32   38 4   41 1   42 56   43 4   44 12   45 28   46 1   49 2   51 2   55 4   58 16   61 4   62 4   
18  55     1 36   2 40   3 52   4 9   10 32   11 2   13 6   17 9   22 1   23 2   30 23   34 5   35 3   39 50   42 20   51 10   56 52   60 10   
34  62     1 16   3 3   4 16   5 20   6 2   9 9   11 8   12 16   13 10   14 8   15 2   16 16   17 2   18 2   20 2   21 20   22 6   23 11   26 32   28 32   31 1   33 2   35 10   43 32   44 8   50 1   54 24   55 2   56 16   57 2   59 1   60 8   61 2   62 17   
37  62     0 34   1 14   2 32   3 4   4 2   5 1   6 7   7 2   9 32   10 4   12 41   16 17   17 34   19 8   21 8   22 10   24 16   26 1   27 32   30 1   31 32   32 16   33 17   37 16   39 1   40 2   42 32   44 32   48 5   50 1   52 34   53 32   55 2   56 2   58 32   59 2   61 16   
32  60     0 1   1 36   3 36   6 1   8 32   18 16   20 2   21 49   22 32   23 16   24 8   25 1   26 34   30 12   31 32   32 13   33 32   34 9   36 9   38 4   42 40   43 8   45 40   47 17   48 16   51 38   54 8   55 1   56 4   57 32   59 32   62 1   
37  62     2 32   3 1   4 8   5 40   7 2   10 6   13 9   14 16   15 16   16 9   17 4   19 2   20 49   22 8   25 32   26 24   27 24   28 18   32 9   33 4   34 8   39 4   40 2   41 1   42 2   43 4   44 1   45 8   46 13   47 16   48 8   51 6   52 2   53 8   57 16   58 8   59 12   
32  62     0 2   1 32   3 36   4 6   7 2   8 1   9 9   11 1   13 16   14 3   15 48   17 17   18 4   19 42   20 2   26 6   30 4   32 4   37 1   39 8   41 16   42 32   43 33   44 32   47 2   51 4   52 32   53 32   54 4   55 24   57 8   61 2   
35  62     1 9   2 32   4 16   9 8   12 8   15 32   16 1   18 8   21 1   22 32   24 2   26 8   27 24   28 16   31 32   33 7   34 8   37 2   38 32   39 36   42 32   44 2   45 4   47 4   48 35   50 4   51 18   53 1   54 2   55 16   57 12   58 6   60 41   61 16   62 6   
36  63     0 8   7 16   9 2   12 3   13 1   15 48   17 2   18 36   19 1   20 2   22 20   24 33   25 36   26 2   27 21   28 4   32 2   33 16   35 4   36 8   37 28   38 18   41 48   42 8   43 4   44 2   46 2   47 2   48 8   49 4   50 2   51 36   54 9   55 2   56 2   60 24   
25  59     3 44   4 8   7 1   10 16   14 20   16 1   18 25   21 32   24 16   28 35   29 4   30 2   36 1   38 1   39 49   41 10   44 32   46 1   49 52   50 2   54 1   59 4   60 1   61 2   62 36   
42  59     0 8   1 36   2 8   5 2   6 32   8 4   9 12   10 16   12 10   13 17   14 1   15 6   16 16   18 8   19 6   24 2   25 4   26 17   28 1   30 32   31 17   32 32   33 8   34 32   35 4   37 25   38 34   39 2   40 1   41 32   43 17   44 4   45 18   47 1   48 40   50 17   53 50   55 16   57 8   58 4   59 32   61 25   
29  61     0 32   1 2   6 12   7 4   8 2   9 16   15 34   16 18   17 8   18 12   21 1   23 16   24 40   26 6   28 6   30 17   31 1   32 6   36 16   39 2   42 12   46 8   47 33   51 4   53 48   54 32   56 8   57 4   62 24   
38  62     0 1   2 5   3 16   7 2   8 4   9 32   11 17   15 1   16 54   19 24   20 1   22 1   23 16   24 5   25 48   26 32   29 8   30 8   31 6   33 1   35 2   36 1   37 16   38 1   40 2   41 6   43 16   46 32   47 48   48 32   50 4   51 32   53 33   57 16   58 1   59 4   60 10   62 2   
34  59     2 8   3 2   4 33   5 26   8 4   11 1   13 1   15 4   16 4   17 8   18 4   19 2   21 4   23 8   24 2   26 1   28 24   29 1   31 8   34 32   36 2   38 4   40 1   41 1   42 3   51 4   52 16   53 32   54 22   55 8   59 2   60 10   61 1   62 17   
30  62     0 32   2 16   3 2   4 1   6 6   7 10   11 32   13 32   15 8   17 9   21 10   23 2   26 4   28 24   29 5   36 34   37 32   39 4   41 32   42 16   43 16   44 4   47 4   49 1   50 17   51 32   54 4   55 20   57 34   59 1   
41  63     0 4   3 8   4 8   5 2   6 8   7 8   8 7   14 4   15 2   16 1   17 1   19 8   21 37   23 2   24 8   27 8   28 42   29 4   30 32   31 3   32 18   35 32   36 32   38 16   39 4   40 1   41 48   44 16   45 5   46 32   47 16   48 24   49 10   50 38   51 4   52 2   53 16   55 17   56 12   60 8   61 2   
37  62     0 16   1 1   2 8   7 2   8 32   9 1   10 32   11 2   12 3   15 12   17 16   18 3   21 32   22 4   27 20   28 16   29 32   31 2   34 32   35 1   36 4   37 34   38 32   40 8   41 1   42 16   44 32   46 2   47 20   48 1   49 4   50 40   52 16   53 32   54 1   55 4   56 8   
39  62     0 16   1 16   3 1   5 32   6 8   7 8   8 10   9 1   10 32   11 6   12 2   14 2   16 16   19 8   21 2   25 16   26 2   27 1   28 4   29 1   32 33   34 4   36 32   38 4   40 34   43 24   44 32   45 48   46 1   47 32   48 8   49 2   50 4   51 16   52 34   53 8   55 40   57 32   62 8   
42  63     0 8   4 10   5 16   6 2   7 44   9 16   11 9   12 32   13 1   14 1   15 6   16 8   18 56   20 10   21 4   24 34   27 3   28 8   29 8   30 4   33 2   36 32   37 2   38 8   39 1   40 26   41 4   42 1   45 1   46 10   49 48   50 8   51 40   53 34   55 2   56 9   57 2   58 8   59 40   60 41   61 32   62 16   
41  58     0 8   1 33   2 24   3 4   4 4   7 16   10 24   11 1   12 17   13 24   14 34   17 3   18 36   22 10   23 33   26 10   27 5   28 1   29 8   30 22   31 2   32 16   34 13   36 1   37 9   39 1   41 28   42 17   43 1   44 34   46 3   47 24   48 47   49 8   50 4   51 6   53 26   54 24   56 10   58 12   60 50   
39  62     0 8   1 18   2 32   6 48   8 8   9 1   11 2   12 12   14 8   15 9   16 6   17 4   19 1   20 2   21 16   22 32   23 32   30 2   31 8   33 2   34 5   35 4   36 8   38 32   39 8   40 8   41 34   43 18   46 32   47 33   48 4   49 16   50 22   53 2   56 4   57 2   58 50   60 16   61 1   
The following result corresponding the SNR point : 3 dB.
40  61     2 17   3 16   5 40   6 18   7 18   10 4   11 36   12 2   13 17   14 2   18 16   19 8   21 6   22 4   23 5   24 40   25 4   26 16   28 9   30 24   32 33   33 40   35 10   36 17   37 10   38 32   39 16   41 8   43 4   44 10   46 40   48 1   49 16   50 4   53 32   54 6   55 32   57 32   60 1   61 8   
37  61     0 3   2 4   4 16   8 16   10 1   11 8   12 10   13 16   14 32   15 8   16 2   18 22   19 2   22 8   23 1   25 8   27 1   28 4   29 1   31 8   32 4   34 48   38 8   39 4   40 32   42 2   43 12   44 2   47 24   49 8   50 24   54 2   57 3   58 32   60 10   61 32   62 4   
38  59     0 48   3 4   4 16   8 18   9 2   10 16   12 1   13 3   15 32   18 8   20 8   23 36   26 45   28 36   31 16   32 25   34 32   35 8   37 32   38 32   39 6   40 8   41 4   42 38   43 8   45 8   46 4   47 8   48 17   49 8   50 2   52 2   53 2   55 1   56 8   57 5   59 24   61 4   
38  60     1 32   2 9   7 1   9 20   12 32   14 1   15 36   18 1   19 8   21 16   22 22   23 8   24 32   25 5   26 2   27 8   28 2   29 8   30 4   31 16   33 4   34 16   35 32   36 2   40 8   41 2   44 16   45 26   46 4   47 32   48 16   49 16   52 20   54 16   56 34   58 20   59 2   62 25   
36  61     0 34   2 8   4 2   5 11   6 1   8 1   10 16   11 1   15 4   17 4   20 16   21 32   24 1   25 32   26 16   32 32   33 32   34 8   35 36   36 1   37 1   38 40   39 32   41 6   43 12   44 1   46 36   47 40   49 1   50 20   52 32   53 36   55 4   57 32   59 4   62 32   
40  61     1 32   2 4   4 8   8 8   12 8   13 5   15 20   16 8   19 4   20 24   21 1   22 35   26 17   27 16   28 2   29 33   31 8   32 1   33 8   34 6   35 32   37 32   38 40   40 2   41 16   42 2   46 1   47 4   48 16   49 1   50 48   51 34   52 4   53 48   55 16   56 1   57 26   58 1   59 1   62 40   
37  61     0 2   1 40   2 1   3 1   5 18   10 5   13 16   14 16   15 2   16 40   17 32   18 1   19 25   20 8   21 2   23 16   24 2   25 2   27 16   30 8   31 6   32 6   34 4   36 4   37 20   39 40   44 4   45 2   46 48   47 1   49 16   50 2   53 1   56 1   59 9   60 32   61 10   
39  62     1 48   2 8   5 16   8 36   11 48   12 40   13 1   14 12   16 8   18 48   20 20   21 40   24 4   25 3   26 1   30 1   31 6   33 2   34 1   35 32   36 18   39 22   40 4   41 34   43 16   44 17   45 41   46 32   47 16   48 16   49 4   52 3   53 4   54 32   56 9   57 6   58 2   59 4   61 1   
38  60     1 1   2 3   4 20   7 8   9 26   11 20   12 4   13 8   16 2   18 1   19 2   20 36   22 1   23 8   26 4   27 36   28 18   29 2   30 4   31 40   32 8   34 16   36 17   37 8   40 16   41 2   42 8   44 32   46 4   50 1   51 12   52 1   53 32   57 5   58 20   60 16   61 2   62 3   
38  62     1 12   2 16   4 1   5 8   6 32   7 21   8 16   11 9   12 4   14 32   18 4   20 34   25 4   26 16   27 18   30 1   31 1   32 1   33 5   34 8   38 2   40 8   42 3   44 8   45 16   46 8   48 19   50 32   52 8   53 32   54 6   55 49   56 16   57 8   58 2   59 4   60 32   61 2   
42  61     0 55   1 2   3 4   4 6   5 1   7 40   8 17   9 34   10 16   11 16   17 4   19 52   21 18   23 32   24 40   27 4   28 10   29 8   31 2   32 10   33 8   34 4   35 2   37 2   38 8   40 32   41 4   42 16   43 17   44 16   46 20   47 1   48 8   49 16   50 16   51 32   53 1   54 8   55 32   57 12   58 9   62 1   
38  61     0 16   1 1   2 16   3 48   8 1   9 1   10 4   11 32   13 1   14 1   15 8   16 48   17 4   19 2   20 32   21 2   25 8   26 1   29 4   31 8   32 2   34 32   35 1   37 1   38 24   41 3   44 12   45 17   46 1   47 16   49 20   50 32   54 32   56 48   59 10   60 2   61 16   62 4   
30  58     0 2   2 8   6 1   8 9   12 8   13 1   17 3   18 3   22 33   23 4   24 1   25 4   27 4   34 6   37 32   39 16   40 10   42 40   45 8   46 1   48 2   49 16   50 7   51 8   52 28   53 8   54 16   56 4   58 8   62 8   
33  62     0 16   1 32   3 16   4 1   6 32   7 1   8 2   12 16   14 8   15 1   16 33   18 2   20 1   26 34   28 8   31 34   33 17   34 1   35 8   36 36   40 1   41 17   42 18   43 32   44 16   45 2   48 48   49 12   50 32   53 36   57 8   58 16   59 2   
38  63     0 1   1 48   3 16   4 18   8 32   9 32   10 4   11 6   13 2   15 4   16 2   17 10   18 35   19 8   22 8   23 8   24 6   25 20   27 48   30 1   32 6   33 32   35 4   36 4   37 32   38 5   40 16   44 8   47 2   48 32   51 32   52 8   54 1   56 32   58 6   59 34   61 20   62 36   
27  62     1 8   5 16   7 3   8 8   11 16   12 2   16 4   19 40   23 48   24 6   26 1   27 4   28 48   30 2   34 24   35 32   40 4   41 40   42 17   43 15   45 32   52 32   53 12   56 4   58 1   59 48   61 25   
31  60     0 10   1 2   3 8   6 4   9 1   11 4   12 8   13 8   20 1   24 16   25 3   26 4   28 8   29 22   30 2   33 1   34 32   35 8   40 36   41 12   43 8   45 16   46 2   47 32   48 3   49 1   51 1   52 36   57 8   59 34   60 8   
45  61     0 24   3 8   4 1   8 20   9 40   10 18   12 32   13 10   14 3   17 9   18 4   20 8   21 2   22 32   23 18   24 1   26 1   27 20   30 16   31 2   32 1   33 2   34 16   36 22   37 8   38 8   39 10   41 2   42 4   43 6   44 4   45 1   46 1   47 12   48 1   49 1   50 32   52 2   54 6   55 14   56 40   57 16   58 4   60 34   61 4   
38  62     4 34   5 2   8 6   9 2   10 32   11 40   12 32   14 4   15 4   16 10   17 9   18 10   20 32   21 32   22 1   25 12   27 32   30 2   31 8   33 32   34 12   35 35   38 16   39 2   40 13   42 32   43 4   44 24   45 32   46 20   48 34   49 4   50 32   55 4   57 2   60 8   61 48   62 16   
20  56     3 2   8 33   9 24   12 34   14 32   19 10   22 2   25 17   26 32   27 16   32 5   33 34   35 40   36 19   40 2   41 17   43 8   52 40   57 32   60 2   
43  61     0 8   1 60   2 10   3 2   4 16   5 21   6 33   7 10   11 8   12 16   14 32   15 6   17 4   18 3   20 28   22 14   23 4   24 18   25 17   26 6   27 8   29 17   30 50   32 36   33 48   34 9   37 1   38 2   39 8   40 10   41 2   43 56   45 6   47 48   48 1   52 1   54 2   55 4   56 16   57 1   58 4   59 1   61 10   
35  63     0 4   1 32   3 1   5 16   6 1   7 4   8 9   9 1   11 8   14 4   15 16   16 2   18 36   20 34   22 40   23 32   24 32   25 9   30 2   33 2   37 17   38 2   39 2   40 20   42 10   43 32   46 8   49 4   52 2   53 2   56 2   57 16   59 2   60 4   61 6   
42  63     1 3   3 16   5 2   6 32   7 32   9 17   10 4   11 8   13 48   14 16   16 9   17 3   19 32   20 8   21 16   22 1   23 16   24 1   27 2   29 16   31 9   32 8   33 9   35 1   36 3   38 1   39 8   41 20   42 16   43 42   45 16   46 2   47 18   49 9   52 52   53 1   56 8   57 4   58 32   59 13   60 8   62 12   
38  60     0 16   3 9   5 4   7 8   11 17   13 18   14 1   15 8   16 32   17 8   19 16   21 8   22 4   24 20   26 3   27 2   28 8   30 18   31 2   33 8   35 24   36 16   38 2   40 16   41 5   43 1   44 16   47 40   50 32   51 16   53 36   55 2   56 18   57 8   58 8   59 32   61 32   62 1   
40  60     0 32   1 12   2 33   3 4   4 34   6 1   7 16   9 32   11 2   12 48   13 14   16 32   17 40   19 4   22 12   23 24   24 1   25 2   26 8   27 1   29 40   30 2   37 1   38 4   40 4   42 24   43 3   44 4   45 18   46 28   49 1   50 16   52 8   54 9   56 1   57 48   58 4   59 16   61 36   62 4   
32  62     0 4   2 16   5 4   7 16   10 4   11 20   12 1   14 8   15 12   17 42   18 48   22 18   26 9   28 17   29 8   32 8   35 50   37 7   39 8   40 16   41 20   44 32   45 3   50 1   51 8   52 4   53 44   56 9   57 16   58 24   61 4   62 8   
32  58     1 8   3 32   5 4   7 32   9 1   11 8   12 18   13 8   14 40   15 34   17 40   18 17   20 3   21 33   23 8   25 32   28 2   32 36   33 16   36 2   37 4   41 16   43 2   46 6   49 18   50 1   52 12   54 1   55 1   57 4   58 16   62 8   
32  62     0 1   2 16   3 1   5 16   6 17   8 8   11 16   12 32   16 32   21 40   23 16   24 40   28 8   29 10   31 24   33 10   37 4   38 8   39 9   40 8   41 33   43 3   44 12   47 4   48 1   49 2   50 2   54 8   56 8   59 16   60 1   61 32   
41  62     0 24   3 4   4 2   5 19   6 32   9 2   10 8   12 48   15 1   16 8   19 2   20 16   21 1   22 1   23 10   24 8   26 1   29 25   30 8   31 32   32 32   33 32   34 18   35 17   36 17   37 18   38 32   39 36   40 2   41 4   43 34   44 1   47 16   50 33   53 16   54 8   55 17   56 12   57 20   59 8   61 16   
43  62     0 8   1 12   3 8   7 36   9 4   10 32   11 12   12 32   13 32   15 2   16 5   17 33   18 48   20 2   21 4   22 32   25 40   27 8   28 32   29 6   30 12   33 2   34 37   35 7   37 2   38 3   39 9   40 4   41 36   42 6   43 5   44 2   45 5   47 24   48 16   49 4   51 34   55 16   57 3   58 4   59 2   60 2   61 11   
39  62     4 2   5 8   6 8   7 1   8 18   9 1   10 12   11 21   13 2   14 7   22 12   23 34   24 2   25 10   27 2   28 4   29 8   31 32   32 10   33 32   34 4   35 1   37 7   39 1   41 37   42 48   44 42   45 8   47 8   48 8   51 21   52 16   53 4   56 32   57 16   59 36   60 1   61 49   62 16   
37  61     0 2   1 3   2 33   7 3   8 18   9 8   11 33   13 8   14 32   15 24   18 16   19 32   20 10   21 32   26 17   28 3   30 2   31 32   32 2   33 4   37 1   39 2   40 8   44 32   46 34   47 16   48 48   49 8   50 2   51 4   53 8   54 8   56 16   57 16   58 5   60 34   62 16   
36  60     0 4   4 5   5 2   6 32   7 1   8 16   12 48   13 4   14 4   15 32   16 37   17 4   18 8   20 26   24 18   27 34   28 32   29 8   35 1   36 16   38 16   40 4   41 16   42 16   45 32   47 1   49 36   50 4   51 2   52 4   53 1   56 8   58 1   60 1   61 4   62 12   
39  63     0 10   3 2   4 12   5 32   6 4   7 17   10 32   11 2   12 17   13 8   14 32   17 6   19 12   20 1   21 1   24 9   25 16   26 16   27 20   29 10   30 33   31 32   32 51   35 2   37 1   38 17   41 2   42 24   45 8   50 8   51 3   52 16   53 16   54 8   56 32   57 1   58 4   59 8   60 8   
38  63     0 16   5 16   6 9   7 6   8 16   9 32   11 2   13 2   14 1   15 17   16 24   18 4   21 24   23 36   24 16   26 32   27 5   28 36   29 2   30 12   33 16   34 16   37 20   38 4   40 2   41 1   43 32   45 4   46 4   47 8   48 4   50 9   52 8   53 16   54 2   56 8   57 1   60 32   
44  60     0 8   1 32   4 32   5 8   6 16   7 24   8 2   10 48   11 16   13 4   14 1   15 32   17 2   18 32   20 16   21 2   22 25   26 44   27 5   29 16   30 26   31 48   33 2   34 4   36 32   38 2   40 36   41 34   42 3   43 1   45 4   47 8   48 16   49 36   51 5   52 4   55 3   56 16   57 52   58 11   59 4   60 1   61 32   62 4   
32  62     0 16   5 38   6 4   7 4   9 5   10 1   16 42   17 4   18 1   19 32   20 42   27 8   28 16   29 8   31 1   32 24   33 16   36 40   37 1   38 20   39 44   41 4   44 1   45 8   49 5   50 16   54 8   56 8   57 4   58 3   59 16   62 1   
29  62     1 2   2 48   3 32   4 16   8 48   10 48   12 16   13 1   14 32   16 8   26 16   27 32   28 48   33 4   36 16   37 37   39 36   40 32   43 4   44 16   45 32   50 8   54 20   56 32   58 2   59 32   60 4   61 4   62 2   
37  62     0 2   1 2   2 4   3 32   4 36   7 8   9 16   12 32   13 16   15 1   16 6   19 1   24 2   25 17   26 24   28 8   29 32   30 4   31 18   32 8   34 25   35 9   36 8   39 8   40 3   42 2   43 2   44 4   48 32   52 34   53 24   54 4   55 8   56 1   58 1   59 22   60 5   
37  62     0 2   1 12   2 8   4 36   5 32   9 16   11 32   13 12   16 4   17 4   18 32   19 32   22 40   24 8   25 1   26 10   27 2   30 4   33 17   34 32   35 2   36 40   37 8   38 4   40 32   41 33   44 32   45 9   46 8   48 8   49 6   50 4   54 20   57 32   58 1   60 1   62 8   
36  60     1 50   2 8   3 17   4 48   5 9   6 4   8 42   9 20   11 8   13 8   18 32   19 48   22 18   25 2   26 16   27 1   28 20   29 9   30 3   31 2   33 20   34 36   35 1   36 40   38 2   40 2   42 32   45 3   47 24   51 48   54 4   57 18   58 10   60 38   61 8   62 4   
35  61     0 16   3 1   4 4   6 10   7 3   8 9   11 32   12 2   13 10   14 9   17 32   19 4   20 2   24 32   26 32   27 4   28 4   30 2   31 1   32 4   37 16   38 36   41 2   44 1   45 5   46 32   51 3   52 32   54 4   55 2   57 2   58 1   59 33   60 32   62 1   
42  63     0 1   2 48   4 40   5 18   6 16   7 8   9 8   10 1   11 18   14 32   16 4   18 2   19 17   21 24   22 41   24 16   25 34   26 8   27 6   28 16   31 2   33 34   35 2   36 17   38 16   39 2   40 11   41 16   42 5   44 4   45 33   46 17   48 8   49 17   50 4   52 5   53 17   54 32   55 1   59 1   60 24   61 4   
28  62     1 4   3 50   6 1   7 4   10 32   11 12   12 34   14 8   15 40   16 18   17 12   18 4   19 4   20 2   25 32   30 21   31 5   38 1   39 34   42 16   43 1   45 42   46 18   47 32   49 2   52 20   53 8   54 2   
30  60     0 4   1 8   4 2   6 16   13 11   14 1   16 56   19 8   25 8   26 9   27 8   29 32   31 34   32 12   35 8   39 1   40 40   41 2   44 8   45 10   48 4   49 10   50 8   52 1   53 6   54 6   56 4   57 16   58 8   59 2   
42  61     2 8   3 48   4 8   5 4   8 18   9 16   13 16   15 34   16 2   17 17   18 24   19 8   20 8   21 2   22 5   24 34   25 1   27 1   28 25   32 2   33 9   37 4   38 28   39 2   40 8   41 33   42 56   43 16   45 16   47 32   48 4   49 5   51 8   53 32   54 8   55 32   56 16   57 32   59 16   60 24   61 8   62 2   
39  62     0 11   2 40   3 8   4 32   6 40   7 1   8 13   9 10   10 3   11 4   12 4   13 17   14 8   15 16   17 4   18 4   19 8   21 9   22 2   24 57   26 1   27 8   29 8   33 16   35 2   37 34   39 4   40 8   44 4   45 2   46 40   47 34   52 40   54 1   55 24   59 32   60 40   61 6   62 2   
32  61     0 2   1 2   2 32   4 16   5 9   9 16   10 25   17 48   18 6   21 32   24 34   25 32   28 32   29 8   30 1   32 16   34 10   35 32   36 40   37 3   38 4   39 10   42 18   45 24   46 4   49 8   55 12   56 16   58 16   59 4   60 2   62 32   
36  62     0 4   2 1   3 32   4 17   5 2   7 16   9 1   10 1   11 32   12 8   14 2   18 8   19 18   20 2   22 18   24 16   26 18   27 17   28 2   30 32   31 2   32 16   33 1   35 2   36 16   39 8   42 20   47 7   48 12   49 8   50 16   54 2   55 1   57 48   60 4   62 2   
28  59     3 16   5 16   6 32   7 50   8 1   14 8   16 4   19 1   20 48   22 1   24 8   25 5   28 24   30 1   31 6   35 32   38 4   46 2   47 3   48 36   50 48   51 16   53 1   54 16   55 1   58 1   60 1   61 4   
33  60     0 2   2 1   6 28   7 34   8 1   10 2   13 1   14 42   15 8   18 2   19 4   21 2   24 32   25 12   26 16   30 16   33 4   37 2   38 8   39 2   41 16   44 32   45 2   46 9   47 2   54 4   55 2   57 4   58 21   59 1   60 8   61 4   62 1   
43  63     0 4   2 2   3 16   5 2   6 16   7 4   9 20   11 16   13 32   16 4   17 16   18 2   21 16   22 11   23 6   24 32   25 20   26 24   28 8   30 1   31 33   32 18   33 32   34 16   36 8   37 1   38 4   39 16   40 34   43 1   44 33   45 8   46 2   48 1   49 2   51 9   52 2   53 6   54 2   56 1   57 12   60 2   61 8   
39  63     1 49   2 4   3 1   4 8   7 5   10 56   11 1   14 4   17 4   18 32   19 34   22 2   24 18   25 18   26 1   27 1   28 8   29 16   30 8   31 16   32 8   33 16   37 4   38 16   39 2   40 8   41 1   42 2   44 16   47 2   49 52   51 1   53 16   54 16   57 20   58 48   59 16   61 6   62 2   
38  62     0 4   1 1   2 4   4 32   5 10   6 8   9 1   14 1   15 2   16 16   17 42   19 25   20 16   21 36   22 8   24 2   25 2   26 16   28 19   29 17   30 2   34 1   36 32   37 32   38 1   39 8   41 1   44 1   46 4   49 24   50 32   53 16   55 2   56 2   57 4   60 2   61 4   62 36   
30  62     6 8   10 32   13 2   16 44   17 8   18 8   21 2   22 1   23 18   26 4   28 4   29 4   32 16   35 8   36 14   38 17   40 33   42 13   44 4   45 33   47 50   49 16   51 23   52 2   55 3   56 16   57 40   58 4   60 9   62 12   
31  62     0 2   2 34   3 2   6 1   7 26   9 4   18 17   20 32   21 16   24 2   27 17   28 8   30 2   31 8   32 18   34 32   36 8   39 17   40 32   41 2   43 2   45 6   47 6   49 4   50 2   51 16   52 1   54 8   57 32   59 32   62 8   
31  62     1 40   3 8   4 2   8 53   11 1   14 1   17 4   18 36   19 34   21 9   22 16   25 4   26 1   27 8   28 33   31 19   34 16   36 16   38 10   39 12   40 4   42 40   44 3   50 2   52 3   54 32   57 1   58 1   59 4   60 1   61 32   
38  61     0 1   1 36   4 2   6 48   7 2   8 9   9 32   12 4   13 16   15 32   16 6   17 1   19 8   20 8   22 35   24 2   26 38   27 8   28 4   29 17   31 6   32 1   33 5   34 1   36 32   38 1   42 8   43 32   44 3   45 4   46 16   47 38   48 16   50 8   53 16   57 8   58 41   61 17   
37  62     0 6   1 16   3 44   5 1   8 1   11 33   12 32   13 3   16 32   18 4   21 17   23 24   25 2   26 8   27 4   28 1   29 34   30 16   33 2   34 2   37 20   38 3   39 4   40 32   41 16   44 17   46 16   47 6   48 8   51 2   52 22   53 2   55 8   57 32   58 24   60 4   61 4   
37  62     2 16   3 1   6 16   7 1   9 17   13 24   15 1   16 8   18 1   21 16   23 1   24 17   26 10   27 4   28 40   29 18   31 2   32 17   33 18   34 16   35 34   37 1   38 8   42 20   43 16   45 8   47 1   48 1   49 33   51 1   52 6   53 8   54 33   55 8   57 8   58 32   62 32   
37  61     0 8   1 2   4 2   5 16   6 2   7 4   8 32   10 33   11 16   12 1   13 1   15 8   18 16   19 1   21 1   26 32   27 4   28 32   29 32   30 38   31 1   33 8   35 2   36 41   40 2   41 8   42 1   43 4   46 1   47 32   48 4   49 8   50 16   53 4   54 1   59 8   60 18   
39  63     1 36   2 8   3 8   4 34   7 16   8 2   10 16   11 4   14 6   15 4   16 57   17 4   19 17   20 9   21 1   22 4   26 8   30 33   31 8   33 17   34 48   39 24   40 4   41 8   42 2   43 37   44 1   45 17   46 16   47 18   51 48   52 32   54 2   55 48   57 2   58 4   59 56   61 4   62 8   
29  63     2 4   4 8   8 1   9 24   10 1   11 33   13 4   14 2   15 20   19 4   20 2   21 16   25 5   26 4   27 8   32 33   35 32   36 9   38 2   40 8   43 2   44 4   45 32   48 56   50 2   53 40   57 8   61 2   62 2   
39  61     6 8   8 4   9 40   10 1   13 5   14 4   15 41   18 4   19 10   20 16   22 11   23 2   24 1   25 8   27 32   29 17   33 16   34 2   35 32   36 36   37 32   38 1   39 4   40 32   42 1   43 24   44 8   45 4   46 4   49 9   50 20   52 50   54 2   55 6   56 4   57 16   58 1   61 10   62 8   
45  62     0 8   1 10   2 8   3 48   5 32   6 16   7 32   8 1   10 16   11 37   12 5   13 4   14 17   16 32   18 9   19 12   20 18   21 2   23 48   24 48   27 16   28 4   32 32   34 32   35 10   38 18   39 32   40 17   41 16   42 8   43 32   44 2   46 4   49 8   51 36   52 40   53 4   54 32   55 4   57 2   58 1   59 16   60 2   61 17   62 8   
37  60     0 2   1 16   3 1   5 16   6 32   7 4   8 8   9 8   12 1   13 4   14 6   15 16   18 2   20 2   22 10   26 2   27 2   28 4   30 1   33 2   34 9   35 8   39 34   41 9   43 4   44 22   45 38   46 5   49 1   51 4   52 16   53 32   54 34   57 1   58 32   59 4   60 4   
33  61     0 32   1 32   4 4   5 32   6 2   7 3   8 16   9 8   13 16   15 8   16 32   18 4   19 16   22 28   23 24   25 32   27 8   28 32   29 16   32 6   36 34   37 48   41 3   42 33   44 2   45 9   48 16   51 8   52 20   55 8   57 2   60 16   61 5   
48  63     0 10   1 8   2 12   3 32   4 8   5 16   6 41   8 32   9 34   10 2   11 8   12 8   13 16   14 18   18 16   19 8   20 10   21 2   22 16   23 18   24 2   25 4   26 1   28 5   30 33   31 8   32 1   33 16   34 32   36 4   37 16   38 8   39 32   40 1   42 9   43 17   44 33   46 36   47 16   48 1   49 48   50 4   52 2   54 32   55 4   56 3   59 24   61 1   
37  63     1 16   6 8   9 16   11 17   13 8   14 36   15 16   16 1   17 4   20 1   21 8   22 16   23 8   24 24   25 4   27 16   28 1   29 48   31 4   32 5   34 32   36 36   37 1   38 4   39 1   41 4   43 32   46 17   48 1   49 6   50 32   52 12   56 21   57 18   59 34   60 1   62 32   
46  63     0 32   2 1   4 8   5 2   6 8   7 13   8 16   9 2   10 2   11 4   12 8   13 2   15 32   16 16   18 6   19 28   20 28   21 5   22 4   25 10   26 4   27 20   30 8   31 2   32 1   34 38   35 2   36 12   37 16   38 4   39 3   41 1   42 16   44 16   46 8   47 17   48 25   50 8   53 7   56 8   57 4   58 4   59 1   60 8   61 2   62 16   
39  61     1 28   2 32   4 12   5 16   6 20   8 17   9 32   11 8   14 17   16 8   17 6   21 10   22 16   24 32   25 1   26 36   27 2   28 32   29 4   31 18   32 8   34 8   35 4   36 32   37 16   39 4   40 8   41 16   42 4   45 8   49 2   51 33   52 8   53 4   54 16   56 9   58 6   60 8   62 6   
35  61     0 4   1 6   2 16   4 16   5 6   7 4   8 2   9 6   12 12   18 1   19 24   21 12   22 48   24 36   25 16   26 2   27 5   29 12   30 32   31 3   35 33   37 16   40 40   41 17   43 1   44 24   45 8   50 44   52 2   56 10   58 2   59 4   60 10   61 36   62 1   
31  61     0 4   1 4   3 16   5 8   7 1   8 2   9 32   13 16   14 4   15 20   20 8   23 4   24 1   25 32   26 52   27 16   29 32   31 3   33 32   35 38   36 32   37 16   39 12   42 4   46 16   51 16   52 16   58 3   59 4   60 8   61 48   
34  61     0 16   3 4   5 1   7 20   8 8   10 2   11 4   14 8   15 40   16 34   18 20   19 24   22 1   23 6   27 4   29 1   30 8   31 16   35 1   38 8   39 8   41 2   42 50   45 16   49 8   50 3   51 12   52 8   53 3   54 24   57 8   59 10   60 1   62 33   
38  61     1 48   4 43   5 3   9 6   10 4   12 4   14 36   15 1   17 32   20 48   22 4   24 8   26 4   27 16   28 8   29 1   30 8   32 37   33 12   34 4   35 16   36 1   37 4   38 2   39 16   40 4   46 32   47 2   48 4   49 36   51 32   52 16   54 8   56 1   58 8   59 16   60 1   62 60   
38  62     0 28   2 1   3 8   5 8   7 4   8 1   11 4   16 2   18 32   19 48   22 8   23 32   25 16   26 16   27 17   28 48   29 13   31 24   33 4   35 32   36 11   37 8   38 20   39 8   41 24   42 32   43 2   44 1   45 17   48 8   49 10   50 1   52 2   55 16   56 36   57 2   58 32   60 3   
29  62     0 18   1 2   4 8   5 6   6 12   8 36   10 32   11 8   13 8   14 2   19 12   20 32   21 18   23 34   27 33   29 8   30 32   31 1   32 24   37 4   38 1   46 32   47 2   48 1   52 32   58 1   60 1   61 40   62 12   
28  57     0 8   1 6   4 32   9 2   13 1   14 32   19 17   21 8   23 2   25 8   26 4   30 4   31 32   36 8   37 16   38 38   41 2   42 8   44 32   47 18   48 2   50 4   51 32   53 32   57 17   58 4   60 4   62 32   
40  62     1 9   2 32   4 4   5 8   6 32   7 16   8 32   10 4   11 32   13 5   15 2   16 1   17 8   18 1   23 32   24 2   26 2   27 8   28 16   30 16   34 8   36 20   37 16   38 16   40 16   41 3   42 1   43 16   47 8   48 4   50 18   51 32   52 16   53 2   54 1   55 8   57 1   58 1   61 53   62 32   
42  59     0 32   3 1   4 32   7 2   8 16   10 18   11 6   12 8   13 8   14 1   15 9   18 1   19 2   20 16   23 32   25 5   26 16   27 8   28 32   29 32   32 24   33 12   34 12   36 25   38 10   39 3   40 3   41 32   42 2   44 32   45 16   46 32   47 2   48 4   49 16   51 8   52 36   56 34   59 32   60 8   61 1   62 1   
31  61     0 1   1 32   3 2   9 32   10 24   13 2   14 2   15 48   16 26   17 1   21 33   22 48   24 32   26 4   29 9   34 17   35 34   38 1   39 17   40 32   44 2   48 12   50 5   51 18   52 16   53 16   54 4   55 37   56 20   57 6   59 8   
34  62     0 8   4 40   5 1   7 17   9 2   10 1   13 1   14 18   16 50   18 17   19 8   20 4   21 18   22 8   23 16   26 1   28 18   29 8   33 4   35 2   36 2   40 32   41 11   42 4   44 43   46 1   48 2   51 16   53 24   55 18   57 40   58 1   59 16   60 20   
44  63     4 16   5 48   6 22   7 40   9 40   10 9   14 32   15 16   17 1   18 32   20 16   21 2   22 8   23 32   26 5   27 32   29 36   30 5   31 2   33 4   34 16   35 2   36 2   37 20   38 4   40 1   41 40   42 16   43 48   44 28   45 4   46 8   47 4   48 13   49 4   50 16   53 8   54 5   56 60   57 4   58 16   59 1   60 2   62 2   
38  60     1 4   3 40   5 16   7 9   8 32   10 8   12 3   13 1   14 9   15 2   19 16   20 2   22 16   26 4   27 9   29 32   30 32   31 1   35 16   37 3   38 34   39 35   40 8   42 8   44 17   45 8   47 16   48 8   50 49   52 8   53 18   54 1   55 10   56 16   58 8   59 8   61 18   62 2   
45  63     0 34   1 8   2 9   3 2   5 20   9 48   13 3   16 48   17 1   18 9   19 16   22 16   23 20   24 9   26 4   27 32   28 18   29 1   31 4   32 2   33 34   34 1   35 4   39 34   41 36   42 4   43 4   44 19   45 32   46 18   47 8   48 8   49 2   51 8   52 1   53 32   54 1   55 3   56 18   57 1   58 1   59 1   60 4   61 33   62 2   
35  62     4 18   5 4   8 2   10 56   12 35   16 4   17 12   18 4   19 32   20 2   21 16   22 17   23 16   24 2   31 8   32 32   33 2   34 4   35 17   36 16   37 50   40 13   42 8   44 2   47 33   48 2   49 16   50 12   52 8   53 8   55 1   56 4   58 4   59 13   60 1   
44  63     0 48   3 2   4 12   6 40   7 9   8 16   9 17   10 4   11 1   13 1   14 40   16 40   17 2   19 32   20 1   22 16   23 4   24 32   25 1   26 1   28 6   30 1   31 2   32 2   33 12   35 4   36 16   38 16   39 32   40 8   41 1   42 39   43 1   44 17   45 1   46 1   47 4   48 25   49 4   53 9   54 33   57 10   58 18   59 3   
43  62     0 4   1 4   2 52   3 32   4 4   5 32   6 2   7 4   8 50   11 1   12 32   13 1   14 3   16 5   17 1   18 8   19 2   20 16   21 2   22 1   23 26   24 2   25 5   26 34   27 2   28 4   29 34   30 32   36 32   38 1   39 8   40 1   42 1   44 2   46 5   47 40   49 36   51 38   53 2   54 40   57 8   59 36   61 41   
39  60     0 16   2 56   3 32   5 33   7 34   13 16   14 16   18 2   19 34   20 8   22 34   23 10   24 4   25 32   26 4   27 4   28 36   29 1   31 57   34 32   36 1   37 34   39 4   40 32   42 20   43 12   47 32   50 4   51 8   52 1   53 4   54 1   55 3   57 40   58 16   59 18   60 16   61 16   62 42   
34  63     0 1   2 4   3 8   4 40   7 33   9 16   10 32   12 32   13 9   14 29   17 5   18 3   20 33   22 10   23 16   27 32   29 34   32 22   34 16   37 32   40 16   41 9   42 32   43 24   44 40   47 16   49 8   51 16   52 1   55 52   57 2   59 2   60 16   61 35   
30  61     2 32   4 3   7 1   13 10   14 6   16 4   17 1   18 2   19 4   22 16   23 3   24 8   25 5   26 1   27 8   30 36   31 32   33 20   34 32   35 16   37 2   41 8   45 2   51 2   53 16   55 32   56 6   57 16   61 32   62 2   
38  61     0 18   3 10   4 17   5 16   6 16   7 33   9 2   15 4   18 2   19 8   20 2   21 4   23 4   24 16   25 4   26 40   28 1   29 2   30 2   31 16   32 1   34 16   36 32   40 2   41 1   42 2   43 6   45 32   47 1   48 8   49 12   51 5   52 2   55 26   56 8   60 32   61 32   62 2   
39  62     0 32   1 40   2 16   3 16   4 32   5 4   7 4   8 16   10 2   12 8   14 32   15 4   16 32   18 32   19 8   20 10   21 48   23 34   24 32   26 4   31 6   36 2   37 6   38 8   39 2   41 4   43 40   44 8   45 32   46 1   48 34   50 32   51 2   52 9   53 1   54 17   56 4   57 1   58 4   
38  61     0 36   2 32   3 1   4 4   6 38   8 1   9 16   10 18   12 4   15 33   16 1   17 8   18 18   21 17   22 10   24 16   26 17   27 32   30 32   31 34   32 4   33 56   34 26   35 16   36 16   37 32   39 24   40 36   41 8   43 1   45 10   48 32   51 16   52 7   56 8   57 20   58 37   59 8   
34  63     0 4   1 2   2 16   3 49   6 36   7 16   10 32   12 4   17 16   18 12   20 5   21 40   24 1   25 4   26 4   27 3   28 4   29 4   31 32   32 1   33 16   35 2   37 5   39 8   43 2   45 4   49 1   50 2   52 2   54 3   57 16   59 32   60 1   62 10   
38  60     5 2   6 16   8 16   9 34   10 1   11 3   12 16   14 18   15 8   16 2   19 36   20 2   22 4   23 16   24 2   25 5   27 16   28 4   29 17   31 10   33 28   34 1   35 4   39 4   42 3   44 1   46 16   47 4   48 8   49 2   50 8   51 16   52 20   54 40   55 2   56 32   60 5   62 16   
32  61     2 37   4 32   9 6   11 16   12 17   14 10   15 16   17 1   19 32   21 32   24 1   26 2   28 16   30 8   33 20   35 16   39 8   40 16   41 8   43 4   45 25   46 32   47 16   49 32   50 1   52 1   53 33   54 16   58 8   59 1   60 16   62 20   
31  62     2 16   3 32   4 1   5 32   6 16   7 33   9 1   12 2   14 20   15 2   18 4   20 1   26 34   27 32   28 4   31 52   32 1   33 32   34 32   37 32   39 8   41 8   43 2   45 4   46 32   50 1   56 20   58 1   59 8   61 16   62 8   
36  61     1 1   2 6   5 8   7 32   8 33   9 5   10 16   11 34   12 16   16 40   18 4   20 32   21 1   25 32   26 20   27 16   28 6   29 37   30 3   32 4   34 1   35 16   37 2   38 32   40 34   41 4   43 6   45 2   46 1   47 2   49 16   50 4   52 4   54 8   57 32   60 4   
43  63     0 20   1 16   3 8   4 20   5 2   7 1   8 18   9 1   10 36   12 8   13 8   14 2   15 24   16 2   17 16   19 32   22 4   24 32   25 8   26 2   27 2   28 4   29 12   32 4   34 8   35 34   37 17   38 32   40 1   41 18   42 1   43 8   45 16   46 4   49 34   51 3   52 40   53 3   55 8   56 32   57 32   59 1   60 2   
The following result corresponding the SNR point : 3.25 dB.
34  62     0 34   5 32   6 36   9 48   10 2   11 2   13 8   14 16   15 3   18 2   20 1   21 16   22 8   23 16   24 12   25 8   26 8   27 8   36 48   37 3   39 20   40 8   41 49   42 40   43 1   46 3   48 2   49 2   51 24   53 32   54 20   56 2   57 3   62 19   
42  61     0 34   1 32   4 32   6 12   7 44   8 32   10 3   11 24   12 1   13 1   16 8   17 32   18 16   19 4   21 33   23 16   25 44   26 16   27 2   28 16   29 17   30 32   31 1   32 1   33 28   34 4   35 2   36 1   37 16   38 2   39 8   40 32   41 4   44 2   47 2   48 17   49 34   51 13   53 32   58 16   59 1   61 18   
8  43     0 16   5 2   6 2   26 3   30 32   51 16   52 32   56 4   
35  63     0 4   3 16   4 16   6 8   8 16   10 32   12 2   13 3   14 2   16 48   17 3   18 2   20 4   21 10   22 1   25 32   26 2   27 6   28 8   29 10   33 20   34 4   35 8   38 2   39 2   42 8   43 4   44 2   47 1   50 16   51 1   53 4   55 49   59 2   61 5   
45  62     0 32   1 17   2 32   4 10   5 34   6 16   7 48   8 17   9 4   12 36   13 14   15 4   16 8   17 16   18 3   19 9   21 20   23 8   24 50   26 8   28 1   29 16   30 18   31 2   34 26   36 16   37 4   39 24   40 10   41 16   42 32   43 2   45 32   46 1   47 17   48 18   49 4   50 16   51 3   52 1   54 32   56 32   58 5   60 33   62 4   
38  61     0 8   1 9   3 48   4 32   5 1   6 1   11 2   13 2   14 16   17 16   18 22   19 16   20 32   22 2   23 1   24 4   25 12   26 16   27 9   28 57   30 20   31 32   36 2   37 8   42 20   43 16   44 1   45 16   46 32   51 19   52 8   54 2   55 2   56 16   57 5   60 17   61 8   62 18   
37  61     0 1   1 32   3 16   4 1   8 1   10 16   11 2   13 34   14 8   15 3   18 42   19 2   21 4   22 32   23 32   24 4   25 16   26 40   28 16   29 32   31 32   32 20   37 16   39 33   42 4   44 1   45 2   46 1   48 32   50 1   53 5   55 4   57 2   58 2   59 32   61 1   62 12   
38  60     1 18   4 33   6 8   7 2   9 8   12 2   15 16   16 25   18 12   20 1   21 49   22 32   23 36   24 16   26 9   27 16   30 33   31 40   32 4   33 5   34 17   35 20   38 16   42 16   43 18   44 9   45 9   46 16   48 16   50 18   51 16   52 4   56 9   57 2   59 4   60 1   61 32   62 32   
37  61     1 1   2 16   3 2   4 8   7 16   8 6   9 34   11 16   13 8   14 16   15 16   17 2   18 1   25 1   26 1   28 32   32 16   33 12   34 8   35 18   36 4   37 40   41 4   42 2   45 1   46 8   48 8   50 4   51 2   52 4   54 32   55 4   56 8   58 32   60 16   61 34   62 24   
30  62     3 32   4 1   5 1   7 1   9 20   15 33   16 8   18 42   21 2   22 4   23 8   25 16   30 16   37 8   40 5   43 1   44 2   46 33   47 4   48 4   50 16   51 8   52 3   54 10   55 4   56 8   57 2   58 12   59 17   60 8   
38  62     2 8   4 4   8 4   9 10   10 8   12 9   13 16   14 32   16 16   17 10   18 3   23 22   25 36   28 10   29 32   30 32   31 16   34 58   35 12   37 4   38 20   39 8   40 40   41 20   42 36   43 1   46 40   48 54   49 1   50 1   51 4   53 4   54 1   55 4   56 20   57 4   59 8   61 8   
34  60     0 8   1 32   3 2   4 12   5 2   6 6   9 32   10 16   11 16   12 12   15 17   17 9   19 8   22 2   26 8   28 24   30 16   31 2   33 4   34 16   41 4   42 2   43 32   44 4   45 9   46 1   48 32   50 10   53 36   55 16   56 1   57 16   58 2   61 24   
42  63     0 32   1 16   2 41   5 16   6 5   7 35   8 2   10 10   11 17   12 48   14 4   15 4   16 17   18 2   20 1   21 2   22 8   23 32   24 16   25 8   26 4   28 2   30 4   31 24   33 40   34 1   38 32   40 1   44 32   45 16   46 18   47 2   48 9   49 1   50 16   51 8   52 18   53 12   54 8   55 17   61 17   62 8   
41  63     0 1   2 32   3 17   5 2   6 32   7 1   8 16   9 2   12 17   13 4   15 4   19 2   20 9   23 9   24 32   25 32   27 1   29 4   31 2   32 2   33 38   35 16   36 1   37 2   38 1   39 16   40 1   41 8   43 13   45 2   47 4   48 2   49 3   50 8   54 8   55 32   56 50   59 4   60 2   61 4   62 4   
36  61     2 32   3 8   4 3   5 18   6 24   8 16   10 1   11 16   14 16   15 3   16 1   20 9   21 32   23 32   26 16   27 50   28 20   29 1   30 24   33 5   34 4   39 8   40 2   41 24   42 12   44 2   48 4   50 20   52 1   54 34   56 2   57 20   58 4   60 2   61 8   62 8   
30  63     5 18   10 16   11 28   13 1   15 32   17 33   19 24   21 9   22 32   23 1   24 33   25 8   26 16   27 1   29 18   31 4   37 4   39 1   40 32   41 40   42 14   44 9   47 32   50 32   52 17   53 4   54 32   57 4   58 8   61 3   
36  62     2 32   7 33   8 4   9 36   11 2   13 4   14 9   15 34   17 48   18 32   19 32   20 32   21 32   22 36   23 4   25 16   26 8   28 32   30 8   32 32   34 34   37 16   38 5   40 20   41 20   42 2   43 4   44 2   45 8   47 2   48 4   49 16   52 4   58 12   59 33   61 2   
34  61     0 2   2 6   3 4   6 16   8 54   13 32   16 4   17 33   18 16   19 4   22 16   23 18   24 4   27 32   28 32   29 4   32 16   33 32   34 34   38 12   40 3   41 48   42 1   43 32   44 40   47 16   49 2   51 8   52 16   55 8   56 32   58 1   59 1   61 35   
37  62     1 1   2 1   5 16   7 4   10 32   11 1   13 4   14 16   15 4   16 4   17 18   18 9   19 9   20 8   21 19   22 8   23 16   24 8   25 8   33 6   35 16   37 17   39 16   41 25   42 2   43 32   45 2   46 16   49 1   50 32   52 17   55 32   56 50   57 36   58 6   60 4   62 4   
36  63     2 16   3 4   4 4   5 1   6 42   8 32   9 18   10 2   16 16   17 2   18 34   19 4   22 48   26 17   28 36   29 1   30 1   31 1   33 32   34 32   35 16   36 24   39 2   40 36   42 16   43 2   44 16   46 17   48 2   49 28   52 2   55 33   57 36   58 8   59 17   62 32   
40  62     1 4   2 16   3 40   4 16   6 16   7 1   9 16   10 16   11 36   14 4   15 8   16 36   17 32   18 16   19 8   21 2   24 8   26 5   27 1   28 32   29 4   30 4   32 2   33 2   34 24   35 14   36 6   38 8   39 2   40 2   43 8   44 6   46 54   48 8   49 2   51 33   54 4   55 32   56 2   60 3   
35  60     0 6   1 1   2 2   6 8   8 1   9 2   10 4   12 2   13 2   24 8   25 36   26 5   27 11   28 32   29 32   30 6   31 40   32 32   33 9   35 6   38 4   43 2   44 4   45 40   46 4   49 36   50 4   51 1   52 4   55 8   57 36   58 8   59 1   60 48   62 24   
39  61     0 1   7 56   8 7   9 2   11 1   12 1   13 8   15 33   17 32   20 48   21 20   22 1   24 8   25 8   26 36   27 5   28 2   29 2   30 20   31 1   32 4   34 4   35 40   36 4   38 1   39 34   40 8   42 5   44 1   46 8   48 4   49 32   54 16   55 9   57 12   59 1   60 39   61 8   62 8   
36  61     0 6   1 1   3 4   4 8   6 13   7 32   8 2   9 16   10 2   12 16   13 32   14 2   15 52   16 48   17 8   18 34   19 1   25 8   27 4   28 1   29 16   31 36   35 1   39 32   40 12   42 8   44 4   45 3   46 3   47 16   49 32   50 38   51 2   54 4   61 1   62 4   
36  61     1 6   4 8   5 32   7 12   9 14   10 1   11 8   12 18   14 16   17 40   18 22   19 4   22 1   24 18   27 16   29 16   30 32   31 48   33 1   34 16   35 32   36 4   37 32   38 16   39 1   41 5   45 4   50 4   51 33   52 8   53 2   54 16   56 16   59 5   60 32   61 20   
36  61     0 4   1 4   5 8   6 2   7 40   9 10   10 33   12 8   17 32   18 36   21 33   22 36   23 16   24 32   26 1   27 2   28 32   29 1   31 2   32 2   34 21   35 4   40 5   41 32   45 8   47 2   50 6   51 32   52 2   53 16   54 32   55 16   57 37   58 32   60 2   62 12   
41  61     0 42   2 32   4 32   5 1   6 40   8 37   10 20   11 2   12 3   14 32   16 16   17 19   18 4   19 36   21 32   23 1   24 8   25 5   26 4   27 16   28 32   29 4   30 16   31 2   33 1   34 48   35 1   36 48   37 36   39 16   43 8   44 5   47 12   49 12   55 10   56 32   57 1   58 4   59 16   60 32   61 36   
45  61     0 2   1 16   3 49   4 1   5 34   6 40   7 32   9 6   10 2   11 34   13 36   15 16   17 24   18 42   19 8   20 50   22 8   23 2   24 2   25 15   27 8   28 20   29 10   30 16   31 32   33 1   34 1   36 8   37 49   38 12   39 20   40 2   41 5   43 5   44 16   46 8   47 8   48 33   50 8   51 20   54 33   55 1   57 12   58 36   60 32   
28  61     4 8   5 17   6 16   7 2   9 4   11 1   12 8   13 1   15 22   17 8   21 18   22 4   28 1   33 7   34 32   35 16   36 17   40 1   43 16   44 17   45 9   47 4   48 1   49 4   52 2   54 2   57 10   62 36   
35  62     0 36   1 36   3 1   4 19   8 8   13 4   14 6   16 1   17 7   18 36   19 36   22 32   23 8   24 1   26 6   28 32   29 8   30 32   31 16   32 8   35 24   38 1   43 2   45 1   46 5   47 8   48 16   49 8   50 24   52 6   56 34   58 1   59 2   61 32   62 33   
45  62     1 1   4 4   5 2   6 10   8 16   11 2   12 46   13 32   15 16   16 1   17 48   18 32   19 1   21 9   22 32   23 2   24 4   25 36   26 14   27 8   28 24   29 5   30 24   31 16   32 8   34 12   35 8   38 32   39 1   41 16   42 4   43 33   45 2   46 34   49 4   51 8   52 5   53 56   56 5   57 8   58 8   59 1   60 16   61 4   62 4   
35  63     1 4   2 4   5 12   6 6   8 9   10 6   13 2   15 2   17 8   18 8   19 1   21 2   24 16   25 34   27 2   28 33   29 20   30 1   32 5   33 40   36 2   40 4   41 16   42 1   45 16   50 8   51 1   52 33   53 8   55 8   57 20   58 36   59 36   60 8   61 9   
42  62     0 32   1 18   2 32   3 8   5 2   6 4   8 8   9 6   10 32   11 33   16 3   17 4   18 48   19 8   20 21   21 48   22 9   24 2   29 4   30 16   31 16   32 12   33 16   35 4   37 32   38 4   40 2   41 4   42 16   43 1   44 16   45 37   47 4   48 26   50 4   51 33   53 32   54 16   56 8   59 33   60 16   61 10   
40  32     6 11   7 52   9 9   10 2   12 56   13 19   14 6   15 7   16 34   17 4   18 18   19 53   20 24   21 38   23 16   25 25   26 37   27 20   28 8   30 35   34 6   35 3   36 32   39 25   41 1   42 33   43 17   46 4   47 2   48 8   49 15   51 38   53 33   54 28   55 30   56 13   57 38   58 50   59 25   60 3   
39  63     1 16   3 1   7 2   11 37   12 16   13 26   14 32   16 16   18 4   19 32   23 10   24 1   25 5   26 14   28 8   29 32   32 32   33 4   34 36   35 28   36 12   37 32   38 24   39 32   40 4   41 20   43 8   44 16   45 16   46 1   47 46   49 16   51 32   52 32   53 1   54 12   55 2   59 8   62 1   
37  63     0 16   1 36   2 12   3 5   6 12   7 32   9 20   10 16   13 2   18 7   19 16   21 36   22 2   23 8   26 8   28 48   29 17   31 2   34 32   35 3   36 2   37 1   38 52   39 2   42 33   46 1   50 32   52 32   53 15   54 17   55 20   56 16   57 4   58 2   59 24   61 1   62 38   
36  59     0 32   1 32   3 40   5 9   6 8   7 32   10 1   13 10   16 16   19 18   20 4   21 2   22 2   25 1   27 16   28 4   29 32   30 2   32 8   34 16   36 2   37 5   39 4   41 2   44 16   45 6   46 24   49 1   51 16   52 17   53 48   55 16   56 4   57 34   61 1   62 2   
35  61     1 1   2 32   3 2   4 32   5 1   6 9   7 16   8 1   9 32   12 8   13 1   14 48   15 1   19 12   21 1   23 5   25 32   29 6   30 16   32 20   33 2   36 32   38 6   40 30   41 20   42 18   46 6   51 32   52 32   53 17   55 4   56 33   57 6   61 3   62 2   
33  63     0 32   1 20   3 2   5 1   7 1   8 17   10 1   13 16   14 3   17 10   18 5   19 28   24 8   26 32   27 32   29 2   30 16   31 2   38 9   39 32   40 16   42 2   45 32   46 12   48 4   49 4   50 1   54 2   55 19   56 4   57 32   60 36   61 4   
37  62     0 8   2 16   5 2   6 16   9 16   10 17   14 21   15 32   16 4   17 16   18 2   19 8   20 8   21 24   22 3   23 5   24 16   25 20   28 36   29 19   30 34   33 12   34 2   35 34   36 1   37 8   39 16   40 1   41 18   45 4   46 32   48 18   49 4   50 8   54 9   56 4   61 2   
34  62     0 8   2 17   4 4   8 48   11 4   12 16   13 16   15 34   18 16   19 2   21 16   23 2   24 10   25 16   26 10   27 4   29 32   32 2   35 2   37 2   38 4   39 32   40 40   41 8   42 16   43 6   46 4   48 32   49 32   51 10   54 32   58 4   59 19   60 32   
32  60     0 2   1 1   3 16   5 8   6 6   7 32   11 32   14 4   16 12   17 2   21 8   22 2   23 16   24 16   25 4   26 8   33 32   35 1   37 3   39 2   40 34   41 1   43 8   44 16   45 16   48 35   50 32   54 16   57 8   58 36   60 16   62 4   
33  63     0 16   3 1   4 16   6 36   7 32   9 8   12 9   13 24   15 8   20 4   21 2   23 2   24 48   26 8   29 16   30 20   31 1   33 16   34 8   42 48   43 32   45 12   46 1   47 16   48 24   50 32   52 5   54 8   55 32   56 2   57 4   59 9   61 8   
30  62     0 16   1 2   2 32   3 18   7 32   9 16   12 4   14 1   17 32   23 8   29 42   30 1   36 24   37 18   39 4   41 4   42 32   43 8   44 48   47 9   49 16   50 1   52 32   54 32   55 32   56 1   57 8   60 1   61 3   62 2   
47  62     0 8   1 1   3 16   4 1   5 1   6 10   7 16   10 40   11 5   13 32   14 4   15 50   16 10   17 3   18 16   19 4   21 40   22 16   23 24   24 56   26 1   27 16   28 16   30 4   31 1   32 4   33 16   35 16   36 16   37 41   39 16   40 8   44 12   45 4   46 16   47 8   48 32   49 2   50 4   53 34   54 16   55 2   56 24   58 2   59 32   60 60   61 16   
36  63     2 34   3 36   4 40   8 4   11 1   13 3   14 32   17 32   20 2   21 1   22 22   23 10   25 2   27 32   28 11   29 2   30 1   31 2   32 32   33 16   35 1   38 12   39 16   40 40   42 32   43 12   47 1   51 48   53 8   55 18   56 8   57 4   58 32   59 2   61 46   62 32   
37  63     4 32   7 4   8 16   9 8   11 2   13 16   14 6   15 16   16 40   18 22   19 4   20 18   22 8   23 32   25 1   26 4   27 36   28 2   29 8   31 32   32 16   34 5   38 2   39 4   40 32   41 32   43 1   44 2   48 36   49 1   51 3   52 4   53 4   55 2   56 4   57 1   62 16   
40  60     0 16   1 2   2 6   3 4   4 4   5 32   6 1   8 1   10 4   11 32   13 34   14 1   16 40   18 40   19 6   25 8   28 1   29 20   30 4   32 1   33 4   34 16   36 2   37 20   39 32   40 16   44 6   47 8   48 32   49 8   50 8   52 27   53 8   54 34   55 1   56 8   58 1   59 35   61 4   62 1   
38  63     1 8   2 6   3 8   5 32   6 34   7 32   8 16   10 1   11 8   14 4   16 34   17 21   18 2   19 2   20 8   23 4   27 5   30 3   34 16   37 1   38 2   39 2   40 8   41 32   42 10   44 17   46 4   48 16   49 10   50 16   52 4   54 20   55 33   56 8   57 16   60 4   61 2   62 48   
42  62     1 6   2 32   3 4   4 16   5 16   7 4   8 3   9 48   10 16   12 1   13 1   14 1   18 8   20 16   21 8   22 32   23 4   25 16   26 33   28 2   29 8   32 1   34 17   37 16   38 5   39 4   42 4   44 1   46 4   47 5   48 2   49 50   50 3   51 18   52 58   54 17   55 1   56 32   57 2   59 8   60 16   61 1   
32  63     0 2   3 36   4 33   8 1   9 5   10 16   11 10   19 1   22 1   23 22   26 2   27 36   29 2   31 33   32 8   33 12   34 16   35 16   37 16   38 48   40 1   41 25   44 32   46 8   47 8   51 48   52 1   53 58   55 8   57 16   61 32   62 32   
27  61     4 5   9 16   11 1   12 16   16 32   17 7   19 20   20 2   22 12   23 16   24 18   27 2   30 42   31 1   32 4   34 16   38 32   40 2   42 1   43 4   44 16   51 3   53 1   56 2   57 32   58 2   60 16   
43  63     0 4   1 32   2 12   3 4   4 33   6 4   8 24   10 2   13 26   15 1   17 24   18 1   21 8   22 32   23 32   25 4   26 8   29 3   30 2   32 5   33 1   34 48   35 8   36 32   37 48   38 16   39 1   40 4   41 18   42 2   43 2   44 32   46 16   47 16   48 2   51 8   55 2   56 24   57 1   58 16   60 6   61 6   62 36   
39  61     0 1   2 1   4 4   6 16   7 2   9 4   10 16   11 16   12 8   13 2   16 12   18 1   19 8   23 8   24 13   25 4   26 33   27 16   28 42   29 2   30 8   31 8   35 2   37 1   41 2   44 32   45 16   46 16   48 2   53 16   54 4   55 16   56 4   57 16   58 4   59 4   60 32   61 48   62 8   
33  61     0 8   2 20   4 4   8 12   9 2   11 2   12 2   13 1   14 32   16 12   18 8   20 32   21 12   22 57   23 8   26 16   31 32   35 16   36 32   37 18   38 10   39 8   41 8   42 4   44 4   46 8   47 3   49 32   51 2   54 48   56 32   61 2   62 1   
45  62     3 8   4 4   5 14   6 32   7 4   8 24   9 21   10 18   11 8   12 8   15 32   19 18   21 3   22 16   23 32   24 32   25 20   26 16   27 24   28 16   29 12   30 32   31 10   32 2   34 33   35 45   37 40   38 8   39 4   41 2   42 2   43 20   45 16   46 2   47 16   48 16   49 8   52 1   53 40   54 20   55 1   57 32   58 36   61 1   62 4   
34  63     1 32   3 33   5 32   8 32   12 16   13 4   14 32   15 40   16 2   20 8   21 1   22 22   24 16   25 2   31 16   33 2   34 14   35 8   37 2   38 16   39 16   40 4   42 4   43 32   44 16   45 48   46 32   47 16   51 33   56 32   59 18   60 37   61 16   62 33   
39  61     1 8   3 8   5 24   6 48   10 4   11 16   12 4   14 48   16 8   17 9   19 1   20 33   23 3   24 32   25 2   27 4   28 44   29 2   30 4   31 4   32 16   33 16   34 32   35 16   36 2   38 16   39 6   40 8   41 1   44 8   45 32   49 8   50 8   52 8   54 9   55 1   56 8   60 2   61 4   
43  63     0 16   1 9   3 32   4 24   5 18   6 37   8 1   9 1   11 4   12 36   14 8   15 2   16 2   18 9   21 33   22 18   23 8   24 32   25 1   26 32   27 9   29 2   31 10   33 8   34 8   35 41   36 1   37 4   38 3   39 16   40 17   41 2   42 1   43 6   46 17   47 2   49 48   52 4   53 2   54 40   58 10   60 13   62 32   
35  62     0 10   1 32   2 10   3 8   5 18   6 25   7 34   8 2   9 2   10 8   16 19   19 32   21 16   22 4   23 4   24 2   25 40   26 1   27 24   28 9   29 8   30 8   31 2   33 32   34 34   35 36   36 18   37 2   48 1   49 8   50 1   53 8   56 8   58 9   62 28   
40  61     0 10   3 8   4 1   5 10   6 6   7 2   8 40   11 41   12 32   13 1   14 4   15 2   16 32   17 1   18 8   19 4   21 24   22 10   23 4   24 16   25 4   26 32   27 8   28 4   29 1   31 1   33 18   35 4   37 1   39 1   40 18   43 4   47 4   48 6   50 36   52 2   54 2   56 4   60 32   61 33   
40  59     0 1   1 16   3 24   4 4   5 16   6 34   10 10   12 4   13 2   16 16   18 36   19 19   20 36   21 8   23 32   24 2   26 1   27 9   30 32   31 16   32 40   33 17   34 4   36 9   37 32   38 34   39 18   41 8   44 2   45 5   46 8   47 16   51 12   53 2   54 2   55 32   56 9   58 1   60 32   62 32   
40  63     1 4   2 5   3 32   4 16   5 10   6 3   9 16   10 1   14 2   16 1   18 17   19 6   20 17   21 8   22 3   26 18   28 12   29 4   30 32   31 32   32 2   33 12   34 2   35 2   36 4   40 1   41 2   42 4   43 32   45 6   46 36   47 16   50 4   51 8   52 32   54 16   55 18   57 32   58 2   62 4   
35  63     0 11   2 36   4 16   6 16   8 16   9 8   10 25   14 17   16 1   17 32   18 2   19 17   21 4   24 2   26 34   27 8   30 4   34 16   36 4   37 36   40 4   41 16   42 4   44 40   45 8   48 2   49 2   51 20   52 32   53 1   58 4   59 1   60 4   61 1   62 16   
40  62     0 4   1 33   5 1   6 20   7 4   8 8   9 37   10 2   11 16   12 16   16 8   17 16   18 16   21 32   22 6   23 8   25 1   26 8   27 2   28 4   29 5   30 1   31 1   32 10   33 1   34 10   37 48   38 40   39 20   40 4   41 32   44 32   45 1   48 8   55 1   56 10   57 20   58 5   61 8   62 6   
35  62     4 1   7 2   8 16   12 17   13 2   14 8   16 3   17 16   18 8   19 2   20 33   23 32   24 2   31 8   32 16   33 2   34 9   35 16   36 16   37 35   38 4   39 1   40 36   41 8   44 8   45 1   47 4   48 1   49 2   53 16   54 32   56 4   57 2   58 1   61 1   
35  63     1 4   2 1   4 1   5 8   7 4   9 4   10 36   12 33   15 16   16 8   17 1   19 16   20 18   21 4   25 8   26 34   27 4   29 16   31 8   32 16   33 4   34 9   35 32   36 16   37 11   38 2   39 32   42 3   44 4   47 2   48 12   52 6   53 1   60 16   62 12   
35  63     0 4   2 32   3 20   4 52   5 4   7 48   8 1   10 16   11 2   13 1   15 18   17 2   20 16   21 1   23 32   24 50   25 12   26 4   28 32   29 11   30 4   33 12   34 32   36 16   37 1   38 16   44 35   45 8   47 5   49 41   52 1   54 2   55 4   56 1   57 4   
38  62     0 1   1 32   2 16   6 32   7 48   8 56   9 16   10 2   13 1   15 2   16 36   17 32   20 1   23 32   24 1   27 33   29 33   30 32   32 4   34 28   36 1   38 9   40 16   41 1   44 36   48 17   50 48   52 32   53 4   54 5   55 3   56 7   57 4   58 36   59 12   60 37   61 2   62 32   
31  62     1 3   2 37   5 2   9 16   10 2   12 32   14 32   16 32   17 1   23 1   26 8   28 1   29 36   35 1   36 20   41 8   42 32   43 1   44 2   45 2   46 24   47 2   49 32   50 32   52 1   53 6   54 48   55 4   56 4   57 2   62 8   
36  62     2 4   3 8   4 8   6 8   7 2   8 12   12 1   13 8   14 1   15 17   18 13   19 17   20 5   21 32   23 32   31 32   32 33   34 16   35 8   36 32   38 1   40 40   41 1   42 12   43 4   44 41   46 2   47 17   49 2   51 16   52 19   55 16   56 1   59 2   60 56   61 9   
39  61     0 10   1 17   2 8   3 4   5 1   7 16   8 1   9 8   12 4   15 32   16 33   19 16   22 4   26 8   30 2   31 32   35 1   36 5   37 1   38 4   39 16   41 10   42 8   43 9   44 40   47 16   48 24   51 1   52 16   53 12   54 16   55 1   56 33   57 36   58 4   59 16   60 12   61 5   62 24   
45  62     0 1   1 33   2 2   3 8   5 25   6 2   7 20   9 16   10 10   12 32   13 32   15 4   16 10   17 2   19 12   20 8   21 16   23 16   24 16   26 32   27 11   28 2   29 28   31 32   34 2   36 16   37 16   39 10   41 2   43 16   44 1   47 1   48 32   49 3   50 4   52 18   53 34   54 32   55 12   56 32   57 32   59 32   60 4   61 2   62 8   
40  63     0 2   1 32   2 8   5 16   6 16   7 8   8 8   9 20   10 1   12 34   13 2   15 8   16 4   18 2   23 32   25 32   26 34   28 3   30 32   31 32   34 16   35 1   36 34   37 16   38 32   40 4   42 2   44 9   45 2   46 4   47 4   48 32   49 32   50 32   53 36   54 34   56 4   57 32   58 8   60 4   
43  62     0 8   1 8   2 4   3 2   5 4   6 2   7 57   9 41   10 8   11 4   12 16   14 2   15 18   16 36   17 6   18 1   19 1   20 18   21 1   22 13   23 32   28 7   29 1   30 33   31 2   33 2   34 10   36 16   37 1   38 48   40 16   41 4   42 34   43 56   44 16   47 2   48 1   50 24   54 18   55 16   59 1   60 6   61 8   
30  60     3 48   4 33   5 2   6 16   7 8   10 36   14 12   16 16   18 48   20 32   21 8   23 4   26 8   36 17   39 20   41 17   43 17   44 10   45 33   46 12   47 32   48 18   49 17   51 44   53 1   54 34   56 17   58 4   60 2   61 5   
37  63     0 1   3 16   4 4   6 6   7 16   8 24   9 8   10 48   11 1   13 4   14 4   17 4   18 1   20 32   21 4   22 5   27 9   29 8   30 4   31 1   32 2   33 32   38 40   39 32   41 16   43 1   46 18   47 12   48 16   49 32   50 33   51 4   54 37   55 16   56 33   57 2   62 32   
33  60     1 12   3 8   4 32   11 4   12 11   16 8   20 4   22 4   23 1   24 16   26 8   27 16   28 9   29 4   31 8   32 1   34 8   35 16   36 20   37 8   39 2   41 1   42 4   45 13   47 17   48 8   50 40   51 2   54 4   55 2   58 17   59 16   60 24   
41  62     0 1   4 40   5 36   7 16   8 8   9 10   10 5   11 4   14 2   15 13   17 1   18 2   19 42   20 32   21 1   23 16   24 34   25 2   27 2   28 4   29 1   30 1   31 32   32 40   36 33   37 16   38 2   41 20   42 40   43 16   46 49   47 32   48 2   50 6   51 2   52 4   53 1   55 4   56 8   57 8   60 1   
34  63     1 10   2 18   3 9   7 16   10 1   12 32   14 8   15 1   20 8   22 8   23 1   24 5   25 4   26 16   28 2   29 2   32 8   34 4   35 32   36 8   38 41   39 3   41 16   42 9   43 12   44 1   45 5   46 8   52 6   56 10   57 24   60 16   61 32   62 32   
37  62     0 12   2 2   3 36   5 2   6 24   8 41   9 1   10 4   11 1   12 1   14 5   17 16   18 16   19 8   21 5   22 9   24 3   26 8   27 4   29 4   30 17   33 8   34 1   39 12   40 1   41 18   42 2   43 1   44 36   45 16   47 8   48 4   49 1   51 4   56 5   57 2   58 16   
44  62     0 10   4 16   5 40   7 1   9 16   10 10   11 2   12 14   13 16   14 32   15 32   16 17   17 32   19 40   20 8   21 8   22 16   23 4   24 2   25 8   26 34   27 6   29 48   30 4   32 8   35 8   37 5   38 8   39 32   40 16   41 32   43 4   44 40   45 4   46 56   47 9   49 32   51 10   52 16   53 32   55 16   58 32   59 1   60 2   
34  59     1 10   4 5   5 34   7 12   10 2   11 1   12 4   13 2   15 44   16 2   19 2   20 2   21 33   24 4   26 1   27 8   28 4   32 2   33 39   34 24   35 8   38 24   42 6   43 20   45 11   48 16   50 2   52 2   54 5   57 1   58 32   59 40   60 4   62 17   
40  63     0 6   1 34   3 35   4 21   7 8   8 2   9 4   10 1   11 20   12 1   13 12   15 2   16 32   17 24   20 4   21 40   23 12   24 41   25 4   28 16   29 32   30 40   31 2   32 14   35 36   37 2   38 5   40 4   41 5   44 16   45 1   48 32   50 8   52 4   53 16   56 1   57 11   59 32   60 2   62 8   
40  60     0 32   1 32   3 34   5 10   6 1   7 8   9 16   10 42   11 8   13 4   14 16   16 2   17 3   18 3   19 12   20 16   22 8   23 1   25 3   26 40   31 16   32 40   33 2   34 20   35 36   39 8   40 2   41 16   42 20   46 12   49 9   51 20   52 32   53 17   54 3   55 4   57 3   59 32   60 24   62 2   
38  62     0 4   1 8   6 1   7 1   8 6   10 19   12 36   13 32   14 2   15 40   18 7   20 8   23 17   25 16   26 16   27 32   29 17   30 6   32 4   34 2   35 8   36 4   37 6   39 4   43 1   44 8   45 24   46 32   47 8   49 4   50 4   51 8   53 8   54 8   56 2   57 1   61 32   62 12   
46  63     0 32   2 48   5 13   6 2   7 48   10 32   11 3   14 4   16 32   17 3   18 20   19 32   20 24   21 28   22 4   24 4   25 16   26 9   27 32   28 3   29 1   32 40   33 2   35 4   36 18   37 16   38 4   39 3   40 28   42 2   43 20   44 32   46 6   47 4   48 2   49 21   50 40   53 17   54 2   55 20   56 4   57 34   58 2   60 4   61 2   62 2   
32  60     3 8   4 4   5 4   7 1   9 32   13 2   14 32   15 16   16 10   17 2   19 24   20 1   21 32   24 18   26 32   28 20   29 2   30 32   31 8   32 16   39 4   42 32   44 1   46 1   47 18   50 2   51 10   55 2   57 8   58 16   59 1   61 9   
40  62     0 1   1 1   2 2   3 19   4 5   5 20   6 33   7 18   10 16   12 2   13 4   14 28   17 8   19 2   20 16   21 5   22 1   23 9   24 32   25 16   27 1   29 3   32 12   33 2   38 6   41 16   42 9   44 9   45 2   49 2   50 8   51 32   52 40   53 17   54 1   55 1   57 18   58 1   59 17   60 32   
41  63     1 1   2 8   5 16   8 16   9 16   10 4   11 4   13 2   14 14   15 36   17 16   18 33   22 2   23 23   25 2   26 12   27 36   28 32   29 1   30 40   35 8   36 10   37 8   38 16   40 8   41 2   42 8   44 1   46 9   47 4   48 4   50 10   52 2   54 2   55 4   56 32   58 8   59 17   60 16   61 4   62 36   
33  62     0 4   1 36   2 20   3 4   6 10   7 32   8 10   9 8   11 4   12 8   13 2   14 16   15 1   20 18   24 4   25 24   28 16   33 8   37 4   38 4   40 1   42 32   43 2   44 9   45 8   46 4   49 5   53 2   55 8   56 2   58 37   59 34   61 52   
34  62     0 1   2 32   5 8   6 16   8 10   9 4   10 32   11 2   12 8   13 4   14 17   15 16   16 48   18 20   19 32   22 4   27 16   28 1   29 40   31 4   33 9   35 2   39 32   40 16   43 16   44 4   45 16   46 8   50 8   51 12   55 1   56 32   60 4   62 20   
44  61     0 2   1 2   2 44   3 9   4 24   5 12   6 4   8 8   10 16   11 8   13 5   14 48   15 8   16 3   17 16   22 16   23 2   24 36   25 10   26 5   27 32   28 8   29 4   31 16   32 48   33 8   34 6   36 34   37 4   39 34   40 1   41 1   42 16   43 32   45 32   46 10   47 8   50 2   52 2   53 32   56 16   57 3   60 2   61 8   
36  63     0 36   1 4   3 36   4 42   6 16   11 2   14 8   15 8   16 9   17 1   18 4   19 2   20 1   21 4   22 34   23 17   24 32   25 4   28 3   30 32   31 5   32 26   34 2   35 16   36 33   40 8   41 44   43 20   46 12   49 32   51 48   52 18   53 48   55 32   56 33   62 33   
41  61     1 1   2 4   3 32   4 16   5 6   6 8   10 8   11 2   12 33   13 16   14 9   16 1   17 4   19 2   21 28   22 4   25 4   26 8   27 16   29 4   30 8   31 33   32 32   34 32   35 5   38 16   39 1   41 4   42 32   43 16   44 16   46 16   48 18   50 32   51 32   52 8   54 5   58 2   59 1   60 8   61 2   
38  62     0 17   3 32   5 32   7 4   9 32   10 48   11 2   15 32   16 32   17 4   18 32   19 9   22 14   23 40   24 2   25 4   27 2   28 32   30 48   31 5   32 16   33 34   34 4   37 8   41 18   42 16   43 16   44 10   47 1   52 6   53 21   54 4   55 17   58 1   59 13   60 32   61 3   62 3   
33  59     2 4   3 1   6 2   7 20   8 33   9 10   11 2   13 33   14 5   16 2   17 8   18 8   20 2   23 16   24 34   26 2   28 33   29 16   30 32   31 9   35 20   36 32   38 48   39 32   41 16   49 25   51 48   52 32   55 32   58 20   60 32   61 32   62 4   
40  62     2 2   3 6   4 4   5 21   7 32   8 8   10 8   11 1   12 33   15 16   16 18   17 20   20 16   22 32   23 3   25 4   26 1   27 5   30 32   31 32   32 4   35 32   36 1   37 4   38 2   40 4   41 33   43 1   44 34   46 20   47 17   49 2   51 2   52 12   53 4   55 32   57 40   58 8   59 4   61 2   
46  63     0 6   1 8   3 2   7 8   8 24   10 4   11 16   12 16   13 36   15 8   17 4   18 16   20 8   21 32   22 32   23 1   24 32   25 4   26 32   27 1   31 4   33 32   34 4   35 9   36 8   37 1   38 8   39 2   40 1   41 4   42 32   43 1   44 10   46 16   47 52   49 2   51 3   52 20   54 32   55 1   56 48   57 5   58 25   59 32   60 3   62 4   
37  61     2 2   3 16   4 2   7 8   8 20   9 32   10 2   13 8   16 32   17 40   19 2   20 8   21 8   22 4   23 1   24 16   29 20   30 16   31 10   32 16   34 4   35 2   36 32   37 32   38 32   41 8   44 1   46 36   47 16   49 26   51 16   52 8   57 4   58 32   60 2   61 36   62 22   
The following result corresponding the SNR point : 3.5 dB.
33  63     3 47   4 32   6 16   8 33   11 33   12 1   13 33   17 16   19 32   23 33   25 2   26 16   27 1   30 1   31 17   32 6   33 4   34 8   35 33   37 32   41 32   43 16   46 4   48 32   50 2   51 16   52 48   55 2   56 2   57 34   59 2   60 32   61 4   
43  62     0 44   1 50   2 4   3 16   4 4   5 16   6 32   7 32   8 2   9 32   11 1   12 24   13 34   14 1   15 4   17 18   18 32   19 32   20 2   25 32   26 17   27 34   33 10   34 8   35 4   36 5   39 1   40 16   42 8   43 16   44 8   47 8   48 32   49 8   50 8   51 32   52 4   53 1   54 8   56 16   57 2   61 4   62 24   
47  63     0 6   3 16   4 17   5 2   6 19   7 32   10 16   11 4   12 2   13 2   14 34   15 8   16 40   17 32   18 2   21 2   22 12   23 4   24 6   25 1   26 10   27 17   28 4   29 2   31 1   33 53   34 12   36 1   37 16   38 8   39 32   41 6   42 32   44 8   45 32   47 8   48 8   50 32   51 1   52 32   53 4   55 8   56 1   57 16   59 6   60 32   62 52   
31  61     0 48   1 16   2 8   4 33   7 16   9 32   12 32   14 1   15 2   18 4   22 10   23 2   26 40   28 32   32 22   34 8   35 12   39 8   40 34   43 8   44 4   45 32   50 32   51 16   52 24   54 24   56 20   57 16   58 8   60 60   61 8   
39  62     2 17   3 1   4 32   5 1   6 8   8 16   9 4   10 12   11 16   14 20   15 1   19 34   20 32   21 32   22 48   23 8   25 8   27 9   32 1   33 32   34 32   36 3   38 1   39 1   40 1   42 32   45 16   47 34   48 5   49 10   50 1   52 1   53 16   55 2   57 2   58 24   59 1   60 4   62 8   
41  62     0 17   1 32   2 32   4 32   7 1   8 16   10 32   13 17   17 16   19 4   20 4   21 18   22 25   24 16   25 12   26 1   27 4   30 4   31 2   32 16   33 36   34 33   35 1   37 32   38 10   39 9   40 4   41 16   42 32   44 1   45 33   46 48   49 32   51 4   52 1   55 16   57 9   59 4   60 8   61 8   62 1   
38  62     1 16   4 2   5 1   6 1   8 16   9 32   10 16   11 34   12 8   13 4   14 3   16 16   19 1   20 8   22 1   23 16   25 33   26 1   27 8   28 33   30 16   32 10   33 16   34 4   35 9   37 14   39 1   41 2   42 16   45 16   47 48   49 1   52 20   53 32   57 36   58 10   60 32   61 40   
45  62     2 5   3 12   4 10   5 32   6 48   7 32   8 16   10 24   11 8   12 1   13 3   15 2   17 4   18 4   19 8   20 16   21 16   23 2   24 16   25 5   27 16   28 19   30 9   33 4   34 16   35 2   36 1   39 40   40 4   42 1   43 24   45 33   46 2   47 18   48 10   49 6   50 34   51 34   54 8   55 32   56 1   57 16   58 1   59 18   61 18   
32  62     0 32   2 4   3 6   5 32   7 32   9 18   13 12   16 32   18 18   19 32   20 16   22 48   23 8   24 10   25 4   29 4   30 13   31 2   32 24   36 16   37 1   40 18   44 1   52 1   54 33   55 1   56 14   57 16   58 4   59 2   60 4   61 34   
47  61     0 40   1 1   3 3   4 1   5 8   6 1   9 4   10 3   11 10   12 6   13 1   15 2   16 8   17 36   18 9   19 1   21 32   22 4   23 16   25 32   26 1   28 2   29 24   30 4   31 2   32 2   34 10   35 40   37 4   38 34   39 1   40 41   41 32   44 32   46 39   47 32   48 4   49 8   52 1   53 8   55 32   56 2   57 1   58 2   59 2   61 1   62 2   
33  62     1 8   4 32   6 32   7 32   8 2   9 8   10 9   14 8   16 16   18 1   19 2   20 2   22 1   23 5   24 4   28 5   31 4   35 11   38 32   41 32   42 1   44 8   46 8   47 33   48 3   49 20   50 4   51 8   52 32   53 16   58 24   61 17   62 2   
43  62     0 16   1 6   2 4   7 40   8 6   9 2   10 6   11 16   12 34   13 1   15 1   16 16   17 2   19 41   21 16   22 16   24 8   25 10   27 2   28 1   29 8   30 2   31 16   32 32   34 1   35 8   36 2   37 2   39 9   40 40   41 2   44 40   45 3   48 18   50 8   51 1   52 8   56 16   57 1   58 40   59 2   60 2   62 6   
41  62     0 36   1 3   2 48   5 4   6 1   8 16   9 2   13 2   16 32   18 8   19 8   22 32   24 32   25 1   26 1   28 8   29 16   31 16   32 10   34 1   35 4   36 16   37 1   39 32   40 2   41 4   42 1   43 12   45 2   46 32   47 2   48 1   49 36   50 12   51 32   52 2   54 3   55 6   56 16   58 6   61 2   
42  62     0 16   6 33   7 34   8 6   10 32   11 20   12 33   14 32   15 24   16 1   17 1   18 32   19 8   20 1   22 4   27 1   28 4   29 19   30 8   32 32   33 34   34 32   35 4   38 10   39 32   40 4   42 10   43 26   44 6   45 32   46 12   48 8   50 2   53 18   54 48   55 32   56 4   58 16   59 32   60 2   61 1   62 8   
9  0     1 33   8 46   29 36   34 56   54 24   57 3   58 32   59 16   60 8   
38  63     0 32   3 32   5 1   6 34   7 33   8 2   9 2   10 20   14 36   16 6   19 4   20 2   21 1   22 8   24 16   25 2   26 25   29 4   32 32   34 8   35 32   39 24   40 4   41 34   43 32   44 16   45 32   46 32   47 8   48 1   50 32   51 9   53 16   54 33   58 2   60 2   61 8   62 16   
43  61     0 32   1 16   2 36   3 16   5 13   6 4   7 1   11 32   12 16   14 8   15 32   16 8   17 48   18 36   19 8   22 4   23 2   25 5   27 8   28 2   29 8   30 16   31 1   32 12   35 32   36 1   37 2   38 2   39 32   40 36   41 1   42 4   43 1   48 16   49 5   51 32   54 4   55 2   56 2   57 32   59 8   61 2   62 8   
40  61     1 4   3 2   5 9   6 52   7 17   8 32   10 1   13 32   14 48   15 48   19 20   20 12   22 32   24 8   25 1   26 32   28 16   29 8   30 24   31 35   32 2   33 6   35 12   36 8   39 2   42 32   43 8   44 2   45 32   46 24   47 2   48 26   50 4   53 2   54 32   56 2   57 4   60 4   61 1   62 33   
32  62     2 20   4 10   5 16   6 56   7 8   9 5   14 17   15 1   17 8   18 20   21 2   22 2   25 36   26 20   27 8   29 4   30 5   33 4   39 32   40 1   41 2   44 8   45 12   47 32   48 2   50 4   51 16   53 5   54 32   57 5   58 16   60 1   
46  62     2 1   4 8   5 33   6 32   7 8   8 16   9 16   11 9   12 2   13 4   14 4   15 32   16 40   17 16   18 18   19 8   20 4   21 8   22 9   23 33   25 32   26 33   27 2   29 33   30 32   31 18   32 1   34 20   35 18   36 24   37 8   39 8   40 49   41 32   43 4   45 20   46 32   48 32   49 6   50 48   53 32   55 19   56 2   60 2   61 2   62 4   
44  63     0 45   3 16   4 2   9 16   10 8   12 24   13 36   14 33   15 20   16 33   17 16   18 8   19 2   20 4   21 16   22 24   24 1   25 25   26 2   27 2   29 8   30 32   32 16   33 24   35 16   36 2   37 1   38 2   39 4   42 16   43 16   45 32   48 36   49 2   50 16   51 2   52 2   55 40   56 4   58 4   59 1   60 16   61 32   62 4   
40  62     2 16   3 16   5 2   6 16   7 48   8 16   9 24   11 8   13 32   14 1   16 6   17 24   18 8   20 12   21 4   23 16   24 4   26 4   27 1   28 16   30 32   31 42   32 8   33 12   34 3   35 8   36 2   39 2   41 40   42 12   45 2   47 24   48 32   50 8   52 1   54 16   57 12   58 33   61 1   62 2   
41  62     0 17   1 12   2 6   5 33   6 40   7 16   10 32   12 5   14 32   15 32   17 17   18 32   19 16   20 32   21 4   22 6   23 4   26 17   30 16   31 1   33 34   34 4   36 32   37 4   38 8   39 4   41 32   42 48   44 10   45 12   46 4   47 8   48 2   49 36   50 4   51 32   54 8   55 32   57 1   60 8   62 1   
39  62     2 16   5 8   7 8   8 4   10 33   11 40   12 20   13 32   16 32   17 1   18 38   19 32   21 4   22 1   23 10   24 4   26 8   27 14   28 9   30 4   32 5   35 2   37 32   38 16   39 3   41 2   42 1   43 16   44 2   45 2   46 10   49 2   50 16   51 16   52 8   55 16   57 10   58 33   61 4   
42  63     0 51   1 1   4 33   5 2   6 34   7 1   9 33   10 32   11 8   12 2   13 34   15 32   16 32   17 1   18 2   19 16   20 40   21 9   22 16   25 32   26 34   27 4   29 1   31 4   34 16   35 2   37 32   38 24   41 1   42 32   45 1   47 2   49 24   51 32   52 16   53 14   54 2   56 20   57 4   59 2   61 34   62 24   
41  62     0 2   3 33   4 3   5 5   6 16   7 8   9 1   11 5   15 8   16 4   18 20   19 4   22 32   25 2   27 32   28 20   29 11   30 16   31 18   32 18   34 2   36 60   37 4   38 4   39 5   40 17   41 8   42 4   43 1   44 3   45 8   46 8   48 1   49 32   52 16   53 4   54 5   55 34   56 8   58 14   59 40   
37  63     0 4   1 12   3 1   4 1   5 8   7 1   8 18   9 4   11 4   12 32   13 32   14 3   16 8   17 18   18 2   19 16   20 5   21 32   22 3   26 1   28 2   33 4   37 33   39 17   40 10   42 16   46 1   48 40   51 1   52 1   53 32   55 32   57 2   58 33   60 60   61 20   62 20   
44  62     0 1   6 32   9 2   10 8   11 1   12 32   13 34   14 8   16 8   17 8   18 8   20 18   21 34   23 8   24 16   26 32   29 4   30 1   31 2   32 43   33 8   34 32   35 2   37 4   38 22   43 8   44 1   45 36   46 6   47 34   48 4   49 32   50 16   51 8   52 4   53 1   54 9   55 2   56 2   57 8   58 16   59 1   61 2   62 4   
42  63     0 6   1 8   3 1   4 4   5 42   6 1   8 1   9 2   10 4   15 32   18 4   20 34   23 12   24 1   25 14   26 8   27 32   28 32   29 5   30 16   31 8   35 8   36 4   37 48   39 1   41 1   42 8   43 16   44 33   45 2   46 2   47 36   49 49   50 1   51 10   52 32   53 2   54 16   57 8   58 1   60 4   62 1   
44  63     0 8   1 24   3 4   4 12   5 12   6 32   7 16   8 9   9 4   10 1   12 16   15 8   16 8   17 2   18 1   20 8   21 8   23 4   26 4   29 1   30 8   31 8   32 16   35 34   36 18   37 1   38 32   39 8   41 2   42 24   44 32   45 16   46 16   48 8   50 16   51 36   52 24   53 17   55 5   56 16   58 25   59 16   60 8   62 32   
37  63     0 8   3 2   4 16   5 8   7 1   8 1   11 8   13 2   15 2   16 17   18 4   19 34   20 4   21 9   24 2   25 48   27 12   28 36   32 12   36 32   37 8   39 32   42 4   43 32   44 2   45 48   47 8   48 27   49 1   51 34   54 24   55 8   56 4   57 5   59 32   60 4   62 32   
37  61     0 17   1 8   6 2   8 32   11 4   14 8   15 10   16 32   17 34   20 16   21 6   23 8   24 16   25 8   26 1   27 19   28 1   29 17   31 32   34 2   36 13   39 8   40 12   42 6   44 32   45 4   46 34   47 1   48 32   49 4   50 26   56 3   57 4   58 24   59 8   61 3   62 3   
44  63     0 10   1 16   2 16   3 37   4 11   5 48   6 16   7 4   11 1   13 32   14 2   16 33   18 2   20 4   21 19   24 2   25 33   26 24   28 2   29 24   30 16   32 1   33 4   34 2   36 16   39 16   40 52   42 9   43 8   44 48   45 32   46 2   47 10   48 4   49 8   50 1   51 10   52 32   53 18   55 4   58 20   59 6   60 1   62 28   
40  60     1 22   2 4   3 8   5 3   7 4   8 16   11 12   12 32   13 48   15 50   16 4   17 16   20 1   21 12   22 2   26 4   30 8   31 16   33 5   34 8   35 8   36 34   37 3   38 36   41 8   42 2   44 2   45 32   47 5   48 4   50 1   51 2   52 2   53 2   54 8   55 18   56 2   57 34   59 16   60 36   
40  62     0 4   1 32   2 40   3 6   5 8   8 32   11 2   12 1   13 9   14 4   17 11   18 40   19 33   20 4   21 17   24 40   26 1   27 1   31 32   32 1   35 34   37 1   39 8   40 40   41 16   43 2   44 36   45 4   47 8   49 5   50 2   51 32   53 4   54 8   55 8   57 42   58 32   59 16   60 4   62 8   
41  61     1 4   2 16   4 18   5 2   8 4   9 2   10 18   12 5   14 34   15 2   16 8   17 8   18 40   20 2   21 1   23 1   24 1   26 36   27 6   28 9   30 8   31 4   33 24   34 1   35 10   36 2   39 20   41 4   42 2   43 32   44 8   46 18   47 1   48 12   50 2   51 16   52 2   54 1   56 22   59 1   62 8   
40  63     0 32   1 10   2 17   3 2   4 40   5 32   6 4   8 16   12 4   17 2   18 8   19 48   20 4   21 2   22 32   25 32   26 4   27 17   28 8   29 8   30 17   31 8   32 18   34 16   37 32   40 49   43 20   44 32   48 8   50 1   53 8   54 8   55 12   56 5   57 4   58 7   59 6   60 8   61 40   62 16   
41  63     1 40   4 16   5 20   6 1   9 32   11 16   12 8   13 33   14 32   15 1   16 40   17 8   18 32   19 18   20 4   23 2   25 1   26 16   27 2   29 20   30 2   32 26   33 12   34 2   35 7   36 18   37 5   38 40   39 32   40 8   44 4   46 26   51 6   52 32   53 16   55 2   56 32   57 24   58 16   60 2   62 3   
35  62     0 8   3 8   4 4   10 4   11 24   14 4   16 16   17 4   18 4   20 32   21 24   22 4   23 16   25 8   26 1   27 18   28 3   30 4   33 32   35 32   36 2   37 32   38 1   39 8   41 16   42 16   44 4   47 9   52 36   54 8   55 8   56 4   57 2   58 40   60 9   
35  63     4 33   5 33   6 4   12 5   14 18   15 32   16 8   20 3   22 2   23 9   24 33   25 4   26 2   27 36   31 1   34 8   35 33   37 1   38 16   39 16   40 4   44 4   45 2   46 12   49 16   50 5   51 5   53 16   55 1   57 4   58 48   59 17   60 2   61 40   62 40   
32  62     0 1   1 2   2 1   8 32   13 1   15 4   16 32   18 9   20 16   22 32   23 3   24 2   26 16   27 8   28 2   32 32   33 32   35 1   37 2   40 3   45 5   46 16   47 8   49 2   51 32   52 9   54 16   55 16   56 18   57 1   59 3   61 48   
39  62     3 16   4 12   6 32   9 16   10 49   11 4   12 16   14 48   15 4   17 16   18 52   21 4   22 2   23 17   24 8   27 2   31 33   32 16   33 2   34 16   35 8   36 16   37 3   38 44   39 33   40 2   41 2   44 36   47 6   48 32   51 20   53 4   54 1   55 3   56 1   57 32   59 8   61 32   62 1   
40  62     0 40   1 34   2 16   5 4   6 4   8 20   10 1   11 8   12 5   13 4   16 2   17 16   18 3   19 16   20 1   21 36   24 1   25 1   26 52   28 1   29 1   30 4   32 8   33 32   34 17   35 1   37 2   38 24   39 2   42 40   44 11   46 33   47 4   50 8   51 2   52 17   53 33   55 16   60 36   62 8   
39  62     1 20   2 4   3 34   4 24   5 16   6 8   7 16   8 1   9 50   10 4   12 6   13 4   15 1   16 9   18 1   19 2   21 16   22 8   23 5   25 48   26 8   27 16   28 1   30 32   32 8   36 4   37 4   39 16   41 2   42 34   43 1   45 1   46 8   51 24   56 32   58 34   59 10   60 1   61 32   
36  61     0 4   1 2   2 33   3 4   4 34   5 2   9 32   10 32   11 8   13 19   14 2   17 18   18 8   19 32   24 10   26 1   27 9   29 1   30 1   31 32   35 2   36 1   37 2   38 10   41 1   46 1   48 33   49 2   51 4   54 40   55 1   56 8   57 4   58 4   59 5   62 8   
40  62     1 8   2 32   3 8   5 32   6 4   9 12   11 20   12 36   13 16   14 8   15 17   16 8   17 2   18 10   21 40   22 8   24 1   25 1   27 2   28 2   29 1   30 8   31 22   34 16   35 9   36 16   38 16   40 8   44 1   46 8   47 8   50 1   51 16   52 32   53 12   54 4   55 8   57 8   60 16   61 33   
45  63     0 33   1 4   2 8   3 18   4 6   6 8   7 32   8 8   12 48   13 16   14 16   16 1   18 2   19 4   20 9   21 16   25 24   26 5   27 4   28 8   29 42   32 16   33 24   34 1   35 2   36 4   37 10   38 2   40 4   43 4   44 16   45 1   47 32   48 2   49 36   51 32   53 32   54 2   55 32   56 4   57 48   58 20   59 1   61 32   62 32   
43  63     1 4   3 32   5 1   6 8   7 34   8 1   9 4   12 6   14 4   15 16   16 10   17 4   19 21   20 32   21 2   22 32   25 9   26 5   27 2   28 36   31 1   33 2   35 16   36 4   38 1   41 5   42 2   43 1   44 2   45 4   46 8   48 2   49 1   50 17   51 32   52 4   53 16   55 50   57 33   58 24   59 2   60 6   61 1   
44  63     0 8   1 48   2 16   3 10   4 8   5 8   6 24   7 32   11 20   12 32   13 32   14 40   18 18   19 5   20 8   22 2   23 16   25 36   27 1   28 4   29 41   31 6   33 37   34 16   38 2   41 33   42 11   43 1   44 32   45 32   46 4   47 12   48 4   49 3   50 32   51 16   52 9   53 32   54 40   55 5   57 12   58 1   59 40   61 24   
38  63     1 8   3 4   4 36   5 16   6 2   7 32   8 32   9 50   12 9   14 32   16 32   17 2   19 24   21 8   29 2   30 16   31 36   33 8   35 2   39 17   40 32   41 4   42 32   45 4   47 8   48 4   49 16   50 33   51 16   52 8   53 16   54 8   55 4   56 2   57 32   59 16   61 1   62 1   
42  62     0 32   2 4   5 37   6 6   8 32   9 20   10 16   11 4   12 26   13 17   14 10   15 8   16 10   18 28   19 18   20 24   22 32   23 2   24 8   25 6   28 8   29 35   30 3   31 56   32 11   33 4   35 32   36 4   39 20   40 17   43 3   44 9   46 1   48 2   49 17   50 34   52 2   53 16   54 8   59 32   60 19   62 16   
42  62     2 16   3 17   4 32   5 25   7 2   8 32   9 1   11 24   14 34   15 16   16 8   17 1   20 16   23 1   24 16   26 16   28 16   29 24   30 8   31 16   33 34   36 2   39 2   41 4   42 20   44 33   46 4   47 36   48 1   49 34   50 12   51 34   52 16   53 18   54 4   56 4   57 40   58 24   59 48   60 7   61 9   62 4   
44  63     0 4   1 8   2 20   4 32   5 8   6 4   8 40   9 5   10 32   11 2   12 24   14 4   15 8   17 16   18 32   20 8   21 32   22 17   24 1   25 4   26 16   27 32   29 5   30 1   31 4   35 49   37 8   38 32   39 4   40 20   41 8   42 56   45 12   46 32   47 32   50 1   51 16   52 2   54 1   55 32   56 16   57 1   58 2   62 32   
40  60     1 2   3 10   6 9   7 18   8 32   9 6   12 6   16 1   17 2   18 9   19 4   21 16   22 16   23 5   25 5   28 17   29 2   30 9   31 8   32 16   33 32   34 8   35 11   36 16   37 34   38 16   39 20   41 17   42 2   43 32   46 4   49 1   51 48   52 32   53 32   57 32   59 8   60 32   61 1   62 32   
29  61     1 10   2 33   5 40   6 16   9 36   12 2   14 3   16 10   17 16   22 41   23 6   25 2   27 1   30 18   31 16   34 8   36 16   37 16   40 8   41 17   43 16   45 40   46 16   48 8   50 2   52 56   53 8   56 4   61 4   
41  61     1 32   2 11   5 16   6 9   8 1   11 2   12 1   15 40   16 2   21 2   22 2   24 1   26 8   27 33   28 4   29 10   30 4   31 18   32 23   33 16   34 32   35 16   36 16   38 1   39 5   41 16   42 3   43 16   44 28   45 4   46 32   47 6   49 32   50 24   52 12   53 32   54 16   55 1   58 2   59 48   62 30   
45  62     0 5   1 36   4 32   6 4   7 8   9 17   10 2   12 32   13 17   14 24   15 12   17 4   18 24   19 32   20 9   21 32   22 38   23 5   24 32   25 32   26 4   31 8   32 18   33 8   34 32   35 32   36 32   37 8   38 34   39 8   41 17   42 32   43 4   45 6   46 36   48 18   50 8   51 32   52 8   53 1   55 16   57 2   58 19   60 48   61 32   
35  63     0 17   3 16   4 4   7 2   9 40   10 1   12 4   14 1   16 34   18 2   19 36   21 4   23 1   24 4   25 5   26 5   27 32   28 10   30 26   31 4   32 8   33 38   34 26   37 32   41 2   43 4   50 34   51 1   52 8   54 8   56 16   57 9   58 1   60 16   61 20   
42  60     0 4   2 32   3 32   4 33   6 12   7 16   8 16   9 32   10 32   11 5   12 16   14 16   15 4   16 42   19 9   20 36   22 16   23 8   25 4   27 16   28 26   30 18   32 24   34 8   37 1   38 4   39 1   41 4   42 38   45 18   46 48   47 32   48 48   50 1   51 1   52 32   53 8   55 32   56 8   58 16   60 20   62 1   
32  62     0 32   2 8   5 8   7 2   9 2   10 32   16 8   18 2   19 2   21 2   22 6   25 16   26 12   27 8   28 16   29 34   37 4   40 2   41 34   43 2   44 4   45 48   47 4   49 4   50 17   51 4   54 48   56 16   57 25   58 4   60 40   61 12   
42  61     0 4   3 2   4 2   5 32   6 2   8 24   11 8   13 4   15 12   18 18   19 32   20 6   21 2   22 8   23 10   24 16   27 36   28 12   29 48   30 1   31 8   32 12   34 8   37 1   38 8   39 16   43 1   44 18   45 2   46 8   48 33   49 1   50 9   51 32   53 37   54 32   55 8   56 1   57 4   59 16   60 1   62 18   
25  63     0 16   3 1   7 2   9 49   15 20   18 35   21 20   23 1   27 2   30 48   33 2   35 33   36 4   39 2   40 1   41 32   42 5   43 26   48 2   49 4   50 16   55 8   56 58   60 40   61 40   
32  61     5 16   6 2   7 2   11 32   13 33   18 8   19 2   21 16   22 48   23 16   30 8   32 1   34 17   36 2   38 32   39 2   44 1   45 16   46 32   47 32   48 32   49 8   50 2   51 16   52 4   53 8   54 4   55 32   56 32   57 28   59 16   62 2   
38  61     2 32   4 1   5 9   9 33   10 24   11 2   12 14   17 16   18 16   19 2   21 8   22 48   24 33   26 32   30 16   34 8   36 1   37 4   38 11   39 1   40 4   42 20   43 8   44 33   45 10   48 1   49 48   50 4   51 2   53 15   54 32   55 8   56 8   57 52   59 17   60 12   61 2   62 32   
43  61     0 24   1 2   2 16   3 32   4 32   5 3   6 32   7 8   8 34   9 36   13 2   14 20   15 16   17 1   19 18   22 10   23 2   24 2   25 36   27 32   28 32   29 41   30 32   31 6   32 16   33 18   34 16   35 14   36 40   41 2   42 1   45 1   46 8   47 8   48 9   53 2   54 4   55 48   58 2   59 48   60 2   61 16   62 20   
41  62     0 4   2 12   3 7   4 1   7 1   8 32   9 14   11 18   12 17   13 2   14 1   15 16   17 4   18 41   19 24   20 33   21 8   23 8   24 1   25 2   26 48   27 34   28 2   30 18   31 16   33 32   37 2   38 32   39 2   40 5   41 2   44 16   46 8   47 2   48 18   51 4   53 1   54 20   55 8   56 4   61 8   
38  63     1 8   2 1   3 1   5 8   6 5   7 36   8 16   10 1   12 1   14 16   17 2   18 4   19 1   20 1   21 2   23 10   24 1   26 24   27 32   28 2   30 26   31 3   32 12   37 32   39 32   40 32   41 32   42 8   43 8   46 1   48 8   49 10   51 2   53 8   55 24   58 16   60 3   62 3   
42  62     1 20   3 1   4 2   7 5   8 3   10 6   11 32   13 24   14 8   15 2   16 8   17 2   18 8   19 4   20 10   21 1   25 24   27 1   31 32   32 36   34 17   35 16   36 2   37 3   38 5   40 4   41 32   42 48   43 16   44 8   45 5   47 36   48 16   50 33   52 8   53 40   54 12   56 6   57 8   58 1   59 5   60 36   
36  62     2 8   3 8   5 2   6 36   7 36   8 32   9 24   13 32   15 32   16 8   17 32   23 2   24 3   25 20   27 1   28 2   32 48   34 28   35 16   36 5   38 34   41 1   42 4   47 1   48 4   49 32   51 1   52 4   53 48   55 16   56 1   57 50   58 32   60 20   61 32   62 8   
38  62     0 4   1 33   3 36   5 4   9 17   11 8   14 32   15 8   17 8   18 33   21 3   22 50   23 1   24 2   25 16   26 12   28 13   31 33   32 8   35 48   36 22   37 16   38 32   39 4   40 32   41 16   43 4   46 4   48 18   50 28   54 8   55 20   56 2   58 8   59 2   60 8   61 2   62 17   
41  61     0 2   1 24   2 4   4 40   8 2   9 18   10 17   11 32   13 4   14 2   15 32   16 12   18 1   19 36   20 8   21 1   24 16   25 1   26 16   28 16   30 4   31 1   34 8   38 10   40 1   41 16   42 35   45 17   46 36   47 16   48 1   49 5   50 1   53 8   54 16   55 9   56 12   57 16   59 8   61 20   62 16   
43  61     0 16   1 18   2 32   3 8   5 24   6 36   7 3   8 32   9 7   11 20   13 4   14 32   17 4   19 8   21 8   22 20   23 8   24 34   25 22   26 16   28 1   29 8   31 8   33 4   34 18   36 2   37 8   38 1   39 4   41 3   42 1   44 4   45 16   47 18   48 4   49 4   50 8   51 2   54 41   56 4   58 1   59 4   62 1   
42  63     0 1   1 18   2 49   5 4   6 16   7 5   9 8   11 4   12 19   13 33   14 1   16 16   17 2   18 5   19 12   20 6   21 8   23 4   24 1   25 48   27 1   29 35   30 36   31 8   32 12   34 1   37 36   38 9   39 16   42 5   43 2   44 18   46 2   47 9   49 12   50 4   51 1   52 10   53 24   55 16   58 3   62 8   
35  63     0 4   2 32   5 8   7 10   8 24   10 32   11 1   12 10   14 3   16 20   17 34   20 3   21 4   23 1   24 2   28 1   29 17   31 34   33 16   35 16   37 16   38 8   39 32   40 34   41 1   42 16   43 13   46 32   47 32   52 32   57 16   58 18   59 8   60 2   62 4   
45  61     0 3   1 17   2 4   6 8   7 1   8 16   9 2   10 1   11 32   12 1   13 16   14 4   16 16   17 1   18 16   19 16   21 48   22 4   23 8   26 4   27 32   28 32   29 16   30 4   31 8   32 2   33 2   35 2   36 36   37 9   40 32   42 18   45 1   46 14   47 3   48 36   50 3   51 34   52 34   53 4   54 1   55 10   56 2   58 12   61 1   
42  63     0 1   1 2   3 4   4 4   7 32   9 8   10 34   11 32   12 1   14 16   15 12   16 32   17 1   18 8   19 8   20 14   22 32   23 24   25 12   27 2   28 2   29 2   30 1   31 16   32 8   34 17   37 40   38 6   39 1   40 32   41 1   42 32   43 5   45 33   46 6   48 32   50 4   51 5   52 8   56 6   57 32   62 36   
45  61     0 8   2 40   3 20   5 28   6 48   7 36   8 41   10 8   11 32   12 8   13 1   14 12   15 4   17 3   18 16   22 8   24 5   25 40   26 4   27 4   28 1   30 20   31 18   32 2   34 2   35 2   36 2   38 8   42 5   43 8   44 16   45 16   47 37   48 8   49 1   50 2   51 11   52 9   54 32   55 16   56 8   57 4   58 49   59 36   62 16   
44  63     0 2   1 16   2 1   4 24   5 5   7 32   8 2   9 48   11 2   12 1   13 6   14 8   15 18   16 16   17 4   20 34   21 1   22 8   25 56   26 4   28 32   30 4   31 24   32 1   33 4   34 16   37 9   38 16   39 26   40 8   42 2   43 4   44 8   45 4   46 1   48 1   49 48   50 20   52 8   53 24   55 36   58 10   61 12   62 4   
39  60     0 16   3 4   5 36   7 12   8 4   11 17   12 32   13 36   14 1   16 33   19 18   23 36   26 6   28 8   29 16   30 20   31 1   32 2   33 4   34 16   35 20   36 1   37 32   39 4   40 18   41 33   42 8   43 4   44 48   47 16   48 8   49 4   50 18   52 8   54 32   55 1   59 2   60 1   61 4   
34  58     1 1   4 32   6 18   8 13   9 42   10 41   12 1   16 16   17 16   20 20   21 32   22 5   25 2   26 40   27 5   28 32   29 37   31 11   32 9   37 16   39 1   40 36   45 8   46 32   47 2   48 7   49 34   51 26   52 33   56 16   58 33   59 2   60 18   61 32   
36  63     1 1   2 32   5 33   6 36   7 8   8 32   12 8   14 1   15 18   16 16   17 32   20 8   23 8   24 4   25 2   26 9   27 32   30 8   31 1   32 4   34 8   35 1   37 2   38 16   40 24   41 48   42 8   44 48   45 12   46 12   47 32   48 32   51 36   54 12   59 4   62 32   
35  63     0 24   2 5   4 32   6 49   7 16   9 36   10 8   11 16   13 11   15 24   16 17   17 1   19 17   22 32   25 8   26 4   27 16   28 2   29 2   30 4   32 16   33 1   34 49   36 4   37 48   38 50   40 16   43 4   45 8   46 16   49 32   52 40   53 2   55 8   60 18   
39  62     0 16   2 32   4 33   5 4   6 1   7 8   8 32   13 8   14 18   17 2   18 12   19 39   21 16   22 16   27 32   28 1   29 10   30 5   31 3   33 4   35 32   37 54   38 4   39 2   42 2   43 9   44 32   45 4   46 8   48 10   49 52   52 32   53 8   54 40   55 35   57 6   59 48   60 1   62 1   
32  60     0 16   2 32   3 2   4 20   5 32   6 32   7 16   10 32   16 24   17 2   18 16   19 33   23 2   27 33   34 17   35 2   36 8   37 4   41 60   42 7   43 8   44 14   45 16   50 4   51 24   52 8   55 33   56 2   58 2   59 34   60 32   62 8   
41  63     0 36   3 16   5 37   6 16   10 16   12 16   14 1   15 1   16 32   17 32   19 16   20 8   22 16   24 1   26 17   27 32   28 1   30 44   31 32   34 8   35 16   36 4   37 32   38 2   42 15   43 16   44 32   45 18   46 1   47 16   48 8   49 32   50 32   51 2   52 20   54 1   57 37   58 16   59 2   60 16   62 26   
31  61     0 4   1 32   2 1   4 36   8 8   10 2   12 33   16 34   20 1   22 2   25 24   26 32   33 8   39 16   40 2   41 9   42 33   44 16   45 3   46 4   47 4   48 8   49 32   50 4   51 32   55 34   56 8   57 4   58 16   60 2   62 2   
34  60     0 4   1 32   7 33   8 16   12 32   13 2   14 16   15 48   16 8   18 9   19 2   20 16   21 1   22 16   25 42   27 16   28 2   32 33   36 20   38 10   40 9   42 16   43 34   44 40   45 4   46 34   47 8   50 8   51 32   52 16   53 8   57 4   58 2   59 1   
42  61     0 16   1 20   2 8   4 1   5 1   6 8   8 1   9 32   10 6   13 4   16 8   18 18   19 20   20 1   22 16   23 1   24 4   26 1   27 3   28 2   32 34   33 8   34 13   35 8   36 16   38 16   39 7   40 9   43 32   44 2   47 3   48 20   50 8   51 18   52 32   55 4   56 3   57 8   58 20   60 2   61 32   62 1   
34  61     0 1   2 16   5 36   7 32   8 16   9 2   10 16   11 1   12 2   14 32   15 16   19 8   20 8   21 32   22 1   23 1   25 1   26 8   31 32   32 16   34 16   36 2   38 36   39 18   41 12   42 2   44 16   49 1   50 32   51 4   52 39   56 1   58 4   59 32   
26  62     1 2   4 20   7 48   9 16   10 4   11 20   13 1   14 1   15 1   19 10   20 2   23 4   26 16   33 5   35 1   37 8   41 8   42 4   43 40   45 4   47 10   48 4   56 32   58 2   59 2   62 3   
45  62     0 2   1 1   3 2   4 16   6 16   7 2   8 34   10 8   11 36   12 5   14 32   16 3   21 2   22 16   24 5   25 48   26 16   28 32   30 1   31 8   33 18   34 2   35 43   36 8   39 1   40 16   41 2   42 2   43 12   45 32   46 1   47 1   48 11   49 16   50 24   51 14   52 8   53 4   54 10   56 8   57 16   59 10   60 2   61 16   62 36   
32  59     0 60   1 1   5 39   9 24   10 4   11 16   13 49   14 49   16 1   17 16   20 40   21 2   22 16   25 2   27 1   29 6   31 34   33 32   34 2   35 4   37 6   38 4   48 24   50 19   53 4   54 2   55 2   58 3   59 4   60 1   61 6   62 2   
43  61     0 33   1 4   3 12   5 36   7 36   8 11   10 5   11 17   13 48   14 12   15 12   17 40   18 25   19 5   20 16   21 4   23 4   25 4   26 40   29 2   30 2   31 5   32 8   33 1   34 6   35 3   36 1   38 2   39 16   41 3   42 32   43 4   44 1   46 16   49 32   51 34   52 2   54 16   55 32   56 4   59 48   60 33   61 32   
38  63     0 2   2 48   4 2   5 6   8 6   10 4   11 1   12 37   13 17   14 48   16 2   18 9   20 36   21 1   24 1   25 16   27 8   31 21   33 4   34 1   36 8   37 4   38 1   42 58   44 8   45 11   46 8   49 8   50 32   51 4   52 1   53 2   54 33   55 4   57 20   58 18   60 2   62 16   
45  63     0 20   1 4   2 32   3 16   4 32   5 3   7 1   8 4   10 56   11 4   12 17   14 24   15 32   17 4   19 2   22 34   25 32   26 12   28 1   30 1   31 32   32 2   34 2   35 1   36 22   37 8   38 8   39 1   40 32   41 6   43 32   44 18   45 16   46 8   49 4   50 4   51 10   53 8   54 20   55 1   56 20   57 4   58 49   60 32   61 1   
41  62     0 1   1 5   3 2   5 1   7 32   8 36   10 4   11 4   14 4   15 4   17 9   19 8   21 2   22 32   25 1   26 1   28 8   29 16   30 8   34 48   35 2   36 10   37 32   38 16   42 24   43 12   44 1   45 33   46 8   47 16   48 8   49 8   50 16   51 8   53 36   54 16   56 8   57 12   58 2   59 3   62 21   
34  56     0 33   1 40   4 50   5 16   10 8   11 40   12 2   15 16   16 3   19 8   20 33   22 1   28 36   29 2   30 1   32 8   33 16   35 38   36 36   37 36   42 4   43 2   44 11   45 34   46 1   47 18   48 4   49 24   50 4   51 34   53 56   58 20   59 2   61 4   
44  60     1 40   2 32   3 18   5 8   6 1   7 4   8 33   10 34   11 1   12 40   13 14   14 2   15 12   17 52   18 16   20 17   22 34   23 10   26 32   27 48   29 2   30 4   31 1   32 48   33 3   34 10   36 3   37 32   38 1   40 10   42 36   45 16   47 16   48 8   49 5   52 1   54 4   55 16   56 2   57 32   58 8   59 1   61 32   62 16   
39  62     4 42   9 34   11 8   13 3   14 20   15 2   17 9   18 2   19 18   22 6   23 16   24 32   25 6   26 48   29 32   31 36   34 32   36 12   37 8   38 8   39 8   40 1   41 16   43 32   44 1   46 17   47 8   49 1   50 8   51 2   52 17   54 34   55 34   56 2   58 2   59 32   60 16   61 8   62 1   
47  62     0 24   1 8   2 48   3 20   4 2   5 32   6 18   7 1   9 32   10 1   11 4   13 6   14 4   15 54   18 32   20 40   21 3   22 36   23 21   26 18   27 10   28 2   30 4   31 4   32 8   33 4   34 4   36 16   37 4   41 1   42 8   43 16   44 20   46 1   47 32   48 34   50 6   51 16   52 8   54 4   55 4   56 1   57 1   58 16   59 36   61 2   62 32   
The following result corresponding the SNR point : 3.75 dB.
39  62     0 2   1 16   2 4   4 16   5 24   6 3   9 4   11 1   13 4   14 1   17 1   19 35   20 3   22 4   23 2   24 20   25 8   26 32   30 5   31 48   34 5   36 2   37 1   38 50   40 20   41 20   43 8   44 32   45 32   47 4   48 25   49 48   52 4   53 17   54 4   57 18   58 33   59 16   62 17   
32  63     2 2   3 8   7 34   9 1   10 32   11 16   12 32   13 2   14 1   16 8   17 8   23 16   24 16   25 1   27 17   33 16   36 2   41 32   42 10   43 1   46 16   47 2   48 17   49 32   52 16   53 32   54 32   55 8   56 3   57 20   59 32   61 8   
33  63     3 32   9 37   10 4   11 20   16 1   17 8   18 2   19 36   23 5   24 32   27 20   29 5   32 2   33 2   34 20   35 16   38 4   39 2   40 2   42 26   43 1   45 44   47 1   50 1   52 41   53 16   54 36   55 8   56 13   58 32   60 1   61 48   62 32   
44  62     0 1   1 8   3 21   6 2   7 38   8 9   10 4   11 32   12 8   13 32   14 16   16 6   17 48   20 5   21 4   22 32   23 48   24 16   26 2   29 8   30 1   34 32   35 2   36 20   37 56   40 32   41 16   42 34   43 8   44 8   45 8   47 32   48 10   50 8   51 34   52 8   53 48   54 34   56 4   57 40   58 4   59 6   60 8   61 6   
34  62     0 2   2 5   4 16   6 1   7 18   9 2   10 32   11 16   13 9   20 2   22 16   23 2   24 4   25 5   26 16   27 16   30 6   31 2   34 1   35 10   37 36   41 12   42 16   45 1   46 56   48 3   50 4   51 48   52 10   53 4   54 20   55 8   61 4   62 16   
42  62     1 32   3 18   5 25   7 24   8 4   9 16   10 4   11 8   12 8   13 4   14 8   15 6   16 8   19 16   21 40   22 10   23 16   24 1   25 20   26 4   27 32   28 1   30 48   32 5   34 18   36 8   38 16   40 32   41 38   42 32   44 20   46 32   51 2   52 2   53 48   54 16   55 11   57 32   58 33   59 1   60 8   62 2   
37  60     0 1   1 1   2 1   3 2   5 2   7 4   8 38   9 48   14 11   16 12   17 4   18 2   19 8   21 33   22 3   23 8   24 4   25 2   27 4   28 20   29 34   30 12   32 2   34 2   36 34   37 4   39 1   42 16   43 40   45 34   46 48   48 8   53 40   56 16   58 1   61 25   62 2   
33  63     0 2   1 1   2 32   3 1   7 1   10 4   11 1   12 32   14 2   19 5   20 2   22 4   23 4   25 8   26 4   28 2   29 8   35 8   38 4   39 18   40 10   42 35   44 4   46 16   49 2   51 4   52 32   54 5   55 32   57 16   59 32   60 16   62 10   
36  62     0 20   2 8   4 32   6 2   8 34   13 24   14 3   15 2   17 6   19 12   21 24   22 34   23 4   24 6   25 4   26 48   27 1   29 32   30 1   33 20   35 1   39 8   40 8   41 2   42 16   43 17   44 8   45 16   46 2   48 8   51 8   53 1   54 16   60 8   61 8   62 8   
40  60     0 5   1 6   3 32   4 10   5 48   6 32   10 20   11 16   13 1   15 12   16 48   18 24   20 6   21 8   22 2   24 16   25 32   26 9   29 18   31 1   32 1   33 4   34 18   36 2   37 32   38 4   39 16   40 2   42 36   45 4   46 4   48 34   49 8   50 32   52 6   53 2   58 16   59 1   61 24   62 2   
35  62     2 32   4 26   8 8   11 5   12 1   13 32   17 8   18 32   19 8   20 32   21 4   22 4   23 34   24 16   27 16   28 1   29 16   30 2   31 18   33 40   34 32   35 4   37 4   38 8   40 16   41 32   45 17   46 6   48 24   51 16   54 8   55 2   56 2   58 33   62 32   
38  63     0 28   1 2   3 4   4 1   6 2   7 8   8 16   9 2   10 10   13 4   15 4   16 1   17 40   21 32   22 1   25 36   26 2   27 9   28 1   29 5   30 4   32 8   34 45   35 4   36 2   39 16   42 2   43 2   45 4   46 16   47 1   48 1   50 40   52 2   53 2   54 2   56 16   60 8   
46  63     1 16   2 32   4 16   5 20   6 34   7 1   8 40   9 32   10 3   11 34   12 8   13 32   14 18   15 44   16 5   18 8   19 8   21 4   23 16   25 12   26 1   27 34   28 8   30 12   31 1   34 18   36 4   38 1   39 54   42 4   43 2   45 4   46 16   47 8   48 8   50 4   51 4   52 4   53 32   54 5   55 9   56 32   57 34   60 9   61 6   62 3   
38  61     1 2   3 16   4 36   5 5   8 3   10 6   11 4   12 8   14 8   17 6   19 7   22 32   23 20   24 8   26 2   28 2   29 33   30 1   31 12   33 5   36 28   38 11   39 8   42 2   43 49   44 4   45 32   47 10   49 1   50 10   51 18   52 34   53 36   54 8   56 6   57 4   58 8   61 18   
44  61     1 32   2 8   3 18   4 1   5 9   7 18   8 40   10 8   11 10   12 4   13 4   14 8   15 32   16 1   18 2   19 5   20 40   22 12   23 1   24 2   26 1   27 12   28 2   30 25   31 2   33 24   37 17   38 2   41 33   42 4   46 10   47 32   49 2   50 16   51 17   52 37   54 16   56 1   57 20   58 44   59 56   60 48   61 34   62 12   
39  61     0 16   1 32   5 24   6 2   8 1   9 5   10 4   11 38   12 17   13 32   14 4   15 35   17 32   18 32   19 5   20 4   22 16   23 52   24 8   25 32   29 2   31 4   32 2   34 20   36 8   37 8   38 4   39 8   43 2   44 4   46 32   47 4   48 8   50 32   55 32   56 18   57 32   59 16   61 8   
31  60     0 1   1 18   3 16   4 1   5 2   6 1   8 20   10 36   14 2   15 16   19 5   20 1   23 3   26 32   27 4   28 33   29 9   30 36   32 1   34 40   35 33   37 38   38 2   40 2   41 2   45 36   47 8   48 4   50 42   55 1   59 10   
34  62     1 2   2 8   4 3   8 32   9 4   11 2   12 2   13 16   16 32   18 3   19 8   21 4   23 8   24 36   26 5   27 20   33 2   34 8   35 8   36 9   39 32   41 17   42 48   45 2   46 2   47 10   48 2   49 16   52 19   55 48   57 2   58 16   60 24   62 1   
37  63     1 16   2 32   5 2   7 2   8 32   9 32   10 4   13 4   15 16   16 10   17 2   18 2   20 16   21 2   24 32   25 1   26 6   27 32   34 2   35 8   37 8   38 16   39 25   40 2   41 1   43 4   44 3   45 32   47 1   48 16   50 32   53 1   54 34   56 20   57 1   59 1   62 16   
33  58     0 32   5 2   6 4   7 36   8 16   10 4   13 3   15 4   17 50   18 16   20 4   21 35   22 2   24 24   26 48   28 32   29 17   32 20   33 1   35 3   36 16   41 17   42 34   45 2   46 16   50 16   52 20   53 4   57 32   58 1   59 1   60 40   61 32   
41  61     0 8   1 8   2 1   3 32   5 8   6 24   7 2   8 33   9 24   10 18   12 32   13 10   14 2   17 6   18 56   20 18   21 18   22 10   23 24   24 40   26 2   27 2   28 6   32 1   33 32   35 1   36 4   39 4   40 32   42 48   44 2   46 2   47 17   49 3   56 4   57 25   58 24   59 32   60 33   61 34   62 8   
40  60     1 4   4 32   5 32   6 8   9 2   12 24   13 4   14 2   15 4   17 2   18 16   20 40   21 2   22 8   23 16   24 2   25 16   28 2   29 4   30 4   31 32   32 8   34 16   35 48   36 8   37 32   38 4   41 22   43 16   44 1   47 34   51 32   52 3   53 1   55 4   56 1   57 32   58 1   60 1   62 42   
36  63     1 32   4 1   6 17   8 4   9 8   11 36   12 16   14 16   15 5   17 8   18 16   22 2   24 36   26 9   27 3   29 18   30 8   31 2   32 4   33 2   34 2   35 32   37 3   39 12   42 36   45 3   46 34   47 8   48 5   51 20   52 6   54 2   55 34   57 24   60 2   61 4   
38  62     1 4   3 2   4 50   6 48   7 1   8 10   9 4   10 8   12 6   13 18   16 32   18 36   19 8   20 1   21 4   23 8   24 34   25 16   26 13   28 16   30 32   31 1   33 2   35 52   37 20   40 8   42 2   43 8   44 34   46 2   47 32   48 12   49 34   50 2   56 4   58 11   60 4   62 32   
41  61     1 36   3 2   7 32   8 40   9 8   10 8   12 1   13 12   15 3   19 6   22 16   24 12   25 1   27 10   28 8   29 5   30 36   31 24   34 4   35 8   36 8   38 8   40 8   41 1   42 4   43 16   44 10   46 4   47 1   48 8   49 8   50 48   52 60   53 2   54 34   55 40   57 8   58 8   59 36   61 1   62 2   
25  61     0 16   5 2   6 20   9 36   14 4   17 4   23 20   24 3   25 8   26 1   27 8   30 22   31 32   33 9   34 32   38 6   40 12   41 33   43 16   47 16   49 12   51 32   57 1   58 5   62 32   
33  61     1 16   4 36   5 34   6 19   8 32   12 1   13 5   16 9   17 4   18 12   20 1   22 6   25 32   27 9   28 2   30 1   31 2   33 32   36 34   37 33   39 61   40 1   41 4   42 8   44 2   46 4   47 2   51 16   53 17   54 32   58 6   61 4   62 6   
34  62     0 8   1 32   6 1   7 2   11 34   12 2   13 4   15 2   17 24   18 4   19 17   20 9   21 18   25 8   26 44   30 32   31 2   34 4   35 1   38 32   39 16   40 2   41 32   43 16   44 9   45 48   47 32   48 1   50 1   51 8   55 4   56 6   58 10   60 1   
47  62     0 4   1 16   3 16   4 4   5 5   7 16   9 8   10 32   11 5   12 32   13 33   14 32   15 8   16 12   18 12   19 41   20 8   24 40   25 1   26 4   27 1   28 32   31 16   32 2   34 8   35 2   37 8   38 1   39 17   40 16   41 24   42 16   43 1   44 2   45 4   46 2   47 1   49 2   51 8   52 32   53 2   54 56   55 1   56 8   57 32   59 8   61 3   
36  62     3 32   4 10   5 33   6 16   7 32   12 16   13 8   14 19   15 1   17 40   20 36   21 9   25 6   26 4   28 4   29 16   30 1   31 16   32 21   34 4   35 32   37 5   40 32   41 18   42 4   44 8   46 8   47 32   50 16   54 34   55 8   57 4   58 32   59 16   60 9   62 10   
42  63     0 8   2 40   3 32   4 16   5 32   7 15   8 18   11 48   12 8   13 25   14 4   15 1   18 32   19 1   21 17   23 1   24 4   25 16   26 34   27 16   28 32   29 10   30 16   31 8   34 16   35 4   38 2   41 1   42 20   44 33   45 16   46 24   49 1   50 2   51 32   52 2   53 24   55 40   57 16   59 56   60 32   61 9   
37  63     0 32   1 8   2 1   3 8   5 16   6 5   7 48   8 4   10 8   13 1   15 16   16 2   17 20   18 36   19 8   22 4   23 1   25 2   29 32   34 2   38 8   39 1   40 1   41 2   42 16   45 1   46 8   47 4   49 16   50 4   51 17   54 32   55 12   56 32   59 36   61 9   62 2   
34  63     0 8   1 14   2 8   3 13   4 34   6 2   7 4   8 24   9 1   11 5   14 32   15 4   16 22   18 1   20 2   22 16   23 48   25 40   29 4   30 16   31 19   32 1   36 1   39 32   41 8   42 32   43 1   44 32   45 16   46 1   47 2   53 1   58 18   62 8   
39  62     0 56   1 8   4 33   5 40   6 16   10 3   14 20   16 48   19 8   20 34   21 24   22 32   23 48   25 2   26 2   27 9   28 17   29 32   30 48   31 1   34 33   35 35   36 32   37 4   40 4   45 32   46 1   48 8   49 32   50 1   53 1   54 8   55 32   56 32   57 8   58 36   59 9   60 40   61 34   
39  62     0 34   1 32   2 32   3 8   4 1   7 16   8 16   9 41   10 32   11 1   16 4   17 16   18 16   19 8   20 4   21 8   22 10   23 1   27 36   29 48   30 48   34 33   35 8   36 4   38 16   40 2   41 32   42 8   43 6   44 3   46 18   47 1   49 16   51 5   52 16   53 6   54 2   56 16   61 1   
37  61     0 4   3 42   4 2   5 48   6 32   7 4   8 16   10 40   11 20   12 32   13 16   14 40   18 8   19 10   20 32   21 8   22 36   23 8   24 32   25 16   32 8   33 48   36 1   37 16   38 16   39 4   42 1   44 8   45 16   49 2   51 2   52 32   53 34   54 1   57 32   58 16   61 1   
45  61     1 4   2 12   3 16   4 16   5 16   6 4   7 9   10 16   11 40   12 32   19 36   20 8   21 16   22 36   23 36   24 24   25 34   26 8   28 24   29 8   30 11   31 32   32 4   34 1   36 18   39 16   40 4   41 24   42 4   43 4   44 5   46 10   47 10   48 5   50 16   51 50   52 8   53 48   54 4   55 3   57 10   58 34   59 5   60 44   62 24   
31  63     1 2   2 32   3 36   9 1   10 4   13 32   15 8   17 32   19 4   21 1   23 4   26 4   28 12   30 2   32 18   33 16   35 6   36 2   37 16   38 1   39 4   42 2   45 4   46 18   47 17   48 8   52 10   53 35   55 1   58 8   59 24   
37  61     1 32   4 1   5 1   6 10   7 32   9 32   11 4   12 2   15 4   16 24   17 24   18 5   20 20   21 34   22 4   23 34   24 12   25 1   26 4   28 2   31 4   35 2   36 2   37 8   41 17   42 4   43 6   47 1   49 16   50 4   51 34   53 8   55 8   57 20   58 2   61 4   62 16   
31  62     0 16   2 16   3 1   6 4   7 17   8 1   10 6   12 1   16 12   19 2   20 8   21 16   23 32   26 4   31 5   34 16   36 24   38 48   39 16   40 32   41 10   43 4   44 4   45 9   46 5   51 1   55 20   57 8   58 16   59 12   61 4   
40  63     0 6   1 36   4 37   5 1   7 32   8 16   9 18   11 4   15 1   17 1   18 2   19 4   21 20   23 16   24 4   25 32   27 2   28 8   29 32   30 2   31 24   33 2   34 4   35 16   40 32   41 52   42 16   45 8   46 2   47 1   49 48   50 1   51 32   52 8   54 16   57 32   58 20   59 1   60 8   61 40   
44  63     0 44   2 3   5 40   6 17   7 2   8 22   9 4   12 34   13 16   14 4   15 17   16 2   17 2   18 48   20 2   21 8   22 48   23 16   24 2   25 1   26 16   27 1   28 1   29 5   30 32   32 1   33 13   35 19   38 2   39 4   40 4   42 48   43 48   47 8   48 32   49 16   50 8   51 2   53 4   54 48   57 2   58 20   59 8   61 32   
30  63     1 1   6 2   7 36   8 36   9 3   10 8   11 32   14 32   15 4   18 4   20 36   22 2   27 32   30 8   31 32   33 28   34 8   35 32   36 16   41 40   42 2   44 32   45 9   46 6   47 32   49 4   52 42   55 33   57 32   60 4   
40  63     2 32   3 16   4 44   7 8   8 2   10 8   12 2   13 2   15 40   16 48   18 14   19 18   20 18   22 2   23 8   25 48   26 2   27 34   28 2   29 16   31 33   32 50   33 1   34 2   35 8   36 32   38 1   39 24   40 1   42 4   44 8   47 10   52 48   53 1   55 8   56 33   57 32   58 1   59 2   61 32   
43  63     0 1   1 4   2 17   3 8   5 24   6 4   8 4   9 16   10 1   11 4   12 9   14 33   18 6   19 4   20 8   21 1   22 6   23 2   25 1   26 50   27 41   28 16   30 16   31 16   32 8   33 8   34 9   35 9   37 27   40 1   42 32   44 2   45 32   46 32   50 32   51 1   52 16   54 34   55 17   56 1   59 1   60 16   61 16   
39  60     0 2   1 32   3 24   6 16   9 34   10 48   12 8   17 8   19 4   20 20   21 2   24 16   25 2   26 40   27 1   29 8   31 40   32 8   34 32   37 1   39 8   40 32   41 48   42 1   44 4   46 7   47 34   48 11   51 48   52 49   53 2   54 8   56 32   57 8   58 8   59 8   60 32   61 17   62 8   
36  62     0 5   1 4   6 8   8 32   9 2   10 8   12 17   13 1   16 2   17 8   19 12   21 12   22 16   24 8   27 17   29 1   30 32   31 32   32 1   33 1   35 2   36 2   38 4   39 25   41 8   43 16   44 17   46 32   48 32   49 11   51 24   52 32   53 1   54 9   58 4   62 8   
40  60     0 1   1 8   2 10   3 2   5 10   6 2   8 16   11 4   13 1   16 16   18 4   19 4   21 33   22 16   23 8   24 1   25 4   27 2   29 32   30 32   31 3   32 32   33 5   34 8   35 34   38 24   40 8   41 24   43 32   44 8   45 2   47 3   50 4   52 16   54 1   55 1   56 8   58 32   61 40   62 48   
38  62     0 24   1 2   3 32   6 27   8 2   9 40   15 25   18 5   19 2   21 6   22 8   23 18   24 10   25 40   27 16   28 1   31 34   32 32   34 1   36 41   37 32   38 32   39 20   40 1   41 17   43 1   44 40   45 2   46 12   48 9   49 4   54 16   55 24   57 1   59 18   60 24   61 32   62 4   
42  63     0 32   1 2   2 8   5 9   6 4   9 24   11 40   13 16   14 16   15 20   16 17   17 2   18 4   19 16   20 16   23 8   24 36   25 8   26 32   29 1   30 32   31 10   32 17   33 16   34 3   36 32   37 32   39 4   40 32   41 34   42 32   44 32   47 36   48 6   49 8   51 26   54 2   55 3   57 32   58 20   59 16   60 42   
37  62     1 36   2 32   3 18   5 8   7 16   9 32   12 32   13 56   16 52   17 48   18 2   19 18   20 16   23 40   25 32   26 32   27 1   28 4   29 3   30 1   31 17   34 4   36 24   37 9   39 32   42 1   43 33   44 42   45 32   51 2   52 18   53 40   54 1   55 13   57 2   59 17   62 12   
48  62     0 36   1 4   2 8   3 4   4 2   5 16   7 48   8 1   10 16   11 40   12 1   13 1   14 24   16 34   17 12   18 9   19 6   20 5   22 16   23 8   24 50   26 16   27 24   29 34   31 34   32 13   33 8   34 8   35 1   37 1   38 16   39 1   40 4   41 6   42 1   44 18   46 4   48 12   49 7   50 32   51 2   53 2   54 4   56 1   58 8   59 40   61 8   62 4   
40  62     0 48   1 1   3 36   6 32   7 4   8 32   10 4   12 2   13 2   14 9   16 44   18 32   20 5   21 8   22 21   23 8   24 1   27 4   28 10   29 8   31 1   35 2   36 1   37 8   38 52   40 24   42 32   43 4   44 4   45 4   48 1   49 8   50 8   52 2   53 6   56 6   59 32   60 16   61 1   62 34   
39  61     1 2   5 18   6 8   7 16   9 6   10 32   11 16   13 38   16 4   18 32   21 6   22 2   23 6   24 34   25 20   26 8   28 18   29 32   30 10   31 32   32 8   33 1   34 1   36 52   38 4   39 1   42 12   43 12   44 8   45 3   48 4   49 18   50 16   51 18   53 36   57 16   58 2   61 34   62 32   
31  61     0 41   1 46   4 1   5 4   7 16   9 4   12 32   13 8   14 8   15 2   16 9   19 8   22 24   23 8   25 17   27 2   29 10   30 4   32 2   37 36   39 35   43 14   44 2   46 33   47 4   49 38   56 20   57 8   59 2   61 32   62 32   
35  63     2 32   3 8   4 4   6 33   7 8   9 12   13 48   14 34   16 8   18 8   20 32   23 2   24 4   25 32   27 20   29 32   30 8   32 2   35 2   36 44   40 1   41 36   42 32   43 2   44 34   46 16   47 40   50 10   51 5   52 10   55 8   57 32   58 48   61 4   62 3   
38  60     1 2   3 4   4 10   6 40   8 17   9 1   10 35   12 48   15 12   16 20   17 32   19 1   20 41   21 48   22 16   23 32   24 40   25 1   27 8   28 4   30 16   33 48   34 24   38 16   39 4   42 16   45 40   46 48   47 1   49 12   50 33   54 1   55 3   56 10   58 36   59 16   60 16   62 16   
36  60     2 9   6 19   10 1   11 2   12 18   15 33   16 9   17 16   19 32   20 24   21 4   22 32   23 32   24 57   26 16   27 2   28 1   29 32   31 57   33 2   34 40   35 10   36 10   38 33   43 32   44 24   45 34   47 1   48 3   51 32   52 2   53 3   55 16   56 8   58 52   60 52   
43  62     0 9   2 4   3 4   5 8   6 4   7 4   8 16   9 24   11 16   12 4   13 21   14 48   15 32   16 5   17 8   18 2   19 5   20 4   22 2   24 16   26 8   27 1   28 16   29 32   30 16   31 8   35 8   36 2   39 4   40 1   41 8   44 4   45 8   46 2   48 32   49 20   50 1   51 16   53 16   54 4   56 8   60 1   62 1   
32  61     0 50   1 8   3 2   4 8   5 1   6 17   10 22   11 9   13 10   14 1   15 4   20 16   21 24   23 8   24 2   25 1   27 16   28 18   32 4   34 36   35 2   36 36   37 18   38 22   42 2   45 32   47 40   50 16   52 34   55 12   57 32   60 16   
30  63     0 3   1 12   2 2   7 32   10 40   11 9   12 41   15 1   16 4   20 12   25 18   26 4   28 4   29 17   30 12   32 8   35 3   36 2   37 4   38 16   40 2   41 2   42 2   43 1   46 32   53 48   54 10   57 2   58 2   60 8   
38  63     1 1   2 4   4 1   5 4   7 3   8 32   10 52   11 32   12 32   13 3   14 48   16 5   18 13   19 3   22 40   24 2   25 34   26 2   27 32   30 17   32 4   33 18   34 2   36 7   37 8   38 8   39 16   40 16   41 8   43 32   47 32   48 1   49 32   51 2   52 1   54 2   55 4   59 2   
35  62     1 16   2 16   3 24   4 3   9 18   10 18   11 16   12 4   14 32   15 1   17 17   18 3   19 32   21 2   23 32   25 8   27 2   28 12   30 1   31 48   32 32   33 1   34 2   38 9   41 4   43 24   46 8   47 32   50 16   52 8   53 17   57 4   58 16   59 3   62 3   
36  62     0 5   1 12   3 17   4 2   5 2   6 2   10 16   13 24   14 8   15 16   16 3   17 4   19 2   22 36   25 1   27 20   28 16   29 34   30 2   32 4   33 3   37 2   40 8   41 1   43 32   44 60   48 2   49 10   51 4   52 34   55 8   57 2   58 9   60 8   61 24   62 1   
45  63     1 8   2 24   3 20   4 32   5 3   6 8   7 32   9 16   10 8   11 16   12 8   13 8   15 3   16 50   17 9   18 8   19 17   21 1   22 32   23 1   24 8   25 2   28 32   31 34   33 16   34 16   36 1   37 12   38 8   39 8   40 49   44 13   45 32   48 8   49 33   50 32   51 5   53 8   54 48   56 2   57 20   58 2   59 16   60 17   61 8   
41  60     1 32   5 4   6 2   7 32   8 32   9 5   11 17   14 32   15 4   16 45   17 2   20 17   21 1   23 8   24 32   25 16   27 20   28 4   29 8   31 4   32 2   34 44   36 2   39 8   41 26   42 1   43 8   44 16   45 40   46 2   47 4   48 32   49 12   50 32   51 5   52 32   55 4   56 48   57 2   60 1   61 1   
42  61     0 24   2 8   3 4   5 1   6 6   7 32   8 18   9 36   10 3   11 2   12 1   13 32   14 4   15 20   17 19   18 4   22 10   24 8   25 32   27 9   28 6   29 20   30 18   31 20   32 6   35 32   36 32   37 12   38 2   40 34   41 37   45 41   46 18   47 36   48 5   50 8   52 33   54 32   55 49   60 5   61 16   62 36   
46  61     0 1   1 33   4 48   6 41   7 10   8 8   10 1   11 10   12 48   15 12   17 4   18 4   19 40   21 1   22 1   23 24   24 16   25 33   26 8   29 33   30 32   31 17   32 1   33 34   34 1   35 2   36 1   37 34   38 8   39 4   41 9   42 2   43 1   46 32   47 32   48 18   50 8   51 16   52 16   53 16   55 4   56 2   57 9   60 4   61 8   62 2   
36  63     2 4   3 4   4 6   6 21   7 35   11 33   13 1   14 37   15 1   16 16   19 24   21 1   22 10   23 2   24 34   25 8   26 8   28 12   30 24   31 32   33 4   39 16   40 1   41 1   45 8   46 2   47 32   49 1   51 1   53 1   56 8   58 8   59 26   60 16   61 16   62 16   
34  60     0 4   3 34   6 4   8 2   9 8   11 3   13 36   14 1   15 1   16 2   17 16   18 48   19 1   22 6   23 32   27 2   28 4   29 48   32 26   33 8   35 18   39 32   45 4   46 2   48 16   50 33   51 20   53 24   54 32   55 16   58 20   59 50   61 2   62 32   
34  61     1 18   4 4   6 1   7 40   9 8   10 10   16 2   19 32   21 18   26 32   28 12   29 22   32 48   33 24   34 8   35 8   37 2   39 4   40 1   41 32   42 8   43 24   44 2   45 4   46 8   48 16   49 32   50 4   51 40   52 16   53 4   54 1   56 24   57 4   
30  62     0 8   1 2   2 33   3 8   5 4   8 33   9 32   12 32   13 2   15 48   16 32   19 16   21 2   22 16   23 20   24 16   29 16   31 32   34 4   37 16   39 16   44 32   45 17   50 2   55 12   56 16   57 16   59 4   60 2   61 16   
37  62     0 52   2 9   6 48   7 4   8 5   11 8   15 2   16 1   17 36   18 1   22 32   23 8   24 8   25 9   26 12   27 32   30 4   31 36   32 12   33 1   34 9   36 18   38 2   40 32   44 2   46 34   47 2   48 32   49 9   50 4   51 2   54 4   56 32   58 32   60 41   61 8   62 1   
34  62     1 1   2 18   3 33   6 16   7 8   11 2   13 48   14 2   16 4   17 8   19 16   20 32   21 1   23 4   24 8   26 2   27 16   28 16   29 16   30 32   31 20   32 32   34 2   37 36   38 32   39 13   40 8   42 4   47 32   55 8   57 4   59 8   60 32   62 44   
35  61     4 2   7 17   9 8   10 8   11 5   12 2   14 5   15 9   16 2   21 25   22 16   23 4   24 8   25 1   26 33   27 32   28 16   31 18   32 8   33 40   37 56   38 48   40 28   43 16   45 4   47 16   49 33   51 4   52 2   54 12   57 9   58 16   60 4   61 18   62 2   
34  61     0 3   2 12   3 6   5 19   6 37   7 8   12 32   14 40   17 4   20 42   22 40   23 32   25 14   27 36   28 5   29 9   30 18   31 9   34 1   37 9   39 8   41 2   42 1   44 4   46 42   47 32   50 4   51 32   54 48   55 1   56 6   59 16   60 1   62 20   
37  62     0 4   1 16   2 1   5 4   6 1   7 12   9 2   10 8   11 16   12 32   14 4   16 28   17 40   18 19   19 32   26 8   27 6   28 8   29 3   30 2   32 20   34 10   35 44   37 16   40 4   42 32   46 32   47 10   49 1   54 49   55 18   56 34   57 4   58 2   60 16   61 17   62 1   
38  63     0 1   1 4   2 20   3 38   4 1   5 6   7 9   8 12   9 32   10 26   12 4   13 6   14 44   15 1   16 1   17 1   18 12   19 8   21 32   26 32   28 4   29 8   32 32   35 32   38 32   39 8   40 16   41 8   47 1   49 16   50 8   53 8   55 32   58 4   59 16   60 3   61 2   62 2   
36  63     0 8   3 1   6 2   7 32   8 8   9 6   10 4   11 4   12 4   13 8   14 1   20 32   21 32   24 16   25 8   26 8   28 16   29 24   30 52   31 1   35 17   38 24   39 2   42 16   43 44   44 8   46 16   48 36   50 2   51 2   52 10   55 2   57 18   59 1   60 2   62 4   
42  62     0 4   2 24   3 40   4 4   6 8   7 1   9 25   10 9   11 2   13 12   16 1   21 4   22 4   23 24   24 2   25 16   26 1   27 16   28 32   29 16   30 8   31 16   32 8   33 8   34 24   35 1   37 32   38 24   40 32   42 1   45 32   46 2   47 32   48 4   50 8   52 16   53 17   54 16   55 1   56 9   57 32   62 4   
43  62     0 1   3 16   6 32   7 48   9 32   10 4   11 16   12 2   13 8   14 7   15 9   16 6   17 34   18 14   19 16   20 33   21 4   23 1   24 8   25 13   26 8   28 48   29 2   32 20   33 6   34 10   35 8   38 32   39 36   42 49   43 12   45 8   47 33   48 40   50 4   51 4   52 8   55 1   56 12   57 16   58 40   59 8   60 4   
44  62     2 10   3 6   4 9   5 2   6 8   8 6   9 16   10 8   12 2   13 16   15 16   16 2   18 2   20 1   21 1   24 3   25 4   26 4   30 32   31 16   32 33   33 1   34 33   35 4   36 39   39 4   40 4   41 8   42 8   43 8   44 10   46 12   48 1   49 8   51 3   53 9   54 33   55 17   56 16   57 1   58 4   60 16   61 4   62 2   
46  63     2 32   3 4   4 16   5 1   6 10   7 1   10 9   11 36   12 16   13 34   14 9   15 8   16 16   18 1   21 4   22 24   23 4   24 32   25 4   27 8   28 18   29 10   30 11   31 8   33 2   35 5   38 9   40 1   41 32   42 3   43 38   44 32   45 3   47 17   48 16   49 4   50 16   51 36   52 37   53 2   54 32   55 4   57 2   58 8   61 20   62 36   
40  62     3 17   7 1   8 40   12 4   14 36   15 20   16 1   17 1   18 2   21 16   22 4   23 3   24 4   25 2   26 34   28 2   32 1   33 4   34 32   35 40   39 4   41 4   42 1   43 2   44 4   46 2   47 9   49 20   50 32   51 8   52 3   53 37   54 2   55 4   56 40   58 8   59 1   60 1   61 32   62 32   
39  62     0 50   1 45   2 2   4 36   7 48   9 3   11 8   12 1   13 6   15 3   16 16   17 4   18 4   20 1   21 32   22 32   23 33   27 32   30 1   31 36   32 8   36 16   37 32   38 4   39 8   41 25   42 1   43 20   45 40   46 36   48 4   49 8   50 33   53 32   54 4   56 20   59 1   60 4   61 32   
37  61     3 1   4 13   5 32   6 8   10 4   11 8   12 1   14 24   17 6   19 18   22 2   23 3   24 16   26 32   27 34   31 1   34 29   35 9   37 6   39 7   40 50   41 36   42 22   43 32   45 19   46 4   47 28   48 16   49 20   50 4   51 2   52 1   54 9   57 8   59 1   60 1   62 17   
36  61     1 32   3 34   5 16   6 2   8 2   10 24   12 32   15 8   16 33   17 1   18 8   19 4   21 32   22 8   23 8   24 4   25 1   26 20   27 1   28 1   29 32   30 2   33 4   38 1   39 2   40 40   42 32   43 34   47 32   49 16   51 12   53 8   55 26   57 18   58 4   59 2   
39  61     0 32   2 24   3 2   4 24   7 50   8 8   14 2   15 38   16 32   17 9   19 1   24 5   25 2   26 32   29 8   30 41   31 32   32 10   33 13   36 16   37 40   39 2   40 1   41 32   42 16   43 8   44 8   45 16   46 16   49 36   50 3   51 2   52 32   53 4   55 33   57 32   59 5   60 43   61 20   
41  63     0 8   1 42   2 36   3 16   4 32   5 24   7 5   8 3   9 2   15 36   17 18   18 16   21 24   22 1   23 34   24 44   25 41   26 12   27 2   28 2   29 2   30 4   31 16   32 16   33 8   37 1   41 8   42 2   44 24   45 2   46 16   47 8   50 16   52 2   53 1   54 1   56 1   58 16   59 48   60 1   61 32   
45  62     1 33   2 2   3 2   4 12   5 4   6 19   7 32   9 16   10 16   11 4   12 1   15 1   16 1   17 36   18 2   19 16   21 2   23 1   25 2   26 8   28 3   29 1   30 32   31 32   32 8   35 2   36 40   38 48   39 48   40 8   41 16   43 32   44 1   45 1   46 1   50 26   51 32   52 4   53 32   54 48   56 32   57 8   60 20   61 5   62 4   
43  62     0 6   2 1   4 8   6 6   8 16   10 3   11 8   13 1   14 8   16 16   17 32   18 8   19 2   21 4   22 2   23 8   24 4   25 2   27 16   28 8   29 1   30 4   31 9   32 1   33 8   37 32   38 2   40 4   41 2   42 8   43 1   44 17   45 32   46 4   47 34   50 4   51 32   54 1   55 34   56 8   60 1   61 10   62 2   
32  63     1 1   2 34   4 20   5 24   6 2   8 2   9 2   11 2   13 2   14 1   16 4   17 16   19 4   20 2   23 18   25 36   29 32   30 8   31 2   32 2   34 1   36 9   40 12   41 8   44 2   47 52   51 36   52 16   53 44   54 8   58 4   60 1   
35  60     1 12   4 16   5 16   8 2   10 8   13 36   15 8   16 6   17 8   19 16   20 8   21 8   22 5   24 12   25 1   27 32   29 4   30 16   34 16   35 18   36 32   37 4   39 10   40 32   42 32   43 2   44 2   45 4   46 12   47 4   51 32   54 40   58 16   60 5   61 8   
42  61     2 16   4 1   9 17   11 32   12 32   13 6   14 16   15 33   16 32   18 1   19 8   23 4   24 1   25 16   27 1   28 2   29 1   31 40   33 16   34 1   36 2   39 6   40 8   41 40   42 40   43 8   44 1   45 14   46 48   48 24   49 17   51 16   52 2   53 28   55 8   56 16   57 1   58 18   59 1   60 8   61 32   62 5   
41  63     4 1   5 1   6 32   7 32   8 9   9 17   10 2   11 1   12 6   13 32   14 2   15 1   16 32   18 24   19 1   20 36   21 2   22 9   23 4   24 1   26 28   27 8   28 4   29 8   31 9   33 4   34 1   35 16   37 33   38 32   41 8   46 2   49 40   51 33   52 42   53 16   54 11   55 2   57 1   59 1   60 9   
42  62     0 8   1 3   2 34   3 33   4 2   7 16   8 4   9 4   12 34   13 2   14 8   16 36   18 16   21 8   22 1   23 33   24 9   25 48   27 35   28 10   29 1   30 20   31 1   33 4   37 6   38 48   39 8   40 13   42 4   43 4   44 4   46 36   47 32   48 1   49 35   51 10   53 16   55 5   56 4   59 1   61 40   62 34   
38  63     0 12   3 12   4 36   6 32   8 32   9 40   14 16   17 32   18 2   20 16   21 38   22 32   23 20   25 32   27 16   28 1   30 1   31 10   32 24   33 34   34 8   36 8   38 8   40 8   41 1   43 2   44 32   46 2   50 7   51 32   53 1   54 6   55 8   56 1   57 10   59 2   60 8   62 2   
38  62     1 18   2 16   3 32   6 12   8 32   9 8   10 2   14 16   17 2   18 8   20 16   22 16   23 2   24 18   26 8   27 1   28 40   29 4   32 32   33 33   34 16   35 30   37 37   40 16   41 1   44 33   46 18   47 4   49 12   50 16   51 16   53 8   54 4   55 8   56 20   58 9   60 16   61 12   
41  62     0 8   1 40   2 9   3 4   6 32   7 16   8 1   10 2   11 16   14 3   20 34   21 1   22 4   23 42   25 40   27 10   28 8   29 32   30 16   31 2   33 1   34 1   35 1   38 6   39 2   40 16   41 4   42 9   45 33   47 6   49 1   50 8   51 1   52 3   54 4   56 16   58 1   59 34   60 2   61 16   62 32   
38  62     0 16   1 32   2 32   5 32   7 10   10 32   12 4   14 32   15 8   17 32   21 32   22 1   25 14   26 2   27 4   28 1   31 1   34 4   35 18   36 4   37 32   38 2   39 6   40 8   41 16   42 8   45 24   46 16   48 8   50 16   52 12   53 24   54 3   55 16   58 42   59 16   60 32   62 8   
The following result corresponding the SNR point : 4 dB.
38  63     0 16   2 32   3 1   4 4   5 16   11 7   12 36   14 36   18 9   19 1   21 4   23 56   25 40   26 2   27 49   28 20   29 6   30 5   32 4   35 8   37 56   38 16   40 1   43 33   44 4   45 2   46 1   47 1   48 32   50 48   51 2   52 1   54 36   55 5   56 48   57 16   58 4   61 52   
43  63     1 4   2 1   3 2   4 12   6 2   7 1   8 12   9 32   13 34   15 3   16 2   17 16   21 32   22 1   23 32   25 56   26 26   27 2   28 8   29 32   32 37   34 32   37 8   38 32   39 32   40 4   41 16   42 40   43 5   44 1   45 56   47 8   48 1   49 32   50 8   51 9   52 16   55 6   56 1   59 16   60 2   61 19   62 16   
38  62     2 4   3 8   5 36   6 33   7 40   8 4   10 9   13 32   17 2   18 3   19 32   20 24   22 32   23 1   24 32   25 22   26 2   27 4   28 37   30 16   31 48   32 16   33 16   38 8   39 8   40 32   42 1   44 32   45 8   46 2   48 2   52 48   56 8   58 8   59 2   60 2   61 16   62 4   
33  61     2 16   3 8   4 1   6 1   9 12   10 3   13 40   15 32   16 2   18 32   20 4   21 32   25 43   27 2   29 36   30 4   32 2   33 8   34 8   36 8   37 32   38 1   39 32   46 36   47 4   48 20   50 17   51 4   54 8   55 10   57 33   59 15   60 20   
38  61     0 8   1 4   2 8   5 40   7 4   8 1   9 16   10 16   11 8   12 4   13 8   15 4   18 4   23 32   24 2   25 2   26 4   27 16   28 24   29 24   30 8   31 24   32 16   33 16   36 33   37 50   38 10   39 1   40 9   42 14   47 34   50 4   51 16   52 9   53 17   59 2   61 2   62 40   
39  62     0 2   1 4   2 4   3 32   4 2   5 32   6 17   7 42   9 32   11 4   12 33   16 16   17 16   18 2   20 1   22 14   23 48   24 2   25 24   26 49   27 1   29 4   30 18   33 16   34 16   35 13   37 34   42 38   44 48   45 20   48 2   49 32   50 5   51 32   52 40   55 8   58 9   61 32   62 8   
41  62     1 32   2 8   5 16   7 16   8 8   9 8   10 19   11 1   14 33   15 8   16 32   17 10   19 16   21 50   22 5   23 16   24 4   25 24   26 6   29 4   30 20   31 16   32 4   33 4   35 42   39 46   41 16   43 2   44 11   48 10   49 1   50 16   51 2   52 32   53 9   54 32   55 44   56 1   59 17   60 34   61 2   
36  60     0 40   1 33   2 36   3 5   4 3   9 1   13 48   14 16   15 20   18 2   19 1   21 12   25 16   26 20   27 1   28 9   29 18   30 37   31 32   33 8   34 17   36 1   37 4   38 32   39 16   40 32   42 34   46 2   50 3   51 32   53 36   54 14   55 8   56 1   59 4   61 33   
37  62     0 8   1 16   2 33   3 32   5 4   7 4   8 16   9 32   10 48   13 32   14 16   18 4   19 32   21 17   23 8   24 26   26 1   27 8   28 1   29 1   30 4   31 1   32 1   36 8   37 6   40 1   42 4   43 2   45 1   51 18   52 8   53 5   56 4   57 16   59 2   60 16   62 24   
39  63     0 8   1 8   4 8   5 16   7 4   8 20   10 8   11 5   14 42   15 2   16 8   17 1   18 1   19 4   20 12   21 8   23 34   24 4   26 2   27 32   30 16   31 10   32 40   34 1   35 6   38 8   39 20   41 4   42 32   43 16   44 6   45 16   50 17   52 1   53 1   56 48   60 16   61 2   62 2   
46  63     1 9   2 8   5 48   6 12   7 2   8 34   9 8   10 3   11 1   12 32   13 4   15 5   16 16   18 2   19 10   22 33   23 8   24 1   25 1   26 24   27 33   28 2   29 16   30 6   31 5   32 2   39 8   40 4   41 1   42 8   43 4   44 12   45 4   46 8   47 16   48 2   49 32   50 4   51 50   52 16   53 2   54 9   55 4   57 32   59 9   60 10   
35  60     0 5   1 1   3 4   4 48   5 1   7 16   8 1   9 32   10 1   11 4   13 3   15 20   16 17   18 8   19 49   21 2   22 36   25 16   27 2   28 1   30 1   31 16   32 10   33 12   37 16   38 8   40 2   41 60   42 2   43 4   44 32   47 26   48 9   52 1   55 2   
46  61     0 1   1 35   2 48   3 8   5 18   6 42   9 1   10 2   11 20   12 16   13 8   14 49   15 34   17 16   18 9   19 1   20 2   22 32   24 20   26 22   27 4   30 8   32 38   33 16   34 17   35 1   36 17   39 36   40 1   41 20   43 3   44 1   45 48   46 34   47 34   48 2   49 36   50 8   51 20   52 2   53 24   56 18   57 8   58 34   61 16   62 1   
37  63     0 4   3 5   4 18   8 1   9 10   12 32   13 36   15 16   16 20   19 41   21 48   22 2   23 2   24 2   25 2   27 2   28 32   29 56   30 1   32 32   34 4   35 16   36 4   37 1   40 20   41 4   45 2   46 2   50 5   51 4   54 20   56 32   57 16   58 16   60 4   61 4   62 2   
33  60     1 2   3 1   8 2   10 2   11 4   14 32   15 16   19 1   21 48   24 32   25 35   27 18   29 16   34 4   35 16   36 3   37 24   38 36   39 8   40 1   41 1   42 2   43 1   44 16   45 32   47 1   52 5   54 3   55 8   56 4   57 24   58 4   60 16   
33  63     0 4   5 33   10 16   11 8   16 4   18 4   19 4   20 6   21 24   22 32   24 16   25 10   27 24   29 13   30 32   31 8   32 32   35 8   37 1   38 36   39 12   41 6   43 16   44 8   45 1   48 4   50 2   51 17   52 16   56 2   58 8   59 4   61 3   
37  63     3 8   4 10   6 36   7 4   8 8   9 8   10 16   13 4   15 2   16 2   18 6   20 32   22 20   23 16   26 20   27 36   28 16   32 1   34 17   37 5   38 10   40 17   42 14   44 9   45 1   46 16   47 8   48 32   49 1   51 2   52 1   55 2   56 8   57 49   58 32   60 8   61 10   
44  61     1 32   2 4   3 7   4 32   6 8   9 1   10 32   12 9   14 17   15 52   16 16   17 8   19 24   20 32   21 32   22 4   23 16   27 4   28 3   29 20   30 37   31 1   32 4   33 32   34 18   37 24   40 20   41 33   42 6   43 16   44 8   45 2   47 4   48 20   49 2   50 32   51 8   52 1   54 1   57 2   59 34   60 3   61 1   62 8   
38  61     0 12   1 16   2 16   4 1   8 34   11 8   13 8   14 4   17 16   18 16   20 24   21 8   22 17   23 16   24 32   26 48   27 2   28 2   29 32   30 8   33 24   36 34   39 18   42 8   43 1   45 17   47 42   48 12   49 16   50 21   52 2   54 1   55 8   56 16   57 8   58 16   59 16   62 24   
42  63     0 3   1 49   2 18   4 8   5 2   6 9   7 16   10 28   11 6   13 1   14 24   15 20   16 16   18 44   25 3   26 16   27 17   30 2   32 12   35 1   36 41   37 10   38 8   39 6   40 32   41 56   42 4   44 48   45 4   46 36   47 6   49 1   50 3   51 12   52 33   54 2   56 12   57 1   58 8   59 16   61 4   62 8   
37  61     2 8   7 16   8 17   10 8   11 1   12 16   13 12   14 56   16 19   18 8   20 2   21 2   22 16   24 16   25 24   29 16   30 52   31 32   32 8   33 2   34 17   35 16   39 4   40 3   43 33   45 2   46 10   48 34   49 4   50 1   52 36   53 48   54 4   58 24   59 1   60 4   62 1   
45  63     0 2   1 2   5 16   10 40   11 11   12 1   13 4   16 1   17 8   19 16   21 2   22 1   24 1   25 14   26 4   27 1   29 32   30 33   31 28   32 17   33 4   34 42   35 24   36 11   37 1   38 32   39 8   40 33   41 4   42 16   44 2   45 8   46 1   47 2   48 1   49 1   51 6   53 16   54 25   56 19   58 8   59 36   60 2   61 8   62 16   
37  63     1 16   3 1   4 48   6 1   7 8   8 5   9 8   10 1   12 1   13 4   14 3   16 1   17 8   18 2   19 1   23 32   24 49   27 1   28 34   29 32   31 16   33 36   34 2   37 8   39 3   40 33   42 8   46 32   48 1   49 40   50 32   53 2   55 32   57 24   60 8   61 8   62 16   
38  62     0 1   1 34   2 26   6 16   7 6   8 2   10 16   11 20   12 8   15 23   17 2   18 16   19 32   20 4   21 17   22 1   24 16   27 1   28 1   29 49   32 1   35 16   39 2   40 2   42 40   44 2   45 1   46 48   47 16   50 12   51 37   53 40   54 32   55 8   56 8   57 32   60 8   62 11   
35  63     1 24   2 8   5 48   7 16   8 1   10 57   11 8   14 8   15 16   16 16   19 34   20 36   22 16   23 2   24 6   25 17   26 8   27 8   28 32   30 2   38 40   39 10   40 32   41 32   42 6   43 8   44 5   45 6   50 16   52 1   56 8   57 2   58 5   60 1   61 19   
47  61     0 4   1 16   3 32   4 32   5 8   6 8   7 16   8 3   9 2   12 5   13 41   14 2   15 32   17 1   18 10   19 9   20 9   22 8   24 16   25 48   26 4   27 8   28 50   29 1   31 36   33 2   34 16   35 32   36 5   37 4   39 1   42 13   44 12   45 16   46 56   47 4   48 50   49 32   50 18   51 32   52 48   54 24   55 53   56 2   59 4   60 34   61 16   
40  62     0 56   1 32   2 24   3 49   6 10   7 33   10 2   12 8   13 8   14 24   15 22   20 34   21 9   24 4   25 8   26 1   29 1   30 6   31 1   35 24   36 16   37 1   38 38   39 40   40 6   41 22   42 36   44 48   45 8   46 9   50 2   51 2   52 37   53 32   54 2   55 2   58 8   59 2   60 1   61 1   
33  63     0 1   2 33   3 32   4 42   5 4   7 4   10 24   14 32   20 32   21 2   22 1   26 4   28 8   30 8   33 3   34 1   35 1   37 6   39 3   40 2   43 2   45 12   46 3   49 2   51 18   52 39   53 5   54 10   56 1   58 4   59 32   60 32   61 2   
43  63     2 8   5 1   6 8   7 16   11 5   14 5   15 32   16 16   17 3   19 32   20 1   23 10   24 6   27 16   29 48   30 16   31 22   32 1   33 4   34 2   35 24   36 3   37 32   38 4   39 32   40 1   41 32   43 16   44 4   45 22   46 1   49 1   50 8   51 9   53 4   54 32   55 34   56 17   57 16   59 2   60 34   61 2   62 32   
49  62     0 1   1 4   2 42   4 8   5 8   6 4   10 29   11 16   12 21   14 16   15 4   16 24   17 6   18 2   19 1   20 5   22 2   23 12   24 34   25 6   27 4   28 17   29 36   30 44   32 32   33 24   34 32   35 32   37 12   39 33   41 32   42 19   43 32   45 32   46 32   48 4   49 2   50 18   52 8   53 4   54 16   55 32   56 8   57 8   58 6   59 20   60 32   61 8   62 16   
44  60     0 9   2 32   3 8   4 26   5 2   7 2   8 8   9 2   12 25   13 1   16 7   17 2   18 3   19 1   20 3   21 12   22 4   23 20   25 32   26 2   28 32   29 34   31 5   32 4   33 10   34 32   36 10   39 8   41 16   42 12   44 32   45 12   46 8   47 8   49 8   50 8   51 17   52 2   53 18   54 7   57 8   58 7   61 1   62 32   
48  63     0 17   1 10   2 1   3 1   4 1   5 4   6 6   7 34   8 9   9 1   13 10   14 2   17 1   18 1   19 12   20 5   21 9   23 8   24 34   25 18   29 16   30 32   31 3   33 37   34 32   35 4   36 9   37 16   38 40   39 1   40 8   41 32   42 2   44 16   45 40   46 32   47 40   49 20   51 10   52 16   53 18   54 1   55 8   56 2   57 16   59 32   60 2   61 32   
43  61     0 4   1 4   2 2   3 20   5 9   6 1   7 8   9 32   11 5   12 1   13 32   14 1   15 8   16 54   17 32   18 2   19 48   21 32   25 19   26 2   28 2   29 1   30 4   35 6   37 18   38 16   40 32   41 8   42 3   43 8   45 1   46 4   49 16   50 5   51 8   53 48   54 48   55 1   57 16   58 16   59 8   60 4   62 33   
33  60     1 18   2 4   7 48   9 4   11 6   12 36   13 1   14 16   16 17   17 2   18 16   22 8   26 5   28 1   30 1   32 52   35 33   36 16   39 1   42 2   45 52   46 4   47 17   49 32   50 14   51 20   52 7   54 1   55 16   57 4   58 8   59 8   61 8   
38  63     0 2   3 1   5 5   6 19   7 9   9 2   10 2   11 8   12 8   14 4   20 4   21 17   22 2   23 8   24 24   26 2   27 12   28 4   29 2   30 8   31 32   32 5   35 16   37 16   38 32   40 36   41 16   42 6   43 17   44 5   45 10   50 16   51 5   54 34   55 52   59 32   60 8   61 17   
41  63     3 1   4 10   5 2   6 4   7 2   8 4   9 48   10 32   11 12   12 18   13 33   14 32   15 4   17 17   18 32   19 1   20 34   22 8   23 2   24 9   25 16   26 16   28 10   30 8   31 48   32 16   33 4   37 8   42 2   43 48   46 1   47 4   49 14   51 5   52 2   53 32   55 34   56 9   57 9   58 2   61 32   
40  63     1 1   2 16   3 1   8 33   10 2   12 4   13 8   14 32   15 32   16 17   17 1   18 16   19 32   20 32   22 6   24 40   25 4   26 4   27 1   28 10   29 16   32 4   33 34   34 16   36 16   37 49   41 2   43 34   44 4   45 3   46 9   47 4   48 32   52 4   53 16   54 24   58 1   59 8   61 10   62 36   
36  63     1 6   2 8   3 48   5 16   6 4   8 1   9 6   12 8   13 2   14 16   15 16   18 2   21 32   23 16   24 38   26 48   29 8   30 4   31 32   32 32   33 6   34 32   40 32   42 1   43 32   44 36   46 1   47 2   49 16   52 2   55 1   57 49   59 2   60 40   61 8   62 8   
40  63     0 32   1 2   4 32   7 24   9 28   11 32   12 8   14 36   16 4   17 32   20 8   22 36   24 5   26 4   27 2   28 36   30 32   31 8   33 32   37 1   39 34   40 2   41 3   42 4   43 32   44 2   45 4   46 12   47 36   48 5   50 16   51 4   52 2   54 2   55 5   56 40   57 6   58 19   59 4   62 48   
43  61     0 4   1 8   2 32   5 4   7 8   8 2   9 2   10 4   12 18   13 16   14 4   17 3   18 1   20 1   21 36   23 2   24 16   26 4   28 10   29 8   33 16   34 10   35 8   36 13   38 9   40 32   41 8   42 2   43 4   44 4   45 16   47 6   49 2   50 18   52 32   54 16   55 20   56 10   58 16   59 32   60 16   61 8   62 16   
48  61     0 1   1 2   2 4   4 20   7 4   8 1   9 3   10 1   11 8   12 8   13 32   14 1   15 35   17 1   18 20   20 2   21 44   22 8   23 2   24 32   26 1   27 2   28 4   29 7   30 33   31 8   32 2   34 4   35 9   38 2   39 14   41 1   42 12   43 12   45 12   46 34   47 8   48 16   49 1   51 1   53 3   54 3   56 48   58 24   59 32   60 38   61 4   62 16   
37  63     0 35   1 32   4 32   6 2   7 8   9 2   10 16   12 4   13 36   14 3   15 2   16 20   18 5   19 2   22 34   24 16   25 4   27 9   28 1   29 32   30 40   33 24   37 40   39 1   42 32   43 8   44 8   45 8   46 4   48 32   49 32   52 38   53 8   54 8   55 40   59 32   61 16   
38  63     0 48   1 32   3 56   5 2   6 16   7 33   9 33   12 44   15 32   16 8   17 32   19 2   20 1   22 4   24 16   25 17   26 2   27 4   28 20   29 17   32 22   34 2   35 4   38 20   39 2   41 4   42 52   45 32   49 8   51 14   52 16   53 36   54 10   55 1   58 32   59 1   60 48   61 1   
47  62     0 34   2 17   3 3   4 8   5 2   6 21   7 32   8 48   9 40   11 16   16 33   17 4   18 32   19 5   20 8   21 16   22 8   23 8   24 2   25 24   27 16   28 1   30 16   31 4   32 26   33 16   35 1   37 5   38 8   39 24   40 12   42 34   43 4   44 1   45 16   47 4   49 4   53 8   54 2   55 40   56 16   57 8   58 40   59 1   60 36   61 32   62 12   
42  61     2 32   3 32   4 4   7 2   8 16   9 2   10 16   11 3   13 12   15 32   17 10   18 8   19 32   20 5   22 44   23 8   24 1   25 2   27 48   28 8   30 8   31 16   33 18   34 2   35 24   37 6   39 16   40 8   42 1   43 35   45 4   46 32   48 32   50 2   51 32   52 44   54 18   55 1   59 4   60 1   61 8   62 1   
43  61     0 2   2 32   5 2   7 34   9 36   10 1   12 2   13 1   17 4   18 16   19 4   20 4   21 33   22 8   23 4   24 32   25 17   26 32   27 10   28 33   30 5   31 9   33 10   34 34   35 8   36 18   37 16   40 4   41 8   42 8   44 5   45 5   48 40   49 26   53 1   54 2   55 1   56 17   57 16   58 2   59 48   60 36   62 57   
41  61     4 2   5 32   6 32   7 4   8 33   9 2   10 20   12 16   14 50   15 1   17 1   18 32   19 9   20 12   23 2   24 4   26 4   27 50   28 4   29 9   30 56   31 18   32 5   33 4   34 1   40 32   42 3   43 21   44 16   46 48   47 34   48 33   49 8   50 17   52 2   53 6   54 32   57 35   58 40   59 32   62 1   
50  61     0 24   2 2   3 3   5 6   6 5   7 16   8 4   9 1   10 8   11 8   12 1   15 41   16 1   17 5   18 2   19 18   20 8   21 33   22 32   24 8   25 16   27 33   28 1   29 2   31 8   32 32   33 17   35 24   36 16   38 4   39 32   40 1   41 41   42 36   44 2   45 32   46 8   47 32   48 2   49 8   50 32   51 32   52 18   53 4   54 25   55 32   56 18   58 4   59 32   60 52   
39  62     0 32   1 32   2 4   5 2   7 16   8 2   10 34   11 12   13 8   14 8   16 1   17 2   18 34   21 16   24 2   25 5   26 48   27 1   28 17   30 8   32 8   33 18   35 50   36 5   37 1   41 10   42 1   43 16   44 32   45 16   46 1   47 49   48 17   49 32   51 16   52 43   58 1   59 6   62 18   
40  61     0 8   1 4   2 32   4 8   6 32   9 41   10 1   11 1   12 21   14 4   17 2   18 20   19 32   23 50   24 2   25 4   27 34   28 33   29 17   30 2   31 4   35 1   36 4   37 1   40 2   41 16   44 40   47 4   48 4   49 40   50 4   52 1   53 1   56 4   57 16   58 56   59 9   60 16   61 32   62 16   
44  62     1 40   2 9   3 8   4 1   7 33   8 32   11 16   13 12   14 16   15 4   17 4   18 48   20 5   21 32   23 4   24 21   25 8   28 9   30 24   31 2   32 1   33 32   34 5   35 4   36 16   37 32   38 20   39 4   40 16   41 8   42 16   43 4   45 34   46 2   47 40   49 6   50 24   52 32   53 33   56 40   57 16   58 2   60 17   61 48   
38  63     0 4   2 2   3 32   5 32   10 32   11 16   13 12   14 8   15 2   16 16   18 2   19 24   21 8   25 2   27 16   29 2   30 1   31 1   33 16   35 4   36 4   37 16   38 6   40 2   41 1   42 32   44 8   47 32   48 1   51 18   53 52   54 5   55 16   56 50   59 4   60 16   61 32   62 4   
36  62     0 2   1 1   3 2   4 4   5 8   6 10   8 4   9 18   10 1   13 1   15 12   16 4   17 10   18 17   19 10   21 1   24 8   25 20   29 40   32 8   33 8   35 16   36 8   40 1   41 3   42 48   43 16   44 2   45 8   46 4   51 8   53 2   54 5   55 1   56 48   58 8   
34  61     0 16   4 32   5 8   12 4   13 26   20 8   21 1   22 8   25 18   27 5   28 4   29 32   30 10   31 4   32 33   34 48   35 1   36 24   37 8   40 33   42 6   44 16   45 8   46 5   47 5   49 14   50 16   51 4   53 24   54 1   55 36   57 48   58 40   59 1   
43  63     0 1   1 9   3 33   4 16   5 1   7 2   8 33   9 4   10 16   11 3   13 48   14 2   15 20   16 2   17 2   18 25   20 1   21 16   22 6   23 2   27 10   28 1   29 1   30 16   31 8   33 16   34 2   35 16   37 48   40 16   42 14   44 8   45 18   46 32   48 19   49 7   50 8   52 20   53 4   55 16   57 8   60 33   62 48   
36  61     1 4   4 4   6 1   8 4   11 4   14 9   16 4   18 16   21 4   22 10   23 9   24 24   25 48   26 32   27 16   29 32   30 36   32 18   33 48   35 8   36 16   37 8   38 1   42 2   43 4   44 1   45 34   47 32   48 1   50 33   51 1   52 2   54 2   55 2   61 30   62 1   
36  58     0 2   2 16   3 4   6 4   11 9   12 4   18 41   19 53   21 32   22 12   23 32   24 2   26 16   27 33   29 40   30 8   32 8   34 12   37 2   38 9   39 8   40 16   41 38   42 32   43 20   46 8   47 2   50 16   51 32   52 32   54 44   55 16   57 4   59 2   60 1   62 2   
40  63     0 6   1 18   3 4   5 2   7 3   8 32   12 9   15 1   17 2   18 1   19 32   21 4   23 38   24 9   25 8   27 32   29 4   30 24   31 2   33 1   36 1   37 2   38 32   39 2   41 48   42 6   43 2   44 6   45 40   47 44   49 32   50 16   51 32   54 16   55 41   56 8   57 33   59 2   61 2   62 16   
36  62     0 1   2 18   4 2   6 4   7 16   8 20   10 16   11 8   12 1   13 16   15 1   17 2   19 32   21 33   24 5   26 26   27 17   29 1   30 5   32 1   34 1   37 32   38 1   39 4   40 34   41 16   42 4   47 33   49 4   51 32   52 4   53 24   55 8   59 1   61 1   62 32   
36  61     1 22   3 2   4 4   5 10   6 24   7 4   14 6   15 25   16 5   18 20   19 20   20 8   21 4   22 8   24 10   25 32   26 32   28 8   29 18   32 2   33 9   35 16   36 2   37 4   43 21   44 10   45 40   46 16   47 16   48 10   49 35   50 16   52 16   56 2   57 16   59 16   
38  63     0 8   3 4   4 17   5 16   6 1   9 4   10 16   11 16   14 34   16 2   17 8   18 5   19 8   24 32   25 18   26 20   27 16   29 5   30 1   31 12   34 4   35 2   36 8   39 4   41 8   42 4   43 4   45 8   50 1   51 8   52 4   53 33   54 4   55 1   56 10   58 18   60 2   62 32   
38  62     0 4   4 32   6 18   9 16   10 17   12 2   13 8   15 8   16 1   18 34   19 2   20 40   24 8   25 16   26 16   27 22   28 1   30 16   35 2   37 8   38 4   42 8   43 8   45 2   46 1   47 50   48 32   49 16   50 5   51 8   54 32   55 33   56 24   57 8   58 32   59 17   60 32   61 20   
42  62     0 37   1 4   5 1   6 4   7 4   9 19   11 32   13 16   16 32   17 36   19 32   23 32   24 9   26 36   27 16   28 32   29 8   30 32   32 3   33 16   34 40   35 4   36 16   37 23   38 8   39 25   41 16   42 8   43 17   44 10   45 8   48 32   49 8   50 36   54 32   56 8   57 48   58 8   59 2   60 8   61 8   62 4   
47  62     0 1   1 2   2 32   3 32   5 17   6 16   7 8   8 2   9 4   10 4   11 4   12 32   13 10   16 18   17 32   18 32   19 1   20 8   21 3   22 20   24 8   25 16   26 32   27 4   28 1   29 8   30 16   32 33   33 8   35 32   36 16   37 4   38 4   39 20   40 16   42 3   44 40   47 8   49 34   50 9   52 16   53 16   54 8   55 4   56 6   61 32   62 16   
35  62     2 8   5 20   6 12   7 1   8 48   10 16   13 17   14 16   15 2   16 1   18 8   21 32   22 8   24 1   27 9   29 16   32 32   34 48   35 33   36 8   37 1   40 2   41 17   42 44   44 36   45 16   46 10   47 1   48 18   49 6   52 32   55 8   56 16   60 4   61 2   
34  59     2 48   4 20   5 32   6 3   7 3   8 12   10 4   11 34   12 4   13 1   14 13   16 1   18 2   19 24   23 1   26 4   28 3   33 34   34 1   35 8   36 4   37 21   38 48   39 16   42 8   45 1   46 1   51 36   52 17   54 9   58 2   60 16   61 40   62 16   
37  60     0 32   4 8   5 22   6 1   8 2   9 2   10 2   12 16   13 4   19 10   21 2   22 1   24 1   25 6   28 4   30 9   31 2   32 6   35 8   36 7   37 2   38 25   39 11   40 4   43 8   45 8   47 18   49 1   50 2   51 1   54 1   55 9   56 4   58 1   59 36   60 16   62 8   
39  63     2 4   4 32   6 2   9 16   10 8   12 16   13 4   19 16   20 32   21 16   22 18   23 10   24 32   25 1   26 1   27 48   28 1   31 20   32 4   35 8   36 33   37 16   38 24   39 34   40 2   41 16   42 4   43 16   44 17   45 4   46 18   50 2   52 2   54 51   56 10   58 4   59 34   60 1   62 16   
40  62     0 16   3 1   5 4   7 16   8 52   9 4   10 2   11 35   14 32   15 32   16 16   17 8   18 10   19 16   20 5   21 2   22 8   23 5   24 40   25 1   30 1   34 4   35 33   39 2   42 1   44 16   45 34   46 32   48 8   49 17   50 8   51 10   52 1   54 16   55 32   57 2   58 2   59 1   60 4   61 8   
39  62     2 1   3 4   4 16   5 4   7 32   9 2   10 12   11 32   12 20   14 1   15 1   18 1   19 32   22 5   26 4   27 3   29 32   32 16   33 8   34 4   37 16   38 3   40 40   41 8   42 32   43 1   44 16   47 1   48 8   50 1   51 9   52 32   53 1   55 32   57 8   58 16   59 8   60 17   61 32   
45  62     0 2   1 32   2 14   3 40   6 1   8 34   9 5   10 16   11 32   15 2   17 39   18 10   20 10   21 2   22 2   24 4   25 8   26 8   27 4   28 34   29 8   31 32   32 8   33 24   34 4   35 4   37 8   39 10   40 32   41 1   42 20   44 12   46 16   47 25   49 8   50 8   52 2   54 6   55 1   57 1   58 4   59 2   60 10   61 4   62 3   
47  60     0 6   1 4   2 5   3 4   6 11   7 8   9 32   10 16   11 32   12 20   13 16   15 28   16 16   18 9   19 1   20 32   24 2   25 8   26 2   27 1   28 1   29 40   31 1   32 12   33 20   34 1   35 6   36 32   37 32   38 16   39 2   40 5   41 16   42 6   45 5   46 32   48 4   52 4   53 2   54 16   55 4   56 12   58 1   59 16   60 16   61 33   62 3   
47  63     2 17   3 8   4 16   5 16   8 4   10 48   11 16   12 44   13 33   14 9   17 2   19 1   20 36   21 2   22 16   23 4   24 4   25 20   26 6   27 1   29 12   30 8   31 4   32 22   33 8   35 22   36 36   37 4   39 25   40 8   41 16   42 40   43 6   44 8   45 1   46 1   47 1   49 7   51 9   52 8   53 33   55 1   57 32   58 17   59 4   61 20   62 1   
43  63     0 8   1 33   2 5   3 52   4 32   6 33   7 14   9 6   10 16   11 48   14 4   15 4   16 1   17 2   18 8   19 2   20 16   21 32   22 4   26 4   28 32   30 33   32 32   34 1   36 33   39 32   40 6   41 4   42 32   43 56   44 40   48 2   49 1   50 4   51 16   52 16   54 2   55 17   56 48   57 5   60 8   61 34   62 16   
40  62     0 2   1 1   4 2   7 1   9 40   10 8   11 4   13 34   14 2   15 1   16 24   17 32   19 20   20 2   21 4   22 32   23 16   24 2   25 18   28 48   29 3   31 4   32 8   34 16   35 48   38 5   42 8   44 19   45 32   47 36   48 2   50 16   51 2   52 2   54 32   55 4   56 8   57 8   61 6   62 4   
33  63     0 16   5 35   7 1   8 8   9 24   10 32   12 1   13 32   14 24   18 8   23 3   26 16   31 40   32 30   33 16   35 4   36 4   37 4   38 1   39 16   42 16   44 4   46 16   47 8   48 16   49 2   50 32   51 10   52 36   56 2   57 1   59 8   60 2   
37  61     0 2   1 2   2 8   3 18   5 4   7 20   8 32   9 38   15 8   16 16   19 40   20 1   22 25   23 9   24 41   25 6   26 4   29 26   34 6   35 22   36 4   37 6   39 8   40 4   42 3   43 3   44 8   47 18   48 2   50 2   51 8   52 2   53 48   54 8   55 10   57 34   59 36   
31  61     0 10   1 13   2 1   4 2   5 28   8 6   10 12   12 2   14 1   15 18   21 32   22 4   23 6   25 2   27 10   28 4   29 24   30 2   34 34   35 16   39 48   42 32   45 1   46 1   47 16   48 16   49 9   56 8   58 40   60 1   62 48   
45  62     1 1   3 8   4 1   8 32   9 13   10 5   11 24   12 6   13 42   15 4   16 16   19 16   20 8   21 1   22 1   25 32   27 1   28 8   30 6   32 1   33 2   36 24   37 32   39 34   40 1   41 32   42 40   43 16   44 11   46 2   47 32   48 4   49 4   50 32   51 10   52 20   53 16   54 1   55 13   56 5   57 2   58 16   60 1   61 24   62 16   
40  63     1 2   4 33   5 4   7 32   9 16   12 34   13 16   15 2   16 48   17 32   18 10   20 1   21 32   23 2   24 34   25 6   26 5   27 16   30 18   31 22   32 1   33 1   35 2   36 4   37 4   38 16   39 8   41 32   42 4   44 32   48 4   50 9   53 1   54 2   56 2   57 2   58 20   59 2   60 4   62 2   
39  61     2 32   5 32   6 33   10 21   13 2   14 4   17 40   18 9   19 32   20 5   21 4   22 1   23 48   24 32   27 1   29 25   30 6   31 6   34 10   35 1   38 33   39 16   40 34   41 2   42 16   43 24   44 32   45 33   46 8   47 2   48 6   50 32   52 8   54 3   56 1   57 16   58 38   59 10   62 1   
42  63     0 8   1 4   2 3   3 4   5 8   6 1   10 24   11 48   14 4   15 20   16 36   17 2   18 1   19 32   20 33   22 36   23 2   24 34   25 18   26 2   28 32   29 32   31 10   33 40   35 34   37 1   39 2   40 8   42 9   45 40   46 4   49 32   50 34   51 16   52 32   53 32   54 17   56 11   57 2   59 32   61 44   62 10   
37  61     1 2   2 40   4 32   6 32   8 8   10 36   11 1   12 8   13 16   16 7   17 1   21 49   22 4   26 32   27 18   29 13   30 2   32 4   34 1   35 16   36 32   37 32   39 8   41 4   42 4   44 4   45 2   46 25   47 8   51 9   52 4   54 1   56 1   57 40   59 11   61 32   62 2   
42  62     0 9   1 16   3 6   4 2   5 32   6 16   8 22   9 1   10 33   11 40   12 48   13 4   15 3   16 1   18 16   19 10   20 9   22 2   23 16   25 12   27 8   29 4   30 2   32 42   33 38   35 7   36 10   38 8   41 4   42 4   44 1   45 32   48 44   49 16   50 24   51 16   52 32   53 13   54 4   57 2   58 32   59 48   
35  61     0 2   1 2   2 32   4 16   5 4   9 24   11 2   15 2   16 8   17 16   19 2   20 6   21 8   26 2   28 2   30 8   32 32   33 10   34 32   35 1   37 49   38 2   41 34   42 20   43 36   46 8   49 44   51 1   52 1   53 32   54 16   55 12   56 1   58 48   60 8   
49  61     0 34   1 9   2 13   3 1   4 32   6 4   8 16   9 8   13 38   14 8   15 2   16 4   18 32   19 41   20 32   21 48   22 4   23 50   24 2   25 9   26 16   27 16   28 48   29 2   30 40   31 1   32 5   34 16   35 4   36 20   37 16   38 8   39 8   40 24   41 8   42 24   44 38   45 1   46 5   47 4   48 18   49 6   51 8   54 5   55 49   56 10   58 36   60 9   62 8   
39  63     0 40   1 4   2 56   3 48   4 40   5 10   11 49   13 49   14 16   16 2   18 2   19 4   21 18   22 1   23 34   24 16   26 16   27 16   28 16   29 24   30 8   31 16   33 8   37 16   39 32   40 8   41 33   42 32   43 4   48 11   49 1   50 20   51 40   55 24   56 8   57 40   59 36   60 20   61 16   
35  62     0 5   2 49   3 2   4 12   6 54   8 36   11 8   14 8   15 8   19 16   20 16   22 3   24 4   25 6   26 1   27 13   30 16   31 16   33 3   37 8   38 2   43 2   44 16   45 5   46 16   47 3   48 20   49 2   50 8   51 1   53 48   54 7   58 18   59 8   62 12   
38  61     0 4   2 8   3 16   5 16   6 2   8 34   10 16   11 24   13 1   14 2   16 16   17 4   19 2   21 9   22 40   23 9   24 16   27 4   29 22   32 32   33 1   34 40   35 16   36 8   37 1   39 48   43 48   44 4   45 2   46 24   48 4   49 19   52 17   53 1   58 18   60 32   61 8   62 32   
36  61     0 32   1 1   3 2   6 16   9 16   11 16   14 8   16 16   17 4   19 1   21 2   24 8   25 16   29 8   30 2   33 1   35 6   36 40   38 10   40 32   42 16   43 8   45 4   47 2   48 32   50 8   51 16   52 1   53 40   55 4   56 2   58 16   59 16   60 18   61 16   62 2   
31  59     2 10   5 8   7 5   10 4   11 1   12 6   15 16   16 20   17 4   18 22   21 17   22 32   27 2   28 4   29 32   30 16   35 40   36 12   37 8   44 2   45 18   49 16   50 16   51 4   54 16   55 34   57 36   59 4   60 40   61 29   62 1   
39  61     0 2   1 8   2 32   4 4   5 1   6 2   7 3   8 32   9 5   10 32   11 33   12 3   14 8   15 2   18 4   19 16   24 18   28 6   29 16   30 12   31 1   32 24   33 34   34 32   35 8   36 40   37 3   40 8   41 4   42 32   43 1   44 48   46 1   49 12   50 14   51 2   55 16   59 6   62 36   
35  61     1 1   3 8   4 2   8 11   11 48   14 4   18 1   19 32   20 33   21 4   22 34   23 34   27 32   29 40   30 40   32 8   33 24   34 36   37 32   38 32   39 32   41 20   43 32   48 3   49 2   50 16   51 8   52 5   53 16   55 8   56 8   57 20   58 16   59 36   60 32   
39  61     1 19   5 8   7 16   9 8   12 40   13 2   14 32   16 20   18 40   19 5   20 42   21 32   22 2   23 16   24 17   26 50   27 16   28 9   30 20   31 4   32 32   33 16   34 32   35 16   36 8   37 12   41 24   43 8   45 4   46 1   47 14   48 4   49 33   50 16   52 22   54 1   55 4   56 1   58 2   
40  62     0 2   2 16   3 2   4 32   7 34   8 21   9 1   10 4   11 2   12 4   13 16   14 8   16 3   18 2   19 1   20 4   21 4   25 16   27 8   29 8   31 45   32 17   33 2   34 8   38 2   39 12   42 8   43 9   45 2   46 20   48 20   49 4   50 2   51 4   52 5   53 2   55 8   58 4   60 3   62 19   
38  62     0 40   2 16   5 48   6 4   8 8   9 1   10 1   11 2   13 16   14 1   15 10   16 17   21 3   23 16   25 34   26 10   29 4   31 32   32 32   34 8   35 1   37 33   39 4   40 40   41 2   42 6   44 6   47 16   50 32   52 8   53 32   54 32   55 6   56 1   58 24   59 16   60 8   61 4   
42  63     0 10   1 8   4 40   5 16   8 18   9 16   10 4   13 2   15 38   16 17   17 20   18 2   19 16   20 9   22 36   23 2   25 4   29 4   30 32   31 16   34 4   35 1   36 16   38 16   39 2   40 8   42 18   43 32   44 32   45 16   47 8   48 8   49 8   51 17   53 5   54 16   55 12   57 34   58 2   59 16   60 2   62 2   
38  61     1 32   5 1   8 24   9 16   11 1   12 16   14 35   15 33   16 4   18 32   19 37   20 4   21 2   22 4   26 8   27 2   28 8   31 4   32 4   33 4   34 20   35 16   37 32   38 16   39 4   40 16   41 33   44 8   46 8   47 4   48 2   49 6   50 17   52 12   57 8   58 48   61 9   62 48   
44  63     0 8   1 18   3 4   5 3   6 32   11 1   12 4   13 1   14 14   17 1   18 3   20 2   21 33   23 1   24 2   25 2   26 1   27 32   28 18   29 8   30 2   32 8   33 36   34 32   35 8   38 8   40 2   41 16   42 2   43 4   44 24   45 1   46 8   48 1   50 17   52 34   53 16   54 9   55 10   57 40   58 4   60 8   61 8   62 8   
42  61     0 32   1 9   4 1   5 8   7 33   8 4   11 5   12 4   13 9   14 8   16 1   17 34   18 9   19 25   21 9   22 34   23 16   25 35   26 32   27 2   28 1   29 18   30 32   31 8   32 8   33 52   34 16   35 1   36 1   37 4   38 16   39 16   41 16   42 32   45 16   47 4   49 35   51 16   52 4   60 16   61 3   62 24   
The following result corresponding the SNR point : 4.25 dB.
42  61     0 4   1 20   2 16   3 5   4 32   6 32   7 32   8 32   13 32   14 4   16 2   17 36   20 8   22 16   23 8   24 2   25 8   26 1   28 4   30 32   32 4   33 4   34 17   36 3   37 13   38 32   39 33   40 4   42 1   43 2   44 2   45 16   46 8   48 16   50 1   51 4   53 10   56 36   57 8   58 2   59 6   61 1   
41  62     0 8   2 16   3 16   5 32   6 8   11 33   14 11   15 48   16 20   18 6   19 1   22 4   23 1   24 12   25 4   26 40   28 2   30 16   31 32   32 18   34 2   35 5   37 24   38 1   39 8   40 8   43 42   44 32   45 17   46 20   48 2   49 16   50 4   51 8   52 32   54 9   55 32   57 2   58 1   59 1   61 3   
40  63     0 1   1 2   3 32   8 2   9 2   11 8   14 4   15 34   16 16   17 16   18 2   19 1   20 18   22 16   23 32   24 2   25 4   26 8   29 2   30 12   31 32   32 2   33 16   35 4   36 10   38 2   40 1   42 36   43 6   45 1   47 8   49 4   50 8   51 32   52 10   54 8   57 8   58 4   60 36   61 1   
43  62     0 34   1 4   2 32   3 36   5 16   6 16   7 6   8 4   10 36   11 1   12 16   14 32   15 34   16 4   19 4   20 21   21 19   22 48   28 2   29 10   30 22   32 1   33 16   34 9   36 16   37 2   38 34   41 18   42 18   43 4   46 32   47 16   48 1   49 40   50 16   54 4   55 1   56 32   57 36   59 3   60 48   61 18   62 17   
