row_number
128
col_number
256
rank
128
ary
256
*****1's_location/per_row****
0   4  0   42     64   108     128   215     196   236   
1   4  1   45     65   170     129   4     197   34   
2   4  2   188     66   240     130   96     192   96   
3   4  3   77     66   253     131   17     198   237   
4   4  4   191     65   213     132   238     199   82   
5   4  5   7     67   70     133   78     200   154   
6   4  6   38     68   143     134   82     201   102   
7   4  7   84     69   6     135   93     202   52   
8   4  3   237     70   64     136   85     203   23   
9   4  8   168     71   35     137   206     204   205   
10   4  9   144     72   97     138   213     205   244   
11   4  10   79     73   75     139   97     206   62   
12   4  11   204     74   239     140   48     207   105   
13   5  12   23     75   118     141   148     208   110     253   54   
14   4  13   52     76   245     142   14     164   77   
15   5  14   231     77   6     143   58     209   34     253   17   
16   4  15   116     78   18     144   140     210   209   
17   4  16   162     64   91     145   81     211   100   
18   4  17   146     79   51     135   217     212   247   
19   4  18   169     80   234     146   250     213   129   
20   4  19   115     81   65     147   142     214   111   
21   4  20   122     82   237     136   162     215   44   
22   4  21   115     83   55     148   147     200   104   
23   4  18   183     77   119     132   54     216   43   
24   4  22   235     84   222     149   244     217   6   
25   4  23   50     85   79     150   10     218   241   
26   4  24   208     86   12     148   54     198   202   
27   4  25   177     85   186     151   150     219   203   
28   4  25   151     87   220     152   3     220   19   
29   4  26   253     88   193     147   17     221   31   
30   4  27   237     84   22     153   171     222   33   
31   4  28   196     89   20     144   207     223   68   
32   4  29   66     90   131     129   112     224   50   
33   4  30   197     91   116     154   253     214   102   
34   4  31   158     92   118     155   158     224   48   
35   4  0   214     80   184     156   156     225   240   
36   4  32   80     93   69     157   252     226   229   
37   4  33   48     94   212     158   222     227   26   
38   5  34   94     94   99     159   136     217   207     250   148   
39   4  35   126     95   71     160   240     218   85   
40   4  23   138     96   129     131   109     228   56   
41   4  36   217     97   33     160   126     225   92   
42   4  36   237     75   195     161   56     210   7   
43   4  37   52     98   64     162   250     195   34   
44   5  38   5     99   122     163   145     229   54     254   215   
45   4  39   154     100   144     164   16     230   219   
46   4  4   23     82   213     165   159     231   104   
47   4  40   169     68   44     166   213     232   127   
48   5  41   31     101   243     167   119     228   80     242   30   
49   4  10   222     93   66     168   112     233   201   
50   4  42   150     102   200     169   192     234   104   
51   4  43   214     103   105     133   44     169   235   
52   4  35   225     104   200     158   63     235   136   
53   4  44   86     105   34     141   64     212   179   
54   4  31   58     83   245     143   69     236   54   
55   4  45   211     106   199     157   244     237   181   
56   4  15   162     71   9     170   237     238   210   
57   4  38   144     107   215     171   128     203   73   
58   4  46   163     108   179     166   53     239   174   
59   4  41   210     109   86     172   78     240   54   
60   4  40   72     101   181     128   194     204   32   
61   4  47   37     110   138     173   85     222   48   
62   4  16   166     72   184     174   207     241   98   
63   4  48   42     111   6     175   129     229   35   
64   4  14   253     99   130     176   142     242   207   
65   4  43   124     112   123     177   37     237   77   
66   4  49   90     113   243     159   172     243   98   
67   4  50   165     76   231     173   3     216   51   
68   4  42   216     111   94     156   95     244   12   
69   4  51   154     92   142     139   100     245   211   
70   4  37   104     87   158     178   131     231   213   
71   4  52   86     105   59     179   62     246   58   
72   4  53   43     114   143     180   78     240   90   
73   4  54   115     90   222     181   105     247   87   
74   4  55   220     115   74     150   133     247   6   
75   4  6   101     116   120     180   230     248   47   
76   4  12   78     88   56     182   211     249   44   
77   4  55   184     117   75     183   184     213   215   
78   4  56   242     103   113     161   35     215   110   
79   5  44   98     118   232     172   200     234   194     251   246   
80   4  30   238     119   17     171   237     220   41   
81   4  46   9     69   218     184   216     209   235   
82   4  29   10     120   227     167   207     223   17   
83   5  48   177     81   24     142   234     246   131     255   76   
84   4  45   164     78   148     185   99     190   48   
85   5  56   36     115   234     186   217     230   17     239   179   
86   4  26   187     89   188     187   227     250   65   
87   4  49   247     121   78     176   245     193   122   
88   4  57   181     113   51     151   209     208   12   
89   4  7   60     97   240     188   28     245   175   
90   4  58   169     118   135     170   145     199   186   
91   4  59   156     86   250     189   182     251   154   
92   4  9   140     122   228     155   129     235   249   
93   4  60   173     96   216     179   109     205   252   
94   4  52   3     98   56     146   213     252   80   
95   4  19   135     116   70     165   10     247   120   
96   4  17   148     100   15     152   104     244   21   
97   4  28   93     107   248     153   124     183   18   
98   4  61   179     70   141     185   234     246   119   
99   4  8   108     123   216     178   43     236   66   
100   5  1   144     95   233     189   213     243   20     255   183   
101   5  5   76     114   14     140   140     219   59     254   138   
102   4  27   57     124   157     184   149     248   148   
103   4  62   166     110   54     181   31     244   27   
104   4  33   78     91   143     145   138     253   177   
105   4  50   60     104   251     190   63     254   201   
106   4  62   229     74   120     138   246     250   101   
107   4  2   236     123   234     182   77     207   6   
108   4  34   27     125   78     137   146     226   56   
109   4  20   141     124   180     174   146     194   205   
110   5  59   225     117   86     134   57     206   20     249   219   
111   4  39   38     109   32     149   27     245   89   
112   4  57   154     120   137     168   240     248   254   
113   4  21   160     79   210     187   203     196   251   
114   4  11   238     121   206     188   142     252   86   
115   4  58   168     122   41     186   171     221   142   
116   4  63   138     108   59     130   64     227   25   
117   5  54   10     119   233     177   2     232   241     252   173   
118   4  22   253     67   195     191   76     197   128   
119   4  53   20     106   54     162   179     211   216   
120   4  24   18     125   173     175   124     241   117   
121   4  51   168     112   2     192   251     255   141   
122   4  32   245     126   101     154   83     202   212   
123   4  63   186     127   182     163   197     233   172   
124   4  61   37     102   48     193   244     201   101   
125   4  13   211     73   135     194   99     238   89   
126   4  60   96     126   197     191   48     249   60   
127   4  47   46     127   119     195   89     251   239   
*****1's_location/per_col****
0   129  0   1     128   1     129   100     130   156     131   236     132   99     133   250     134   15     135   243     136   112     137   171     138   33     139   28     140   22     141   252     142   131     143   9     144   64     145   188     146   151     147   196     148   241     149   239     150   228     151   130     152   5     153   27     154   132     155   18     156   56     157   187     158   198     159   113     160   134     161   2     162   223     163   29     164   213     165   197     166   228     167   219     168   114     169   175     170   144     171   41     172   253     173   188     174   159     175   33     176   212     177   166     178   141     179   173     180   170     181   88     182   156     183   97     184   50     185   12     186   178     187   213     188   71     189   13     190   222     191   167     192   193     193   105     194   230     195   32     196   51     197   4     198   158     199   67     200   39     201   188     202   171     203   2     204   94     205   143     206   67     207   102     208   46     209   85     210   163     211   235     212   164     213   165     214   160     215   136     216   12     217   67     218   255     219   4     220   135     221   191     222   175     223   112     224   150     225   225     226   9     227   19     228   242     229   61     230   200     231   219     232   201     233   210     234   91     235   194     236   6     237   177     238   143     239   152     240   173     241   41     242   54     243   20     244   216     245   171     246   100     247   211     248   27     249   146     250   171     251   194     252   237     253   69     254   16     255   53   
1   129  1   1     128   93     129   105     130   146     131   231     132   6     133   104     134   25     135   217     136   190     137   212     138   15     139   82     140   68     141   254     142   32     143   177     144   151     145   40     146   135     147   159     148   74     149   120     150   56     151   9     152   113     153   206     154   173     155   244     156   95     157   93     158   54     159   121     160   29     161   147     162   40     163   102     164   186     165   88     166   90     167   106     168   136     169   239     170   247     171   116     172   182     173   45     174   10     175   2     176   115     177   94     178   64     179   51     180   19     181   13     182   146     183   149     184   186     185   77     186   51     187   180     188   248     189   189     190   222     191   118     192   99     193   227     194   145     195   234     196   62     197   59     198   1     199   223     200   170     201   87     202   29     203   147     204   165     205   73     206   197     207   250     208   27     209   135     210   162     211   202     212   66     213   10     214   246     215   69     216   196     217   195     218   70     219   122     220   50     221   110     222   239     223   190     224   119     225   166     226   123     227   184     228   146     229   163     230   210     231   253     232   21     233   225     234   32     235   100     236   168     237   221     238   13     239   169     240   124     241   213     242   129     243   42     244   62     245   212     246   42     247   28     248   206     249   81     250   212     251   150     252   56     253   107     254   87     255   187   
2   129  2   1     128   68     129   109     130   14     131   204     132   4     133   113     134   22     135   42     136   66     137   9     138   118     139   50     140   149     141   218     142   10     143   184     144   4     145   134     146   210     147   91     148   187     149   27     150   131     151   19     152   132     153   218     154   119     155   117     156   103     157   4     158   106     159   8     160   80     161   145     162   58     163   123     164   136     165   191     166   190     167   177     168   164     169   64     170   154     171   93     172   66     173   95     174   172     175   35     176   167     177   248     178   248     179   179     180   112     181   85     182   199     183   244     184   102     185   141     186   179     187   97     188   191     189   114     190   203     191   151     192   162     193   138     194   240     195   153     196   230     197   227     198   159     199   152     200   170     201   235     202   80     203   145     204   17     205   7     206   229     207   239     208   53     209   210     210   51     211   57     212   55     213   175     214   86     215   48     216   122     217   145     218   113     219   227     220   44     221   247     222   220     223   206     224   225     225   71     226   43     227   171     228   14     229   158     230   26     231   217     232   220     233   169     234   10     235   88     236   217     237   166     238   7     239   49     240   204     241   224     242   183     243   165     244   230     245   127     246   165     247   207     248   71     249   142     250   127     251   72     252   131     253   46     254   206     255   23   
3   129  3   1     128   48     129   185     130   115     131   9     132   149     133   117     134   63     135   47     136   97     137   85     138   70     139   118     140   206     141   111     142   243     143   210     144   149     145   6     146   88     147   90     148   116     149   255     150   241     151   200     152   194     153   111     154   36     155   224     156   74     157   149     158   138     159   55     160   203     161   91     162   65     163   134     164   96     165   225     166   131     167   135     168   30     169   165     170   202     171   11     172   97     173   207     174   41     175   122     176   184     177   119     178   119     179   67     180   23     181   60     182   193     183   213     184   40     185   151     186   67     187   27     188   225     189   211     190   99     191   10     192   90     193   164     194   64     195   108     196   127     197   136     198   173     199   14     200   120     201   191     202   203     203   91     204   12     205   51     206   217     207   42     208   69     209   88     210   20     211   231     212   129     213   143     214   154     215   178     216   228     217   91     218   117     219   136     220   126     221   115     222   62     223   148     224   76     225   150     226   77     227   26     228   102     229   95     230   157     231   201     232   62     233   222     234   243     235   252     236   201     237   218     238   51     239   208     240   80     241   46     242   214     243   124     244   127     245   19     246   124     247   246     248   150     249   49     250   19     251   146     252   241     253   186     254   148     255   93   
4   129  4   1     128   246     129   221     130   38     131   7     132   202     133   18     134   160     135   242     136   98     137   183     138   130     139   116     140   86     141   167     142   236     143   224     144   88     145   215     146   46     147   99     148   57     149   100     150   161     151   214     152   178     153   61     154   62     155   91     156   49     157   246     158   206     159   137     160   51     161   203     162   215     163   125     164   241     165   136     166   79     167   213     168   172     169   60     170   113     171   204     172   89     173   169     174   252     175   199     176   117     177   220     178   197     179   176     180   92     181   69     182   38     183   159     184   241     185   128     186   176     187   158     188   243     189   72     190   75     191   11     192   3     193   148     194   12     195   66     196   245     197   151     198   237     199   254     200   135     201   10     202   51     203   203     204   5     205   19     206   44     207   52     208   103     209   46     210   188     211   174     212   2     213   252     214   156     215   187     216   193     217   120     218   145     219   163     220   93     221   70     222   60     223   98     224   230     225   47     226   78     227   54     228   38     229   81     230   227     231   141     232   8     233   83     234   236     235   186     236   64     237   97     238   69     239   173     240   247     241   90     242   122     243   16     244   245     245   183     246   16     247   222     248   61     249   94     250   183     251   181     252   161     253   56     254   10     255   28   
5   129  5   1     128   152     129   70     130   62     131   181     132   123     133   58     134   57     135   186     136   80     137   4     138   37     139   189     140   161     141   140     142   69     143   35     144   214     145   19     146   122     147   128     148   71     149   99     150   191     151   149     152   160     153   140     154   242     155   65     156   3     157   152     158   89     159   246     160   18     161   253     162   19     163   127     164   45     165   60     166   235     167   2     168   95     169   227     170   25     171   72     172   80     173   251     174   169     175   155     176   59     177   192     178   138     179   177     180   244     181   190     182   62     183   77     184   212     185   52     186   177     187   203     188   60     189   94     190   201     191   53     192   151     193   158     194   54     195   11     196   15     197   163     198   195     199   220     200   97     201   85     202   18     203   253     204   164     205   31     206   107     207   167     208   162     209   122     210   215     211   78     212   17     213   205     214   218     215   14     216   168     217   253     218   58     219   174     220   114     221   41     222   68     223   6     224   16     225   252     226   109     227   182     228   62     229   20     230   180     231   232     232   68     233   5     234   69     235   228     236   26     237   145     238   190     239   217     240   30     241   199     242   202     243   136     244   15     245   4     246   136     247   209     248   252     249   229     250   4     251   21     252   191     253   193     254   85     255   238   
6   129  6   1     128   185     129   163     130   174     131   142     132   239     133   20     134   141     135   17     136   240     137   49     138   240     139   73     140   42     141   91     142   151     143   223     144   239     145   186     146   152     147   100     148   212     149   83     150   167     151   144     152   67     153   91     154   2     155   251     156   171     157   239     158   71     159   195     160   205     161   197     162   138     163   46     164   111     165   1     166   201     167   238     168   104     169   161     170   13     171   19     172   175     173   234     174   171     175   224     176   99     177   137     178   137     179   23     180   24     181   208     182   30     183   165     184   107     185   115     186   23     187   143     188   59     189   31     190   50     191   211     192   5     193   104     194   74     195   6     196   199     197   218     198   24     199   244     200   189     201   46     202   205     203   178     204   105     205   228     206   204     207   246     208   173     209   152     210   187     211   129     212   84     213   160     214   94     215   176     216   220     217   197     218   20     219   218     220   7     221   174     222   77     223   47     224   35     225   178     226   227     227   79     228   213     229   167     230   161     231   80     232   77     233   182     234   18     235   14     236   80     237   145     238   228     239   66     240   214     241   209     242   248     243   154     244   18     245   193     246   101     247   248     248   31     249   121     250   193     251   149     252   167     253   254     254   47     255   176   
7   129  7   1     128   155     129   213     130   173     131   107     132   193     133   83     134   74     135   100     136   198     137   132     138   17     139   191     140   56     141   219     142   162     143   222     144   193     145   39     146   68     147   3     148   79     149   219     150   199     151   57     152   205     153   219     154   68     155   110     156   29     157   193     158   102     159   93     160   175     161   197     162   20     163   67     164   147     165   214     166   199     167   66     168   237     169   210     170   87     171   221     172   181     173   39     174   29     175   17     176   195     177   229     178   115     179   249     180   31     181   224     182   209     183   135     184   228     185   250     186   246     187   251     188   42     189   97     190   143     191   126     192   128     193   180     194   236     195   138     196   127     197   86     198   134     199   185     200   108     201   39     202   132     203   212     204   157     205   88     206   185     207   254     208   204     209   82     210   252     211   141     212   206     213   211     214   152     215   190     216   152     217   185     218   158     219   86     220   244     221   180     222   210     223   210     224   42     225   212     226   55     227   245     228   255     229   156     230   183     231   66     232   44     233   117     234   80     235   48     236   125     237   70     238   88     239   251     240   249     241   189     242   143     243   19     244   242     245   48     246   213     247   238     248   89     249   81     250   104     251   48     252   240     253   255     254   57     255   2   
8   129  8   1     128   224     129   251     130   193     131   61     132   136     133   100     134   214     135   125     136   44     137   47     138   138     139   106     140   96     141   235     142   73     143   243     144   136     145   28     146   230     147   25     148   149     149   113     150   182     151   124     152   88     153   235     154   168     155   236     156   178     157   136     158   21     159   13     160   114     161   232     162   103     163   45     164   221     165   29     166   63     167   220     168   108     169   104     170   131     171   213     172   44     173   145     174   97     175   82     176   10     177   155     178   146     179   152     180   70     181   216     182   193     183   30     184   144     185   119     186   152     187   126     188   29     189   2     190   211     191   36     192   160     193   153     194   150     195   229     196   64     197   234     198   41     199   199     200   173     201   231     202   114     203   232     204   56     205   238     206   38     207   79     208   132     209   230     210   72     211   1     212   192     213   7     214   190     215   46     216   15     217   232     218   100     219   234     220   177     221   120     222   39     223   121     224   174     225   134     226   95     227   143     228   193     229   11     230   83     231   141     232   39     233   203     234   73     235   127     236   37     237   40     238   238     239   12     240   61     241   140     242   16     243   78     244   64     245   165     246   78     247   91     248   134     249   17     250   165     251   101     252   182     253   245     254   121     255   244   
9   129  9   1     128   158     129   66     130   251     131   97     132   104     133   165     134   90     135   219     136   154     137   236     138   228     139   168     140   196     141   129     142   65     143   126     144   167     145   218     146   153     147   204     148   199     149   115     150   17     151   79     152   54     153   130     154   107     155   252     156   77     157   12     158   208     159   148     160   119     161   28     162   78     163   166     164   34     165   194     166   17     167   118     168   134     169   212     170   179     171   163     172   143     173   38     174   184     175   211     176   44     177   170     178   21     179   200     180   226     181   55     182   251     183   116     184   33     185   72     186   114     187   34     188   141     189   70     190   64     191   164     192   250     193   4     194   13     195   221     196   100     197   56     198   231     199   181     200   247     201   38     202   236     203   28     204   19     205   1     206   181     207   94     208   137     209   113     210   156     211   57     212   182     213   184     214   142     215   35     216   72     217   181     218   147     219   56     220   121     221   52     222   212     223   154     224   151     225   39     226   126     227   242     228   213     229   123     230   132     231   118     232   138     233   8     234   37     235   232     236   36     237   96     238   9     239   195     240   200     241   11     242   25     243   216     244   100     245   236     246   66     247   6     248   130     249   175     250   236     251   232     252   111     253   145     254   224     255   11   
10   129  10   1     128   29     129   116     130   26     131   39     132   243     133   210     134   77     135   70     136   152     137   27     138   12     139   38     140   80     141   106     142   222     143   148     144   30     145   32     146   172     147   71     148   250     149   96     150   146     151   255     152   159     153   161     154   221     155   98     156   76     157   29     158   251     159   198     160   229     161   188     162   32     163   120     164   144     165   25     166   72     167   131     168   160     169   126     170   149     171   155     172   193     173   21     174   8     175   81     176   206     177   234     178   242     179   60     180   69     181   93     182   26     183   79     184   58     185   175     186   60     187   144     188   153     189   241     190   184     191   202     192   124     193   133     194   244     195   122     196   97     197   101     198   166     199   181     200   136     201   21     202   239     203   188     204   132     205   13     206   252     207   200     208   28     209   172     210   209     211   3     212   163     213   8     214   51     215   246     216   175     217   252     218   237     219   49     220   154     221   33     222   126     223   152     224   108     225   115     226   151     227   107     228   26     229   119     230   232     231   157     232   182     233   212     234   121     235   187     236   217     237   228     238   113     239   127     240   194     241   189     242   95     243   236     244   97     245   27     246   113     247   73     248   161     249   230     250   27     251   184     252   146     253   37     254   137     255   189   
11   129  11   1     128   244     129   215     130   39     131   175     132   105     133   86     134   5     135   96     136   219     137   146     138   219     139   255     140   44     141   174     142   138     143   15     144   105     145   159     146   124     147   148     148   164     149   174     150   92     151   126     152   3     153   174     154   124     155   14     156   117     157   105     158   66     159   47     160   103     161   79     162   190     163   61     164   184     165   67     166   249     167   73     168   46     169   101     170   112     171   155     172   160     173   59     174   117     175   31     176   122     177   98     178   123     179   144     180   102     181   21     182   241     183   6     184   98     185   4     186   110     187   131     188   114     189   240     190   74     191   150     192   180     193   39     194   169     195   151     196   17     197   247     198   129     199   202     200   29     201   159     202   103     203   80     204   193     205   142     206   202     207   76     208   132     209   124     210   49     211   89     212   151     213   226     214   96     215   120     216   96     217   202     218   85     219   247     220   125     221   39     222   125     223   101     224   114     225   80     226   7     227   219     228   165     229   70     230   179     231   73     232   71     233   65     234   194     235   181     236   2     237   111     238   142     239   232     240   144     241   236     242   74     243   12     244   228     245   181     246   215     247   186     248   9     249   69     250   232     251   142     252   91     253   165     254   126     255   19   
12   129  12   1     128   85     129   223     130   55     131   152     132   243     133   66     134   36     135   133     136   175     137   202     138   39     139   226     140   218     141   161     142   42     143   108     144   243     145   69     146   156     147   242     148   47     149   103     150   10     151   127     152   28     153   103     154   156     155   147     156   200     157   243     158   210     159   250     160   54     161   170     162   44     163   192     164   20     165   45     166   10     167   101     168   5     169   131     170   236     171   158     172   244     173   69     174   200     175   39     176   164     177   68     178   91     179   41     180   159     181   79     182   113     183   56     184   225     185   219     186   52     187   126     188   82     189   142     190   121     191   17     192   100     193   81     194   160     195   114     196   180     197   73     198   157     199   27     200   196     201   69     202   202     203   122     204   172     205   241     206   27     207   117     208   3     209   231     210   88     211   46     212   238     213   38     214   167     215   71     216   167     217   27     218   94     219   73     220   99     221   81     222   131     223   131     224   15     225   190     226   199     227   198     228   208     229   9     230   163     231   101     232   246     233   162     234   176     235   155     236   227     237   203     238   241     239   126     240   41     241   181     242   121     243   112     244   154     245   202     246   223     247   247     248   84     249   21     250   106     251   155     252   205     253   235     254   127     255   87   
13   129  13   1     128   170     129   146     130   27     131   227     132   118     133   112     134   39     135   65     136   230     137   79     138   215     139   125     140   141     141   196     142   167     143   49     144   86     145   82     146   208     147   21     148   184     149   246     150   212     151   161     152   87     153   83     154   91     155   94     156   115     157   170     158   236     159   20     160   186     161   249     162   82     163   69     164   124     165   231     166   62     167   169     168   7     169   160     170   101     171   26     172   165     173   48     174   154     175   217     176   142     177   145     178   34     179   172     180   189     181   14     182   27     183   143     184   73     185   44     186   172     187   124     188   178     189   222     190   180     191   195     192   8     193   76     194   32     195   237     196   162     197   239     198   226     199   55     200   207     201   48     202   136     203   249     204   24     205   131     206   43     207   107     208   254     209   208     210   140     211   252     212   251     213   154     214   135     215   111     216   44     217   93     218   32     219   47     220   78     221   6     222   160     223   230     224   33     225   35     226   205     227   144     228   27     229   110     230   57     231   255     232   203     233   149     234   17     235   72     236   22     237   238     238   14     239   244     240   89     241   173     242   166     243   116     244   162     245   79     246   139     247   106     248   83     249   70     250   79     251   180     252   212     253   75     254   155     255   173   
14   129  14   1     128   114     129   226     130   174     131   234     132   11     133   168     134   244     135   109     136   68     137   120     138   148     139   17     140   66     141   153     142   41     143   1     144   209     145   72     146   106     147   187     148   137     149   124     150   93     151   91     152   167     153   82     154   106     155   151     156   56     157   11     158   95     159   54     160   142     161   228     162   233     163   99     164   186     165   201     166   93     167   60     168   160     169   173     170   204     171   35     172   235     173   72     174   56     175   148     176   200     177   104     178   175     179   73     180   10     181   21     182   174     183   69     184   113     185   98     186   206     187   186     188   146     189   16     190   155     191   26     192   28     193   242     194   185     195   230     196   3     197   213     198   74     199   71     200   165     201   72     202   120     203   228     204   36     205   75     206   71     207   6     208   96     209   177     210   207     211   169     212   140     213   180     214   89     215   8     216   89     217   71     218   15     219   213     220   252     221   222     222   173     223   68     224   253     225   94     226   197     227   229     228   31     229   133     230   217     231   60     232   171     233   249     234   131     235   138     236   49     237   88     238   75     239   123     240   73     241   35     242   164     243   166     244   170     245   120     246   226     247   139     248   82     249   40     250   120     251   138     252   152     253   44     254   115     255   50   
15   129  15   1     128   210     129   223     130   228     131   107     132   249     133   10     134   200     135   134     136   217     137   238     138   120     139   170     140   21     141   163     142   29     143   225     144   249     145   93     146   76     147   140     148   106     149   167     150   221     151   72     152   175     153   163     154   1     155   243     156   194     157   249     158   173     159   239     160   232     161   236     162   69     163   23     164   185     165   147     166   234     167   119     168   52     169   43     170   235     171   135     172   217     173   117     174   219     175   16     176   191     177   202     178   58     179   133     180   115     181   104     182   228     183   220     184   187     185   57     186   133     187   201     188   147     189   129     190   25     191   231     192   63     193   75     194   37     195   3     196   237     197   109     198   8     199   122     200   208     201   130     202   232     203   236     204   65     205   114     206   102     207   131     208   216     209   76     210   211     211   206     212   42     213   80     214   227     215   88     216   110     217   236     218   10     219   109     220   141     221   87     222   168     223   153     224   159     225   89     226   255     227   169     228   228     229   113     230   222     231   40     232   168     233   91     234   29     235   7     236   41     237   198     238   104     239   33     240   107     241   230     242   124     243   77     244   237     245   238     246   77     247   224     248   89     249   178     250   238     251   196     252   221     253   127     254   153     255   177   
16   129  16   1     128   9     129   36     130   190     131   73     132   25     133   90     134   26     135   29     136   247     137   81     138   252     139   244     140   19     141   7     142   234     143   71     144   37     145   172     146   57     147   242     148   221     149   233     150   110     151   138     152   253     153   201     154   215     155   142     156   245     157   31     158   50     159   151     160   23     161   192     162   59     163   148     164   220     165   146     166   110     167   166     168   55     169   204     170   4     171   219     172   103     173   34     174   30     175   252     176   188     177   139     178   144     179   12     180   49     181   76     182   190     183   217     184   18     185   186     186   88     187   220     188   24     189   218     190   91     191   235     192   15     193   254     194   174     195   156     196   6     197   157     198   126     199   133     200   161     201   34     202   81     203   192     204   17     205   80     206   133     207   228     208   230     209   150     210   118     211   44     212   75     213   43     214   214     215   109     216   186     217   133     218   167     219   157     220   119     221   130     222   204     223   247     224   89     225   147     226   71     227   238     228   125     229   8     230   72     231   166     232   40     233   225     234   236     235   175     236   93     237   248     238   80     239   35     240   12     241   219     242   143     243   211     244   6     245   81     246   36     247   129     248   201     249   196     250   81     251   175     252   41     253   216     254   78     255   47   
17   129  17   1     128   161     129   234     130   118     131   55     132   154     133   11     134   218     135   192     136   116     137   129     138   116     139   187     140   202     141   201     142   160     143   117     144   154     145   125     146   224     147   102     148   144     149   201     150   79     151   183     152   31     153   201     154   220     155   145     156   189     157   154     158   149     159   41     160   7     161   80     162   146     163   111     164   172     165   110     166   35     167   188     168   148     169   54     170   156     171   28     172   84     173   81     174   189     175   218     176   113     177   32     178   32     179   185     180   249     181   53     182   128     183   147     184   38     185   223     186   185     187   89     188   10     189   238     190   51     191   135     192   203     193   148     194   9     195   121     196   140     197   190     198   249     199   209     200   106     201   218     202   7     203   42     204   109     205   127     206   105     207   13     208   196     209   224     210   19     211   119     212   137     213   88     214   2     215   246     216   199     217   80     218   11     219   190     220   23     221   118     222   30     223   1     224   243     225   42     226   104     227   194     228   117     229   79     230   134     231   44     232   171     233   143     234   114     235   46     236   44     237   217     238   127     239   94     240   185     241   91     242   51     243   60     244   250     245   95     246   8     247   35     248   238     249   84     250   245     251   124     252   79     253   90     254   1     255   246   
18   129  18   1     128   226     129   156     130   46     131   155     132   8     133   107     134   215     135   202     136   181     137   45     138   243     139   106     140   240     141   29     142   127     143   161     144   34     145   63     146   235     147   201     148   19     149   160     150   216     151   157     152   77     153   254     154   235     155   95     156   21     157   171     158   16     159   87     160   50     161   217     162   55     163   136     164   173     165   43     166   216     167   152     168   108     169   130     170   194     171   176     172   255     173   63     174   21     175   243     176   79     177   35     178   74     179   91     180   207     181   231     182   46     183   209     184   78     185   236     186   10     187   173     188   182     189   14     190   213     191   193     192   132     193   146     194   1     195   17     196   172     197   175     198   247     199   25     200   133     201   63     202   45     203   217     204   145     205   147     206   25     207   69     208   36     209   233     210   110     211   15     212   250     213   239     214   85     215   7     216   236     217   25     218   38     219   175     220   208     221   4     222   130     223   181     224   180     225   116     226   161     227   189     228   40     229   153     230   37     231   152     232   199     233   57     234   220     235   191     236   118     237   49     238   147     239   129     240   91     241   176     242   225     243   41     244   163     245   45     246   156     247   219     248   254     249   27     250   45     251   191     252   121     253   111     254   134     255   218   
19   129  19   1     128   225     129   59     130   86     131   24     132   250     133   231     134   72     135   23     136   208     137   89     138   208     139   49     140   179     141   118     142   146     143   147     144   250     145   177     146   159     147   18     148   94     149   235     150   251     151   2     152   204     153   118     154   96     155   29     156   166     157   250     158   12     159   233     160   212     161   73     162   216     163   115     164   223     165   164     166   20     167   202     168   79     169   91     170   109     171   119     172   102     173   10     174   166     175   247     176   130     177   136     178   136     179   183     180   87     181   158     182   26     183   155     184   31     185   165     186   183     187   40     188   164     189   42     190   9     191   206     192   240     193   79     194   97     195   160     196   41     197   99     198   186     199   16     200   33     201   115     202   212     203   44     204   127     205   55     206   228     207   112     208   6     209   159     210   129     211   21     212   123     213   107     214   134     215   76     216   195     217   73     218   231     219   99     220   144     221   86     222   241     223   67     224   30     225   44     226   167     227   145     228   110     229   251     230   91     231   187     232   241     233   236     234   71     235   61     236   187     237   50     238   55     239   252     240   62     241   174     242   77     243   255     244   71     245   137     246   34     247   243     248   44     249   88     250   137     251   242     252   251     253   237     254   67     255   76   
20   129  20   1     128   39     129   95     130   46     131   105     132   165     133   107     134   215     135   202     136   94     137   45     138   20     139   51     140   240     141   190     142   139     143   161     144   34     145   96     146   233     147   201     148   19     149   160     150   171     151   28     152   188     153   254     154   122     155   166     156   212     157   39     158   72     159   87     160   44     161   217     162   96     163   136     164   78     165   182     166   216     167   152     168   253     169   130     170   162     171   176     172   94     173   108     174   24     175   243     176   79     177   35     178   11     179   68     180   207     181   231     182   46     183   209     184   78     185   236     186   68     187   173     188   182     189   177     190   53     191   67     192   132     193   146     194   42     195   142     196   163     197   22     198   247     199   224     200   133     201   63     202   44     203   217     204   145     205   23     206   17     207   69     208   36     209   233     210   110     211   5     212   248     213   24     214   85     215   239     216   230     217   25     218   3     219   83     220   179     221   99     222   130     223   181     224   180     225   149     226   164     227   189     228   46     229   153     230   37     231   12     232   199     233   97     234   139     235   123     236   118     237   49     238   231     239   129     240   91     241   218     242   225     243   147     244   163     245   45     246   147     247   219     248   254     249   55     250   45     251   213     252   171     253   111     254   63     255   185   
21   129  21   1     128   226     129   80     130   146     131   155     132   171     133   38     134   63     135   85     136   181     137   168     138   181     139   124     140   26     141   160     142   127     143   40     144   171     145   180     146   235     147   183     148   16     149   160     150   252     151   174     152   77     153   160     154   86     155   141     156   21     157   171     158   195     159   75     160   244     161   177     162   55     163   182     164   173     165   43     166   240     167   136     168   94     169   6     170   194     171   247     172   255     173   44     174   21     175   63     176   102     177   74     178   74     179   91     180   207     181   188     182   53     183   170     184   35     185   236     186   91     187   129     188   187     189   30     190   213     191   193     192   135     193   94     194   1     195   250     196   172     197   175     198   207     199   25     200   101     201   63     202   244     203   241     204   145     205   147     206   223     207   79     208   239     209   235     210   159     211   15     212   250     213   45     214   39     215   167     216   85     217   177     218   38     219   175     220   209     221   146     222   208     223   157     224   116     225   241     226   66     227   134     228   40     229   252     230   92     231   152     232   89     233   93     234   220     235   191     236   152     237   133     238   147     239   68     240   91     241   151     242   213     243   189     244   117     245   217     246   156     247   240     248   30     249   255     250   29     251   41     252   252     253   10     254   157     255   167   
22   129  22   1     128   70     129   240     130   77     131   202     132   224     133   134     134   55     135   254     136   214     137   39     138   194     139   132     140   113     141   253     142   173     143   120     144   248     145   193     146   32     147   148     148   48     149   50     150   25     151   239     152   177     153   253     154   250     155   138     156   93     157   70     158   88     159   221     160   1     161   206     162   193     163   199     164   140     165   208     166   232     167   157     168   226     169   166     170   18     171   4     172   214     173   116     174   63     175   27     176   170     177   222     178   71     179   237     180   64     181   217     182   77     183   227     184   101     185   158     186   237     187   205     188   208     189   34     190   80     191   31     192   114     193   252     194   3     195   19     196   52     197   142     198   131     199   43     200   84     201   49     202   1     203   206     204   150     205   168     206   124     207   203     208   44     209   32     210   56     211   190     212   92     213   119     214   145     215   244     216   255     217   206     218   106     219   69     220   110     221   171     222   109     223   186     224   156     225   14     226   198     227   151     228   77     229   187     230   10     231   181     232   109     233   231     234   173     235   220     236   79     237   200     238   217     239   204     240   104     241   164     242   13     243   218     244   52     245   39     246   218     247   130     248   14     249   28     250   39     251   123     252   25     253   30     254   49     255   15   
23   129  23   1     128   88     129   125     130   187     131   215     132   178     133   74     134   197     135   6     136   108     137   72     138   32     139   27     140   157     141   45     142   106     143   76     144   80     145   11     146   7     147   245     148   138     149   29     150   92     151   146     152   143     153   212     154   165     155   230     156   54     157   92     158   121     159   42     160   41     161   140     162   11     163   93     164   167     165   179     166   221     167   36     168   224     169   77     170   191     171   100     172   201     173   147     174   203     175   110     176   225     177   1     178   65     179   172     180   14     181   78     182   187     183   62     184   176     185   15     186   160     187   167     188   159     189   73     190   103     191   71     192   182     193   52     194   81     195   166     196   238     197   5     198   55     199   180     200   231     201   147     202   72     203   140     204   199     205   13     206   154     207   241     208   171     209   7     210   66     211   8     212   47     213   203     214   136     215   170     216   15     217   154     218   226     219   115     220   151     221   248     222   77     223   108     224   61     225   158     226   76     227   222     228   64     229   117     230   250     231   116     232   188     233   104     234   174     235   111     236   137     237   218     238   101     239   190     240   193     241   127     242   181     243   17     244   238     245   72     246   101     247   46     248   212     249   56     250   72     251   103     252   92     253   19     254   20     255   127   
24   129  24   1     128   62     129   202     130   123     131   203     132   141     133   136     134   87     135   229     136   111     137   99     138   111     139   210     140   151     141   137     142   52     143   249     144   141     145   53     146   142     147   219     148   39     149   137     150   38     151   162     152   198     153   137     154   11     155   187     156   230     157   141     158   235     159   7     160   54     161   180     162   221     163   129     164   76     165   139     166   67     167   236     168   225     169   178     170   177     171   216     172   50     173   16     174   230     175   55     176   77     177   106     178   93     179   206     180   116     181   223     182   105     183   145     184   97     185   21     186   94     187   92     188   68     189   43     190   227     191   95     192   115     193   225     194   90     195   29     196   22     197   248     198   216     199   121     200   41     201   55     202   54     203   25     204   149     205   33     206   121     207   114     208   251     209   142     210   190     211   113     212   29     213   251     214   20     215   155     216   229     217   26     218   78     219   248     220   150     221   123     222   204     223   10     224   20     225   25     226   183     227   199     228   101     229   220     230   160     231   37     232   122     233   15     234   83     235   49     236   132     237   28     238   33     239   85     240   206     241   84     242   227     243   133     244   106     245   49     246   80     247   105     248   226     249   26     250   12     251   33     252   220     253   94     254   10     255   146   
25   129  25   1     128   38     129   152     130   129     131   14     132   44     133   97     134   73     135   160     136   143     137   1     138   78     139   234     140   111     141   35     142   47     143   193     144   187     145   205     146   144     147   32     148   216     149   74     150   243     151   19     152   40     153   94     154   155     155   87     156   201     157   230     158   88     159   179     160   227     161   120     162   205     163   214     164   251     165   28     166   243     167   142     168   247     169   241     170   65     171   18     172   20     173   82     174   116     175   239     176   199     177   48     178   172     179   54     180   61     181   161     182   129     183   84     184   76     185   13     186   107     187   251     188   15     189   49     190   66     191   12     192   236     193   169     194   139     195   203     196   202     197   240     198   249     199   140     200   103     201   82     202   1     203   120     204   41     205   109     206   255     207   224     208   166     209   144     210   252     211   157     212   67     213   116     214   184     215   150     216   13     217   255     218   173     219   240     220   146     221   77     222   241     223   143     224   4     225   63     226   193     227   163     228   156     229   5     230   45     231   53     232   17     233   79     234   86     235   223     236   136     237   99     238   34     239   113     240   137     241   248     242   188     243   23     244   202     245   1     246   34     247   115     248   94     249   244     250   1     251   66     252   230     253   119     254   231     255   248   
26   129  26   1     128   224     129   84     130   11     131   94     132   192     133   130     134   201     135   49     136   85     137   102     138   177     139   82     140   220     141   248     142   100     143   70     144   192     145   90     146   254     147   92     148   236     149   99     150   13     151   132     152   71     153   99     154   254     155   123     156   54     157   192     158   129     159   181     160   35     161   221     162   148     163   107     164   26     165   188     166   13     167   51     168   136     169   193     170   255     171   174     172   24     173   90     174   54     175   177     176   112     177   114     178   77     179   28     180   134     181   87     182   11     183   142     184   42     185   244     186   115     187   172     188   56     189   20     190   116     191   146     192   27     193   64     194   208     195   81     196   202     197   167     198   214     199   159     200   203     201   90     202   102     203   12     204   45     205   144     206   159     207   137     208   120     209   218     210   53     211   196     212   175     213   153     214   8     215   10     216   8     217   159     218   197     219   167     220   195     221   103     222   193     223   193     224   133     225   199     226   179     227   155     228   209     229   117     230   168     231   51     232   72     233   128     234   106     235   38     236   122     237   78     238   144     239   172     240   28     241   226     242   116     243   1     244   14     245   102     246   84     247   96     248   200     249   34     250   182     251   38     252   190     253   39     254   132     255   176   
27   129  27   1     128   254     129   147     130   55     131   31     132   125     133   66     134   36     135   133     136   51     137   202     138   104     139   150     140   218     141   59     142   74     143   199     144   228     145   214     146   193     147   120     148   47     149   103     150   243     151   1     152   102     153   84     154   48     155   128     156   217     157   254     158   6     159   250     160   106     161   170     162   214     163   183     164   225     165   82     166   10     167   101     168   169     169   131     170   58     171   181     172   51     173   5     174   83     175   39     176   65     177   68     178   148     179   213     180   159     181   79     182   55     183   195     184   129     185   219     186   213     187   20     188   82     189   21     190   113     191   146     192   100     193   81     194   190     195   80     196   154     197   53     198   157     199   8     200   196     201   69     202   106     203   170     204   172     205   149     206   114     207   117     208   3     209   193     210   88     211   26     212   179     213   187     214   167     215   38     216   239     217   27     218   253     219   64     220   72     221   43     222   131     223   175     224   15     225   22     226   221     227   198     228   55     229   197     230   163     231   211     232   246     233   118     234   74     235   144     236   227     237   203     238   79     239   126     240   41     241   87     242   168     243   241     244   154     245   202     246   241     247   247     248   22     249   44     250   202     251   121     252   243     253   248     254   69     255   124   
28   129  28   1     128   107     129   143     130   147     131   83     132   126     133   202     134   115     135   222     136   192     137   128     138   138     139   48     140   153     141   173     142   30     143   149     144   223     145   114     146   18     147   205     148   8     149   238     150   44     151   117     152   218     153   238     154   18     155   40     156   46     157   126     158   27     159   171     160   196     161   214     162   241     163   172     164   88     165   166     166   44     167   64     168   22     169   49     170   93     171   188     172   198     173   114     174   46     175   138     176   187     177   37     178   6     179   231     180   235     181   94     182   147     183   169     184   201     185   206     186   106     187   88     188   211     189   165     190   154     191   78     192   23     193   42     194   250     195   225     196   162     197   177     198   69     199   98     200   237     201   114     202   128     203   99     204   57     205   208     206   98     207   89     208   249     209   38     210   255     211   95     212   243     213   221     214   66     215   220     216   66     217   98     218   16     219   177     220   175     221   207     222   49     223   192     224   58     225   142     226   20     227   67     228   181     229   213     230   3     231   64     232   104     233   84     234   227     235   170     236   103     237   215     238   208     239   34     240   231     241   245     242   154     243   79     244   253     245   128     246   143     247   63     248   60     249   139     250   128     251   170     252   56     253   229     254   117     255   197   
29   129  29   1     128   192     129   72     130   225     131   146     132   62     133   180     134   52     135   177     136   243     137   162     138   243     139   245     140   212     141   207     142   201     143   92     144   62     145   68     146   179     147   113     148   167     149   207     150   220     151   102     152   231     153   207     154   179     155   1     156   60     157   62     158   100     159   254     160   63     161   130     162   118     163   48     164   165     165   57     166   38     167   53     168   64     169   133     170   8     171   45     172   206     173   227     174   60     175   229     176   222     177   11     178   61     179   24     180   98     181   141     182   244     183   211     184   11     185   105     186   176     187   70     188   90     189   169     190   182     191   203     192   30     193   64     194   65     195   150     196   228     197   39     198   252     199   23     200   95     201   68     202   63     203   103     204   34     205   160     206   23     207   101     208   170     209   179     210   139     211   232     212   150     213   170     214   177     215   218     216   177     217   23     218   83     219   39     220   238     221   225     222   238     223   9     224   178     225   103     226   142     227   243     228   250     229   13     230   144     231   81     232   80     233   131     234   197     235   67     236   186     237   237     238   160     239   194     240   24     241   171     242   182     243   193     244   121     245   67     246   72     247   31     248   205     249   234     250   194     251   160     252   167     253   250     254   9     255   94   
30   129  30   1     128   7     129   213     130   2     131   190     132   6     133   220     134   45     135   71     136   77     137   118     138   77     139   84     140   81     141   183     142   174     143   119     144   6     145   19     146   187     147   64     148   237     149   183     150   134     151   148     152   27     153   183     154   187     155   126     156   250     157   6     158   104     159   1     160   120     161   13     162   39     163   200     164   17     165   97     166   98     167   83     168   246     169   106     170   215     171   253     172   201     173   254     174   250     175   231     176   122     177   151     178   132     179   100     180   113     181   241     182   42     183   54     184   85     185   36     186   57     187   239     188   110     189   35     190   32     191   82     192   125     193   246     194   136     195   91     196   153     197   28     198   253     199   212     200   245     201   19     202   120     203   234     204   135     205   138     206   212     207   22     208   161     209   187     210   164     211   171     212   91     213   161     214   71     215   159     216   71     217   212     218   199     219   28     220   58     221   2     222   178     223   169     224   79     225   234     226   63     227   77     228   228     229   76     230   66     231   59     232   105     233   115     234   156     235   116     236   18     237   48     238   138     239   251     240   100     241   223     242   32     243   121     244   151     245   116     246   33     247   42     248   75     249   87     250   251     251   138     252   76     253   228     254   169     255   139   
31   129  31   1     128   37     129   108     130   113     131   183     132   147     133   178     134   104     135   163     136   11     137   214     138   11     139   93     140   159     141   216     142   24     143   79     144   147     145   195     146   227     147   134     148   248     149   216     150   189     151   92     152   177     153   216     154   230     155   33     156   211     157   147     158   213     159   59     160   179     161   12     162   102     163   78     164   25     165   115     166   180     167   238     168   232     169   138     170   29     171   246     172   248     173   49     174   211     175   104     176   194     177   243     178   243     179   39     180   220     181   205     182   235     183   91     184   125     185   161     186   39     187   40     188   143     189   152     190   67     191   88     192   162     193   232     194   200     195   55     196   209     197   148     198   220     199   218     200   47     201   104     202   179     203   124     204   52     205   185     206   192     207   60     208   228     209   227     210   176     211   76     212   55     213   249     214   122     215   154     216   163     217   12     218   178     219   148     220   68     221   113     222   140     223   61     224   83     225   124     226   253     227   106     228   54     229   189     230   101     231   242     232   170     233   173     234   133     235   136     236   222     237   47     238   185     239   119     240   39     241   190     242   67     243   5     244   155     245   74     246   245     247   180     248   152     249   248     250   221     251   254     252   189     253   131     254   61     255   154   
32   129  32   1     128   67     129   17     130   100     131   197     132   153     133   164     134   235     135   33     136   104     137   187     138   237     139   26     140   168     141   46     142   73     143   133     144   63     145   226     146   160     147   254     148   240     149   59     150   125     151   116     152   79     153   146     154   53     155   152     156   52     157   125     158   47     159   142     160   16     161   209     162   226     163   252     164   222     165   24     166   111     167   211     168   185     169   4     170   90     171   20     172   169     173   245     174   182     175   119     176   56     177   129     178   70     179   126     180   93     181   154     182   100     183   72     184   134     185   220     186   126     187   222     188   183     189   58     190   138     191   99     192   167     193   43     194   190     195   95     196   228     197   191     198   181     199   184     200   25     201   245     202   5     203   209     204   244     205   50     206   8     207   192     208   156     209   160     210   216     211   124     212   49     213   182     214   239     215   29     216   220     217   8     218   166     219   76     220   203     221   61     222   4     223   104     224   214     225   54     226   133     227   241     228   100     229   109     230   34     231   236     232   196     233   86     234   35     235   246     236   110     237   207     238   149     239   219     240   213     241   14     242   57     243   121     244   228     245   187     246   149     247   176     248   146     249   108     250   187     251   138     252   125     253   102     254   198     255   14   
33   129  33   1     128   159     129   32     130   13     131   252     132   23     133   156     134   118     135   34     136   27     137   18     138   27     139   207     140   93     141   64     142   148     143   154     144   23     145   72     146   110     147   189     148   172     149   64     150   112     151   21     152   217     153   64     154   215     155   38     156   91     157   23     158   89     159   136     160   49     161   166     162   79     163   238     164   224     165   229     166   96     167   80     168   117     169   84     170   45     171   196     172   102     173   65     174   91     175   149     176   60     177   144     178   125     179   119     180   141     181   234     182   233     183   175     184   71     185   202     186   4     187   161     188   78     189   85     190   208     191   216     192   163     193   117     194   83     195   100     196   179     197   70     198   196     199   168     200   240     201   237     202   49     203   51     204   248     205   94     206   168     207   127     208   63     209   110     210   173     211   6     212   100     213   63     214   22     215   164     216   34     217   168     218   69     219   70     220   129     221   13     222   210     223   11     224   22     225   51     226   19     227   27     228   16     229   147     230   176     231   9     232   209     233   128     234   33     235   31     236   101     237   184     238   94     239   211     240   119     241   25     242   208     243   185     244   144     245   31     246   88     247   233     248   12     249   74     250   211     251   94     252   147     253   4     254   11     255   214   
34   129  34   1     128   204     129   177     130   55     131   54     132   89     133   248     134   112     135   98     136   137     137   5     138   137     139   101     140   158     141   127     142   147     143   144     144   89     145   20     146   205     147   174     148   159     149   127     150   24     151   138     152   219     153   127     154   216     155   217     156   246     157   89     158   27     159   178     160   128     161   39     162   155     163   51     164   48     165   108     166   206     167   169     168   68     169   18     170   134     171   58     172   166     173   152     174   246     175   116     176   183     177   40     178   47     179   151     180   201     181   136     182   188     183   171     184   240     185   57     186   187     187   168     188   124     189   245     190   87     191   60     192   123     193   68     194   157     195   117     196   173     197   23     198   58     199   36     200   230     201   7     202   128     203   83     204   141     205   170     206   36     207   252     208   131     209   205     210   120     211   104     212   117     213   131     214   190     215   244     216   98     217   199     218   35     219   23     220   25     221   55     222   132     223   95     224   190     225   83     226   226     227   92     228   214     229   28     230   153     231   140     232   176     233   254     234   86     235   50     236   146     237   242     238   170     239   99     240   151     241   90     242   87     243   21     244   40     245   50     246   194     247   188     248   208     249   199     250   106     251   170     252   28     253   187     254   95     255   63   
35   129  35   1     128   151     129   102     130   69     131   164     132   113     133   255     134   64     135   198     136   109     137   189     138   84     139   195     140   215     141   228     142   202     143   57     144   130     145   118     146   231     147   62     148   26     149   154     150   19     151   37     152   191     153   75     154   190     155   119     156   184     157   151     158   222     159   3     160   96     161   220     162   118     163   50     164   51     165   80     166   127     167   208     168   179     169   24     170   193     171   120     172   209     173   177     174   147     175   47     176   144     177   33     178   137     179   25     180   211     181   123     182   69     183   173     184   51     185   242     186   25     187   254     188   149     189   156     190   46     191   87     192   245     193   250     194   243     195   223     196   98     197   165     198   153     199   183     200   86     201   4     202   30     203   220     204   2     205   172     206   65     207   186     208   111     209   231     210   234     211   21     212   166     213   147     214   88     215   78     216   216     217   48     218   243     219   181     220   128     221   142     222   24     223   109     224   206     225   180     226   44     227   28     228   69     229   115     230   204     231   82     232   162     233   213     234   202     235   29     236   121     237   152     238   123     239   224     240   196     241   36     242   150     243   11     244   98     245   189     246   89     247   135     248   75     249   117     250   189     251   27     252   19     253   73     254   4     255   36   
36   129  36   1     128   4     129   141     130   74     131   151     132   214     133   207     134   60     135   235     136   221     137   150     138   132     139   112     140   88     141   155     142   54     143   68     144   214     145   202     146   42     147   190     148   227     149   155     150   183     151   50     152   20     153   155     154   42     155   72     156   70     157   214     158   63     159   217     160   34     161   99     162   91     163   33     164   115     165   51     166   183     167   75     168   213     169   134     170   122     171   250     172   211     173   202     174   70     175   132     176   2     177   162     178   14     179   142     180   146     181   125     182   56     183   40     184   200     185   48     186   242     187   90     188   1     189   52     190   95     191   166     192   35     193   185     194   191     195   128     196   204     197   16     198   66     199   17     200   156     201   202     202   150     203   231     204   101     205   6     206   17     207   133     208   126     209   165     210   81     211   139     212   170     213   236     214   186     215   26     216   186     217   17     218   219     219   16     220   38     221   185     222   134     223   134     224   98     225   123     226   36     227   76     228   239     229   15     230   7     231   75     232   3     233   111     234   113     235   47     236   24     237   254     238   6     239   90     240   142     241   164     242   95     243   80     244   71     245   150     246   141     247   107     248   108     249   27     250   41     251   47     252   147     253   239     254   50     255   212   
37   129  37   1     128   139     129   22     130   240     131   63     132   166     133   39     134   147     135   234     136   207     137   138     138   2     139   250     140   24     141   19     142   37     143   205     144   5     145   251     146   50     147   144     148   43     149   16     150   28     151   203     152   113     153   74     154   149     155   228     156   233     157   204     158   81     159   33     160   84     161   193     162   251     163   20     164   56     165   126     166   28     167   69     168   14     169   21     170   183     171   65     172   90     173   124     174   247     175   98     176   214     177   216     178   88     179   195     180   100     181   96     182   240     183   103     184   11     185   188     186   10     187   56     188   181     189   82     190   52     191   54     192   225     193   68     194   221     195   224     196   106     197   159     198   49     199   76     200   60     201   124     202   138     203   193     204   62     205   17     206   42     207   215     208   241     209   50     210   169     211   142     212   190     213   247     214   134     215   41     216   188     217   42     218   86     219   159     220   186     221   129     222   21     223   207     224   18     225   109     226   205     227   105     228   4     229   152     230   44     231   69     232   194     233   136     234   110     235   186     236   94     237   46     238   153     239   111     240   212     241   187     242   148     243   217     244   106     245   138     246   153     247   102     248   74     249   141     250   138     251   52     252   204     253   116     254   70     255   187   
38   129  38   1     128   138     129   191     130   4     131   225     132   5     133   178     134   181     135   28     136   229     137   77     138   26     139   126     140   83     141   169     142   249     143   194     144   61     145   148     146   104     147   85     148   21     149   98     150   197     151   115     152   152     153   239     154   104     155   65     156   135     157   5     158   92     159   111     160   97     161   9     162   186     163   136     164   151     165   223     166   197     167   168     168   236     169   95     170   50     171   62     172   35     173   148     174   135     175   26     176   69     177   241     178   198     179   86     180   199     181   81     182   4     183   39     184   209     185   54     186   171     187   151     188   172     189   188     190   48     191   123     192   205     193   3     194   204     195   144     196   91     197   18     198   13     199   190     200   1     201   148     202   77     203   9     204   74     205   207     206   190     207   182     208   175     209   146     210   105     211   112     212   248     213   127     214   234     215   94     216   234     217   190     218   42     219   18     220   235     221   23     222   95     223   229     224   41     225   158     226   174     227   203     228   150     229   106     230   99     231   168     232   233     233   6     234   210     235   78     236   27     237   40     238   207     239   22     240   86     241   62     242   48     243   90     244   43     245   77     246   191     247   140     248   239     249   59     250   77     251   78     252   107     253   20     254   115     255   64   
39   129  39   1     128   104     129   97     130   145     131   122     132   174     133   12     134   171     135   15     136   80     137   228     138   80     139   204     140   237     141   194     142   134     143   190     144   174     145   157     146   131     147   215     148   76     149   194     150   150     151   112     152   202     153   194     154   245     155   162     156   146     157   174     158   61     159   65     160   176     161   67     162   141     163   26     164   37     165   244     166   163     167   124     168   211     169   148     170   240     171   250     172   220     173   173     174   146     175   171     176   33     177   140     178   140     179   13     180   8     181   187     182   10     183   99     184   210     185   218     186   13     187   142     188   226     189   254     190   229     191   186     192   3     193   211     194   205     195   2     196   182     197   189     198   8     199   167     200   107     201   171     202   176     203   110     204   219     205   92     206   68     207   82     208   144     209   131     210   105     211   127     212   199     213   96     214   193     215   155     216   191     217   67     218   12     219   189     220   246     221   145     222   59     223   238     224   234     225   110     226   170     227   206     228   190     229   150     230   148     231   48     232   138     233   153     234   14     235   241     236   48     237   132     238   92     239   62     240   13     241   79     242   229     243   118     244   14     245   208     246   35     247   163     248   254     249   220     250   180     251   115     252   150     253   161     254   238     255   155   
40   129  40   1     128   228     129   220     130   192     131   226     132   93     133   82     134   238     135   200     136   255     137   234     138   255     139   27     140   11     141   165     142   172     143   110     144   93     145   146     146   31     147   37     148   158     149   35     150   159     151   153     152   50     153   165     154   175     155   15     156   90     157   93     158   113     159   186     160   208     161   86     162   161     163   72     164   213     165   217     166   121     167   132     168   224     169   115     170   28     171   103     172   25     173   199     174   90     175   238     176   16     177   215     178   215     179   36     180   151     181   221     182   123     183   48     184   150     185   1     186   36     187   59     188   195     189   162     190   156     191   171     192   154     193   224     194   109     195   236     196   249     197   244     198   151     199   188     200   167     201   238     202   208     203   20     204   57     205   173     206   9     207   19     208   182     209   31     210   75     211   81     212   22     213   170     214   63     215   187     216   24     217   86     218   82     219   244     220   53     221   192     222   88     223   145     224   84     225   20     226   152     227   247     228   71     229   159     230   115     231   85     232   254     233   87     234   190     235   106     236   85     237   64     238   173     239   235     240   49     241   4     242   121     243   176     244   190     245   21     246   252     247   121     248   162     249   40     250   21     251   3     252   159     253   149     254   145     255   187   
41   129  41   1     128   234     129   203     130   253     131   168     132   26     133   141     134   182     135   233     136   18     137   188     138   18     139   181     140   157     141   139     142   19     143   235     144   26     145   112     146   191     147   214     148   110     149   217     150   226     151   237     152   125     153   139     154   154     155   151     156   153     157   26     158   84     159   52     160   213     161   135     162   129     163   180     164   83     165   77     166   64     167   96     168   173     169   81     170   54     171   115     172   176     173   126     174   153     175   182     176   40     177   86     178   86     179   90     180   246     181   71     182   69     183   120     184   122     185   140     186   90     187   229     188   116     189   8     190   107     191   144     192   100     193   173     194   98     195   179     196   29     197   143     198   246     199   59     200   142     201   182     202   213     203   34     204   91     205   159     206   152     207   161     208   42     209   191     210   61     211   4     212   39     213   28     214   239     215   184     216   60     217   135     218   141     219   143     220   254     221   253     222   156     223   249     224   130     225   34     226   97     227   6     228   235     229   226     230   81     231   14     232   158     233   11     234   62     235   225     236   14     237   160     238   159     239   48     240   244     241   10     242   107     243   37     244   62     245   174     246   155     247   64     248   8     249   68     250   174     251   137     252   226     253   243     254   249     255   184   
42   129  42   1     128   87     129   172     130   95     131   133     132   225     133   49     134   188     135   122     136   81     137   160     138   81     139   6     140   76     141   69     142   33     143   86     144   225     145   110     146   154     147   75     148   215     149   253     150   240     151   34     152   144     153   69     154   46     155   208     156   141     157   225     158   204     159   223     160   21     161   173     162   217     163   16     164   174     165   54     166   73     167   246     168   203     169   130     170   243     171   84     172   72     173   170     174   20     175   218     176   74     177   224     178   224     179   8     180   78     181   139     182   167     183   222     184   242     185   39     186   8     187   146     188   54     189   176     190   153     191   178     192   75     193   203     194   63     195   114     196   131     197   29     198   213     199   13     200   11     201   16     202   21     203   214     204   220     205   96     206   2     207   35     208   102     209   154     210   121     211   88     212   152     213   149     214   10     215   248     216   111     217   173     218   49     219   29     220   101     221   95     222   90     223   7     224   227     225   214     226   5     227   116     228   192     229   18     230   130     231   196     232   90     233   138     234   67     235   202     236   196     237   53     238   96     239   135     240   249     241   156     242   233     243   180     244   131     245   241     246   225     247   120     248   214     249   177     250   241     251   105     252   240     253   155     254   7     255   195   
43   129  43   1     128   26     129   95     130   99     131   144     132   165     133   3     134   227     135   230     136   20     137   57     138   20     139   5     140   124     141   190     142   175     143   167     144   165     145   96     146   233     147   252     148   55     149   190     150   171     151   28     152   114     153   190     154   122     155   137     156   170     157   165     158   72     159   87     160   44     161   217     162   100     163   136     164   128     165   61     166   225     167   31     168   253     169   37     170   60     171   176     172   55     173   108     174   170     175   227     176   79     177   192     178   35     179   68     180   2     181   231     182   140     183   209     184   186     185   184     186   68     187   236     188   182     189   177     190   126     191   160     192   85     193   253     194   116     195   142     196   244     197   104     198   2     199   224     200   33     201   227     202   44     203   149     204   255     205   23     206   17     207   154     208   36     209   233     210   93     211   214     212   142     213   24     214   119     215   239     216   230     217   217     218   3     219   104     220   179     221   99     222   199     223   181     224   119     225   149     226   164     227   189     228   161     229   171     230   21     231   12     232   172     233   97     234   141     235   123     236   92     237   65     238   23     239   129     240   68     241   218     242   126     243   147     244   192     245   123     246   193     247   225     248   177     249   55     250   45     251   213     252   171     253   111     254   181     255   168   
44   129  44   1     128   22     129   88     130   231     131   252     132   162     133   156     134   118     135   143     136   27     137   18     138   8     139   207     140   96     141   249     142   148     143   19     144   20     145   203     146   215     147   122     148   172     149   64     150   112     151   11     152   217     153   53     154   110     155   183     156   131     157   23     158   89     159   132     160   77     161   35     162   79     163   80     164   224     165   229     166   112     167   9     168   56     169   84     170   230     171   25     172   117     173   237     174   251     175   149     176   127     177   71     178   125     179   119     180   141     181   157     182   231     183   129     184   44     185   202     186   40     187   224     188   238     189   85     190   208     191   216     192   163     193   13     194   83     195   10     196   181     197   70     198   196     199   45     200   240     201   237     202   18     203   35     204   248     205   68     206   168     207   123     208   227     209   200     210   158     211   2     212   100     213   251     214   34     215   164     216   202     217   168     218   69     219   70     220   210     221   62     222   84     223   27     224   72     225   169     226   19     227   185     228   16     229   90     230   176     231   9     232   47     233   26     234   165     235   210     236   101     237   184     238   94     239   161     240   119     241   214     242   106     243   67     244   181     245   18     246   88     247   133     248   53     249   14     250   18     251   208     252   99     253   205     254   5     255   214   
45   129  45   1     128   250     129   180     130   177     131   19     132   168     133   203     134   102     135   48     136   6     137   122     138   29     139   231     140   188     141   117     142   25     143   90     144   186     145   88     146   56     147   251     148   36     149   169     150   218     151   228     152   12     153   117     154   55     155   99     156   173     157   168     158   98     159   77     160   200     161   20     162   170     163   210     164   233     165   140     166   166     167   61     168   37     169   82     170   145     171   7     172   6     173   83     174   104     175   87     176   91     177   8     178   50     179   105     180   225     181   74     182   177     183   237     184   135     185   120     186   105     187   81     188   140     189   181     190   108     191   232     192   217     193   189     194   69     195   89     196   35     197   161     198   165     199   115     200   148     201   236     202   200     203   20     204   118     205   214     206   93     207   219     208   49     209   56     210   42     211   212     212   101     213   22     214   52     215   179     216   248     217   20     218   203     219   161     220   204     221   147     222   137     223   71     224   245     225   132     226   26     227   190     228   177     229   143     230   131     231   11     232   137     233   234     234   25     235   133     236   60     237   113     238   74     239   153     240   19     241   223     242   193     243   15     244   35     245   122     246   15     247   109     248   132     249   21     250   122     251   31     252   218     253   152     254   71     255   76   
46   129  46   1     128   233     129   55     130   3     131   129     132   202     133   251     134   190     135   193     136   130     137   252     138   133     139   174     140   122     141   167     142   139     143   223     144   202     145   111     146   46     147   40     148   198     149   167     150   154     151   98     152   106     153   167     154   46     155   249     156   37     157   202     158   57     159   107     160   51     161   170     162   253     163   102     164   41     165   31     166   154     167   126     168   77     169   127     170   155     171   247     172   94     173   111     174   37     175   133     176   250     177   141     178   220     179   176     180   21     181   245     182   87     183   212     184   141     185   152     186   56     187   128     188   215     189   113     190   20     191   100     192   156     193   70     194   85     195   108     196   124     197   131     198   204     199   254     200   201     201   111     202   51     203   47     204   185     205   19     206   254     207   248     208   114     209   46     210   200     211   36     212   66     213   103     214   193     215   182     216   193     217   254     218   145     219   131     220   8     221   70     222   127     223   127     224   215     225   47     226   242     227   16     228   224     229   161     230   110     231   126     232   135     233   140     234   211     235   186     236   76     237   30     238   19     239   128     240   176     241   158     242   20     243   181     244   88     245   186     246   55     247   101     248   11     249   203     250   169     251   186     252   104     253   224     254   98     255   48   
47   129  47   1     128   100     129   169     130   71     131   222     132   201     133   149     134   38     135   108     136   42     137   199     138   120     139   132     140   75     141   114     142   220     143   106     144   201     145   232     146   253     147   8     148   62     149   114     150   217     151   184     152   233     153   114     154   253     155   198     156   88     157   201     158   13     159   78     160   15     161   34     162   96     163   25     164   175     165   161     166   75     167   237     168   226     169   74     170   126     171   98     172   180     173   232     174   88     175   120     176   50     177   41     178   158     179   130     180   163     181   49     182   66     183   207     184   41     185   138     186   170     187   121     188   59     189   238     190   4     191   77     192   44     193   71     194   17     195   225     196   190     197   141     198   60     199   148     200   61     201   232     202   15     203   90     204   116     205   86     206   148     207   97     208   26     209   253     210   154     211   255     212   225     213   185     214   108     215   119     216   108     217   148     218   124     219   141     220   81     221   71     222   74     223   74     224   59     225   90     226   99     227   42     228   146     229   135     230   79     231   237     232   43     233   228     234   157     235   128     236   69     237   6     238   86     239   245     240   130     241   127     242   4     243   131     244   65     245   128     246   169     247   234     248   165     249   110     250   214     251   86     252   186     253   146     254   184     255   251   
48   129  48   1     128   142     129   96     130   23     131   25     132   57     133   207     134   79     135   53     136   45     137   59     138   45     139   163     140   231     141   192     142   224     143   48     144   57     145   216     146   178     147   250     148   235     149   77     150   168     151   63     152   74     153   192     154   100     155   246     156   237     157   57     158   130     159   114     160   83     161   222     162   209     163   47     164   1     165   210     166   155     167   11     168   159     169   4     170   119     171   81     172   37     173   195     174   237     175   42     176   68     177   135     178   135     179   153     180   134     181   35     182   38     183   204     184   201     185   67     186   153     187   43     188   210     189   20     190   109     191   117     192   250     193   159     194   245     195   172     196   186     197   202     198   138     199   229     200   70     201   47     202   83     203   85     204   173     205   226     206   97     207   129     208   65     209   178     210   234     211   10     212   211     213   54     214   248     215   49     216   102     217   222     218   207     219   202     220   158     221   23     222   107     223   29     224   88     225   85     226   124     227   15     228   217     229   168     230   4     231   27     232   107     233   157     234   99     235   33     236   27     237   13     238   226     239   120     240   143     241   17     242   160     243   214     244   99     245   22     246   57     247   84     248   85     249   170     250   22     251   197     252   168     253   12     254   29     255   6   
49   129  49   1     128   172     129   230     130   201     131   127     132   70     133   162     134   106     135   180     136   126     137   84     138   126     139   145     140   244     141   150     142   121     143   190     144   70     145   37     146   26     147   24     148   66     149   150     150   118     151   213     152   38     153   150     154   26     155   87     156   232     157   70     158   23     159   210     160   17     161   102     162   160     163   43     164   236     165   254     166   221     167   42     168   59     169   222     170   130     171   166     172   193     173   103     174   232     175   136     176   216     177   123     178   191     179   155     180   248     181   92     182   198     183   76     184   123     185   131     186   227     187   139     188   81     189   47     190   12     191   215     192   116     193   100     194   51     195   62     196   223     197   138     198   68     199   161     200   71     201   37     202   17     203   238     204   156     205   250     206   161     207   64     208   46     209   26     210   179     211   28     212   62     213   214     214   180     215   153     216   180     217   161     218   132     219   138     220   243     221   201     222   243     223   222     224   77     225   238     226   165     227   126     228   171     229   148     230   209     231   42     232   125     233   49     234   186     235   157     236   207     237   10     238   250     239   2     240   155     241   129     242   12     243   152     244   154     245   157     246   230     247   35     248   242     249   178     250   2     251   250     252   66     253   171     254   213     255   16   
50   129  50   1     128   241     129   227     130   76     131   14     132   168     133   36     134   93     135   249     136   196     137   115     138   25     139   232     140   172     141   83     142   197     143   221     144   176     145   179     146   92     147   198     148   114     149   200     150   95     151   177     152   121     153   122     154   124     155   182     156   98     157   241     158   77     159   15     160   253     161   139     162   179     163   250     164   255     165   13     166   158     167   183     168   69     169   120     170   226     171   133     172   178     173   79     174   229     175   147     176   234     177   165     178   151     179   125     180   184     181   138     182   76     183   35     184   255     185   29     186   125     187   33     188   251     189   214     190   119     191   22     192   6     193   53     194   24     195   132     196   247     197   11     198   199     199   81     200   19     201   20     202   102     203   139     204   10     205   38     206   88     207   104     208   206     209   92     210   101     211   65     212   4     213   229     214   37     215   107     216   159     217   240     218   24     219   91     220   186     221   140     222   120     223   196     224   209     225   94     226   156     227   108     228   76     229   162     230   219     231   7     232   16     233   166     234   197     235   54     236   128     237   194     238   138     239   71     240   243     241   180     242   244     243   39     244   247     245   115     246   32     247   161     248   122     249   188     250   115     251   119     252   95     253   112     254   44     255   180   
51   129  51   1     128   230     129   147     130   43     131   12     132   125     133   253     134   245     135   239     136   104     137   162     138   104     139   26     140   215     141   59     142   73     143   32     144   125     145   214     146   193     147   9     148   44     149   59     150   243     151   1     152   89     153   59     154   48     155   23     156   83     157   125     158   6     159   250     160   106     161   170     162   108     163   183     164   222     165   24     166   168     167   252     168   169     169   163     170   184     171   181     172   44     173   5     174   83     175   245     176   65     177   68     178   68     179   213     180   93     181   79     182   13     183   195     184   129     185   220     186   213     187   219     188   82     189   21     190   138     191   103     192   120     193   169     194   190     195   80     196   96     197   191     198   93     199   8     200   25     201   245     202   106     203   22     204   244     205   149     206   114     207   56     208   3     209   193     210   206     211   132     212   80     213   187     214   67     215   38     216   239     217   170     218   253     219   191     220   72     221   43     222   246     223   175     224   67     225   22     226   221     227   198     228   199     229   243     230   200     231   211     232   180     233   118     234   173     235   144     236   110     237   25     238   149     239   126     240   213     241   87     242   138     243   241     244   177     245   144     246   17     247   168     248   21     249   44     250   202     251   121     252   243     253   248     254   175     255   38   
52   129  52   1     128   8     129   32     130   17     131   220     132   61     133   80     134   132     135   119     136   205     137   125     138   234     139   116     140   140     141   156     142   186     143   39     144   188     145   1     146   87     147   27     148   22     149   3     150   69     151   4     152   124     153   105     154   167     155   219     156   232     157   82     158   122     159   115     160   198     161   97     162   114     163   202     164   138     165   165     166   69     167   176     168   172     169   191     170   75     171   121     172   106     173   79     174   71     175   224     176   52     177   152     178   128     179   139     180   195     181   10     182   17     183   92     184   16     185   91     186   101     187   138     188   161     189   229     190   204     191   38     192   103     193   197     194   36     195   94     196   111     197   194     198   112     199   74     200   67     201   79     202   125     203   97     204   169     205   118     206   99     207   65     208   100     209   239     210   228     211   180     212   177     213   71     214   59     215   252     216   91     217   99     218   44     219   194     220   120     221   109     222   191     223   205     224   233     225   57     226   39     227   240     228   201     229   148     230   64     231   176     232   254     233   151     234   166     235   120     236   163     237   170     238   225     239   211     240   222     241   13     242   210     243   237     244   111     245   125     246   225     247   41     248   105     249   43     250   125     251   204     252   98     253   192     254   47     255   13   
53   129  53   1     128   85     129   49     130   131     131   255     132   5     133   42     134   157     135   174     136   220     137   169     138   229     139   176     140   247     141   98     142   134     143   150     144   43     145   41     146   104     147   132     148   92     149   212     150   106     151   222     152   165     153   98     154   163     155   47     156   183     157   85     158   254     159   10     160   68     161   242     162   41     163   172     164   170     165   89     166   31     167   218     168   141     169   80     170   188     171   13     172   220     173   129     174   135     175   226     176   71     177   198     178   17     179   86     180   108     181   7     182   131     183   201     184   241     185   22     186   86     187   62     188   89     189   224     190   228     191   123     192   4     193   38     194   204     195   248     196   81     197   18     198   113     199   190     200   14     201   24     202   68     203   242     204   12     205   207     206   155     207   187     208   127     209   104     210   70     211   126     212   243     213   77     214   205     215   60     216   234     217   242     218   42     219   18     220   39     221   3     222   235     223   115     224   158     225   159     226   232     227   72     228   131     229   55     230   146     231   168     232   235     233   196     234   134     235   78     236   11     237   119     238   7     239   122     240   255     241   216     242   83     243   203     244   81     245   169     246   203     247   53     248   159     249   35     250   169     251   90     252   106     253   171     254   115     255   219   
54   129  54   1     128   231     129   106     130   66     131   224     132   198     133   94     134   228     135   79     136   24     137   16     138   24     139   6     140   163     141   212     142   202     143   49     144   198     145   73     146   69     147   168     148   1     149   212     150   139     151   227     152   92     153   212     154   69     155   5     156   204     157   198     158   233     159   33     160   195     161   176     162   179     163   240     164   11     165   221     166   190     167   225     168   93     169   171     170   40     171   153     172   209     173   72     174   204     175   86     176   129     177   39     178   201     179   120     180   247     181   186     182   3     183   184     184   39     185   208     186   74     187   67     188   47     189   55     190   84     191   192     192   102     193   93     194   88     195   244     196   83     197   187     198   43     199   75     200   62     201   73     202   195     203   230     204   170     205   26     206   75     207   236     208   56     209   69     210   157     211   111     212   244     213   56     214   79     215   149     216   79     217   75     218   2     219   187     220   113     221   66     222   113     223   45     224   90     225   230     226   140     227   24     228   53     229   57     230   234     231   8     232   13     233   181     234   246     235   82     236   104     237   126     238   26     239   237     240   120     241   61     242   84     243   226     244   128     245   82     246   117     247   3     248   222     249   101     250   237     251   26     252   1     253   53     254   45     255   59   
55   129  55   1     128   97     129   3     130   151     131   165     132   164     133   160     134   158     135   118     136   135     137   124     138   135     139   232     140   30     141   6     142   105     143   63     144   164     145   207     146   83     147   23     148   154     149   6     150   138     151   209     152   248     153   6     154   174     155   156     156   129     157   164     158   220     159   85     160   56     161   144     162   228     163   95     164   9     165   87     166   5     167   137     168   212     169   99     170   148     171   224     172   154     173   178     174   129     175   158     176   175     177   131     178   29     179   161     180   155     181   181     182   116     183   236     184   45     185   182     186   234     187   187     188   80     189   35     190   133     191   76     192   206     193   212     194   72     195   239     196   65     197   153     198   155     199   198     200   134     201   158     202   56     203   77     204   79     205   223     206   111     207   104     208   110     209   83     210   152     211   159     212   239     213   250     214   16     215   229     216   118     217   186     218   88     219   153     220   184     221   151     222   240     223   8     224   16     225   77     226   103     227   94     228   143     229   66     230   128     231   125     232   49     233   12     234   183     235   109     236   91     237   73     238   223     239   68     240   161     241   226     242   133     243   253     244   131     245   109     246   64     247   116     248   35     249   154     250   251     251   199     252   66     253   234     254   8     255   26   
56   129  56   1     128   135     129   144     130   188     131   169     132   217     133   4     134   107     135   153     136   239     137   222     138   239     139   242     140   201     141   61     142   32     143   31     144   217     145   25     146   146     147   30     148   182     149   61     150   177     151   208     152   161     153   61     154   158     155   139     156   210     157   217     158   218     159   175     160   82     161   241     162   136     163   232     164   215     165   79     166   173     167   117     168   125     169   103     170   44     171   85     172   182     173   183     174   210     175   107     176   238     177   50     178   89     179   116     180   198     181   250     182   121     183   47     184   172     185   106     186   116     187   96     188   2     189   54     190   15     191   43     192   105     193   125     194   246     195   191     196   33     197   38     198   198     199   206     200   159     201   107     202   82     203   91     204   187     205   74     206   29     207   80     208   109     209   146     210   86     211   27     212   191     213   65     214   83     215   248     216   153     217   16     218   165     219   38     220   240     221   188     222   6     223   167     224   83     225   91     226   186     227   152     228   72     229   177     230   140     231   174     232   133     233   122     234   26     235   253     236   53     237   134     238   74     239   180     240   116     241   181     242   15     243   12     244   50     245   253     246   81     247   173     248   54     249   182     250   49     251   190     252   177     253   18     254   167     255   20   
57   129  57   1     128   225     129   48     130   41     131   178     132   123     133   120     134   198     135   168     136   37     137   205     138   37     139   78     140   134     141   140     142   231     143   87     144   123     145   230     146   122     147   73     148   29     149   140     150   233     151   149     152   66     153   140     154   122     155   105     156   169     157   123     158   71     159   154     160   18     161   108     162   75     163   127     164   207     165   121     166   202     167   232     168   250     169   110     170   111     171   30     172   229     173   251     174   169     175   144     176   59     177   212     178   192     179   177     180   44     181   1     182   39     183   132     184   212     185   248     186   193     187   52     188   60     189   25     190   170     191   53     192   218     193   95     194   54     195   11     196   249     197   163     198   72     199   220     200   236     201   230     202   18     203   252     204   115     205   31     206   220     207   46     208   162     209   122     210   106     211   47     212   11     213   162     214   168     215   130     216   168     217   220     218   58     219   163     220   68     221   41     222   68     223   110     224   19     225   252     226   186     227   37     228   35     229   191     230   96     231   232     232   129     233   5     234   49     235   228     236   124     237   255     238   31     239   51     240   177     241   203     242   170     243   136     244   38     245   228     246   48     247   179     248   211     249   253     250   51     251   31     252   29     253   35     254   6     255   133   
58   129  58   1     128   39     129   156     130   46     131   155     132   8     133   107     134   215     135   202     136   181     137   45     138   20     139   106     140   240     141   29     142   127     143   161     144   34     145   96     146   86     147   201     148   19     149   160     150   216     151   157     152   77     153   254     154   235     155   166     156   212     157   171     158   16     159   87     160   50     161   217     162   55     163   136     164   173     165   43     166   216     167   152     168   108     169   130     170   194     171   176     172   255     173   63     174   24     175   243     176   79     177   35     178   74     179   91     180   207     181   231     182   46     183   209     184   78     185   236     186   68     187   173     188   182     189   14     190   213     191   193     192   132     193   146     194   1     195   17     196   163     197   175     198   247     199   25     200   133     201   63     202   45     203   217     204   145     205   170     206   25     207   69     208   36     209   233     210   110     211   5     212   250     213   24     214   85     215   7     216   236     217   25     218   38     219   175     220   208     221   99     222   130     223   181     224   180     225   149     226   161     227   189     228   40     229   153     230   37     231   152     232   199     233   57     234   220     235   208     236   118     237   49     238   147     239   129     240   91     241   218     242   225     243   41     244   163     245   45     246   156     247   219     248   254     249   27     250   45     251   191     252   121     253   111     254   134     255   218   
59   129  59   1     128   164     129   208     130   166     131   76     132   247     133   33     134   18     135   221     136   217     137   7     138   217     139   113     140   115     141   189     142   21     143   54     144   247     145   137     146   78     147   121     148   122     149   189     150   5     151   250     152   14     153   189     154   45     155   199     156   100     157   247     158   38     159   243     160   48     161   160     162   22     163   41     164   10     165   152     166   109     167   213     168   151     169   207     170   118     171   192     172   122     173   53     174   100     175   172     176   150     177   15     178   163     179   154     180   193     181   51     182   182     183   28     184   34     185   227     186   26     187   63     188   158     189   46     190   178     191   134     192   50     193   151     194   80     195   119     196   90     197   170     198   193     199   131     200   98     201   172     202   48     203   61     204   86     205   246     206   131     207   174     208   19     209   78     210   17     211   23     212   119     213   19     214   127     215   173     216   221     217   132     218   47     219   170     220   239     221   166     222   191     223   177     224   127     225   61     226   25     227   146     228   104     229   138     230   223     231   188     232   58     233   103     234   88     235   195     236   255     237   235     238   246     239   55     240   154     241   171     242   178     243   99     244   15     245   195     246   225     247   182     248   46     249   132     250   222     251   56     252   138     253   26     254   177     255   165   
60   129  60   1     128   226     129   175     130   130     131   59     132   190     133   154     134   247     135   169     136   13     137   253     138   62     139   68     140   21     141   204     142   164     143   51     144   99     145   91     146   20     147   214     148   30     149   237     150   44     151   128     152   109     153   85     154   181     155   19     156   136     157   44     158   97     159   216     160   2     161   183     162   91     163   145     164   210     165   3     166   105     167   240     168   186     169   142     170   76     171   140     172   184     173   61     174   223     175   106     176   7     177   189     178   193     179   198     180   40     181   84     182   130     183   9     184   217     185   149     186   198     187   210     188   114     189   64     190   86     191   104     192   112     193   239     194   222     195   111     196   146     197   115     198   53     199   23     200   174     201   61     202   253     203   183     204   144     205   65     206   1     207   24     208   157     209   20     210   27     211   129     212   171     213   223     214   121     215   32     216   149     217   1     218   221     219   135     220   243     221   36     222   142     223   13     224   211     225   207     226   51     227   179     228   130     229   46     230   67     231   147     232   150     233   195     234   238     235   215     236   196     237   125     238   49     239   241     240   57     241   200     242   170     243   162     244   146     245   253     246   49     247   22     248   85     249   160     250   253     251   86     252   44     253   197     254   209     255   200   
61   129  61   1     128   63     129   141     130   212     131   26     132   97     133   183     134   70     135   83     136   55     137   157     138   55     139   8     140   27     141   7     142   124     143   200     144   97     145   99     146   197     147   228     148   41     149   186     150   93     151   120     152   221     153   7     154   104     155   214     156   241     157   97     158   13     159   194     160   199     161   122     162   202     163   203     164   126     165   72     166   23     167   85     168   242     169   94     170   89     171   59     172   224     173   133     174   48     175   206     176   19     177   150     178   150     179   235     180   232     181   249     182   98     183   53     184   174     185   116     186   235     187   46     188   72     189   86     190   193     191   165     192   228     193   192     194   84     195   184     196   18     197   44     198   218     199   231     200   239     201   238     202   199     203   222     204   198     205   128     206   243     207   143     208   136     209   197     210   87     211   43     212   54     213   209     214   24     215   182     216   148     217   122     218   183     219   44     220   140     221   212     222   216     223   255     224   146     225   222     226   12     227   176     228   29     229   56     230   229     231   230     232   216     233   14     234   124     235   5     236   230     237   76     238   128     239   233     240   65     241   205     242   138     243   173     244   18     245   170     246   97     247   160     248   222     249   161     250   170     251   156     252   93     253   50     254   255     255   25   
62   129  62   1     128   10     129   207     130   189     131   246     132   218     133   106     134   102     135   52     136   71     137   122     138   87     139   216     140   156     141   232     142   119     143   170     144   218     145   236     146   65     147   62     148   36     149   232     150   166     151   125     152   34     153   232     154   65     155   180     156   175     157   218     158   239     159   77     160   110     161   121     162   21     163   140     164   81     165   241     166   156     167   61     168   83     169   82     170   201     171   148     172   92     173   200     174   175     175   87     176   5     177   8     178   27     179   70     180   112     181   155     182   108     183   68     184   8     185   120     186   128     187   153     188   245     189   114     190   31     191   2     192   217     193   189     194   178     195   28     196   227     197   40     198   165     199   164     200   107     201   236     202   110     203   46     204   118     205   15     206   164     207   219     208   195     209   65     210   4     211   192     212   28     213   179     214   52     215   57     216   52     217   164     218   72     219   40     220   95     221   189     222   95     223   82     224   245     225   46     226   90     227   71     228   58     229   151     230   131     231   61     232   137     233   205     234   84     235   199     236   60     237   158     238   15     239   127     240   70     241   7     242   31     243   136     244   247     245   199     246   207     247   109     248   238     249   181     250   200     251   15     252   252     253   58     254   125     255   223   
63   129  63   1     128   161     129   8     130   118     131   55     132   154     133   20     134   33     135   199     136   116     137   88     138   56     139   29     140   35     141   201     142   160     143   99     144   154     145   218     146   224     147   102     148   139     149   201     150   86     151   1     152   31     153   201     154   224     155   157     156   189     157   154     158   144     159   213     160   7     161   18     162   146     163   14     164   172     165   110     166   35     167   44     168   43     169   230     170   156     171   5     172   84     173   218     174   189     175   56     176   222     177   38     178   32     179   185     180   249     181   140     182   128     183   62     184   38     185   223     186   90     187   253     188   125     189   126     190   51     191   135     192   208     193   118     194   9     195   153     196   165     197   190     198   28     199   209     200   217     201   218     202   7     203   42     204   109     205   127     206   209     207   87     208   61     209   224     210   19     211   119     212   121     213   196     214   199     215   63     216   199     217   209     218   11     219   190     220   30     221   118     222   230     223   230     224   125     225   42     226   192     227   116     228   117     229   79     230   16     231   44     232   177     233   236     234   114     235   46     236   225     237   164     238   127     239   134     240   185     241   89     242   51     243   124     244   210     245   46     246   8     247   77     248   93     249   80     250   81     251   46     252   150     253   117     254   1     255   68   
64   129  64   1     128   214     129   127     130   98     131   19     132   160     133   79     134   138     135   51     136   113     137   94     138   96     139   91     140   92     141   185     142   66     143   124     144   146     145   43     146   76     147   15     148   97     149   104     150   70     151   107     152   141     153   132     154   157     155   248     156   182     157   244     158   93     159   88     160   207     161   82     162   139     163   114     164   140     165   38     166   70     167   47     168   35     169   250     170   147     171   53     172   144     173   43     174   25     175   96     176   165     177   134     178   225     179   168     180   119     181   109     182   98     183   242     184   177     185   241     186   136     187   140     188   77     189   216     190   162     191   175     192   130     193   167     194   20     195   73     196   84     197   164     198   48     199   233     200   150     201   43     202   94     203   82     204   155     205   179     206   233     207   45     208   234     209   181     210   11     211   204     212   212     213   253     214   112     215   108     216   241     217   233     218   194     219   164     220   230     221   80     222   250     223   113     224   101     225   203     226   124     227   209     228   26     229   59     230   254     231   47     232   215     233   83     234   22     235   249     236   246     237   243     238   179     239   198     240   168     241   53     242   21     243   14     244   84     245   94     246   127     247   122     248   132     249   193     250   94     251   249     252   58     253   31     254   170     255   110   
65   129  65   1     128   171     129   162     130   180     131   224     132   82     133   122     134   185     135   43     136   220     137   99     138   141     139   38     140   18     141   89     142   204     143   81     144   207     145   255     146   169     147   252     148   115     149   28     150   153     151   223     152   195     153   243     154   147     155   175     156   110     157   171     158   248     159   240     160   46     161   88     162   255     163   27     164   75     165   208     166   21     167   191     168   36     169   211     170   134     171   184     172   239     173   132     174   246     175   197     176   6     177   130     178   133     179   131     180   79     181   72     182   180     183   10     184   75     185   205     186   131     187   42     188   11     189   245     190   149     191   125     192   96     193   119     194   157     195   168     196   203     197   23     198   236     199   121     200   45     201   93     202   46     203   88     204   160     205   90     206   233     207   206     208   124     209   169     210   30     211   100     212   64     213   246     214   106     215   254     216   5     217   187     218   215     219   217     220   111     221   40     222   211     223   220     224   145     225   137     226   53     227   142     228   180     229   242     230   49     231   112     232   29     233   178     234   204     235   222     236   232     237   188     238   72     239   4     240   139     241   143     242   251     243   58     244   203     245   99     246   58     247   194     248   243     249   15     250   99     251   35     252   153     253   83     254   93     255   167   
66   129  66   1     128   113     129   51     130   18     131   147     132   54     133   177     134   245     135   218     136   92     137   239     138   31     139   110     140   227     141   102     142   119     143   151     144   54     145   163     146   10     147   107     148   15     149   44     150   22     151   64     152   184     153   102     154   156     155   135     156   68     157   54     158   157     159   108     160   159     161   213     162   2     163   198     164   226     165   57     166   186     167   120     168   21     169   71     170   33     171   70     172   92     173   93     174   121     175   53     176   141     177   208     178   208     179   99     180   50     181   42     182   103     183   138     184   199     185   87     186   99     187   105     188   57     189   41     190   61     191   248     192   107     193   249     194   188     195   185     196   73     197   252     198   148     199   58     200   84     201   144     202   159     203   213     204   91     205   174     206   209     207   166     208   192     209   10     210   237     211   154     212   219     213   225     214   178     215   117     216   69     217   213     218   177     219   252     220   247     221   18     222   75     223   136     224   231     225   233     226   89     227   215     228   65     229   23     230   175     231   254     232   75     233   204     234   119     235   243     236   254     237   14     238   174     239   246     240   147     241   100     242   85     243   150     244   73     245   240     246   150     247   11     248   233     249   207     250   240     251   43     252   22     253   236     254   136     255   118   
67   129  67   1     128   126     129   7     130   58     131   130     132   194     133   43     134   140     135   166     136   221     137   73     138   110     139   16     140   242     141   14     142   248     143   141     144   235     145   198     146   151     147   213     148   82     149   105     150   186     151   240     152   167     153   14     154   208     155   177     156   255     157   126     158   26     159   153     160   147     161   244     162   198     163   139     164   252     165   144     166   46     167   170     168   249     169   188     170   254     171   118     172   221     173   23     174   96     175   129     176   38     177   49     178   237     179   203     180   51     181   239     182   58     183   106     184   65     185   2     186   203     187   92     188   144     189   172     190   246     191   87     192   90     193   157     194   168     195   109     196   36     197   88     198   206     199   211     200   128     201   193     202   147     203   244     204   238     205   29     206   251     207   17     208   13     209   151     210   190     211   149     212   108     213   191     214   48     215   113     216   53     217   244     218   115     219   214     220   5     221   181     222   173     223   227     224   57     225   161     226   24     227   125     228   58     229   112     230   215     231   209     232   173     233   28     234   248     235   10     236   1     237   185     238   239     239   207     240   72     241   135     242   9     243   71     244   36     245   73     246   71     247   93     248   161     249   95     250   73     251   37     252   186     253   100     254   193     255   50   
68   129  68   1     128   10     129   211     130   49     131   233     132   83     133   119     134   50     135   163     136   94     137   123     138   94     139   84     140   109     141   187     142   124     143   231     144   83     145   70     146   29     147   110     148   157     149   141     150   200     151   43     152   225     153   187     154   131     155   36     156   229     157   83     158   250     159   166     160   8     161   62     162   242     163   118     164   20     165   207     166   19     167   156     168   67     169   80     170   226     171   32     172   254     173   135     174   229     175   50     176   57     177   190     178   190     179   59     180   90     181   134     182   194     183   75     184   15     185   85     186   59     187   38     188   206     189   13     190   55     191   202     192   212     193   67     194   24     195   152     196   189     197   51     198   90     199   69     200   17     201   50     202   8     203   112     204   140     205   41     206   199     207   198     208   125     209   29     210   137     211   136     212   218     213   159     214   111     215   243     216   171     217   62     218   119     219   51     220   87     221   49     222   79     223   185     224   148     225   112     226   126     227   204     228   82     229   200     230   80     231   193     232   79     233   107     234   239     235   174     236   193     237   228     238   41     239   46     240   30     241   73     242   104     243   158     244   239     245   37     246   161     247   104     248   13     249   224     250   37     251   255     252   200     253   240     254   185     255   243   
69   129  69   1     128   240     129   90     130   62     131   56     132   191     133   153     134   57     135   218     136   6     137   4     138   155     139   143     140   161     141   53     142   188     143   75     144   191     145   85     146   86     147   42     148   71     149   53     150   235     151   76     152   23     153   53     154   86     155   70     156   51     157   191     158   125     159   246     160   249     161   44     162   229     163   239     164   203     165   112     166   235     167   2     168   251     169   227     170   10     171   97     172   115     173   85     174   51     175   155     176   120     177   192     178   117     179   30     180   244     181   190     182   201     183   46     184   45     185   52     186   156     187   217     188   16     189   196     190   21     191   48     192   151     193   158     194   22     195   107     196   221     197   231     198   195     199   219     200   129     201   85     202   249     203   183     204   164     205   136     206   219     207   167     208   250     209   116     210   96     211   210     212   61     213   14     214   218     215   98     216   218     217   219     218   142     219   231     220   91     221   158     222   227     223   227     224   16     225   183     226   35     227   182     228   74     229   73     230   180     231   2     232   68     233   33     234   179     235   154     236   26     237   145     238   136     239   217     240   30     241   72     242   21     243   92     244   15     245   154     246   90     247   209     248   101     249   94     250   18     251   154     252   200     253   74     254   76     255   199   
70   129  70   1     128   132     129   179     130   38     131   240     132   106     133   184     134   234     135   150     136   115     137   64     138   115     139   247     140   138     141   123     142   225     143   215     144   106     145   158     146   175     147   46     148   118     149   192     150   96     151   20     152   171     153   123     154   231     155   210     156   82     157   106     158   120     159   212     160   91     161   224     162   35     163   89     164   21     165   28     166   136     167   151     168   220     169   238     170   149     171   113     172   219     173   68     174   8     175   214     176   125     177   57     178   57     179   162     180   44     181   165     182   228     183   135     184   198     185   235     186   162     187   13     188   28     189   25     190   90     191   191     192   46     193   32     194   237     195   52     196   7     197   249     198   208     199   160     200   87     201   45     202   91     203   37     204   33     205   203     206   166     207   71     208   60     209   175     210   99     211   130     212   9     213   169     214   4     215   194     216   205     217   224     218   184     219   249     220   201     221   38     222   36     223   164     224   204     225   37     226   2     227   195     228   139     229   255     230   84     231   218     232   36     233   246     234   225     235   143     236   218     237   233     238   203     239   86     240   145     241   88     242   200     243   72     244   7     245   51     246   72     247   48     248   37     249   74     250   51     251   58     252   96     253   252     254   164     255   126   
71   129  71   1     128   193     129   30     130   42     131   94     132   28     133   74     134   98     135   214     136   211     137   96     138   95     139   158     140   204     141   60     142   54     143   15     144   28     145   181     146   4     147   156     148   6     149   65     150   174     151   121     152   187     153   60     154   88     155   86     156   40     157   28     158   11     159   56     160   173     161   208     162   166     163   124     164   159     165   26     166   29     167   48     168   91     169   221     170   225     171   142     172   211     173   128     174   99     175   233     176   82     177   210     178   108     179   62     180   77     181   182     182   42     183   246     184   47     185   132     186   62     187   58     188   26     189   67     190   75     191   194     192   73     193   145     194   234     195   232     196   136     197   147     198   250     199   239     200   113     201   171     202   173     203   208     204   219     205   21     206   129     207   243     208   139     209   4     210   153     211   175     212   133     213   106     214   191     215   144     216   123     217   208     218   74     219   147     220   196     221   255     222   46     223   80     224   157     225   200     226   209     227   118     228   42     229   253     230   70     231   53     232   46     233   120     234   54     235   149     236   109     237   85     238   21     239   151     240   94     241   154     242   34     243   92     244   136     245   96     246   92     247   87     248   200     249   141     250   96     251   229     252   174     253   202     254   80     255   101   
72   129  72   1     128   119     129   193     130   132     131   144     132   135     133   113     134   150     135   187     136   20     137   24     138   125     139   5     140   225     141   45     142   175     143   202     144   206     145   106     146   122     147   39     148   143     149   190     150   64     151   181     152   114     153   67     154   233     155   137     156   10     157   165     158   19     159   14     160   221     161   52     162   100     163   31     164   128     165   61     166   64     167   12     168   32     169   112     170   60     171   173     172   55     173   227     174   148     175   125     176   154     177   186     178   35     179   68     180   2     181   163     182   132     183   179     184   238     185   184     186   111     187   128     188   136     189   162     190   126     191   160     192   85     193   99     194   116     195   103     196   34     197   104     198   176     199   224     200   33     201   227     202   24     203   52     204   255     205   23     206   224     207   245     208   235     209   1     210   200     211   185     212   142     213   148     214   230     215   81     216   184     217   224     218   3     219   104     220   199     221   205     222   112     223   20     224   96     225   50     226   202     227   147     228   161     229   120     230   159     231   12     232   133     233   198     234   141     235   123     236   92     237   65     238   23     239   236     240   68     241   168     242   134     243   213     244   34     245   24     246   193     247   220     248   67     249   8     250   24     251   123     252   138     253   188     254   189     255   168   
73   129  73   1     128   172     129   138     130   222     131   233     132   174     133   76     134   68     135   32     136   122     137   167     138   22     139   186     140   232     141   173     142   90     143   108     144   39     145   155     146   219     147   89     148   56     149   176     150   103     151   184     152   8     153   180     154   209     155   66     156   61     157   172     158   65     159   118     160   102     161   24     162   155     163   156     164   149     165   85     166   196     167   221     168   205     169   151     170   21     171   241     172   4     173   67     174   239     175   145     176   153     177   251     178   215     179   78     180   171     181   135     182   222     183   182     184   69     185   80     186   78     187   149     188   3     189   92     190   225     191   96     192   101     193   214     194   220     195   110     196   201     197   48     198   198     199   142     200   185     201   67     202   123     203   24     204   175     205   111     206   157     207   146     208   213     209   219     210   199     211   139     212   70     213   239     214   211     215   46     216   80     217   51     218   137     219   33     220   136     221   226     222   151     223   122     224   166     225   248     226   231     227   212     228   222     229   1     230   9     231   250     232   5     233   71     234   229     235   106     236   40     237   31     238   10     239   238     240   143     241   97     242   117     243   240     244   201     245   167     246   10     247   189     248   180     249   237     250   167     251   225     252   103     253   27     254   192     255   97   
74   129  74   1     128   42     129   211     130   28     131   58     132   36     133   92     134   155     135   141     136   225     137   190     138   225     139   127     140   102     141   68     142   218     143   176     144   36     145   242     146   12     147   167     148   111     149   68     150   119     151   240     152   130     153   68     154   12     155   206     156   165     157   36     158   10     159   203     160   234     161   70     162   247     163   132     164   238     165   116     166   102     167   95     168   181     169   22     170   62     171   23     172   138     173   157     174   165     175   3     176   21     177   113     178   107     179   66     180   148     181   40     182   177     183   25     184   113     185   229     186   67     187   115     188   194     189   207     190   221     191   91     192   220     193   28     194   35     195   37     196   205     197   168     198   143     199   44     200   255     201   242     202   234     203   69     204   121     205   63     206   44     207   135     208   20     209   12     210   182     211   236     212   37     213   128     214   141     215   233     216   141     217   44     218   222     219   168     220   114     221   28     222   114     223   22     224   194     225   69     226   103     227   225     228   17     229   239     230   187     231   95     232   145     233   136     234   251     235   162     236   252     237   61     238   63     239   171     240   66     241   78     242   221     243   50     244   153     245   162     246   211     247   18     248   169     249   109     250   171     251   63     252   16     253   17     254   240     255   49   
75   129  75   1     128   183     129   67     130   25     131   3     132   88     133   41     134   243     135   79     136   26     137   231     138   212     139   136     140   42     141   199     142   85     143   8     144   88     145   122     146   119     147   69     148   60     149   199     150   210     151   226     152   81     153   199     154   119     155   204     156   221     157   88     158   194     159   173     160   4     161   115     162   27     163   53     164   185     165   6     166   210     167   253     168   105     169   1     170   46     171   77     172   11     173   122     174   221     175   212     176   213     177   103     178   17     179   114     180   80     181   168     182   68     183   162     184   175     185   55     186   62     187   255     188   228     189   128     190   172     191   208     192   224     193   195     194   161     195   99     196   24     197   230     198   106     199   2     200   65     201   122     202   231     203   139     204   61     205   98     206   2     207   48     208   153     209   225     210   54     211   33     212   20     213   201     214   242     215   64     216   242     217   2     218   120     219   230     220   179     221   195     222   1     223   1     224   187     225   202     226   102     227   123     228   248     229   245     230   134     231   253     232   49     233   155     234   108     235   36     236   149     237   250     238   98     239   255     240   114     241   5     242   172     243   89     244   57     245   231     246   67     247   44     248   170     249   164     250   70     251   36     252   180     253   248     254   226     255   141   
76   129  76   1     128   6     129   24     130   197     131   10     132   216     133   60     134   99     135   97     136   156     137   232     138   193     139   199     140   101     141   105     142   244     143   93     144   113     145   201     146   11     147   76     148   128     149   70     150   179     151   25     152   95     153   231     154   138     155   28     156   78     157   6     158   173     159   98     160   220     161   225     162   201     163   217     164   12     165   178     166   250     167   116     168   202     169   55     170   112     171   235     172   161     173   115     174   117     175   72     176   23     177   106     178   245     179   226     180   22     181   137     182   197     183   57     184   12     185   124     186   226     187   233     188   177     189   130     190   85     191   163     192   109     193   154     194   169     195   131     196   107     197   223     198   36     199   185     200   118     201   115     202   243     203   225     204   183     205   236     206   182     207   249     208   43     209   11     210   75     211   119     212   189     213   117     214   84     215   65     216   124     217   110     218   169     219   14     220   198     221   228     222   55     223   156     224   135     225   219     226   42     227   68     228   197     229   111     230   48     231   5     232   206     233   210     234   244     235   34     236   62     237   241     238   137     239   26     240   214     241   204     242   211     243   132     244   107     245   232     246   129     247   215     248   231     249   171     250   232     251   85     252   179     253   80     254   91     255   204   
77   129  77   1     128   89     129   85     130   233     131   60     132   148     133   14     134   96     135   165     136   213     137   109     138   182     139   114     140   50     141   197     142   112     143   171     144   195     145   6     146   226     147   33     148   23     149   215     150   206     151   41     152   32     153   224     154   226     155   75     156   2     157   148     158   147     159   140     160   80     161   178     162   193     163   43     164   129     165   120     166   206     167   184     168   103     169   20     170   98     171   68     172   156     173   6     174   2     175   182     176   216     177   191     178   73     179   166     180   52     181   200     182   233     183   117     184   164     185   139     186   63     187   129     188   81     189   210     190   152     191   230     192   1     193   135     194   124     195   239     196   253     197   121     198   91     199   40     200   125     201   6     202   109     203   178     204   3     205   251     206   40     207   231     208   214     209   26     210   159     211   174     212   13     213   15     214   116     215   105     216   116     217   40     218   46     219   121     220   9     221   237     222   20     223   213     224   169     225   51     226   171     227   18     228   252     229   196     230   170     231   184     232   243     233   19     234   35     235   234     236   203     237   212     238   251     239   144     240   166     241   68     242   221     243   128     244   83     245   109     246   85     247   74     248   224     249   208     250   109     251   234     252   101     253   227     254   249     255   54   
78   129  78   1     128   17     129   92     130   141     131   51     132   1     133   91     134   139     135   132     136   158     137   214     138   147     139   130     140   98     141   184     142   140     143   46     144   252     145   175     146   186     147   223     148   231     149   207     150   233     151   205     152   33     153   184     154   212     155   90     156   208     157   1     158   148     159   2     160   20     161   99     162   128     163   215     164   34     165   230     166   161     167   107     168   41     169   16     170   117     171   80     172   158     173   222     174   43     175   193     176   224     177   62     178   5     179   229     180   28     181   82     182   141     183   61     184   151     185   100     186   229     187   95     188   230     189   146     190   251     191   236     192   166     193   172     194   60     195   97     196   183     197   241     198   238     199   38     200   164     201   243     202   20     203   99     204   247     205   200     206   126     207   39     208   74     209   186     210   71     211   73     212   196     213   226     214   155     215   12     216   144     217   99     218   91     219   241     220   11     221   244     222   55     223   189     224   127     225   216     226   195     227   227     228   141     229   169     230   136     231   113     232   55     233   109     234   140     235   22     236   165     237   167     238   82     239   75     240   51     241   56     242   228     243   110     244   183     245   214     246   110     247   250     248   216     249   173     250   214     251   18     252   233     253   133     254   189     255   204   
79   129  79   1     128   163     129   5     130   164     131   242     132   241     133   232     134   191     135   154     136   148     137   132     138   148     139   206     140   34     141   10     142   187     143   140     144   241     145   76     146   245     147   57     148   1     149   10     150   198     151   110     152   21     153   10     154   239     155   25     156   158     157   241     158   121     159   255     160   72     161   211     162   49     163   225     164   27     165   249     166   15     167   134     168   97     169   234     170   161     171   61     172   179     173   203     174   158     175   191     176   236     177   39     178   39     179   254     180   176     181   194     182   156     183   41     184   119     185   199     186   254     187   11     188   240     189   101     190   146     191   212     192   58     193   97     194   216     195   44     196   60     197   182     198   176     199   87     200   153     201   191     202   72     203   215     204   209     205   124     206   177     207   184     208   178     209   245     210   181     211   188     212   44     213   19     214   48     215   56     216   154     217   211     218   232     219   182     220   213     221   164     222   13     223   24     224   64     225   215     226   169     227   226     228   140     229   198     230   204     231   135     232   83     233   20     234   196     235   183     236   135     237   151     238   124     239   67     240   254     241   59     242   146     243   26     244   152     245   91     246   192     247   15     248   101     249   179     250   16     251   84     252   198     253   35     254   24     255   56   
80   129  80   1     128   81     129   82     130   125     131   15     132   248     133   141     134   24     135   110     136   114     137   92     138   163     139   146     140   130     141   118     142   28     143   227     144   249     145   143     146   60     147   79     148   204     149   252     150   189     151   77     152   8     153   56     154   182     155   219     156   142     157   37     158   237     159   35     160   20     161   162     162   119     163   195     164   103     165   30     166   189     167   46     168   208     169   5     170   150     171   17     172   39     173   143     174   142     175   163     176   54     177   230     178   85     179   167     180   13     181   50     182   125     183   90     184   41     185   235     186   198     187   103     188   83     189   186     190   38     191   183     192   71     193   232     194   31     195   242     196   120     197   89     198   223     199   10     200   88     201   143     202   92     203   162     204   201     205   247     206   10     207   240     208   187     209   136     210   238     211   165     212   68     213   21     214   29     215   93     216   235     217   10     218   133     219   89     220   69     221   124     222   5     223   114     224   109     225   197     226   227     227   138     228   63     229   49     230   164     231   46     232   245     233   205     234   193     235   180     236   251     237   53     238   247     239   36     240   167     241   17     242   112     243   32     244   221     245   92     246   82     247   156     248   56     249   52     250   92     251   180     252   94     253   241     254   121     255   131   
81   129  81   1     128   186     129   254     130   220     131   216     132   121     133   140     134   50     135   175     136   30     137   171     138   30     139   164     140   66     141   225     142   118     143   127     144   121     145   80     146   19     147   35     148   148     149   224     150   112     151   18     152   226     153   225     154   71     155   245     156   255     157   121     158   108     159   242     160   58     161   59     162   86     163   204     164   105     165   237     166   180     167   212     168   13     169   185     170   34     171   232     172   113     173   90     174   255     175   28     176   230     177   188     178   188     179   102     180   213     181   26     182   202     183   55     184   231     185   228     186   102     187   117     188   237     189   103     190   65     191   240     192   35     193   13     194   78     195   201     196   124     197   92     198   3     199   144     200   52     201   204     202   58     203   81     204   160     205   146     206   151     207   215     208   54     209   19     210   253     211   189     212   132     213   20     214   241     215   22     216   149     217   59     218   140     219   92     220   100     221   220     222   42     223   97     224   238     225   81     226   246     227   109     228   57     229   112     230   185     231   10     232   42     233   223     234   69     235   200     236   10     237   191     238   146     239   79     240   211     241   183     242   31     243   84     244   69     245   181     246   47     247   56     248   81     249   162     250   181     251   49     252   112     253   214     254   97     255   22   
82   129  82   1     128   77     129   227     130   176     131   215     132   193     133   200     134   12     135   55     136   57     137   46     138   198     139   139     140   65     141   219     142   113     143   255     144   242     145   42     146   68     147   169     148   102     149   126     150   156     151   186     152   196     153   28     154   177     155   95     156   146     157   77     158   187     159   159     160   175     161   81     162   42     163   239     164   154     165   167     166   208     167   23     168   130     169   140     170   97     171   134     172   98     173   104     174   132     175   223     176   27     177   115     178   226     179   249     180   136     181   25     182   176     183   45     184   154     185   251     186   249     187   189     188   167     189   7     190   170     191   89     192   173     193   116     194   142     195   206     196   224     197   217     198   225     199   185     200   44     201   201     202   175     203   81     204   234     205   88     206   121     207   120     208   211     209   68     210   119     211   191     212   61     213   132     214   128     215   160     216   152     217   5     218   158     219   161     220   24     221   180     222   140     223   57     224   184     225   212     226   64     227   69     228   176     229   150     230   82     231   66     232   244     233   171     234   113     235   48     236   243     237   148     238   25     239   18     240   221     241   207     242   56     243   245     244   224     245   46     246   245     247   78     248   28     249   181     250   46     251   19     252   156     253   246     254   201     255   123   
83   129  83   1     128   47     129   24     130   204     131   65     132   73     133   250     134   132     135   151     136   76     137   199     138   76     139   225     140   240     141   48     142   111     143   12     144   73     145   54     146   162     147   184     148   164     149   48     150   42     151   198     152   147     153   48     154   25     155   179     156   124     157   73     158   174     159   146     160   221     161   185     162   115     163   194     164   72     165   130     166   40     167   60     168   238     169   1     170   212     171   83     172   164     173   249     174   124     175   132     176   17     177   232     178   232     179   97     180   172     181   193     182   135     183   51     184   117     185   217     186   97     187   177     188   186     189   5     190   92     191   90     192   176     193   238     194   122     195   43     196   50     197   188     198   172     199   126     200   68     201   132     202   221     203   82     204   66     205   182     206   95     207   103     208   87     209   162     210   180     211   140     212   43     213   131     214   128     215   75     216   151     217   185     218   250     219   188     220   169     221   204     222   211     223   64     224   22     225   82     226   31     227   202     228   12     229   42     230   26     231   207     232   149     233   96     234   209     235   79     236   207     237   68     238   182     239   30     240   97     241   67     242   92     243   187     244   108     245   94     246   58     247   40     248   5     249   164     250   139     251   118     252   42     253   3     254   64     255   75   
84   129  84   1     128   69     129   173     130   161     131   207     132   118     133   152     134   136     135   64     136   8     137   83     138   44     139   105     140   205     141   71     142   215     143   216     144   78     145   43     146   171     147   178     148   112     149   125     150   206     151   109     152   16     153   71     154   191     155   132     156   122     157   69     158   115     159   236     160   246     161   48     162   43     163   37     164   138     165   6     166   149     167   167     168   135     169   51     170   42     171   255     172   8     173   196     174   107     175   63     176   47     177   235     178   179     179   156     180   75     181   19     182   161     183   113     184   233     185   160     186   156     187   55     188   6     189   90     190   144     191   192     192   202     193   177     194   7     195   220     196   143     197   123     198   145     199   79     200   111     201   134     202   246     203   48     204   67     205   222     206   39     207   57     208   183     209   171     210   147     211   11     212   140     213   195     214   187     215   82     216   182     217   102     218   242     219   66     220   13     221   217     222   10     223   244     224   81     225   237     226   211     227   181     228   161     229   2     230   18     231   239     232   10     233   142     234   215     235   26     236   80     237   62     238   19     239   193     240   3     241   194     242   234     243   20     244   143     245   83     246   20     247   103     248   237     249   199     250   83     251   223     252   206     253   54     254   134     255   27   
85   129  85   1     128   238     129   159     130   21     131   61     132   19     133   226     134   49     135   107     136   40     137   48     138   161     139   10     140   223     141   30     142   67     143   137     144   129     145   212     146   2     147   78     148   3     149   97     150   128     151   178     152   211     153   134     154   207     155   43     156   20     157   87     158   38     159   28     160   167     161   104     162   212     163   62     164   29     165   122     166   128     167   24     168   64     169   224     170   172     171   71     172   231     173   219     174   53     175   250     176   41     177   105     178   54     179   201     180   4     181   91     182   21     183   123     184   193     185   109     186   31     187   29     188   13     189   89     190   252     191   93     192   170     193   198     194   232     195   116     196   68     197   208     198   125     199   120     200   66     201   219     202   48     203   104     204   227     205   191     206   221     207   247     208   203     209   2     210   141     211   111     212   204     213   53     214   209     215   162     216   109     217   221     218   6     219   155     220   98     221   241     222   224     223   40     224   192     225   100     226   137     227   59     228   95     229   240     230   35     231   153     232   23     233   145     234   27     235   147     236   184     237   130     238   46     239   197     240   136     241   77     242   17     243   183     244   68     245   48     246   46     247   165     248   134     249   16     250   48     251   252     252   87     253   101     254   103     255   77   
86   129  86   1     128   100     129   57     130   71     131   222     132   201     133   149     134   38     135   108     136   42     137   250     138   42     139   132     140   167     141   114     142   220     143   106     144   201     145   59     146   253     147   8     148   180     149   114     150   217     151   156     152   233     153   114     154   95     155   198     156   88     157   201     158   111     159   143     160   15     161   34     162   96     163   25     164   175     165   161     166   75     167   224     168   215     169   74     170   126     171   60     172   180     173   214     174   88     175   232     176   72     177   118     178   158     179   130     180   163     181   179     182   66     183   207     184   41     185   138     186   170     187   121     188   196     189   238     190   4     191   77     192   44     193   215     194   17     195   225     196   190     197   141     198   163     199   148     200   61     201   232     202   15     203   90     204   116     205   86     206   148     207   203     208   185     209   253     210   154     211   255     212   225     213   185     214   109     215   119     216   108     217   110     218   124     219   141     220   64     221   71     222   81     223   184     224   109     225   90     226   22     227   14     228   146     229   135     230   79     231   237     232   160     233   228     234   157     235   128     236   69     237   6     238   86     239   245     240   130     241   18     242   4     243   162     244   118     245   128     246   169     247   66     248   227     249   110     250   208     251   86     252   135     253   170     254   184     255   251   
87   129  87   1     128   166     129   162     130   140     131   79     132   219     133   8     134   225     135   131     136   195     137   130     138   72     139   249     140   71     141   22     142   64     143   139     144   180     145   221     146   198     147   141     148   165     149   122     150   215     151   83     152   95     153   128     154   57     155   102     156   239     157   175     158   171     159   208     160   31     161   38     162   221     163   234     164   179     165   158     166   215     167   65     168   229     169   206     170   133     171   209     172   250     173   214     174   112     175   73     176   160     177   69     178   213     179   110     180   145     181   1     182   140     183   253     184   81     185   212     186   117     187   179     188   205     189   199     190   30     191   86     192   210     193   101     194   241     195   246     196   116     197   76     198   170     199   88     200   35     201   214     202   130     203   38     204   107     205   94     206   129     207   132     208   168     209   198     210   26     211   18     212   156     213   112     214   47     215   237     216   212     217   129     218   87     219   76     220   12     221   211     222   206     223   195     224   50     225   136     226   139     227   24     228   144     229   176     230   89     231   245     232   74     233   202     234   228     235   12     236   106     237   17     238   148     239   192     240   232     241   40     242   29     243   97     244   116     245   130     246   148     247   217     248   128     249   126     250   130     251   30     252   175     253   235     254   45     255   40   
88   129  88   1     128   11     129   171     130   45     131   26     132   97     133   144     134   105     135   195     136   55     137   209     138   118     139   196     140   138     141   170     142   244     143   187     144   97     145   80     146   197     147   159     148   213     149   7     150   66     151   255     152   39     153   7     154   197     155   166     156   48     157   97     158   41     159   60     160   211     161   22     162   202     163   147     164   132     165   52     166   66     167   230     168   33     169   253     170   89     171   36     172   161     173   80     174   48     175   118     176   139     177   174     178   150     179   235     180   218     181   18     182   45     183   78     184   219     185   116     186   50     187   1     188   203     189   127     190   193     191   165     192   24     193   212     194   84     195   125     196   208     197   44     198   59     199   231     200   76     201   80     202   209     203   222     204   40     205   128     206   231     207   189     208   31     209   229     210   137     211   43     212   184     213   136     214   148     215   177     216   148     217   231     218   183     219   44     220   216     221   212     222   253     223   253     224   99     225   146     226   83     227   173     228   200     229   93     230   75     231   230     232   64     233   181     234   15     235   5     236   58     237   47     238   128     239   1     240   235     241   46     242   193     243   156     244   251     245   209     246   171     247   190     248   245     249   79     250   133     251   5     252   17     253   153     254   255     255   234   
89   129  89   1     128   239     129   114     130   108     131   211     132   119     133   221     134   156     135   25     136   191     137   33     138   67     139   230     140   14     141   133     142   166     143   185     144   119     145   192     146   17     147   84     148   218     149   255     150   248     151   73     152   116     153   255     154   17     155   149     156   64     157   119     158   151     159   80     160   210     161   195     162   5     163   217     164   237     165   187     166   248     167   158     168   124     169   186     170   220     171   112     172   106     173   192     174   64     175   67     176   249     177   126     178   213     179   121     180   206     181   56     182   108     183   232     184   57     185   176     186   179     187   237     188   242     189   95     190   234     191   145     192   32     193   45     194   59     195   172     196   214     197   155     198   175     199   105     200   27     201   192     202   33     203   53     204   96     205   22     206   105     207   177     208   223     209   154     210   10     211   100     212   189     213   253     214   38     215   161     216   38     217   105     218   169     219   155     220   61     221   236     222   186     223   186     224   132     225   46     226   196     227   122     228   246     229   39     230   228     231   158     232   11     233   90     234   20     235   12     236   88     237   159     238   22     239   247     240   121     241   104     242   234     243   205     244   178     245   33     246   114     247   181     248   81     249   31     250   33     251   12     252   60     253   193     254   73     255   142   
90   129  90   1     128   171     129   158     130   203     131   193     132   64     133   126     134   71     135   243     136   51     137   34     138   51     139   197     140   165     141   33     142   215     143   201     144   64     145   54     146   161     147   88     148   175     149   33     150   240     151   45     152   61     153   33     154   161     155   41     156   18     157   64     158   127     159   235     160   105     161   107     162   135     163   227     164   253     165   159     166   191     167   110     168   146     169   180     170   85     171   145     172   8     173   153     174   18     175   111     176   162     177   46     178   59     179   255     180   137     181   225     182   236     183   122     184   46     185   167     186   218     187   100     188   63     189   12     190   44     191   133     192   9     193   146     194   187     195   101     196   70     197   150     198   185     199   117     200   178     201   54     202   105     203   4     204   27     205   112     206   117     207   86     208   119     209   161     210   23     211   183     212   101     213   119     214   243     215   6     216   243     217   117     218   67     219   150     220   65     221   203     222   65     223   124     224   248     225   4     226   154     227   51     228   79     229   216     230   147     231   17     232   56     233   66     234   38     235   233     236   221     237   58     238   112     239   249     240   255     241   94     242   44     243   130     244   13     245   233     246   199     247   32     248   115     249   229     250   249     251   112     252   175     253   79     254   124     255   155   
91   129  91   1     128   93     129   38     130   62     131   171     132   66     133   193     134   92     135   206     136   8     137   251     138   8     139   2     140   97     141   76     142   70     143   228     144   66     145   204     146   200     147   147     148   244     149   76     150   121     151   170     152   52     153   76     154   150     155   3     156   68     157   66     158   172     159   31     160   65     161   155     162   154     163   80     164   242     165   75     166   106     167   95     168   192     169   146     170   24     171   25     172   79     173   56     174   68     175   50     176   127     177   139     178   71     179   40     180   166     181   157     182   1     183   104     184   29     185   187     186   205     187   202     188   238     189   230     190   199     191   64     192   34     193   192     194   195     195   167     196   49     197   105     198   25     199   57     200   225     201   204     202   65     203   169     204   102     205   253     206   57     207   175     208   227     209   200     210   128     211   37     212   167     213   227     214   54     215   115     216   206     217   57     218   245     219   105     220   236     221   62     222   47     223   27     224   54     225   169     226   143     227   8     228   19     229   23     230   173     231   243     232   179     233   152     234   82     235   197     236   211     237   42     238   253     239   91     240   40     241   224     242   199     243   94     244   139     245   197     246   216     247   1     248   74     249   35     250   91     251   253     252   23     253   19     254   27     255   226   
92   129  92   1     128   20     129   232     130   103     131   241     132   169     133   144     134   197     135   104     136   142     137   34     138   142     139   101     140   222     141   205     142   238     143   73     144   169     145   247     146   130     147   124     148   184     149   205     150   51     151   41     152   68     153   205     154   227     155   117     156   67     157   169     158   246     159   79     160   220     161   119     162   42     163   5     164   162     165   255     166   37     167   185     168   12     169   11     170   143     171   87     172   184     173   141     174   67     175   197     176   187     177   54     178   54     179   140     180   224     181   24     182   216     183   208     184   16     185   240     186   140     187   47     188   106     189   39     190   62     191   4     192   36     193   12     194   121     195   56     196   219     197   80     198   224     199   85     200   214     201   197     202   220     203   92     204   236     205   30     206   35     207   182     208   123     209   130     210   8     211   157     212   56     213   244     214   233     215   191     216   104     217   119     218   144     219   80     220   199     221   103     222   190     223   250     224   233     225   92     226   217     227   93     228   116     229   51     230   254     231   122     232   126     233   135     234   168     235   147     236   120     237   214     238   30     239   210     240   140     241   231     242   62     243   97     244   243     245   40     246   131     247   37     248   39     249   184     250   172     251   13     252   51     253   29     254   250     255   191   
93   129  93   1     128   110     129   165     130   24     131   178     132   228     133   139     134   153     135   72     136   100     137   179     138   167     139   25     140   247     141   43     142   44     143   195     144   142     145   196     146   84     147   227     148   126     149   81     150   30     151   67     152   18     153   88     154   204     155   26     156   50     157   110     158   213     159   127     160   91     161   54     162   196     163   2     164   85     165   248     166   164     167   215     168   82     169   223     170   104     171   132     172   9     173   95     174   49     175   92     176   78     177   28     178   79     179   1     180   168     181   251     182   24     183   210     184   220     185   180     186   1     187   85     188   207     189   175     190   160     191   216     192   148     193   10     194   146     195   73     196   250     197   108     198   46     199   172     200   6     201   95     202   33     203   54     204   161     205   12     206   163     207   147     208   197     209   84     210   107     211   224     212   19     213   49     214   70     215   217     216   180     217   163     218   106     219   13     220   47     221   111     222   223     223   100     224   246     225   211     226   35     227   128     228   24     229   69     230   87     231   89     232   76     233   20     234   169     235   64     236   90     237   240     238   152     239   116     240   233     241   157     242   176     243   193     244   250     245   179     246   152     247   15     248   88     249   187     250   179     251   160     252   30     253   249     254   173     255   157   
94   129  94   1     128   78     129   27     130   91     131   228     132   237     133   201     134   189     135   225     136   203     137   121     138   203     139   251     140   238     141   54     142   6     143   218     144   237     145   249     146   241     147   175     148   81     149   54     150   174     151   23     152   107     153   54     154   183     155   8     156   253     157   237     158   114     159   163     160   229     161   100     162   151     163   157     164   65     165   213     166   45     167   181     168   58     169   92     170   64     171   179     172   62     173   75     174   253     175   123     176   190     177   239     178   245     179   192     180   55     181   116     182   243     183   214     184   88     185   111     186   233     187   10     188   234     189   33     190   217     191   22     192   240     193   58     194   50     195   196     196   115     197   37     198   179     199   184     200   194     201   26     202   229     203   31     204   13     205   105     206   184     207   15     208   57     209   241     210   44     211   19     212   196     213   57     214   144     215   158     216   225     217   184     218   162     219   37     220   17     221   91     222   35     223   72     224   144     225   31     226   4     227   148     228   131     229   104     230   244     231   178     232   164     233   108     234   102     235   34     236   185     237   59     238   105     239   94     240   192     241   49     242   217     243   70     244   239     245   34     246   122     247   243     248   38     249   3     250   94     251   105     252   104     253   233     254   72     255   202   
95   129  95   1     128   148     129   106     130   169     131   161     132   29     133   225     134   255     135   120     136   35     137   201     138   186     139   46     140   107     141   94     142   176     143   153     144   52     145   156     146   108     147   24     148   90     149   185     150   196     151   167     152   30     153   182     154   251     155   121     156   159     157   148     158   245     159   50     160   233     161   34     162   156     163   208     164   53     165   9     166   2     167   234     168   214     169   141     170   249     171   131     172   15     173   1     174   39     175   11     176   21     177   20     178   125     179   104     180   216     181   177     182   169     183   63     184   53     185   204     186   104     187   4     188   67     189   221     190   238     191   136     192   77     193   183     194   41     195   16     196   217     197   68     198   139     199   101     200   109     201   179     202   233     203   34     204   215     205   218     206   26     207   72     208   244     209   108     210   65     211   160     212   118     213   39     214   114     215   224     216   145     217   7     218   96     219   178     220   227     221   252     222   141     223   35     224   3     225   87     226   57     227   62     228   169     229   202     230   212     231   222     232   197     233   188     234   176     235   219     236   102     237   110     238   177     239   237     240   175     241   66     242   113     243   73     244   217     245   201     246   151     247   98     248   182     249   174     250   201     251   191     252   196     253   97     254   179     255   66   
96   129  96   1     128   217     129   67     130   25     131   118     132   97     133   41     134   243     135   79     136   26     137   231     138   124     139   136     140   42     141   133     142   85     143   102     144   198     145   182     146   40     147   177     148   60     149   199     150   88     151   29     152   218     153   170     154   119     155   38     156   13     157   88     158   194     159   173     160   4     161   115     162   182     163   63     164   185     165   6     166   210     167   253     168   105     169   1     170   152     171   5     172   109     173   122     174   163     175   212     176   14     177   103     178   159     179   15     180   80     181   168     182   25     183   18     184   175     185   55     186   145     187   185     188   228     189   128     190   172     191   208     192   224     193   195     194   161     195   222     196   57     197   230     198   106     199   46     200   65     201   122     202   231     203   115     204   61     205   249     206   2     207   48     208   39     209   40     210   54     211   31     212   75     213   163     214   242     215   64     216   55     217   2     218   167     219   19     220   251     221   72     222   1     223   26     224   187     225   131     226   102     227   123     228   25     229   92     230   134     231   59     232   49     233   155     234   193     235   179     236   149     237   250     238   98     239   255     240   114     241   141     242   73     243   89     244   57     245   231     246   98     247   44     248   170     249   93     250   231     251   172     252   88     253   151     254   191     255   141   
97   129  97   1     128   239     129   114     130   108     131   211     132   119     133   221     134   156     135   25     136   191     137   33     138   67     139   230     140   14     141   255     142   166     143   185     144   119     145   192     146   17     147   201     148   218     149   255     150   248     151   73     152   116     153   255     154   17     155   149     156   64     157   119     158   151     159   80     160   226     161   118     162   5     163   217     164   237     165   187     166   248     167   158     168   124     169   186     170   220     171   112     172   106     173   192     174   64     175   67     176   249     177   126     178   213     179   121     180   206     181   56     182   115     183   232     184   57     185   176     186   179     187   247     188   242     189   95     190   234     191   145     192   32     193   45     194   59     195   172     196   214     197   155     198   175     199   105     200   27     201   192     202   33     203   53     204   96     205   22     206   105     207   177     208   51     209   154     210   63     211   100     212   189     213   253     214   38     215   161     216   38     217   105     218   169     219   155     220   61     221   45     222   186     223   186     224   132     225   53     226   196     227   122     228   246     229   39     230   228     231   158     232   11     233   90     234   20     235   12     236   88     237   159     238   22     239   247     240   121     241   104     242   234     243   205     244   178     245   33     246   114     247   181     248   81     249   83     250   26     251   12     252   60     253   246     254   73     255   142   
98   129  98   1     128   211     129   107     130   75     131   232     132   20     133   109     134   86     135   236     136   163     137   194     138   34     139   225     140   133     141   62     142   79     143   129     144   85     145   240     146   53     147   101     148   161     149   13     150   193     151   231     152   50     153   158     154   48     155   2     156   223     157   144     158   40     159   11     160   125     161   77     162   251     163   73     164   159     165   205     166   193     167   97     168   238     169   88     170   8     171   37     172   147     173   239     174   60     175   12     176   55     177   217     178   177     179   111     180   106     181   46     182   75     183   89     184   187     185   179     186   170     187   159     188   42     189   27     190   83     191   113     192   87     193   112     194   140     195   164     196   132     197   154     198   6     199   248     200   219     201   239     202   194     203   77     204   249     205   28     206   176     207   38     208   90     209   53     210   235     211   134     212   145     213   60     214   14     215   131     216   179     217   176     218   95     219   154     220   213     221   121     222   88     223   163     224   47     225   243     226   129     227   183     228   68     229   237     230   214     231   97     232   126     233   224     234   192     235   213     236   215     237   244     238   252     239   209     240   21     241   196     242   33     243   200     244   132     245   194     246   252     247   72     248   158     249   181     250   194     251   83     252   144     253   103     254   82     255   196   
99   129  99   1     128   119     129   11     130   120     131   145     132   102     133   157     134   199     135   117     136   233     137   69     138   49     139   125     140   12     141   178     142   156     143   84     144   140     145   62     146   196     147   72     148   155     149   8     150   14     151   235     152   182     153   37     154   196     155   205     156   225     157   102     158   166     159   158     160   42     161   238     162   109     163   10     164   28     165   63     166   14     167   172     168   7     169   132     170   38     171   174     172   197     173   62     174   225     175   49     176   181     177   108     178   44     179   106     180   50     181   48     182   120     183   189     184   139     185   94     186   142     187   28     188   212     189   41     190   26     191   27     192   254     193   34     194   224     195   70     196   252     197   193     198   150     199   21     200   30     201   62     202   69     203   238     204   31     205   194     206   21     207   229     208   246     209   122     210   218     211   201     212   130     213   99     214   67     215   154     216   67     217   21     218   43     219   193     220   93     221   167     222   132     223   233     224   9     225   242     226   232     227   186     228   2     229   76     230   22     231   172     232   97     233   68     234   169     235   103     236   47     237   23     238   194     239   185     240   106     241   174     242   26     243   226     244   53     245   69     246   11     247   51     248   37     249   200     250   69     251   103     252   230     253   133     254   35     255   211   
100   129  100   1     128   6     129   44     130   107     131   82     132   189     133   56     134   175     135   54     136   61     137   15     138   61     139   159     140   37     141   88     142   45     143   22     144   189     145   83     146   63     147   225     148   174     149   88     150   134     151   118     152   131     153   88     154   85     155   133     156   101     157   189     158   41     159   103     160   209     161   152     162   248     163   143     164   196     165   164     166   116     167   78     168   2     169   121     170   71     171   99     172   52     173   179     174   101     175   175     176   186     177   9     178   9     179   201     180   219     181   4     182   36     183   211     184   243     185   40     186   201     187   246     188   19     189   128     190   254     191   245     192   14     193   2     194   110     195   255     196   205     197   24     198   219     199   151     200   8     201   175     202   209     203   26     204   217     205   5     206   117     207   194     208   154     209   63     210   247     211   64     212   74     213   221     214   86     215   79     216   231     217   152     218   56     219   24     220   91     221   107     222   53     223   43     224   200     225   26     226   94     227   96     228   22     229   134     230   222     231   224     232   21     233   176     234   199     235   182     236   224     237   210     238   5     239   39     240   201     241   160     242   254     243   106     244   199     245   12     246   69     247   116     248   128     249   52     250   50     251   120     252   134     253   139     254   43     255   79   
101   129  101   1     128   213     129   248     130   239     131   143     132   44     133   60     134   61     135   51     136   13     137   83     138   13     139   219     140   126     141   237     142   164     143   124     144   44     145   211     146   181     147   172     148   97     149   245     150   244     151   173     152   197     153   237     154   6     155   16     156   224     157   44     158   201     159   88     160   74     161   82     162   131     163   114     164   177     165   3     166   21     167   47     168   184     169   254     170   23     171   53     172   236     173   35     174   224     175   61     176   165     177   134     178   134     179   57     180   40     181   109     182   34     183   242     184   189     185   149     186   57     187   140     188   77     189   33     190   86     191   104     192   15     193   184     194   222     195   10     196   84     197   115     198   40     199   1     200   218     201   61     202   74     203   203     204   144     205   49     206   73     207   7     208   234     209   181     210   208     211   158     212   252     213   253     214   226     215   205     216   121     217   82     218   60     219   115     220   9     221   239     222   215     223   113     224   101     225   203     226   56     227   209     228   98     229   244     230   254     231   240     232   152     233   199     234   54     235   18     236   240     237   174     238   49     239   198     240   103     241   110     242   21     243   179     244   54     245   94     246   175     247   21     248   33     249   139     250   94     251   162     252   244     253   31     254   113     255   205   
102   129  102   1     128   246     129   221     130   70     131   129     132   202     133   145     134   160     135   242     136   130     137   53     138   130     139   116     140   1     141   167     142   236     143   224     144   202     145   215     146   46     147   99     148   57     149   95     150   161     151   214     152   178     153   167     154   62     155   91     156   49     157   202     158   206     159   137     160   51     161   203     162   253     163   125     164   241     165   243     166   79     167   213     168   172     169   60     170   155     171   204     172   89     173   169     174   37     175   199     176   117     177   220     178   220     179   176     180   45     181   69     182   87     183   159     184   141     185   152     186   176     187   158     188   243     189   72     190   20     191   100     192   99     193   172     194   85     195   66     196   245     197   131     198   21     199   254     200   138     201   125     202   51     203   47     204   179     205   19     206   44     207   192     208   103     209   46     210   200     211   36     212   2     213   252     214   156     215   17     216   193     217   203     218   145     219   131     220   93     221   70     222   8     223   98     224   230     225   47     226   78     227   54     228   38     229   81     230   227     231   126     232   8     233   83     234   236     235   186     236   126     237   201     238   19     239   173     240   7     241   90     242   122     243   16     244   245     245   183     246   202     247   222     248   47     249   94     250   183     251   181     252   161     253   56     254   98     255   28   
103   129  103   1     128   184     129   163     130   174     131   142     132   239     133   118     134   224     135   220     136   240     137   49     138   240     139   60     140   42     141   91     142   151     143   247     144   239     145   186     146   152     147   100     148   121     149   91     150   167     151   144     152   98     153   91     154   2     155   34     156   171     157   239     158   71     159   195     160   205     161   197     162   138     163   46     164   78     165   1     166   248     167   132     168   104     169   122     170   13     171   19     172   121     173   234     174   171     175   224     176   99     177   105     178   137     179   23     180   24     181   208     182   30     183   165     184   107     185   115     186   23     187   164     188   59     189   31     190   50     191   211     192   219     193   104     194   74     195   6     196   4     197   218     198   24     199   244     200   145     201   224     202   205     203   178     204   112     205   228     206   204     207   246     208   173     209   152     210   187     211   129     212   6     213   160     214   94     215   176     216   220     217   197     218   20     219   218     220   7     221   174     222   77     223   47     224   94     225   178     226   227     227   79     228   223     229   167     230   252     231   80     232   131     233   182     234   18     235   14     236   183     237   43     238   228     239   66     240   23     241   209     242   50     243   154     244   105     245   14     246   101     247   248     248   31     249   121     250   193     251   149     252   167     253   254     254   47     255   179   
104   129  104   1     128   152     129   90     130   62     131   181     132   176     133   153     134   57     135   186     136   6     137   4     138   37     139   189     140   161     141   140     142   69     143   35     144   214     145   19     146   122     147   128     148   71     149   53     150   191     151   149     152   160     153   101     154   242     155   65     156   3     157   152     158   125     159   246     160   171     161   253     162   19     163   127     164   45     165   112     166   235     167   2     168   95     169   227     170   25     171   72     172   80     173   251     174   205     175   155     176   59     177   192     178   138     179   177     180   244     181   190     182   62     183   77     184   45     185   52     186   177     187   203     188   60     189   196     190   201     191   211     192   151     193   158     194   102     195   11     196   15     197   231     198   195     199   10     200   129     201   85     202   18     203   253     204   164     205   31     206   107     207   167     208   162     209   122     210   215     211   78     212   17     213   205     214   218     215   98     216   168     217   219     218   102     219   174     220   114     221   41     222   227     223   6     224   16     225   252     226   109     227   182     228   62     229   20     230   180     231   212     232   68     233   5     234   69     235   91     236   26     237   145     238   190     239   217     240   30     241   199     242   202     243   92     244   15     245   4     246   136     247   209     248   101     249   229     250   4     251   21     252   191     253   193     254   85     255   199   
105   129  105   1     128   68     129   13     130   14     131   192     132   101     133   146     134   22     135   42     136   206     137   127     138   118     139   189     140   82     141   218     142   228     143   184     144   215     145   134     146   39     147   91     148   187     149   151     150   190     151   34     152   249     153   213     154   140     155   117     156   103     157   131     158   202     159   8     160   29     161   145     162   142     163   123     164   97     165   157     166   190     167   177     168   95     169   64     170   201     171   93     172   66     173   235     174   175     175   35     176   167     177   248     178   52     179   209     180   185     181   85     182   14     183   244     184   136     185   65     186   179     187   97     188   191     189   135     190   72     191   62     192   162     193   138     194   47     195   229     196   230     197   63     198   159     199   79     200   141     201   235     202   127     203   145     204   251     205   172     206   128     207   156     208   53     209   210     210   1     211   147     212   55     213   175     214   86     215   205     216   65     217   128     218   107     219   63     220   219     221   247     222   64     223   206     224   225     225   71     226   184     227   171     228   236     229   158     230   26     231   177     232   220     233   9     234   10     235   219     236   174     237   108     238   165     239   49     240   209     241   224     242   183     243   195     244   230     245   127     246   13     247   207     248   213     249   222     250   127     251   72     252   6     253   46     254   252     255   224   
106   129  106   1     128   81     129   22     130   5     131   243     132   208     133   28     134   223     135   27     136   233     137   25     138   144     139   193     140   156     141   44     142   213     143   11     144   117     145   167     146   145     147   7     148   87     149   134     150   67     151   59     152   207     153   44     154   164     155   204     156   195     157   81     158   154     159   189     160   230     161   76     162   124     163   201     164   162     165   135     166   179     167   130     168   1     169   129     170   23     171   191     172   233     173   215     174   188     175   146     176   93     177   138     178   183     179   234     180   40     181   2     182   5     183   231     184   247     185   181     186   234     187   123     188   135     189   64     190   249     191   244     192   185     193   202     194   55     195   241     196   232     197   12     198   73     199   197     200   4     201   177     202   230     203   76     204   214     205   140     206   180     207   21     208   77     209   145     210   52     211   32     212   37     213   224     214   94     215   169     216   253     217   76     218   28     219   12     220   163     221   187     222   148     223   155     224   100     225   13     226   47     227   48     228   5     229   125     230   178     231   112     232   148     233   88     234   213     235   91     236   212     237   34     238   2     239   157     240   243     241   80     242   58     243   53     244   232     245   25     246   53     247   175     248   13     249   26     250   25     251   60     252   67     253   203     254   155     255   235   
107   129  107   1     128   143     129   86     130   210     131   154     132   104     133   135     134   134     135   4     136   72     137   112     138   191     139   18     140   29     141   130     142   76     143   151     144   96     145   226     146   198     147   166     148   7     149   22     150   150     151   195     152   137     153   152     154   198     155   27     156   94     157   104     158   165     159   199     160   197     161   3     162   62     163   230     164   49     165   41     166   150     167   56     168   75     169   118     170   216     171   232     172   13     173   226     174   94     175   191     176   201     177   245     178   69     179   117     180   255     181   116     182   210     183   223     184   43     185   10     186   235     187   49     188   234     189   133     190   177     191   122     192   47     193   211     194   149     195   48     196   164     197   6     198   209     199   236     200   186     201   226     202   112     203   136     204   113     205   70     206   236     207   85     208   57     209   89     210   124     211   16     212   246     213   168     214   240     215   204     216   240     217   236     218   14     219   6     220   74     221   110     222   118     223   72     224   221     225   50     226   131     227   148     228   139     229   175     230   172     231   56     232   35     233   187     234   248     235   163     236   5     237   103     238   70     239   212     240   117     241   179     242   177     243   30     244   180     245   112     246   86     247   52     248   152     249   219     250   112     251   163     252   21     253   189     254   195     255   161   
108   129  108   1     128   145     129   26     130   28     131   157     132   27     133   57     134   44     135   172     136   129     137   254     138   70     139   103     140   164     141   51     142   213     143   116     144   27     145   203     146   5     147   61     148   107     149   51     150   97     151   68     152   239     153   51     154   5     155   218     156   178     157   27     158   137     159   16     160   193     161   188     162   1     163   159     164   194     165   39     166   164     167   127     168   190     169   128     170   158     171   73     172   233     173   203     174   178     175   70     176   198     177   237     178   104     179   191     180   111     181   170     182   189     183   195     184   237     185   130     186   118     187   98     188   223     189   19     190   144     191   124     192   89     193   9     194   94     195   215     196   156     197   126     198   35     199   29     200   7     201   203     202   193     203   250     204   235     205   87     206   29     207   37     208   15     209   5     210   248     211   77     212   210     213   96     214   172     215   135     216   172     217   29     218   214     219   126     220   171     221   9     222   128     223   128     224   223     225   250     226   109     227   75     228   197     229   11     230   52     231   127     232   165     233   18     234   4     235   247     236   65     237   216     238   87     239   56     240   191     241   186     242   144     243   155     244   209     245   247     246   26     247   131     248   183     249   228     250   160     251   247     252   12     253   197     254   68     255   221   
109   129  109   1     128   237     129   30     130   255     131   22     132   28     133   74     134   165     135   214     136   95     137   63     138   95     139   158     140   204     141   60     142   189     143   15     144   28     145   181     146   4     147   150     148   6     149   65     150   174     151   121     152   187     153   60     154   88     155   86     156   99     157   28     158   11     159   56     160   173     161   208     162   166     163   124     164   159     165   44     166   34     167   51     168   91     169   70     170   225     171   142     172   141     173   128     174   99     175   165     176   82     177   210     178   210     179   62     180   135     181   182     182   111     183   246     184   47     185   168     186   62     187   58     188   26     189   67     190   75     191   194     192   156     193   91     194   234     195   232     196   136     197   147     198   135     199   239     200   113     201   165     202   173     203   200     204   220     205   21     206   129     207   183     208   139     209   4     210   153     211   175     212   133     213   106     214   160     215   144     216   123     217   208     218   74     219   147     220   196     221   255     222   46     223   80     224   157     225   200     226   209     227   118     228   15     229   174     230   70     231   53     232   247     233   120     234   162     235   149     236   53     237   85     238   21     239   151     240   62     241   154     242   75     243   92     244   162     245   96     246   186     247   34     248   67     249   141     250   96     251   229     252   174     253   202     254   80     255   144   
110   129  110   1     128   58     129   221     130   194     131   92     132   91     133   71     134   107     135   95     136   178     137   220     138   41     139   162     140   27     141   18     142   2     143   189     144   91     145   253     146   164     147   101     148   196     149   18     150   145     151   56     152   210     153   18     154   164     155   243     156   160     157   91     158   246     159   136     160   168     161   215     162   134     163   128     164   63     165   184     166   27     167   110     168   198     169   52     170   203     171   216     172   225     173   57     174   160     175   41     176   29     177   195     178   83     179   64     180   230     181   108     182   81     183   185     184   195     185   37     186   172     187   6     188   87     189   31     190   188     191   249     192   80     193   194     194   229     195   183     196   218     197   232     198   154     199   104     200   181     201   253     202   168     203   254     204   240     205   39     206   104     207   169     208   241     209   164     210   239     211   250     212   183     213   23     214   95     215   129     216   95     217   104     218   149     219   232     220   234     221   194     222   234     223   52     224   87     225   254     226   247     227   178     228   138     229   211     230   167     231   110     232   157     233   36     234   34     235   30     236   156     237   226     238   39     239   193     240   64     241   228     242   188     243   111     244   32     245   30     246   221     247   163     248   4     249   1     250   57     251   39     252   102     253   138     254   56     255   70   
111   129  111   1     128   124     129   154     130   233     131   80     132   38     133   104     134   173     135   114     136   218     137   203     138   218     139   166     140   141     141   41     142   95     143   77     144   38     145   129     146   101     147   26     148   217     149   64     150   32     151   12     152   146     153   41     154   93     155   78     156   243     157   38     158   40     159   76     160   194     161   171     162   234     163   55     164   248     165   255     166   120     167   134     168   191     169   199     170   115     171   47     172   73     173   60     174   243     175   185     176   43     177   23     178   23     179   149     180   239     181   99     182   92     183   125     184   66     185   249     186   149     187   240     188   255     189   252     190   54     191   158     192   26     193   191     194   91     195   231     196   246     197   87     198   187     199   96     200   198     201   55     202   194     203   232     204   31     205   178     206   98     207   61     208   20     209   101     210   33     211   126     212   7     213   103     214   247     215   181     216   176     217   171     218   104     219   87     220   71     221   233     222   28     223   151     224   68     225   232     226   245     227   65     228   121     229   85     230   199     231   189     232   28     233   82     234   143     235   142     236   189     237   172     238   178     239   50     240   132     241   195     242   179     243   56     244   143     245   17     246   38     247   16     248   232     249   205     250   17     251   22     252   32     253   84     254   151     255   42   
112   129  112   1     128   70     129   128     130   52     131   215     132   92     133   9     134   147     135   136     136   108     137   175     138   108     139   27     140   105     141   29     142   106     143   82     144   92     145   61     146   165     147   206     148   133     149   29     150   118     151   84     152   67     153   29     154   123     155   152     156   113     157   92     158   229     159   184     160   196     161   53     162   33     163   159     164   167     165   179     166   157     167   93     168   201     169   251     170   180     171   55     172   133     173   25     174   113     175   147     176   240     177   233     178   233     179   193     180   14     181   143     182   131     183   13     184   1     185   15     186   193     187   190     188   37     189   48     190   103     191   71     192   182     193   201     194   81     195   141     196   246     197   5     198   14     199   154     200   231     201   147     202   196     203   204     204   199     205   101     206   119     207   225     208   252     209   165     210   142     211   24     212   141     213   72     214   88     215   183     216   136     217   53     218   9     219   5     220   62     221   52     222   111     223   44     224   88     225   204     226   91     227   20     228   64     229   118     230   107     231   36     232   99     233   58     234   132     235   124     236   137     237   231     238   101     239   160     240   193     241   60     242   103     243   222     244   122     245   124     246   125     247   157     248   48     249   133     250   195     251   17     252   118     253   16     254   44     255   127   
113   129  113   1     128   64     129   56     130   95     131   133     132   225     133   108     134   231     135   111     136   81     137   149     138   81     139   83     140   76     141   69     142   71     143   52     144   225     145   60     146   154     147   47     148   150     149   69     150   191     151   7     152   93     153   69     154   154     155   244     156   20     157   225     158   215     159   161     160   21     161   126     162   217     163   16     164   99     165   23     166   233     167   196     168   209     169   136     170   243     171   27     172   177     173   170     174   20     175   168     176   74     177   242     178   224     179   8     180   213     181   123     182   167     183   186     184   242     185   39     186   155     187   201     188   54     189   103     190   153     191   178     192   10     193   203     194   63     195   114     196   92     197   29     198   84     199   13     200   53     201   60     202   21     203   214     204   30     205   96     206   13     207   35     208   179     209   154     210   121     211   88     212   114     213   102     214   111     215   189     216   111     217   13     218   49     219   29     220   90     221   95     222   90     223   136     224   110     225   214     226   122     227   81     228   86     229   240     230   112     231   196     232   48     233   138     234   67     235   202     236   157     237   91     238   96     239   181     240   8     241   146     242   153     243   180     244   220     245   202     246   56     247   254     248   142     249   173     250   181     251   96     252   150     253   86     254   7     255   193   
114   129  114   1     128   225     129   59     130   110     131   62     132   250     133   231     134   72     135   23     136   102     137   137     138   208     139   49     140   179     141   118     142   148     143   147     144   213     145   177     146   159     147   240     148   94     149   235     150   251     151   2     152   204     153   118     154   96     155   29     156   175     157   225     158   12     159   233     160   212     161   73     162   177     163   115     164   223     165   164     166   20     167   202     168   79     169   27     170   116     171   119     172   102     173   10     174   166     175   78     176   130     177   136     178   53     179   183     180   35     181   158     182   110     183   155     184   31     185   171     186   183     187   40     188   164     189   42     190   226     191   206     192   200     193   162     194   97     195   160     196   41     197   99     198   39     199   16     200   33     201   138     202   212     203   73     204   69     205   55     206   228     207   234     208   6     209   159     210   176     211   52     212   123     213   107     214   83     215   76     216   195     217   73     218   231     219   99     220   144     221   86     222   241     223   67     224   30     225   44     226   167     227   145     228   110     229   151     230   91     231   187     232   241     233   236     234   148     235   61     236   219     237   139     238   158     239   252     240   82     241   174     242   77     243   255     244   41     245   137     246   255     247   243     248   44     249   88     250   137     251   242     252   251     253   237     254   67     255   248   
115   129  115   1     128   195     129   255     130   90     131   187     132   238     133   167     134   157     135   76     136   99     137   116     138   99     139   209     140   72     141   227     142   81     143   111     144   238     145   21     146   34     147   143     148   212     149   227     150   78     151   93     152   232     153   227     154   214     155   55     156   128     157   238     158   211     159   193     160   217     161   236     162   10     163   249     164   199     165   107     166   28     167   18     168   65     169   105     170   165     171   67     172   212     173   52     174   128     175   157     176   131     177   42     178   183     179   242     180   129     181   130     182   230     183   152     184   252     185   125     186   123     187   243     188   221     189   141     190   201     191   63     192   64     193   65     194   118     195   103     196   177     197   43     198   129     199   210     200   54     201   157     202   217     203   106     204   192     205   44     206   178     207   4     208   231     209   34     210   126     211   200     212   103     213   66     214   57     215   95     216   76     217   166     218   79     219   43     220   12     221   90     222   122     223   146     224   57     225   106     226   32     227   172     228   241     229   78     230   213     231   33     232   30     233   219     234   40     235   24     236   176     237   35     238   44     239   173     240   242     241   233     242   201     243   244     244   42     245   24     246   228     247   28     248   141     249   212     250   23     251   135     252   78     253   123     254   146     255   1   
116   129  116   1     128   80     129   214     130   149     131   27     132   162     133   159     134   65     135   113     136   202     137   255     138   202     139   154     140   79     141   177     142   199     143   107     144   162     145   10     146   232     147   87     148   156     149   28     150   14     151   69     152   91     153   177     154   108     155   61     156   123     157   162     158   131     159   89     160   64     161   237     162   195     163   151     164   160     165   54     166   152     167   148     168   34     169   186     170   67     171   29     172   163     173   76     174   123     175   141     176   213     177   153     178   153     179   197     180   57     181   68     182   94     183   98     184   120     185   146     186   197     187   45     188   62     189   104     190   165     191   30     192   238     193   34     194   192     195   180     196   129     197   133     198   234     199   18     200   136     201   151     202   64     203   167     204   20     205   85     206   118     207   126     208   207     209   232     210   60     211   52     212   158     213   140     214   95     215   203     216   49     217   237     218   159     219   133     220   130     221   149     222   66     223   161     224   212     225   167     226   215     227   46     228   170     229   14     230   186     231   70     232   66     233   127     234   43     235   25     236   70     237   115     238   85     239   109     240   240     241   114     242   103     243   132     244   43     245   53     246   97     247   103     248   167     249   83     250   53     251   171     252   14     253   211     254   161     255   203   
117   129  117   1     128   90     129   243     130   60     131   21     132   68     133   29     134   223     135   137     136   69     137   153     138   69     139   86     140   48     141   251     142   232     143   147     144   68     145   14     146   115     147   211     148   134     149   251     150   255     151   62     152   47     153   251     154   84     155   125     156   190     157   68     158   132     159   136     160   57     161   150     162   189     163   152     164   227     165   42     166   8     167   12     168   54     169   248     170   207     171   228     172   134     173   198     174   190     175   223     176   5     177   28     178   195     179   76     180   215     181   108     182   43     183   94     184   72     185   159     186   244     187   37     188   128     189   1     190   231     191   18     192   95     193   54     194   75     195   252     196   168     197   117     198   215     199   237     200   20     201   223     202   57     203   67     204   225     205   119     206   19     207   185     208   66     209   115     210   36     211   142     212   252     213   66     214   121     215   236     216   137     217   116     218   50     219   117     220   214     221   60     222   157     223   178     224   121     225   67     226   161     227   201     228   247     229   91     230   239     231   200     232   218     233   235     234   206     235   177     236   193     237   26     238   119     239   160     240   76     241   70     242   231     243   39     244   28     245   177     246   249     247   43     248   1     249   134     250   220     251   188     252   91     253   244     254   178     255   105   
118   129  118   1     128   114     129   213     130   173     131   107     132   51     133   83     134   74     135   100     136   198     137   132     138   241     139   191     140   56     141   46     142   162     143   55     144   9     145   73     146   177     147   77     148   79     149   219     150   199     151   57     152   205     153   89     154   68     155   137     156   99     157   193     158   102     159   93     160   111     161   43     162   20     163   36     164   147     165   214     166   199     167   66     168   237     169   210     170   30     171   189     172   181     173   39     174   85     175   17     176   8     177   229     178   115     179   249     180   31     181   224     182   173     183   24     184   228     185   250     186   18     187   147     188   239     189   97     190   143     191   126     192   128     193   180     194   236     195   138     196   242     197   86     198   134     199   87     200   108     201   39     202   132     203   43     204   157     205   45     206   185     207   254     208   91     209   129     210   40     211   123     212   206     213   85     214   152     215   190     216   250     217   185     218   158     219   86     220   244     221   96     222   210     223   198     224   42     225   10     226   55     227   245     228   255     229   174     230   183     231   66     232   44     233   117     234   80     235   244     236   125     237   70     238   88     239   251     240   249     241   2     242   178     243   19     244   242     245   132     246   213     247   238     248   89     249   124     250   132     251   48     252   240     253   196     254   69     255   2   
119   129  119   1     128   42     129   34     130   28     131   58     132   36     133   92     134   155     135   141     136   225     137   190     138   225     139   127     140   73     141   68     142   218     143   176     144   36     145   242     146   12     147   167     148   111     149   68     150   119     151   139     152   130     153   68     154   12     155   206     156   165     157   36     158   10     159   14     160   234     161   70     162   247     163   132     164   238     165   116     166   102     167   85     168   237     169   22     170   62     171   23     172   138     173   157     174   165     175   3     176   246     177   153     178   107     179   66     180   148     181   199     182   177     183   25     184   113     185   229     186   67     187   115     188   46     189   207     190   221     191   91     192   220     193   237     194   35     195   37     196   205     197   168     198   143     199   44     200   255     201   242     202   234     203   69     204   121     205   63     206   44     207   196     208   128     209   12     210   182     211   236     212   37     213   128     214   141     215   233     216   141     217   44     218   222     219   168     220   114     221   28     222   114     223   240     224   253     225   69     226   103     227   225     228   17     229   239     230   187     231   95     232   4     233   136     234   251     235   162     236   252     237   61     238   63     239   171     240   66     241   78     242   221     243   228     244   153     245   162     246   211     247   177     248   197     249   109     250   171     251   63     252   239     253   17     254   240     255   49   
120   129  120   1     128   209     129   34     130   86     131   24     132   250     133   85     134   203     135   195     136   208     137   107     138   208     139   52     140   179     141   118     142   146     143   64     144   250     145   247     146   159     147   18     148   253     149   118     150   222     151   2     152   178     153   118     154   159     155   46     156   166     157   250     158   94     159   43     160   212     161   194     162   216     163   115     164   161     165   48     166   77     167   187     168   79     169   8     170   109     171   82     172   88     173   10     174   166     175   238     176   130     177   31     178   136     179   183     180   186     181   101     182   26     183   121     184   31     185   165     186   237     187   171     188   164     189   116     190   9     191   206     192   83     193   79     194   97     195   160     196   192     197   99     198   119     199   16     200   50     201   247     202   212     203   44     204   245     205   55     206   16     207   112     208   6     209   159     210   129     211   21     212   160     213   6     214   195     215   58     216   195     217   16     218   231     219   99     220   241     221   86     222   241     223   8     224   177     225   44     226   23     227   208     228   147     229   251     230   68     231   187     232   149     233   236     234   71     235   61     236   220     237   131     238   55     239   141     240   183     241   40     242   9     243   255     244   127     245   61     246   34     247   125     248   42     249   73     250   141     251   55     252   253     253   147     254   67     255   28   
121   129  121   1     128   99     129   136     130   69     131   96     132   207     133   73     134   11     135   43     136   103     137   177     138   103     139   208     140   246     141   197     142   114     143   29     144   207     145   251     146   70     147   72     148   211     149   197     150   95     151   17     152   242     153   197     154   70     155   184     156   162     157   207     158   101     159   4     160   119     161   47     162   71     163   209     164   190     165   192     166   41     167   214     168   161     169   32     170   169     171   85     172   125     173   40     174   162     175   159     176   191     177   124     178   26     179   230     180   210     181   137     182   104     183   249     184   124     185   174     186   147     187   150     188   170     189   205     190   36     191   31     192   81     193   69     194   153     195   186     196   39     197   145     198   193     199   64     200   200     201   251     202   119     203   176     204   243     205   220     206   64     207   221     208   202     209   70     210   62     211   84     212   186     213   24     214   43     215   232     216   43     217   64     218   187     219   145     220   227     221   69     222   227     223   32     224   254     225   176     226   92     227   103     228   118     229   203     230   13     231   214     232   110     233   151     234   1     235   244     236   87     237   54     238   220     239   14     240   230     241   160     242   36     243   239     244   225     245   244     246   136     247   233     248   228     249   57     250   14     251   220     252   211     253   118     254   17     255   112   
122   129  122   1     128   96     129   157     130   204     131   249     132   1     133   231     134   126     135   94     136   53     137   38     138   140     139   74     140   30     141   32     142   107     143   185     144   67     145   12     146   195     147   180     148   232     149   20     150   27     151   48     152   42     153   214     154   247     155   221     156   148     157   255     158   2     159   110     160   65     161   182     162   98     163   17     164   54     165   239     166   27     167   19     168   131     169   87     170   95     171   22     172   123     173   99     174   3     175   244     176   109     177   238     178   78     179   225     180   125     181   120     182   204     183   183     184   192     185   147     186   70     187   54     188   223     189   200     190   57     191   181     192   158     193   85     194   173     195   175     196   254     197   113     198   122     199   174     200   51     201   99     202   38     203   182     204   191     205   82     206   174     207   43     208   138     209   176     210   196     211   35     212   88     213   3     214   41     215   100     216   147     217   174     218   205     219   113     220   26     221   142     222   87     223   53     224   152     225   49     226   185     227   52     228   5     229   190     230   39     231   19     232   124     233   170     234   149     235   26     236   199     237   171     238   248     239   189     240   225     241   92     242   177     243   168     244   254     245   38     246   157     247   241     248   214     249   233     250   38     251   115     252   162     253   105     254   217     255   92   
123   129  123   1     128   112     129   243     130   238     131   144     132   68     133   50     134   107     135   176     136   22     137   153     138   69     139   53     140   48     141   251     142   170     143   247     144   68     145   14     146   115     147   130     148   196     149   182     150   91     151   62     152   44     153   251     154   84     155   118     156   89     157   68     158   132     159   136     160   57     161   116     162   189     163   152     164   224     165   128     166   145     167   110     168   54     169   52     170   207     171   228     172   22     173   198     174   190     175   41     176   5     177   195     178   195     179   76     180   35     181   108     182   238     183   15     184   72     185   181     186   76     187   63     188   128     189   1     190   231     191   18     192   80     193   194     194   75     195   252     196   32     197   117     198   154     199   237     200   216     201   253     202   57     203   116     204   28     205   119     206   19     207   169     208   66     209   115     210   36     211   142     212   96     213   141     214   95     215   23     216   137     217   116     218   50     219   117     220   214     221   60     222   157     223   178     224   87     225   67     226   161     227   201     228   238     229   139     230   167     231   200     232   157     233   235     234   170     235   177     236   200     237   20     238   119     239   6     240   144     241   70     242   8     243   39     244   32     245   220     246   39     247   163     248   67     249   134     250   220     251   188     252   91     253   244     254   178     255   122   
124   129  124   1     128   89     129   88     130   20     131   235     132   103     133   64     134   91     135   108     136   131     137   100     138   122     139   35     140   2     141   176     142   115     143   44     144   201     145   166     146   126     147   28     148   65     149   247     150   17     151   236     152   27     153   116     154   170     155   23     156   43     157   89     158   82     159   206     160   191     161   45     162   166     163   3     164   178     165   38     166   246     167   50     168   4     169   62     170   92     171   198     172   131     173   123     174   202     175   114     176   105     177   18     178   230     179   143     180   252     181   8     182   20     183   187     184   178     185   238     186   143     187   241     188   38     189   29     190   195     191   180     192   222     193   15     194   220     195   227     196   135     197   209     198   57     199   51     200   5     201   254     202   191     203   45     204   127     205   10     206   234     207   84     208   41     209   126     210   208     211   144     212   148     213   167     214   101     215   158     216   211     217   124     218   112     219   133     220   182     221   214     222   62     223   86     224   141     225   52     226   188     227   192     228   20     229   233     230   242     231   221     232   106     233   125     234   115     235   113     236   119     237   136     238   8     239   78     240   19     241   93     242   232     243   212     244   135     245   100     246   212     247   134     248   116     249   104     250   100     251   240     252   17     253   11     254   254     255   139   
125   129  125   1     128   177     129   193     130   168     131   81     132   229     133   15     134   209     135   21     136   39     137   169     138   39     139   192     140   217     141   159     142   120     143   110     144   229     145   232     146   72     147   164     148   32     149   159     150   176     151   49     152   79     153   159     154   89     155   160     156   184     157   229     158   166     159   215     160   69     161   131     162   227     163   107     164   125     165   162     166   94     167   113     168   111     169   196     170   105     171   9     172   63     173   245     174   184     175   18     176   237     177   205     178   24     179   187     180   139     181   222     182   96     183   158     184   148     185   31     186   181     187   136     188   137     189   174     190   82     191   37     192   92     193   111     194   207     195   235     196   178     197   254     198   9     199   149     200   147     201   213     202   69     203   145     204   228     205   103     206   149     207   204     208   83     209   72     210   74     211   97     212   235     213   83     214   143     215   87     216   21     217   60     218   64     219   254     220   73     221   168     222   134     223   201     224   143     225   145     226   46     227   223     228   238     229   115     230   12     231   29     232   56     233   35     234   171     235   146     236   129     237   123     238   103     239   236     240   187     241   243     242   82     243   17     244   205     245   146     246   6     247   96     248   194     249   60     250   142     251   103     252   115     253   181     254   201     255   51   
126   129  126   1     128   4     129   16     130   134     131   12     132   144     133   40     134   66     135   181     136   232     137   176     138   117     139   58     140   70     141   78     142   93     143   157     144   94     145   142     146   249     147   131     148   11     149   143     150   41     151   229     152   106     153   186     154   221     155   227     156   116     157   41     158   61     159   183     160   99     161   190     162   142     163   101     164   69     165   220     166   172     167   88     168   86     169   209     170   171     171   178     172   53     173   169     174   173     175   112     176   26     177   76     178   166     179   188     180   239     181   5     182   134     183   46     184   8     185   163     186   188     187   69     188   222     189   252     190   102     191   194     192   189     193   236     194   18     195   9     196   185     197   97     198   56     199   37     200   175     201   169     202   176     203   190     204   218     205   67     206   191     207   174     208   50     209   249     210   114     211   90     212   214     213   173     214   147     215   126     216   163     217   191     218   206     219   255     220   132     221   184     222   209     223   232     224   250     225   146     226   157     227   120     228   134     229   74     230   32     231   6     232   127     233   197     234   83     235   60     236   223     237   85     238   254     239   231     240   111     241   136     242   105     243   248     244   185     245   176     246   254     247   154     248   186     249   57     250   176     251   102     252   41     253   96     254   153     255   136   
127   129  127   1     128   12     129   138     130   214     131   164     132   103     133   76     134   68     135   211     136   122     137   167     138   145     139   144     140   232     141   176     142   90     143   204     144   103     145   67     146   126     147   223     148   56     149   176     150   196     151   86     152   60     153   176     154   126     155   216     156   202     157   103     158   65     159   118     160   191     161   165     162   237     163   3     164   149     165   85     166   232     167   221     168   98     169   151     170   142     171   19     172   104     173   67     174   202     175   145     176   6     177   251     178   18     179   143     180   171     181   135     182   72     183   120     184   251     185   80     186   11     187   238     188   166     189   92     190   225     191   247     192   101     193   214     194   220     195   157     196   73     197   48     198   198     199   51     200   185     201   67     202   191     203   52     204   175     205   10     206   51     207   146     208   130     209   126     210   243     211   128     212   227     213   41     214   211     215   46     216   211     217   51     218   112     219   48     220   106     221   214     222   151     223   151     224   166     225   52     226   108     227   122     228   44     229   17     230   9     231   221     232   5     233   125     234   147     235   113     236   40     237   31     238   10     239   161     240   143     241   241     242   225     243   240     244   201     245   113     246   138     247   189     248   180     249   45     250   123     251   113     252   168     253   44     254   86     255   97   
