The following result corresponding the input file : input_file_q_ary_2013.txt
The following result corresponding the SNR point : 3 dB.
177  921     7 8   8 8   10 16   13 4   17 5   30 8   34 8   37 2   45 8   48 8   53 5   57 2   61 8   62 16   68 4   82 16   91 8   95 16   100 4   116 1   118 8   129 16   130 8   139 1   145 4   147 1   149 16   154 16   161 2   165 1   166 2   179 2   183 4   202 1   213 1   218 16   222 2   229 16   232 4   234 16   235 8   241 4   253 16   262 16   264 18   277 4   279 2   281 4   284 2   289 1   301 2   313 6   316 4   321 1   323 4   334 16   336 16   350 4   352 4   354 4   357 4   359 2   367 16   370 8   375 12   380 16   381 4   391 20   401 2   406 16   413 16   419 24   422 10   426 1   428 1   433 2   434 1   439 1   443 2   445 2   448 2   451 2   455 8   462 16   472 8   474 16   477 2   480 1   481 1   485 8   495 2   498 16   503 4   507 16   520 2   525 8   528 2   529 4   531 16   533 2   539 4   540 5   545 16   547 10   548 8   551 1   555 16   561 24   578 4   581 10   589 4   610 4   611 2   621 8   622 2   633 8   636 2   640 16   642 4   646 2   648 1   658 1   669 1   673 1   680 2   682 2   683 4   689 4   693 2   716 4   723 1   725 16   729 8   733 2   740 2   745 8   752 16   756 4   759 16   783 2   784 8   786 6   789 4   796 4   797 6   798 1   810 4   811 16   812 8   815 12   818 8   827 2   839 3   840 4   842 8   846 16   848 4   849 2   874 1   875 1   879 2   885 1   886 4   887 28   888 16   890 16   895 4   898 7   904 4   909 2   916 16   926 4   928 4   946 8   947 8   955 9   959 16   
187  926     0 2   5 4   8 1   9 4   10 8   12 8   14 2   15 1   18 4   23 8   32 8   38 2   39 8   42 16   53 1   58 1   60 8   65 8   66 4   70 2   71 8   79 17   86 8   110 4   113 16   118 16   119 8   120 16   122 1   129 1   137 4   144 4   147 4   153 1   154 2   166 1   169 4   173 2   175 1   180 17   182 8   186 4   202 1   205 1   208 8   212 5   222 2   228 8   231 4   235 1   236 3   238 16   249 16   258 2   259 4   260 1   264 1   275 16   286 8   299 1   304 16   305 1   312 1   317 1   324 16   325 16   326 2   327 4   331 1   333 4   335 8   339 2   340 2   341 2   350 8   354 8   362 4   392 4   397 8   398 4   400 8   404 2   409 4   414 8   417 4   418 1   422 16   426 20   431 20   432 1   436 1   437 2   442 4   452 1   453 6   474 8   476 1   479 4   491 4   499 16   505 16   507 8   509 16   512 1   521 2   528 4   531 1   545 3   551 8   555 16   556 1   564 1   568 4   578 16   580 16   589 16   596 2   597 8   604 2   606 2   607 4   612 1   614 16   618 16   633 3   639 2   641 8   642 16   646 2   648 8   658 16   661 18   662 16   665 1   666 2   678 1   696 16   702 1   711 2   712 16   713 2   734 1   737 1   739 4   742 4   753 8   762 2   767 1   775 1   785 16   789 4   798 8   799 17   800 8   801 1   810 16   819 2   832 8   840 8   848 2   849 4   853 1   865 16   866 2   869 2   870 16   876 16   879 1   895 4   896 2   901 4   903 4   908 16   911 2   915 8   919 8   921 4   922 1   923 1   925 2   928 16   934 1   939 6   946 1   947 2   948 4   953 8   
191  928     5 6   20 8   26 1   30 8   35 4   37 4   38 8   51 2   52 1   60 2   63 2   69 1   75 16   78 8   79 4   80 2   84 2   85 16   87 4   90 22   97 1   98 4   101 8   110 1   114 8   116 8   124 16   131 16   132 4   140 8   146 1   148 2   155 4   165 8   167 26   171 8   172 16   173 4   176 2   181 4   187 16   190 4   192 8   199 2   205 2   207 2   211 1   212 8   213 1   215 1   220 3   226 16   234 4   242 4   247 1   249 9   254 8   261 16   264 4   269 16   270 2   277 16   283 17   287 16   288 16   291 24   292 2   295 2   298 2   305 16   315 4   321 8   325 10   327 1   330 8   340 16   344 16   353 18   354 2   374 1   379 1   381 8   389 4   394 1   401 16   403 1   409 16   425 4   426 2   431 8   433 2   437 2   452 8   456 2   461 4   467 16   468 1   481 8   489 16   491 4   495 2   496 2   506 1   517 16   519 4   532 8   544 4   551 16   555 1   556 2   562 1   566 4   573 9   574 1   578 16   592 8   598 16   602 16   606 1   617 8   624 8   628 22   629 1   630 8   636 6   637 1   644 4   645 8   648 2   651 4   652 16   654 16   657 16   660 8   677 1   687 16   691 16   696 4   702 2   704 8   708 2   717 12   719 4   721 17   722 6   727 16   730 16   734 1   753 8   769 4   771 2   779 2   783 1   785 8   789 2   792 2   795 8   801 1   802 3   803 4   813 2   820 8   824 1   835 16   840 4   842 4   843 4   845 2   851 2   852 2   857 16   864 8   865 8   868 2   877 18   881 3   883 4   885 12   894 16   902 2   903 4   918 2   924 1   932 16   935 4   936 1   942 16   944 4   945 2   954 4   958 4   
171  904     0 6   10 1   15 16   20 8   28 16   29 5   35 2   42 1   56 4   59 8   68 4   77 8   83 4   84 4   98 16   102 2   114 8   118 18   121 4   132 1   135 2   141 18   143 24   147 8   151 16   156 1   157 2   160 16   162 16   168 4   174 16   179 8   183 4   186 1   190 2   191 1   192 8   196 4   199 8   209 16   221 16   222 4   225 8   232 4   242 8   252 1   256 2   257 4   258 2   260 8   263 8   268 4   276 4   283 16   284 1   288 2   291 16   296 1   302 4   306 12   307 2   321 2   326 1   332 2   338 6   340 4   342 3   346 16   356 16   361 24   363 8   375 2   377 2   383 4   384 1   400 1   407 1   410 1   421 20   423 2   437 2   439 12   454 2   457 9   458 8   467 16   481 2   483 8   490 8   501 2   503 4   505 4   530 1   531 2   532 8   536 1   543 1   548 8   549 1   568 2   573 8   579 1   583 2   585 16   600 8   603 8   604 16   610 1   612 16   616 8   619 4   620 2   622 1   643 16   656 8   658 4   662 9   663 16   679 20   688 1   694 1   703 6   711 4   719 8   732 16   736 2   745 4   747 17   748 16   749 2   750 2   752 4   769 8   772 1   773 8   777 4   779 2   782 4   787 18   796 4   797 4   798 8   808 16   815 16   823 2   836 8   853 8   858 8   866 1   869 2   877 1   879 2   880 4   881 8   888 2   891 1   897 4   903 1   905 8   907 8   912 8   917 1   918 4   921 8   923 4   931 8   933 16   934 6   939 16   943 16   948 8   
174  906     12 1   30 1   32 10   35 4   36 4   45 4   49 8   55 20   56 3   57 16   62 4   73 16   81 9   87 8   91 3   92 8   96 1   98 4   102 1   106 2   109 16   111 4   120 16   122 1   137 1   139 16   157 8   165 8   169 4   171 16   175 2   177 4   179 16   182 16   188 16   190 8   191 4   196 1   210 1   215 8   216 1   220 16   221 2   224 16   232 1   233 1   237 1   242 2   246 1   255 1   262 4   268 1   290 16   295 4   297 2   310 12   313 2   327 4   334 2   340 8   348 4   356 2   362 2   365 16   370 8   381 1   384 2   392 8   400 4   401 16   403 1   405 2   411 1   423 18   424 4   428 2   430 9   432 16   434 1   448 2   450 8   451 2   455 1   461 4   467 1   468 1   470 16   475 8   486 8   491 16   498 8   499 8   503 8   519 2   520 16   522 4   523 16   527 1   539 2   548 8   553 12   559 4   575 2   579 8   580 16   582 8   590 16   600 8   602 2   605 18   608 8   650 1   660 12   662 20   664 8   668 20   671 20   676 8   679 11   684 8   687 8   698 2   705 8   710 8   721 17   723 2   729 2   736 2   740 4   746 16   750 8   753 4   762 16   763 16   772 17   789 8   792 4   795 2   799 2   801 8   803 8   804 4   805 2   812 8   815 8   818 1   819 24   824 2   846 1   848 4   852 1   858 16   859 4   863 4   865 24   868 16   872 4   881 2   884 16   889 16   900 8   901 16   904 2   905 2   907 16   917 16   918 1   922 1   928 2   929 4   931 4   940 4   955 8   959 2   
174  917     7 4   22 24   43 1   47 2   48 16   53 24   66 16   82 20   86 16   88 4   96 1   102 16   108 16   114 24   115 16   119 2   121 4   122 8   130 2   134 16   137 8   141 2   147 9   151 16   152 16   155 2   161 8   167 16   172 16   173 8   174 17   179 1   187 16   197 2   210 2   212 4   213 4   219 16   225 16   239 2   256 8   257 1   273 8   303 2   309 1   313 16   314 4   316 4   318 4   321 8   324 2   326 8   328 1   331 8   340 1   343 2   345 16   346 2   351 2   354 2   372 16   374 4   381 8   390 16   393 4   397 9   400 4   404 1   410 16   417 1   423 4   431 1   436 1   441 12   448 16   459 1   462 1   469 4   470 5   477 8   478 26   481 8   488 2   490 8   491 2   510 16   511 1   514 8   523 1   527 16   530 8   531 8   538 8   544 1   549 1   554 1   566 1   575 8   581 1   585 4   590 8   594 2   601 8   605 2   615 2   617 1   622 1   626 16   628 16   637 4   638 16   639 16   640 16   641 4   642 8   648 8   649 8   651 4   659 2   662 2   665 4   672 4   683 8   686 17   690 1   704 16   712 1   718 8   725 16   727 2   732 16   735 8   739 8   764 2   768 1   776 1   785 2   788 16   799 16   800 8   807 2   818 16   822 16   828 4   829 8   833 2   834 1   843 16   849 8   864 16   865 8   868 8   869 20   875 8   876 2   882 4   886 2   894 16   904 4   909 8   910 20   913 1   927 4   928 2   930 1   935 4   936 8   940 4   946 1   948 16   949 4   950 7   955 8   957 8   
164  920     3 8   16 12   23 18   25 8   27 1   38 16   40 8   57 8   64 2   65 2   85 8   91 4   95 16   96 8   99 16   100 1   109 2   113 8   120 1   128 8   154 2   178 16   187 24   194 8   195 4   222 2   223 8   224 2   230 4   239 8   241 2   244 16   247 8   254 16   262 4   272 4   286 4   289 5   293 16   295 4   304 4   307 8   309 8   319 4   324 2   332 2   341 16   350 2   352 4   354 8   356 8   372 16   373 4   377 2   379 12   383 18   384 8   392 8   393 2   397 16   400 8   415 1   417 4   418 1   421 16   422 4   429 2   436 16   455 4   464 16   470 1   471 1   476 16   489 1   500 16   503 8   505 1   506 16   507 8   508 18   511 8   517 2   525 8   527 16   537 4   539 2   543 16   549 1   553 1   554 8   555 1   558 1   564 1   566 16   570 2   573 2   581 2   592 9   594 8   614 1   616 10   622 4   636 1   641 8   642 16   658 1   659 4   660 4   663 16   664 24   667 4   669 1   672 1   699 1   700 16   709 1   713 16   719 3   727 2   728 4   729 8   733 10   735 24   737 8   742 1   743 2   744 1   755 8   759 2   761 16   778 16   786 2   800 1   803 1   806 4   807 4   812 16   815 28   819 1   824 2   832 2   838 1   840 2   842 2   844 2   845 4   852 16   853 1   873 16   874 8   880 2   888 8   894 4   895 2   896 16   903 8   925 2   928 4   930 1   938 8   945 16   947 16   953 2   955 2   
175  929     11 16   20 1   24 1   25 6   27 4   28 2   34 8   44 16   50 16   52 16   64 4   66 2   69 4   74 8   77 8   86 8   91 8   98 2   102 2   103 8   107 2   114 4   124 16   128 16   129 8   144 16   150 2   151 8   154 2   163 5   170 8   175 16   178 1   179 16   180 2   181 2   183 16   191 1   192 16   204 8   208 1   209 8   220 5   223 8   228 2   230 4   231 2   234 4   238 10   255 2   258 16   263 16   266 1   271 16   278 4   288 4   289 16   290 5   293 8   295 4   299 2   300 8   310 1   313 4   314 26   319 8   320 4   322 4   326 16   339 1   343 4   353 8   362 16   365 8   371 16   378 16   379 4   386 16   391 8   396 1   402 1   404 2   406 1   416 8   421 2   426 2   427 4   431 4   438 2   439 16   456 8   466 4   469 1   470 8   476 2   478 8   495 16   496 4   498 16   503 2   510 8   524 16   526 1   532 16   533 1   535 9   544 2   548 4   553 1   568 4   569 8   583 1   588 1   591 8   600 1   605 1   610 2   616 16   619 1   621 4   628 1   633 8   635 1   641 4   666 1   667 8   691 12   706 2   709 1   713 1   721 4   724 8   729 16   737 16   751 16   758 2   762 8   765 8   776 2   780 1   781 16   789 3   792 8   794 1   795 1   797 8   806 8   815 8   819 1   825 4   826 16   827 4   832 16   842 4   849 1   859 6   865 2   873 1   882 16   883 2   886 20   888 2   889 16   892 2   904 2   911 4   924 4   929 8   931 4   941 4   945 1   948 4   955 8   958 9   960 16   
165  918     1 1   4 16   11 8   20 20   27 2   32 8   38 1   40 5   42 16   59 1   62 1   65 3   66 4   73 4   81 20   95 4   103 9   105 1   114 1   125 16   128 8   134 16   135 1   139 8   142 4   149 4   155 8   163 12   164 16   172 1   175 24   176 4   186 8   188 20   190 2   191 8   192 16   193 18   199 2   227 12   231 1   240 24   261 1   267 16   270 2   271 8   276 1   283 4   286 8   294 1   295 2   296 1   300 8   303 4   307 8   311 2   314 16   316 4   317 2   318 2   328 4   329 8   351 2   353 8   354 8   360 17   368 8   381 4   404 4   410 4   411 1   429 2   430 8   438 4   440 4   444 4   453 24   458 1   463 1   464 2   465 4   466 2   473 1   474 2   475 8   477 1   478 16   482 16   483 2   486 2   488 16   493 4   498 4   500 8   503 8   532 16   534 16   536 8   540 16   543 8   550 1   560 16   568 8   597 4   598 16   600 4   605 2   614 6   619 4   621 4   628 1   634 16   651 1   664 8   684 4   689 16   692 8   701 9   714 16   715 1   717 1   719 16   721 4   722 10   727 16   729 1   731 16   742 2   743 8   758 16   763 1   771 16   777 1   780 4   781 2   793 16   797 1   798 2   803 4   807 2   812 16   825 16   826 4   831 1   840 8   861 16   862 8   871 8   872 8   876 1   880 4   886 24   888 1   892 24   895 16   896 9   905 2   906 4   909 4   911 1   928 1   929 16   945 2   953 4   960 1   
The following result corresponding the input file : input_file_q_ary_2013.txt
The following result corresponding the SNR point : 4 dB.
184  917     1 1   7 2   11 2   20 4   24 8   25 4   37 1   38 2   40 1   55 2   70 4   72 1   78 16   81 8   84 6   89 6   91 16   94 4   109 4   114 4   115 16   118 2   126 16   129 1   132 1   142 1   147 2   148 1   154 4   157 2   159 4   166 16   168 2   177 8   179 4   180 3   183 16   187 16   188 8   195 16   210 8   214 2   215 4   217 8   222 1   223 4   225 2   229 2   246 1   247 2   258 8   259 4   269 16   272 2   273 2   275 4   287 2   292 1   293 2   302 1   304 1   306 2   313 4   320 8   326 16   327 2   330 2   331 8   332 18   341 16   342 8   359 8   366 8   371 16   374 1   384 2   385 16   387 2   390 16   409 1   417 4   421 8   433 1   439 1   446 2   450 8   453 1   457 9   461 8   462 2   463 2   469 16   473 4   477 1   482 16   489 1   506 16   507 4   517 1   519 2   521 16   524 8   526 8   528 1   532 4   540 1   544 12   546 9   547 16   549 8   554 1   564 4   580 2   585 2   586 3   588 2   593 4   595 1   599 18   604 4   608 10   614 1   626 4   627 2   635 1   640 1   649 16   651 8   663 16   674 4   676 4   677 8   698 4   709 4   712 2   713 2   714 4   728 16   735 2   738 16   745 8   750 1   751 1   752 1   759 16   762 4   766 1   778 8   791 16   792 1   802 1   814 16   816 2   824 8   827 1   842 8   843 2   850 4   852 1   866 10   873 16   876 9   877 16   884 16   885 4   886 4   902 1   905 16   913 1   914 1   915 1   926 8   927 1   929 2   930 8   935 2   936 12   945 2   947 4   951 3   952 16   953 1   955 16   957 1   
The following result corresponding the input file : input_file_q_ary_2013.txt
The following result corresponding the SNR point : 3.25 dB.
146  879     7 8   8 8   10 16   13 4   17 5   30 8   37 2   45 16   48 8   53 5   61 8   62 16   68 4   91 8   95 16   100 4   116 1   129 16   130 8   139 1   145 4   147 1   148 4   154 16   155 2   161 2   165 1   166 2   179 2   183 4   202 1   213 1   218 16   222 2   229 16   231 8   234 16   235 8   241 4   253 16   262 16   264 18   276 4   277 4   279 2   281 4   284 2   289 1   313 6   316 4   321 1   334 16   336 16   352 4   354 4   357 4   359 2   370 8   375 12   380 16   391 20   401 2   406 16   413 16   419 24   426 1   428 1   434 1   439 1   443 2   445 2   448 2   451 2   455 8   474 16   477 2   481 1   485 8   495 2   498 16   502 16   503 4   507 16   520 2   525 8   528 2   529 4   539 4   540 5   547 8   548 8   555 16   561 8   578 4   581 10   589 4   611 2   621 8   622 2   633 8   636 2   640 16   642 4   646 2   648 1   669 1   673 1   680 2   682 2   683 4   689 4   723 1   725 16   729 8   740 2   741 16   745 8   752 16   756 4   784 8   786 4   789 4   791 2   796 4   797 6   798 1   812 8   815 4   818 8   827 2   839 3   842 8   846 16   885 1   886 4   887 20   888 16   895 4   898 7   904 4   916 16   926 4   928 4   946 8   947 8   955 9   
159  885     0 2   5 4   8 1   9 4   12 8   14 2   15 1   18 4   23 8   32 8   38 2   39 8   58 1   60 8   65 8   66 4   70 2   71 8   79 17   86 8   110 4   113 16   118 16   119 8   120 16   122 1   129 1   137 4   144 4   147 4   153 1   154 2   166 1   169 4   173 2   180 17   186 4   208 8   212 5   222 2   224 2   235 1   236 3   238 16   249 16   258 2   259 4   260 1   264 1   275 16   279 4   286 8   299 1   304 16   305 1   312 1   317 1   324 16   325 16   326 2   327 4   333 4   335 8   339 2   340 2   341 2   350 8   354 8   392 4   397 8   398 4   400 8   404 2   409 4   414 8   417 4   418 1   420 4   422 16   426 20   431 20   436 1   437 2   442 4   452 1   453 2   474 8   476 1   479 4   505 16   507 8   512 1   514 2   521 2   545 1   551 8   556 1   564 1   578 16   580 16   597 8   598 8   604 2   606 2   607 4   612 1   614 16   618 16   633 3   639 2   641 8   642 16   646 2   648 8   654 8   661 18   665 1   666 2   678 1   696 16   702 1   711 2   712 16   713 2   737 1   742 4   762 2   767 1   775 1   785 16   789 4   798 8   799 17   801 1   809 4   819 2   832 8   840 8   848 2   849 4   853 2   869 2   870 16   876 16   879 1   895 4   896 2   901 4   908 16   911 2   919 8   923 1   928 16   934 1   939 4   946 1   947 2   948 4   959 2   
171  910     5 6   20 8   26 1   30 8   35 4   38 8   51 2   52 1   60 2   63 2   69 1   75 18   78 8   79 4   80 2   84 2   87 4   90 22   97 1   98 4   101 8   114 8   116 8   124 16   131 16   132 4   140 8   146 1   148 2   165 8   167 26   171 8   172 16   176 2   181 4   187 16   190 4   192 8   205 2   207 2   211 1   213 1   215 1   220 3   226 16   242 4   247 1   249 9   254 8   264 4   269 16   270 2   277 16   283 17   287 16   288 16   291 24   292 2   295 2   298 2   305 16   315 4   321 8   327 1   330 8   340 16   344 16   353 18   354 2   374 1   379 1   389 4   394 1   401 16   403 1   409 16   425 4   426 2   431 8   433 2   452 8   456 2   461 4   467 16   468 1   481 8   489 16   491 4   495 2   496 2   506 1   516 4   517 16   519 4   532 8   544 4   551 16   555 1   556 2   562 1   566 4   573 9   574 1   578 16   592 8   598 16   602 16   606 1   617 8   624 8   628 22   629 1   636 6   644 4   645 8   648 2   652 16   654 16   657 16   660 8   677 1   687 16   691 16   696 4   704 8   708 2   717 12   719 4   721 17   722 6   727 16   734 1   753 8   769 4   771 2   779 2   783 1   785 8   789 2   792 2   795 8   801 1   802 3   803 4   813 2   820 8   824 1   835 16   840 4   842 4   843 4   845 2   851 2   852 2   864 8   865 8   868 2   877 2   881 3   885 12   894 16   902 2   924 1   932 16   935 4   936 1   942 16   944 4   945 2   954 4   958 4   
150  890     0 6   15 16   20 8   25 1   28 16   29 5   35 2   42 1   56 4   59 8   68 4   77 8   83 4   98 16   114 8   118 18   121 4   135 2   141 2   143 24   147 8   151 16   156 1   157 2   160 16   162 16   168 4   174 16   179 8   183 4   186 1   191 1   192 8   196 4   209 16   221 16   222 4   225 8   232 4   242 8   252 1   256 2   257 4   258 2   260 8   263 8   268 4   276 4   283 16   288 2   296 1   302 4   306 12   321 2   326 1   332 2   338 6   340 4   342 3   346 16   361 24   363 8   375 2   383 4   384 1   407 1   410 1   421 20   423 2   437 2   439 8   454 2   457 9   458 8   467 16   481 2   483 8   501 2   503 4   505 4   530 1   531 2   536 1   548 8   549 1   568 2   573 8   579 1   585 16   600 8   603 8   604 16   610 1   612 16   620 2   622 1   643 16   656 8   658 4   662 9   679 20   688 1   694 1   703 6   711 4   719 8   732 16   736 2   745 4   747 17   748 16   749 2   750 2   752 4   769 8   772 1   773 8   777 4   779 2   782 4   787 18   796 4   798 8   808 16   815 16   823 2   853 8   858 8   866 1   869 2   877 1   879 2   880 4   888 2   891 1   897 4   903 1   905 8   907 8   912 8   917 1   918 4   921 8   923 4   931 8   933 16   934 6   939 16   943 16   948 8   
147  884     7 4   22 24   43 1   47 2   48 16   53 24   66 16   82 20   86 16   88 4   96 1   102 16   108 16   110 2   114 24   115 16   119 2   121 4   122 8   130 2   134 16   141 2   147 9   151 16   152 16   155 2   161 8   167 16   172 16   173 8   174 17   179 1   187 16   197 2   210 2   212 4   213 4   239 2   256 8   257 1   273 8   303 2   313 16   316 4   318 4   321 8   324 2   326 8   328 1   331 8   343 2   345 16   346 2   351 2   354 2   372 16   374 4   381 8   390 16   393 4   397 9   400 4   404 1   423 4   431 1   436 1   441 12   448 16   459 1   462 1   469 4   477 8   478 18   481 8   484 8   488 2   491 2   510 16   511 1   523 1   527 16   538 9   544 1   549 1   554 1   566 1   575 8   581 1   585 4   590 8   605 2   615 2   617 1   622 1   628 16   637 4   638 16   639 16   640 16   641 4   642 8   649 8   659 2   662 2   665 4   672 4   683 8   686 17   690 1   704 16   725 16   727 2   732 18   739 8   764 2   768 1   776 1   799 16   818 16   828 4   829 8   833 2   849 8   859 1   864 16   869 20   875 8   876 2   882 4   886 2   894 16   909 8   910 20   913 1   916 16   927 4   928 2   930 1   935 4   936 8   940 4   946 1   948 16   949 4   950 7   955 8   957 8   
152  897     3 24   16 12   23 18   25 8   27 1   38 16   40 8   54 1   57 8   64 2   65 2   85 8   91 12   95 16   96 8   99 16   100 1   109 2   113 8   120 1   128 8   154 2   178 16   187 24   194 8   195 4   203 1   205 16   222 2   223 16   224 2   230 4   239 8   241 2   244 16   247 8   254 16   262 4   286 4   289 5   295 4   304 4   309 8   319 4   324 2   332 2   341 16   350 2   354 8   372 16   373 4   377 2   379 12   383 18   384 8   392 8   393 2   400 8   415 1   417 4   418 1   421 16   429 2   436 16   455 4   464 16   470 1   471 1   476 16   489 1   500 16   505 1   506 16   507 8   508 18   511 8   517 2   525 8   527 16   537 4   539 2   543 16   549 9   553 1   554 8   555 1   558 1   564 1   566 16   570 2   573 2   580 16   581 2   592 9   594 8   614 1   616 10   622 4   641 8   642 16   660 4   663 16   664 24   667 4   687 16   699 1   700 16   709 1   719 3   727 2   728 4   729 8   733 8   735 8   737 8   742 1   743 2   744 1   755 8   761 16   778 16   786 2   800 1   803 1   806 4   807 4   812 16   814 4   815 8   819 1   824 2   838 1   840 2   844 2   845 4   852 16   853 1   874 8   880 2   888 8   894 4   895 2   896 16   903 8   922 4   925 2   928 4   930 1   938 8   945 16   947 16   955 2   
166  911     11 16   20 1   24 1   25 6   27 4   28 2   34 8   44 16   50 16   64 4   66 2   69 4   74 8   77 8   86 8   91 8   98 2   102 2   103 8   107 2   114 4   124 16   128 16   129 8   144 16   150 2   151 8   154 2   163 1   170 8   175 16   178 1   179 24   180 2   183 16   191 1   192 16   204 8   208 1   209 8   220 5   223 8   228 2   230 4   231 2   234 4   238 10   255 2   258 16   278 4   288 4   289 16   290 5   293 8   295 4   299 2   300 8   310 1   313 4   314 26   319 8   320 4   322 4   326 16   339 1   362 16   365 8   371 16   378 16   379 4   386 16   391 8   396 1   404 2   406 1   421 2   426 2   427 4   431 4   438 2   439 16   443 16   456 8   466 4   469 1   470 8   476 2   478 8   490 1   495 16   496 4   498 16   503 2   510 8   517 1   524 16   526 1   532 16   533 1   535 9   544 2   548 4   568 4   569 8   588 1   591 8   600 1   605 1   610 2   616 16   619 1   621 4   628 1   633 8   635 1   641 4   666 1   667 8   691 12   706 2   709 1   713 1   721 4   724 8   729 16   737 16   751 16   758 2   762 8   765 8   776 2   781 16   789 3   792 8   794 1   795 1   797 8   806 8   815 8   819 1   825 4   826 16   827 4   832 16   842 4   849 1   859 4   865 2   873 1   882 16   883 2   886 20   888 2   889 16   892 2   904 2   911 4   924 4   929 8   931 4   941 4   945 1   948 4   955 8   958 9   960 16   
140  892     11 8   20 20   27 2   32 8   38 1   40 5   42 16   62 1   65 1   66 4   73 4   81 4   83 1   103 1   114 1   121 4   125 16   128 8   134 16   139 8   142 4   155 8   163 12   164 16   175 24   176 4   186 8   188 20   190 2   191 8   192 16   193 18   199 2   227 12   231 1   240 24   267 18   270 2   271 8   283 4   286 8   294 1   295 2   296 1   303 4   311 2   314 16   316 4   317 2   318 2   328 4   329 8   353 8   354 8   360 17   368 8   398 16   404 4   406 8   410 4   411 1   425 16   429 2   430 8   438 4   440 4   444 4   453 24   458 1   463 1   464 2   474 2   475 8   477 1   478 16   482 16   483 2   486 2   488 16   493 4   498 4   500 8   503 8   532 16   536 8   540 8   543 8   550 1   560 16   568 8   597 4   598 16   600 4   605 2   614 6   619 4   621 4   628 1   634 16   651 1   664 8   689 16   692 8   701 9   714 16   715 1   717 1   719 16   721 4   722 10   727 16   729 1   742 2   743 8   758 16   771 16   780 4   781 2   797 1   798 2   803 4   807 2   812 16   831 1   840 8   861 16   862 8   872 8   876 1   880 4   886 24   892 24   895 16   906 4   909 4   911 1   929 18   945 2   953 4   960 1   
154  880     10 1   15 17   16 10   21 1   24 8   46 1   50 8   51 16   53 2   55 2   58 1   69 8   73 8   76 8   77 1   79 2   101 4   102 8   104 1   111 4   119 8   120 8   121 2   136 2   153 17   156 17   165 4   169 1   171 4   174 1   178 1   182 1   187 2   205 8   209 4   236 1   242 1   249 4   258 16   268 16   280 1   289 16   296 8   301 8   307 2   312 2   313 16   314 4   323 8   328 20   330 8   332 2   335 1   338 16   339 8   352 8   354 16   368 16   369 3   380 4   382 4   389 8   397 16   400 8   402 2   408 4   415 2   418 4   424 16   429 2   445 1   454 1   455 10   461 8   463 4   469 16   470 20   474 2   476 4   493 4   498 8   500 2   503 4   505 16   515 16   516 8   517 1   524 4   530 16   531 4   536 4   548 16   550 2   555 1   559 4   560 8   566 8   575 8   582 16   585 4   596 2   597 16   600 2   616 16   624 2   630 1   645 1   650 1   651 8   658 16   663 16   672 16   695 8   704 2   711 4   712 2   713 16   719 8   720 16   721 8   739 2   755 4   762 16   784 4   786 16   792 1   800 12   807 1   808 8   815 1   817 16   819 20   821 16   832 2   837 4   838 16   843 4   845 2   846 1   849 8   861 8   879 1   881 16   884 17   886 1   903 2   907 18   916 8   920 1   921 2   933 5   935 16   938 2   957 2   
145  904     1 8   6 8   9 4   15 8   17 2   20 2   22 4   30 2   35 2   40 1   55 12   59 16   62 2   64 4   70 4   74 4   76 2   79 4   83 1   87 1   94 4   106 9   111 4   113 9   136 8   137 8   157 4   158 12   165 2   171 4   176 16   178 4   186 16   189 1   207 1   208 4   209 2   215 2   218 4   220 1   221 8   230 4   234 4   235 4   253 16   265 4   270 8   278 2   282 2   295 2   303 1   313 16   321 16   323 16   331 1   339 16   342 16   343 16   345 2   348 1   354 1   359 8   360 8   362 2   368 2   372 1   382 16   396 16   400 1   410 1   422 1   429 5   444 9   445 4   456 16   459 4   460 2   474 12   477 8   492 4   496 8   505 16   506 4   507 2   532 8   534 2   539 8   547 8   555 4   556 2   559 8   562 2   577 2   578 16   580 2   584 2   592 4   613 1   632 8   639 2   646 8   647 2   651 4   652 1   655 1   663 4   670 1   671 9   677 16   683 2   685 8   686 2   695 16   699 1   700 1   711 16   719 4   744 4   748 4   759 12   773 16   788 2   793 1   794 2   818 16   820 2   827 4   842 18   847 8   848 4   863 4   868 4   874 1   876 8   900 3   903 4   905 1   906 8   912 1   918 8   921 2   934 2   942 2   948 2   958 8   
165  909     14 16   19 16   28 1   39 16   48 16   50 8   55 4   77 2   83 2   84 8   91 1   99 1   107 1   111 4   116 1   125 4   136 2   139 2   143 2   154 4   155 20   160 4   164 8   165 2   168 2   176 2   183 16   190 4   195 8   218 2   221 1   231 16   232 18   234 8   240 8   249 4   254 1   256 8   257 8   261 4   263 4   270 1   272 2   274 16   286 8   290 2   292 2   298 16   301 2   307 1   317 4   318 16   325 2   334 1   337 1   367 2   368 24   379 1   383 2   385 4   414 2   425 2   438 1   441 1   444 16   450 8   453 1   455 8   456 8   461 16   462 8   487 2   496 2   502 2   504 2   507 16   510 4   511 2   529 16   530 16   532 4   535 4   538 8   541 16   544 2   545 1   552 10   559 1   560 6   567 16   589 4   590 9   598 1   599 8   610 2   613 1   614 2   621 4   622 1   629 5   631 2   632 4   635 1   641 1   663 4   664 4   670 4   675 2   691 18   702 1   705 2   712 8   715 4   717 16   720 8   721 16   722 16   726 1   730 2   733 2   741 16   746 1   748 2   755 4   763 16   766 2   767 4   770 1   772 2   785 2   787 9   791 4   794 8   801 2   803 8   807 2   816 2   819 8   820 8   822 4   836 4   839 2   845 2   857 4   858 2   859 1   870 16   876 1   885 16   889 4   891 4   893 16   896 8   903 4   908 16   910 8   918 8   930 1   937 2   940 1   942 8   947 1   950 2   957 4   959 8   
171  903     4 8   5 8   9 20   14 10   21 8   24 4   30 16   48 4   50 1   51 16   52 16   55 4   56 8   73 2   74 8   76 2   107 16   109 8   111 1   112 2   113 1   116 1   119 16   126 3   130 8   132 1   135 2   142 8   144 16   146 16   148 16   151 4   154 16   158 16   165 16   177 16   179 8   188 4   190 1   191 8   208 4   213 8   236 1   242 8   265 16   266 18   281 8   283 2   288 8   289 2   292 1   303 4   327 8   333 4   336 8   337 4   340 4   352 8   353 10   355 16   369 1   370 1   374 8   375 4   380 8   383 1   391 1   395 1   401 2   444 16   449 3   462 16   464 4   466 8   470 1   471 1   478 8   479 9   484 17   485 2   486 16   490 4   494 2   496 4   500 16   507 8   519 8   527 1   530 1   533 16   536 4   542 10   546 4   548 8   553 18   564 8   567 1   569 2   576 2   582 16   593 8   594 2   599 8   601 8   604 1   605 2   615 16   626 2   634 1   641 8   643 8   646 16   657 6   662 16   667 8   670 4   671 16   672 4   683 4   685 4   687 16   691 1   692 8   693 2   695 1   709 4   714 1   717 16   718 4   721 16   742 4   746 4   747 2   750 1   754 4   760 4   768 8   769 16   774 1   776 2   777 1   781 16   788 4   790 1   804 2   805 4   810 16   816 1   821 8   823 4   827 4   840 2   842 16   848 1   860 1   864 2   869 4   872 1   873 8   877 5   881 6   883 1   898 8   900 2   902 4   909 18   913 4   936 16   950 8   951 16   954 8   
176  923     1 16   9 1   11 16   26 8   34 4   41 16   46 2   56 2   58 2   74 4   78 8   80 4   83 1   84 4   92 8   98 8   112 4   131 8   132 8   137 4   141 4   142 16   146 2   147 8   150 8   153 16   158 4   161 1   169 2   175 17   202 2   214 8   215 16   221 16   228 1   237 1   241 6   246 8   254 8   260 2   261 4   267 2   276 16   277 8   278 4   279 4   287 8   288 4   293 4   295 1   299 4   304 8   310 16   321 4   324 2   325 1   326 8   332 8   338 1   344 8   345 16   355 4   357 16   365 2   371 16   374 1   379 4   383 1   391 24   392 12   395 16   396 16   401 16   402 2   406 4   407 2   408 4   410 2   415 2   438 16   441 2   445 16   457 8   467 2   469 16   473 1   480 17   482 8   484 1   486 8   489 8   494 1   516 4   518 16   521 4   523 2   524 16   528 3   533 6   535 8   541 8   544 2   545 2   549 1   559 4   574 9   580 24   582 16   583 1   587 16   588 16   596 4   605 1   611 16   612 8   615 16   622 2   624 16   627 12   630 2   646 4   665 1   666 2   682 16   684 2   685 8   687 4   690 2   693 4   700 16   704 2   709 4   713 4   717 4   718 1   725 1   746 1   763 4   774 10   776 2   781 8   790 1   799 4   809 8   817 2   823 1   832 16   839 16   842 1   843 2   846 16   848 2   851 8   857 1   858 8   860 16   861 8   863 8   865 16   869 1   871 12   878 16   885 8   887 8   888 16   899 8   906 16   910 2   914 16   929 16   939 8   947 8   949 4   952 1   954 1   959 16   
159  901     1 1   9 1   17 16   21 4   24 2   32 8   33 4   35 4   54 4   57 4   71 1   72 4   74 8   75 4   76 1   84 1   98 4   106 4   123 4   131 1   158 16   167 1   173 2   176 1   181 8   187 2   192 16   194 2   205 4   207 16   211 8   223 1   226 16   236 1   237 2   238 4   244 17   247 16   248 8   264 1   267 8   272 2   273 16   275 4   295 5   297 2   302 2   303 8   307 2   310 3   314 8   320 1   334 4   339 2   340 16   341 10   349 9   351 2   356 4   366 12   378 1   390 4   393 16   394 4   398 4   399 8   403 4   409 8   417 4   440 4   451 4   458 16   465 2   466 1   479 16   486 8   501 16   507 2   508 8   511 2   513 8   521 6   524 3   525 1   530 1   535 1   545 4   568 1   569 4   574 8   580 4   583 1   585 8   593 16   599 4   603 4   611 8   612 2   616 16   618 4   620 16   624 4   626 2   632 2   642 16   660 8   664 16   665 8   668 8   677 2   681 2   683 4   686 8   690 2   697 1   702 1   716 16   726 4   729 4   738 4   740 4   749 1   754 2   770 16   774 8   775 1   787 1   801 16   806 8   810 16   814 1   816 16   817 2   823 4   827 4   832 4   835 4   838 4   839 4   840 16   841 16   850 8   853 1   854 2   864 2   872 4   874 4   875 8   880 16   886 4   887 4   892 16   896 24   930 4   935 16   940 1   941 16   943 8   950 9   
158  897     1 1   6 16   18 1   20 2   22 8   24 4   32 4   36 2   37 4   46 16   52 8   60 2   63 4   64 12   67 4   74 4   79 2   84 2   88 4   90 16   103 1   114 4   115 1   125 8   128 8   129 16   130 16   147 5   159 1   163 8   168 4   180 4   184 4   187 1   195 1   201 4   213 1   224 2   233 8   236 1   237 1   239 4   240 2   242 8   250 8   252 16   265 8   269 18   277 1   286 2   297 8   313 8   328 2   330 9   341 8   358 8   361 16   362 2   371 1   383 20   384 16   389 1   394 6   403 2   407 8   412 2   420 1   454 4   459 2   465 16   467 4   468 1   473 4   476 2   479 8   480 1   484 8   486 2   489 3   502 16   505 2   506 8   512 2   518 16   519 4   523 4   526 2   544 8   546 8   548 16   550 16   552 16   555 4   562 1   577 16   581 16   586 1   589 1   598 1   601 16   605 4   608 8   613 2   617 16   619 8   634 8   635 16   643 2   652 1   654 4   662 16   668 2   670 2   671 2   679 16   694 8   696 8   701 8   716 8   719 16   720 1   723 9   730 4   732 2   737 2   743 2   747 4   748 4   752 1   753 1   760 4   771 4   773 4   774 2   783 1   813 2   814 8   815 1   820 2   827 2   830 1   834 16   842 2   848 1   854 12   855 2   865 5   875 2   883 17   891 16   897 2   902 8   904 1   905 16   917 8   942 2   944 4   956 1   
143  896     4 2   15 20   26 2   27 8   32 18   55 4   57 2   64 1   70 4   73 2   76 8   78 8   82 4   92 4   97 2   109 4   124 8   125 8   126 1   151 1   170 16   171 6   177 16   180 4   181 12   201 8   202 16   205 8   213 2   225 17   236 16   246 2   255 4   267 17   268 4   270 16   271 4   272 1   278 1   279 1   280 2   286 2   291 4   297 8   315 1   318 19   320 16   321 4   332 1   333 8   346 16   360 20   369 2   379 3   387 1   388 8   397 16   400 8   405 1   421 17   428 16   429 8   430 20   439 1   445 2   446 8   461 2   464 2   468 4   470 8   486 10   499 16   513 12   517 4   523 1   528 8   529 2   535 8   537 1   549 1   554 8   556 2   563 1   572 2   573 4   577 2   578 4   586 8   587 16   598 2   603 4   616 2   624 2   628 17   633 1   635 9   662 16   667 24   676 8   702 8   704 8   710 2   712 1   714 2   715 16   723 1   734 16   740 2   741 8   743 4   757 4   765 2   770 1   774 2   779 20   789 16   794 17   796 4   803 1   807 1   810 16   815 16   817 16   821 2   822 4   841 2   847 16   848 8   857 16   858 4   862 8   864 8   865 9   877 18   892 2   903 1   913 16   915 2   929 2   934 16   955 2   958 1   960 24   
164  910     4 8   8 8   19 16   34 12   37 2   42 5   48 1   52 8   60 2   61 1   63 8   72 1   73 4   76 8   83 1   96 16   104 1   107 16   113 8   115 2   116 1   120 1   130 4   140 2   145 1   150 2   153 9   157 16   163 9   168 4   179 8   181 4   182 4   185 16   191 1   210 1   212 2   227 8   228 4   250 4   251 8   252 1   255 8   257 1   259 2   260 8   262 8   267 4   268 8   269 2   273 2   276 2   278 2   284 18   285 4   291 4   297 1   304 16   311 8   324 16   332 2   339 4   343 1   344 8   354 1   358 4   364 8   376 2   381 2   384 8   386 4   404 4   412 1   418 4   419 8   427 1   429 1   431 9   441 4   443 16   444 2   461 20   462 2   472 16   482 16   494 8   499 16   505 4   506 1   515 16   520 1   524 2   528 8   534 16   535 1   536 16   541 18   547 4   553 8   562 8   573 8   575 16   576 2   580 16   581 1   582 1   583 4   584 8   592 2   600 4   606 1   619 16   630 4   646 9   647 16   652 8   657 16   661 2   664 8   665 4   680 16   684 4   701 4   707 1   711 16   714 2   716 2   723 4   729 1   731 2   732 1   734 4   737 2   744 8   752 4   762 8   763 2   765 2   779 1   787 2   796 4   801 16   814 16   820 12   822 20   842 5   854 1   861 2   869 2   872 2   874 1   877 8   880 1   891 10   896 16   902 4   904 2   905 4   906 1   911 4   941 2   945 8   954 5   956 4   
148  911     29 16   33 2   36 8   37 4   40 4   49 1   50 1   54 2   60 4   90 16   93 8   96 8   101 3   109 18   113 2   118 2   120 8   121 16   125 4   137 4   141 12   149 1   154 2   162 12   168 4   187 4   200 16   213 1   219 1   221 8   226 16   227 2   228 16   230 8   233 16   237 1   238 16   239 2   251 2   253 2   263 4   292 1   293 9   294 4   298 1   307 1   323 20   327 4   328 2   333 2   335 24   338 1   341 8   347 17   352 16   356 16   358 1   374 4   377 1   379 4   382 16   388 2   391 3   403 20   405 16   412 16   415 4   422 16   437 16   454 1   460 16   467 16   469 8   476 16   481 4   484 16   493 1   494 8   498 4   499 1   507 4   516 16   523 4   528 1   529 2   539 16   545 4   546 16   550 4   555 1   560 2   566 8   572 4   577 4   581 16   593 16   603 2   605 16   607 2   618 4   628 1   634 8   639 16   645 8   654 1   660 8   665 4   668 16   677 8   688 4   692 1   695 2   705 2   706 1   719 4   721 2   729 1   734 1   740 2   741 16   751 4   768 8   787 8   789 2   790 4   792 8   813 16   816 2   819 4   827 4   832 2   834 4   839 16   843 16   847 8   851 4   852 1   860 4   872 2   882 1   885 9   887 2   888 20   910 1   912 2   934 1   937 4   955 8   
156  878     0 2   1 2   14 4   15 1   21 16   24 4   42 1   57 4   59 1   71 4   75 8   79 2   80 4   93 16   97 8   100 19   104 4   110 8   111 2   112 8   124 8   136 8   148 1   151 1   164 16   167 1   168 1   186 5   189 4   206 2   210 1   225 16   233 16   240 16   244 2   250 18   261 4   262 16   266 16   268 1   270 1   274 16   279 5   297 1   302 8   304 1   320 8   334 4   336 1   343 8   352 16   360 17   369 2   373 1   377 1   381 4   387 16   393 1   397 16   422 4   426 16   430 8   432 16   435 4   439 4   457 5   461 16   462 8   463 16   467 4   473 1   474 1   481 2   482 2   485 16   495 2   496 1   499 8   501 8   503 2   505 4   510 1   517 4   523 8   528 4   531 20   538 2   547 4   551 1   552 8   554 4   555 2   558 4   561 16   568 2   569 16   578 8   584 2   601 16   602 16   608 2   628 8   639 2   640 4   641 16   643 4   645 4   657 1   666 2   674 8   675 4   678 1   689 2   696 4   702 2   704 4   705 16   706 1   719 4   725 1   740 2   745 4   751 4   757 4   770 1   778 2   783 6   788 2   795 4   797 4   801 4   817 4   823 2   829 16   832 1   849 2   850 8   853 1   856 4   868 2   869 28   871 5   874 2   880 2   891 8   895 16   900 16   901 4   909 8   914 4   915 18   932 4   942 4   945 2   948 10   958 8   
191  900     0 16   2 1   8 4   10 1   11 1   16 4   17 1   19 4   21 16   25 1   33 4   35 1   36 6   44 16   66 4   68 8   72 1   74 16   78 8   86 8   89 2   101 4   107 8   115 4   120 4   122 2   132 1   135 8   136 24   141 8   143 8   144 1   154 16   158 8   168 2   175 16   178 2   179 8   199 2   203 8   213 1   220 2   229 8   235 4   240 8   248 4   252 16   258 2   266 4   267 1   270 2   273 4   278 4   283 18   289 16   290 16   292 1   300 1   304 1   305 2   314 8   320 2   321 4   324 2   332 8   334 1   338 4   340 2   348 8   349 4   352 1   355 8   362 1   375 1   378 16   380 16   381 16   388 1   391 1   393 8   401 8   403 8   404 16   406 4   408 1   409 4   410 2   425 2   430 8   441 4   450 4   456 8   464 1   465 4   472 5   475 8   491 1   498 8   500 2   502 9   507 4   511 2   516 2   518 2   526 2   529 16   532 1   533 8   540 4   541 16   543 17   550 1   561 16   567 2   568 1   575 8   579 1   582 2   583 4   584 16   585 8   590 18   591 8   596 1   597 8   602 20   605 16   608 16   610 16   612 16   613 16   620 4   624 1   629 3   630 16   640 2   646 8   649 8   652 4   664 4   666 1   667 4   668 8   673 16   678 8   681 1   682 2   688 4   693 17   701 8   702 4   710 4   723 9   735 1   744 16   747 2   759 1   766 1   774 4   776 4   778 4   800 4   801 2   806 16   807 4   813 2   821 1   833 1   848 4   854 16   855 4   857 4   870 16   877 2   880 4   881 8   883 1   884 16   894 8   904 4   905 4   915 2   921 4   923 4   925 4   932 1   938 2   948 8   949 16   951 16   957 2   
163  893     11 4   12 2   13 8   20 4   22 16   23 16   33 1   34 16   40 4   42 2   44 2   49 2   57 2   58 16   63 1   90 4   93 8   97 4   98 4   100 4   103 2   108 1   112 16   117 24   121 5   122 1   124 4   134 1   142 4   150 2   167 2   172 2   179 16   184 4   187 2   193 16   217 1   227 4   229 1   230 2   232 16   237 4   238 3   253 3   255 1   260 2   274 18   276 4   288 16   299 16   300 1   303 16   305 8   307 5   313 1   315 16   317 1   323 20   326 4   327 1   333 1   337 2   339 16   343 4   345 18   348 2   362 4   364 4   376 4   382 17   386 16   392 1   401 16   407 16   410 2   429 16   436 16   442 16   443 2   449 8   455 2   461 3   465 2   473 4   476 18   479 8   481 8   493 24   515 8   532 4   536 10   538 4   542 2   548 1   553 16   562 9   583 16   592 8   595 8   596 8   598 1   602 8   619 16   620 4   630 2   636 1   650 8   653 16   658 8   659 16   662 4   664 2   670 12   674 16   683 8   685 16   687 8   703 2   712 8   717 2   726 16   742 16   767 10   768 4   771 16   775 8   780 2   785 1   795 1   796 1   809 1   812 2   814 1   819 4   820 2   826 8   849 1   851 16   853 2   857 1   864 4   868 8   869 1   871 4   884 5   886 16   893 5   895 8   897 16   907 1   909 2   911 2   917 8   921 4   923 2   929 2   934 16   935 1   936 4   939 1   948 16   956 1   959 4   
179  902     1 1   11 2   14 2   20 1   37 1   38 2   40 1   55 2   70 4   72 1   74 4   78 16   81 8   84 6   89 2   91 16   93 16   101 16   109 4   114 4   115 16   117 1   118 2   122 16   127 8   129 1   135 2   141 8   142 1   148 1   156 8   157 2   163 1   168 2   180 2   183 16   187 16   188 8   193 4   195 16   222 1   223 4   225 2   231 8   232 2   240 16   246 1   247 2   252 8   257 8   258 8   269 16   270 4   272 2   275 4   287 2   292 1   293 2   300 2   302 1   304 1   306 26   313 4   317 2   320 8   326 16   330 2   331 8   332 16   337 4   342 8   359 8   360 8   371 16   374 1   387 2   390 16   427 1   433 1   435 16   439 1   446 6   457 12   461 8   462 2   463 2   473 4   477 1   480 8   482 16   489 1   501 16   506 16   514 8   521 16   526 8   528 1   529 16   540 1   544 12   546 9   547 16   549 8   551 16   564 4   574 2   579 9   580 2   586 1   593 4   599 18   614 1   626 4   627 2   635 1   636 5   638 4   640 1   648 4   649 16   655 1   663 16   666 2   674 4   675 4   676 4   707 2   709 4   714 4   721 4   728 16   735 2   737 4   738 16   739 4   750 1   752 1   758 2   759 16   762 4   763 1   776 1   778 8   791 16   806 4   808 8   814 16   816 2   825 1   827 1   833 8   843 2   846 16   850 4   857 8   859 1   863 4   866 10   876 9   877 16   885 4   886 4   888 2   892 4   899 16   902 1   904 1   905 16   913 17   916 2   926 8   927 1   929 2   930 8   935 2   936 4   945 2   951 2   952 16   
160  885     5 8   7 16   8 8   13 4   35 2   40 16   42 2   47 8   53 4   63 4   65 1   69 16   70 8   75 16   82 2   94 20   102 8   108 2   110 16   122 8   129 16   134 16   142 1   146 4   147 8   161 2   162 2   167 1   168 1   177 1   184 16   185 8   189 1   193 8   195 16   197 1   199 4   212 1   219 16   231 16   233 4   238 1   241 8   244 16   249 16   254 24   260 4   264 2   266 4   273 8   275 8   285 10   286 1   304 4   305 2   308 4   310 9   339 17   345 2   347 8   362 4   364 2   378 1   392 4   397 2   404 16   407 16   411 8   426 8   433 16   435 4   442 1   445 8   447 16   448 4   450 16   452 8   455 2   461 1   466 24   468 8   474 16   483 4   486 2   487 1   494 8   500 16   501 4   511 1   512 4   515 8   516 2   518 4   522 2   525 4   533 8   538 1   551 8   555 2   556 4   560 16   561 16   575 1   580 4   582 8   595 2   603 4   614 16   615 2   628 2   637 16   653 16   657 9   659 4   662 2   676 10   677 4   685 4   688 2   689 2   693 4   697 2   702 2   704 1   725 4   727 4   729 4   740 8   745 2   746 16   782 16   792 4   803 4   807 16   816 1   830 1   845 4   848 16   854 4   857 16   861 1   869 4   871 2   882 1   883 2   887 8   888 4   907 8   908 4   915 1   918 1   919 4   920 20   924 4   925 8   933 24   934 4   942 4   943 2   956 8   
170  858     23 8   24 1   25 9   29 1   38 16   42 2   44 8   58 1   68 16   69 4   72 4   73 2   79 1   81 2   89 2   93 10   98 4   100 1   103 16   110 4   119 1   123 8   126 1   129 2   133 4   135 2   136 1   141 2   142 4   146 1   157 8   163 3   167 10   168 4   175 16   184 16   185 20   187 1   193 16   197 16   202 8   212 1   223 8   237 16   244 12   246 16   250 4   255 1   257 16   258 8   273 8   277 8   279 8   280 1   287 4   301 8   305 4   307 4   336 16   342 1   344 18   348 4   353 16   356 1   365 2   366 4   367 4   372 8   373 2   374 1   375 16   379 8   383 2   391 16   396 8   398 8   411 16   445 1   446 1   448 4   452 4   457 4   464 2   474 4   477 8   481 8   487 1   490 4   496 16   500 4   523 16   524 2   525 16   531 8   536 1   538 8   539 16   540 8   544 4   548 1   561 2   562 8   571 16   574 8   580 1   585 2   589 2   597 16   598 24   599 1   603 8   605 16   606 2   609 1   612 16   623 17   637 2   643 2   649 4   669 2   671 8   698 8   703 16   725 1   732 10   738 16   747 4   753 16   764 4   770 2   771 1   774 2   780 8   782 2   783 4   795 16   805 1   809 16   817 4   820 16   822 24   824 4   832 4   834 12   836 8   837 8   841 24   845 4   847 2   854 16   855 2   856 2   866 18   867 2   872 2   877 2   879 16   883 4   888 8   893 2   895 2   901 1   903 2   913 8   922 8   935 1   936 16   938 1   941 2   944 24   
191  862     6 2   14 16   35 8   40 4   42 1   45 8   46 8   52 16   54 5   55 2   64 4   69 1   70 4   72 2   73 8   80 1   82 16   83 2   85 4   87 4   92 4   99 8   103 1   110 1   112 4   117 8   119 24   123 2   126 4   150 8   158 4   165 1   186 8   190 1   193 4   197 4   201 4   205 8   207 8   208 2   230 1   233 2   264 1   267 16   269 16   277 4   288 2   294 8   296 1   297 2   306 6   311 2   329 16   330 16   335 5   340 12   341 2   344 1   363 2   366 8   367 1   368 1   373 1   377 1   385 16   391 16   392 16   394 1   400 16   406 16   409 2   413 4   415 1   422 1   424 4   426 8   433 4   436 1   442 16   445 2   446 16   447 16   450 2   451 17   455 2   458 1   467 5   475 20   489 4   490 2   494 4   497 2   501 16   504 16   509 4   516 4   523 8   528 16   530 3   534 8   541 18   542 16   543 20   546 8   550 1   551 1   564 1   565 8   567 2   568 1   574 16   583 4   586 4   592 8   599 4   604 10   605 16   606 8   608 2   609 8   614 2   620 16   624 8   634 8   639 3   641 4   644 1   645 17   656 16   661 1   662 16   663 6   667 4   668 8   671 12   674 10   675 2   677 12   680 21   682 4   683 8   686 5   689 4   691 4   693 16   696 4   697 4   701 2   710 8   712 16   722 8   725 8   726 8   728 16   730 8   733 8   739 8   740 2   747 2   752 16   770 16   777 2   784 4   786 8   792 2   794 4   798 16   813 19   814 4   815 1   820 16   824 5   831 1   837 2   842 4   867 20   868 4   869 2   872 24   885 4   898 16   906 4   907 16   915 2   925 2   927 1   928 8   934 8   943 1   956 8   959 4   
165  874     5 8   7 4   23 4   40 2   41 6   43 4   44 4   51 1   52 16   56 1   59 1   66 16   67 2   71 4   95 16   96 1   106 2   109 1   117 1   126 16   138 4   144 1   149 16   150 16   152 8   153 8   155 1   164 2   165 16   169 4   174 16   177 1   187 8   193 4   197 8   199 8   217 8   221 8   225 16   227 2   229 8   233 16   234 16   237 16   243 24   245 1   249 1   253 1   256 1   257 2   258 2   263 8   264 1   272 4   276 2   285 1   286 4   287 16   288 4   295 8   303 16   305 8   312 16   317 1   319 1   323 4   339 1   342 2   357 4   378 1   385 8   404 2   407 8   409 8   417 1   420 25   425 1   431 2   441 2   445 16   447 4   448 16   449 2   452 16   454 1   457 16   467 16   476 16   478 16   480 4   483 8   488 16   491 8   495 2   500 1   503 2   523 1   530 2   543 8   553 20   566 8   568 5   578 8   579 1   580 2   587 8   589 1   606 17   614 1   615 1   620 2   621 8   626 8   630 4   631 2   633 16   638 4   652 1   663 16   684 1   692 1   693 1   702 4   703 8   704 2   720 2   728 8   733 4   739 1   744 4   746 4   748 2   760 1   763 2   769 1   775 2   776 8   797 16   803 9   812 24   818 4   820 8   831 4   842 2   847 16   849 8   858 1   873 2   874 1   880 8   881 2   885 1   911 8   912 16   915 16   919 2   920 1   922 8   932 16   933 16   936 8   941 4   942 2   945 8   954 4   
154  919     10 4   20 16   28 8   29 8   36 4   47 9   51 4   68 8   70 4   73 1   74 4   75 4   78 1   82 18   91 1   99 16   105 16   109 2   116 4   120 4   127 16   131 2   132 16   134 1   138 1   151 8   153 8   157 16   173 2   178 16   180 1   186 4   200 10   201 1   208 16   216 16   218 4   233 8   238 4   241 16   243 1   259 10   273 2   274 8   278 4   296 8   298 2   301 16   336 16   340 2   349 1   352 8   356 1   362 2   379 2   389 1   391 1   400 2   409 4   413 4   414 4   422 2   426 8   432 2   453 8   454 8   460 8   462 1   480 16   484 1   490 20   493 8   500 16   503 4   512 16   518 4   527 16   529 16   542 4   543 4   548 1   552 2   562 1   565 8   568 16   572 2   576 8   577 3   582 2   585 2   590 2   592 8   596 4   601 4   602 2   611 1   626 4   627 16   630 8   635 1   640 4   642 16   644 1   649 1   658 9   659 8   669 16   680 8   693 2   700 2   705 4   706 4   713 1   716 1   719 1   721 8   724 1   733 4   736 2   746 4   753 4   755 16   763 4   772 2   781 16   782 1   785 2   788 4   795 1   796 2   803 18   806 16   811 2   815 3   820 8   821 2   827 2   838 4   843 8   845 1   856 16   858 8   861 18   876 4   892 2   896 5   897 8   923 8   930 16   931 16   944 8   947 4   951 4   960 16   
152  893     12 1   27 5   32 2   46 4   52 16   64 16   71 2   89 2   90 9   94 1   95 16   98 16   100 4   109 1   113 2   115 16   126 10   137 4   138 16   146 8   154 4   155 16   164 1   166 4   172 16   179 16   180 8   184 2   186 8   194 2   198 4   215 2   220 1   225 17   227 8   232 4   235 4   237 8   240 1   246 8   250 2   257 1   261 1   265 2   274 17   277 16   285 1   289 2   293 16   301 16   305 1   315 2   319 4   321 16   328 1   331 8   334 8   371 4   381 4   390 16   392 8   395 16   397 8   405 4   407 2   414 8   419 2   438 16   445 8   460 1   464 16   465 16   468 8   481 2   485 4   494 16   502 8   504 8   517 16   523 8   529 10   537 4   550 1   554 2   557 16   558 16   566 1   569 2   571 16   583 2   584 4   600 8   601 2   606 1   608 6   614 5   618 1   620 8   624 16   628 1   632 2   636 2   639 16   641 4   643 1   650 16   665 6   669 16   685 4   691 4   695 1   698 17   704 2   706 2   713 2   725 4   731 2   735 8   747 16   757 16   759 1   778 9   782 2   785 1   786 4   788 2   800 2   803 2   808 4   814 16   818 4   854 4   855 8   856 1   859 16   879 3   882 16   887 4   888 1   896 4   897 20   904 16   906 17   909 2   910 17   921 8   925 10   934 8   938 8   940 4   944 2   954 16   
161  905     24 4   25 16   31 8   34 1   39 2   48 2   55 16   66 4   67 2   68 1   69 4   70 1   71 8   74 1   77 1   85 16   95 2   124 8   125 8   134 24   135 4   137 8   146 8   148 4   151 1   190 2   201 8   202 2   210 4   211 4   225 8   230 16   231 8   233 2   240 6   249 1   255 4   256 2   267 16   283 16   284 1   285 4   293 8   299 1   301 1   302 8   314 8   317 1   318 8   319 2   321 8   323 1   324 4   325 1   329 4   337 2   351 16   353 1   362 16   363 8   368 4   369 2   379 4   382 1   384 2   386 1   387 1   390 1   391 2   402 16   405 4   410 8   415 16   431 1   433 8   440 8   443 1   444 2   449 17   453 2   464 16   471 16   472 16   480 16   484 2   489 16   490 16   511 4   514 1   516 8   517 16   520 4   531 2   573 2   574 16   575 16   579 4   584 2   592 2   593 16   604 1   608 16   613 2   624 4   625 2   634 8   637 2   638 8   640 16   643 3   655 8   662 4   664 16   667 1   669 5   670 4   671 16   684 4   686 10   693 1   696 8   697 2   698 16   700 4   701 1   707 16   717 4   718 16   719 1   725 8   727 1   730 8   731 1   764 2   766 8   773 1   806 4   808 2   815 8   816 8   817 2   829 8   835 4   838 2   852 16   861 4   863 17   873 16   879 1   880 16   883 8   885 2   905 16   908 4   909 2   913 1   928 16   934 8   940 1   943 4   950 16   
167  915     0 16   9 16   22 2   26 2   27 4   38 16   60 4   69 20   77 4   85 16   87 2   89 8   90 4   96 1   98 3   110 2   116 2   119 1   127 8   129 6   133 8   135 16   137 16   142 8   147 16   165 8   170 1   178 16   195 8   196 4   200 16   205 4   206 2   213 8   217 16   221 2   232 16   236 18   252 2   268 12   272 8   273 2   278 8   280 16   287 8   293 2   294 4   304 4   305 4   309 1   323 8   332 2   335 4   338 4   343 8   349 8   352 2   354 16   360 12   363 8   368 4   372 4   376 8   377 4   388 16   390 16   399 4   401 8   405 1   406 2   407 2   414 2   415 16   416 4   423 1   424 4   428 1   430 8   432 16   433 8   435 16   436 2   441 16   444 16   445 4   450 8   457 2   461 16   463 16   464 8   466 2   471 4   474 1   477 1   495 18   501 4   502 1   513 8   522 8   531 10   544 2   547 4   552 2   558 2   562 4   564 1   566 1   576 8   585 1   589 16   590 2   608 8   609 16   610 8   613 2   622 16   624 16   629 5   632 24   638 2   653 6   661 8   663 1   666 2   669 16   682 8   695 16   696 1   697 8   704 2   706 9   708 8   715 4   718 2   719 2   725 20   728 8   730 8   732 8   742 4   747 16   749 16   757 1   758 8   791 8   798 1   805 8   806 16   815 2   816 16   819 1   835 4   845 2   851 6   856 8   861 16   862 16   883 1   892 8   893 4   901 8   919 16   921 4   922 20   930 2   931 1   947 2   
132  890     10 2   13 8   24 4   36 4   42 6   46 16   54 1   63 1   67 4   68 2   71 16   72 1   94 1   95 2   101 2   111 16   120 18   123 2   131 2   132 2   146 8   147 1   155 4   168 16   171 5   176 18   188 8   197 8   203 1   209 16   213 1   219 6   235 8   241 2   252 1   257 4   263 2   264 1   272 8   274 2   281 4   293 1   312 16   316 8   318 8   340 16   344 4   353 16   357 16   365 4   366 16   374 8   382 1   389 1   395 1   402 8   403 8   422 8   427 4   436 3   444 4   446 4   448 9   452 8   458 24   459 2   466 4   470 2   474 4   478 2   485 1   500 1   512 4   539 4   543 2   546 1   551 16   556 2   572 2   585 1   607 1   611 8   615 1   619 20   622 2   634 1   640 4   644 16   649 4   661 1   662 1   670 16   675 8   678 17   679 4   680 8   685 2   690 20   692 16   695 2   698 16   707 2   715 8   723 8   724 2   729 16   735 2   738 16   739 1   744 4   760 8   761 4   763 2   773 16   784 8   792 2   801 4   812 1   831 1   836 2   876 2   895 4   902 8   903 8   905 16   906 1   910 8   915 5   919 16   946 8   950 4   951 1   
167  914     2 1   5 8   9 8   28 4   36 16   42 9   44 16   48 1   53 1   76 4   80 8   82 16   83 1   84 17   99 4   100 8   103 16   109 8   110 17   111 4   117 8   119 16   120 8   123 2   127 1   129 8   130 8   134 4   135 8   169 1   176 1   177 8   179 1   192 16   206 16   209 4   214 1   220 8   223 2   235 2   254 2   262 2   268 16   270 4   278 4   279 12   288 8   294 8   297 16   304 8   319 16   334 8   335 16   343 4   344 2   354 2   357 8   363 8   365 1   366 2   370 1   371 1   375 4   380 2   386 1   397 1   400 16   410 1   414 4   417 16   421 1   438 16   449 2   451 2   457 16   466 1   467 1   470 1   471 1   481 1   483 16   487 16   490 2   492 4   493 4   496 16   501 20   510 8   513 16   519 2   523 1   527 4   534 16   541 8   542 17   546 4   555 8   560 13   570 4   573 16   597 4   603 2   607 8   608 9   620 2   622 16   628 16   636 8   653 8   654 2   659 4   661 8   664 8   668 1   669 8   673 2   678 4   681 2   700 4   706 18   709 16   713 1   715 8   719 1   721 4   725 1   735 4   739 2   740 1   747 8   748 2   750 4   755 4   758 8   765 8   772 2   776 5   793 1   802 6   803 1   805 8   807 8   820 4   825 4   827 18   830 16   833 1   837 16   844 9   864 16   867 8   875 8   876 16   877 4   878 2   880 8   888 1   897 2   905 4   912 1   932 8   939 2   947 1   956 2   957 4   959 21   960 16   
152  910     2 16   9 16   55 4   56 2   59 24   61 12   62 8   64 2   71 4   93 2   97 8   105 2   111 1   113 18   124 16   129 2   132 2   141 1   151 8   153 16   154 8   161 4   165 2   178 16   184 16   199 4   207 4   218 16   219 4   224 2   229 17   234 16   240 5   244 4   247 2   250 1   255 4   260 16   274 4   278 16   295 4   303 4   306 12   307 8   310 1   322 16   324 8   327 1   353 2   354 9   356 2   362 1   364 1   365 16   375 16   382 11   387 16   397 16   407 4   420 16   421 4   424 16   432 2   434 8   441 2   454 8   455 1   456 8   462 2   467 16   479 1   484 16   495 16   496 8   510 1   517 2   530 2   533 24   534 1   544 1   548 1   549 8   557 16   562 16   577 16   579 16   585 4   589 16   602 8   604 18   606 16   614 4   619 8   623 2   629 8   634 8   639 1   640 2   651 4   657 4   663 1   666 16   672 2   675 4   677 2   679 8   682 2   687 16   690 8   709 2   722 8   733 16   736 16   745 8   749 8   750 8   760 4   762 17   763 1   767 3   801 16   803 4   807 4   826 16   833 16   838 2   839 16   843 8   852 1   855 2   857 4   866 8   870 6   880 8   881 1   885 16   890 2   891 12   893 16   902 1   908 16   911 16   916 16   919 16   929 16   937 8   939 2   940 8   942 16   950 4   951 2   960 1   
155  913     1 12   10 8   14 8   19 5   27 9   47 16   55 8   60 1   67 16   68 1   74 4   75 8   76 4   89 16   93 2   99 2   104 1   109 2   112 1   118 1   123 4   130 16   131 2   135 16   138 24   141 4   142 1   143 2   159 2   169 1   173 1   184 1   187 16   193 8   196 17   205 10   209 2   212 2   215 8   238 16   243 16   254 16   257 4   259 2   260 5   282 4   307 2   308 8   315 1   331 1   336 4   340 12   346 1   350 2   351 8   361 16   366 1   369 1   370 1   377 2   379 1   382 16   383 4   394 2   400 8   402 1   420 2   421 16   423 16   425 1   435 8   442 1   455 2   459 16   465 16   475 8   482 18   494 4   495 4   500 2   504 16   507 4   508 1   509 1   526 20   532 2   541 16   556 4   565 4   569 16   570 8   584 4   587 8   591 4   593 4   595 8   608 2   610 2   616 8   623 4   625 4   646 1   649 24   652 16   655 16   657 8   658 1   660 2   683 1   710 1   713 5   716 2   717 8   722 1   723 4   729 1   739 16   747 16   750 16   758 16   774 8   775 1   778 4   782 8   789 4   795 1   797 2   804 1   807 2   810 1   811 16   812 16   826 2   831 4   838 8   850 16   851 8   852 4   858 4   873 16   875 16   893 1   902 4   907 4   912 1   916 12   919 8   921 8   929 2   944 4   945 4   948 2   949 4   950 8   955 16   
148  916     1 16   9 4   14 8   30 17   34 16   57 1   60 17   61 8   64 16   78 1   88 17   93 16   96 8   100 1   105 1   114 8   116 2   120 2   122 2   123 8   134 2   149 2   162 8   165 8   195 18   196 16   200 2   212 4   215 1   224 8   227 1   231 16   232 8   248 1   249 16   251 8   268 1   271 1   287 1   294 8   296 2   304 8   306 2   309 16   320 1   328 16   332 18   337 8   341 1   347 8   355 16   363 8   364 8   368 2   371 8   373 4   376 2   378 2   383 2   384 1   393 4   406 8   409 8   412 8   419 2   425 16   426 8   427 8   438 16   444 1   451 4   462 8   476 2   489 16   509 2   510 18   536 1   539 8   542 2   544 2   545 8   561 4   562 8   568 8   573 2   575 1   576 1   584 4   585 8   591 17   594 2   596 1   598 9   602 4   605 8   612 8   628 4   630 16   637 1   638 16   656 16   657 1   659 2   662 10   665 4   685 2   693 16   695 1   702 4   705 2   707 4   710 1   724 1   728 1   731 8   745 16   750 1   751 16   753 2   755 1   762 4   763 1   765 16   766 1   769 1   770 8   774 8   778 16   784 8   786 8   793 8   799 4   814 24   826 2   835 4   840 8   848 2   851 12   860 16   866 1   868 8   902 2   903 17   907 4   911 2   941 2   947 17   952 16   
153  894     1 8   5 1   25 16   47 20   54 4   55 2   74 2   80 2   83 2   101 16   113 1   135 4   147 1   149 16   152 16   164 1   165 1   176 4   178 4   182 8   184 2   186 2   188 8   196 5   201 1   204 8   213 16   216 1   221 2   225 16   237 16   258 17   262 17   265 2   267 1   276 16   277 4   278 16   293 4   302 1   306 8   307 5   324 1   327 4   331 1   335 2   340 4   343 8   350 4   353 1   378 1   380 16   383 1   386 16   390 1   391 16   398 8   407 8   408 4   413 4   417 4   420 1   428 1   433 16   438 4   439 4   444 8   449 4   452 2   454 2   468 8   471 16   478 4   480 10   488 8   489 1   496 3   498 1   504 4   505 2   511 4   512 2   513 8   515 2   520 4   521 2   525 2   528 2   531 1   534 1   538 16   544 2   549 16   551 8   555 4   563 1   570 8   573 8   577 20   580 16   587 8   590 16   595 4   604 1   606 5   609 8   616 1   618 4   621 4   629 1   645 8   657 8   667 2   670 2   680 4   686 1   688 8   689 1   693 1   721 2   734 8   736 4   738 16   742 8   760 2   766 2   775 20   786 16   790 7   791 8   800 8   807 8   809 16   811 1   813 2   814 10   821 16   829 4   833 4   836 16   847 4   863 16   867 1   869 4   879 12   883 2   891 16   899 2   901 4   909 1   920 16   935 10   959 1   
174  908     2 1   12 8   15 16   16 1   17 8   24 8   35 4   36 9   38 18   45 4   47 2   54 4   57 2   62 8   67 2   70 1   81 16   82 5   88 20   92 8   113 3   114 12   118 2   134 2   135 2   138 2   139 8   153 2   154 8   157 16   168 1   181 1   182 1   183 8   192 4   206 4   217 4   222 2   228 8   231 1   235 4   239 2   247 1   248 16   259 18   260 2   262 2   263 16   265 1   285 2   292 16   301 4   302 8   310 1   314 4   316 2   325 16   327 5   330 8   337 2   344 2   345 16   347 17   352 2   355 16   361 2   364 16   377 8   386 16   387 8   392 1   393 2   398 1   403 4   417 2   419 17   425 8   439 1   444 16   450 16   461 4   484 16   488 2   493 2   495 2   496 2   501 4   503 4   504 4   505 16   507 2   514 16   517 8   520 16   524 16   529 8   531 1   560 8   567 1   583 2   584 2   599 16   600 4   601 8   613 16   616 8   619 2   621 1   624 1   634 6   647 16   649 4   655 16   664 8   666 16   667 2   670 1   671 1   678 4   682 4   689 2   695 16   698 2   703 16   704 8   710 12   715 2   718 16   725 2   730 8   733 1   734 18   741 16   742 1   751 20   758 4   759 2   762 8   763 1   768 4   773 1   779 4   781 2   791 2   800 2   801 1   804 4   806 4   821 2   824 2   825 1   839 16   844 2   848 16   849 8   850 2   856 8   860 1   875 2   877 8   878 8   880 8   887 1   892 2   895 1   898 1   899 1   911 4   917 2   926 1   936 2   945 16   952 8   955 2   
154  890     15 16   22 2   28 1   40 4   44 16   53 1   57 16   70 24   71 2   83 1   89 1   91 16   97 16   105 1   107 2   119 2   124 4   128 2   133 4   135 1   138 4   140 2   142 2   144 9   149 16   153 2   159 16   169 16   173 2   175 16   176 16   177 2   185 2   188 4   189 1   197 2   199 16   200 20   206 2   220 2   234 16   248 1   254 16   257 8   261 16   264 17   274 8   289 16   291 4   297 8   305 22   315 16   317 2   322 16   325 8   336 4   338 2   341 8   342 4   345 16   353 8   364 8   384 2   413 4   420 4   423 8   425 1   428 1   431 8   433 8   438 8   452 16   455 1   461 8   489 1   496 1   498 2   499 4   500 4   502 2   509 1   529 2   535 2   539 4   540 4   552 4   558 4   559 1   560 2   561 16   563 8   566 4   568 1   572 2   579 4   588 5   593 8   594 1   596 4   597 4   601 16   604 1   606 8   607 16   611 16   614 2   616 16   617 4   622 16   632 4   643 8   647 16   651 1   659 1   664 2   667 2   686 4   695 1   697 16   711 16   726 4   729 1   735 4   738 16   742 4   748 1   755 17   757 1   761 4   768 2   769 1   780 2   792 17   796 8   799 1   817 16   828 1   841 4   845 8   850 4   858 4   859 9   862 16   876 1   886 4   888 16   911 4   912 16   916 2   928 4   933 16   942 4   947 16   959 16   
169  896     11 4   12 2   17 8   26 1   41 16   48 4   57 1   75 1   81 2   82 4   91 1   92 2   94 2   96 8   112 1   113 4   115 4   148 4   157 1   172 4   204 16   209 1   218 2   221 8   224 16   229 8   242 4   246 2   248 1   250 4   253 8   260 8   270 16   272 4   273 16   279 8   286 8   287 2   289 1   293 16   297 8   298 16   299 3   303 8   304 1   314 9   322 16   325 16   327 8   333 1   334 4   341 4   350 4   354 16   365 16   378 1   381 1   388 2   393 1   398 1   401 16   411 16   419 16   425 4   427 4   428 16   431 8   438 1   440 8   444 8   445 1   451 4   459 1   461 4   462 1   464 8   468 4   469 16   474 4   475 2   479 1   482 8   483 2   488 16   489 10   495 4   502 4   505 12   518 2   522 1   523 24   529 16   531 2   532 3   535 2   550 1   556 5   559 1   563 8   570 16   579 2   590 2   597 8   603 16   605 8   615 2   617 4   618 18   627 4   637 1   642 4   660 16   662 4   667 7   672 1   677 1   678 4   679 4   681 8   683 16   692 4   693 8   696 1   717 1   732 8   737 2   759 2   760 8   766 12   774 16   778 2   779 8   789 16   796 8   798 1   799 2   802 2   807 2   815 8   822 4   825 6   828 8   831 4   860 2   865 1   866 2   870 16   874 8   880 16   893 1   895 4   896 16   905 4   906 1   910 4   913 8   917 1   920 2   924 8   929 4   936 8   937 16   942 16   943 1   944 3   948 8   953 4   955 8   958 8   
168  883     10 8   12 8   13 4   24 16   34 4   49 16   50 1   62 16   66 1   68 4   77 1   80 1   86 8   87 4   88 4   100 16   105 1   112 1   120 8   122 8   130 2   132 2   133 8   140 1   144 8   157 16   161 4   166 4   171 4   173 8   174 10   177 16   190 8   191 2   195 8   198 2   199 4   201 8   224 4   233 2   234 2   251 1   253 4   256 16   267 1   273 1   289 4   295 4   297 8   306 16   314 8   319 1   327 1   328 1   332 16   347 8   349 4   351 20   352 1   363 1   373 16   383 2   389 1   399 16   400 1   401 4   402 2   419 16   431 16   445 4   450 16   452 1   456 8   458 4   461 2   471 4   474 4   475 1   479 10   482 4   486 16   487 16   496 16   497 8   500 24   504 2   506 4   527 2   528 4   529 8   530 1   532 8   542 8   548 8   565 1   571 1   579 8   588 1   596 1   599 16   602 2   605 8   609 8   616 1   618 1   626 16   627 8   634 1   637 8   641 4   651 16   653 2   658 2   660 8   662 2   684 1   687 4   691 2   696 17   702 2   710 8   712 1   726 4   730 16   738 1   742 1   754 16   756 1   761 2   762 16   763 16   765 2   769 16   770 8   775 4   776 8   781 8   787 8   789 4   792 4   797 4   799 17   800 1   807 16   821 4   832 8   838 2   844 12   845 16   846 16   865 1   866 2   882 4   889 1   890 4   896 16   899 17   907 1   912 8   914 1   918 8   919 1   925 2   926 1   929 1   930 8   938 16   948 4   
158  890     0 2   5 4   13 16   23 16   25 16   33 1   36 16   37 16   44 8   46 17   59 16   63 16   65 8   67 16   74 1   79 16   80 4   83 2   88 16   95 1   110 1   116 1   124 8   132 12   137 2   141 4   151 16   154 16   161 16   171 17   177 2   179 8   181 12   183 16   187 12   190 16   203 16   210 1   213 1   216 16   221 4   234 4   240 16   245 8   247 16   250 16   251 1   252 4   258 2   266 8   274 2   294 8   303 1   314 9   327 1   330 9   338 5   340 1   341 2   344 16   347 8   349 16   351 10   357 8   366 1   368 8   374 8   376 4   386 16   389 2   391 1   398 16   403 4   411 8   416 8   421 1   422 8   426 2   430 4   436 2   441 4   451 8   454 4   457 16   468 2   479 4   491 2   494 1   502 1   503 2   511 17   514 16   529 2   530 4   534 8   538 2   540 2   541 4   547 8   554 8   571 2   584 16   587 2   598 2   610 1   611 4   625 1   629 1   636 8   642 1   645 1   646 2   656 8   661 2   662 8   669 2   688 1   689 1   690 4   692 8   711 2   720 3   723 16   728 4   729 4   747 17   750 1   757 8   764 1   783 1   785 1   789 4   792 8   804 1   808 1   809 16   810 16   816 8   828 2   847 16   856 16   860 4   879 2   880 4   887 14   894 16   899 18   905 2   914 4   916 16   920 8   923 2   925 2   937 4   940 24   949 8   955 4   959 2   
177  905     6 2   15 16   17 1   21 1   26 8   29 16   41 16   58 16   60 4   73 8   82 12   100 16   106 16   109 10   114 8   119 8   121 4   125 1   127 16   132 1   137 4   146 1   152 16   160 8   173 8   178 4   179 8   187 16   189 16   191 4   201 2   202 4   210 2   213 2   217 4   222 16   227 2   230 4   231 2   233 4   238 8   243 8   251 4   252 5   254 6   257 2   264 1   273 4   274 2   283 4   291 16   293 1   295 8   299 8   300 8   303 4   306 16   314 1   322 16   327 8   334 16   339 16   347 1   348 8   359 4   369 2   373 20   381 4   384 1   394 4   414 4   416 8   421 4   427 16   434 16   450 2   458 2   468 8   471 16   481 2   492 8   493 1   497 16   500 8   501 2   504 2   509 8   514 8   516 4   520 4   521 4   530 8   531 16   534 1   538 4   540 16   541 4   546 2   550 4   556 4   558 6   560 8   570 1   573 8   577 1   579 4   584 22   588 1   595 2   600 16   604 1   607 16   610 8   611 1   614 8   627 2   637 16   639 8   649 16   656 2   666 9   669 8   674 4   675 1   683 17   684 5   698 4   714 4   715 8   720 2   726 8   730 6   741 4   744 4   749 1   750 2   757 1   763 16   770 1   771 2   772 2   776 16   782 2   783 16   786 16   790 2   792 4   793 4   794 2   795 8   796 8   802 4   823 1   824 16   827 16   832 2   842 8   854 4   860 4   864 17   871 4   877 8   890 8   892 1   909 2   911 8   913 1   917 1   918 4   923 9   928 2   938 12   950 8   952 4   954 2   956 8   960 4   
169  892     2 8   5 4   8 16   19 1   21 2   23 1   32 4   39 12   46 2   47 16   54 4   55 4   61 16   63 16   64 2   73 8   74 8   81 16   83 24   84 1   89 16   105 8   106 8   108 1   114 6   116 1   128 16   130 6   139 2   149 8   158 16   172 1   174 2   176 8   189 8   192 4   194 8   201 2   203 4   215 4   219 1   227 2   242 1   244 4   248 1   252 8   257 16   261 8   263 8   264 2   266 16   268 17   273 4   290 8   296 1   297 20   300 1   306 16   308 1   311 2   316 8   324 1   326 4   349 8   351 4   354 2   361 8   377 4   378 8   383 1   387 16   390 2   397 4   398 16   399 16   406 4   410 2   412 16   413 8   420 2   425 16   431 10   439 1   442 1   444 1   455 8   456 4   460 8   465 4   473 2   479 1   487 1   489 12   495 2   500 2   502 9   503 17   515 2   517 16   527 16   533 5   538 8   539 1   541 1   546 8   547 8   551 16   552 2   556 2   561 4   566 8   573 1   574 16   575 18   603 8   615 20   619 1   623 2   625 8   628 1   633 2   642 1   644 4   645 4   658 18   663 17   664 8   694 8   698 2   706 4   714 4   728 2   747 2   753 1   758 6   770 1   775 2   776 16   779 16   794 16   797 4   800 8   804 16   808 1   809 4   810 8   817 8   819 1   830 1   834 2   842 2   855 16   858 4   863 2   868 8   870 8   879 2   881 4   883 1   889 4   894 16   897 2   915 8   922 18   923 4   944 2   945 16   946 8   953 16   
175  891     1 1   14 1   17 2   27 4   28 1   37 2   38 8   39 2   44 2   49 4   52 12   53 20   56 1   63 2   69 4   70 4   74 8   90 4   95 1   112 2   113 2   120 4   121 2   124 1   136 2   138 4   148 4   152 16   164 2   168 1   178 16   202 2   207 16   211 2   214 9   216 2   219 1   223 16   227 16   233 8   236 8   239 1   245 2   247 3   257 8   265 1   268 1   269 16   277 5   281 6   282 3   284 4   290 12   291 4   293 8   294 10   297 8   309 4   318 16   323 2   324 4   325 5   334 8   335 2   338 4   345 8   357 8   363 1   364 2   376 20   384 16   387 16   388 1   397 8   398 4   402 4   407 16   413 16   414 8   422 20   427 1   429 17   430 5   435 8   438 8   441 2   442 16   444 1   448 1   457 8   461 8   466 4   467 16   471 1   475 1   484 4   489 16   504 4   506 8   509 4   514 4   516 8   517 1   519 16   523 16   524 8   538 2   549 8   550 3   554 4   560 16   561 4   563 2   570 12   581 2   583 4   585 1   587 4   616 4   626 8   630 16   633 4   637 1   639 2   640 2   642 16   650 4   651 2   654 16   659 2   668 16   669 1   675 2   676 1   681 16   688 16   695 1   699 1   700 16   702 16   713 2   714 2   723 16   751 1   760 2   762 1   776 1   795 1   807 4   813 2   822 2   824 2   830 1   831 8   839 4   840 20   843 4   859 1   865 16   872 16   876 16   878 2   886 2   887 4   893 5   902 1   903 16   906 1   908 16   912 2   917 2   920 1   924 16   942 4   945 4   
159  894     0 4   3 2   4 4   12 4   15 2   16 9   19 1   20 24   24 8   31 2   38 1   40 4   43 2   45 6   47 4   53 1   59 4   72 4   84 16   85 2   91 20   92 16   102 4   107 8   112 4   126 8   140 2   141 1   157 2   163 2   167 16   177 1   179 4   182 4   183 4   186 4   192 2   195 18   198 8   221 1   228 8   234 1   243 8   244 16   258 8   259 8   260 1   270 8   272 1   277 8   296 2   303 8   309 8   319 2   326 10   328 8   332 1   343 4   352 1   359 8   373 8   417 16   424 16   432 16   440 8   441 2   447 2   457 4   459 8   472 1   475 2   477 4   484 24   489 2   490 16   500 4   506 17   512 18   515 1   517 1   522 2   528 8   536 1   537 1   540 4   542 8   543 1   544 8   571 1   573 4   575 16   582 1   593 8   595 16   601 16   602 1   611 4   621 1   623 8   633 2   636 16   639 2   642 1   646 1   659 16   660 2   661 1   662 16   667 20   681 1   687 4   689 8   698 1   718 16   719 1   724 8   734 8   743 16   765 8   766 16   769 8   770 16   773 4   782 2   787 16   794 8   800 1   809 8   810 8   811 4   818 4   821 1   822 1   823 2   824 4   828 16   845 8   847 2   859 12   863 8   864 28   866 20   870 8   873 2   874 16   876 2   882 8   883 16   890 2   906 2   909 2   912 16   915 8   916 16   923 4   924 4   926 16   954 16   960 20   
168  904     4 2   18 2   20 1   21 16   22 8   27 16   29 4   32 2   35 16   38 1   48 8   52 8   64 2   65 8   74 1   75 9   89 16   93 16   98 4   104 16   108 1   115 8   123 1   126 8   128 16   130 16   137 2   145 16   147 1   149 2   150 18   151 16   161 1   164 4   166 4   167 8   173 16   176 1   183 2   188 16   203 2   224 16   225 1   231 18   232 2   236 2   237 1   241 4   243 1   244 16   254 1   260 4   275 4   287 1   288 1   294 16   301 8   311 1   326 16   328 4   331 16   334 1   352 16   359 8   361 2   369 16   371 2   372 1   374 4   378 4   384 16   389 8   391 4   392 16   394 24   399 4   404 16   407 4   409 16   419 16   423 16   438 16   441 2   454 16   456 8   460 16   464 1   465 4   466 1   467 1   478 8   480 4   482 8   488 1   496 1   504 16   512 1   517 18   519 16   532 2   536 1   550 1   556 1   573 2   582 8   583 8   589 4   596 16   609 2   614 16   622 12   624 4   625 1   628 1   630 8   632 8   664 1   676 1   677 9   684 1   690 8   700 8   709 2   712 24   724 16   725 8   727 8   729 1   735 8   744 8   748 4   749 4   750 2   754 4   761 8   766 16   768 1   772 1   779 16   787 3   799 4   805 8   806 4   819 2   826 2   838 16   841 2   849 2   857 8   861 1   869 4   875 1   877 16   878 2   879 8   883 10   884 2   893 1   895 2   900 8   910 8   918 1   920 1   922 8   931 4   932 16   942 4   946 8   
136  876     3 2   12 8   15 16   21 16   29 4   31 8   38 8   42 16   48 2   49 8   51 8   55 1   60 5   64 2   66 16   68 3   76 5   107 1   122 1   123 1   125 1   138 9   149 6   152 1   155 8   156 8   164 8   172 4   174 1   176 1   185 12   190 4   192 4   193 16   201 8   204 18   207 8   226 16   228 1   234 2   235 18   246 4   252 8   267 4   280 4   290 4   300 8   307 16   313 8   324 1   337 2   345 4   347 1   357 1   358 4   359 8   363 1   371 1   379 1   382 2   385 4   387 18   399 4   400 2   404 1   409 4   412 4   424 1   430 4   431 2   432 2   462 8   468 16   484 2   485 16   490 8   499 1   500 8   509 2   514 3   517 2   534 16   538 16   545 2   558 4   566 8   582 4   604 1   619 1   625 8   629 24   632 16   651 4   652 8   653 16   655 2   663 16   672 16   674 2   689 2   694 2   698 4   702 1   704 2   711 16   712 3   718 16   739 16   754 1   759 16   760 4   764 2   779 2   795 1   808 2   848 2   856 1   861 8   863 2   865 4   876 2   883 8   894 4   896 1   898 8   904 16   908 16   909 8   920 16   923 1   926 4   930 2   934 4   935 4   953 1   959 2   
150  908     8 16   9 16   12 4   13 1   17 16   21 1   29 12   35 8   41 4   54 1   60 4   81 8   82 1   85 2   102 4   108 2   120 4   127 8   128 8   141 8   142 2   159 1   160 16   164 16   167 16   174 4   182 4   185 24   186 1   193 2   205 1   228 2   240 1   246 4   247 16   249 4   257 2   272 2   277 16   282 1   286 8   288 8   290 1   291 8   303 8   312 2   313 8   316 4   323 4   325 4   330 1   333 17   349 4   357 8   371 12   383 2   385 2   392 2   395 4   402 8   403 1   409 16   413 4   424 4   429 1   430 2   431 8   442 4   452 20   459 16   469 1   476 4   478 1   482 8   495 4   498 5   501 8   519 1   527 16   532 4   534 1   541 4   546 1   565 16   567 4   571 4   572 2   581 2   587 4   602 2   603 2   620 8   624 2   645 8   646 8   648 8   651 16   667 1   669 8   672 8   673 1   681 1   683 2   694 4   711 8   722 4   726 1   727 16   742 8   745 16   746 2   752 1   767 10   768 2   772 2   774 16   797 2   800 4   809 1   814 1   839 2   843 4   852 1   853 8   856 16   859 4   861 4   866 1   868 8   869 16   871 16   879 8   883 4   901 1   904 2   905 8   907 4   908 1   912 1   916 2   921 8   928 8   933 4   936 8   937 4   940 2   941 16   949 4   957 8   960 17   
167  912     2 4   3 1   4 2   8 2   16 2   28 4   29 16   34 16   45 1   49 16   57 4   60 8   64 1   67 8   68 4   73 16   79 16   81 4   92 1   97 16   98 16   101 20   102 16   103 8   110 1   114 1   118 16   120 16   127 2   131 8   133 8   138 16   139 4   140 3   144 8   157 2   159 2   173 16   177 20   203 1   205 4   208 1   209 2   210 19   220 4   223 4   237 8   243 8   245 16   251 2   260 4   261 1   272 10   276 16   285 4   289 4   292 8   295 1   301 4   311 4   324 2   326 4   333 8   348 1   350 4   357 2   364 2   373 2   378 8   386 8   388 2   392 7   394 8   396 16   402 16   403 8   410 1   418 2   422 1   427 2   430 8   432 2   437 2   455 8   466 1   470 8   487 4   488 8   494 16   512 4   529 2   536 3   538 2   540 4   542 1   551 20   566 8   577 8   580 16   593 16   601 1   603 2   607 4   625 1   626 10   635 1   639 10   646 4   661 16   666 8   673 4   675 4   676 4   681 8   699 4   700 8   703 4   716 1   721 2   722 16   724 2   725 2   731 8   743 2   750 16   754 2   758 8   764 16   765 4   767 8   775 16   781 16   784 16   786 1   794 8   808 12   809 8   811 2   813 16   817 16   822 8   830 2   847 8   848 4   850 19   852 16   854 1   855 6   861 16   863 4   864 8   867 1   871 16   879 1   901 1   902 16   908 16   909 16   913 2   929 10   930 2   938 8   947 8   952 8   953 1   958 18   960 2   
139  904     2 16   6 4   8 4   10 8   15 16   48 16   55 4   59 12   64 4   67 1   69 1   70 1   88 8   90 4   99 1   100 8   105 16   113 8   117 1   122 4   128 18   134 8   151 1   152 4   183 1   192 16   196 8   209 4   216 9   223 2   225 16   227 16   231 16   235 16   236 2   237 1   246 16   252 2   255 16   258 8   264 16   265 16   285 1   287 16   300 4   304 1   307 5   318 16   323 1   328 2   331 2   334 8   337 1   354 8   361 2   362 4   365 4   372 4   374 1   381 8   393 8   400 1   410 4   422 8   425 16   431 2   440 4   444 2   445 2   449 1   468 16   477 1   482 9   487 4   499 8   500 4   502 2   505 8   508 1   518 8   537 8   558 4   559 1   567 4   568 1   576 8   579 16   590 2   608 1   611 16   618 4   640 1   646 12   648 4   650 2   653 4   657 8   664 9   677 2   680 1   681 2   689 8   698 4   706 4   720 2   721 16   731 4   732 2   743 16   748 8   769 25   778 4   789 4   791 1   794 4   803 8   814 16   816 8   819 8   822 16   827 4   844 2   851 2   862 10   871 1   872 16   873 2   875 8   893 1   894 16   898 16   900 16   912 4   914 1   918 8   936 8   946 8   948 2   950 4   
166  907     2 4   3 4   7 1   9 8   11 1   12 1   14 16   17 8   20 4   34 16   40 16   46 1   48 2   50 2   58 2   76 16   80 4   84 1   94 2   100 2   107 1   114 16   126 2   131 2   137 10   139 1   145 1   147 8   151 2   157 1   158 8   167 16   169 16   173 1   177 16   197 4   199 1   201 10   213 1   222 4   231 5   234 8   243 4   259 4   261 2   269 3   271 1   279 4   283 16   286 4   287 2   289 2   299 8   307 2   316 16   330 16   346 16   349 2   353 4   357 16   374 4   376 16   392 1   397 8   416 8   423 12   426 1   429 16   433 20   437 16   444 2   445 4   447 8   449 8   450 2   453 8   462 2   473 8   477 9   481 16   484 8   489 16   505 2   508 8   522 4   524 2   526 8   541 16   546 16   551 2   559 8   568 4   572 2   577 2   587 8   590 1   591 2   597 2   600 2   606 16   616 4   619 4   632 1   638 2   643 8   646 4   651 4   657 16   658 8   666 8   671 4   675 16   681 16   683 8   688 4   700 16   702 1   703 24   705 16   713 16   717 2   728 16   736 2   737 8   747 16   748 8   749 16   754 1   762 3   765 8   769 16   773 17   774 2   777 4   785 8   786 8   797 2   803 3   808 2   814 8   824 1   828 6   833 1   838 2   839 2   840 2   850 8   853 16   854 8   859 1   881 16   891 24   892 8   893 4   903 4   904 1   905 4   910 16   911 8   915 8   920 10   922 8   926 8   927 16   935 8   955 2   
176  900     2 16   5 18   14 1   18 4   25 20   29 2   31 16   36 18   45 4   56 16   76 9   79 1   85 2   89 1   92 8   94 8   98 16   112 8   113 8   114 4   116 16   117 4   119 4   123 16   124 12   125 4   130 4   139 4   141 8   142 1   143 2   146 16   149 16   153 16   173 4   179 2   181 4   183 16   186 2   200 2   201 8   205 4   207 16   208 4   212 1   213 16   223 8   231 1   239 1   240 8   241 1   242 9   243 2   244 16   270 4   272 16   278 16   280 2   283 4   288 8   289 16   298 4   300 1   306 2   310 8   314 8   315 4   317 1   320 2   329 8   330 4   339 2   344 8   346 1   348 5   351 2   353 16   355 4   363 16   364 8   365 2   382 16   385 4   417 2   424 4   427 1   437 8   441 16   453 1   454 6   465 2   467 9   468 1   471 16   473 6   483 16   484 4   485 2   486 2   491 16   495 16   505 3   506 1   509 4   513 16   526 2   529 8   532 3   541 4   542 1   553 18   555 2   559 4   570 8   576 1   584 1   593 2   596 8   603 8   607 1   608 8   615 1   622 16   633 4   636 16   645 8   646 4   651 2   657 2   662 1   670 4   677 16   680 4   683 8   695 16   704 16   716 2   717 16   719 8   720 4   722 8   723 16   725 16   730 8   735 1   739 8   741 16   750 10   758 8   759 2   762 2   769 1   783 16   799 8   801 4   808 1   810 20   835 12   836 1   841 8   842 16   858 1   863 16   872 20   873 8   888 1   889 1   909 2   923 16   928 1   930 4   933 4   939 2   942 2   943 8   949 18   
166  899     3 2   17 16   19 2   29 2   31 8   34 4   45 2   47 2   49 1   51 4   54 16   65 16   74 16   77 16   86 8   88 4   97 2   102 16   103 2   106 8   108 12   111 8   121 4   127 2   136 8   156 4   164 2   168 1   171 16   189 2   195 1   196 2   209 16   217 4   218 18   226 2   232 4   235 2   237 4   240 2   241 1   256 1   257 8   258 8   268 4   272 3   278 8   285 2   287 16   289 1   291 20   295 2   313 4   320 1   340 12   351 16   352 1   356 20   360 2   364 4   376 16   378 1   380 8   382 4   383 4   400 4   406 4   412 1   415 8   417 2   418 17   423 4   428 8   430 4   441 16   463 9   467 1   470 24   472 9   484 16   492 1   500 9   506 16   512 16   515 8   519 8   522 2   529 16   532 1   539 2   544 8   547 16   552 16   565 4   573 4   575 1   576 2   586 4   597 2   600 8   602 4   605 2   606 10   614 4   626 24   627 8   629 8   630 8   632 8   635 4   636 4   638 2   642 16   646 12   651 8   656 8   659 8   660 8   662 2   689 16   690 12   696 16   702 1   705 16   706 8   707 2   709 1   715 2   718 16   721 16   722 8   723 6   737 2   742 8   748 8   757 1   759 2   773 8   782 1   789 4   793 16   795 8   797 4   799 3   801 4   807 8   809 4   821 8   827 1   843 16   844 1   858 2   881 8   882 4   889 16   890 2   910 2   916 8   927 2   929 1   931 16   939 8   941 1   943 16   955 8   957 8   
131  885     0 2   11 18   26 12   27 8   32 1   42 8   51 16   60 8   65 8   77 4   82 2   88 8   89 12   97 4   99 2   103 3   108 1   110 16   122 2   129 8   134 1   155 8   166 8   175 2   188 16   189 1   198 6   210 4   242 2   247 16   270 8   271 4   274 4   285 2   287 1   291 16   301 2   302 1   309 16   318 2   322 6   337 1   348 16   350 2   354 4   357 20   360 6   367 4   370 4   376 8   382 5   385 8   387 2   399 8   403 8   415 4   421 24   427 8   430 20   436 2   440 16   454 4   464 8   470 18   484 8   487 1   489 16   492 1   504 8   510 2   522 16   526 16   530 1   532 16   534 4   539 4   544 17   549 2   554 8   563 16   566 6   579 16   585 10   605 1   615 2   617 2   633 2   642 4   644 4   648 10   653 8   668 4   669 4   673 2   675 4   676 1   683 4   687 4   710 2   712 16   713 1   716 2   719 2   729 16   730 16   735 8   763 1   774 8   775 1   776 1   800 8   806 1   813 1   815 18   823 8   825 8   855 2   862 10   870 2   875 3   885 2   886 2   887 2   905 2   925 2   934 20   942 16   947 4   949 3   953 4   960 8   
145  916     5 18   30 2   45 1   55 4   56 16   72 4   74 16   77 2   78 24   81 1   87 8   105 4   108 1   109 1   112 6   138 4   142 16   144 8   147 2   152 16   155 16   158 2   164 1   195 8   196 16   200 8   204 4   205 2   238 16   244 16   246 8   251 8   259 2   262 8   273 4   276 16   281 8   288 16   289 2   290 2   296 8   302 1   313 8   315 8   316 4   324 16   330 8   333 1   338 24   346 2   348 4   349 16   367 8   368 2   376 4   378 2   381 16   412 8   419 16   438 10   441 1   443 8   451 16   453 4   464 2   469 16   478 4   487 16   488 4   493 4   511 10   523 8   527 4   530 2   532 1   538 16   544 16   561 8   563 16   586 4   593 2   594 18   600 1   601 2   608 4   612 4   617 16   631 1   638 4   642 2   645 4   647 1   652 8   658 17   661 4   668 1   682 16   683 8   698 1   701 16   707 8   712 5   713 4   714 9   717 2   731 2   736 3   743 2   747 4   749 16   754 3   767 16   777 8   780 1   782 3   796 16   816 5   818 2   823 1   824 8   831 8   832 1   838 8   852 1   863 16   867 16   876 16   880 4   882 4   883 24   892 1   894 4   904 8   907 16   914 4   916 16   921 4   924 4   939 16   941 16   943 2   944 16   946 2   947 4   954 2   
146  890     2 16   8 16   12 16   15 8   22 16   28 4   50 1   52 24   58 1   60 8   67 1   72 1   78 4   88 4   105 4   119 2   127 4   128 10   130 16   132 12   134 4   135 16   136 1   137 16   139 2   140 2   143 16   148 16   151 1   155 2   158 17   160 1   162 1   163 2   182 17   185 4   187 16   188 2   197 16   204 4   207 2   209 2   214 2   215 5   224 16   231 2   238 8   247 2   253 1   254 16   264 1   265 1   268 8   271 16   279 8   282 2   284 8   293 2   297 2   298 4   301 1   310 16   355 2   361 16   372 2   374 1   377 1   379 16   382 3   390 2   393 8   402 1   412 4   415 9   430 8   434 9   436 1   444 2   451 4   454 8   468 1   472 2   476 16   477 1   478 2   482 1   484 1   489 8   499 4   505 8   509 2   535 4   542 16   554 4   576 16   582 8   588 8   598 4   617 2   620 1   621 8   624 2   649 16   653 1   659 2   675 2   685 2   687 1   690 10   692 4   694 1   699 8   704 8   716 2   718 16   739 8   741 1   755 1   758 1   759 17   765 8   767 4   768 2   782 16   783 4   804 8   811 2   812 4   826 2   835 16   843 1   850 2   860 1   871 4   873 4   881 4   882 24   890 1   904 1   918 16   919 4   924 12   926 16   936 1   946 2   951 2   
182  900     0 4   1 16   13 2   28 16   35 24   44 16   45 4   48 4   58 1   68 2   73 2   76 2   80 1   84 16   100 4   103 8   104 8   107 16   108 16   116 4   120 4   124 4   126 8   135 2   147 8   154 8   162 1   167 16   169 1   179 1   187 4   190 8   193 8   194 16   215 16   224 20   226 8   229 2   231 2   234 8   245 24   246 1   252 4   261 4   264 1   266 16   272 16   278 8   285 4   294 16   302 4   306 8   309 8   311 8   318 4   322 2   324 1   325 4   327 5   335 2   338 1   342 4   343 4   344 2   345 1   352 4   362 4   365 8   367 2   376 2   384 1   385 16   395 1   396 8   398 6   412 2   417 2   425 2   432 4   438 16   444 1   459 2   461 8   462 4   465 16   466 4   471 1   486 1   489 1   500 16   506 8   508 4   509 1   512 16   515 2   525 1   527 2   533 8   536 2   542 8   553 8   558 2   560 8   565 8   572 16   574 16   575 1   581 4   582 2   588 3   594 4   596 16   604 2   610 16   616 8   623 20   639 1   653 16   655 16   656 8   657 1   659 1   663 2   668 2   670 18   677 4   682 16   684 16   686 12   694 1   700 16   702 4   707 1   712 4   720 16   721 8   747 16   758 3   759 4   761 2   773 4   776 4   777 8   783 2   785 16   788 4   796 4   798 16   804 4   810 10   811 1   813 4   815 2   817 8   822 4   823 16   830 16   837 1   841 1   858 1   873 1   874 16   875 2   882 2   886 8   893 8   902 8   906 1   907 1   911 16   914 9   920 1   930 8   933 16   937 1   939 2   940 8   941 8   952 16   953 8   955 8   960 16   
127  870     2 16   7 1   16 1   34 1   48 1   49 4   63 4   64 16   69 4   80 2   89 1   112 5   116 4   117 9   129 4   146 4   148 8   161 16   167 6   176 16   194 8   203 2   207 2   217 1   221 4   226 2   239 16   245 2   249 8   262 8   268 2   273 16   290 16   294 4   296 4   307 16   326 10   330 4   338 16   347 8   364 1   365 5   367 16   382 1   384 4   398 6   403 16   408 2   416 16   418 4   419 8   420 1   423 8   437 4   456 2   462 16   475 1   483 2   504 2   512 2   525 16   526 4   532 4   534 3   537 4   553 2   563 18   569 2   570 4   574 16   582 4   587 16   590 16   612 3   618 3   632 16   634 8   637 20   643 10   645 4   658 1   659 2   676 4   684 8   685 1   687 16   696 1   701 4   707 16   712 16   726 5   737 1   739 8   745 8   747 8   748 1   765 4   767 1   779 16   782 2   785 4   798 3   803 16   808 16   822 3   826 2   832 8   841 8   846 2   853 2   861 16   876 16   883 16   892 8   893 2   899 1   915 8   919 1   920 16   924 2   932 2   933 4   936 8   939 2   945 1   948 2   958 16   
182  907     2 2   6 1   9 1   10 4   13 2   14 2   22 8   27 1   28 8   29 5   32 4   42 1   44 16   59 1   66 1   67 8   77 8   80 4   81 16   83 2   93 8   98 12   101 1   102 8   105 20   122 16   123 16   125 2   128 4   135 4   140 4   144 2   149 1   151 8   154 8   157 9   159 4   165 16   171 4   175 16   180 1   191 2   208 1   210 16   220 1   222 1   225 20   227 1   228 16   232 8   247 2   257 2   266 8   270 1   272 16   273 8   274 4   275 16   278 4   301 4   306 8   314 16   317 5   328 1   329 16   331 2   333 4   346 2   351 2   361 1   365 2   366 1   369 4   371 1   401 8   402 8   404 16   412 1   420 2   426 1   431 16   433 1   434 4   440 4   473 8   474 8   498 1   503 4   505 16   516 4   523 2   524 1   528 8   530 1   534 4   535 16   540 4   541 1   542 16   543 2   549 4   556 8   557 2   560 2   567 1   572 4   593 2   594 8   596 1   616 20   619 8   620 4   625 8   631 4   635 4   640 16   647 2   648 1   649 8   651 8   655 16   663 16   669 8   671 1   672 4   684 4   686 1   688 8   694 4   700 8   703 4   704 1   707 4   709 2   714 17   723 1   724 2   725 2   727 4   728 2   733 4   736 1   739 16   746 4   748 1   763 2   764 16   774 16   775 2   793 3   799 4   800 4   804 16   807 4   822 2   828 1   834 2   836 5   837 4   845 1   851 4   865 8   867 16   868 8   869 4   874 8   876 16   877 8   886 12   895 16   902 8   904 4   905 4   913 1   914 4   915 2   922 8   923 2   924 4   927 8   942 8   945 2   
173  925     12 8   15 2   21 1   34 8   35 4   36 8   41 16   57 8   59 8   63 1   75 16   85 1   87 1   93 8   96 2   127 4   138 8   142 2   146 4   150 16   157 4   158 4   160 4   165 16   168 16   171 2   182 1   183 2   215 1   217 1   221 8   222 2   223 16   229 1   231 4   236 16   237 14   240 4   244 4   247 1   248 3   249 8   255 1   262 2   266 4   267 17   270 4   274 8   278 2   280 2   291 16   304 16   319 4   322 9   331 16   342 5   347 2   351 4   357 2   363 8   366 8   374 16   376 16   389 8   395 4   398 4   400 4   405 1   416 2   425 2   426 16   442 1   445 16   453 4   462 16   463 16   464 8   466 16   467 6   468 4   469 1   471 1   473 8   478 16   480 1   481 16   482 4   485 8   487 4   505 1   506 4   518 10   520 4   526 4   527 16   528 4   540 2   543 2   552 4   553 8   555 4   573 16   577 1   578 18   579 16   589 16   590 2   594 8   602 4   613 1   616 16   617 4   618 1   620 2   626 1   635 1   642 8   647 1   650 2   651 4   656 4   658 16   665 2   666 16   673 16   678 2   684 16   704 4   707 16   711 4   712 4   715 8   722 8   725 1   730 8   731 2   739 16   750 16   754 2   765 1   777 10   778 4   782 16   783 1   785 16   793 2   799 1   812 8   829 16   834 4   835 4   849 8   852 16   855 2   859 8   867 24   875 1   876 8   879 8   883 8   893 1   900 24   908 8   913 8   916 8   922 3   926 8   948 16   949 4   951 4   953 16   955 4   960 8   
180  889     3 16   14 1   16 1   18 4   19 8   22 2   28 1   29 4   34 16   47 1   60 1   61 8   64 8   71 8   79 16   93 8   95 8   99 3   105 1   123 8   143 8   154 1   157 2   162 4   170 2   188 1   190 4   194 1   196 1   198 2   201 16   204 16   218 4   220 1   222 1   230 4   236 16   243 4   246 1   248 6   250 4   254 1   260 16   266 2   267 1   271 1   273 2   277 8   285 4   286 4   294 4   296 2   299 4   300 8   301 8   309 2   312 16   322 8   323 4   334 5   336 16   345 1   353 2   358 8   360 16   370 4   371 8   372 8   381 16   382 16   386 8   392 6   394 16   396 2   403 4   412 8   414 16   445 16   451 16   452 8   459 16   462 2   467 4   473 16   499 16   500 8   501 1   503 2   517 5   522 4   528 16   536 8   538 18   551 16   567 16   579 2   585 6   587 8   588 8   590 16   593 1   596 8   606 2   609 4   617 1   618 4   621 2   622 4   626 1   640 2   647 4   648 4   651 8   654 8   655 16   667 8   671 4   674 10   677 2   681 2   687 2   689 16   693 4   699 2   710 8   714 16   717 1   720 4   726 2   729 16   733 8   736 2   750 2   753 2   755 1   756 1   761 1   766 1   770 16   777 4   778 8   781 2   787 16   795 1   797 2   801 16   805 16   806 8   813 1   817 3   827 16   834 2   842 4   843 16   845 16   849 4   853 1   855 4   860 2   861 4   877 16   881 5   882 4   883 18   885 8   889 8   893 1   904 4   921 5   922 1   928 2   932 1   935 16   936 2   940 1   945 16   946 8   951 4   952 8   954 1   
158  871     4 2   5 2   14 8   18 1   24 8   28 18   30 5   41 8   46 8   58 8   65 1   89 4   90 4   92 8   104 4   106 16   112 16   114 1   116 1   122 24   125 10   129 4   150 16   158 16   165 8   174 2   179 18   186 16   192 1   195 1   201 2   205 8   208 2   209 22   217 1   223 8   225 16   232 10   254 8   260 2   264 4   270 4   274 8   276 1   278 1   281 8   282 2   284 16   285 16   287 4   290 1   315 1   322 8   325 16   326 16   327 8   338 2   346 16   353 4   361 16   363 9   368 3   384 2   388 1   406 16   407 8   409 16   417 1   427 1   429 20   436 17   438 6   440 2   452 1   456 1   461 1   463 1   472 16   473 1   479 8   480 1   488 4   494 2   500 1   509 2   512 1   521 4   522 1   526 8   528 1   530 1   535 16   538 16   552 16   556 2   560 2   579 16   583 8   585 16   587 4   588 1   590 22   592 2   602 8   615 16   623 1   632 16   637 4   655 2   656 1   663 4   669 8   671 1   684 8   686 8   687 8   689 20   702 16   704 2   708 8   732 8   740 2   741 4   744 16   748 16   756 16   757 4   758 7   760 4   768 1   773 2   778 4   785 16   800 24   802 16   809 2   817 17   829 9   830 4   837 8   840 16   841 8   849 4   850 4   860 16   868 2   877 4   882 16   884 4   895 3   905 8   908 2   909 16   916 1   919 1   928 8   934 8   955 4   
151  897     13 2   23 2   28 1   33 2   35 4   38 3   56 8   60 1   85 16   89 2   98 16   100 12   120 4   126 16   128 2   129 8   130 4   142 2   146 2   156 16   169 2   172 10   173 2   180 18   190 16   204 4   224 1   226 2   231 1   245 10   250 4   254 6   255 8   256 1   258 16   259 8   268 4   271 8   275 2   281 4   283 8   287 2   292 1   296 1   310 16   313 2   316 4   327 8   328 16   333 4   334 1   337 24   339 4   344 16   352 1   362 8   364 2   366 8   372 1   377 1   383 2   387 2   393 1   395 2   397 2   409 8   414 1   424 16   432 2   439 4   444 8   448 2   455 4   466 16   474 2   498 1   503 4   509 2   512 4   522 4   528 16   534 1   553 16   554 16   555 8   556 4   558 1   563 2   568 1   571 4   575 1   597 1   605 16   608 10   617 16   628 8   630 16   632 16   644 1   647 2   648 2   669 16   671 2   673 1   677 2   686 8   695 2   703 16   704 1   705 1   707 1   709 1   713 1   727 1   733 16   738 4   739 16   740 2   748 8   761 8   767 16   775 5   781 2   784 4   791 1   795 4   806 10   815 12   828 8   829 8   833 1   837 2   838 4   841 16   842 1   843 16   844 1   852 4   858 1   859 16   865 1   866 4   871 4   885 2   898 8   904 8   920 8   929 4   938 2   941 1   944 2   
177  903     9 2   10 16   19 1   24 2   42 1   43 4   45 8   50 16   54 10   56 16   67 8   68 8   71 2   74 8   83 6   85 4   86 16   87 2   95 1   114 8   119 1   125 8   135 8   138 8   140 1   141 16   144 1   155 2   165 1   168 6   173 8   178 4   188 1   189 1   200 16   206 2   210 16   217 8   222 8   223 1   229 8   233 2   239 8   241 2   242 16   246 1   253 4   258 1   260 8   261 2   264 2   265 2   266 8   277 20   280 4   284 1   285 16   292 8   296 4   306 16   307 4   323 16   333 4   337 8   346 2   353 1   355 8   356 4   360 4   363 2   366 2   369 8   372 4   373 16   375 24   386 2   410 25   419 20   421 2   422 8   426 8   428 2   430 16   433 4   445 4   446 4   452 24   460 16   470 2   473 2   475 4   486 2   496 2   517 2   523 1   525 2   526 2   532 1   536 2   537 16   543 4   546 2   553 1   561 2   565 4   570 2   578 4   586 8   588 2   596 4   600 17   604 8   605 8   618 2   619 1   634 16   640 8   648 2   649 8   651 8   662 8   667 4   668 9   675 2   683 2   698 8   702 8   709 16   710 2   715 1   718 2   729 16   735 16   742 4   745 1   750 16   755 16   757 16   761 4   764 2   773 8   776 8   782 2   783 2   790 1   797 4   800 4   802 2   805 12   812 1   835 2   838 4   839 8   841 8   855 16   856 9   857 8   859 8   862 4   868 8   869 4   870 18   871 16   872 1   876 16   892 8   897 8   900 8   920 2   924 2   926 8   935 2   941 8   942 1   945 16   952 17   960 1   
167  907     5 2   8 16   9 17   13 8   23 1   48 1   50 1   61 16   64 1   73 4   81 1   90 1   94 2   95 1   118 4   119 4   127 4   131 8   135 16   144 4   146 4   148 8   149 8   161 1   163 4   178 16   179 1   180 1   186 8   187 1   190 4   191 2   195 2   203 2   204 10   209 1   212 4   228 8   230 16   234 16   237 2   241 4   243 2   253 16   261 1   269 9   270 8   273 2   275 2   288 4   289 5   292 16   297 4   303 4   307 8   315 16   322 8   338 2   343 2   347 1   353 2   354 4   359 4   365 1   370 4   372 1   380 8   383 16   388 1   390 20   395 16   410 16   414 1   419 2   421 20   422 20   430 2   431 4   436 18   440 4   453 8   458 4   461 8   473 1   479 16   493 1   494 2   500 2   509 8   510 1   514 16   516 4   517 4   520 8   522 16   524 1   528 10   532 16   544 4   546 2   558 8   566 2   568 1   574 4   575 1   579 4   588 3   589 4   592 4   599 18   611 8   612 4   614 1   625 4   628 1   629 1   635 17   638 4   643 4   651 20   656 8   663 4   671 16   679 4   700 8   701 4   716 4   731 1   738 8   745 4   773 4   793 16   803 8   807 8   813 2   819 2   823 8   824 5   825 24   827 1   833 4   834 8   835 4   840 16   843 16   844 4   854 16   857 2   867 8   870 8   872 2   873 4   882 4   887 8   889 8   891 4   900 8   902 8   904 1   909 8   916 1   921 3   922 1   924 1   937 1   941 2   959 8   
179  916     0 2   19 8   35 6   36 16   41 5   43 8   47 1   50 4   52 4   53 2   66 8   71 4   75 2   82 4   84 1   85 5   88 4   91 2   93 4   94 2   111 1   115 1   116 10   129 1   130 2   131 1   133 16   140 4   143 1   148 2   153 2   159 1   168 1   170 2   182 3   186 16   197 8   203 4   211 24   212 16   214 1   216 8   219 2   226 2   227 16   228 2   230 1   235 20   240 1   242 16   254 8   259 4   260 1   262 16   263 16   271 8   278 8   282 4   284 2   285 16   288 8   301 16   304 1   309 10   314 16   321 4   325 8   329 4   331 2   332 3   333 1   337 4   353 1   354 18   356 2   359 1   385 1   390 1   397 16   400 16   402 4   408 16   412 2   418 16   430 8   441 4   442 4   456 8   458 2   463 16   467 1   468 2   476 1   477 4   485 8   488 2   490 2   491 6   492 1   495 4   498 1   510 2   516 2   518 16   530 1   532 8   533 4   544 8   546 8   548 4   556 2   574 4   596 16   601 16   605 8   609 2   613 4   628 16   631 16   636 4   637 16   639 4   643 8   644 8   647 16   659 16   662 8   668 1   669 4   670 12   682 1   687 1   688 2   692 16   702 1   703 4   720 8   723 8   725 3   744 16   746 4   749 8   755 16   762 8   766 9   769 24   770 4   787 2   789 4   797 1   802 2   805 2   807 1   815 16   819 4   824 8   825 12   826 1   834 8   844 1   847 8   853 17   863 4   869 8   884 6   886 8   888 18   899 1   910 1   912 2   919 1   923 4   928 16   936 2   942 16   946 2   949 8   951 16   959 9   
123  856     1 4   7 2   17 4   23 12   27 2   32 4   38 8   43 2   47 2   48 2   58 8   81 3   83 1   88 1   90 16   98 4   104 16   108 16   114 8   126 8   140 16   142 4   143 6   145 4   147 1   152 3   172 6   175 2   178 16   181 4   190 2   205 4   212 2   215 4   223 16   227 1   232 24   251 8   256 8   258 8   282 4   288 1   295 8   314 4   341 4   355 8   356 16   357 16   361 2   370 16   371 2   373 1   375 4   398 4   405 5   419 2   421 16   434 16   444 2   450 1   455 2   458 16   468 8   477 1   484 2   491 8   496 5   508 16   519 2   521 8   525 5   546 8   548 4   552 16   557 16   567 2   568 16   569 4   572 2   574 2   584 1   585 18   587 1   601 1   610 2   612 16   614 2   618 16   630 18   640 8   655 8   680 16   685 18   686 1   701 4   706 12   710 9   717 1   723 1   733 2   735 1   759 24   762 1   772 1   782 1   783 5   785 6   796 4   816 8   839 1   846 24   851 6   859 8   867 4   874 18   879 2   883 2   885 8   901 4   918 4   937 16   948 18   956 4   
152  899     1 5   5 8   9 24   11 8   12 16   38 16   40 1   43 1   45 4   48 2   60 2   63 8   65 16   66 16   79 1   83 2   92 2   95 1   104 3   105 1   119 5   124 8   132 1   133 28   141 1   149 4   168 16   176 1   177 2   179 2   186 4   190 16   191 2   196 17   204 2   206 2   208 1   213 2   224 8   228 8   236 2   252 4   257 8   258 1   259 1   260 8   263 4   278 18   279 2   280 2   293 1   296 16   298 1   336 2   337 1   340 4   343 2   356 24   364 1   369 8   372 1   390 2   394 16   405 16   406 16   410 8   415 1   418 16   422 8   436 2   442 4   443 1   448 2   449 4   450 8   458 1   461 1   462 1   468 4   476 1   480 8   487 4   489 16   492 16   510 6   514 8   536 8   544 4   555 16   564 4   565 16   572 1   583 1   587 20   588 8   598 1   599 16   602 8   605 6   609 4   610 1   614 16   625 16   628 9   634 17   638 16   639 4   640 4   650 16   660 1   667 1   668 4   672 8   679 1   680 8   684 2   699 10   708 4   729 8   732 10   734 16   744 8   748 4   756 8   759 8   772 16   773 8   778 4   780 2   781 4   784 16   796 16   802 8   810 16   820 16   825 2   841 8   844 16   845 8   849 1   861 1   862 4   880 8   897 1   901 8   903 8   905 17   906 1   909 2   936 8   957 16   959 8   
202  905     0 2   3 16   7 12   11 4   13 16   16 4   17 16   19 16   23 16   24 8   26 16   29 1   30 2   34 2   40 4   41 2   49 4   51 2   62 16   63 2   65 16   71 4   72 8   80 2   84 8   89 4   91 4   93 8   98 8   105 16   109 1   116 4   117 8   119 4   120 16   125 4   127 2   130 4   143 16   145 2   148 2   149 1   151 4   185 17   188 2   193 4   194 1   210 16   216 18   217 8   230 4   233 4   243 16   246 2   249 2   255 1   259 1   260 2   263 16   268 24   269 8   272 4   278 4   281 1   284 8   295 4   308 16   309 8   311 8   313 4   315 4   321 16   322 8   326 10   337 4   342 4   350 8   353 2   372 1   373 4   374 16   377 1   381 16   384 1   387 8   389 1   392 4   394 4   398 2   401 4   408 16   409 1   411 4   417 8   427 1   428 8   448 8   449 1   451 4   452 2   453 4   455 8   459 8   465 2   475 4   479 8   488 2   489 24   499 1   506 4   508 8   510 8   518 16   524 16   528 16   529 10   533 2   534 16   542 8   543 4   544 1   553 4   569 4   573 16   576 9   578 24   584 1   587 4   590 2   592 2   595 2   597 2   601 1   619 2   620 5   624 4   625 8   632 8   640 2   642 4   643 8   648 16   649 16   656 8   657 8   658 8   666 4   667 2   668 1   676 4   681 8   688 8   692 4   693 4   695 4   701 16   708 1   718 2   719 5   722 4   726 2   728 2   731 12   737 4   738 16   740 4   743 4   750 2   752 2   770 1   771 4   776 16   780 8   781 1   785 4   787 1   804 8   813 16   821 4   826 1   835 4   840 2   844 1   849 10   857 1   863 20   871 2   879 4   883 8   885 4   889 16   901 4   906 16   907 2   919 4   931 4   932 4   934 1   937 2   939 1   942 2   960 16   
155  899     19 8   21 4   27 1   30 2   34 1   42 4   43 16   49 16   53 8   61 2   62 1   77 2   86 16   95 4   103 17   114 1   117 2   126 16   127 4   130 2   135 4   139 4   144 1   150 16   153 16   154 4   159 16   162 2   164 16   165 1   174 8   181 4   182 16   189 24   195 8   219 2   228 4   237 8   242 2   245 16   248 20   254 8   256 16   264 8   274 2   279 1   280 1   284 2   287 1   294 2   298 4   306 1   316 8   330 1   333 2   349 16   350 2   359 1   360 1   362 16   364 4   367 2   370 16   375 1   390 1   394 2   398 16   408 8   415 16   420 4   441 2   444 8   450 8   457 8   458 1   459 16   478 1   480 4   482 9   485 4   488 4   492 2   494 16   502 17   507 4   512 16   516 8   529 2   549 4   570 16   571 16   574 8   575 1   577 2   581 18   583 4   593 16   599 2   607 4   611 8   614 16   624 8   625 2   630 1   631 2   637 10   640 4   656 16   659 8   661 16   662 4   666 1   676 8   682 1   689 8   698 4   705 16   715 2   716 8   718 8   719 16   720 2   730 16   738 16   744 8   751 8   753 4   764 4   774 4   775 2   777 2   778 8   781 4   786 2   795 16   802 4   805 4   820 8   823 5   835 8   839 4   846 4   862 1   865 1   868 1   872 8   873 8   875 2   889 16   903 2   907 8   933 4   936 4   959 2   960 1   
174  907     8 3   11 4   14 16   15 12   16 16   18 16   19 2   20 4   24 2   25 8   32 2   39 8   40 8   53 2   57 8   60 2   71 8   78 8   89 1   92 1   96 16   100 8   120 2   131 8   136 1   151 2   153 16   155 4   166 4   181 16   191 2   201 8   211 1   216 26   219 18   235 8   236 8   238 2   240 1   250 16   259 4   262 8   267 4   268 1   271 2   272 16   281 1   287 8   289 8   293 8   303 4   311 4   314 1   315 16   316 4   319 1   321 2   333 1   337 8   338 8   340 16   344 8   346 2   360 16   362 16   369 16   371 1   374 1   379 2   381 16   385 4   390 12   393 8   398 1   399 4   405 4   406 2   410 2   414 4   422 6   430 8   432 4   437 2   438 16   439 16   445 4   446 16   451 2   458 16   464 2   476 8   481 8   489 16   499 8   503 5   508 8   511 4   514 2   515 1   537 8   538 2   541 16   545 1   556 8   563 1   568 8   581 16   582 2   589 4   593 1   608 16   609 1   620 4   623 4   628 8   636 4   641 8   642 8   656 8   672 8   678 8   696 4   697 8   700 4   717 1   724 4   725 1   741 1   743 4   744 4   747 4   751 8   757 16   758 12   759 16   765 2   770 8   774 4   776 8   777 1   778 12   779 24   789 1   794 2   822 2   825 4   826 4   827 16   830 16   836 1   844 1   848 16   852 18   857 8   863 1   865 4   867 4   868 16   870 1   883 4   884 8   902 2   903 13   915 3   921 2   924 1   925 2   928 8   938 4   941 20   949 2   958 4   959 8   960 4   
190  885     1 16   8 4   9 16   13 16   15 16   16 2   20 8   21 4   23 4   32 8   42 1   51 8   52 8   53 3   56 20   61 6   64 2   66 4   81 16   85 8   87 4   92 2   93 4   103 8   104 1   105 1   110 21   115 16   124 20   140 8   142 16   167 1   172 16   180 1   183 2   186 18   194 2   195 8   199 1   201 16   216 16   222 8   226 2   228 4   229 8   235 2   237 8   238 8   243 16   244 16   247 2   248 2   253 1   256 4   259 4   262 4   265 8   266 1   268 24   269 4   274 4   276 16   278 2   290 2   296 2   298 2   304 16   305 4   309 16   310 2   313 16   323 8   324 1   333 1   334 4   339 4   343 8   346 1   348 2   351 20   360 1   371 8   374 16   377 2   386 4   391 4   404 1   406 1   407 1   428 16   430 16   432 8   438 16   445 24   446 4   447 4   461 4   464 16   469 4   471 8   472 2   478 8   480 4   482 8   486 1   488 4   494 16   502 16   508 2   512 16   513 1   515 4   520 8   525 8   534 4   537 8   538 4   552 3   556 4   557 16   564 6   565 4   578 16   595 16   603 4   609 16   611 2   612 2   618 4   623 2   628 4   636 16   649 2   650 4   654 3   660 1   678 8   685 9   689 2   701 2   702 4   706 16   718 4   719 16   725 4   726 4   727 2   731 6   737 4   747 16   752 8   754 16   772 4   774 8   799 2   810 16   814 4   818 8   829 1   830 4   844 4   846 1   857 8   863 4   864 8   872 2   880 2   887 2   888 1   893 2   894 1   896 1   901 4   904 17   913 16   914 1   916 1   920 2   921 4   922 1   923 20   926 1   928 2   940 16   942 1   943 8   944 18   946 2   954 8   955 2   
172  900     3 4   4 8   8 16   11 1   14 1   15 1   23 2   39 4   48 4   49 2   55 2   73 8   77 4   86 2   87 1   93 1   95 4   97 2   99 8   100 4   101 4   104 2   106 1   108 3   110 2   114 2   119 16   122 16   123 8   133 2   143 4   148 16   152 2   159 8   163 16   168 4   178 1   194 12   212 4   214 4   215 1   222 8   223 3   227 1   234 9   236 4   238 4   240 8   262 1   267 1   268 4   273 1   279 12   288 8   292 2   296 2   297 1   299 1   306 8   313 4   319 4   324 1   327 4   339 8   342 16   349 1   352 16   359 16   364 1   371 8   373 2   374 1   393 4   395 2   396 4   415 1   417 8   427 4   439 1   442 16   443 16   458 16   459 2   469 8   470 8   473 4   480 1   489 2   495 2   502 1   507 8   511 16   516 2   517 20   522 4   523 1   525 16   528 8   532 16   535 4   542 16   545 16   547 2   551 16   553 4   557 8   560 1   562 2   568 16   579 16   581 4   582 4   588 2   589 4   591 5   592 16   616 1   618 4   623 8   624 8   625 1   638 2   639 16   644 8   659 4   663 5   670 8   673 2   685 16   700 8   705 8   708 4   709 1   712 4   722 8   724 8   727 2   728 4   731 17   750 1   753 1   756 1   761 1   767 8   772 1   779 4   780 1   783 1   784 8   800 12   812 2   820 1   832 16   833 8   847 4   872 8   880 1   882 16   886 1   899 2   910 4   913 1   921 8   924 17   926 4   928 2   931 16   934 2   936 2   945 4   952 2   955 16   
184  915     9 2   10 8   12 6   14 1   23 1   24 16   32 4   43 4   48 1   57 2   63 2   68 16   73 16   74 24   75 2   76 1   78 2   81 2   88 8   89 2   90 16   92 8   96 8   97 4   99 2   103 4   108 16   116 2   118 8   120 1   132 16   133 2   135 16   136 16   144 20   146 16   147 20   153 8   162 4   163 1   165 1   176 2   181 8   185 16   195 8   199 8   206 8   224 4   226 1   229 16   230 16   238 1   241 1   254 2   259 2   268 1   276 1   277 10   278 16   285 16   288 16   294 1   296 1   306 8   315 8   316 16   318 4   319 6   322 16   325 16   327 16   339 16   346 16   347 1   365 1   378 16   380 2   383 2   392 4   397 8   398 8   404 16   406 16   409 24   410 1   412 2   413 16   417 4   423 2   431 16   435 4   443 16   444 16   446 16   449 2   454 1   455 4   456 4   467 17   491 8   493 16   499 4   501 1   509 2   510 16   514 4   517 1   521 2   528 1   529 16   534 2   539 1   542 3   549 4   551 1   552 1   562 4   568 1   572 16   576 2   578 2   579 16   586 1   590 2   592 1   597 8   604 16   605 2   608 8   620 16   634 4   641 1   656 1   657 1   660 1   668 4   671 1   674 8   682 16   683 4   687 8   692 2   696 2   705 8   707 1   709 2   718 1   724 8   739 10   762 8   771 16   781 8   783 1   788 8   791 1   804 2   816 1   827 2   835 1   838 4   840 2   846 8   849 8   851 6   856 4   857 1   864 8   875 8   887 4   888 24   895 18   898 8   902 16   907 9   912 1   914 16   920 8   928 4   936 8   938 2   941 2   950 16   952 4   958 5   
164  887     1 10   24 2   25 4   33 1   36 2   51 16   53 4   56 8   66 4   67 16   70 2   71 16   78 1   79 8   80 4   83 2   92 2   93 1   96 2   102 1   107 8   118 16   130 4   131 4   136 16   140 4   150 4   153 16   157 2   175 2   176 4   177 1   179 2   180 8   185 16   186 8   189 16   191 8   202 1   204 4   219 16   223 8   229 2   234 8   237 16   258 4   271 1   272 2   274 1   276 2   303 16   319 16   322 1   339 16   344 16   351 1   356 6   358 1   360 2   362 1   363 1   369 16   373 8   376 4   379 8   396 16   398 16   400 2   418 1   420 2   432 4   443 18   446 16   450 1   461 12   462 4   467 1   471 1   480 1   492 2   493 17   496 8   501 8   502 12   511 1   521 2   523 3   527 2   562 4   565 8   567 1   570 4   571 16   572 8   591 2   597 19   598 16   600 2   609 8   627 2   649 8   655 16   673 8   675 1   676 8   679 2   683 8   698 8   706 12   712 2   721 8   723 16   733 4   735 8   736 4   743 2   747 16   759 16   760 8   764 2   773 4   774 8   776 6   778 16   782 8   784 4   785 8   787 2   792 2   800 20   803 1   804 2   806 2   815 16   818 2   819 4   824 16   829 16   833 4   842 1   843 1   848 8   849 2   858 16   864 1   865 2   870 16   871 16   874 16   877 16   880 8   885 1   888 16   895 2   900 1   909 8   910 8   915 8   924 4   941 4   943 2   945 8   946 4   960 2   
131  875     5 16   7 6   10 2   15 2   20 4   26 1   41 4   53 4   57 8   60 8   74 16   77 2   81 4   84 4   97 8   101 2   106 1   127 2   142 25   154 4   155 4   157 16   159 8   160 16   163 1   165 8   177 16   185 8   195 16   206 2   212 16   215 16   245 4   248 8   251 2   254 16   261 4   265 4   266 16   270 2   271 16   276 8   278 1   280 24   285 16   292 3   294 1   347 2   373 3   382 24   385 2   402 8   403 4   406 2   416 16   418 16   420 2   422 2   430 4   434 8   435 16   445 1   451 4   470 4   477 2   485 4   494 4   501 4   509 1   513 4   518 16   520 4   521 8   538 4   542 4   543 1   554 1   559 4   564 1   568 6   570 3   577 4   578 4   590 20   601 8   605 1   609 8   616 4   624 1   648 4   651 4   655 4   660 1   668 1   677 2   679 1   684 9   687 16   725 4   729 1   742 4   743 16   750 16   757 2   763 4   765 2   766 4   775 16   778 16   792 1   794 2   795 16   808 4   809 2   813 8   822 17   823 8   825 2   826 4   845 4   847 4   871 9   873 2   887 16   903 4   906 4   912 8   914 1   935 12   940 1   954 1   
178  906     14 4   17 16   29 16   37 4   38 2   52 4   60 16   64 16   71 1   83 2   84 10   85 4   91 16   97 2   107 4   109 16   117 2   133 1   134 1   136 16   145 4   146 16   156 4   159 16   169 5   173 2   178 2   182 8   184 16   190 8   195 1   197 4   202 8   217 2   219 8   225 1   230 4   232 1   240 4   243 8   248 16   249 2   252 2   253 16   268 4   271 16   286 4   287 16   290 16   300 2   301 16   303 2   309 4   319 2   322 4   326 8   328 4   329 8   332 1   343 4   345 8   350 8   353 1   369 16   376 8   382 8   388 8   396 1   403 16   411 16   421 8   428 4   429 16   433 2   444 1   455 16   458 4   459 1   463 8   468 2   472 2   481 16   484 16   487 4   490 2   491 2   492 9   504 8   510 9   511 1   515 6   518 2   519 1   520 1   521 17   525 2   533 4   538 16   553 1   559 16   565 4   567 2   571 8   572 16   573 8   575 8   579 16   589 8   590 1   592 16   593 4   594 1   603 1   605 2   609 16   612 4   620 24   622 2   625 2   627 1   636 9   653 2   655 8   656 10   658 1   661 5   666 2   674 8   675 2   677 2   685 1   687 2   689 24   690 4   691 4   692 2   694 8   696 2   702 8   703 1   715 1   721 2   728 4   735 5   757 1   759 16   765 4   772 4   773 1   778 2   782 17   791 4   794 8   795 1   802 2   804 2   810 2   815 1   817 2   851 8   854 8   855 1   878 4   882 2   886 16   887 4   891 2   892 1   896 24   897 1   906 4   907 16   908 8   918 5   927 8   949 8   953 1   959 8   
144  884     2 16   14 16   15 8   21 2   22 1   26 14   32 2   41 2   60 16   71 16   72 1   73 2   79 1   80 2   81 8   93 16   95 4   99 1   101 16   111 4   112 1   116 2   130 16   136 1   137 2   141 2   146 8   149 8   150 1   153 4   156 1   170 8   177 4   182 2   184 2   187 4   189 16   192 5   204 2   220 8   221 2   231 1   236 12   276 4   294 1   296 1   304 8   306 4   309 4   310 2   316 1   318 17   339 8   349 4   361 4   378 17   381 2   388 1   408 16   412 2   421 2   422 1   423 4   442 2   443 26   462 4   468 1   479 4   505 4   509 6   515 10   517 4   523 16   529 1   536 1   542 8   546 16   553 2   554 1   555 16   557 1   559 2   564 1   566 16   571 8   574 4   579 2   606 1   617 4   624 8   625 2   626 1   637 8   639 1   646 2   651 4   658 2   666 2   674 4   679 1   689 16   693 4   696 16   698 12   703 16   707 2   713 2   719 1   722 4   723 4   732 16   741 1   766 8   776 8   778 2   779 2   794 8   802 2   806 16   814 16   816 9   817 8   818 4   820 2   831 16   832 2   833 9   842 8   844 2   849 8   852 4   858 8   862 4   864 1   868 16   893 8   907 16   912 16   916 1   921 16   929 2   945 2   949 2   952 4   
160  903     7 2   26 1   29 8   32 2   47 8   48 8   53 1   55 4   58 8   62 2   83 2   103 16   105 8   137 16   144 3   146 4   150 1   153 1   155 4   158 1   163 2   166 2   176 8   177 8   178 8   182 16   190 2   192 16   195 17   198 1   199 16   201 2   207 4   209 1   211 2   221 4   222 4   225 1   228 8   238 8   240 1   242 16   246 8   248 16   251 1   256 2   261 1   273 1   280 4   287 1   289 16   293 8   297 8   302 1   307 12   308 8   315 2   320 2   326 2   327 2   328 16   332 1   337 2   339 2   342 4   346 1   349 16   364 4   366 1   392 16   399 1   401 1   438 3   450 17   453 16   456 8   469 1   471 2   474 16   480 2   483 8   487 4   488 8   489 4   499 24   502 4   512 2   513 2   514 2   515 8   516 3   517 16   519 2   527 8   557 2   558 8   561 4   564 1   572 16   573 2   579 8   582 8   588 8   602 5   604 1   609 2   611 8   622 2   627 4   630 16   636 8   649 4   654 4   660 8   668 16   675 16   682 16   683 8   684 16   693 16   695 1   696 4   697 16   699 4   707 1   727 16   734 18   748 16   749 4   754 16   756 8   761 4   766 1   771 4   789 4   799 1   808 16   810 4   827 2   834 9   837 1   846 16   848 8   859 16   866 16   870 8   873 8   877 2   878 4   883 4   886 4   887 16   889 16   890 16   891 8   900 4   905 16   937 16   938 17   944 16   
166  907     3 1   14 2   21 4   22 2   24 16   27 1   29 4   30 2   36 2   46 2   48 1   49 24   55 4   56 2   63 8   65 2   76 4   94 1   101 8   112 2   114 1   122 18   132 18   162 2   173 8   179 16   183 8   184 8   190 8   194 1   198 16   205 2   207 8   209 16   219 4   224 5   229 8   232 1   247 8   251 4   253 1   258 16   259 4   263 8   271 8   274 8   278 16   283 2   291 8   302 4   311 1   313 4   314 9   321 1   323 4   327 16   337 16   338 8   344 2   352 1   353 6   357 5   373 2   374 8   376 8   377 2   381 2   383 2   384 4   393 16   399 8   403 4   404 8   405 1   408 4   412 4   413 4   417 16   434 1   435 16   467 1   474 2   477 2   487 4   491 8   497 2   509 10   511 18   514 4   515 4   517 8   518 1   523 16   533 1   541 6   544 9   563 16   565 16   577 16   578 2   582 17   583 8   585 16   589 16   593 16   594 2   597 4   603 17   604 2   608 8   609 1   610 8   615 1   618 8   623 8   647 8   657 2   665 4   688 2   689 16   698 1   711 1   724 16   726 16   727 16   728 1   737 2   739 16   748 8   758 16   768 4   769 2   772 8   773 16   775 8   782 8   787 1   791 16   809 4   810 2   814 2   818 8   822 8   824 2   827 16   835 8   842 4   863 4   864 8   865 9   869 8   870 8   872 1   873 8   874 4   881 4   893 2   894 16   897 16   901 16   936 4   937 8   939 1   940 2   941 4   956 2   
169  890     4 4   8 8   15 4   16 1   22 1   32 8   39 16   42 2   47 2   48 17   51 16   67 1   75 2   76 2   77 16   80 4   92 2   100 4   106 3   107 1   123 2   124 1   126 8   127 1   128 2   129 2   130 18   134 2   144 1   145 4   150 2   152 16   158 1   174 16   181 1   183 8   184 4   187 12   210 2   212 16   213 1   214 16   215 8   220 8   229 2   231 2   233 8   238 8   244 8   259 4   270 11   275 12   288 4   294 8   298 1   301 2   307 2   308 8   313 2   324 8   328 16   331 16   346 1   354 16   355 8   359 8   370 12   374 1   383 8   393 1   408 2   409 16   427 8   434 16   438 21   448 12   450 9   451 2   458 4   459 4   466 4   468 16   470 16   473 1   474 1   478 8   483 4   486 4   488 2   489 16   497 1   498 2   499 1   508 4   514 1   515 4   537 4   552 2   554 2   555 16   557 2   559 8   564 4   566 2   592 1   594 2   598 16   600 8   601 4   604 16   606 8   608 16   613 1   615 4   628 2   630 2   631 4   632 1   640 2   653 8   661 20   674 1   675 4   679 1   683 17   684 1   687 8   689 1   694 4   706 2   707 1   713 24   731 2   755 4   756 1   760 1   769 8   771 2   772 8   783 16   789 4   791 8   799 8   804 2   823 4   830 4   833 2   835 8   839 4   841 16   851 2   854 1   857 1   868 2   871 1   877 8   878 16   883 2   887 4   891 2   892 1   893 6   914 2   917 16   922 1   924 2   927 18   934 1   945 8   
144  897     2 16   20 6   23 4   24 4   27 4   30 4   41 8   47 1   50 1   54 16   56 2   74 16   76 1   83 4   84 4   87 16   95 1   97 1   99 21   104 2   108 16   111 1   127 4   129 4   157 3   161 12   164 1   168 4   171 2   179 4   197 16   198 1   204 16   208 8   215 1   216 1   217 16   218 2   229 4   238 4   239 4   243 8   245 8   246 16   260 8   263 4   272 1   294 2   302 2   314 2   317 1   322 5   330 2   332 8   336 20   338 1   339 4   342 17   344 20   357 2   363 1   372 2   375 1   377 1   378 2   382 16   390 2   392 8   393 8   403 4   419 16   420 2   426 16   439 4   440 4   442 4   444 24   453 4   458 8   466 4   471 11   480 2   486 8   487 2   494 4   497 8   503 2   510 1   522 16   524 4   528 2   544 2   550 2   552 8   572 4   579 16   580 8   583 2   589 3   593 16   605 8   624 3   627 2   628 2   638 26   656 16   658 1   670 16   693 3   696 1   698 16   702 12   712 2   719 12   720 1   738 2   739 8   744 1   757 8   758 1   761 2   767 16   770 2   780 16   781 2   789 2   790 16   796 16   802 1   814 8   823 4   841 2   843 18   845 16   858 2   871 4   873 8   896 4   911 4   914 8   923 16   931 5   948 8   958 4   
187  911     4 4   8 9   9 16   13 16   17 16   18 2   21 2   27 2   28 1   33 2   48 4   58 2   69 4   85 16   87 4   88 16   96 1   98 16   116 4   122 2   123 16   130 2   132 4   150 16   152 1   158 2   163 8   164 8   170 4   180 1   183 8   191 16   193 24   197 4   201 8   202 16   205 8   215 4   218 8   224 4   234 2   238 16   242 4   255 8   256 16   261 4   266 1   267 1   271 12   277 2   280 2   283 8   285 16   291 16   292 16   294 8   295 16   296 4   297 2   299 8   316 1   317 2   321 2   322 1   332 4   339 16   352 5   353 2   370 1   372 8   375 16   382 4   384 16   385 8   387 9   388 1   390 16   393 4   401 16   403 1   409 1   412 16   413 1   417 1   427 4   434 16   441 16   449 4   451 2   453 2   459 2   462 16   466 2   470 4   471 8   478 4   483 16   484 4   490 8   493 2   494 2   502 8   505 3   511 2   513 1   517 8   520 4   530 4   533 2   540 8   542 8   549 8   550 8   551 4   573 8   579 4   584 2   589 5   598 2   602 5   615 1   617 1   620 8   624 1   625 2   626 1   643 8   658 16   661 8   667 4   670 4   671 1   674 4   676 8   679 16   682 4   687 2   689 2   696 2   699 1   703 8   709 8   730 1   733 10   734 8   736 16   741 4   743 2   744 8   747 4   749 1   751 1   756 4   768 4   777 16   779 2   797 8   798 1   805 4   811 4   821 16   822 4   824 8   829 8   835 4   836 1   839 1   843 2   846 4   852 4   867 8   869 4   874 16   879 4   880 1   884 6   889 4   904 4   907 1   916 16   920 4   925 16   933 16   936 8   947 16   952 8   953 4   
173  903     1 8   8 1   14 1   19 2   30 4   38 4   39 2   41 16   48 17   56 2   58 1   60 4   61 4   68 8   72 4   74 1   77 16   79 4   82 16   103 16   110 4   112 8   126 1   138 1   139 1   146 6   147 2   148 16   150 4   168 8   188 2   200 4   206 16   214 8   217 4   220 1   227 2   231 16   238 4   246 24   249 16   258 1   278 2   281 24   283 16   292 16   294 5   322 16   325 16   329 1   334 5   335 18   341 8   350 2   352 2   361 1   363 16   364 4   365 8   368 4   373 2   387 8   392 4   397 10   408 16   410 16   413 2   414 1   415 2   425 8   437 4   441 8   443 10   446 16   454 8   458 2   460 16   462 8   470 4   473 1   487 8   491 8   500 8   501 16   502 1   504 8   515 16   521 6   523 1   527 4   532 1   533 8   534 8   540 4   542 8   547 16   550 4   556 20   560 2   566 10   570 20   576 16   578 1   580 2   593 8   602 8   611 20   613 16   614 16   615 2   618 1   619 8   622 1   624 2   629 1   630 16   638 16   643 4   645 8   653 8   656 2   662 1   663 4   664 16   671 4   678 8   689 4   707 3   720 16   725 8   726 8   730 16   734 4   738 4   742 2   746 4   757 8   762 1   763 1   764 16   771 1   773 2   777 1   780 8   785 16   793 8   800 1   803 8   805 1   807 4   816 1   823 1   829 16   840 4   841 2   852 7   870 16   874 2   889 8   894 1   905 2   908 16   912 8   919 16   920 4   921 1   924 8   937 4   942 1   947 1   952 8   955 4   959 2   
148  886     6 2   9 4   15 8   27 2   34 16   41 1   43 8   59 16   65 16   80 2   81 4   88 17   91 8   95 1   96 1   99 1   111 1   115 1   116 1   134 2   144 4   152 20   153 1   172 16   194 16   197 4   201 16   204 2   206 2   210 1   246 16   266 8   280 24   281 16   283 2   284 8   303 4   305 8   307 4   312 4   314 16   330 16   333 1   334 8   341 8   349 2   355 1   361 4   362 16   363 4   370 4   373 1   376 2   383 2   386 4   402 16   403 16   413 2   418 2   422 1   424 1   427 4   431 16   438 4   451 8   462 1   470 8   487 16   496 16   503 4   505 8   511 16   512 8   517 8   541 8   548 1   551 2   553 1   565 2   583 2   592 4   598 2   608 1   610 24   620 8   626 1   627 2   629 2   630 1   634 8   639 8   648 2   660 8   687 1   696 2   708 2   711 4   714 8   718 1   721 8   722 4   726 16   738 2   744 4   751 14   753 8   754 1   756 8   760 2   768 16   770 4   772 4   775 16   778 8   781 2   792 4   802 3   804 17   805 4   818 8   823 4   839 8   840 16   843 4   850 2   859 8   862 8   868 16   869 18   875 4   880 1   884 2   887 2   890 4   893 4   897 5   898 2   906 8   909 8   910 2   920 4   936 16   943 4   944 1   945 16   948 16   952 1   953 5   
166  910     3 16   4 2   21 1   24 2   29 8   30 16   36 8   38 16   40 18   61 17   69 4   79 1   82 24   83 4   87 6   111 2   113 4   115 2   121 2   128 2   129 20   144 2   145 2   149 1   156 2   160 4   174 4   178 16   182 8   188 1   190 2   196 17   199 8   207 16   216 16   219 3   230 16   232 16   239 16   241 16   245 2   249 2   253 16   263 8   268 4   277 1   278 17   294 2   296 16   298 2   305 17   307 13   309 3   312 4   316 1   329 16   331 1   334 16   338 2   340 4   341 16   346 1   351 4   352 3   354 2   366 2   370 4   371 4   373 8   380 16   383 3   395 8   397 16   398 16   408 6   412 2   420 2   426 8   427 4   430 2   439 4   441 1   442 2   446 16   463 4   466 2   468 16   471 16   477 4   479 16   481 2   492 8   495 2   499 2   511 8   515 4   518 5   519 4   521 4   522 16   527 1   533 16   536 8   537 8   538 1   542 4   561 1   565 16   572 2   582 2   584 8   592 9   597 10   599 16   614 8   616 5   635 2   640 20   645 4   655 8   659 2   665 4   666 2   677 20   696 8   702 16   712 16   713 4   725 8   738 1   749 1   754 8   757 1   764 4   769 1   781 16   783 6   791 1   794 2   798 4   799 1   805 1   828 1   829 4   838 9   844 8   851 1   852 16   861 2   864 4   870 17   873 4   877 2   878 16   881 17   884 20   893 16   898 1   915 1   917 8   925 1   926 1   933 17   941 2   948 16   957 8   
191  913     3 2   8 4   9 1   11 4   13 4   19 1   24 16   27 4   40 4   42 4   44 16   57 4   59 16   61 2   65 8   78 1   81 4   84 5   98 2   101 4   104 2   107 10   112 2   118 1   127 4   129 4   132 5   142 5   149 1   153 1   157 1   161 4   170 8   185 1   192 2   197 18   199 2   206 8   211 8   216 1   226 4   227 8   232 8   234 4   236 8   244 16   253 8   258 2   274 16   276 16   286 16   287 16   292 1   295 16   297 2   303 16   308 16   310 8   319 4   320 2   327 16   329 1   342 4   343 1   344 8   347 4   350 2   359 8   363 1   365 8   367 3   368 2   369 1   370 2   376 1   379 4   381 2   388 4   391 1   398 1   402 8   404 1   410 18   417 1   421 8   426 4   430 2   431 1   434 1   435 4   437 1   438 24   440 2   444 2   448 16   450 9   454 8   456 4   458 4   466 4   469 2   471 8   473 1   477 4   479 2   481 8   486 16   488 4   502 1   505 1   513 2   521 4   529 1   538 16   541 12   543 16   544 16   545 5   550 8   552 17   554 5   555 1   566 4   570 16   572 8   580 16   593 1   594 4   597 20   599 17   600 24   603 20   607 1   617 8   634 2   637 1   639 4   644 1   646 4   653 16   657 4   672 8   679 16   682 2   688 8   694 10   703 2   706 4   707 1   710 16   713 16   725 4   739 1   741 4   745 8   748 1   750 16   751 2   768 4   770 1   771 4   776 2   780 2   793 4   812 8   815 4   819 16   823 2   826 2   844 16   848 1   863 16   864 4   872 2   873 2   887 8   894 4   895 4   900 2   907 8   908 16   910 8   914 1   920 2   922 1   927 1   929 8   934 8   944 1   949 8   960 1   
177  917     1 17   6 5   15 16   23 16   25 1   26 16   27 1   47 16   56 8   68 2   77 16   78 1   79 2   81 16   86 10   87 1   94 8   99 4   105 9   108 5   114 16   129 8   130 8   135 4   140 8   142 16   148 8   151 2   157 4   159 2   162 8   172 16   174 2   194 16   199 1   201 8   207 4   209 4   212 10   213 2   217 16   220 2   222 8   230 1   231 8   233 2   236 1   243 3   248 1   255 4   257 9   262 2   263 5   266 4   269 2   271 2   272 5   275 4   277 8   281 8   289 4   290 2   291 16   305 4   319 16   326 8   331 1   333 2   338 16   341 4   344 4   345 16   383 4   384 18   389 1   390 1   393 4   396 2   397 2   398 1   403 8   404 8   411 4   416 16   419 16   420 8   426 1   427 2   429 1   431 3   444 8   456 8   465 2   470 4   480 2   482 4   484 4   492 16   496 1   499 4   510 1   511 20   515 2   517 2   518 4   530 8   531 1   533 12   537 8   550 1   556 16   557 16   558 9   565 3   566 4   577 2   581 16   583 18   590 16   598 2   607 1   611 2   614 16   616 1   618 16   620 4   621 1   631 1   634 1   656 1   657 4   658 1   663 16   664 4   680 1   688 8   690 1   697 1   698 4   704 16   707 2   711 8   722 1   723 24   725 8   731 1   732 2   736 2   752 2   755 2   758 1   782 4   787 1   789 8   793 18   796 16   803 1   805 16   813 1   821 4   834 2   836 16   844 2   849 8   860 16   863 20   865 2   888 1   896 1   897 1   900 10   919 16   923 2   943 8   952 8   957 16   959 1   
179  921     1 1   8 16   13 1   15 4   18 16   21 16   27 1   28 8   31 16   33 4   42 4   57 1   60 3   64 16   72 16   78 1   79 1   81 6   97 18   98 8   99 4   111 4   112 4   117 4   124 16   127 16   134 4   147 8   154 3   156 4   161 1   166 12   172 12   173 8   175 1   179 16   186 1   188 16   189 16   199 20   205 16   206 1   208 16   217 2   232 2   241 2   247 4   249 2   250 1   251 4   256 2   259 8   263 4   274 18   278 16   285 2   288 8   290 10   291 4   294 4   297 10   301 2   309 4   314 1   320 8   323 8   326 16   340 1   356 8   361 9   372 8   381 16   384 10   385 4   398 8   405 16   409 2   414 16   415 2   417 16   420 16   424 8   426 16   436 8   442 8   451 8   456 1   466 4   470 8   479 2   483 4   486 2   500 1   502 8   508 2   516 4   520 4   532 16   535 1   536 8   540 1   545 8   546 8   548 4   553 5   563 9   572 4   587 16   588 2   600 1   612 17   613 8   615 16   616 4   629 1   631 8   633 8   640 5   645 2   646 8   650 4   655 1   660 4   676 4   680 18   681 1   685 2   688 16   694 6   697 1   705 2   710 1   715 8   720 4   725 2   726 16   731 8   732 4   741 3   744 6   756 1   759 4   765 16   776 16   781 8   785 16   798 4   805 4   809 16   820 16   825 16   829 2   830 1   832 8   834 4   836 16   841 16   843 5   845 4   854 16   857 16   860 16   861 16   887 16   893 24   906 1   913 16   916 8   918 4   922 2   935 8   936 8   939 9   940 1   942 16   949 8   951 1   957 4   960 4   
143  871     0 4   4 16   20 2   32 2   39 4   68 16   71 4   84 1   88 4   89 16   102 4   106 2   114 2   129 1   130 4   135 1   152 16   157 2   191 8   192 1   203 4   204 1   214 4   216 12   217 8   221 4   227 2   228 6   253 16   255 2   268 12   273 2   274 8   275 8   278 4   285 8   286 8   290 16   292 8   296 4   298 16   301 4   305 8   309 1   317 5   318 1   341 6   346 4   348 1   356 1   361 1   362 4   380 4   381 20   383 8   392 2   411 1   416 4   419 8   420 2   424 8   426 8   427 8   432 4   435 1   442 2   449 8   450 8   464 1   477 2   487 2   494 4   508 8   511 2   517 4   522 2   527 1   532 8   540 8   546 2   563 1   565 1   571 2   587 8   599 16   601 8   605 16   615 16   630 8   639 16   640 16   642 16   657 4   658 1   691 1   698 4   703 1   717 1   728 4   730 17   750 4   755 8   763 1   765 4   773 17   774 8   778 2   782 8   783 24   787 2   791 1   792 2   793 1   801 24   810 2   814 1   815 1   821 1   824 16   826 4   829 16   833 4   840 1   856 8   859 8   862 16   863 2   872 4   878 17   883 2   885 1   898 2   911 4   913 4   930 8   932 1   933 16   935 4   942 2   946 1   950 16   951 16   953 9   
192  907     13 8   22 5   27 16   30 2   36 4   39 1   57 8   58 24   63 4   64 16   67 2   69 6   73 8   78 4   82 8   85 1   88 1   98 1   104 1   117 8   118 8   121 8   122 6   124 16   127 4   129 1   131 1   133 1   144 16   154 12   158 2   164 16   166 4   170 2   181 8   182 1   183 6   189 1   190 8   193 1   194 2   197 2   200 4   201 8   206 16   210 1   211 8   214 16   225 2   234 1   237 16   248 2   269 1   272 2   275 4   276 18   278 16   281 8   285 12   296 8   301 8   311 16   312 4   318 16   321 4   325 8   331 4   335 4   340 2   350 2   360 8   365 16   371 1   376 2   377 20   393 2   394 16   401 1   405 16   407 4   408 4   415 2   416 9   420 4   423 4   426 4   428 4   432 1   436 8   437 8   439 1   443 4   444 4   446 2   447 2   455 7   466 8   478 1   487 2   492 2   505 16   514 4   516 2   517 8   519 2   524 16   532 4   533 1   538 2   545 1   546 8   558 8   559 2   560 16   563 1   565 2   571 16   573 2   575 8   576 2   577 8   582 1   584 16   593 16   597 2   599 1   604 24   605 1   621 4   628 4   631 1   634 16   635 1   646 1   648 4   649 16   650 16   652 12   658 2   662 4   676 4   684 2   686 8   691 8   693 2   694 1   708 3   718 16   722 1   724 17   737 1   740 4   743 8   745 20   747 16   752 16   753 4   757 2   758 17   760 8   762 18   765 8   766 8   780 2   787 8   790 8   799 1   801 1   811 1   813 16   823 2   831 2   832 8   843 8   855 24   862 4   865 1   870 1   884 2   887 16   902 3   904 3   907 2   908 12   909 8   912 2   920 16   929 4   934 16   937 1   939 1   945 9   
178  904     11 16   14 16   24 8   29 2   33 2   40 4   42 16   48 2   53 4   60 2   63 16   70 1   72 4   79 4   84 8   85 8   98 1   104 1   106 18   116 4   117 2   118 2   121 4   124 1   137 16   152 1   154 1   155 1   156 4   157 8   159 4   160 6   162 16   164 1   166 4   179 16   188 8   191 3   205 2   207 4   208 8   212 4   216 4   220 16   226 1   230 16   235 1   240 8   244 2   247 8   262 8   265 4   268 16   270 2   272 8   279 1   289 4   295 1   296 24   303 3   306 8   313 3   322 16   326 8   328 2   330 4   332 1   333 2   341 1   350 1   360 10   365 2   369 8   373 4   375 8   376 16   384 2   386 4   388 1   402 16   418 2   421 1   423 2   427 8   429 1   432 1   443 2   445 2   451 20   454 16   455 16   458 1   463 2   466 4   478 8   479 8   484 2   485 2   488 16   490 2   494 4   498 2   504 16   509 2   512 1   532 16   541 1   542 16   559 8   566 5   568 4   578 3   583 16   590 8   595 4   600 1   601 8   604 8   608 4   609 6   619 8   623 2   630 16   642 4   649 8   655 1   662 2   676 4   682 1   687 4   702 12   706 2   707 16   712 4   724 4   725 8   730 4   733 2   742 8   753 4   780 8   785 16   791 8   792 16   793 1   795 16   800 2   802 2   807 16   810 8   819 4   820 4   823 17   829 10   833 1   835 18   846 1   847 16   865 24   870 4   875 16   883 4   886 4   891 1   892 8   894 8   911 12   918 16   921 4   924 4   925 8   926 2   932 16   933 1   939 8   946 8   953 2   956 1   
163  910     11 1   14 1   17 2   23 28   36 2   38 4   58 8   62 16   63 8   66 1   78 4   83 16   90 4   94 1   99 8   111 1   114 16   119 2   144 4   157 8   171 8   172 4   184 1   187 4   200 1   207 16   216 1   223 2   227 6   228 16   230 17   232 2   252 4   256 8   260 8   262 8   264 8   269 2   274 4   275 8   277 4   281 8   282 8   285 16   294 1   295 8   306 8   320 4   321 16   328 4   331 4   336 1   344 2   345 16   346 8   350 1   355 1   359 1   362 8   364 4   370 1   371 1   372 16   378 2   388 24   392 2   399 1   404 4   433 16   436 8   452 1   457 12   459 9   468 2   484 16   489 4   494 8   497 4   507 1   515 2   518 1   521 16   524 2   526 16   529 4   531 8   532 8   534 16   536 8   542 2   558 16   564 1   575 2   584 2   601 2   613 16   615 4   625 2   641 16   645 8   649 16   657 16   659 4   669 16   671 16   673 4   675 4   676 2   683 1   691 5   694 4   695 16   706 2   709 8   714 2   717 1   718 16   723 2   730 16   740 4   741 2   744 5   748 2   750 8   762 1   765 8   770 2   779 16   781 2   786 2   789 1   792 1   794 4   796 2   797 16   800 2   804 4   810 8   812 1   839 4   845 1   858 2   861 1   870 2   873 2   877 10   891 8   899 8   901 16   904 4   909 4   911 16   918 2   923 4   928 9   931 1   934 3   940 2   943 8   954 17   955 1   959 2   960 4   
165  916     6 2   10 2   14 1   16 1   22 2   28 1   36 8   48 16   50 4   52 8   67 12   70 16   73 4   77 16   78 8   102 8   109 2   111 2   114 1   118 4   119 2   121 4   136 4   140 4   145 16   157 16   158 16   167 1   179 8   192 16   195 4   199 1   212 8   217 4   218 16   241 8   243 2   260 8   276 8   287 4   288 2   291 1   293 16   299 1   305 2   316 2   319 2   324 16   338 8   339 4   346 4   347 4   349 4   353 6   360 8   361 1   363 8   371 16   380 4   387 4   390 2   400 1   408 12   413 2   422 8   427 8   440 16   450 2   451 1   452 8   453 1   454 4   456 4   459 8   461 4   465 4   472 1   477 16   483 8   489 4   504 4   507 6   510 8   517 1   521 16   525 16   543 8   544 8   548 1   553 1   556 1   558 4   559 4   565 1   569 16   576 8   582 8   584 2   592 8   595 1   608 16   615 1   622 1   628 4   631 8   634 2   641 8   643 16   645 4   646 3   659 4   664 8   667 2   670 16   673 9   674 8   689 16   692 8   694 8   698 8   702 1   706 8   714 4   717 1   718 8   726 8   727 16   729 4   736 2   751 2   752 4   766 16   767 8   779 16   781 8   786 1   796 16   800 1   810 16   811 4   824 16   837 4   842 8   843 4   845 16   847 16   850 2   851 16   854 2   856 4   861 1   872 1   886 4   899 4   906 8   911 4   912 2   916 8   923 1   926 8   929 2   932 2   934 1   935 4   939 16   
190  909     8 2   12 4   14 16   19 16   22 16   28 2   50 16   52 4   57 16   58 2   60 1   65 4   67 1   70 4   75 16   77 4   79 2   81 8   82 16   90 16   92 4   93 16   99 4   104 4   109 2   110 4   111 8   115 16   116 8   119 2   127 1   131 16   132 4   143 8   145 16   148 1   157 20   158 4   162 8   171 16   177 2   188 8   192 2   194 1   208 4   209 1   210 2   219 4   227 8   230 2   237 1   242 16   260 2   263 16   267 9   268 8   285 4   293 1   299 2   308 2   309 16   310 8   315 16   328 2   333 2   334 6   335 16   338 4   339 8   342 4   343 1   354 1   358 4   359 16   362 1   364 4   367 16   371 8   372 4   375 16   383 16   384 8   389 17   390 4   392 2   393 8   395 4   400 2   408 1   409 2   411 8   422 8   424 4   425 4   431 1   437 2   438 1   445 8   454 16   455 1   456 4   461 1   464 4   466 8   467 1   472 16   475 2   478 8   483 1   488 2   496 4   497 1   498 2   505 2   506 8   508 4   512 2   516 8   539 8   542 4   545 4   549 8   561 16   568 2   582 8   588 1   590 4   591 16   595 16   611 2   617 4   619 1   620 16   627 4   634 4   643 8   653 16   657 8   667 1   675 2   680 9   681 2   684 4   686 1   691 1   701 12   705 16   716 1   717 2   722 10   746 16   748 8   750 8   762 4   763 18   764 8   769 16   771 10   776 8   804 1   810 16   821 8   822 16   827 4   854 4   856 4   858 2   864 4   867 1   871 4   882 16   885 4   892 4   895 4   906 2   910 16   911 18   912 4   915 1   919 16   925 4   931 1   934 1   938 2   939 8   945 8   947 4   951 2   959 1   960 1   
161  889     11 8   18 16   31 4   33 6   44 5   51 4   67 2   73 4   77 2   87 16   93 4   107 1   110 16   113 3   125 5   127 17   135 1   137 16   138 2   142 16   161 9   164 8   167 2   173 2   185 2   187 1   190 2   212 1   213 5   224 2   235 16   238 2   261 2   264 1   268 8   274 16   277 2   280 2   282 2   291 2   317 1   319 1   320 8   323 2   324 4   327 16   333 16   334 8   340 8   341 2   351 4   353 16   354 8   360 8   361 1   371 4   377 5   383 2   388 2   390 8   391 2   393 1   395 16   406 1   409 1   422 8   438 8   439 2   442 4   445 2   447 16   449 1   450 8   453 8   456 4   459 8   474 2   477 2   486 16   501 8   506 1   510 2   511 4   526 4   528 2   531 16   533 2   534 16   545 8   553 8   560 16   569 1   576 8   578 2   583 16   587 2   607 2   609 8   618 16   626 6   631 1   638 8   644 8   645 2   651 4   656 1   658 4   662 1   691 16   692 2   699 1   701 6   709 4   710 8   731 4   734 16   743 1   747 4   751 1   756 3   761 2   781 12   788 16   789 8   793 2   795 1   809 1   814 8   816 6   821 1   825 4   832 2   854 24   858 1   860 4   866 4   867 4   869 16   879 24   884 16   885 2   890 18   893 16   901 2   909 8   911 2   912 16   916 1   918 8   923 2   924 4   929 4   932 1   933 17   944 8   946 4   950 8   952 16   957 1   958 1   960 8   
237  911     2 4   9 8   18 16   22 2   23 20   31 2   32 16   37 8   38 17   42 12   50 2   51 16   57 2   58 1   60 1   61 2   67 17   71 8   79 17   82 2   84 2   94 4   96 16   97 8   101 4   102 16   107 2   110 1   120 16   123 2   125 1   129 1   132 1   133 4   137 16   138 1   140 8   142 12   144 1   145 12   147 4   148 2   149 8   161 16   163 16   177 1   179 8   180 16   185 10   188 4   189 20   197 4   202 16   204 16   208 16   212 4   214 1   219 16   228 1   231 28   239 2   244 4   246 8   247 24   249 6   253 4   256 24   257 1   259 1   263 4   270 1   279 1   280 4   282 8   283 5   284 12   285 16   286 4   287 4   294 2   302 1   314 5   319 16   320 5   325 16   328 1   335 1   338 8   340 4   342 20   347 4   348 2   350 1   352 4   366 16   367 16   368 8   375 16   381 16   382 4   388 12   389 1   390 4   392 1   406 3   411 8   412 16   414 9   417 16   431 2   432 1   434 8   439 1   442 16   443 2   449 16   454 4   456 4   465 8   472 8   476 2   477 8   479 3   486 4   490 2   494 4   497 8   498 1   500 4   508 8   515 8   519 8   526 1   527 6   529 2   532 8   533 16   534 8   536 8   538 1   543 1   546 8   553 8   554 8   558 4   559 16   566 20   575 1   583 4   593 16   601 1   606 3   612 2   631 4   633 2   634 8   636 10   644 4   645 2   646 8   648 4   652 4   657 4   675 4   681 2   684 16   694 1   698 1   699 8   700 16   702 4   704 2   714 18   715 2   725 18   727 2   737 2   738 1   739 4   742 8   743 16   751 1   752 1   760 2   762 3   764 8   770 4   772 16   779 1   788 8   790 2   796 8   797 2   799 1   802 4   806 8   808 1   813 2   817 8   818 16   828 2   829 2   844 16   850 8   853 4   854 8   858 9   864 2   866 4   870 16   875 20   877 3   878 1   880 16   881 9   883 16   887 2   890 1   898 16   904 20   905 6   908 8   911 1   915 4   920 1   923 8   925 1   926 1   928 8   932 16   933 17   941 4   943 1   946 16   949 16   950 4   954 4   
144  898     6 16   10 6   14 20   16 4   24 1   25 4   27 1   30 16   37 24   49 16   52 1   58 4   65 1   75 8   82 2   83 4   90 4   92 1   112 4   133 2   134 8   142 1   183 1   203 1   212 2   218 1   232 1   248 4   253 8   256 2   257 16   264 8   267 2   274 16   278 8   280 4   283 1   294 6   299 8   301 8   306 2   309 1   319 4   324 2   326 4   334 1   346 1   349 1   350 2   356 2   366 4   375 1   389 16   397 2   402 2   403 8   415 8   419 16   421 8   422 8   429 4   434 16   454 8   457 16   466 4   467 2   468 8   470 2   475 2   481 4   492 8   493 1   495 16   497 8   502 16   503 4   507 2   508 12   511 2   518 12   521 8   526 1   527 2   529 8   532 12   545 1   551 8   555 4   591 4   598 4   603 4   604 16   606 1   625 4   627 8   630 4   643 1   647 1   649 4   662 16   663 4   666 2   671 16   694 3   704 8   709 2   711 1   714 16   715 16   726 4   728 16   746 2   754 2   755 2   757 4   761 1   764 1   771 2   783 1   787 1   796 2   810 1   814 8   819 1   820 2   828 1   836 16   845 2   855 1   856 2   858 18   870 1   871 2   873 1   881 2   891 8   901 2   914 8   928 2   933 8   939 8   942 4   943 1   958 1   
134  895     0 4   9 4   13 8   26 2   28 4   36 8   39 4   52 1   53 8   56 1   63 17   65 16   74 16   79 1   85 16   95 4   106 8   113 4   117 8   121 1   122 1   124 1   140 16   150 1   157 4   159 16   161 1   167 16   179 2   193 2   195 2   197 4   199 1   218 2   219 4   226 2   245 2   254 16   262 2   265 1   274 16   275 3   288 8   292 16   305 8   306 4   307 8   313 2   314 16   321 8   324 16   328 1   331 2   347 16   363 8   365 16   371 8   375 2   391 19   395 16   402 16   404 16   405 8   408 4   409 16   410 4   416 17   424 16   439 8   447 2   462 2   466 4   471 1   479 1   480 8   493 4   503 4   511 1   518 2   539 1   540 1   544 4   548 4   556 16   575 4   582 1   586 8   592 1   599 24   606 4   611 9   617 2   634 2   641 4   666 16   668 4   679 1   687 1   703 16   710 4   717 4   719 16   721 1   730 2   735 2   741 2   742 10   751 1   753 5   764 2   772 4   776 16   778 1   780 8   795 4   806 16   814 8   822 2   827 2   828 8   830 8   831 4   840 1   851 2   854 1   873 16   889 1   896 1   901 16   924 2   929 1   938 4   949 1   958 16   
161  891     19 2   24 1   29 8   34 2   41 16   43 4   44 16   52 16   53 2   54 8   55 1   56 16   65 1   72 2   83 2   87 8   88 1   90 4   93 8   99 5   100 16   118 8   120 8   125 16   147 2   150 8   158 4   160 16   162 1   164 1   169 8   175 4   179 8   183 1   188 6   189 4   192 2   222 8   224 2   229 4   235 1   239 8   242 16   260 4   262 16   265 2   269 8   272 4   282 1   284 2   302 16   307 16   311 2   314 8   321 4   325 4   328 1   330 5   342 4   354 2   356 8   359 16   366 1   371 1   376 4   380 10   407 1   418 4   427 8   428 2   432 2   437 4   441 17   474 4   487 16   500 2   509 4   514 16   516 1   524 16   525 16   534 8   537 2   539 6   540 1   560 1   562 1   577 16   579 4   580 8   583 2   594 24   598 8   603 4   606 3   613 12   615 4   618 16   621 24   643 1   649 8   657 16   659 4   665 16   668 12   670 1   676 1   677 4   683 9   686 1   708 16   711 16   712 16   717 16   718 9   720 2   723 16   729 4   730 1   735 4   760 1   762 4   765 2   770 2   774 16   779 8   785 2   792 2   794 8   795 1   798 8   826 4   835 10   837 8   840 4   842 2   844 16   848 8   859 1   861 8   866 16   868 4   880 8   882 4   887 8   892 16   896 6   898 16   901 3   905 16   911 2   912 16   914 8   917 10   919 5   920 4   925 16   931 8   943 1   946 6   947 4   
The following result corresponding the SNR point : 3.5 dB.
147  900     2 16   16 4   30 1   44 10   47 4   49 2   53 8   63 1   73 8   82 8   83 4   88 8   101 4   102 16   104 1   110 8   112 2   120 16   129 1   142 2   144 1   155 4   159 8   169 4   187 20   192 4   197 16   199 16   206 8   211 2   212 8   226 1   231 4   237 1   239 4   247 16   250 4   251 4   279 8   282 2   283 8   287 4   296 4   300 2   305 4   328 4   329 8   330 4   331 3   332 16   355 1   359 4   362 4   368 2   383 12   386 8   401 2   404 4   410 1   431 2   438 8   439 8   457 1   462 2   473 2   482 1   493 4   498 16   504 16   522 8   529 1   530 24   537 16   539 16   549 4   554 8   558 4   568 2   573 4   574 2   577 4   579 4   583 8   596 4   602 4   603 1   606 2   608 4   618 4   619 2   621 4   626 4   635 16   640 2   642 16   665 2   668 16   670 16   674 4   675 8   677 2   690 8   700 8   709 2   711 8   713 1   717 4   719 2   720 8   721 10   722 8   724 8   733 1   736 16   738 16   745 1   747 2   749 2   751 1   752 16   764 5   766 4   772 16   773 8   774 16   782 4   787 8   809 1   818 16   828 1   836 4   857 4   861 8   875 8   877 1   878 8   883 1   901 1   903 8   904 1   908 1   910 8   917 6   923 8   924 16   930 4   958 1   
184  933     0 4   1 4   11 16   14 8   17 1   19 16   23 4   30 2   33 1   41 1   51 1   53 8   54 8   60 4   66 1   69 4   73 8   76 1   79 1   80 16   91 8   95 16   97 1   100 4   102 5   105 4   111 4   124 16   141 2   156 8   157 4   167 16   181 8   182 16   189 1   190 16   191 2   192 2   194 16   195 4   198 2   200 8   205 16   207 2   213 16   214 4   225 8   227 4   228 1   230 3   233 16   248 8   255 4   267 16   288 16   290 8   291 1   298 8   307 8   311 4   314 2   317 2   320 2   327 16   333 8   336 4   351 16   354 2   355 8   359 1   363 1   367 1   382 8   384 2   389 17   391 2   394 9   399 8   404 4   410 2   415 4   422 4   432 24   436 4   439 8   447 8   451 2   457 24   472 24   483 16   485 16   486 8   490 2   501 1   502 8   503 16   505 2   514 18   516 4   523 16   529 8   540 1   542 2   552 1   561 4   566 16   570 2   579 4   580 4   581 16   583 2   587 2   612 8   620 8   628 2   631 16   632 16   638 2   646 4   651 1   655 16   660 4   664 1   665 1   668 4   670 16   680 1   684 8   687 8   689 2   691 16   694 18   695 2   701 1   705 16   711 3   712 8   721 20   725 1   727 2   731 2   732 8   743 16   746 8   753 12   755 1   758 24   759 8   773 8   775 9   776 8   782 8   785 8   790 12   792 4   794 16   795 2   796 16   799 16   813 2   817 16   819 2   820 8   821 8   822 16   825 16   834 8   843 1   850 1   852 4   855 8   856 4   860 16   869 2   876 6   882 4   888 8   889 8   914 8   915 4   920 4   922 2   936 4   943 4   
132  887     6 4   8 8   18 1   19 5   42 2   54 2   56 8   77 17   94 16   96 16   98 8   101 4   105 16   126 16   128 4   130 16   135 4   136 1   138 9   140 4   143 1   145 8   162 2   174 4   199 8   201 18   214 18   217 2   220 8   225 8   237 2   255 2   259 1   261 16   269 4   274 1   278 4   288 8   292 16   299 4   306 1   310 2   313 8   319 1   320 4   321 8   322 1   331 1   335 2   336 2   339 1   341 1   352 4   354 4   358 8   362 8   363 2   366 1   372 2   375 8   380 2   384 4   386 2   390 8   395 16   399 1   419 4   423 16   424 2   429 1   433 12   450 2   456 1   462 1   474 8   484 4   498 2   511 8   536 8   541 1   543 1   545 8   549 8   561 12   564 1   575 2   585 4   586 8   591 4   594 4   599 4   611 8   622 4   626 4   629 7   653 1   659 12   667 17   668 8   669 16   671 12   688 20   690 17   696 1   705 1   712 8   744 4   746 4   768 4   771 17   775 2   780 6   783 4   791 4   794 17   828 8   843 8   844 1   861 8   870 5   873 2   879 8   892 8   896 16   904 16   910 2   916 8   922 16   930 17   932 4   936 4   954 16   
167  881     1 10   3 2   10 6   13 2   20 16   21 4   35 10   37 2   39 16   41 16   56 2   67 20   69 3   71 2   73 8   81 4   97 8   100 1   107 1   116 4   122 1   127 8   128 1   133 4   154 2   170 4   171 4   174 8   178 2   180 2   181 8   184 2   185 8   203 2   204 16   217 2   220 4   223 2   236 2   243 2   250 16   252 2   257 16   265 1   268 1   277 4   280 16   296 1   299 2   306 8   307 8   308 2   337 18   340 8   344 2   346 16   360 16   363 8   371 2   379 1   382 16   387 1   391 2   394 17   396 16   400 12   405 4   406 8   409 1   410 2   417 8   425 8   433 8   443 4   448 8   457 16   458 24   461 4   476 10   480 2   484 8   485 2   486 8   490 1   492 2   496 1   497 8   508 16   515 1   517 1   520 12   536 16   545 8   550 2   551 2   559 2   570 8   573 2   578 8   580 2   582 16   587 2   593 2   605 8   611 2   618 20   622 16   626 16   628 8   643 1   656 1   659 1   660 16   662 8   663 8   683 16   685 16   699 4   700 16   701 4   703 1   709 1   716 16   717 16   721 16   723 2   728 16   741 8   745 8   750 4   761 4   767 1   770 2   773 2   777 8   779 2   784 4   789 16   802 1   803 2   808 4   812 9   821 4   824 16   825 1   828 4   830 1   851 5   853 16   857 4   858 16   864 2   865 9   876 20   879 1   881 16   886 8   892 2   894 4   902 2   909 8   911 16   933 16   938 1   942 8   945 1   958 2   
161  888     13 8   24 2   32 16   35 4   38 16   43 1   48 16   53 1   57 6   64 16   79 12   80 4   82 2   85 4   101 8   105 8   113 16   119 4   125 4   126 16   127 2   130 16   140 8   141 2   158 8   179 16   183 4   186 5   191 16   197 5   202 8   206 8   214 8   216 4   217 1   220 2   225 4   237 4   241 16   243 16   244 2   248 4   249 16   261 8   272 11   279 4   280 2   282 4   293 1   299 8   307 2   313 4   336 1   337 2   338 18   341 4   342 8   347 8   349 8   378 2   388 1   399 16   402 8   408 16   413 8   414 4   427 4   435 8   459 4   470 1   480 16   483 8   484 8   503 1   504 16   507 2   512 2   533 9   539 2   540 4   545 8   555 16   568 8   569 3   576 1   579 4   587 1   588 18   599 24   600 2   603 8   606 2   607 8   611 8   612 4   623 4   626 16   628 8   630 16   638 2   645 16   655 4   656 1   665 4   667 4   677 8   678 4   687 1   688 1   690 8   699 16   704 4   707 4   725 2   727 8   732 1   742 16   743 16   750 4   761 2   762 1   770 16   772 8   773 8   776 8   782 8   784 1   785 1   790 4   792 12   800 4   803 2   813 12   814 16   818 1   819 2   822 8   825 4   826 2   847 2   858 2   869 1   878 1   892 9   896 16   897 4   899 2   900 2   902 20   903 14   915 8   916 1   927 18   932 2   936 4   937 1   938 2   941 2   946 16   950 8   955 8   
148  888     10 4   19 1   25 8   28 4   38 1   53 1   54 8   59 2   63 4   70 4   72 4   80 2   90 16   95 8   97 2   100 1   106 2   108 4   116 16   126 8   136 8   141 16   143 8   155 2   156 4   157 4   160 16   178 16   193 8   196 8   200 8   201 16   204 8   205 8   206 16   214 1   217 2   225 8   230 2   232 16   236 1   245 2   249 16   251 1   253 4   258 2   263 1   274 1   285 4   289 1   296 4   297 16   299 1   302 6   304 4   314 8   315 4   317 4   320 4   328 4   334 4   337 4   338 8   346 4   359 8   360 2   373 2   385 1   393 16   395 8   398 4   401 1   402 1   407 9   414 16   420 1   442 1   444 2   471 2   474 16   478 8   487 8   488 1   524 1   536 4   544 2   546 20   553 4   557 16   560 2   561 10   571 8   573 1   575 1   583 8   588 17   593 16   597 1   599 4   601 16   619 4   623 2   639 8   645 4   649 20   653 4   670 4   687 8   696 4   703 2   707 4   708 1   725 4   734 4   743 8   744 1   748 20   749 1   751 16   752 2   756 16   774 1   798 4   805 1   806 16   823 8   826 16   849 2   850 4   853 8   857 4   858 4   861 4   862 4   863 2   868 8   893 1   905 4   906 1   907 4   920 1   936 1   937 10   943 4   945 4   947 2   950 1   953 16   
156  889     0 1   2 4   10 8   20 1   28 16   31 16   32 8   46 4   53 16   54 1   63 2   68 8   69 2   77 2   86 16   88 2   91 8   106 16   108 16   114 4   128 2   130 16   136 2   141 8   149 2   152 16   159 8   161 1   183 16   186 1   188 4   201 8   204 2   207 2   209 8   220 1   223 8   237 1   239 16   249 8   251 1   253 8   256 2   258 16   266 1   267 4   268 4   273 1   276 4   286 1   288 2   289 2   293 16   294 4   310 9   330 4   334 1   335 8   337 12   346 1   364 16   369 16   373 17   374 1   379 6   382 8   383 1   395 16   406 1   416 16   417 18   425 8   430 16   436 16   440 4   442 16   449 16   450 16   453 18   464 8   466 1   470 4   478 2   484 2   485 7   488 17   489 3   494 4   501 4   504 16   513 16   530 4   534 16   539 4   542 8   564 1   582 8   585 2   588 1   593 1   600 17   601 8   602 16   608 8   610 4   611 2   612 8   613 8   617 8   626 1   633 16   634 2   641 8   646 20   649 1   669 16   677 4   678 4   687 2   691 8   705 1   718 8   732 2   739 16   742 16   749 4   752 1   755 1   773 1   774 8   780 16   788 2   790 2   812 4   829 1   831 8   835 16   846 16   848 2   863 1   870 16   871 2   876 1   885 2   901 16   908 8   916 2   922 1   931 1   934 4   935 8   943 2   947 2   948 4   953 1   955 8   
157  890     3 8   4 18   8 1   26 16   28 4   34 1   49 16   56 8   61 16   63 16   67 1   71 1   73 16   91 16   98 16   99 8   106 2   112 16   114 4   122 8   126 2   139 1   142 1   159 10   162 16   164 6   169 1   170 8   180 1   181 4   187 2   197 2   206 2   215 1   226 1   230 16   232 16   240 4   251 1   256 1   257 16   260 2   265 4   284 8   294 2   298 16   308 16   319 16   323 16   334 8   340 4   342 4   365 24   367 1   369 4   375 8   378 2   383 1   388 8   395 16   397 1   401 16   403 1   409 2   411 6   413 4   416 4   419 2   434 1   442 2   447 8   450 2   457 4   460 2   463 4   474 8   481 10   484 8   487 4   488 4   491 4   505 16   506 8   517 4   520 16   522 18   523 24   525 8   536 8   537 16   543 4   547 4   550 2   566 16   577 2   585 8   589 4   591 8   592 20   621 1   636 16   638 4   649 8   653 1   654 1   667 4   668 2   677 8   680 8   682 1   684 2   688 20   699 16   713 16   721 8   726 2   729 6   731 16   743 2   744 2   754 1   765 4   766 1   771 8   778 16   782 16   784 4   794 1   805 8   809 1   814 12   819 1   825 1   844 16   847 4   852 1   854 1   861 1   865 16   866 4   868 1   871 1   872 8   877 1   878 4   881 16   892 4   893 1   894 2   912 2   917 2   918 16   919 8   923 8   929 16   935 20   957 2   
169  873     24 2   33 16   39 1   43 4   52 28   87 16   97 2   108 8   122 16   125 16   126 16   129 10   132 10   138 2   143 4   146 2   151 17   158 16   165 2   171 1   173 2   177 4   180 8   189 16   192 16   194 4   195 4   196 4   199 24   203 16   206 1   218 16   228 8   235 2   246 4   251 4   253 18   267 16   270 4   285 8   287 8   303 16   308 1   312 3   313 4   315 10   317 6   321 4   328 16   329 1   331 2   339 2   340 8   360 4   367 16   370 4   381 8   387 17   395 24   402 8   405 17   407 1   416 8   417 4   418 1   421 8   426 12   431 4   433 16   436 4   437 16   441 2   447 2   449 1   450 8   454 1   458 8   461 8   465 2   466 8   480 16   482 8   499 8   502 8   504 16   509 1   513 1   517 8   518 1   526 16   529 8   530 1   549 1   554 2   558 1   566 4   567 8   570 2   571 16   591 20   593 4   599 4   609 16   610 1   614 2   622 16   624 1   641 4   642 5   656 24   658 8   662 8   668 4   671 2   675 8   684 1   687 4   689 16   694 2   703 4   705 16   716 1   742 8   745 2   746 16   749 8   752 16   761 8   763 2   764 4   777 9   784 4   786 16   787 4   789 16   793 1   795 16   806 4   819 2   826 6   832 8   835 4   837 2   839 4   850 16   854 8   856 8   870 16   872 16   875 2   877 16   882 8   883 8   886 2   900 8   903 9   911 8   914 16   931 16   935 5   938 16   941 3   944 2   945 16   948 20   953 16   954 2   955 8   960 8   
145  899     15 4   25 1   28 2   34 2   36 2   39 2   48 17   50 3   52 4   54 8   64 16   66 6   68 8   78 2   79 18   95 24   96 1   99 2   103 4   109 8   111 16   114 1   121 2   142 8   144 8   147 2   160 16   161 8   162 8   166 4   175 8   186 8   200 2   205 16   213 16   217 2   219 5   228 1   231 8   236 4   237 9   246 17   269 2   271 16   273 4   276 8   297 8   302 8   313 6   325 4   333 1   335 16   352 2   359 1   364 24   371 16   387 8   392 1   399 8   401 1   408 1   409 5   420 2   421 1   435 8   439 2   440 8   447 1   448 16   469 4   483 2   494 8   501 4   502 1   508 2   509 8   510 4   514 9   528 4   535 2   539 1   541 4   546 1   551 2   553 1   557 2   558 4   560 4   568 16   572 20   573 16   577 1   579 8   581 2   586 4   590 2   596 1   598 8   603 4   609 4   613 1   614 8   618 1   621 1   628 17   629 2   637 4   644 24   663 8   670 8   681 3   694 1   699 2   704 2   720 16   740 8   743 20   754 16   755 16   760 1   764 16   773 8   781 16   797 8   812 16   825 8   827 4   831 8   834 1   835 16   839 2   849 4   850 4   863 16   865 1   881 8   882 4   886 2   893 8   906 8   913 2   917 1   929 2   947 2   949 8   
160  912     0 2   1 1   9 1   18 4   21 16   23 4   42 4   46 1   54 8   58 8   66 16   70 4   84 1   94 8   115 2   118 1   132 10   133 1   141 1   142 4   153 4   164 4   166 16   169 1   184 8   199 2   203 10   208 2   220 1   243 16   246 16   247 8   251 20   252 17   255 8   257 8   261 8   262 1   268 8   292 1   295 2   303 4   307 2   311 4   312 1   323 2   331 1   335 8   337 1   338 8   348 2   351 18   356 1   360 8   362 9   365 1   373 4   377 1   384 16   410 8   412 10   417 1   418 16   427 16   436 3   443 16   445 16   446 3   454 16   460 4   471 8   474 1   479 2   485 1   486 1   492 1   494 4   496 16   506 8   510 4   513 1   516 8   518 2   521 2   529 4   541 1   547 16   558 1   561 4   563 16   565 2   571 1   574 4   588 2   589 8   594 1   601 16   616 16   624 1   630 16   633 8   648 1   652 2   657 16   660 2   669 1   670 24   673 1   696 1   697 8   698 1   699 4   711 4   712 4   717 1   720 16   723 8   741 8   744 2   750 4   751 1   755 4   761 16   762 4   777 16   778 1   780 2   785 10   788 8   790 8   791 8   797 8   802 4   803 16   808 1   814 8   818 16   829 2   834 16   838 8   840 4   841 10   849 2   851 4   852 4   854 16   862 16   864 8   880 16   882 4   883 2   884 2   890 16   896 4   899 1   923 4   926 4   929 8   939 1   945 4   
162  897     5 3   12 2   13 8   29 10   32 1   36 12   37 1   48 4   49 4   50 2   56 2   57 16   61 16   65 4   71 1   85 2   90 16   94 4   98 4   103 2   106 16   115 16   119 2   125 4   126 16   129 20   136 1   137 1   147 16   152 16   155 8   157 2   178 16   187 10   202 2   207 4   219 1   220 2   222 9   233 24   239 16   249 16   253 16   261 16   271 1   277 2   285 24   286 4   288 1   290 16   294 1   324 16   327 16   331 4   339 1   341 16   346 16   349 5   353 8   354 1   357 24   366 2   371 16   376 1   380 2   387 4   388 16   406 8   412 1   413 2   420 8   427 2   432 16   435 8   437 4   439 2   442 2   443 8   453 16   463 1   469 4   472 1   474 8   491 4   496 8   508 4   509 20   518 16   523 8   524 4   525 4   527 4   528 16   530 4   534 4   541 16   557 1   564 1   565 16   569 1   570 17   573 1   574 2   596 8   599 2   603 4   604 1   609 1   618 16   629 1   631 2   637 13   639 2   661 16   662 2   663 1   664 8   671 4   680 4   689 2   690 20   691 8   695 16   702 5   703 16   705 16   709 8   713 8   724 2   734 2   740 8   749 3   760 24   766 16   782 2   785 2   804 2   816 1   817 1   827 4   828 1   829 16   830 4   831 2   834 4   851 8   853 2   864 8   884 8   887 4   889 2   893 4   896 5   911 16   912 16   922 8   925 4   926 1   950 16   953 2   954 2   955 16   
157  901     0 1   3 2   21 16   25 2   47 4   50 16   56 2   66 1   91 16   93 1   104 16   110 4   126 6   127 17   139 8   141 8   142 1   156 8   167 4   215 8   216 8   224 8   236 2   241 16   245 8   247 4   261 4   264 8   267 1   269 2   271 4   284 1   287 8   291 1   294 4   298 8   300 16   302 2   304 2   305 8   310 8   311 4   314 4   317 1   318 4   319 2   322 1   324 2   326 4   327 2   333 4   335 16   339 4   343 4   349 16   353 16   354 4   361 8   366 16   383 8   389 2   401 2   402 4   404 4   405 8   409 9   410 2   411 2   416 16   424 16   440 4   446 16   447 2   461 8   462 2   464 2   471 8   475 1   481 4   486 8   488 8   511 1   516 2   518 8   532 10   537 16   540 16   544 2   546 8   562 2   563 2   564 1   568 8   581 2   582 1   587 4   590 8   602 16   603 1   610 4   615 4   618 8   620 8   625 4   632 2   636 20   637 1   638 1   655 4   661 1   665 4   670 4   672 1   678 2   680 2   685 1   692 16   697 8   700 2   706 2   713 4   717 8   725 16   728 4   731 8   747 16   750 1   751 16   769 8   775 4   782 1   788 4   791 8   797 16   803 8   806 4   815 4   831 8   834 8   842 16   844 1   849 16   850 4   858 1   867 2   874 8   879 2   890 2   903 1   907 4   916 4   922 8   929 2   940 2   943 2   946 8   959 8   
157  872     0 1   7 16   8 16   11 16   14 16   17 8   21 2   23 16   24 16   44 2   59 16   67 2   74 4   75 8   84 16   85 6   95 3   104 1   107 16   130 4   134 2   136 8   143 8   155 16   160 8   172 24   180 4   181 4   183 8   197 18   202 1   207 1   208 2   211 4   228 2   233 16   236 4   255 8   260 10   263 1   266 16   278 8   297 1   300 1   304 1   312 8   315 4   319 8   321 4   323 8   340 16   342 16   347 16   355 8   357 4   373 2   395 2   407 4   408 2   411 8   418 8   420 1   429 4   440 1   444 4   449 2   454 16   464 16   466 2   468 2   486 1   488 16   494 1   499 8   502 12   505 16   506 16   507 2   513 8   514 16   515 4   524 4   525 4   535 16   538 8   540 4   544 8   552 16   554 16   565 24   567 5   568 4   576 8   577 1   580 8   592 1   603 8   606 4   610 2   614 12   619 16   622 8   626 16   627 4   628 2   632 16   634 16   646 1   649 4   660 8   662 4   665 1   668 1   717 2   729 4   737 8   740 1   741 2   742 16   743 2   744 16   748 4   751 16   758 4   761 17   763 8   764 2   766 2   789 8   790 8   795 16   798 16   800 6   802 16   808 16   810 1   814 8   818 4   827 2   838 1   841 8   850 1   851 2   867 18   872 1   874 4   898 4   900 4   902 4   913 1   915 2   917 16   920 16   930 1   932 4   937 2   956 4   
176  888     17 1   18 8   39 1   69 1   70 16   71 8   73 8   74 16   76 16   79 16   81 2   89 2   94 4   95 8   103 4   104 8   108 2   112 1   116 16   119 22   123 8   125 4   126 16   132 6   139 16   145 16   149 4   151 4   156 1   167 2   173 4   176 10   181 1   192 4   194 1   195 2   211 18   222 16   228 2   229 2   230 16   239 2   240 16   242 1   268 16   279 2   286 4   295 2   299 16   308 2   311 2   317 4   326 8   341 4   344 1   345 2   351 16   352 1   358 16   364 2   378 8   380 8   382 1   392 2   398 16   399 16   403 2   405 4   409 16   411 8   415 8   417 8   423 1   429 1   436 16   446 2   454 2   455 16   460 4   465 1   473 8   487 8   490 26   500 4   517 4   520 8   521 2   522 16   525 1   538 20   541 4   545 8   554 8   559 2   568 16   573 8   580 1   583 2   585 2   590 16   594 1   599 8   603 16   609 16   616 4   642 16   643 16   648 2   649 16   650 8   652 8   656 8   659 1   660 1   670 16   674 4   679 4   682 1   690 8   696 4   698 8   706 2   710 4   711 1   714 2   719 4   720 16   725 2   732 4   734 2   746 2   747 10   752 4   753 3   754 1   756 4   759 4   762 2   765 4   770 1   777 8   779 8   781 8   786 16   788 8   795 1   799 16   804 8   806 4   807 1   814 8   820 1   834 16   850 8   856 2   860 16   863 1   868 4   870 2   872 8   874 16   876 2   882 4   889 2   891 4   894 2   907 8   913 16   917 16   921 8   936 16   937 8   944 16   953 16   954 1   959 2   
149  881     5 4   9 8   11 4   15 2   18 5   26 9   28 4   31 8   32 1   42 8   57 3   64 4   75 2   85 4   86 8   90 16   100 2   105 2   106 1   129 4   139 2   161 1   170 8   176 4   177 16   183 1   194 2   211 16   215 4   216 4   217 8   219 4   221 16   228 2   230 4   237 8   251 16   253 4   269 6   277 16   287 8   299 16   308 2   313 16   316 4   327 1   330 1   333 1   349 16   351 16   368 16   378 2   380 4   382 8   385 2   391 8   398 4   402 8   421 8   425 6   427 2   429 8   435 2   437 1   442 1   453 17   457 4   471 8   473 8   475 16   480 4   481 4   485 1   489 8   493 1   494 8   503 2   505 16   517 4   524 16   531 2   541 4   542 4   544 1   560 1   564 2   566 8   569 16   574 1   580 16   583 16   598 4   599 16   607 16   613 16   616 2   623 4   624 4   645 16   646 2   647 16   650 4   653 24   655 2   656 1   658 4   664 1   665 4   685 8   687 16   694 4   697 2   699 1   705 4   720 8   722 8   729 4   734 2   736 1   752 16   759 16   765 2   768 2   770 2   772 2   777 4   797 8   799 2   801 2   805 8   813 1   817 1   818 24   821 3   825 3   827 2   828 1   838 9   840 8   846 1   857 8   860 1   881 2   882 4   893 24   895 2   900 8   942 8   956 1   
157  895     14 1   15 16   16 1   37 16   42 16   44 8   53 2   55 16   81 1   84 8   91 2   95 4   120 8   124 16   142 16   145 2   146 2   149 16   152 16   155 1   159 16   168 1   174 6   188 20   200 16   210 16   213 2   214 2   228 16   229 4   231 16   241 16   242 8   250 4   266 4   268 24   274 1   282 20   283 16   286 4   298 16   305 16   314 5   315 2   316 16   319 4   324 8   325 18   338 2   343 16   346 4   365 1   366 16   372 1   377 16   380 4   386 2   389 8   398 4   402 16   406 8   426 16   427 10   430 2   441 2   443 18   447 1   448 2   459 2   460 1   464 17   471 2   477 17   483 1   484 1   491 2   493 1   500 4   505 16   507 16   513 8   531 4   533 2   536 4   544 4   547 2   550 16   551 16   552 16   564 1   568 16   578 2   583 4   585 16   605 8   608 4   612 2   613 2   622 2   626 16   628 16   637 8   643 4   646 16   648 8   656 2   658 4   661 4   665 16   679 4   683 12   686 4   691 4   692 1   693 5   694 1   696 4   698 4   701 16   708 4   709 2   714 8   733 8   734 8   738 16   741 8   752 4   767 2   771 16   774 5   776 1   782 16   792 2   805 8   809 1   811 16   814 8   819 12   843 8   845 2   846 1   857 16   858 16   874 18   881 12   896 16   899 18   901 4   903 1   904 16   908 8   917 1   918 4   922 1   930 4   938 2   942 4   
179  889     0 16   3 2   6 2   7 2   13 16   22 17   32 6   34 4   44 1   49 16   50 5   51 1   52 8   67 8   68 4   69 16   70 12   73 1   74 2   77 3   80 8   82 16   92 4   99 4   107 16   108 4   109 8   124 1   128 16   136 4   137 16   150 8   151 4   158 1   168 1   170 8   181 1   195 1   212 8   224 4   231 16   235 4   238 2   244 2   253 20   257 1   274 8   279 24   280 16   282 2   291 4   297 1   299 2   305 8   306 4   308 3   315 2   319 8   320 8   331 1   335 8   338 8   342 16   345 8   353 16   355 4   361 4   366 9   368 4   371 8   372 2   378 18   384 24   387 2   390 2   392 2   393 1   395 16   398 2   418 10   419 16   424 2   426 8   429 4   430 1   434 16   437 2   455 2   468 4   469 4   470 8   471 4   479 8   481 4   482 16   488 2   498 4   503 2   517 4   524 2   526 1   531 1   550 4   552 4   556 18   562 4   563 1   564 20   565 8   566 4   570 4   581 8   582 2   584 16   585 4   592 8   602 2   606 2   608 1   609 1   612 16   615 4   618 17   624 4   627 8   633 8   634 2   639 24   641 1   643 4   645 2   647 8   658 16   659 8   662 1   672 1   673 2   675 2   687 16   689 2   693 16   697 4   699 1   719 2   724 16   728 16   733 4   735 4   747 4   757 8   759 8   763 1   764 16   766 1   788 4   799 4   835 2   838 8   849 16   856 1   857 16   862 2   865 2   869 8   872 16   878 4   884 8   888 16   900 10   902 16   917 4   921 1   922 2   926 2   927 2   947 1   950 8   957 1   960 4   
158  883     14 8   16 4   22 8   23 5   33 4   43 2   56 4   57 2   63 16   64 8   66 8   68 1   75 16   83 10   84 16   85 9   102 16   105 1   106 24   118 2   119 2   127 16   133 2   136 16   144 8   154 16   155 16   174 16   177 16   181 8   187 2   189 2   196 2   198 1   213 6   217 12   218 2   229 2   244 8   250 4   253 4   259 4   261 21   269 8   271 8   279 1   281 16   285 2   305 8   306 2   317 2   318 4   327 8   343 2   348 4   369 8   373 4   382 4   387 8   390 8   400 16   411 8   432 4   439 16   442 20   447 4   449 2   453 1   454 1   456 1   460 4   463 1   468 4   473 4   475 1   483 16   491 4   495 2   503 4   515 16   520 1   532 4   535 4   541 1   544 16   550 16   557 4   558 16   563 8   591 4   593 1   607 8   610 16   613 1   614 2   618 8   624 1   625 2   629 16   631 16   636 2   641 4   646 1   654 4   657 1   661 16   663 2   665 8   675 7   684 1   685 2   706 2   723 16   729 4   741 16   742 16   766 2   767 16   783 1   788 6   793 2   799 4   808 2   820 2   823 1   825 2   826 16   829 1   830 4   831 4   832 4   835 8   841 16   844 16   845 2   865 2   866 1   870 1   874 16   879 1   890 2   895 2   896 8   898 3   902 16   903 2   905 1   922 1   925 2   926 2   935 4   936 18   941 4   943 4   946 20   947 8   951 1   957 8   
144  894     1 17   3 20   5 4   6 16   9 16   11 16   16 8   17 8   19 1   20 2   23 1   25 8   26 8   38 16   52 16   58 8   59 2   60 2   63 2   81 4   87 1   90 16   106 8   109 4   112 1   113 16   118 1   119 4   140 4   151 1   153 8   180 8   189 16   200 16   201 8   203 8   206 16   215 2   218 2   236 4   237 5   240 8   252 8   259 8   261 8   264 1   267 4   276 8   288 4   290 8   299 2   305 16   317 8   325 2   330 1   339 1   343 16   346 4   347 8   362 2   368 8   376 2   380 4   383 8   386 2   404 4   407 2   408 3   425 4   427 8   475 16   491 1   492 1   494 8   499 16   501 10   511 2   512 16   528 16   530 4   532 2   535 1   565 16   571 16   607 16   611 16   618 8   627 16   645 8   647 4   661 4   664 16   666 1   667 1   671 2   675 4   676 2   677 8   678 1   688 8   690 4   697 16   716 1   729 1   732 8   744 8   746 8   750 8   753 8   754 4   756 1   759 16   765 3   767 1   768 16   778 16   794 4   807 1   835 1   837 16   847 4   849 8   853 8   858 8   865 8   866 1   870 8   873 4   878 2   888 4   891 4   893 4   896 2   900 1   909 8   913 1   915 4   919 1   924 1   927 8   944 1   947 2   950 16   956 2   
143  888     12 1   33 1   37 16   49 1   63 4   65 8   67 2   79 1   91 8   92 8   107 16   108 8   114 16   129 4   131 4   134 4   142 2   157 1   168 1   174 20   177 1   178 2   200 1   202 16   220 4   231 2   233 5   255 16   271 4   292 8   295 4   301 4   309 2   312 1   319 16   335 16   336 16   341 2   343 8   344 16   350 2   379 16   388 16   400 1   405 2   413 4   416 4   418 16   427 4   434 8   440 16   448 16   449 8   452 8   456 4   465 3   477 16   485 4   491 8   495 8   504 16   509 8   514 4   532 4   534 8   537 2   541 3   550 8   554 16   560 4   561 16   562 4   568 1   573 2   591 16   595 2   600 2   618 1   623 2   624 16   640 4   646 28   647 6   658 2   659 16   663 1   676 2   677 16   683 8   684 8   685 8   687 8   693 8   702 8   712 16   714 16   718 2   719 2   722 1   725 16   733 1   736 16   747 4   748 4   749 17   755 16   760 4   764 1   774 2   776 16   778 1   794 4   803 2   810 1   820 8   821 2   824 16   826 8   827 2   829 16   831 16   835 4   844 4   851 16   852 16   853 1   855 18   860 4   868 16   876 1   882 8   889 8   898 20   901 8   904 4   907 8   912 1   915 4   919 8   931 4   938 4   950 16   954 18   
149  890     0 4   8 2   17 8   31 2   35 4   39 1   43 2   45 6   56 8   58 2   63 16   74 8   75 16   78 1   86 2   88 8   93 4   95 16   103 2   107 1   110 2   119 16   124 2   141 16   149 4   165 1   170 6   171 4   182 1   193 8   198 3   202 8   204 8   207 6   215 1   216 2   218 1   229 1   237 16   239 2   240 8   249 8   259 4   260 4   273 16   281 16   283 2   300 8   304 18   307 16   309 9   313 1   317 2   319 8   320 2   328 1   331 8   337 8   340 1   342 12   343 4   360 8   373 3   401 8   412 4   414 1   421 2   440 16   442 2   451 2   459 2   460 8   484 8   487 16   500 2   513 1   521 2   524 5   525 16   530 16   541 8   549 1   552 2   558 16   564 8   566 1   571 8   575 16   577 2   589 16   591 16   593 4   594 10   599 1   604 8   644 2   647 24   654 2   659 4   665 2   673 2   682 16   687 1   689 2   696 8   705 8   708 1   737 16   742 4   746 8   748 16   749 8   751 4   758 8   762 1   763 1   771 2   778 2   785 4   786 1   794 8   796 20   800 2   801 16   806 1   818 16   823 4   832 2   839 8   846 1   865 2   870 1   877 16   891 2   893 5   896 4   905 6   906 8   907 4   908 8   916 8   917 16   926 2   932 16   934 8   935 4   941 8   948 4   954 2   
144  882     4 8   8 16   11 9   29 4   30 2   31 8   32 2   42 1   46 8   49 16   51 2   52 8   58 16   63 1   76 8   77 16   86 2   88 16   92 1   99 1   111 16   115 8   130 8   141 8   142 8   158 16   163 4   171 4   174 8   180 16   201 2   205 4   220 8   232 17   233 8   238 4   244 16   256 1   258 8   267 1   270 16   274 8   284 8   296 16   298 2   304 18   310 2   312 4   323 2   326 4   329 2   333 16   338 4   344 8   350 8   352 2   355 4   361 2   374 2   376 1   389 8   391 4   400 8   414 8   424 2   432 1   438 2   451 2   454 8   465 1   467 4   468 16   473 2   475 1   487 4   490 4   497 8   522 12   524 4   534 16   539 5   540 16   550 2   552 4   553 4   561 16   562 2   579 16   584 4   588 2   590 8   591 24   592 4   595 2   599 1   600 8   604 10   609 10   622 4   632 1   640 8   642 16   650 17   652 16   664 1   673 4   684 8   717 8   725 22   728 2   735 2   745 1   754 4   756 8   762 4   775 2   783 4   784 4   785 1   798 4   808 4   809 2   814 8   826 2   834 16   846 4   850 4   873 8   875 16   876 4   888 2   891 16   895 4   899 2   909 4   920 4   922 16   929 8   930 1   935 4   944 1   946 8   950 16   960 16   
156  870     1 16   6 2   10 4   20 8   22 1   23 2   25 4   46 4   61 1   63 1   64 8   72 8   98 8   104 16   106 8   115 1   116 8   129 8   132 16   148 24   156 8   172 2   173 1   174 1   190 16   192 2   211 2   222 8   228 8   240 16   243 16   244 8   248 8   250 4   280 12   293 10   304 1   305 3   310 4   312 2   318 8   320 8   339 6   340 6   341 8   342 2   354 1   359 4   365 1   372 4   377 8   379 8   383 4   386 1   387 16   397 16   401 2   403 2   404 16   411 4   425 17   426 2   433 8   439 4   440 16   441 10   445 16   448 4   460 8   464 1   471 8   488 2   492 8   507 2   508 2   515 1   518 1   521 16   526 2   529 16   531 16   535 8   545 4   547 9   556 16   558 4   564 2   574 2   580 8   581 16   586 1   591 2   598 8   607 4   618 16   620 1   627 1   628 1   630 4   634 2   636 4   650 16   655 18   674 8   676 16   677 16   680 4   689 4   690 1   694 1   700 4   702 4   704 4   712 16   729 17   730 8   734 8   736 4   739 16   740 8   743 4   748 1   757 4   776 1   778 16   781 8   790 1   792 4   795 2   803 1   805 1   818 1   819 1   820 16   821 10   823 8   838 4   841 4   843 8   845 8   846 24   852 1   854 1   860 12   891 2   892 1   893 4   898 16   902 8   906 8   908 4   920 1   921 2   928 1   942 16   947 20   
145  885     1 4   17 4   20 8   28 2   29 4   32 2   35 8   47 1   57 2   60 2   61 8   64 1   72 1   78 4   84 16   94 4   117 4   122 2   133 1   134 6   143 1   149 2   153 2   158 16   164 16   169 2   174 1   176 1   182 8   188 16   191 17   192 8   199 8   202 1   212 4   215 8   216 2   219 1   238 1   245 2   247 2   250 4   252 8   258 2   277 16   283 4   298 10   300 4   301 8   303 16   314 2   360 16   364 1   366 2   372 1   377 1   378 16   379 12   382 8   384 16   388 16   392 16   396 2   408 16   410 8   428 4   429 8   437 16   450 4   459 2   462 16   479 2   485 1   486 4   489 24   493 1   505 6   517 8   519 4   526 1   527 1   530 1   536 2   546 8   547 2   552 16   577 4   589 8   593 8   602 8   606 2   610 2   618 1   626 10   630 2   632 2   633 16   636 1   640 8   643 1   646 1   656 4   660 8   663 2   669 4   670 16   682 16   687 1   702 8   705 16   707 16   731 2   735 1   741 1   774 1   777 16   780 4   783 16   794 8   802 4   809 2   815 4   816 1   817 2   829 2   831 8   832 17   836 4   839 1   843 8   848 8   851 4   856 2   857 8   871 16   872 1   873 8   898 1   907 8   908 8   935 1   939 1   951 8   952 8   957 16   
133  898     3 8   21 2   29 8   45 4   48 8   55 2   62 2   67 4   71 1   78 4   83 16   85 2   91 8   97 24   100 8   103 9   110 2   113 16   125 2   136 1   140 16   148 8   157 2   169 1   171 16   172 8   179 4   189 8   191 16   195 16   202 2   206 8   207 2   208 1   209 25   212 8   234 2   240 8   254 4   275 2   290 8   295 16   298 12   307 1   312 2   323 8   325 8   329 2   331 1   340 2   344 4   361 4   362 2   377 2   396 4   400 16   408 16   426 8   429 1   431 4   432 1   443 8   444 16   445 1   453 8   458 8   459 2   463 16   475 2   476 16   480 16   485 2   497 1   498 2   516 2   521 16   523 16   527 4   531 16   555 1   596 2   599 8   619 4   625 4   628 18   632 2   637 2   638 1   640 8   656 16   663 16   670 16   676 4   703 2   704 4   719 4   730 1   734 16   736 4   738 8   746 8   749 1   753 8   758 4   769 2   777 16   792 20   809 8   812 16   813 4   822 1   824 1   827 4   835 4   848 1   850 8   851 2   853 16   870 2   876 2   882 2   890 4   894 8   896 2   900 2   902 8   907 1   920 1   927 16   942 4   948 2   953 4   958 16   
160  898     8 1   12 2   14 1   20 16   23 8   25 24   27 4   28 16   40 16   46 4   52 16   54 1   59 2   65 2   67 8   81 6   85 8   88 16   89 4   90 16   95 4   103 8   106 8   119 6   120 4   123 16   129 4   139 6   153 9   161 1   170 1   171 8   178 16   188 16   197 1   202 16   215 1   230 16   231 2   243 1   256 1   260 16   270 8   279 16   288 4   290 16   291 16   300 16   306 4   328 1   329 8   332 2   339 1   348 16   352 8   354 2   355 1   358 8   361 6   362 16   373 1   377 1   383 8   408 1   417 1   419 24   428 4   438 1   443 5   451 1   461 1   477 2   478 4   494 4   498 16   502 2   505 16   507 2   509 8   520 9   524 12   528 1   541 4   542 1   556 16   557 2   558 16   560 8   565 10   581 8   584 4   589 1   593 4   598 4   601 4   608 8   610 8   612 8   614 16   617 8   628 1   642 16   648 2   651 2   652 8   654 2   678 8   679 4   680 1   683 4   691 8   696 1   703 16   706 1   707 8   714 1   716 2   722 4   724 2   727 1   729 8   741 1   746 16   749 1   751 1   758 2   760 1   762 4   763 4   769 8   773 5   778 1   793 2   794 16   801 16   804 4   807 2   813 8   821 2   836 4   837 4   840 8   847 2   849 8   853 1   857 1   859 2   860 8   864 4   881 16   888 2   891 1   896 2   907 8   912 8   922 4   927 24   936 8   947 4   953 1   
157  886     1 2   8 8   9 16   16 1   29 8   30 1   32 1   34 1   39 16   44 2   47 4   53 1   65 1   71 1   73 8   82 8   95 1   107 4   112 16   119 1   120 16   121 18   134 4   136 2   143 4   150 5   159 16   160 4   179 12   194 2   195 8   204 4   209 12   214 4   216 1   217 2   218 2   219 1   226 16   247 8   258 1   262 8   265 18   269 1   274 28   277 16   282 8   287 2   293 4   296 8   297 4   313 8   317 16   323 1   327 16   328 1   331 16   345 8   354 4   363 16   367 2   373 2   379 16   380 2   382 16   388 2   402 1   427 12   434 16   437 16   440 16   449 16   459 2   461 2   462 4   468 4   469 8   470 16   471 1   474 16   486 20   490 4   499 1   505 4   512 16   515 1   521 4   527 18   528 8   530 16   531 16   542 8   552 4   554 2   557 8   563 8   575 8   581 1   592 2   594 4   609 1   611 4   620 2   632 2   635 9   636 2   637 4   640 1   645 2   650 8   659 2   662 2   663 2   664 8   674 4   677 4   680 2   681 8   690 1   704 4   714 8   720 4   724 8   734 4   735 8   745 8   758 2   762 2   763 4   764 8   767 2   770 1   771 8   779 8   782 1   785 16   799 8   806 17   807 4   814 16   825 2   829 16   837 8   838 8   842 5   848 16   860 8   866 2   872 1   908 8   913 8   918 1   929 8   938 1   939 4   956 4   957 17   
165  899     3 1   8 4   15 8   19 8   20 4   32 16   33 4   55 1   59 4   68 1   80 8   103 16   104 4   113 8   117 4   120 12   122 8   125 16   127 8   129 2   139 16   142 8   148 4   154 2   167 16   170 4   177 2   183 4   186 2   194 16   195 1   198 6   209 8   210 4   211 1   214 2   218 8   227 16   231 1   236 16   247 4   249 4   250 4   269 8   272 8   275 8   283 16   290 4   293 8   299 16   301 8   305 1   312 2   318 8   323 20   325 4   326 8   337 8   342 16   346 2   348 16   350 8   353 1   355 1   359 1   362 1   367 8   369 16   375 2   381 24   385 9   386 8   390 4   393 8   410 16   417 2   424 4   425 1   428 16   429 4   430 4   432 2   438 4   445 1   449 16   453 16   454 4   473 2   479 8   481 4   491 2   496 8   498 1   516 16   533 4   544 16   548 18   550 8   554 16   558 1   579 16   585 8   586 8   591 1   594 4   595 2   599 8   606 16   609 2   611 4   615 4   616 20   621 2   632 1   646 1   655 8   657 17   658 2   661 2   667 16   676 1   677 1   682 1   685 4   695 2   698 4   699 8   704 2   713 8   714 16   730 16   732 16   735 8   744 8   749 16   752 8   759 8   761 4   774 2   791 3   806 1   808 2   816 8   817 4   822 16   824 2   828 4   835 16   838 18   861 4   869 2   873 14   894 16   899 4   903 4   904 2   906 16   912 4   919 2   924 1   928 2   930 8   933 4   938 2   947 3   
170  868     6 16   8 2   14 8   19 8   21 8   24 16   28 16   37 2   52 5   55 8   58 2   66 2   75 4   81 4   91 16   100 16   116 4   122 1   124 8   127 2   152 8   156 8   165 1   166 2   167 2   170 2   174 4   178 16   180 8   187 16   197 1   203 8   209 8   212 16   220 12   227 1   235 2   250 1   258 8   259 4   272 16   276 4   285 25   286 6   295 2   296 1   305 2   309 16   310 1   311 4   315 9   316 4   319 2   334 8   351 18   354 12   358 3   364 2   366 4   371 8   378 8   392 18   395 16   396 8   399 8   409 4   411 1   412 2   415 4   421 2   423 8   431 8   435 1   437 4   442 10   451 4   454 1   455 8   467 16   471 1   473 1   477 4   479 2   481 16   484 4   485 8   489 2   494 4   503 2   504 4   513 2   517 4   523 8   529 8   554 16   559 16   566 16   567 16   599 1   601 26   603 2   614 2   615 8   620 8   622 10   625 8   627 8   630 8   632 8   636 4   640 1   641 2   650 4   651 12   657 3   668 16   669 2   674 4   681 8   689 1   694 2   699 2   704 16   705 8   713 1   717 1   724 1   730 16   731 8   734 18   736 4   742 8   747 16   752 1   755 4   756 4   763 4   770 4   771 2   774 16   783 16   784 4   790 1   792 1   795 4   804 4   811 16   813 4   814 8   832 16   840 24   844 1   856 4   857 4   862 1   867 4   872 8   901 1   904 2   908 8   911 4   917 1   918 4   922 4   926 1   930 5   938 16   941 16   946 8   953 2   
143  886     14 12   17 4   19 1   22 8   28 2   37 8   55 16   62 1   64 1   74 8   92 4   96 16   97 2   102 2   106 9   107 2   116 1   119 1   123 4   126 16   129 9   157 2   181 2   187 2   189 16   192 1   197 4   205 14   207 4   218 18   235 3   236 4   259 4   267 28   268 2   273 4   284 18   291 8   299 16   312 8   317 4   319 2   341 8   343 4   358 4   375 17   389 1   390 2   391 1   395 16   403 16   425 4   430 4   445 16   450 8   458 4   460 1   464 2   473 2   491 9   501 8   514 16   515 8   523 1   531 8   547 1   550 8   557 16   561 16   567 2   587 8   600 4   634 9   635 4   637 1   639 16   644 2   654 8   656 4   663 2   665 2   677 1   679 10   685 4   690 1   691 1   694 16   697 4   709 16   716 8   724 1   726 2   734 8   736 1   741 8   742 8   745 8   751 2   769 1   771 4   773 1   779 1   785 16   789 8   800 16   803 4   805 16   808 8   809 5   823 16   833 4   836 8   852 8   854 9   855 4   865 4   867 2   872 1   873 8   874 2   876 2   881 8   882 16   890 16   891 8   896 9   903 2   906 2   908 2   916 16   919 4   937 16   938 4   940 16   946 16   947 2   950 2   951 16   952 1   954 2   955 2   957 8   959 2   
159  901     15 2   16 4   17 8   19 16   26 8   50 1   52 8   57 1   58 4   74 1   80 16   85 8   86 4   87 2   100 4   108 16   114 1   118 2   120 4   129 4   135 2   136 8   149 1   150 4   152 16   153 4   157 4   164 2   183 2   187 6   192 4   195 8   196 4   201 1   204 2   213 8   226 1   227 16   237 4   247 8   255 8   258 16   260 2   264 16   283 17   286 16   287 16   293 1   296 16   302 2   307 2   315 1   316 8   321 4   322 1   338 2   366 2   371 2   372 2   373 1   379 16   384 16   387 2   396 4   397 8   400 2   412 1   413 4   422 16   425 4   439 4   442 16   451 2   457 1   458 18   462 16   477 4   479 4   487 4   511 16   513 2   518 8   536 4   538 9   542 4   546 2   551 2   556 18   557 16   562 4   565 1   573 1   576 1   582 16   590 4   603 4   609 4   611 2   619 16   626 4   631 1   637 2   638 1   640 16   655 8   658 4   666 2   675 9   686 4   693 2   697 16   698 16   706 4   718 16   719 2   724 2   732 1   734 1   741 8   752 4   756 1   760 2   761 2   763 16   767 8   771 17   781 4   791 2   795 4   803 16   804 8   805 2   806 2   809 4   811 16   824 8   826 4   827 1   833 1   843 4   847 2   854 16   856 4   860 2   879 2   884 1   889 2   891 8   893 8   897 4   914 8   917 4   918 1   925 2   944 8   947 1   952 2   956 2   958 4   
162  899     0 4   2 16   13 1   21 4   29 16   30 16   32 2   36 4   48 1   51 16   52 16   59 8   65 9   74 4   75 2   87 16   92 8   105 4   121 4   128 1   150 4   155 16   159 1   160 16   163 8   166 4   167 4   168 24   169 2   185 3   187 5   199 1   205 2   206 4   208 2   212 4   221 8   227 2   230 8   232 16   237 16   241 1   245 1   251 8   253 1   255 6   257 8   262 2   265 16   266 1   269 1   271 16   273 4   283 1   298 1   301 3   304 16   311 2   313 4   314 16   317 8   318 2   343 8   351 20   360 16   362 10   370 2   382 4   383 1   387 8   388 4   389 6   391 4   396 1   406 4   420 1   443 8   447 8   450 1   451 1   457 8   468 4   470 8   471 16   472 8   487 1   488 8   494 1   503 4   505 5   510 16   512 16   518 1   526 20   528 4   529 4   531 1   536 8   546 8   555 2   558 16   565 16   566 8   571 16   575 16   584 9   594 2   595 2   599 16   602 16   603 2   612 17   613 8   622 4   626 2   644 16   646 2   650 16   654 8   673 8   675 2   679 2   686 24   693 4   695 8   697 2   708 2   712 2   730 4   732 2   734 1   735 1   745 10   747 17   750 8   762 2   776 8   779 16   783 4   787 4   796 1   797 4   801 2   802 1   811 8   813 1   825 2   831 2   833 1   844 1   852 16   853 2   859 8   886 2   897 1   903 8   905 8   925 8   931 16   936 16   937 2   960 8   
147  879     0 2   9 4   15 8   16 8   24 8   40 2   42 1   44 4   45 16   49 16   60 4   62 6   77 4   91 2   95 4   98 1   101 16   103 16   108 16   115 2   119 8   121 1   129 16   133 4   134 4   135 2   136 8   149 1   159 16   163 1   170 4   180 1   183 16   193 4   199 8   210 16   216 8   225 8   233 4   245 4   250 2   255 4   264 16   272 4   277 16   279 8   280 16   282 4   307 16   323 1   326 4   331 4   344 16   365 4   368 16   376 16   380 8   383 2   399 8   408 16   412 2   413 8   418 4   433 10   442 16   443 8   448 4   452 2   459 4   462 16   464 16   497 1   502 1   505 8   513 1   516 4   522 2   531 9   534 4   540 8   543 2   546 2   548 16   552 4   554 8   566 16   567 16   569 1   578 8   580 4   583 1   588 1   595 1   598 8   601 14   610 4   616 8   617 4   623 2   629 16   634 2   635 1   641 2   652 2   653 1   659 2   688 8   698 16   699 16   703 2   704 2   705 6   728 2   733 20   736 1   741 8   744 2   746 2   757 4   760 1   766 2   775 5   779 1   780 1   797 2   803 2   804 4   813 16   826 2   836 16   849 8   863 1   864 16   870 2   879 8   881 4   886 1   892 10   894 4   904 2   918 2   934 4   942 1   945 8   946 16   950 4   958 1   
134  880     0 2   6 2   12 16   24 4   27 2   31 7   36 1   37 16   38 1   39 4   42 1   47 16   50 16   51 16   56 4   80 4   89 8   95 16   101 8   107 8   109 8   110 1   114 8   115 8   125 16   130 8   132 1   134 16   136 16   137 2   149 4   168 4   170 1   179 1   181 8   182 1   184 1   194 16   195 8   205 4   215 2   230 2   246 4   247 6   261 16   280 4   284 16   287 8   315 1   324 1   326 8   327 2   329 8   330 4   338 2   339 2   352 2   363 16   366 16   372 18   373 2   381 2   386 1   397 1   402 4   407 8   408 8   411 1   418 18   424 16   463 4   490 8   493 4   494 4   502 16   512 8   540 4   545 4   547 8   550 10   557 8   560 4   566 2   568 8   573 16   575 1   597 1   598 16   599 16   614 10   619 8   624 16   625 8   627 16   632 12   646 16   653 4   654 4   680 4   688 4   697 6   702 1   709 3   748 13   749 2   755 4   759 16   770 2   777 1   791 20   804 4   810 1   816 4   819 4   827 8   838 8   842 4   844 3   848 4   851 1   869 1   879 2   882 8   888 4   889 16   897 2   910 1   912 8   913 4   915 1   927 8   934 2   937 4   956 1   
160  897     0 4   4 17   5 1   6 1   12 8   21 1   30 8   41 8   46 16   50 2   55 1   65 4   67 4   68 1   69 1   71 1   73 2   89 2   90 2   109 4   128 4   129 1   143 1   145 8   150 8   151 1   153 16   156 4   157 2   163 1   164 8   166 2   177 8   186 2   187 2   190 16   199 2   205 1   217 1   224 1   227 16   242 1   245 2   252 16   258 2   261 2   264 2   268 8   279 24   280 3   289 4   291 4   298 8   301 16   303 8   305 8   313 8   317 8   319 8   321 24   328 1   339 16   346 1   347 8   348 2   353 16   354 4   357 4   360 24   371 16   373 8   374 2   377 16   383 4   390 8   392 18   394 8   395 2   404 2   416 1   418 4   422 4   433 1   437 1   453 1   457 2   459 20   461 1   469 2   477 16   481 16   490 4   497 2   506 16   512 2   518 8   522 9   533 1   538 16   541 16   554 6   558 8   566 2   575 8   591 1   593 2   595 1   600 1   601 4   603 16   604 16   606 16   612 16   619 4   625 4   628 2   629 16   639 4   643 8   646 1   652 2   657 16   661 4   663 1   669 2   678 4   699 16   715 2   717 4   738 8   745 8   748 8   768 2   776 8   782 2   789 2   790 8   798 4   804 2   806 16   813 2   818 2   843 2   875 16   880 16   890 2   895 2   900 8   901 8   903 8   908 16   912 4   919 4   925 16   929 8   935 2   936 1   946 8   951 16   958 4   
160  898     9 8   31 2   32 8   33 8   34 1   40 16   42 2   63 3   70 4   75 8   86 4   89 16   90 6   98 8   99 1   106 3   109 4   110 1   111 16   117 2   120 16   121 8   125 16   129 1   134 2   144 4   149 1   150 1   161 2   164 17   167 2   169 8   171 1   174 1   178 1   182 8   190 2   198 4   211 16   220 4   222 1   223 16   232 2   235 2   236 16   241 1   252 2   255 16   258 4   259 1   269 1   273 2   282 2   300 4   308 2   323 25   339 4   340 16   341 8   342 1   351 4   366 4   376 4   391 16   394 1   395 8   396 2   407 4   409 1   430 1   432 2   434 1   442 20   446 8   449 18   465 8   471 2   472 4   479 2   481 1   484 8   485 4   487 16   488 5   496 8   499 24   500 16   510 1   512 4   519 18   531 3   534 16   545 8   547 1   554 1   559 8   561 16   575 16   579 16   580 4   586 4   590 2   596 16   600 1   601 8   604 16   611 8   612 16   618 2   622 1   627 16   631 4   647 1   650 1   657 16   679 8   682 16   705 4   719 2   722 8   725 8   738 8   741 16   747 4   749 8   752 8   753 2   760 2   763 17   783 4   788 4   796 2   800 17   810 8   815 2   829 4   831 4   840 4   841 4   842 16   845 2   859 4   872 2   875 16   877 4   881 1   885 4   892 10   895 8   905 8   906 8   908 16   914 2   915 4   916 16   929 8   931 2   935 8   938 16   939 2   
147  884     18 1   36 1   50 16   51 10   52 2   55 8   59 2   71 1   84 1   97 2   102 1   106 4   111 16   112 16   121 8   124 4   130 4   137 2   142 1   144 8   148 4   154 2   164 8   165 16   168 8   182 8   183 4   188 16   189 8   190 4   206 1   223 4   227 16   230 4   236 2   240 12   250 1   263 1   264 2   267 16   268 8   275 16   281 8   288 16   304 8   312 8   317 2   318 4   323 2   324 18   327 4   334 16   341 16   344 16   345 24   360 2   367 5   368 2   376 1   379 2   387 4   395 1   399 16   401 4   403 1   404 16   424 8   433 4   434 8   437 8   444 1   454 2   456 2   460 9   461 16   471 5   475 2   481 1   501 4   511 1   515 1   522 1   526 5   527 9   528 2   536 4   539 8   542 2   546 16   559 16   563 8   570 8   573 2   586 17   587 2   589 2   590 4   593 16   594 4   595 1   604 2   608 8   613 17   620 4   627 8   632 4   637 8   649 1   650 9   657 4   658 2   671 24   682 4   699 2   712 4   716 16   717 12   718 1   720 8   724 4   742 8   754 1   767 16   768 4   775 8   794 16   799 4   822 4   823 8   830 12   840 2   841 2   847 20   852 1   861 4   869 1   870 2   877 2   881 4   883 16   895 1   898 4   909 4   919 16   928 8   939 4   942 2   
140  917     4 8   5 8   7 16   18 8   25 4   30 4   51 8   57 1   62 1   66 8   73 2   76 8   99 1   105 8   112 4   118 8   120 1   123 1   146 16   158 1   164 1   166 2   170 8   184 4   195 1   198 16   202 8   205 16   221 4   224 1   229 8   242 2   246 1   267 1   269 8   280 2   291 1   303 16   310 4   311 8   315 2   320 16   324 16   328 1   329 16   331 16   337 16   355 2   356 16   366 16   371 1   373 8   376 4   377 2   385 4   402 4   407 2   410 1   412 1   422 2   425 16   435 4   439 8   442 1   445 1   453 2   475 10   480 20   490 16   498 16   500 24   512 4   519 2   522 16   526 1   533 16   534 1   541 1   547 16   554 1   569 8   571 8   586 4   589 2   602 5   603 16   606 6   609 16   627 1   635 16   648 1   663 4   666 4   669 16   672 20   673 2   676 20   682 24   700 1   716 8   717 4   723 2   724 2   726 1   734 8   737 16   742 18   746 2   748 2   750 4   758 2   760 8   766 2   769 1   774 8   783 1   786 4   787 4   794 8   799 4   819 4   822 16   842 16   844 24   847 4   853 1   857 16   860 2   864 2   869 2   870 16   879 2   882 4   885 16   907 2   919 16   923 1   937 8   938 4   960 1   
145  897     4 2   8 1   9 8   10 8   14 8   15 2   20 16   21 4   24 2   27 20   45 8   46 16   49 2   50 8   60 16   62 8   64 1   70 1   78 2   86 8   87 4   104 4   107 17   109 4   114 16   118 4   122 1   131 2   134 8   137 4   146 4   147 16   148 4   153 1   158 10   164 8   178 8   197 4   202 8   206 16   207 2   211 1   212 8   221 2   224 4   229 8   230 2   238 8   250 4   251 16   264 2   267 4   292 28   302 16   313 16   316 2   328 8   329 8   341 6   357 2   362 16   380 4   388 16   403 1   412 8   414 2   416 4   423 16   424 16   425 1   426 9   433 1   434 2   446 4   452 2   456 16   459 16   479 8   486 1   489 4   491 1   504 8   510 16   512 8   519 2   527 4   531 12   536 8   539 1   551 4   562 4   607 1   609 8   610 4   631 18   643 16   653 24   660 3   664 1   668 2   686 4   701 8   703 4   704 1   707 2   713 2   716 9   723 4   727 1   741 8   757 8   759 16   770 1   776 4   781 16   788 2   789 8   790 1   803 16   804 2   807 8   813 2   816 16   827 9   828 1   829 1   830 16   831 16   834 16   842 16   844 16   856 2   861 16   863 2   864 1   867 8   881 8   920 16   924 1   927 1   932 8   942 2   945 8   950 4   957 16   
154  861     2 1   3 4   5 1   6 16   10 16   12 8   17 4   25 1   52 1   77 16   86 4   92 4   95 4   97 1   98 16   105 4   124 4   127 1   130 2   131 2   141 2   142 16   145 8   147 1   151 2   154 16   164 1   175 2   177 16   179 1   188 4   192 16   199 24   204 8   219 16   225 8   230 8   234 16   235 2   241 2   242 2   243 8   244 2   247 2   249 20   261 16   271 2   274 1   282 8   292 8   316 8   317 16   323 6   325 6   327 1   328 4   333 1   349 1   351 8   352 1   356 2   360 8   367 16   374 1   375 8   384 16   386 16   400 8   401 4   402 4   425 8   443 8   451 2   453 1   459 10   469 8   478 16   493 4   498 1   505 16   508 2   515 1   524 16   527 2   529 2   530 2   541 4   550 16   554 3   558 4   567 16   577 16   582 1   588 2   596 1   602 8   606 4   607 17   616 4   625 2   627 4   629 4   632 4   634 1   635 2   636 16   645 2   650 8   657 16   660 4   661 1   664 8   665 2   679 16   681 1   685 8   686 4   706 2   711 8   714 1   715 1   717 16   732 16   736 1   737 1   741 1   747 16   757 1   758 12   760 8   763 8   776 18   811 8   814 1   825 28   831 6   834 8   855 4   857 4   861 16   867 8   872 18   878 2   884 8   891 1   892 1   901 16   915 2   917 16   920 16   923 4   925 2   928 16   930 20   
163  913     12 1   15 4   20 8   22 2   24 12   35 8   37 16   46 16   50 16   55 16   59 4   68 16   73 4   74 16   76 4   84 16   91 2   96 2   102 8   109 1   112 8   114 4   115 16   121 9   134 1   140 1   170 16   175 24   182 4   199 6   206 8   209 8   218 12   222 16   229 1   234 4   235 16   239 8   243 16   257 2   259 2   260 8   263 16   264 18   274 4   277 1   296 1   309 16   310 4   314 8   316 4   318 4   328 1   330 1   332 16   342 2   347 4   352 1   358 1   372 1   374 8   393 16   394 8   396 16   397 4   403 2   406 8   417 16   418 4   429 5   433 4   439 1   440 12   448 4   469 8   490 16   498 1   500 16   515 2   516 4   518 5   520 2   522 1   531 2   532 1   536 1   538 1   563 2   564 2   570 2   577 2   581 2   590 2   599 1   608 2   609 16   610 1   633 4   642 1   645 1   647 2   655 8   661 8   667 2   668 1   675 8   679 18   685 4   691 16   694 1   697 1   699 10   705 2   708 16   713 5   719 16   720 16   721 2   726 1   728 1   742 6   750 16   763 4   765 16   766 1   772 2   773 1   782 8   783 2   792 1   799 16   803 2   807 1   809 1   822 2   836 8   846 8   848 16   851 4   857 1   859 1   861 2   862 20   864 2   871 1   873 4   877 4   881 16   883 1   901 4   906 4   907 1   912 8   915 2   918 16   924 5   932 8   938 8   941 2   943 8   952 12   953 16   956 8   
151  906     0 8   7 1   9 8   13 4   16 1   32 16   38 6   42 16   43 8   46 8   47 8   48 4   51 8   54 8   65 2   71 8   82 1   88 4   93 8   95 18   99 2   102 4   105 8   123 16   140 8   145 17   166 1   167 1   169 18   172 1   181 16   188 1   199 6   202 16   215 2   219 1   222 1   225 2   230 1   240 16   261 16   271 3   272 4   282 1   287 8   291 8   296 4   299 16   304 4   305 2   314 1   327 2   335 4   336 4   337 4   344 4   349 2   350 5   355 4   359 4   362 4   377 1   380 1   386 4   391 1   403 1   409 2   412 8   417 2   436 2   442 4   445 16   449 2   451 8   457 16   464 1   470 2   471 6   474 8   477 2   488 8   497 8   506 2   511 4   513 16   525 16   527 16   528 8   533 1   556 16   558 2   559 4   561 8   566 8   568 8   577 8   591 4   596 8   598 2   604 5   608 1   612 2   613 16   614 1   625 2   626 4   660 2   662 16   667 4   670 8   685 4   689 4   699 1   703 4   710 8   718 4   722 2   734 1   737 2   739 1   761 1   765 16   768 16   771 16   775 16   788 18   791 8   802 1   806 4   808 16   815 2   819 5   822 2   830 1   837 16   852 8   857 8   860 16   862 2   875 4   878 3   891 2   892 1   894 2   908 2   913 4   918 4   929 2   947 16   950 8   957 4   
163  882     3 8   6 4   12 1   13 2   25 2   30 1   40 4   41 1   43 8   47 2   54 8   62 1   72 4   80 8   82 1   94 1   100 8   103 4   104 2   111 2   115 2   120 16   127 17   136 16   137 2   148 8   151 8   159 8   165 8   171 4   181 6   195 16   196 8   201 1   216 1   217 16   218 16   228 16   234 4   236 2   240 4   241 2   247 4   254 2   255 3   266 4   273 1   286 4   289 16   290 2   291 16   295 4   304 6   314 4   316 2   317 26   323 1   326 1   332 8   336 16   337 4   342 16   348 2   352 1   363 8   371 16   377 8   379 4   381 16   396 1   398 1   400 17   404 8   405 16   407 3   414 4   429 2   433 4   435 8   436 16   437 4   442 8   447 4   448 1   451 16   453 16   457 8   460 2   475 4   481 16   482 2   493 1   497 4   501 8   509 16   512 1   514 1   519 8   523 1   524 4   559 2   560 1   561 2   587 16   596 1   601 4   602 2   611 2   615 16   618 2   623 1   627 4   630 1   633 2   636 1   646 4   657 2   659 16   667 8   669 1   673 4   696 2   703 2   711 8   713 8   718 20   722 2   727 8   728 4   734 16   738 8   740 4   750 2   761 1   764 24   765 4   775 1   792 3   805 16   808 16   809 2   813 1   817 16   827 4   846 8   849 2   850 4   866 2   867 2   871 2   874 8   877 1   879 2   882 1   885 2   892 16   905 4   908 2   918 4   930 8   935 1   938 16   944 4   
136  874     3 4   8 4   24 1   34 4   43 1   47 8   55 2   58 8   61 4   66 4   70 1   71 8   81 16   82 4   89 8   92 16   106 4   109 2   110 8   111 16   120 8   124 4   126 3   132 4   138 1   148 4   152 1   158 2   159 1   162 2   166 8   179 16   192 8   193 8   197 16   202 2   215 1   232 4   234 4   241 4   250 10   251 2   264 4   283 2   284 8   289 8   294 4   295 8   310 2   313 2   315 2   316 16   324 8   327 2   336 2   344 8   351 4   365 2   371 1   375 1   379 2   393 16   398 16   407 2   408 4   420 8   421 1   423 1   434 8   459 4   460 16   476 20   481 1   483 8   487 16   489 8   500 3   504 4   512 1   514 8   523 2   533 16   535 4   541 2   542 2   555 8   570 8   586 24   588 8   597 1   602 2   616 1   620 4   623 8   632 1   634 12   635 1   639 4   644 8   652 16   669 16   675 1   681 4   691 1   693 2   700 2   702 4   704 2   737 2   740 6   757 1   759 8   761 1   785 8   795 2   801 8   804 8   810 1   812 12   825 8   842 4   844 1   845 8   854 2   863 4   883 16   896 16   907 16   914 1   917 2   933 2   944 2   945 8   957 16   959 16   960 1   
157  892     2 2   21 2   31 2   33 2   34 8   43 4   46 16   48 9   51 1   55 2   59 16   73 4   84 4   86 4   94 8   103 16   110 2   114 8   118 2   119 16   124 8   138 2   141 8   146 16   148 2   153 6   163 16   184 16   186 4   196 16   197 4   205 3   210 16   228 8   229 8   233 2   234 4   235 2   236 16   238 2   244 1   259 3   264 16   268 4   290 16   292 4   314 16   325 4   332 2   337 1   339 8   341 4   347 2   351 4   355 2   356 8   368 1   371 4   373 8   375 8   377 8   379 4   384 1   386 4   390 8   391 8   398 16   407 20   412 16   414 16   416 1   431 16   440 4   450 8   454 4   468 8   469 4   470 16   498 4   499 16   506 1   509 8   517 18   526 4   537 4   538 4   542 4   549 8   551 1   561 4   574 1   580 1   584 2   585 4   586 2   589 1   591 1   602 4   623 1   630 4   631 4   632 16   636 16   639 4   653 8   655 2   658 4   667 4   687 6   691 2   697 5   703 16   712 1   720 2   721 2   724 2   729 16   731 4   741 2   744 24   746 2   766 2   777 2   780 6   787 16   793 16   797 2   800 4   801 8   802 2   812 16   813 4   824 16   829 5   832 1   839 2   843 1   847 16   852 2   853 1   855 24   859 1   860 2   868 2   872 2   882 8   887 16   894 8   898 2   900 8   911 2   925 4   930 8   943 4   950 2   954 8   957 10   
169  901     0 16   19 1   25 4   29 8   34 8   42 4   43 4   47 16   52 18   53 2   54 2   55 1   63 8   64 8   73 16   80 2   81 16   109 8   123 1   127 1   135 4   140 4   141 1   145 8   159 8   171 4   173 8   184 2   187 4   190 16   192 4   194 2   215 8   216 16   231 6   232 2   234 4   240 2   243 24   250 1   253 16   256 1   266 16   268 2   271 16   281 4   284 1   286 8   294 8   297 8   321 4   331 2   332 1   336 2   339 16   343 2   371 4   374 16   375 4   377 16   380 16   381 2   383 2   387 4   389 4   402 4   408 18   418 4   422 10   435 16   458 2   459 16   461 4   467 4   472 16   479 16   480 16   482 1   488 8   492 1   501 8   509 1   516 1   520 16   541 8   546 12   550 8   557 1   560 8   563 16   565 4   570 1   571 4   586 8   597 8   600 1   608 2   609 1   611 1   616 16   620 1   626 8   636 1   637 12   651 8   652 5   653 16   655 12   659 16   662 12   669 4   670 2   671 2   672 16   677 16   680 2   683 2   684 4   687 3   690 1   691 8   696 16   700 1   706 5   716 16   718 1   727 8   736 4   739 1   748 8   752 1   767 4   775 2   781 1   783 4   785 4   792 1   797 2   802 20   814 16   815 2   816 4   819 2   820 16   821 16   836 2   838 10   839 1   859 16   877 16   878 2   885 8   891 16   895 2   898 16   900 6   904 1   908 8   915 4   916 16   924 1   925 4   928 1   931 1   933 16   941 16   942 8   953 16   959 4   
174  887     6 1   10 16   12 1   17 1   22 12   23 17   24 2   37 2   42 4   47 4   59 4   63 2   68 2   77 2   84 2   86 4   93 1   95 1   101 20   112 16   117 8   119 1   129 16   138 8   146 1   149 1   157 16   169 1   170 16   172 8   183 1   185 16   186 8   194 4   207 2   211 16   215 3   219 4   222 4   224 8   232 16   238 8   241 3   244 1   245 1   249 24   255 10   257 16   267 4   272 16   275 4   276 21   277 1   292 16   293 2   295 2   301 16   306 16   311 8   316 4   320 2   322 1   328 8   339 8   346 8   349 16   355 17   356 1   366 16   377 4   380 8   385 16   386 1   388 16   390 8   392 8   394 4   396 16   398 2   400 2   401 4   411 1   414 8   423 8   424 8   438 1   440 2   444 1   448 16   454 16   458 20   469 16   474 4   475 8   497 3   507 2   511 8   512 4   514 8   523 16   524 8   530 4   535 16   539 4   542 8   552 16   554 1   572 10   576 1   577 16   581 2   594 2   598 4   605 16   606 16   608 12   613 8   621 16   624 8   627 4   628 1   634 1   636 1   638 4   641 5   642 16   650 8   671 16   674 2   679 4   683 1   685 2   687 4   691 2   698 16   701 16   725 8   736 16   741 2   745 16   749 8   754 2   756 1   764 1   767 1   768 2   776 1   795 2   802 2   806 8   816 4   829 16   832 16   834 8   840 16   842 4   846 8   854 8   857 2   870 2   871 9   874 8   887 8   888 2   889 8   893 8   901 4   902 8   910 8   924 16   935 8   939 8   943 2   949 8   
155  880     8 1   26 4   35 16   41 8   46 1   49 16   61 1   80 16   86 24   92 10   93 8   109 2   126 1   127 4   130 4   136 2   145 8   153 2   162 8   178 1   179 1   188 8   194 8   197 4   198 2   201 1   204 1   230 16   238 1   249 2   251 2   264 8   266 16   273 4   274 4   275 2   279 16   286 1   287 16   289 1   306 12   310 1   313 8   318 16   319 8   325 10   334 8   336 8   339 16   354 24   356 4   364 1   371 8   374 20   377 8   393 2   397 8   398 4   399 16   400 1   413 1   417 8   419 1   422 1   435 1   436 8   450 6   451 16   452 9   456 8   463 1   465 16   469 16   476 4   481 4   482 8   484 16   487 2   492 8   495 8   497 2   499 8   509 8   510 20   512 6   516 2   524 8   529 1   545 2   547 16   548 2   551 8   561 1   562 16   563 1   564 4   571 4   583 16   607 1   610 8   611 1   612 1   630 6   640 4   645 16   651 4   654 4   656 1   672 4   683 1   697 4   707 4   715 8   717 8   722 2   736 8   742 4   743 2   752 16   759 2   762 1   763 4   769 16   772 4   776 2   781 1   789 16   791 4   797 16   817 1   823 1   825 18   831 4   832 8   845 20   850 24   851 4   852 1   863 16   877 8   886 12   898 8   899 8   902 2   916 4   918 8   919 16   922 16   924 18   928 1   930 1   932 16   945 8   957 2   958 4   
152  883     5 1   9 4   10 8   14 2   16 3   19 16   25 4   26 3   41 10   45 1   58 8   62 2   65 4   75 4   79 1   81 1   93 2   94 16   98 1   102 2   105 8   109 16   110 1   113 16   115 4   117 1   121 16   137 2   138 1   139 16   171 2   174 8   179 4   190 16   191 1   198 2   203 2   204 16   211 16   212 1   216 2   220 16   228 8   229 18   234 10   236 4   238 1   252 4   259 8   263 8   267 2   275 4   276 4   292 16   297 20   299 16   317 1   321 16   324 4   330 4   335 16   336 4   347 16   349 8   353 2   356 8   368 4   373 4   376 8   377 2   382 8   401 16   402 4   404 1   408 16   413 2   415 4   444 8   449 2   450 12   453 2   461 4   464 16   472 4   494 9   509 4   524 1   526 8   528 1   529 17   537 16   539 3   542 2   544 1   545 8   550 8   557 2   568 1   569 16   576 8   594 1   605 8   611 8   616 2   618 18   625 4   634 20   639 4   647 2   652 1   653 8   657 2   661 21   670 16   685 6   719 2   721 4   734 1   754 8   756 8   766 2   768 8   775 2   782 2   786 8   793 4   812 16   814 4   816 1   822 2   827 4   829 8   831 17   833 16   847 16   854 8   857 1   859 8   866 1   867 4   880 4   882 1   886 4   910 16   918 16   920 2   922 8   925 16   928 8   939 2   946 5   959 2   
148  859     4 12   6 10   8 4   16 2   24 5   40 5   41 8   43 16   49 17   53 8   64 8   70 2   77 2   82 1   96 4   121 2   124 11   127 4   143 4   159 4   161 4   170 16   175 8   198 1   208 16   223 1   224 2   226 8   233 1   236 1   252 9   257 16   258 16   264 16   265 8   274 4   291 8   305 2   307 16   320 2   321 2   328 4   331 4   334 1   336 8   337 2   356 16   357 8   362 4   364 8   369 2   377 2   382 24   388 8   390 1   395 1   412 8   420 10   427 8   432 4   438 3   445 4   448 8   457 2   459 16   463 16   480 1   483 2   487 1   490 2   492 2   502 16   505 1   526 4   528 4   532 2   534 4   537 4   542 16   551 8   559 1   561 2   562 20   567 2   575 1   580 8   593 1   605 1   618 1   621 16   635 2   641 2   645 1   648 4   655 4   657 1   661 16   674 16   678 4   679 16   690 8   694 4   698 4   708 16   711 16   719 8   723 1   737 2   740 16   741 1   755 2   760 1   761 4   764 4   769 8   770 1   773 20   774 1   775 2   781 16   783 16   785 16   788 1   798 1   820 8   821 6   823 2   856 8   858 2   859 8   864 8   872 4   875 16   884 16   886 1   888 4   895 1   896 2   897 3   903 16   912 16   914 1   917 2   934 16   938 4   942 8   944 1   950 1   
145  903     2 8   3 8   6 1   15 16   18 16   20 16   26 1   31 2   48 4   52 16   63 2   65 4   66 4   77 8   90 8   92 8   95 24   106 8   137 8   145 1   147 8   150 4   152 16   176 2   178 16   191 1   193 1   215 8   218 8   219 16   234 8   239 16   246 8   258 1   269 8   271 4   283 16   289 4   328 4   332 1   338 1   339 1   350 2   352 1   354 4   355 4   363 8   366 2   368 8   371 2   376 4   381 1   384 2   385 8   386 8   390 8   398 4   403 4   407 8   411 1   423 16   426 2   431 2   436 1   439 1   448 4   463 4   467 2   470 4   482 4   489 8   490 18   503 18   516 3   523 24   524 4   532 4   533 4   541 8   542 4   544 1   545 8   546 2   547 4   548 16   551 1   556 5   565 4   574 4   579 1   580 1   592 16   619 6   620 16   630 16   644 2   651 2   655 1   659 2   660 1   679 8   686 8   693 8   699 4   712 4   717 4   721 2   722 4   727 2   735 16   739 8   750 2   754 1   755 2   760 16   763 8   773 1   777 8   780 16   786 1   792 2   804 16   811 1   814 8   815 2   822 8   823 16   824 1   831 8   839 1   862 2   864 8   880 1   883 1   887 4   888 8   900 16   901 2   904 16   917 2   927 8   943 1   947 1   949 2   951 1   
133  888     2 4   8 1   9 4   14 24   16 16   19 5   21 1   26 16   32 6   39 1   51 1   53 1   55 8   70 2   74 1   77 2   79 1   85 8   89 16   102 2   103 2   122 10   124 4   132 2   139 8   141 1   144 1   146 4   153 4   154 4   162 16   164 16   170 8   174 4   183 2   215 16   232 1   233 8   234 1   241 17   277 4   281 2   284 1   294 2   297 4   305 8   306 1   318 16   330 1   335 1   337 1   353 2   356 2   366 17   389 1   414 1   418 16   421 4   423 1   429 4   435 16   437 16   439 16   451 8   458 1   465 4   484 2   492 4   497 4   501 2   525 4   541 1   546 1   552 2   557 8   560 4   561 8   570 8   575 4   576 8   579 16   588 4   589 2   596 16   617 8   619 2   634 16   660 8   671 1   684 16   688 2   698 16   702 2   704 1   705 2   710 4   713 2   718 2   734 4   735 9   744 3   750 16   751 1   759 8   762 16   776 2   789 2   805 2   810 8   811 2   812 2   817 8   824 1   835 2   838 16   847 12   853 16   867 4   884 8   898 16   902 1   909 16   917 10   922 1   923 1   933 8   936 2   938 4   941 16   953 4   955 5   957 8   960 1   
161  914     0 16   7 8   31 1   34 8   36 16   37 8   38 1   42 4   43 1   52 9   76 8   80 1   88 16   96 4   97 16   103 8   104 16   108 16   109 16   111 4   122 1   127 17   132 12   144 4   147 1   164 2   175 2   180 1   192 4   193 4   199 16   208 1   210 4   216 1   219 20   222 16   226 4   233 16   234 1   240 8   244 8   246 1   248 6   249 4   257 2   258 8   261 16   278 1   279 4   283 8   287 3   288 2   312 2   314 8   316 2   317 8   327 1   331 4   344 1   353 4   360 16   362 16   366 1   370 16   371 18   373 2   376 1   379 9   396 1   397 16   400 8   401 2   403 2   405 16   407 16   418 16   422 2   436 4   454 8   457 1   483 16   486 2   495 16   499 4   501 4   508 16   509 17   511 8   514 8   525 8   527 1   531 8   541 16   546 20   552 8   553 1   554 1   563 8   565 4   573 1   579 1   581 2   598 8   599 1   614 5   620 2   630 6   631 4   640 5   642 1   643 2   652 2   659 4   664 2   665 4   666 1   679 8   690 2   695 8   697 8   698 1   699 2   707 8   713 2   719 2   721 8   734 4   740 4   744 4   755 4   758 16   759 2   772 16   777 16   780 16   784 16   804 4   808 16   811 4   817 2   832 8   836 16   865 20   874 16   877 2   879 1   880 8   881 8   885 1   888 4   889 2   890 8   897 2   902 8   911 8   928 1   932 4   945 8   950 16   957 8   959 8   
168  863     26 8   27 2   35 16   36 1   38 16   39 4   49 1   53 4   54 4   57 8   62 8   65 4   82 8   106 2   111 16   114 1   127 1   130 18   137 16   148 8   169 8   170 1   184 1   191 4   197 16   215 4   216 1   220 2   221 4   225 4   229 1   234 16   236 8   239 18   240 4   262 8   263 1   277 1   280 8   282 1   283 1   286 2   287 16   297 18   299 1   309 1   310 4   317 16   324 1   326 8   331 9   337 2   340 8   345 8   347 16   348 16   351 4   355 1   369 16   373 16   376 1   386 16   396 4   410 2   427 1   428 2   430 16   438 19   449 1   461 4   463 4   464 4   470 16   474 8   477 2   481 24   486 4   487 1   490 16   508 16   526 16   527 18   537 8   538 9   543 8   548 8   556 16   557 1   568 1   573 2   576 1   578 2   579 8   582 1   586 5   587 2   588 1   592 2   597 16   601 16   603 16   604 2   605 16   608 16   617 4   618 12   621 8   622 4   628 16   631 1   637 4   639 4   651 10   667 16   673 1   675 18   678 4   680 8   689 16   701 16   714 8   719 16   724 8   725 24   729 1   741 8   742 20   749 8   751 24   752 4   761 1   771 16   775 9   777 8   781 2   788 4   789 8   790 1   793 10   801 1   803 8   805 2   812 2   820 2   823 16   825 8   846 4   847 4   864 4   865 1   867 4   885 2   886 3   890 1   896 8   904 4   908 4   910 8   915 1   918 2   931 2   939 4   940 1   943 8   944 2   945 2   957 24   960 16   
162  890     10 1   11 8   19 8   26 2   34 4   38 2   46 2   48 16   54 8   57 1   61 8   62 16   67 16   80 8   102 8   110 1   120 16   125 1   128 4   139 8   149 2   151 2   162 2   166 16   167 1   170 4   175 4   181 8   182 8   189 9   190 16   196 16   207 2   212 1   222 2   228 4   230 4   234 4   236 1   243 2   249 12   255 2   259 4   261 16   263 16   264 16   269 2   270 12   272 1   274 4   276 2   282 24   291 8   293 2   309 16   316 2   321 4   323 10   324 1   339 1   343 1   345 16   351 4   355 8   356 2   366 4   369 1   375 2   395 3   402 2   417 4   427 24   428 8   429 1   430 2   442 8   452 2   454 1   457 2   458 16   466 2   469 8   471 10   487 24   491 11   505 16   506 16   511 1   520 16   522 1   523 4   533 4   542 16   553 4   562 8   563 8   564 16   565 2   568 4   579 1   580 1   586 16   589 1   590 4   596 1   600 1   601 17   607 8   621 2   651 4   657 8   658 4   662 8   668 1   676 2   678 4   680 1   685 8   689 4   690 16   702 1   706 2   710 1   712 2   727 16   729 8   734 2   741 4   749 4   751 2   755 8   763 1   775 1   783 8   785 4   816 8   824 1   838 16   840 8   843 1   844 1   846 1   852 16   853 2   861 16   869 4   877 4   880 1   881 1   889 1   892 16   899 16   902 8   904 1   907 1   912 4   925 8   926 1   933 1   935 16   951 4   957 1   
136  882     4 1   8 1   10 1   11 4   29 1   35 8   44 4   53 4   57 16   69 24   77 2   83 8   85 1   90 16   95 8   112 6   124 16   128 1   142 8   146 1   151 2   165 8   183 8   204 8   213 8   221 8   225 1   229 8   240 8   242 2   243 8   249 2   258 2   259 1   260 8   262 4   271 16   275 4   278 4   283 1   288 16   300 16   316 2   344 1   350 4   355 8   370 1   372 16   376 16   381 16   382 1   392 4   394 12   395 6   408 6   409 8   419 4   422 1   424 4   436 8   440 16   450 17   451 4   468 1   470 2   472 1   475 16   509 2   510 16   523 8   525 8   542 1   555 2   561 16   571 8   578 2   580 6   584 4   591 6   594 1   596 8   625 8   627 8   631 10   641 2   643 16   650 1   652 4   660 16   664 1   671 4   681 5   690 8   696 1   697 8   702 4   712 4   716 2   718 4   720 16   724 2   725 4   727 8   730 18   733 1   734 8   735 16   743 1   764 16   766 4   767 3   779 16   784 16   803 4   807 2   812 18   817 8   829 8   836 4   843 16   868 1   870 20   872 16   887 1   889 8   900 4   903 2   909 10   919 4   921 4   927 4   937 1   939 2   946 4   951 24   955 16   
177  893     1 16   5 1   10 4   11 4   15 4   19 16   20 4   22 8   40 2   52 2   56 20   62 2   73 8   75 1   76 8   79 16   81 4   86 1   94 18   96 16   100 2   109 16   112 2   120 4   123 16   125 1   126 4   130 2   131 4   133 2   138 2   144 24   145 4   161 1   165 20   169 4   184 5   187 2   194 1   196 4   199 4   202 2   215 2   217 16   221 4   224 16   226 2   228 1   234 1   237 8   238 1   251 2   256 8   259 8   262 16   264 16   265 2   269 10   274 5   276 16   296 8   298 16   307 8   312 8   321 16   322 16   329 8   339 2   344 1   351 16   370 8   378 8   383 4   386 1   392 2   393 2   394 1   405 3   414 16   419 8   423 12   430 16   464 16   479 4   480 10   486 8   489 4   491 16   492 16   496 1   498 2   499 16   507 24   508 2   510 2   517 1   520 1   532 8   552 8   556 16   559 4   562 4   574 4   577 1   588 11   590 2   593 8   602 8   603 8   605 4   611 1   620 4   627 2   630 8   631 2   637 16   638 16   647 2   648 8   651 8   653 8   654 1   665 8   669 1   673 2   675 1   679 8   682 4   695 8   702 12   705 4   711 8   714 16   717 4   728 8   741 2   742 8   753 8   757 17   759 1   760 5   761 2   765 3   773 1   782 1   783 16   789 4   794 16   808 8   810 16   812 3   816 4   825 4   831 2   838 8   857 1   863 16   865 1   879 16   882 2   883 2   889 1   892 16   895 8   909 16   919 8   920 5   923 8   929 2   933 22   941 2   942 1   943 1   945 4   948 4   950 16   959 4   
149  890     11 16   19 8   29 8   41 8   43 1   47 2   54 2   58 16   65 4   66 2   70 2   71 4   78 1   87 5   97 2   101 1   108 1   116 1   118 10   120 18   122 16   123 4   126 1   141 8   147 8   162 8   164 8   165 2   175 1   191 2   200 12   202 2   206 2   223 4   233 16   234 8   236 1   248 12   252 2   256 16   260 4   261 2   293 1   295 4   300 1   317 16   322 4   325 5   328 2   343 2   346 1   347 2   354 16   355 8   383 4   386 4   389 8   398 1   414 2   438 8   451 8   455 8   456 2   461 2   468 4   472 5   480 16   483 4   496 2   507 16   518 8   528 1   529 8   540 1   543 16   552 2   555 2   558 4   564 2   566 4   573 16   583 1   593 4   599 6   606 2   617 1   624 1   625 1   633 16   634 4   641 8   646 4   647 8   648 4   654 16   656 4   671 1   674 16   675 1   683 1   684 8   686 1   690 8   692 1   694 16   695 8   701 16   703 8   722 2   723 1   731 8   733 1   734 4   745 2   747 8   750 2   754 8   761 8   769 8   783 8   806 8   817 20   825 2   827 1   834 1   846 1   847 16   856 8   862 16   865 4   866 4   870 8   872 1   873 4   877 2   880 1   884 17   893 2   899 1   901 1   911 16   915 4   917 2   920 2   931 8   934 2   940 4   954 2   957 4   
131  897     1 1   11 2   14 2   19 1   21 1   29 4   30 8   37 4   54 9   60 4   68 2   69 28   73 8   76 16   78 16   107 8   118 4   122 1   128 4   134 16   136 2   137 12   142 16   154 16   168 8   177 8   191 8   201 16   204 16   207 8   215 8   230 4   239 16   254 16   257 1   265 2   269 4   272 1   275 20   280 1   302 2   314 1   320 4   321 9   327 1   340 8   343 1   346 2   347 16   354 16   361 1   371 4   374 8   377 8   381 16   389 1   391 12   392 1   397 2   407 2   420 16   423 4   430 1   431 1   439 4   451 8   454 8   458 18   459 16   471 8   479 8   484 16   487 16   490 8   502 4   504 1   505 3   506 2   511 1   523 2   526 8   557 4   571 5   580 8   585 2   588 28   597 1   607 1   612 1   614 12   630 16   632 16   659 8   676 4   678 20   680 2   681 16   684 18   695 16   699 1   703 8   714 4   717 1   723 1   725 1   728 8   752 4   760 4   763 2   770 4   773 4   776 1   787 16   790 8   805 8   816 4   830 16   834 2   848 16   852 1   853 8   854 8   862 1   877 16   887 2   918 2   925 4   932 2   941 2   948 1   949 16   
159  902     0 1   9 2   13 8   14 2   15 16   20 8   24 2   25 1   30 4   39 1   46 2   49 16   55 4   60 12   61 16   62 2   73 4   76 4   80 2   81 2   90 2   96 8   101 8   119 1   121 4   123 16   126 16   129 1   133 2   134 8   142 17   144 4   145 9   152 2   169 4   174 4   183 1   186 2   190 16   194 4   196 6   197 2   199 1   204 16   208 4   210 4   211 2   216 1   222 8   241 1   245 1   248 16   251 16   252 4   258 24   260 2   278 1   280 16   288 8   291 4   297 4   302 2   315 8   318 4   322 2   323 8   327 17   328 2   331 1   337 1   341 1   343 4   351 8   354 2   378 8   385 1   387 16   395 4   397 8   403 4   410 2   411 8   413 8   418 8   431 1   433 16   438 5   446 2   447 2   449 17   455 2   457 2   461 2   473 1   475 16   487 16   492 2   498 4   499 8   502 5   513 1   516 16   521 10   535 8   549 2   562 4   563 2   572 12   581 16   583 16   592 1   593 2   600 2   611 2   624 2   626 8   635 2   645 2   657 18   665 16   668 16   673 2   676 18   680 9   692 4   711 4   718 16   733 4   738 4   745 8   750 2   752 2   757 4   764 6   771 1   772 4   775 2   783 16   797 2   801 8   826 16   830 6   836 1   838 2   840 4   859 16   873 3   877 8   878 1   882 2   888 8   898 4   909 2   913 16   920 8   935 16   938 1   946 12   957 18   
149  882     12 1   13 2   14 4   15 16   16 16   23 2   32 4   34 1   43 8   51 10   60 8   77 6   82 5   84 4   86 16   116 4   121 16   133 2   137 8   138 4   156 8   163 2   164 8   171 1   175 8   176 16   182 2   194 8   198 8   210 16   215 2   223 24   227 16   241 16   248 4   254 1   256 1   267 4   274 2   275 16   279 4   289 1   290 1   293 2   302 1   314 2   325 16   338 16   354 16   356 2   383 16   384 1   392 16   394 17   400 6   405 1   408 16   436 2   454 1   458 2   466 4   468 8   479 16   480 8   502 2   511 1   513 1   525 4   527 1   533 4   536 2   542 8   547 2   556 4   561 16   564 8   568 4   573 16   581 4   590 8   595 8   600 1   612 8   618 4   620 1   625 2   627 1   631 8   634 4   635 8   637 16   638 4   639 2   642 8   645 5   649 2   651 4   655 16   667 1   677 2   682 2   686 1   687 2   690 1   696 16   708 2   713 8   717 1   719 10   725 16   728 24   736 9   740 10   741 4   742 4   743 16   746 2   762 1   767 16   769 5   771 16   789 16   794 4   797 4   798 4   808 4   810 1   811 16   813 1   818 16   819 16   843 2   849 2   866 8   872 4   880 8   881 16   884 8   895 2   897 1   900 1   913 8   918 1   940 8   941 4   942 4   952 1   955 16   960 8   
132  882     10 16   16 4   25 4   27 8   34 1   40 16   50 1   67 4   83 4   91 4   96 2   111 4   113 4   114 1   117 4   120 16   135 16   146 2   155 2   161 1   163 2   170 2   222 16   225 4   227 2   253 8   260 4   271 2   276 4   277 4   285 2   293 20   296 16   308 2   319 16   321 2   338 3   340 4   341 25   343 18   347 8   350 4   351 16   364 2   366 16   379 16   386 16   415 4   420 4   421 4   425 8   428 8   430 1   432 6   435 1   441 4   447 1   450 16   454 2   455 24   469 8   485 21   495 4   497 8   516 4   518 16   539 4   573 10   581 16   595 16   596 8   598 2   609 16   611 8   614 16   623 1   624 2   631 4   642 8   652 2   655 12   663 16   674 10   678 4   680 8   685 1   694 8   700 16   708 4   719 1   721 2   728 2   731 5   734 2   742 16   750 8   753 2   754 16   755 16   770 8   783 24   788 16   792 8   799 1   806 8   810 8   817 2   824 16   841 16   843 2   851 1   854 16   859 8   866 16   873 16   875 16   881 8   887 1   899 1   903 1   917 4   923 1   927 8   934 8   938 4   939 1   942 8   943 4   947 4   950 8   951 8   957 1   
144  912     14 8   28 8   30 4   31 16   39 16   45 4   51 4   53 1   58 8   73 16   93 8   94 3   100 8   102 8   104 2   110 8   113 4   119 4   121 4   122 2   129 4   131 17   140 4   151 4   155 1   166 8   180 2   188 4   197 8   199 16   209 4   215 8   223 2   233 2   263 8   269 16   272 2   285 4   291 2   293 16   296 2   313 8   322 8   332 8   337 4   338 8   356 2   361 2   365 2   367 1   368 8   370 1   388 16   392 16   394 8   396 1   397 20   400 8   416 1   424 1   425 1   426 4   441 16   443 2   444 2   446 1   448 16   449 4   450 16   451 1   453 1   455 16   460 4   468 8   469 8   480 4   487 16   490 1   494 1   504 16   521 1   526 4   529 8   534 16   537 1   541 3   563 28   565 2   568 2   571 16   574 2   579 8   590 16   592 2   593 8   597 8   608 1   611 18   612 4   619 16   627 1   628 4   630 4   631 2   632 16   683 3   691 1   702 16   708 16   719 4   722 16   730 1   735 4   736 4   756 2   784 2   788 4   796 8   799 1   804 8   806 16   811 16   834 16   835 4   837 16   840 4   841 4   844 4   846 8   849 2   850 1   862 16   868 16   869 2   872 2   876 16   889 4   898 8   901 1   907 16   911 4   925 4   937 2   959 4   
149  883     0 4   3 8   15 8   38 16   42 12   45 8   51 4   60 8   67 2   74 2   79 4   81 2   106 16   119 16   122 1   130 1   135 8   138 1   145 16   152 16   156 18   173 18   175 10   176 8   186 1   191 9   198 1   204 1   206 1   207 10   213 16   224 1   229 1   236 1   242 1   243 17   254 8   262 4   283 4   296 4   304 4   310 8   313 2   315 8   327 8   335 1   336 8   343 16   354 4   364 16   377 4   381 16   385 4   396 8   397 8   400 4   410 8   414 1   432 8   441 16   455 3   456 4   460 1   464 1   466 1   472 16   480 3   496 1   497 8   499 8   503 1   505 4   509 1   514 1   524 2   530 8   533 8   537 20   538 2   540 1   579 2   584 16   586 2   587 1   594 2   601 4   603 24   606 18   609 6   616 4   617 4   618 4   623 1   626 2   628 2   631 2   647 2   659 1   661 1   664 4   667 1   668 2   684 1   688 1   690 4   691 1   693 1   697 8   709 1   725 16   740 2   753 5   767 2   768 16   770 2   775 2   803 2   820 24   823 8   824 2   825 10   830 10   831 3   833 4   834 1   837 3   839 2   847 8   854 8   856 1   858 2   860 1   863 1   865 16   869 1   871 8   872 16   888 16   891 1   903 1   914 16   918 5   919 1   921 3   925 4   940 4   945 8   946 1   951 4   
159  931     2 2   3 2   7 1   16 8   25 4   29 2   50 16   54 4   55 2   73 4   74 8   79 8   83 16   85 8   86 2   87 2   101 1   110 4   117 1   118 16   129 8   132 2   136 2   151 8   158 1   163 1   167 16   178 8   183 2   189 8   192 4   201 1   209 16   210 1   211 3   215 1   220 8   237 8   239 1   252 4   258 8   260 8   263 2   267 16   268 4   269 4   287 5   296 2   304 4   305 4   320 1   326 8   329 4   331 8   343 8   344 4   349 4   371 2   378 12   395 1   396 1   398 2   399 4   406 1   415 8   430 16   434 8   444 2   448 2   460 1   461 4   466 8   467 4   474 17   480 4   483 16   487 4   489 4   515 4   518 16   521 4   525 4   526 1   532 16   543 8   546 3   554 2   555 1   559 2   564 4   566 8   567 16   570 16   580 3   589 8   590 2   593 8   595 4   611 16   615 2   622 8   637 1   641 16   642 16   651 16   653 17   654 16   658 16   662 4   664 1   665 4   666 4   668 16   669 16   678 4   685 2   693 2   694 1   701 8   707 4   708 16   709 16   719 16   722 1   730 1   739 4   773 8   776 17   778 4   793 24   799 16   803 1   807 9   837 2   839 4   844 2   850 1   853 4   854 2   855 16   859 12   863 4   865 4   866 1   868 2   879 8   883 2   885 16   886 16   887 1   890 1   891 8   914 2   915 8   926 1   927 20   948 1   949 8   955 3   
171  880     7 2   9 10   10 8   18 4   21 5   22 4   29 4   30 1   34 1   39 2   44 18   46 2   47 16   59 1   75 8   92 4   94 2   106 16   107 3   129 4   133 1   138 2   150 1   152 8   170 2   173 1   175 2   176 2   177 1   182 2   185 16   195 1   201 8   203 2   204 4   210 1   215 1   217 2   224 4   225 2   227 1   241 4   252 4   254 16   261 20   264 1   279 4   283 2   287 4   291 16   294 17   296 17   299 4   302 16   306 8   308 1   310 16   315 1   317 2   322 1   327 1   331 16   336 8   338 1   340 16   341 8   343 8   357 4   359 16   362 16   367 8   368 16   370 4   371 16   385 9   387 8   388 2   392 1   394 16   395 8   399 16   409 16   416 8   422 2   429 2   434 1   438 8   449 2   453 8   454 4   461 2   462 8   467 16   486 1   502 1   505 2   512 3   524 8   526 4   528 1   530 1   532 4   537 1   541 8   544 2   548 8   553 8   554 2   561 2   566 1   575 16   579 16   583 12   584 16   585 8   587 2   592 16   596 8   605 17   610 4   623 1   628 16   630 12   636 4   637 4   640 1   651 8   659 1   661 8   662 4   665 1   677 4   691 2   700 16   706 1   715 16   716 2   718 2   720 1   724 8   735 16   744 16   755 8   761 1   762 1   771 1   772 16   794 8   800 4   804 8   818 2   820 1   821 2   831 16   846 1   854 4   855 16   857 10   859 8   870 16   902 1   903 8   906 1   910 16   921 8   922 3   933 1   938 2   946 2   953 2   959 4   
155  908     4 16   8 16   11 4   16 1   25 4   27 4   28 8   78 4   80 16   99 4   104 2   115 8   123 8   127 2   134 16   136 2   138 8   141 2   145 1   146 4   155 16   160 1   175 2   177 4   178 4   179 16   187 4   191 4   202 10   203 2   204 4   211 16   226 1   230 1   232 8   236 16   237 2   246 8   253 1   254 5   255 1   266 2   272 2   274 8   282 16   284 2   285 16   291 2   303 16   309 2   319 2   326 4   352 1   359 1   361 8   363 16   366 8   368 4   370 2   372 16   377 8   378 2   379 2   383 16   389 2   391 16   392 4   407 2   413 16   414 2   421 4   423 8   438 8   444 8   448 16   455 4   466 16   467 16   479 16   481 4   500 4   502 1   513 2   515 12   523 4   529 1   535 16   537 8   538 2   554 1   563 1   564 1   569 12   570 8   575 8   576 24   582 2   596 1   603 1   624 1   640 1   648 1   652 8   653 2   661 2   667 4   668 1   675 2   691 1   698 8   712 16   715 1   724 2   747 1   751 16   754 16   764 8   773 5   777 2   798 16   806 8   817 4   818 2   824 8   825 16   845 1   851 1   854 2   856 8   858 4   864 4   867 1   868 16   869 17   878 6   882 4   884 8   887 4   895 4   904 2   906 16   908 4   909 8   919 8   921 16   929 1   937 2   940 4   944 1   949 1   952 1   953 5   954 4   957 1   958 16   
149  895     6 1   8 1   11 1   12 1   28 8   33 1   34 16   35 16   40 8   44 1   57 10   59 2   62 10   68 4   73 8   96 2   101 4   109 4   114 16   117 16   121 8   134 2   140 4   144 4   150 4   157 2   167 4   178 16   187 4   196 1   205 16   206 4   211 1   214 8   217 8   224 8   229 16   230 1   238 4   240 8   246 1   251 2   253 16   278 5   287 2   294 8   304 4   319 16   323 16   329 2   332 8   347 8   358 1   359 25   372 1   380 4   381 4   384 4   395 2   397 4   401 8   402 8   404 2   407 2   415 1   416 16   442 6   447 8   466 16   469 1   475 1   477 16   494 2   502 10   509 18   517 16   518 8   525 4   526 1   533 8   540 5   546 2   547 16   555 2   561 8   566 16   567 1   568 2   572 8   586 1   588 8   590 2   609 2   613 16   615 4   621 2   642 16   646 16   650 1   658 8   672 4   674 1   675 16   676 1   677 2   678 1   687 9   692 2   699 10   701 16   707 8   718 4   720 4   725 4   727 10   739 8   742 16   750 16   760 8   776 8   779 16   796 4   798 1   800 8   803 1   805 8   810 16   813 8   818 16   826 8   834 2   846 1   848 12   851 8   865 1   872 16   873 2   875 16   880 1   882 16   883 1   898 2   905 8   917 8   919 4   929 2   933 8   936 2   957 1   
140  879     0 8   16 2   50 16   51 2   66 4   67 4   74 4   77 1   86 16   87 8   97 1   100 4   108 8   112 8   115 1   120 16   124 16   125 8   129 10   138 4   139 4   147 16   153 8   160 8   161 8   165 2   168 16   169 16   172 2   179 1   180 4   185 8   188 1   189 2   190 16   191 10   203 8   204 8   219 4   225 2   227 4   237 16   249 1   250 8   254 2   259 1   271 2   275 4   286 8   288 2   301 2   325 8   327 16   329 2   335 18   340 1   343 8   346 2   356 16   368 1   388 1   391 16   401 2   402 9   406 1   407 16   409 4   412 8   424 1   430 24   431 1   435 1   454 2   456 8   460 16   463 16   464 16   467 12   483 4   510 8   518 2   519 1   520 4   550 16   552 1   553 8   559 16   566 16   568 16   572 1   589 16   601 2   623 8   625 1   628 4   630 1   640 2   651 4   658 2   659 16   660 2   661 8   666 2   671 1   687 8   689 16   691 16   694 6   700 16   703 1   709 2   711 4   712 4   714 16   752 16   759 6   761 16   765 4   768 2   769 1   779 16   785 1   791 4   794 16   806 16   831 16   839 2   844 8   848 16   849 2   860 4   892 16   910 16   912 16   919 8   921 2   925 16   930 2   932 1   937 1   
158  862     16 24   17 2   18 2   28 2   33 1   34 1   37 4   41 8   56 6   59 1   61 2   68 1   72 8   80 1   81 4   97 8   116 17   128 16   136 1   138 1   142 1   146 4   147 16   153 2   159 1   160 2   163 16   173 2   179 1   185 2   201 8   202 4   211 2   215 16   224 2   225 4   233 8   234 4   243 1   244 4   247 4   251 8   252 17   253 1   262 4   264 16   265 2   271 2   277 16   278 16   279 4   288 16   297 16   298 1   299 2   317 1   318 16   321 8   334 8   345 4   350 16   352 1   367 4   376 8   382 4   384 16   385 4   392 10   394 2   397 4   398 1   402 18   410 2   412 1   414 4   416 1   417 16   424 4   428 8   441 8   445 24   455 8   457 16   459 20   469 4   482 4   484 16   489 1   495 4   508 8   510 4   526 26   528 2   536 16   539 2   540 8   542 8   546 1   551 12   557 1   570 1   572 2   573 8   575 8   576 16   577 16   597 8   604 16   605 4   606 1   619 16   620 1   624 9   630 8   644 9   661 2   662 1   663 8   664 1   670 1   679 8   692 4   695 1   720 2   721 1   725 4   726 4   736 8   780 9   788 2   790 6   792 1   793 16   803 8   820 1   822 1   827 24   836 8   850 4   862 4   866 2   868 1   870 2   878 8   879 1   882 1   888 2   894 16   895 1   907 2   917 2   920 2   921 4   925 1   935 16   942 1   944 4   950 4   
156  886     7 20   15 6   16 16   34 4   35 8   36 16   39 2   43 2   46 1   52 24   54 8   58 1   65 4   67 4   71 16   75 2   76 8   90 2   104 1   105 4   107 16   109 2   116 2   117 2   124 4   135 10   137 2   143 8   152 8   164 10   168 8   174 4   180 4   183 1   187 1   193 4   194 1   195 1   206 2   207 4   212 18   228 1   230 2   233 3   236 2   239 2   254 8   264 1   270 1   311 4   313 1   314 1   332 1   333 16   337 3   340 8   348 4   350 2   353 16   368 4   373 4   376 8   377 16   383 16   387 8   388 4   390 2   392 8   393 1   401 8   402 2   404 8   405 2   411 4   412 2   419 2   421 4   423 2   427 2   438 8   439 18   445 2   448 5   453 2   459 2   466 2   472 16   477 2   478 18   486 8   493 4   495 4   502 24   506 8   515 4   522 1   527 1   539 1   540 8   543 1   545 2   561 1   562 4   571 8   581 20   595 1   623 1   625 8   626 28   629 16   631 4   638 1   646 1   651 2   659 1   666 4   676 16   679 4   689 1   709 4   714 16   716 1   723 9   734 1   744 2   746 16   748 16   751 4   760 16   762 8   763 4   764 1   775 8   793 8   801 2   811 2   812 16   814 4   822 4   832 8   846 16   883 2   884 16   889 2   903 2   904 2   908 1   910 1   911 4   916 18   926 2   942 8   944 16   946 1   948 2   949 2   
137  883     1 1   12 4   16 8   25 4   28 4   31 16   33 4   40 4   43 2   53 16   55 16   56 2   64 2   65 16   72 2   73 1   74 16   90 1   94 2   112 8   113 8   127 1   129 2   132 8   133 1   134 6   135 24   151 8   157 4   173 1   191 2   195 8   199 1   202 1   206 4   230 4   239 2   243 16   246 1   249 2   263 18   285 6   293 1   298 1   299 2   303 1   309 8   317 2   318 2   322 2   331 16   340 4   343 10   346 16   351 10   354 4   368 8   381 8   382 16   385 4   393 8   399 1   416 4   424 16   430 8   437 4   447 1   457 8   474 8   487 4   488 1   489 4   531 16   545 1   561 4   566 4   580 16   586 16   620 17   625 1   636 16   644 16   655 8   660 10   670 4   677 16   679 16   680 12   685 2   689 16   693 4   704 1   709 2   717 2   718 4   719 1   730 8   739 2   743 4   750 2   756 16   757 1   760 16   764 8   767 1   770 16   774 18   777 2   785 8   786 24   794 1   795 20   796 16   804 1   805 16   817 16   820 2   830 2   842 16   845 16   850 8   857 8   866 4   867 16   872 2   886 2   889 16   892 4   896 4   900 16   904 20   908 16   911 2   922 16   925 4   926 2   958 1   
145  889     13 8   20 16   22 2   24 8   29 16   32 16   42 8   43 8   49 1   56 1   59 8   62 4   66 16   67 4   78 2   93 4   96 6   118 8   126 16   134 16   137 8   141 8   173 3   174 4   181 8   184 4   187 4   203 1   218 16   226 24   242 1   252 4   254 1   257 2   267 4   270 8   273 4   274 16   276 2   288 16   295 8   307 1   309 2   310 4   317 1   326 16   359 16   367 4   371 16   374 2   390 16   392 2   393 1   397 2   410 1   421 16   422 26   424 2   425 8   439 2   443 16   457 4   459 2   467 2   472 16   479 8   481 16   486 4   489 1   493 4   505 1   509 8   512 1   517 16   527 16   545 8   548 6   552 28   556 16   557 4   566 2   567 1   575 16   576 8   577 16   586 16   592 1   601 4   602 2   607 2   609 2   613 1   615 4   629 8   640 2   664 4   673 2   687 2   690 16   691 2   692 2   695 8   702 16   703 1   713 2   722 8   729 16   742 16   745 2   749 8   756 2   760 4   784 3   786 10   789 2   797 1   801 8   802 24   803 1   804 18   815 10   828 4   829 2   830 8   838 1   841 1   844 8   859 8   860 16   865 16   876 8   877 16   880 8   885 1   893 4   898 1   904 8   909 8   910 1   918 4   931 2   940 1   942 2   945 4   959 17   
145  893     4 2   6 4   16 2   25 2   30 1   33 4   36 8   44 2   49 8   50 16   53 4   61 16   67 2   77 2   83 2   106 2   110 2   111 16   113 2   123 1   130 8   131 4   134 4   136 12   153 2   171 1   177 1   189 2   202 8   203 1   208 8   211 16   212 1   216 2   221 2   222 2   228 2   231 8   242 1   243 2   255 16   257 16   278 16   279 8   296 1   298 4   299 24   300 8   306 16   325 8   339 4   356 16   357 4   358 2   359 8   375 2   376 16   377 1   378 16   386 2   400 1   406 8   415 4   417 2   423 1   430 8   431 4   433 1   452 2   455 4   458 8   472 8   475 1   477 2   482 2   483 16   485 4   487 1   507 4   508 1   534 16   537 4   540 16   547 2   550 4   557 4   559 4   562 1   564 1   573 8   576 1   577 1   583 4   589 4   591 16   594 1   599 1   602 8   609 16   620 1   623 8   630 16   635 4   640 8   652 2   682 2   683 20   684 1   685 16   700 16   708 24   710 8   716 6   736 16   738 4   740 1   756 16   759 16   767 4   770 2   777 10   786 16   788 8   790 16   792 1   807 6   820 4   821 4   824 2   852 8   871 18   878 8   884 1   891 4   906 1   907 16   908 8   916 8   919 16   920 4   921 4   922 4   931 4   944 4   954 8   
155  898     4 1   7 2   8 1   9 16   17 16   29 1   34 8   36 4   37 4   40 4   43 4   49 1   54 24   58 8   62 4   66 20   67 18   73 16   93 8   126 3   127 16   130 2   133 16   148 2   149 2   152 1   165 2   180 4   181 16   196 16   204 8   206 4   208 4   213 16   217 10   228 8   232 2   234 16   239 20   248 8   254 4   261 5   262 4   279 2   281 6   282 1   293 1   301 8   308 26   316 8   324 8   332 2   333 16   342 4   344 16   345 2   356 8   366 8   375 16   380 4   382 8   384 16   393 2   401 16   407 2   415 2   418 1   419 1   420 16   429 16   439 8   441 4   443 2   451 2   453 1   454 8   456 1   458 4   474 16   476 1   504 2   506 2   510 8   516 2   520 1   522 16   524 1   532 2   540 8   549 2   552 4   554 16   555 4   558 4   566 16   571 16   581 2   587 8   609 1   614 8   631 2   634 2   635 12   643 2   647 1   659 1   660 16   666 11   669 4   670 8   684 1   687 4   692 4   695 16   698 1   707 8   712 16   718 4   724 8   729 2   738 16   742 17   744 2   766 8   773 8   789 16   802 8   810 1   815 1   819 8   824 16   831 18   845 16   850 8   858 8   861 4   862 16   869 10   876 16   899 2   901 8   902 16   903 2   905 1   917 1   922 2   927 2   933 8   942 4   947 24   949 8   951 16   954 8   957 4   958 16   
141  900     0 3   1 3   2 4   5 1   10 4   12 16   14 1   16 2   20 4   27 16   53 8   59 1   62 16   69 2   71 3   73 1   77 4   79 16   89 10   95 2   114 2   119 8   125 16   132 10   146 2   147 4   168 1   169 2   174 4   181 8   185 16   198 16   209 1   212 2   218 2   236 1   239 16   244 16   250 16   264 8   288 1   292 1   320 8   323 1   332 4   340 16   344 1   347 1   354 16   376 2   383 8   384 4   387 16   404 16   415 8   427 8   432 1   434 16   462 4   474 4   481 16   484 1   487 16   491 2   492 8   498 2   503 1   509 20   514 4   520 10   523 8   524 16   526 1   527 8   531 7   532 4   543 4   544 4   546 12   555 2   569 2   571 16   576 9   581 1   586 1   587 8   592 6   601 8   604 1   607 4   611 4   634 1   643 6   651 16   655 1   661 3   664 1   675 4   683 1   684 4   692 20   693 1   700 4   709 16   716 1   719 4   721 4   732 16   743 2   757 4   766 16   767 4   780 8   788 4   791 2   793 8   805 1   818 8   822 8   823 4   826 8   832 2   835 2   843 4   850 16   853 1   866 6   868 6   880 1   886 2   888 8   889 16   891 4   897 8   900 4   906 6   907 16   927 16   933 2   952 1   957 6   
151  888     5 16   8 16   20 16   33 4   41 4   45 8   47 4   54 6   59 8   64 16   66 10   68 1   75 2   76 16   77 1   85 2   86 4   92 2   128 2   150 2   155 8   157 1   161 2   169 4   176 8   181 8   188 8   189 2   192 2   198 5   200 18   206 1   212 1   216 2   221 1   223 1   226 1   230 1   240 2   242 4   250 2   277 4   286 3   293 1   317 12   318 16   323 16   326 19   328 24   361 4   375 1   379 2   380 2   381 4   385 8   386 4   396 16   411 8   423 16   430 1   446 16   450 16   451 8   453 4   459 17   471 16   474 1   476 4   478 17   479 1   485 4   487 2   497 1   510 8   514 16   524 1   545 8   546 1   555 1   574 8   577 20   581 2   585 2   586 2   588 16   595 20   610 8   612 2   618 8   623 4   637 16   638 1   641 1   643 9   646 4   648 16   656 4   663 4   664 16   670 16   676 16   689 1   692 4   697 18   702 1   703 1   707 1   714 1   721 8   722 20   723 16   727 4   734 8   741 16   757 16   760 8   777 16   780 1   781 8   787 1   789 4   793 1   794 1   800 1   812 8   822 4   826 9   828 2   833 16   834 8   835 1   838 8   841 2   844 16   864 1   868 4   871 1   878 16   881 8   892 16   909 8   913 16   916 16   920 4   924 16   933 2   937 1   950 16   951 16   952 17   955 1   
163  870     21 4   25 16   28 1   33 16   34 16   42 8   43 16   46 4   47 2   70 16   79 8   80 1   96 1   104 8   105 4   115 8   120 4   135 2   136 16   139 16   142 8   151 8   157 1   163 16   171 16   172 12   177 8   179 1   181 16   183 2   190 1   192 8   203 16   207 16   208 1   209 2   214 1   220 16   222 16   246 2   252 4   253 1   258 8   259 1   264 8   265 4   301 16   305 2   308 1   310 1   312 1   314 8   318 1   332 1   337 1   346 4   347 8   348 1   349 8   350 2   353 2   354 2   355 8   359 1   361 8   362 16   365 16   371 16   374 1   381 16   383 5   387 16   388 1   397 8   402 8   410 1   411 1   417 16   419 16   424 8   426 8   440 2   448 1   455 2   456 4   459 16   461 1   488 4   492 16   502 1   503 2   528 16   529 8   540 2   549 2   564 8   584 2   586 8   591 1   593 20   594 4   599 2   601 16   609 4   623 4   625 1   633 16   635 4   656 16   660 8   666 4   674 8   680 2   684 8   697 16   703 16   706 16   708 8   718 2   730 4   740 4   746 2   752 2   756 1   758 1   759 16   771 2   772 2   774 1   775 16   778 1   781 6   784 8   793 7   794 16   801 4   830 1   840 1   844 16   845 1   846 20   851 8   853 5   859 2   861 8   863 4   874 16   881 1   889 2   895 16   896 5   909 24   914 4   923 1   934 4   939 1   944 8   949 2   951 2   952 8   956 2   957 2   959 4   
129  895     4 8   10 1   11 4   14 16   16 8   36 9   39 4   40 4   41 8   42 2   48 9   65 1   67 16   75 8   104 16   109 16   115 1   122 8   131 1   140 6   142 8   144 2   145 16   146 1   149 4   161 16   165 1   177 1   190 4   195 4   196 1   217 2   218 4   227 8   230 16   231 1   238 2   246 16   247 5   248 3   249 16   252 16   256 8   259 6   265 16   292 2   298 8   301 1   303 8   304 1   305 2   324 1   328 1   337 1   363 1   365 16   371 2   379 8   393 4   395 1   397 20   417 10   418 1   422 8   425 2   429 2   432 2   434 8   440 16   444 16   462 1   464 1   465 8   468 18   471 2   483 9   488 16   502 1   510 5   513 1   540 16   557 16   571 4   573 4   585 2   589 2   592 8   606 1   627 8   635 16   636 9   641 2   677 4   678 2   687 2   693 8   696 4   698 8   708 16   721 2   722 8   730 1   732 8   734 2   739 16   741 12   742 4   744 2   756 16   777 4   795 18   803 2   816 1   819 2   830 8   834 1   839 1   852 4   855 1   868 2   903 4   913 2   914 5   924 4   934 4   939 2   944 4   946 2   948 8   
163  886     1 1   6 1   12 8   20 1   25 8   27 1   41 16   46 8   56 8   57 8   62 1   67 1   73 2   78 9   82 2   84 4   98 2   114 16   119 17   127 2   144 1   150 4   153 8   157 4   159 1   161 1   189 2   192 2   210 2   212 8   215 8   225 4   226 4   228 2   229 4   235 4   243 8   245 3   248 2   263 16   266 16   269 2   271 8   274 4   278 1   281 1   285 16   286 4   289 4   293 6   299 4   302 8   306 1   327 16   335 1   337 2   338 4   345 3   357 3   377 17   383 16   389 24   397 8   401 16   403 2   406 1   410 8   416 8   421 16   434 16   448 8   449 16   462 20   474 16   491 2   497 16   500 4   502 4   504 2   505 16   513 16   520 2   526 4   527 8   534 20   541 16   545 2   561 2   563 1   566 8   570 2   574 1   578 12   581 6   591 4   592 2   597 1   602 16   603 10   604 2   608 8   616 4   634 4   641 8   645 1   649 1   654 4   657 16   666 8   669 16   693 16   700 8   703 12   706 1   707 8   721 1   722 4   727 4   728 2   732 1   743 8   746 8   766 8   767 8   769 4   771 24   772 2   773 1   776 16   782 2   783 4   803 2   807 8   810 16   816 1   819 8   820 2   828 1   832 4   833 1   834 2   836 1   837 2   845 16   852 2   855 16   861 16   863 8   869 16   876 4   885 1   886 16   910 1   915 8   933 10   935 2   939 4   941 1   942 4   944 18   945 16   947 9   959 9   
139  906     13 2   16 16   22 4   23 1   24 1   26 1   27 2   36 4   42 2   43 8   45 16   54 3   55 16   56 16   57 16   67 4   75 24   81 2   82 2   83 2   87 16   91 4   95 4   99 1   110 4   111 4   117 4   125 2   130 8   136 8   145 16   147 2   148 16   155 4   172 16   174 12   176 4   178 20   180 9   193 4   194 8   197 2   214 16   224 8   229 1   234 8   239 1   250 4   258 16   279 4   284 2   288 8   292 8   296 8   299 2   300 2   325 8   350 8   355 1   358 2   366 8   377 16   383 2   384 8   388 1   392 2   394 4   409 4   427 1   438 3   444 20   461 3   465 2   469 2   481 10   493 16   495 9   499 1   500 2   504 8   526 8   535 2   536 4   538 16   549 16   550 8   554 16   558 2   559 16   561 16   570 4   585 17   586 8   606 1   615 4   620 4   628 16   631 4   645 2   649 3   651 9   654 2   657 2   666 4   670 9   673 2   675 16   687 4   689 1   741 10   751 1   752 2   762 1   772 8   773 4   778 1   781 18   787 4   790 8   795 1   799 8   807 8   843 2   850 8   868 8   878 4   882 8   884 6   890 16   914 4   915 6   916 6   917 4   923 8   936 10   938 2   952 4   956 4   959 1   
136  891     6 8   18 4   21 4   30 2   45 2   46 1   47 4   67 4   69 9   84 4   85 28   95 16   105 4   109 4   110 2   111 4   113 4   119 8   122 8   137 8   140 1   149 24   150 2   153 8   158 2   165 8   172 4   195 1   203 16   217 1   220 8   228 5   231 5   233 24   238 2   241 4   249 16   252 8   256 2   258 4   272 2   290 1   291 2   295 1   303 1   337 2   341 2   348 8   361 4   363 4   368 1   373 8   377 17   384 16   397 4   398 4   399 2   410 4   414 16   415 8   425 4   430 16   433 4   438 16   468 1   484 8   489 1   491 16   495 16   500 4   506 3   507 8   514 8   519 4   527 4   532 4   533 1   550 2   551 16   556 1   559 8   560 9   563 2   565 1   567 18   576 1   577 4   579 1   583 1   589 16   595 8   616 16   622 16   633 4   638 2   642 4   648 2   652 2   656 16   665 16   671 1   676 16   677 16   681 8   707 2   716 4   733 16   736 16   755 2   757 16   762 16   763 16   765 16   772 16   778 1   786 8   789 16   798 2   801 2   806 1   813 2   836 8   840 8   841 16   844 16   846 4   861 8   864 8   887 2   899 2   913 1   920 4   924 2   935 8   953 4   956 4   
128  892     1 1   9 1   15 1   24 8   37 8   52 4   60 8   89 4   93 1   96 8   106 1   122 18   128 8   130 16   137 2   143 16   152 1   155 6   160 2   163 1   166 2   176 2   182 8   192 16   194 5   202 2   203 8   206 1   212 2   213 2   219 16   222 4   223 8   225 1   256 1   257 2   261 8   281 16   286 6   315 1   324 2   330 20   341 16   343 2   359 4   360 1   367 4   369 1   371 16   385 1   386 12   394 8   397 4   409 1   413 3   421 4   423 4   424 8   435 4   436 24   437 9   454 8   459 2   460 4   475 8   478 4   479 4   494 2   514 1   521 1   524 16   544 16   560 1   570 9   571 1   574 8   588 8   589 2   590 8   598 3   602 8   603 16   618 18   622 1   623 1   631 2   633 16   645 1   653 8   655 4   658 4   662 12   683 4   687 10   694 1   698 2   716 8   718 16   724 8   729 2   730 2   742 1   749 8   760 2   812 16   816 8   829 1   839 4   846 1   847 8   854 16   863 20   865 2   866 4   879 2   882 2   886 2   910 2   911 2   915 4   918 16   925 2   934 4   947 16   950 16   951 8   955 8   956 16   
140  884     1 2   22 2   30 2   40 4   49 1   60 16   63 2   79 12   93 2   101 16   105 2   123 8   129 16   140 8   142 16   149 1   150 1   151 1   154 1   158 16   174 17   177 8   178 16   181 9   182 8   189 4   193 16   203 2   221 1   227 2   237 4   242 8   269 16   275 4   284 16   291 8   294 9   296 4   309 1   311 16   316 2   322 2   329 17   332 2   333 1   335 1   338 1   341 16   363 1   365 2   369 4   372 2   381 8   384 10   398 8   401 16   417 2   419 8   422 16   433 1   439 8   440 2   446 2   451 2   459 8   461 8   483 2   494 4   506 1   512 8   536 1   544 16   545 1   546 8   553 8   556 2   564 8   568 16   585 1   596 8   623 1   639 1   643 4   649 5   653 2   662 2   663 1   667 2   670 17   681 16   684 2   686 2   690 1   693 4   698 4   708 2   715 4   724 1   735 9   737 16   751 8   752 8   760 8   763 4   764 16   777 2   789 16   791 8   795 1   799 16   810 16   817 16   833 2   836 16   840 4   846 5   849 4   860 8   863 2   871 2   877 4   878 8   879 9   884 2   889 16   890 5   894 1   896 9   902 5   909 16   910 8   921 4   922 1   923 16   925 16   930 2   936 4   944 16   952 1   954 1   
158  893     0 8   12 16   31 8   37 8   40 4   43 4   49 16   50 8   52 2   55 6   66 16   67 1   77 16   82 16   86 2   93 1   101 2   126 1   132 1   138 4   139 4   148 8   150 3   158 2   159 16   162 4   163 2   166 16   167 16   170 2   177 1   180 16   183 1   189 8   194 2   197 1   206 2   208 16   213 1   230 4   232 4   265 16   266 2   269 16   270 2   273 1   278 20   310 2   313 2   323 1   330 4   332 10   339 2   365 2   376 1   381 4   382 8   387 1   388 1   393 2   403 9   407 2   415 16   419 4   421 2   422 24   436 2   439 16   445 16   452 4   453 16   461 2   462 2   463 1   471 4   474 1   475 2   483 16   493 4   494 16   495 2   496 10   504 2   512 8   519 16   522 2   526 1   530 1   533 2   538 2   539 12   546 8   551 2   553 2   554 6   558 12   569 8   581 1   582 4   584 2   589 1   603 1   611 1   615 2   617 4   630 24   641 4   651 1   674 8   675 1   686 2   693 4   699 2   724 2   725 9   726 1   730 4   739 16   744 1   745 8   748 14   754 16   760 8   768 2   781 4   782 8   788 2   789 12   796 4   801 2   803 1   810 4   815 2   818 4   821 2   826 1   827 16   843 20   856 16   863 10   864 16   876 8   879 1   882 1   884 2   885 4   887 1   891 8   900 24   901 1   904 2   913 16   916 2   918 16   921 1   935 16   950 1   956 5   
140  893     4 8   6 1   16 2   17 16   35 2   45 8   53 4   54 16   56 18   59 2   72 1   75 2   79 8   84 2   86 8   90 16   92 1   95 16   99 20   108 1   123 8   134 4   158 16   163 2   173 4   179 24   182 8   200 16   215 2   222 2   231 8   240 2   241 2   244 2   247 4   253 16   259 8   267 1   273 8   285 2   297 6   301 16   302 8   304 16   319 8   338 3   343 8   346 16   356 1   359 4   369 10   379 8   381 8   382 8   390 1   392 16   394 4   410 4   424 1   432 16   446 4   454 12   465 2   480 16   506 4   508 4   515 4   520 2   525 17   528 4   533 8   539 1   543 2   547 8   548 16   550 8   551 4   556 16   564 6   575 16   578 1   585 8   596 8   602 16   608 1   609 8   612 8   615 16   616 8   638 4   640 2   643 4   644 8   646 4   660 4   668 1   681 16   697 4   702 1   704 16   717 8   723 8   726 8   731 4   735 8   745 1   747 1   780 1   782 4   786 4   789 4   804 12   808 4   813 4   816 4   817 1   822 2   826 2   848 16   851 8   855 1   857 2   858 8   865 1   883 16   892 2   900 4   905 1   906 3   914 1   925 8   926 2   932 1   936 10   945 26   946 3   952 16   954 8   957 1   960 2   
143  871     5 2   13 8   17 16   21 2   23 4   36 4   37 2   53 17   58 2   60 4   67 1   71 1   73 16   78 4   85 2   86 16   88 1   112 16   114 16   130 1   131 8   147 16   150 8   152 4   154 12   167 2   172 2   179 1   183 1   186 4   193 16   217 16   222 1   237 4   238 4   243 8   244 16   256 2   258 4   266 16   283 8   300 8   307 4   309 8   312 2   318 4   325 8   328 4   330 4   334 1   349 2   363 8   369 2   377 10   378 16   379 2   383 1   394 1   403 2   408 8   413 2   422 8   432 2   439 8   441 1   443 20   445 2   448 2   450 2   453 1   457 8   460 4   465 1   469 1   472 1   494 8   497 4   503 1   508 2   513 4   516 8   520 4   525 16   536 16   540 2   542 2   545 16   559 1   563 8   567 16   570 16   585 2   586 1   587 24   592 1   597 8   617 2   628 2   634 1   639 1   645 12   664 2   672 16   684 4   692 8   693 1   713 1   714 16   715 16   722 4   726 4   730 2   733 1   739 10   747 4   753 4   765 16   772 4   778 18   782 8   798 20   808 2   813 8   820 17   822 8   830 16   836 4   838 8   839 4   851 4   871 8   874 4   878 8   886 8   899 8   906 2   914 4   918 16   920 16   931 8   945 16   951 18   957 2   
146  895     1 8   4 8   14 16   27 1   32 8   47 16   53 16   55 16   70 2   93 4   96 16   102 4   111 8   123 1   124 4   140 2   146 4   149 8   150 20   155 16   157 1   182 8   185 1   200 1   207 1   208 16   217 8   228 16   229 1   239 1   240 2   253 4   265 4   266 2   274 4   292 16   293 16   295 4   301 5   309 6   313 6   315 8   316 4   321 16   322 1   324 4   335 8   340 2   351 16   356 21   357 8   358 16   360 2   381 1   389 9   391 1   392 8   400 2   403 1   406 4   412 16   418 2   422 16   430 4   440 4   441 4   449 1   451 1   452 2   458 20   482 1   493 1   497 1   508 4   513 4   514 2   524 16   530 16   534 1   535 4   536 1   539 16   546 8   552 16   556 16   565 16   595 1   603 16   623 4   625 1   627 16   640 16   660 16   666 2   678 2   684 1   693 24   695 8   706 16   712 4   713 16   716 1   719 8   722 2   725 4   738 2   745 16   746 2   751 8   753 16   758 8   765 2   766 1   767 4   782 4   783 2   801 8   806 8   808 4   811 1   819 4   820 16   832 16   836 2   839 2   840 16   846 2   857 8   858 2   864 12   869 4   879 8   882 1   889 8   891 2   896 4   897 4   904 2   911 2   913 1   934 4   941 8   944 1   945 8   947 16   958 16   
150  898     0 4   2 1   6 6   20 1   30 16   37 8   45 16   54 2   61 4   64 1   67 18   73 4   82 16   83 16   86 1   87 2   97 8   121 8   122 1   125 8   126 8   128 2   129 8   132 4   138 1   142 2   150 1   156 16   160 2   187 5   189 16   191 16   193 2   203 8   208 1   209 16   213 1   214 9   216 8   217 16   222 4   225 2   235 2   244 1   247 4   248 8   258 16   269 1   275 12   279 8   282 4   285 17   300 24   301 8   311 16   320 24   322 1   325 4   328 1   330 16   336 2   341 2   353 16   357 1   358 2   361 16   365 2   368 8   369 8   371 1   381 2   382 1   393 2   425 16   446 16   456 2   461 10   468 2   472 9   476 8   479 1   507 4   509 2   510 1   526 9   538 8   542 1   545 16   577 8   580 8   587 2   597 1   599 8   600 1   604 16   612 16   614 2   626 8   629 8   632 8   635 4   644 16   664 4   668 8   680 8   684 8   692 16   699 8   705 4   706 4   709 2   710 16   711 4   714 6   720 2   724 16   729 2   735 10   736 16   742 8   743 1   745 4   748 2   760 1   761 1   766 16   768 1   791 2   798 4   799 16   822 4   830 8   834 4   843 16   851 8   852 4   856 24   861 4   887 1   894 4   899 1   900 8   901 1   911 16   923 2   929 4   933 12   943 4   952 4   956 2   
137  877     6 6   21 2   29 4   41 4   43 1   63 16   64 4   70 4   74 1   77 16   84 1   86 2   94 4   110 8   120 1   131 2   133 8   152 2   157 1   165 1   171 16   176 8   185 8   191 2   193 1   196 2   197 2   203 4   206 2   214 2   216 5   239 6   243 8   248 2   254 4   256 4   261 1   267 16   276 4   281 16   282 1   285 4   289 2   307 1   314 8   336 1   339 1   347 12   349 2   362 16   371 2   373 1   374 8   376 2   383 20   386 16   390 16   404 1   405 16   418 4   429 16   438 1   442 4   444 8   449 1   451 1   452 16   458 4   461 2   467 2   468 8   470 16   477 16   492 16   499 1   517 2   518 8   526 1   546 4   553 4   558 16   561 2   563 8   578 4   579 8   584 16   591 16   596 1   603 16   624 2   626 9   637 1   642 8   651 1   656 1   668 16   676 3   686 12   695 1   698 8   703 4   705 16   708 1   709 16   715 8   723 1   728 16   730 8   749 4   758 16   766 8   767 4   777 2   783 16   796 4   806 4   809 8   813 4   818 1   821 1   826 8   830 4   838 4   844 2   854 16   867 2   876 16   886 20   896 1   903 2   909 8   915 8   921 16   928 16   932 8   935 1   958 1   
163  880     3 8   12 18   17 1   19 1   20 16   22 2   25 4   31 8   37 2   38 10   43 2   56 8   60 1   62 1   70 2   71 8   80 2   90 4   92 16   103 8   106 16   114 4   131 24   153 16   163 4   164 4   166 2   168 16   178 2   181 4   189 18   201 4   205 4   214 4   220 20   223 2   247 8   254 2   285 18   300 4   302 8   305 10   323 18   330 1   337 2   356 2   362 16   365 8   366 24   367 2   371 4   379 17   382 2   401 2   405 1   427 16   430 1   431 16   436 1   438 16   446 1   447 1   454 16   462 8   470 8   471 1   475 1   478 8   479 4   485 1   493 2   497 1   498 5   513 4   518 8   522 8   528 6   534 4   539 1   546 8   549 10   552 8   558 4   564 16   566 2   573 4   575 12   578 4   580 1   585 16   589 8   600 8   605 4   608 2   609 8   613 4   625 16   632 16   633 1   641 1   645 8   648 16   654 8   658 4   660 8   667 8   669 2   670 4   673 4   674 2   675 9   678 2   682 4   693 8   699 8   705 20   711 1   714 8   718 4   725 1   729 16   737 2   740 1   741 4   742 16   743 2   745 4   750 18   755 8   771 2   781 2   805 16   808 2   809 16   811 2   813 1   816 1   825 1   826 8   827 16   833 2   834 4   836 4   838 2   839 16   840 2   851 2   855 2   859 4   865 16   889 16   892 10   897 4   907 8   911 8   918 1   921 16   929 1   933 2   937 4   938 1   942 4   944 4   
184  880     0 4   1 17   3 16   13 16   18 16   21 18   23 1   27 16   28 4   33 24   47 8   62 4   63 1   68 8   75 2   76 1   84 8   85 16   89 2   93 8   98 16   102 4   103 4   106 1   108 1   109 24   110 10   116 4   118 1   126 4   134 4   136 8   150 16   151 16   153 5   160 1   170 1   175 1   177 8   182 2   185 24   204 4   205 4   219 1   222 1   227 16   240 2   244 1   246 4   264 2   265 16   276 16   281 1   289 8   291 1   295 8   310 4   315 8   316 2   320 2   348 2   350 1   356 4   359 2   363 4   367 1   371 2   376 1   384 1   386 4   401 24   421 4   424 16   428 4   430 2   444 1   446 8   450 16   452 16   465 8   466 4   469 2   470 2   478 4   481 2   486 4   489 8   491 4   495 4   496 2   498 2   502 1   505 8   514 16   518 2   520 4   524 8   525 4   526 2   533 8   540 2   543 1   556 2   559 1   561 4   563 16   564 1   569 16   571 4   588 16   591 4   606 2   607 2   612 1   616 2   620 1   625 8   626 2   645 2   647 2   652 8   656 1   668 18   669 4   673 1   678 1   682 5   699 2   707 16   708 8   729 12   730 20   731 16   740 2   742 8   750 1   755 2   758 8   759 1   760 8   762 8   763 24   770 2   772 16   775 1   780 1   790 5   793 2   794 16   800 16   804 2   805 8   808 2   818 2   824 1   828 9   829 1   833 20   842 1   845 16   856 8   866 8   868 8   870 8   875 4   878 5   879 1   882 1   903 1   907 4   912 2   916 4   917 16   919 1   923 16   924 12   925 4   927 5   931 2   933 2   943 16   944 1   953 6   957 16   
153  881     2 1   17 2   21 8   27 17   32 2   46 16   58 1   61 1   65 4   73 4   77 8   90 8   99 16   101 8   109 16   121 2   127 1   136 8   139 1   161 2   174 16   178 16   184 4   190 1   197 4   199 8   200 1   212 4   218 4   221 16   223 4   231 17   237 16   240 16   247 8   259 2   274 4   282 2   287 4   288 1   289 2   290 2   294 1   296 8   298 16   302 8   303 12   307 1   311 4   314 2   319 8   332 1   340 8   342 2   352 16   355 16   370 16   374 4   379 16   383 16   390 8   397 4   401 4   412 2   417 16   422 2   424 8   432 8   450 4   462 4   475 8   477 4   489 1   492 8   495 1   502 1   509 1   513 8   523 2   532 16   535 4   539 2   541 2   550 8   554 16   557 2   563 1   564 20   584 8   586 8   590 8   591 8   593 1   602 9   617 8   640 8   643 1   662 2   666 2   669 4   676 1   695 1   709 8   710 4   716 2   720 4   727 8   738 2   742 1   750 8   752 4   754 1   756 2   759 9   761 16   763 8   764 1   767 1   772 8   773 4   779 2   787 8   792 2   793 8   796 16   808 1   810 1   816 2   825 8   842 4   846 9   849 16   852 8   861 8   865 4   869 4   876 16   878 4   880 1   886 8   897 16   903 1   906 4   922 16   926 1   932 4   933 24   936 8   937 16   943 1   947 16   948 2   953 8   
166  901     1 2   3 4   6 4   28 4   33 4   34 4   40 2   52 16   55 8   58 4   64 8   76 8   84 8   87 1   89 8   94 1   95 16   97 2   98 6   108 8   137 4   138 2   143 16   146 4   148 2   151 2   153 1   158 3   160 16   161 8   178 1   180 2   216 8   217 1   220 8   223 4   227 8   232 2   235 16   238 8   241 16   243 16   273 16   274 8   278 16   280 8   281 6   282 1   285 1   286 2   287 8   302 8   306 8   307 4   315 2   320 8   324 16   326 4   332 2   333 2   336 16   342 4   343 4   346 1   368 1   376 4   380 2   392 16   398 2   406 1   410 2   412 4   413 4   417 16   421 8   431 16   433 2   437 2   445 14   448 1   450 16   454 2   460 16   462 2   478 1   479 2   482 8   489 16   496 4   514 8   521 16   534 8   537 1   543 8   547 4   552 8   553 8   557 8   561 8   562 8   564 2   574 18   576 16   580 2   584 16   586 2   590 16   602 9   614 2   620 2   625 2   636 16   639 4   642 1   644 2   650 4   655 16   658 8   662 2   664 4   665 4   667 1   672 1   681 16   686 8   691 8   695 8   697 8   705 2   707 2   708 1   713 1   715 16   727 4   733 4   738 16   741 4   748 16   753 4   754 16   756 1   757 1   760 2   771 16   775 16   777 16   782 4   791 8   811 2   813 1   814 4   816 16   825 2   827 16   833 8   839 16   847 18   848 4   854 1   855 4   885 1   903 1   915 1   923 16   924 2   939 5   
156  897     0 1   6 1   32 4   33 2   39 8   41 1   44 2   47 8   48 2   56 16   70 4   76 1   85 16   86 4   92 8   93 8   101 1   107 5   124 4   132 8   142 4   144 4   145 4   151 12   156 1   157 2   159 6   166 2   168 4   170 16   179 8   183 2   185 2   190 17   206 16   209 16   210 16   216 2   219 4   225 8   228 16   229 4   242 1   246 5   247 2   249 8   254 4   255 2   260 1   279 12   284 8   297 8   301 4   305 16   310 1   311 8   315 1   335 4   352 2   353 1   354 16   363 2   369 8   372 17   377 8   379 1   380 4   383 16   389 1   393 18   398 6   409 8   416 1   419 16   421 16   426 4   432 16   442 8   445 1   448 1   449 1   450 8   459 1   461 1   465 16   466 16   470 1   472 16   473 4   475 4   478 2   481 1   482 16   491 8   497 2   498 16   505 2   507 2   508 2   511 16   515 1   518 1   523 1   530 1   539 4   549 1   550 4   553 8   560 2   570 16   576 2   578 8   579 16   586 8   592 2   595 4   602 1   626 16   635 16   648 2   655 8   676 16   678 12   681 8   687 16   697 4   699 2   705 1   712 1   716 2   723 1   728 1   734 4   743 16   766 16   773 8   777 2   791 1   796 4   801 8   822 4   823 4   826 2   834 8   857 6   858 8   859 16   860 1   862 1   866 1   879 8   887 16   924 9   928 1   942 2   947 8   
162  888     14 16   15 16   18 16   25 2   27 16   34 16   38 2   40 4   50 2   53 4   61 8   67 1   87 1   89 8   95 16   102 4   108 8   110 8   112 2   118 8   121 1   126 17   136 1   159 2   160 1   165 4   170 8   187 1   188 8   190 2   198 4   202 16   204 4   211 12   224 1   227 2   232 4   234 16   235 16   236 2   241 2   252 2   253 8   254 18   260 4   268 2   271 4   274 16   281 1   282 16   283 2   320 18   328 16   330 16   331 2   337 8   340 2   345 4   358 16   359 4   364 2   368 16   375 4   388 2   389 4   394 2   402 8   404 1   409 4   410 1   414 1   416 9   426 8   436 4   445 4   446 1   452 8   453 4   456 4   476 2   477 4   487 16   491 16   492 1   494 4   499 8   502 16   518 2   524 8   526 4   532 9   536 1   541 16   547 24   549 16   554 2   559 8   565 4   589 4   592 2   593 2   595 8   596 1   597 16   611 16   620 16   625 1   630 16   632 1   633 16   641 16   642 2   645 16   653 4   654 9   660 16   674 16   676 2   682 1   685 8   689 2   690 16   697 16   698 4   704 16   707 4   708 1   718 16   721 8   736 4   752 8   754 5   757 1   762 2   769 8   777 4   784 1   785 1   793 20   796 2   799 8   802 5   804 2   813 8   825 8   851 4   860 1   863 1   866 8   875 2   882 8   884 2   888 1   901 20   904 2   911 16   919 1   920 16   930 8   938 16   949 16   956 16   
156  900     2 2   7 1   22 8   26 2   29 4   31 2   40 8   41 9   50 4   58 2   60 8   70 1   81 8   85 1   86 1   87 1   94 4   101 16   104 24   111 8   114 16   121 2   122 8   127 1   134 16   137 18   139 16   147 8   151 4   152 16   167 2   172 8   177 1   178 1   179 2   196 1   200 1   203 16   205 2   206 4   217 8   219 3   233 4   237 16   244 1   253 10   257 16   263 1   265 8   268 1   272 16   278 16   280 4   294 8   295 1   299 24   302 2   305 2   306 9   311 1   312 4   324 2   326 2   331 4   332 8   333 10   336 3   347 4   356 16   358 4   363 16   364 2   367 1   374 16   377 8   380 17   393 4   394 2   401 1   402 6   405 16   415 16   435 8   439 4   443 8   448 1   452 8   455 16   460 3   469 2   485 1   503 16   519 2   522 5   534 2   537 8   540 4   553 8   566 4   574 8   576 2   579 10   588 16   589 8   592 8   626 2   629 2   639 2   651 4   653 2   667 8   675 4   698 1   702 17   705 8   711 2   714 8   717 8   734 4   738 2   769 8   770 8   774 16   777 1   788 2   806 4   820 16   821 1   827 16   833 16   836 4   841 16   842 1   850 8   855 2   869 12   870 16   877 16   878 8   889 4   890 16   892 16   895 16   897 1   902 8   911 1   915 1   920 4   927 16   937 1   938 4   942 16   950 8   952 2   953 12   954 2   
162  883     1 2   2 1   10 4   36 16   52 8   64 16   67 8   69 4   70 8   75 2   76 2   77 12   80 4   82 1   93 1   103 16   105 8   107 8   108 1   112 16   130 4   132 1   133 8   134 10   140 1   150 8   152 4   161 20   166 16   182 2   195 8   197 3   209 8   213 1   214 9   215 4   231 8   234 16   239 16   241 1   245 16   247 8   249 2   252 2   254 4   257 2   258 2   283 8   284 1   293 4   295 8   301 4   312 8   324 4   330 16   342 1   345 8   346 4   347 8   350 1   358 4   367 1   369 16   371 4   387 4   396 16   399 16   406 2   410 16   414 16   422 5   435 4   445 4   451 4   454 16   475 4   489 1   492 8   494 16   499 1   506 1   511 4   525 6   535 4   540 10   547 1   548 3   552 4   566 1   586 8   593 18   595 4   596 4   606 4   608 9   610 4   617 2   623 4   641 6   643 8   648 8   659 4   669 4   678 1   679 8   681 2   692 1   694 1   699 4   704 8   707 16   712 4   719 2   723 4   741 2   743 2   744 2   750 16   756 1   761 16   763 2   772 1   773 1   776 10   788 8   790 12   793 1   795 2   796 4   803 8   809 1   814 2   818 1   819 8   821 2   823 4   825 16   833 8   835 1   852 4   853 8   860 2   865 16   867 2   870 16   872 18   878 2   882 1   884 1   887 4   893 8   901 2   903 2   904 8   906 2   908 1   918 16   923 1   935 4   938 16   941 2   955 4   
159  869     3 4   8 4   14 1   16 16   17 1   20 1   24 4   39 16   42 16   43 4   48 1   50 1   53 1   58 16   60 16   61 4   67 2   74 4   76 16   78 2   83 16   85 4   96 1   97 16   101 16   105 8   106 1   109 1   119 2   129 16   135 16   140 4   144 1   151 8   154 2   155 16   159 2   162 2   172 8   174 1   178 10   182 2   183 4   184 1   189 8   205 8   212 1   227 8   232 16   246 2   255 8   257 2   272 16   275 2   282 8   294 16   308 2   311 2   315 2   326 16   329 4   330 1   342 2   348 4   355 8   376 2   383 2   385 2   394 2   403 2   411 2   412 16   419 2   427 8   433 2   453 16   460 4   461 8   463 4   479 4   486 1   489 1   492 4   504 1   513 8   515 10   516 16   517 1   518 16   524 2   530 2   537 2   538 16   548 8   552 16   561 1   567 16   571 2   583 2   590 8   598 2   599 9   602 2   604 1   608 4   612 2   613 24   614 1   619 16   622 4   623 2   624 8   625 4   633 8   644 2   679 1   684 1   688 8   692 16   694 4   696 1   708 16   715 8   716 8   731 16   734 12   743 16   758 8   762 16   775 16   778 16   796 4   798 16   804 2   805 2   808 8   815 8   819 18   822 8   827 1   828 4   829 8   840 16   844 17   865 16   877 1   900 16   903 2   907 1   910 1   918 5   921 4   923 2   929 2   931 1   939 4   943 8   950 16   959 16   
The following result corresponding the SNR point : 3.75 dB.
147  923     7 4   29 8   32 4   34 1   36 6   43 2   44 1   46 2   49 8   63 16   68 4   72 8   75 4   76 16   77 4   87 8   96 8   105 2   108 10   118 1   137 8   139 8   158 16   163 2   177 2   183 4   187 2   191 8   193 1   195 16   201 1   206 16   207 2   214 2   236 24   247 4   250 8   276 4   295 8   298 8   313 1   330 2   338 16   340 2   353 20   366 8   380 8   391 4   393 2   397 2   407 4   411 8   412 4   416 4   420 4   422 8   429 2   430 2   436 4   466 2   471 8   472 16   482 4   485 16   486 16   498 10   516 4   518 8   519 1   524 1   527 8   528 16   538 16   539 2   551 2   566 1   583 1   593 4   594 1   595 1   602 1   615 16   623 8   625 1   628 4   639 1   644 4   646 1   650 4   658 1   663 2   664 2   666 4   670 12   674 8   683 4   684 1   688 8   694 2   698 8   719 2   723 4   730 2   731 1   732 20   735 16   736 2   737 16   743 4   745 1   756 1   759 4   765 1   767 8   769 8   779 2   781 16   782 8   784 8   787 16   789 16   795 8   806 16   808 2   812 16   819 8   825 8   832 1   853 3   864 1   865 2   868 4   874 16   876 8   883 2   890 2   891 16   894 16   901 1   911 18   919 8   926 16   928 1   946 4   949 2   952 2   957 4   
163  924     5 8   6 4   13 4   21 4   46 1   52 2   56 2   58 16   68 8   71 16   74 2   82 1   95 2   105 8   113 4   114 8   131 16   138 16   145 2   166 6   168 16   172 1   175 2   179 9   182 2   184 2   186 8   191 2   196 1   199 8   206 1   211 16   213 8   217 8   223 16   227 1   235 4   239 16   241 16   253 1   258 3   263 6   266 16   273 1   278 16   286 1   294 4   301 4   306 4   310 8   312 4   326 4   336 8   341 4   351 2   352 16   354 2   356 20   357 16   361 1   368 16   378 4   383 8   387 16   390 16   404 20   405 1   413 12   421 18   424 16   425 16   426 4   435 8   447 2   458 1   459 10   464 1   471 1   479 4   488 8   490 1   499 4   504 2   506 1   509 12   513 1   515 16   530 3   531 4   534 8   536 4   541 8   544 8   554 16   559 4   566 4   583 4   585 8   586 16   590 8   595 4   599 4   601 8   618 4   620 8   625 8   630 4   638 1   646 16   650 1   653 8   660 1   662 2   667 1   677 2   680 16   681 4   694 4   696 2   699 4   704 8   705 1   706 1   708 16   712 20   713 2   714 16   715 2   717 1   720 1   735 8   736 2   742 16   759 2   764 4   769 2   774 1   778 2   790 8   808 1   813 1   815 16   824 4   830 4   831 4   834 16   836 1   839 2   843 2   852 16   861 20   868 8   875 8   894 16   904 16   911 16   919 8   921 2   924 8   933 16   939 1   942 2   944 8   
168  925     1 4   11 1   17 4   21 16   22 2   24 2   26 2   28 1   36 8   48 1   55 20   59 2   61 1   66 6   68 2   83 2   96 16   98 1   104 16   106 2   110 1   111 1   114 1   116 4   122 8   132 8   140 4   143 2   144 8   148 8   149 16   156 1   158 8   171 4   186 2   188 8   199 8   204 16   208 8   209 2   216 1   217 4   218 9   223 4   225 16   232 16   235 1   236 1   241 16   252 1   265 2   273 16   275 8   278 8   281 16   282 8   283 16   285 8   288 8   297 8   309 8   311 16   313 16   314 20   316 2   319 2   320 1   332 1   333 8   340 16   341 1   343 21   346 16   349 1   352 1   367 8   373 8   379 8   383 16   395 1   397 1   408 2   417 2   425 2   437 9   454 1   459 4   462 2   469 2   481 8   485 16   496 16   498 1   503 16   504 16   511 1   535 24   538 2   540 4   548 16   551 16   561 8   582 4   586 16   601 4   603 2   604 16   611 2   614 8   636 4   643 1   650 16   658 8   659 2   665 2   667 4   671 2   673 8   685 17   687 17   690 2   698 8   700 16   703 8   704 2   713 8   716 4   720 16   725 4   729 16   732 6   736 16   752 8   753 4   760 6   772 16   775 2   780 2   784 16   790 8   794 9   795 8   798 1   810 8   824 18   828 2   833 8   834 16   836 2   842 16   848 8   849 1   851 2   858 4   862 2   868 2   869 8   883 16   885 2   886 16   888 2   895 8   904 1   905 8   908 8   912 2   923 8   952 10   
142  909     20 20   21 16   25 9   26 16   29 4   36 4   47 16   54 8   56 1   58 2   68 8   69 1   74 4   75 8   80 4   86 2   103 1   104 16   105 8   110 4   113 4   131 16   144 1   164 2   165 16   166 8   173 2   181 8   183 4   189 1   194 4   195 4   199 9   200 16   216 8   238 2   264 1   266 8   277 1   281 4   289 2   292 3   298 1   307 8   310 4   325 4   347 2   349 8   358 2   365 4   367 4   368 8   378 16   381 16   390 16   403 8   413 18   433 12   441 2   445 16   451 1   454 1   458 4   464 16   466 4   471 3   482 1   485 20   490 16   494 16   497 1   510 8   517 4   527 4   533 8   534 16   541 2   551 1   554 4   555 4   566 4   579 8   587 1   594 8   595 2   597 16   604 16   615 16   616 8   623 2   624 2   632 8   633 16   642 16   645 4   654 1   677 2   690 1   692 8   694 2   699 4   700 4   702 2   703 2   705 9   711 2   718 16   719 8   720 8   724 4   738 4   739 16   743 4   767 1   770 1   773 4   788 2   789 4   794 16   801 1   811 16   822 8   825 1   826 2   830 2   840 4   841 16   850 8   856 1   867 2   870 16   873 24   880 4   888 8   893 1   903 2   909 2   911 1   923 4   925 1   939 2   957 1   
162  912     10 20   15 8   20 17   23 2   28 1   29 2   31 16   39 2   43 1   44 1   45 8   54 2   58 1   60 16   61 2   62 1   65 1   69 8   70 16   74 1   85 16   89 16   97 4   100 8   105 16   121 16   122 4   125 1   133 2   138 2   160 1   165 16   177 16   184 4   188 16   192 4   197 2   221 2   225 8   229 16   230 16   231 8   244 8   262 1   280 1   287 16   289 2   291 8   292 16   293 1   302 16   312 4   318 8   321 4   325 8   327 16   328 16   336 16   340 4   342 4   344 1   349 16   350 16   354 1   355 8   360 20   367 2   371 4   376 2   378 2   383 1   387 2   388 16   392 4   396 5   406 8   413 8   415 4   441 5   442 4   454 16   465 4   468 8   476 10   479 17   484 2   489 11   496 8   505 16   506 1   508 10   512 4   514 2   516 1   522 4   526 16   527 2   539 4   546 1   557 18   564 4   571 2   572 2   581 1   585 4   598 8   602 2   617 4   619 8   621 4   630 4   639 8   643 8   645 10   651 8   652 4   657 16   673 8   676 4   677 2   681 8   686 1   693 2   702 1   703 4   721 1   725 9   729 8   731 16   742 2   750 1   756 16   765 2   784 4   786 4   787 9   791 4   802 4   803 8   806 2   815 1   824 18   835 16   839 4   848 5   865 2   885 4   886 8   895 8   899 2   908 8   912 1   914 16   917 2   918 16   928 1   929 8   931 2   934 8   949 16   950 8   960 4   
170  920     3 1   8 8   29 1   46 1   48 4   50 2   55 9   63 16   67 2   81 4   85 16   86 8   87 8   93 2   96 6   105 2   109 4   113 4   118 1   125 16   131 2   138 4   143 4   149 8   152 8   158 16   164 4   168 16   174 2   178 16   179 16   187 8   188 16   189 16   194 8   196 16   198 8   199 2   203 16   213 4   217 8   220 2   239 8   248 4   253 2   254 2   258 16   259 2   268 1   273 1   277 4   286 2   294 2   296 1   299 16   307 16   321 1   322 16   323 8   326 8   328 18   334 16   347 20   350 28   352 16   356 4   370 8   373 8   374 8   395 8   397 8   398 8   399 3   410 16   417 1   422 8   427 4   435 4   458 4   466 4   468 4   472 16   475 4   476 2   477 1   486 8   496 1   509 2   511 8   525 1   534 1   536 2   541 2   543 4   549 9   559 4   560 1   577 8   581 4   582 20   583 4   584 1   589 8   590 1   606 8   610 4   632 10   633 8   638 8   643 2   652 16   657 16   658 2   662 17   664 4   665 1   666 8   675 17   684 1   685 16   700 8   709 16   711 16   712 8   717 8   718 8   727 1   730 6   736 4   739 4   743 4   745 6   759 16   765 4   768 1   772 1   775 4   776 8   799 8   800 4   803 16   804 8   805 8   807 1   812 16   816 8   818 2   819 2   823 1   830 16   834 6   844 20   859 8   863 1   871 2   879 1   881 4   882 4   884 4   889 16   892 16   893 4   897 16   903 8   904 8   924 1   933 12   943 12   944 4   952 8   
163  932     14 2   18 8   23 16   27 8   31 2   38 4   39 2   40 1   41 8   50 8   77 4   99 8   102 2   105 8   107 16   109 6   116 1   118 4   119 8   121 16   124 4   129 4   142 16   154 4   156 4   163 2   169 8   170 16   172 1   199 5   200 8   202 16   203 2   224 4   226 2   230 8   234 16   244 4   247 2   254 8   259 2   264 6   272 16   273 2   280 8   286 16   289 1   296 16   297 2   301 4   313 2   318 1   322 1   323 4   338 2   340 4   345 4   346 2   348 3   351 4   352 2   356 16   363 4   368 1   380 2   383 16   385 2   390 4   397 1   402 1   404 4   408 1   409 2   413 2   416 4   423 2   428 2   434 1   436 2   437 16   441 2   458 16   461 1   473 2   481 8   482 2   484 4   490 4   499 16   503 4   504 16   520 1   529 2   533 2   536 8   544 2   547 8   554 2   582 16   598 4   602 4   604 4   613 1   623 2   636 1   640 24   641 4   642 16   646 8   648 16   655 2   657 1   664 16   668 1   673 16   677 1   683 1   692 8   697 1   701 16   712 16   714 2   737 8   747 16   748 16   749 1   750 1   753 2   768 16   773 2   774 4   783 8   787 2   793 8   794 2   813 2   816 8   817 8   819 1   820 6   842 2   843 17   847 16   855 16   858 1   863 8   866 16   867 10   880 8   885 1   887 8   891 2   894 4   897 4   899 16   903 16   913 2   919 4   925 2   928 4   943 9   950 16   951 8   
315  932     0 8   2 1   4 4   6 4   7 4   12 2   14 18   20 9   21 2   22 16   24 8   28 16   35 4   37 17   39 16   41 2   42 4   44 25   46 1   56 8   63 16   67 2   68 1   71 1   72 4   75 4   76 6   80 2   82 2   83 2   85 10   91 4   94 16   98 2   99 16   104 4   111 4   114 8   115 8   117 2   119 1   123 8   130 6   131 4   133 9   135 8   136 1   138 2   139 16   142 21   145 8   150 8   153 1   154 4   165 4   170 8   172 8   174 8   177 2   178 8   179 16   183 4   186 10   188 4   190 1   191 1   194 2   196 28   197 4   198 12   203 1   204 10   206 18   207 4   208 18   209 16   210 2   211 4   216 8   219 8   221 5   224 8   226 4   230 8   233 4   236 4   237 2   241 4   246 3   250 8   251 4   253 1   258 2   269 16   270 1   273 4   278 16   283 2   287 10   290 4   291 2   295 16   296 16   298 1   310 1   315 16   318 1   322 4   323 16   332 2   333 2   334 16   337 2   339 4   344 20   346 2   348 8   349 2   352 2   355 8   357 1   359 4   360 2   361 10   362 4   363 18   365 10   368 2   370 16   371 16   374 8   378 1   381 8   385 8   387 1   394 1   404 5   409 16   411 2   415 2   418 16   423 2   426 2   428 4   433 4   434 12   438 8   440 4   441 8   445 2   446 24   453 16   454 16   461 2   463 4   464 16   465 16   466 16   470 8   472 6   473 8   477 1   481 4   482 8   483 1   487 1   491 4   492 8   493 8   499 2   505 24   511 4   513 4   517 8   518 2   519 16   526 8   537 1   539 16   540 2   541 1   544 2   547 8   552 1   557 16   558 3   559 2   560 16   561 8   566 1   568 1   571 16   574 16   578 2   579 2   580 8   583 1   586 16   587 26   600 16   605 8   608 8   609 1   610 18   611 8   612 8   623 8   625 8   626 8   627 2   635 4   638 8   642 8   643 10   645 1   646 4   648 1   650 16   652 16   653 1   655 8   657 4   661 4   665 8   666 8   671 8   674 8   676 1   677 16   681 2   683 3   686 1   689 16   693 2   697 3   699 10   701 1   702 2   708 16   711 2   718 17   719 1   720 16   723 8   725 1   726 9   734 4   736 16   742 4   747 4   758 4   760 16   761 4   769 20   770 4   772 4   774 1   784 8   786 2   787 16   788 8   790 12   792 4   794 16   797 8   803 16   805 4   810 16   825 16   826 8   830 4   831 16   836 16   840 2   844 1   845 16   846 2   847 1   848 16   850 8   854 16   862 8   863 1   867 22   876 4   878 2   881 16   882 1   884 9   886 16   887 8   890 2   892 1   896 1   898 1   899 9   900 4   904 3   914 2   915 4   916 2   925 1   926 24   930 2   932 17   933 16   937 1   939 8   940 16   941 1   944 4   946 2   948 1   949 1   954 16   
153  901     0 2   8 8   10 8   12 16   14 2   16 16   19 16   26 4   33 16   37 4   44 1   52 4   61 8   63 24   67 1   74 16   78 2   82 8   103 8   106 1   128 8   133 8   141 8   150 4   167 9   168 8   171 8   186 16   208 16   216 16   230 8   232 8   241 4   253 1   257 1   258 12   262 1   263 2   274 8   278 8   283 8   289 8   291 16   306 4   309 2   315 16   323 1   325 16   326 2   335 2   346 8   359 8   363 2   372 5   376 1   388 16   389 1   402 8   416 2   418 16   424 2   435 2   443 1   446 2   455 4   457 4   460 1   463 2   473 16   474 16   475 1   476 8   479 1   486 16   489 4   492 8   508 1   509 2   513 16   514 1   516 8   520 4   521 2   531 1   549 4   551 1   562 8   577 8   583 1   585 4   601 1   605 4   606 8   607 2   615 2   617 4   623 16   631 16   634 2   637 2   638 2   639 4   642 2   659 4   663 8   668 4   669 16   684 1   688 4   690 24   705 4   708 16   711 4   717 20   720 4   721 4   730 8   735 4   738 16   744 4   746 4   760 8   762 8   763 8   764 8   770 3   785 4   790 1   794 17   801 1   818 8   833 4   834 16   839 1   841 18   842 16   847 2   861 16   866 1   869 4   896 4   899 16   904 2   907 24   909 8   910 2   917 1   921 2   930 2   947 4   952 2   953 8   959 2   
150  905     1 2   4 1   33 18   36 2   37 16   38 8   55 8   62 16   77 16   80 2   90 1   94 16   96 2   97 8   114 1   120 16   130 1   132 2   139 4   147 8   150 1   152 2   162 4   177 8   186 1   189 2   196 6   200 8   208 18   209 1   213 10   231 8   241 8   244 4   252 2   253 2   257 2   265 1   275 2   276 16   278 2   307 8   311 16   327 4   331 5   340 1   350 8   352 16   359 8   360 24   373 2   375 5   391 3   392 2   393 8   396 2   397 4   398 8   399 2   400 8   403 2   404 1   411 4   412 2   415 4   416 1   430 16   439 8   445 16   458 16   460 20   468 16   473 1   481 16   489 16   513 2   517 2   541 8   544 2   547 17   554 4   555 8   557 1   560 8   562 2   568 17   588 4   590 8   597 16   601 16   620 16   634 8   637 1   648 1   650 3   651 16   652 24   662 1   674 1   683 16   695 16   697 24   704 2   709 4   712 1   713 1   714 2   715 4   719 4   724 4   728 8   740 8   745 8   749 8   751 4   762 4   764 2   770 8   778 6   782 1   785 4   786 4   792 4   794 4   800 2   808 4   811 2   814 4   852 2   858 8   859 4   864 16   865 8   871 8   875 4   879 16   881 16   890 16   901 5   903 12   910 4   919 16   924 1   926 2   929 16   931 1   937 2   938 8   945 1   951 8   
151  897     1 8   2 2   25 16   32 1   36 16   37 16   46 2   49 8   55 4   62 8   64 2   69 1   73 4   75 1   78 8   83 4   89 16   101 8   102 16   117 3   118 16   127 8   129 2   139 1   141 4   153 8   158 2   169 18   172 1   181 16   197 4   200 4   216 16   221 2   228 16   229 3   230 8   246 16   252 4   258 1   264 16   269 20   276 1   278 8   280 4   290 16   299 16   301 8   310 8   311 10   313 2   314 8   322 1   325 16   333 16   338 2   339 1   342 4   350 8   351 8   353 8   355 8   360 3   369 17   375 16   382 2   386 16   389 1   393 8   396 1   404 2   405 4   415 8   424 8   441 4   445 8   452 2   454 1   460 16   462 8   463 8   465 4   469 1   473 16   499 16   506 2   517 16   529 2   535 8   540 16   554 16   559 8   560 2   564 2   572 4   574 2   588 2   589 24   596 8   601 16   622 24   627 2   630 8   633 2   635 4   648 2   650 4   658 8   659 2   671 16   683 1   688 4   702 8   708 2   710 1   717 20   720 8   721 2   729 1   731 8   733 16   746 2   757 16   779 8   780 16   781 2   787 1   799 16   802 16   823 4   829 2   841 2   846 16   851 10   858 8   875 8   882 8   883 2   887 16   896 4   907 8   908 16   910 2   912 2   913 18   922 4   924 16   927 4   937 4   945 16   959 1   
155  921     3 16   10 16   11 16   21 10   28 1   33 17   49 4   73 1   83 2   84 20   94 8   112 16   123 24   125 16   131 4   134 14   136 16   138 1   141 1   142 2   149 4   150 8   154 4   156 4   159 16   168 2   170 16   174 2   176 1   178 1   190 16   193 16   202 2   204 4   208 6   211 2   214 1   221 4   236 20   248 4   256 16   257 4   264 2   266 21   268 8   279 8   291 4   292 8   295 4   297 2   300 1   312 4   314 8   316 2   320 4   321 8   340 16   350 12   351 3   353 1   356 8   357 2   362 8   377 9   384 4   399 4   403 16   404 4   411 5   412 8   431 1   435 8   441 4   450 1   451 8   462 10   466 2   469 16   474 9   486 2   490 8   496 1   501 8   510 16   511 2   519 2   536 16   537 4   539 5   546 1   556 1   558 1   559 4   561 1   569 1   574 2   576 4   583 16   584 2   595 4   610 2   614 8   625 4   627 16   654 1   658 2   668 1   680 4   685 16   689 8   690 28   692 2   694 1   702 8   704 1   709 9   728 4   738 1   741 16   744 16   745 16   767 16   773 2   783 1   786 8   792 4   803 8   808 16   815 2   816 17   820 8   821 16   824 2   825 2   831 16   835 2   842 8   845 2   861 8   864 8   870 8   871 1   885 2   892 16   909 2   922 16   927 2   929 2   934 4   935 12   937 2   938 2   939 5   940 4   944 1   
167  917     0 8   9 8   12 4   17 3   18 4   21 4   38 8   54 2   58 6   62 16   70 4   75 1   81 16   82 1   93 6   96 4   99 16   100 16   101 4   120 2   123 2   128 8   129 2   134 8   138 8   144 8   151 10   156 4   161 1   172 8   176 5   177 8   184 1   187 2   201 2   202 1   214 8   219 16   221 4   222 4   223 2   226 16   235 26   241 2   248 1   254 16   256 4   265 1   267 2   275 1   276 1   277 8   283 1   288 16   295 2   333 2   359 2   362 8   365 8   376 1   378 2   388 1   395 2   399 1   403 16   412 2   413 4   414 8   423 4   429 8   430 4   438 8   440 8   444 4   450 1   451 16   456 1   460 2   461 16   462 16   469 8   472 16   474 1   480 2   487 16   491 2   505 1   511 2   514 8   520 2   525 8   527 4   569 8   571 16   575 6   577 1   581 1   582 1   584 1   595 2   602 16   603 2   605 2   608 4   614 16   618 2   624 8   636 4   643 1   647 2   657 4   666 4   672 1   673 5   690 28   695 16   702 2   704 4   706 8   713 8   714 16   721 16   723 16   724 16   739 16   741 16   742 8   751 16   755 8   758 4   765 2   777 8   783 4   786 2   791 3   795 2   800 2   810 2   815 2   822 8   825 4   832 16   836 2   839 1   848 2   852 4   863 1   865 4   873 2   879 16   886 2   889 8   895 16   897 1   902 16   904 4   906 1   910 8   911 4   927 8   928 4   935 2   936 1   947 1   952 8   953 8   956 8   
165  931     0 12   8 4   11 16   24 8   27 24   30 4   32 4   39 2   40 4   43 16   48 1   51 1   59 1   69 1   73 8   100 1   107 8   113 16   118 4   123 2   131 2   141 8   143 8   144 1   147 16   157 2   173 2   183 16   186 16   188 8   201 8   209 2   212 4   213 4   216 2   220 1   223 4   230 4   245 8   252 8   254 1   255 1   256 4   257 16   267 8   273 4   275 1   286 1   288 8   303 8   315 1   321 16   330 4   350 8   356 8   357 1   358 16   372 8   377 1   384 8   389 8   391 2   393 8   395 16   401 9   408 4   416 8   419 4   424 4   430 4   435 2   437 1   439 4   446 2   448 2   450 1   451 4   461 2   463 16   465 8   477 16   483 16   489 2   491 4   495 1   500 2   501 6   510 2   523 16   524 16   526 2   527 2   528 16   530 4   539 4   565 12   569 4   578 8   584 8   589 16   592 1   594 4   602 4   606 4   609 8   612 2   617 4   624 4   627 1   630 1   643 8   648 4   649 4   651 8   652 16   658 1   660 2   670 8   675 1   686 16   692 8   698 2   702 3   711 8   715 4   745 2   750 2   751 16   752 1   758 1   760 1   778 2   780 4   792 2   813 16   817 4   829 4   835 1   836 8   843 10   850 4   852 4   857 1   863 2   865 16   868 8   870 8   872 8   873 2   881 6   882 4   884 8   896 8   904 16   912 2   919 8   924 4   933 4   937 2   938 2   941 4   943 4   949 16   952 2   958 16   
171  906     7 8   13 2   14 1   22 1   26 1   28 16   29 16   31 2   36 8   45 1   53 16   70 4   72 8   73 2   76 1   82 16   84 6   85 8   87 4   89 8   91 16   97 16   103 4   106 8   115 16   116 1   117 2   119 16   121 16   126 4   135 4   146 8   153 1   156 4   166 16   167 1   177 4   190 1   196 2   197 16   201 4   203 2   210 16   213 2   225 1   228 4   234 16   235 4   239 8   241 16   244 8   247 2   248 8   252 8   254 4   260 9   265 4   270 16   277 16   289 16   293 1   297 2   300 8   302 16   306 10   319 2   324 4   329 16   332 8   340 6   342 1   347 4   351 4   352 16   361 17   366 1   370 16   371 1   385 1   391 1   398 8   402 4   422 2   424 8   428 2   433 16   435 1   440 2   445 4   450 4   453 16   460 4   467 4   476 4   477 1   479 8   485 1   498 8   507 16   509 16   512 4   526 16   527 2   539 4   540 16   546 2   553 2   565 4   567 16   571 4   572 2   575 16   584 1   585 1   587 8   592 1   595 9   596 2   604 4   626 2   628 4   635 2   659 8   662 16   667 1   668 8   673 2   679 1   703 4   705 20   716 4   720 6   725 2   735 2   736 10   744 16   745 6   747 8   748 4   749 2   760 1   765 5   776 16   780 4   796 16   811 4   813 8   828 8   836 4   843 2   848 16   850 2   851 16   856 16   858 2   863 2   870 8   873 2   877 9   889 8   895 4   906 2   907 4   908 2   909 8   924 1   935 4   944 1   945 4   950 8   955 2   
157  894     2 4   10 16   15 8   21 16   28 1   30 4   32 4   40 4   44 6   45 4   50 4   54 4   71 2   77 4   80 18   85 8   87 8   97 16   101 8   102 8   103 4   109 1   110 4   111 1   146 8   155 4   167 9   169 1   170 8   174 2   178 4   187 8   192 8   204 1   208 4   225 16   228 2   229 8   244 8   248 16   252 4   255 4   258 2   262 16   269 16   282 16   284 17   295 4   303 2   305 4   312 8   313 16   336 4   342 4   344 2   348 2   356 1   368 16   377 4   382 4   386 4   390 3   397 4   400 16   407 8   411 24   414 1   415 8   416 4   427 4   447 4   456 8   466 8   469 4   470 16   494 16   507 8   509 16   521 2   523 1   525 2   527 8   531 8   533 4   539 8   544 16   549 1   557 17   561 2   564 16   565 8   567 4   573 16   576 8   581 4   585 4   586 18   587 8   607 2   612 2   614 16   617 4   618 1   625 8   633 20   645 14   647 1   666 2   668 1   669 2   680 24   685 4   686 2   687 1   697 16   701 16   709 8   712 8   722 1   729 2   741 8   746 2   747 16   748 8   756 4   760 8   772 2   774 1   776 16   785 2   797 2   798 8   802 2   803 8   807 1   811 8   815 1   817 8   819 1   822 2   824 4   831 1   833 2   851 2   863 10   864 16   884 18   886 8   891 1   898 8   902 1   905 2   913 4   915 16   937 4   941 2   959 1   
621  926     1 1   5 4   6 4   7 8   8 1   9 17   11 2   12 20   13 12   14 2   16 8   18 8   21 16   22 4   24 4   26 16   27 3   28 1   29 22   32 9   33 12   35 1   36 5   37 16   40 4   41 16   43 8   44 2   46 13   48 22   49 4   51 3   52 12   53 7   55 1   56 18   57 24   58 3   59 20   61 2   62 4   63 2   64 2   67 4   68 17   69 16   71 16   72 1   73 12   76 24   77 16   80 1   81 1   82 16   83 8   84 6   85 8   88 9   89 16   90 14   91 1   93 6   94 18   98 12   99 18   100 2   101 2   102 26   103 4   105 4   106 16   107 18   108 4   112 12   113 10   114 1   115 23   119 5   122 4   123 20   124 16   125 1   127 2   128 2   130 7   131 4   133 16   135 8   136 16   137 3   138 21   139 16   141 4   142 16   143 1   144 1   145 31   146 18   148 12   149 16   150 20   151 16   152 19   153 6   156 3   157 18   158 1   161 8   162 8   166 17   168 1   170 8   171 5   172 16   173 2   175 4   176 1   178 3   179 12   181 16   182 18   183 10   184 5   186 1   187 16   189 4   190 8   191 1   193 13   194 4   195 12   197 21   198 8   199 18   200 4   201 1   202 10   203 12   204 1   207 26   209 1   212 2   213 4   217 24   218 17   224 17   227 8   228 17   229 28   231 24   233 8   234 16   236 1   238 6   239 18   240 2   242 28   243 20   247 8   248 9   251 16   252 1   253 2   255 3   256 18   257 16   258 1   259 8   261 8   263 13   264 9   266 2   267 4   268 9   269 1   270 8   271 17   272 10   273 16   274 8   276 9   277 1   278 3   282 2   283 16   284 25   286 8   287 4   289 1   291 24   292 2   293 4   294 2   297 8   299 16   302 1   303 24   304 12   305 16   307 2   308 1   309 8   310 3   311 3   312 1   313 20   317 18   319 2   320 2   321 8   322 4   323 2   324 8   326 16   327 1   328 16   332 4   333 21   335 4   336 8   337 13   339 2   340 8   342 8   344 4   347 5   348 8   349 24   350 8   353 16   354 1   356 10   357 16   358 4   360 6   361 17   363 20   364 4   365 17   366 18   367 16   370 4   372 12   373 16   374 1   376 1   377 4   378 1   380 4   381 9   383 16   384 8   387 16   388 8   389 3   390 2   391 4   392 3   394 2   396 16   399 10   401 2   402 16   403 10   405 24   407 8   408 8   409 16   413 16   414 17   415 4   416 1   417 1   419 1   420 16   422 16   424 8   427 8   431 2   432 12   433 29   435 4   438 8   439 4   442 8   443 6   444 18   445 12   446 1   450 9   451 14   452 4   453 16   454 1   455 1   457 16   458 16   462 1   464 31   465 2   466 2   467 8   468 1   469 16   470 18   471 16   472 10   473 16   474 2   475 16   478 10   479 24   481 11   482 4   487 2   489 1   490 2   491 1   492 4   493 17   494 16   495 2   496 2   497 17   499 6   500 8   501 1   503 16   507 2   508 4   509 10   510 1   513 20   514 23   515 2   518 1   520 9   522 16   523 1   524 4   525 16   526 4   528 16   529 3   533 15   534 7   536 1   537 20   538 21   540 2   542 3   543 2   544 16   546 16   547 16   548 2   549 6   551 10   553 1   555 28   556 1   558 2   559 25   560 12   561 8   563 5   566 4   569 18   570 25   572 6   573 2   574 1   575 16   577 16   578 3   581 20   582 16   583 4   584 2   585 16   586 16   587 21   588 1   589 16   590 26   592 16   595 16   596 8   597 4   600 8   601 4   602 20   603 2   604 3   605 9   607 20   609 4   610 6   611 16   614 17   615 5   616 12   617 8   618 3   619 16   620 1   621 1   622 6   623 1   624 17   625 2   626 4   631 21   632 20   634 16   635 16   636 13   638 4   639 16   643 1   644 4   647 15   649 2   650 2   651 8   653 3   654 1   657 27   658 8   659 4   660 4   663 20   667 8   668 8   669 10   670 4   671 2   672 12   673 4   675 17   676 5   677 18   678 8   679 8   680 24   682 4   683 6   685 4   687 4   688 16   691 14   693 4   694 16   695 16   696 3   698 1   699 4   701 1   703 17   704 2   705 3   707 24   708 12   709 4   710 20   711 16   712 16   713 9   714 20   719 8   720 1   722 2   723 4   724 8   725 9   726 16   728 8   730 8   731 1   733 24   734 4   735 1   736 22   739 9   742 28   744 5   745 16   746 30   747 24   749 6   750 4   751 8   752 10   755 1   757 14   761 9   762 8   764 1   765 4   770 8   771 2   772 20   774 7   775 1   776 2   777 1   780 4   781 3   784 2   785 16   787 24   789 4   790 16   791 24   794 8   795 25   796 15   797 24   798 2   799 17   800 8   802 4   803 19   805 8   806 14   807 9   809 20   810 17   813 8   818 17   819 2   820 2   821 2   822 11   823 20   824 14   826 8   827 3   828 18   829 10   832 14   833 4   837 1   840 1   842 9   843 1   845 4   846 24   847 16   850 12   852 2   855 9   857 16   858 2   859 2   860 18   861 4   862 16   863 8   868 2   869 9   870 20   871 16   873 5   875 2   876 8   878 16   879 20   880 2   883 1   884 8   886 2   887 4   888 2   889 4   891 4   892 5   893 8   894 20   895 1   896 2   898 1   902 2   903 20   904 11   905 1   906 17   907 18   910 13   911 4   913 1   915 26   917 4   918 8   919 2   920 26   921 16   922 6   927 4   928 3   929 1   930 24   933 5   934 4   935 2   937 20   938 4   939 2   940 14   942 17   943 4   944 8   945 5   947 12   949 1   950 10   951 4   953 1   955 21   957 8   960 1   
154  912     4 1   5 4   13 2   19 16   37 4   40 1   45 18   48 16   61 1   76 8   78 17   79 1   81 2   89 16   112 1   117 16   121 1   127 1   131 4   135 1   137 1   138 1   142 8   144 1   145 8   150 1   153 8   171 16   173 1   179 8   180 1   189 4   190 5   195 1   200 2   214 2   231 6   238 4   239 1   242 4   245 1   246 4   274 8   275 1   293 2   313 1   314 16   325 16   334 1   356 1   364 17   365 16   377 16   379 4   384 4   385 1   387 8   388 2   399 24   404 16   405 8   407 1   411 16   428 1   430 2   432 8   441 4   454 8   455 1   457 4   460 16   462 16   472 8   473 2   474 4   482 2   494 5   503 2   504 2   506 1   510 1   514 4   517 2   525 8   527 9   548 4   555 4   566 2   567 16   575 2   595 16   600 8   603 4   611 4   633 2   649 2   656 1   658 16   670 16   672 2   675 18   682 2   686 2   689 16   694 1   698 8   700 8   701 4   712 1   713 4   716 1   725 5   728 2   733 2   737 2   744 1   746 8   762 1   769 8   772 2   774 2   780 8   781 8   791 1   801 18   803 16   806 1   812 2   815 4   841 8   842 4   846 1   850 4   851 8   857 8   871 1   879 8   884 18   887 1   895 4   898 2   901 4   908 4   910 1   915 1   917 24   920 20   925 2   937 2   938 16   947 16   956 8   958 12   960 16   
155  893     12 2   34 2   38 1   39 2   42 16   43 1   58 16   69 6   70 1   73 2   93 1   96 8   103 8   109 8   112 1   120 16   122 2   123 4   132 1   137 8   143 2   158 2   176 2   184 16   187 4   190 4   200 16   203 2   209 1   215 1   232 4   240 2   243 16   252 16   253 1   259 1   273 8   278 8   285 1   286 20   289 8   299 4   307 8   310 2   312 2   315 4   316 5   319 4   322 1   335 8   340 2   344 4   349 2   362 16   364 2   380 1   382 1   386 16   391 8   401 4   407 16   408 16   411 16   416 16   418 16   424 2   425 1   427 2   431 2   432 2   441 8   445 1   449 16   461 16   469 2   470 8   474 16   479 8   483 2   493 1   499 8   512 2   513 2   519 2   525 2   527 16   534 2   535 1   536 1   551 2   553 4   590 16   606 2   610 1   621 1   630 1   647 4   648 4   650 2   655 4   659 1   660 1   666 16   674 16   678 2   680 8   693 6   698 1   700 1   702 20   703 2   704 8   708 1   711 2   714 2   719 16   722 1   734 16   735 8   741 1   743 8   754 2   756 1   757 2   758 12   759 8   765 8   767 8   770 4   771 16   772 2   778 16   792 8   795 5   807 16   820 2   827 2   838 2   849 16   850 4   857 8   866 4   872 16   878 16   882 2   883 24   884 8   891 1   897 8   911 2   919 16   927 8   956 8   959 8   960 1   
158  932     12 2   20 8   30 4   33 16   35 4   40 1   42 16   45 16   57 4   61 8   63 4   67 1   79 1   80 4   90 2   96 16   105 4   106 8   107 4   112 8   114 1   123 1   124 16   125 1   128 1   133 18   140 8   142 2   144 2   164 16   167 4   169 16   173 16   174 2   176 8   178 8   184 1   186 16   190 2   192 5   196 3   210 8   211 16   213 2   215 16   228 9   251 1   257 16   263 8   264 8   265 4   272 2   293 4   295 4   325 8   333 4   338 8   362 6   371 2   374 1   390 2   394 16   398 16   401 8   403 2   408 8   428 2   429 8   436 2   444 8   445 16   448 8   455 6   461 12   463 8   468 8   472 2   477 8   491 16   500 4   506 4   510 8   511 16   515 2   537 16   547 1   552 8   554 4   559 8   560 2   561 8   568 2   570 2   571 16   578 8   583 10   589 2   594 2   595 4   597 4   602 4   607 4   613 2   617 2   620 2   621 8   624 8   628 2   631 8   647 1   648 1   649 8   658 2   661 1   663 4   667 8   672 2   678 4   689 4   699 16   713 4   716 4   718 2   726 4   733 2   736 16   740 16   744 16   747 2   770 16   774 16   787 16   788 4   803 4   808 1   816 4   817 1   835 12   839 8   841 2   844 4   847 1   851 1   857 1   861 8   864 8   866 16   869 8   873 1   879 16   887 16   892 16   916 1   920 2   931 8   943 8   946 1   952 16   
173  925     1 18   5 1   14 16   15 10   27 5   33 8   34 4   39 4   41 2   42 2   49 1   53 1   68 2   72 16   73 16   76 1   79 16   87 1   91 4   100 4   104 8   107 10   114 1   117 8   122 16   123 4   137 2   147 2   161 2   176 8   178 4   179 2   182 4   184 2   198 1   200 4   212 1   222 2   223 8   230 8   231 16   232 8   238 8   242 4   262 1   263 1   266 1   272 1   275 16   276 16   278 8   281 1   283 4   285 1   286 8   290 2   297 2   306 4   315 2   322 4   326 8   333 24   335 8   343 8   348 9   355 1   376 8   387 16   388 8   391 8   394 1   395 1   408 1   411 18   421 2   437 8   440 4   443 16   445 9   461 4   472 1   473 12   483 1   484 4   486 2   497 4   499 2   508 4   518 1   519 8   523 1   524 1   525 16   535 16   540 2   545 2   550 20   551 8   560 1   562 10   563 2   564 1   574 2   576 1   587 8   600 16   608 4   620 1   624 8   627 4   630 1   632 16   633 4   637 16   639 2   654 16   657 8   659 16   660 2   665 1   671 4   677 4   679 4   683 8   684 16   685 2   689 8   693 8   702 4   703 8   704 2   706 4   708 1   731 8   734 5   736 2   737 1   738 12   740 1   753 9   754 4   755 10   767 4   775 4   778 4   779 16   781 8   782 2   783 8   786 16   789 8   793 8   804 16   813 2   814 16   819 2   838 2   873 16   875 1   887 8   889 4   904 4   907 2   915 2   919 8   920 4   921 8   922 4   928 16   940 1   943 4   947 16   952 8   
168  921     1 8   4 1   5 1   6 4   13 16   16 4   17 16   24 1   36 16   53 1   54 8   58 4   64 16   68 1   70 4   72 4   73 4   80 1   85 8   88 16   103 1   109 1   111 1   112 4   123 4   125 2   132 16   142 8   143 1   150 16   159 2   163 1   169 10   177 2   186 4   190 1   199 4   203 1   209 2   216 1   218 4   219 2   225 1   235 4   236 10   243 2   247 1   249 8   253 2   256 8   259 2   261 2   270 1   272 4   274 4   275 16   281 2   286 8   308 4   316 1   317 8   319 8   334 4   336 1   337 16   347 16   348 8   350 4   354 2   362 8   379 4   380 2   384 1   385 4   398 2   405 16   410 8   415 4   427 16   439 8   440 1   445 4   461 1   463 4   464 4   466 2   467 2   468 2   471 8   475 1   484 4   489 2   502 4   506 8   516 8   518 8   523 4   527 4   532 4   544 16   558 4   563 8   567 8   573 8   583 1   586 4   593 4   595 4   597 2   598 4   609 2   632 2   643 10   644 16   645 4   648 1   650 2   655 4   657 4   660 24   667 16   671 16   673 2   674 20   680 4   684 16   698 4   699 4   701 16   705 1   710 4   726 1   733 4   750 8   764 1   772 16   774 8   775 8   777 1   787 1   788 4   810 4   812 16   815 8   820 2   830 8   833 1   837 4   846 16   848 4   860 2   869 2   874 2   885 1   892 8   894 16   895 1   898 4   910 16   916 16   923 4   926 8   927 9   929 1   931 2   937 4   942 8   956 4   
142  909     9 2   12 10   20 18   23 16   26 4   28 4   29 1   33 4   45 1   50 1   60 16   62 2   64 1   69 4   71 16   86 10   87 1   108 8   110 4   116 17   142 4   143 16   153 1   161 8   169 4   170 24   186 1   188 8   189 3   196 8   204 4   210 16   212 8   213 2   222 16   226 6   228 16   229 8   231 16   237 2   240 2   253 2   260 1   261 8   284 2   285 8   287 16   293 16   296 8   304 4   305 2   306 8   308 16   309 16   317 1   323 1   324 4   328 2   331 1   332 5   333 16   350 16   370 16   377 2   388 8   391 1   401 16   409 8   414 4   418 9   425 8   427 16   446 2   449 2   463 8   469 2   472 21   473 1   477 8   492 16   518 16   522 4   533 8   543 16   546 4   548 2   564 8   575 16   597 3   619 16   626 2   632 2   633 4   639 8   642 16   652 2   653 4   655 2   662 1   668 12   679 1   683 8   707 4   709 1   717 2   727 16   733 10   735 16   736 4   741 8   759 8   760 2   767 8   768 1   772 4   776 2   780 8   781 4   788 2   791 16   798 8   820 16   839 2   843 4   851 1   853 16   858 8   872 4   874 2   880 1   881 4   890 1   892 16   896 16   906 8   907 2   908 16   910 4   924 24   926 4   954 1   959 4   
161  923     0 1   1 2   2 2   13 2   16 8   20 8   27 16   55 4   59 1   72 1   80 17   81 8   86 1   88 16   91 4   97 8   99 2   100 8   108 8   111 4   115 8   116 1   119 4   128 4   135 1   140 2   141 1   144 1   156 9   164 18   173 8   176 1   193 2   194 1   199 16   201 16   206 1   215 16   227 8   231 8   236 8   240 16   241 2   260 8   270 6   273 1   286 16   293 4   295 4   300 2   301 1   306 16   309 1   312 4   316 16   317 8   334 5   337 1   349 4   350 4   372 1   375 16   404 2   407 1   411 4   415 8   419 4   420 8   425 2   427 5   429 8   437 8   443 1   446 1   447 8   448 2   450 2   454 1   460 17   468 1   470 8   473 8   488 8   489 8   502 2   509 1   512 16   524 1   528 1   550 16   559 4   561 2   564 2   570 4   572 8   583 16   587 2   592 1   593 24   595 8   598 1   607 16   615 4   629 4   632 24   636 4   637 8   642 1   653 2   659 2   660 4   685 8   686 1   690 17   702 16   707 16   708 4   713 16   730 8   736 4   740 8   746 8   765 16   766 2   770 8   771 16   792 16   804 4   808 2   813 8   829 1   830 5   833 8   836 4   837 1   844 16   851 1   853 4   855 16   860 4   862 12   866 8   874 8   880 1   884 16   891 6   892 8   893 2   899 1   900 1   918 16   919 8   923 16   928 8   929 4   938 16   942 1   946 8   947 8   951 4   956 1   
142  901     0 2   8 16   20 16   23 16   29 4   59 1   64 4   77 4   80 16   81 1   97 16   108 8   109 1   124 1   125 16   134 16   136 1   141 8   145 1   174 1   179 4   187 8   189 8   190 4   193 16   199 1   203 20   210 2   217 4   221 18   223 2   243 8   250 4   251 16   253 4   261 1   265 18   266 2   272 8   274 1   280 16   290 16   291 2   293 2   311 4   312 2   314 9   315 2   316 16   318 4   321 6   345 4   369 2   380 1   387 4   427 8   428 16   430 8   431 16   444 8   454 16   457 2   459 5   460 2   463 4   471 4   487 2   491 16   492 1   505 20   506 1   512 2   522 4   524 16   532 16   543 2   547 4   554 4   556 16   563 5   568 4   570 1   573 16   574 8   575 16   579 4   593 4   595 2   603 8   606 8   610 8   611 1   616 16   619 8   629 5   630 4   635 8   644 4   662 16   663 2   667 4   673 5   682 8   714 1   732 8   734 2   735 1   739 16   747 16   750 5   751 8   767 8   774 8   781 4   786 16   788 1   789 2   798 1   802 1   805 1   807 8   826 4   830 8   836 16   837 4   847 1   857 16   866 8   867 2   870 12   871 1   880 8   884 2   885 4   898 6   900 8   908 20   910 1   917 16   922 4   940 4   957 17   
154  905     23 16   24 4   31 8   39 4   44 4   45 8   65 2   86 16   101 2   103 8   104 2   106 1   117 9   122 16   125 8   128 1   130 4   141 16   142 16   153 4   165 18   166 8   168 10   170 16   177 2   179 16   193 4   201 8   203 4   204 8   213 16   218 1   221 16   222 4   235 8   238 4   240 8   246 18   249 1   267 8   278 8   291 8   297 1   303 1   319 24   320 8   323 8   333 12   336 8   343 2   346 4   360 16   368 16   379 16   395 16   402 1   407 20   413 8   431 4   433 4   436 4   437 3   449 4   456 16   463 2   465 4   466 1   467 2   468 4   475 1   495 4   500 2   504 16   510 1   519 2   523 1   528 12   530 1   532 7   534 4   535 1   536 2   564 2   576 4   581 1   590 1   592 4   593 16   597 4   599 8   600 1   604 16   606 2   612 4   616 8   622 16   625 1   632 8   640 8   645 4   654 16   656 4   660 1   662 8   666 4   678 1   691 8   698 1   699 8   700 17   702 2   708 1   714 16   723 16   730 3   732 16   733 8   743 12   746 16   751 2   780 2   800 1   805 4   811 16   815 2   821 4   826 1   827 8   829 1   830 2   835 16   842 8   855 4   857 1   862 16   865 16   879 4   881 8   887 16   890 16   896 2   898 2   904 12   906 1   917 2   926 4   927 1   929 16   939 1   940 2   941 8   944 16   949 8   951 8   
154  910     0 16   4 2   17 1   24 1   38 4   42 16   43 1   51 4   65 2   68 2   86 8   91 1   93 16   110 4   113 2   114 16   115 8   116 1   127 2   136 4   151 1   166 8   168 8   169 4   173 1   177 2   180 16   186 16   187 8   191 18   211 16   212 4   215 4   216 1   218 17   232 2   233 3   234 4   236 4   245 2   247 16   255 16   265 4   267 2   268 5   271 4   273 4   275 16   288 8   291 16   294 16   297 4   335 4   337 12   347 4   350 8   353 1   357 8   365 8   368 2   377 4   378 16   383 1   390 1   392 1   395 16   398 1   410 10   412 8   413 2   418 8   419 10   442 4   452 2   453 2   455 16   456 8   458 1   470 8   480 2   493 1   498 3   523 2   526 16   532 18   556 8   559 16   574 16   585 4   590 4   591 1   593 2   594 16   598 1   603 20   605 8   609 4   611 1   628 4   629 4   640 8   641 16   658 8   660 2   669 4   673 8   677 4   687 24   691 16   692 16   694 4   699 8   702 1   735 8   742 16   743 8   761 2   764 20   766 2   768 1   770 2   788 12   801 4   804 8   818 1   825 8   832 8   848 2   851 1   852 2   855 4   864 4   879 1   883 8   884 2   889 4   890 2   895 8   897 16   901 1   903 4   905 8   908 1   910 16   911 16   916 16   930 8   936 8   939 1   944 16   949 1   956 10   959 16   960 16   
175  919     5 2   19 4   21 8   23 16   26 4   29 2   40 3   44 16   49 2   57 1   70 4   72 26   75 4   91 8   108 8   111 1   125 4   132 1   140 16   142 1   146 4   147 8   149 2   160 2   163 1   174 1   181 2   184 5   188 8   194 2   207 2   219 2   225 2   226 9   229 8   231 4   234 2   235 24   248 8   252 1   257 2   259 8   266 6   268 4   274 1   277 16   283 8   286 1   287 2   291 8   292 1   298 8   301 4   307 8   315 16   321 1   322 2   324 16   327 8   328 2   342 2   344 2   346 8   351 1   353 2   358 2   375 16   378 4   391 16   399 1   412 1   414 3   420 16   423 16   425 4   431 1   433 20   435 16   436 8   443 8   445 16   448 1   449 2   452 2   464 8   465 1   466 16   467 8   481 8   483 4   494 8   495 4   502 18   504 16   506 2   509 2   511 2   512 4   526 8   531 2   535 16   539 4   540 8   544 8   546 16   555 4   564 1   566 8   570 4   578 1   586 4   587 1   592 16   599 16   609 4   611 16   621 16   623 4   634 4   642 1   647 4   656 4   658 4   663 4   669 18   673 16   678 8   679 1   690 1   692 8   704 2   705 24   711 16   712 2   716 4   719 4   722 6   728 16   729 4   731 2   734 8   758 2   762 18   771 16   772 2   774 16   783 16   784 2   790 8   799 16   806 16   807 2   809 8   817 8   820 2   827 5   841 2   842 2   847 8   853 8   856 4   864 4   871 16   873 1   875 1   878 18   885 4   893 1   906 4   908 16   913 9   932 6   936 4   938 8   944 16   
222  927     3 8   10 1   14 8   18 16   22 2   25 2   28 1   30 4   31 8   35 1   36 16   43 8   45 1   47 8   55 4   63 17   71 16   78 8   90 1   94 2   96 2   103 16   105 8   113 16   117 8   119 4   128 16   129 16   130 8   135 1   139 2   141 2   144 16   146 2   157 1   161 1   163 4   166 1   167 16   176 5   178 4   181 16   184 1   189 1   201 2   202 10   205 16   209 4   212 4   213 2   214 1   215 4   218 8   219 8   222 4   228 1   232 2   234 1   236 1   238 4   254 4   255 1   261 16   284 8   295 16   310 16   320 1   326 16   330 8   332 8   359 4   365 1   373 4   375 4   383 1   395 3   400 2   401 8   403 4   407 16   422 1   429 16   430 1   431 16   432 17   435 16   437 2   438 16   441 16   443 4   447 16   451 8   452 2   453 16   460 8   462 8   463 1   466 8   474 16   480 16   483 1   484 1   487 16   492 8   499 8   500 8   501 2   516 16   517 8   529 1   535 8   536 2   537 6   545 2   550 16   551 4   552 1   557 1   558 8   565 4   568 1   574 8   578 2   582 8   589 8   592 4   596 2   599 2   601 2   603 8   605 2   608 16   611 10   612 8   614 8   615 8   616 16   619 2   628 2   632 8   633 2   634 16   635 1   643 4   655 4   657 4   660 18   662 1   665 4   675 2   677 3   684 1   690 8   694 12   699 3   701 17   703 4   710 8   711 1   713 8   714 20   717 2   718 16   722 5   724 8   727 1   730 16   741 1   743 4   745 8   749 9   762 8   763 2   770 1   771 16   774 16   781 4   797 1   799 8   800 8   802 4   803 1   807 8   811 8   813 8   822 1   823 8   826 8   831 4   838 8   841 4   845 8   848 4   851 12   853 4   854 1   857 4   858 16   862 8   871 2   873 2   877 8   879 4   884 16   885 16   887 1   894 2   899 4   907 8   908 1   909 2   921 8   923 1   931 1   936 16   940 1   947 16   948 8   953 4   954 2   957 1   960 16   
169  909     6 16   8 8   16 1   17 1   41 4   48 2   51 2   60 4   69 2   77 16   81 8   96 1   99 2   100 24   104 1   107 1   113 8   114 2   121 2   129 2   146 16   150 8   166 4   177 4   183 8   190 1   195 16   206 8   209 16   219 16   231 2   234 1   235 4   241 16   251 4   252 4   253 8   257 1   259 1   269 2   273 2   276 8   285 16   286 16   288 16   290 2   297 8   302 4   311 1   312 16   314 16   315 2   318 4   324 4   329 8   333 2   337 1   342 16   348 4   355 2   364 16   368 1   376 4   386 4   389 1   391 9   393 8   407 4   408 1   422 2   440 1   451 1   453 1   454 4   458 16   460 1   465 2   478 8   482 5   484 4   490 1   491 1   494 24   498 16   506 1   508 16   525 4   532 2   543 2   547 16   549 2   552 9   556 4   574 1   586 8   591 16   595 1   596 8   604 4   608 2   611 1   617 2   626 4   628 3   629 4   632 8   634 2   636 16   638 1   645 2   657 4   658 2   664 2   671 2   675 16   678 1   684 8   685 20   688 16   703 4   709 1   710 16   717 2   727 4   728 4   729 2   731 8   733 18   734 4   740 1   749 2   751 8   753 17   755 1   760 8   763 16   769 1   774 4   782 16   787 4   788 1   795 8   812 16   815 2   819 4   829 1   838 1   843 2   845 8   846 16   850 1   855 16   860 4   869 4   884 16   895 16   899 1   902 8   907 8   910 1   914 1   919 2   926 2   927 1   928 2   944 16   950 16   951 8   959 16   
136  876     1 8   3 3   14 1   18 6   20 6   22 2   23 16   28 8   38 16   43 16   46 16   64 4   74 1   75 2   96 1   98 8   114 16   128 4   152 8   157 2   164 2   169 2   176 2   178 2   179 16   181 16   184 4   185 1   188 16   196 8   203 4   206 2   210 2   219 2   222 1   229 1   245 2   258 4   262 8   269 16   273 16   274 16   285 1   300 8   313 2   321 16   325 16   327 4   357 2   361 1   368 2   372 2   388 8   390 8   402 1   403 8   404 4   408 1   450 8   457 8   468 2   475 1   476 8   491 1   495 13   498 4   500 2   506 2   509 2   523 16   541 8   553 6   565 8   573 4   574 1   581 1   584 1   587 2   589 8   591 8   592 4   593 3   604 16   607 9   611 8   614 1   625 16   630 1   634 16   638 16   653 8   655 16   657 1   660 2   663 16   669 5   671 1   673 18   676 2   679 8   683 8   684 2   695 4   709 1   710 16   717 1   727 4   749 8   760 1   767 16   777 10   782 2   801 17   819 1   829 16   834 8   839 1   852 1   855 1   859 24   863 1   876 8   878 8   884 4   888 2   889 1   895 8   896 16   899 2   913 16   921 8   930 4   935 2   937 1   948 16   950 20   
131  916     7 16   8 17   11 16   16 4   18 4   20 8   22 4   25 8   28 8   33 4   36 1   42 5   50 1   52 2   59 2   63 2   73 4   80 16   82 1   86 2   87 2   104 2   114 16   120 2   138 8   153 16   163 1   166 2   167 12   170 1   184 4   192 16   193 8   194 1   198 4   210 5   213 4   221 2   223 4   239 16   242 1   251 17   253 1   256 2   257 10   275 1   276 3   279 20   290 2   303 4   306 8   309 16   322 8   328 16   334 1   340 4   342 4   346 4   353 8   368 4   379 2   381 4   386 4   388 1   399 1   401 8   411 16   414 4   421 2   448 4   468 2   481 4   488 2   489 8   492 10   495 1   500 1   503 1   509 4   512 16   522 8   532 2   541 4   575 2   577 16   586 5   590 8   600 16   607 20   609 8   613 8   614 1   616 1   620 9   624 8   626 17   633 4   663 24   667 8   674 16   678 4   685 1   694 4   705 4   716 2   723 16   739 8   745 18   748 1   753 4   772 16   780 1   784 16   785 6   794 16   801 8   816 2   825 8   846 16   851 4   860 17   862 16   876 17   883 1   898 1   902 16   914 1   920 8   935 4   945 1   952 16   
152  892     19 4   20 18   24 2   32 16   36 2   53 4   74 16   75 1   107 8   109 2   114 16   128 8   137 1   142 8   157 16   159 8   160 2   163 20   171 4   176 8   178 4   188 16   193 1   196 4   209 8   210 16   227 2   233 1   241 1   253 2   254 4   259 2   267 1   286 2   295 4   296 11   305 4   309 2   329 1   337 16   338 1   346 2   347 16   356 18   357 16   370 2   376 2   387 1   397 2   401 1   406 2   409 8   413 16   414 3   417 8   425 4   433 1   434 8   441 2   446 1   472 1   474 8   486 2   491 16   500 4   506 4   508 16   510 4   522 3   524 1   536 1   544 4   545 2   547 8   548 16   549 4   560 8   562 12   563 4   566 1   570 4   574 17   577 8   587 20   588 3   592 16   594 4   599 1   602 8   604 2   605 16   617 8   619 1   626 1   627 8   639 4   657 4   659 26   665 3   666 8   670 8   674 16   678 1   680 1   688 4   708 8   712 4   714 4   724 4   729 1   731 17   743 10   760 2   762 8   776 2   784 4   787 4   792 12   795 16   796 8   800 16   801 1   809 8   821 8   827 4   829 2   832 2   833 1   837 4   839 1   855 1   860 16   862 1   871 4   874 8   876 8   880 2   881 16   894 8   898 2   901 16   903 2   906 8   907 1   912 4   927 1   946 16   952 8   954 16   956 4   958 2   959 16   
149  891     6 8   7 2   14 1   22 1   26 2   33 16   38 4   40 16   42 8   54 4   62 2   72 2   74 16   80 16   83 20   91 1   100 4   113 2   117 4   119 7   126 8   142 4   157 1   161 2   181 8   187 8   203 2   214 1   215 1   218 2   221 4   223 8   224 8   230 16   232 1   235 8   236 4   243 16   256 2   286 18   289 1   299 8   301 4   308 8   318 2   333 2   338 8   345 4   346 1   348 8   350 16   356 8   362 1   374 16   380 18   386 16   387 13   398 18   424 1   430 16   458 1   459 1   472 4   479 2   486 4   489 1   497 1   501 8   502 7   507 18   517 4   524 4   525 16   535 8   547 5   553 4   558 8   560 8   562 16   568 8   572 4   574 1   578 16   582 16   594 1   597 1   601 16   602 2   606 4   608 4   620 4   624 18   625 8   631 8   638 8   649 4   653 4   661 8   663 22   664 1   676 2   682 4   686 8   688 16   690 2   691 1   694 8   698 18   701 3   702 16   704 8   708 12   722 1   737 1   748 1   753 8   755 16   764 4   771 1   776 1   783 2   788 2   805 2   806 4   815 12   818 8   819 2   821 2   835 8   839 16   853 8   857 2   864 4   876 1   891 4   895 8   902 6   903 8   906 8   910 24   917 1   918 16   920 1   922 2   932 1   938 16   943 4   955 16   959 1   
134  873     0 1   3 16   8 1   17 4   19 4   47 1   54 2   58 16   61 2   64 2   71 2   73 1   77 8   89 4   90 1   91 8   94 8   96 1   97 1   100 2   115 2   121 16   135 8   137 3   146 1   148 2   150 8   173 2   176 16   182 8   188 2   190 4   196 1   198 4   200 8   205 3   223 2   225 16   227 1   230 25   237 16   254 8   264 1   270 1   271 8   282 1   288 16   306 16   311 4   325 24   355 13   356 16   372 2   380 16   393 4   394 8   403 1   407 1   409 2   420 1   429 2   432 24   433 1   434 16   436 4   447 2   451 4   455 2   459 16   465 8   467 2   478 1   483 1   486 16   493 1   503 8   504 4   516 5   521 4   524 1   535 2   538 1   541 4   545 1   548 8   553 8   586 5   596 1   597 8   603 16   605 4   611 2   616 2   620 2   628 20   642 1   648 8   663 16   670 2   674 8   705 1   721 4   722 16   729 16   737 16   767 1   774 4   782 8   787 4   793 24   797 8   818 16   819 16   820 16   830 1   833 2   834 16   836 2   848 8   854 1   867 1   868 8   869 4   872 1   896 4   904 9   907 8   922 1   929 1   934 4   942 4   946 2   948 2   956 2   
160  928     1 1   7 2   12 1   15 16   20 2   23 1   26 2   27 4   29 18   47 4   48 8   50 4   52 16   66 8   68 16   74 2   76 8   89 8   97 1   104 2   107 1   110 2   111 16   117 16   118 16   119 8   121 1   124 4   125 2   126 8   134 8   135 8   145 8   154 16   157 6   160 2   161 2   174 16   175 1   179 1   182 4   184 2   185 16   192 1   202 4   205 17   207 16   208 16   216 16   224 16   226 2   244 2   245 4   248 8   263 2   274 1   282 4   287 2   293 12   294 16   296 8   297 2   303 16   308 4   310 3   314 4   316 16   330 1   371 1   393 8   396 8   399 4   402 1   405 16   417 8   425 16   428 1   437 8   438 10   440 2   444 8   452 2   459 8   471 16   480 4   483 1   485 8   486 16   493 16   500 3   505 1   506 4   517 2   524 4   537 2   538 16   540 20   543 1   544 8   547 2   549 1   566 4   568 4   572 1   577 4   580 1   588 16   608 9   612 4   617 16   625 16   645 2   647 1   649 16   653 1   661 4   664 16   672 1   691 4   693 2   697 16   703 6   707 4   714 1   718 2   719 2   731 1   738 2   743 8   748 2   751 2   757 2   759 16   761 16   763 8   783 1   799 16   805 2   806 4   825 5   826 8   830 2   833 1   838 16   840 16   842 2   845 1   851 4   853 16   860 16   871 2   877 16   878 4   889 2   890 1   908 8   917 8   920 2   934 8   949 16   
148  911     2 2   4 8   6 16   19 8   20 4   22 4   25 1   38 8   42 16   47 16   48 1   51 1   55 2   58 8   70 8   92 4   105 8   116 2   117 24   136 4   137 2   147 8   153 1   156 4   165 4   172 16   174 4   178 1   180 1   183 4   187 16   195 1   198 1   212 1   220 16   225 16   226 8   228 2   230 1   232 4   242 8   246 2   249 4   255 16   261 8   283 2   285 8   308 1   309 16   314 4   319 16   320 8   345 7   346 16   351 4   352 4   366 2   374 1   375 1   387 4   394 1   397 18   399 8   404 4   405 1   413 16   417 8   422 16   432 4   439 4   455 4   459 1   461 1   463 16   468 16   470 24   474 5   477 1   495 2   498 4   503 4   508 16   514 4   516 4   517 4   520 4   533 2   535 1   536 1   539 16   541 1   563 4   564 8   569 1   576 8   579 1   582 12   602 4   605 8   611 2   615 16   636 4   640 2   654 4   655 17   663 1   673 16   686 8   691 1   695 4   703 4   706 16   713 1   726 1   729 1   731 2   747 4   785 1   787 1   791 9   801 8   809 16   810 4   813 2   815 4   817 4   834 2   840 1   859 8   867 16   873 1   877 1   883 8   884 8   885 1   892 1   894 4   903 16   905 1   906 2   907 1   910 4   919 4   932 1   948 8   949 8   952 8   953 1   
126  878     15 10   16 16   18 4   20 1   32 4   48 10   52 2   60 4   63 8   69 4   73 2   77 8   81 16   94 4   99 4   113 16   117 2   121 16   130 8   135 2   141 4   142 2   154 8   159 16   168 24   171 1   175 8   186 8   192 2   197 1   201 16   217 2   222 4   232 8   233 2   239 4   253 4   270 2   277 8   290 1   299 1   300 16   301 16   334 2   340 9   372 16   381 4   384 2   394 4   395 2   403 8   405 3   409 4   413 2   420 4   421 8   423 16   426 10   434 1   438 2   445 8   472 4   481 16   505 8   514 1   523 2   527 2   543 1   551 3   556 16   558 16   564 16   567 10   575 1   590 4   598 16   608 16   618 16   633 16   635 1   638 12   642 1   646 24   653 8   654 8   658 2   663 1   680 8   688 1   689 16   712 1   724 16   735 16   761 16   762 24   766 2   767 16   776 1   777 8   785 2   792 16   800 1   806 20   810 10   811 4   812 1   820 3   825 8   826 4   830 16   847 4   854 8   859 4   868 16   877 8   883 4   884 8   888 8   889 1   891 8   903 1   911 1   920 1   924 1   929 1   942 1   
165  882     1 8   6 1   17 11   18 8   19 4   21 16   23 6   27 2   29 16   34 8   36 16   38 1   39 4   40 16   51 8   60 1   62 1   64 16   72 16   81 8   93 4   95 10   103 4   114 16   117 4   118 16   125 8   140 8   145 2   146 1   166 8   168 16   177 16   181 1   194 4   195 16   196 8   206 1   227 16   229 8   230 1   231 2   242 1   245 16   252 8   261 8   263 17   268 4   275 4   285 16   288 9   296 1   300 1   310 2   322 8   343 8   349 16   359 16   361 8   362 8   364 16   368 16   372 1   374 8   380 1   384 8   395 16   413 8   423 8   431 8   432 8   437 8   440 1   444 4   445 20   446 16   449 1   453 1   459 8   463 16   465 8   466 16   472 1   478 4   483 1   495 4   499 4   500 4   527 2   529 4   533 16   534 16   536 18   545 4   547 8   549 8   551 20   554 16   560 16   563 16   565 1   571 4   572 24   577 1   580 8   591 1   592 4   595 3   598 2   601 1   602 4   625 4   626 4   629 2   630 4   643 1   646 16   666 1   670 8   678 16   681 8   684 2   691 8   695 1   699 2   724 16   731 16   741 2   746 2   761 2   765 2   771 2   786 8   799 16   801 16   802 1   805 2   807 2   808 2   815 2   821 3   836 1   847 16   854 8   862 4   863 16   871 16   873 8   889 16   890 1   899 2   904 8   910 1   911 8   914 2   917 8   919 4   921 8   924 4   928 8   930 8   935 16   936 8   948 1   949 3   
136  889     9 1   12 8   16 1   26 16   29 8   33 2   41 8   42 4   54 16   57 2   58 1   59 4   68 2   74 18   75 8   78 4   79 16   80 2   107 16   113 1   114 12   117 4   121 2   125 16   131 2   150 1   151 16   166 16   176 4   178 1   180 4   193 2   194 8   195 16   198 4   203 16   211 1   217 16   223 1   227 1   242 1   257 2   261 8   277 1   283 8   288 16   297 8   301 2   315 16   325 16   351 8   352 2   358 1   363 1   369 16   373 1   392 1   420 4   421 17   426 8   427 16   451 17   460 2   464 4   465 10   469 8   474 1   479 8   488 2   494 2   506 16   531 2   532 1   556 1   563 8   570 1   575 5   595 8   604 2   608 2   612 2   627 2   639 4   652 8   665 5   668 4   675 1   676 20   680 16   686 1   687 8   696 8   699 1   700 4   705 4   706 16   713 4   718 8   728 1   738 16   740 8   750 16   764 4   775 1   789 16   790 2   791 1   792 4   794 1   798 1   799 1   806 16   807 4   809 2   811 16   818 8   819 8   823 2   825 1   859 1   873 8   879 16   881 16   888 4   889 2   900 8   901 8   904 8   905 2   911 2   913 16   922 8   924 8   931 2   955 8   956 1   
125  902     3 1   19 8   24 16   36 1   41 8   43 2   47 16   48 3   52 12   72 1   77 1   80 2   90 1   97 16   115 2   121 8   137 16   143 2   145 1   151 4   152 16   159 1   165 4   168 1   171 18   176 16   180 4   182 16   187 1   213 1   215 16   220 2   224 1   234 4   236 8   239 2   241 16   249 1   260 2   267 1   286 1   288 2   293 1   306 1   311 1   326 16   327 2   335 8   339 16   358 8   367 2   385 16   393 17   402 2   414 16   437 12   441 4   445 2   446 4   447 8   448 2   458 16   460 4   461 17   467 2   482 16   483 2   502 1   509 4   511 8   525 4   546 2   551 4   558 4   565 4   570 8   572 16   574 2   586 2   607 2   613 5   621 8   642 4   644 20   676 9   677 8   679 2   696 2   708 17   723 2   728 4   741 1   742 4   745 8   748 4   749 16   758 16   765 8   775 4   779 2   783 1   784 2   786 1   796 1   801 2   812 2   813 8   815 16   817 2   820 1   821 8   830 8   837 5   840 16   844 1   847 4   855 4   858 16   883 24   892 20   896 16   898 2   909 16   922 4   960 16   
188  933     1 16   2 1   3 4   9 2   12 2   14 1   28 5   30 2   41 1   42 16   43 16   49 2   51 20   59 1   65 1   72 16   79 16   84 6   88 2   92 16   93 1   94 1   99 2   103 16   116 1   119 1   123 16   140 4   146 16   153 1   162 4   169 8   178 8   183 4   197 2   198 2   202 12   203 16   208 8   210 16   213 16   215 2   225 8   228 8   235 16   237 2   247 16   248 16   250 16   266 4   271 2   276 8   285 10   288 12   296 16   299 1   300 14   301 4   308 2   309 4   310 4   322 8   325 2   342 1   343 8   345 5   347 8   349 2   353 8   354 16   356 1   358 17   361 4   366 1   377 1   378 8   384 1   398 8   403 16   412 4   421 4   422 16   423 5   424 8   430 2   437 16   439 1   449 4   450 4   463 8   464 2   465 2   471 16   473 4   477 2   482 1   483 8   486 8   504 8   507 1   510 2   514 8   521 2   526 4   527 16   528 4   530 10   537 16   538 1   540 8   545 4   546 1   553 2   555 16   559 8   569 16   570 1   579 1   589 8   590 2   591 1   598 8   615 8   620 2   627 1   628 8   629 1   632 4   633 2   637 16   638 4   645 16   650 2   651 4   656 1   658 1   665 1   674 2   680 8   687 4   695 1   700 16   707 16   714 2   719 1   721 16   731 2   732 5   744 1   750 2   765 8   769 8   773 8   797 4   802 4   808 18   813 16   814 16   821 4   828 8   834 16   842 2   856 16   862 16   864 4   867 16   868 1   875 4   887 16   899 4   906 16   911 1   914 2   918 16   921 5   922 8   928 2   929 8   931 1   932 24   934 4   936 4   937 2   943 8   945 6   955 16   957 16   960 1   
179  929     2 8   3 24   9 2   13 2   15 3   17 4   22 4   25 4   33 2   40 2   41 3   44 4   47 8   60 1   65 2   70 16   88 8   92 2   99 8   106 10   107 16   114 3   118 2   120 16   123 1   124 10   127 2   136 1   138 4   140 10   141 16   152 2   181 4   184 18   188 8   193 24   195 8   197 4   199 4   209 4   217 1   229 4   233 20   243 1   248 2   250 2   259 18   260 1   264 4   265 2   269 4   282 2   288 4   293 2   295 8   302 8   314 1   315 8   323 16   329 4   330 1   337 5   344 8   346 8   355 1   357 1   364 8   365 2   373 1   385 2   386 16   387 16   393 16   400 1   409 1   419 4   424 2   430 2   431 1   441 2   442 18   448 2   452 2   455 2   458 4   474 1   487 2   491 8   492 16   505 4   509 17   511 16   512 8   514 16   517 2   529 8   530 16   538 16   540 8   544 16   549 2   551 1   555 2   557 2   567 2   571 24   573 16   574 6   580 8   589 2   590 8   595 1   596 16   609 4   620 4   621 4   625 8   626 4   630 4   632 4   633 1   640 3   641 8   648 16   658 8   659 4   661 2   666 2   670 12   679 8   681 2   697 16   702 2   707 8   710 2   719 4   726 3   727 4   730 16   731 8   732 2   736 16   742 4   748 24   764 4   766 8   771 1   776 1   779 16   780 4   784 2   800 16   803 4   804 5   807 16   817 1   818 1   819 16   828 4   832 2   834 2   839 8   860 8   880 1   881 1   888 2   892 16   904 2   905 16   916 2   937 8   939 4   940 8   944 2   955 4   956 8   958 4   959 16   960 4   
153  921     3 2   23 16   27 2   48 9   50 2   56 16   57 4   58 1   66 16   67 16   84 8   89 16   90 2   91 2   100 1   104 4   109 16   118 1   125 4   133 1   143 2   151 16   161 1   167 8   172 1   174 1   175 4   182 2   194 4   213 1   222 16   224 1   230 4   245 1   256 8   261 4   267 16   271 8   281 16   284 9   285 8   289 8   297 2   303 16   304 2   308 1   315 16   319 16   328 24   346 8   352 4   358 4   363 1   384 8   385 1   387 4   400 8   406 16   407 4   408 4   415 8   416 8   424 2   427 4   433 16   436 1   451 16   453 12   454 4   459 8   465 2   469 2   482 16   486 4   490 4   493 16   495 1   507 16   514 16   536 4   542 16   545 2   546 2   550 4   557 2   578 16   587 2   594 1   606 16   607 2   608 4   617 16   620 4   627 2   631 16   639 16   655 2   660 2   663 4   664 8   679 4   680 2   683 2   689 16   691 4   692 16   693 2   694 2   695 4   706 4   713 1   714 8   725 12   728 16   730 1   732 4   743 4   745 8   751 8   755 16   758 4   771 16   772 2   785 1   793 24   795 6   798 16   799 12   813 9   820 1   824 2   828 1   843 2   847 16   850 24   857 12   858 4   859 8   865 16   867 1   881 2   903 8   911 4   913 2   923 8   927 8   932 2   936 8   939 4   943 2   944 4   954 1   958 1   
136  919     9 16   10 1   16 4   29 1   30 16   35 2   36 2   40 2   43 1   53 1   59 2   64 4   69 1   76 1   84 4   87 9   91 8   95 12   103 8   109 4   115 2   134 8   151 8   160 2   164 2   166 8   183 1   188 8   198 1   217 1   223 4   229 1   234 1   261 16   267 3   272 16   282 4   296 4   303 1   304 16   335 1   339 4   340 8   349 2   354 1   360 1   361 1   362 8   384 16   391 16   397 4   409 2   433 2   441 8   443 8   448 2   453 10   454 8   455 1   458 1   471 16   474 2   477 5   478 20   481 16   487 2   490 2   492 2   494 4   495 2   498 8   513 10   520 12   523 16   529 1   535 8   539 8   540 4   546 4   551 2   566 16   567 8   572 2   579 8   580 8   585 4   590 1   599 1   601 24   608 20   615 2   617 10   621 4   623 16   635 4   637 1   643 1   644 16   647 8   672 1   684 2   692 1   707 16   722 2   732 8   733 1   738 16   762 16   771 1   772 1   773 24   775 8   786 8   793 2   803 16   812 2   825 2   835 4   848 16   850 2   854 17   856 1   857 1   877 8   883 16   894 2   901 17   905 16   911 10   917 8   930 1   938 8   952 4   953 8   958 18   960 4   
158  911     4 2   7 2   8 1   20 1   23 4   29 4   33 1   37 4   45 1   49 4   55 4   59 2   60 2   61 2   67 20   71 16   75 16   88 2   89 4   96 2   98 2   104 8   106 4   110 8   111 16   120 1   126 8   127 8   128 16   130 2   133 16   135 2   138 4   146 4   153 4   161 8   174 16   183 16   189 1   191 2   192 2   194 8   199 2   203 16   205 16   208 1   211 8   215 1   241 2   246 8   261 2   263 16   281 4   292 8   301 8   304 16   309 2   312 16   332 4   335 1   346 4   358 8   359 2   360 2   365 4   377 8   379 8   397 1   407 2   410 16   417 2   419 1   420 1   434 1   447 4   448 4   458 4   461 4   468 1   469 2   476 4   477 2   480 16   486 2   505 8   516 1   518 1   523 1   524 16   536 3   543 4   558 8   561 16   573 16   579 2   584 2   586 3   589 4   596 2   602 16   611 12   613 1   627 2   637 8   639 18   646 4   658 2   661 8   662 8   670 16   678 2   684 16   701 2   703 2   705 2   706 2   724 8   725 1   727 1   736 2   741 4   747 8   762 4   764 2   765 2   769 1   770 8   771 4   775 16   793 2   794 4   799 2   804 5   805 4   812 8   821 8   827 2   833 2   837 8   841 2   842 2   848 1   850 10   852 16   854 4   860 16   861 4   867 4   888 16   890 16   901 9   909 4   911 2   932 2   938 2   940 4   946 1   951 1   
150  931     1 4   2 8   10 18   13 4   18 8   24 4   25 18   32 2   33 8   41 16   44 16   61 12   73 9   74 1   82 16   100 1   105 1   117 4   131 1   132 16   134 16   138 24   142 2   143 16   147 1   173 2   174 4   178 1   179 4   182 4   184 16   191 16   201 8   220 2   223 1   226 4   227 2   231 2   232 1   236 1   246 3   265 18   283 4   284 16   286 1   291 1   293 2   298 2   304 4   328 2   340 1   349 1   355 1   362 8   395 4   403 4   414 8   418 16   419 4   420 1   430 1   431 4   432 2   438 4   439 16   440 2   445 16   452 8   455 4   462 2   471 16   477 8   481 10   487 2   498 1   507 16   508 4   517 2   524 4   530 16   535 9   536 4   548 16   551 1   556 16   564 16   572 2   576 4   580 18   591 1   606 2   610 1   635 8   637 1   640 8   641 1   646 16   647 2   653 8   654 8   656 17   662 2   664 17   666 16   675 16   685 1   686 16   693 16   696 8   699 1   700 8   709 16   710 16   725 17   743 16   747 2   759 16   780 8   785 1   793 8   797 1   805 8   816 2   822 1   826 8   833 2   842 2   844 8   850 2   861 4   864 2   868 1   878 1   882 16   886 1   891 4   894 16   897 8   904 4   907 16   910 5   911 2   918 16   919 4   928 8   929 16   945 16   952 8   953 1   955 2   
135  879     2 16   12 1   14 1   19 2   21 16   32 1   36 4   38 1   47 1   58 1   65 4   71 1   91 8   93 4   101 8   105 2   111 8   115 4   158 8   163 8   167 16   181 2   189 4   196 4   202 8   210 2   218 16   222 4   239 10   261 8   274 8   277 2   280 1   281 16   297 4   302 16   317 20   322 4   327 1   341 4   348 1   350 1   367 1   376 24   390 1   398 16   400 4   412 18   420 16   426 16   435 1   437 8   440 1   445 16   449 4   456 5   458 16   465 2   467 2   471 16   472 8   485 2   491 16   495 1   503 8   514 1   522 1   524 4   527 9   528 8   543 5   546 8   551 2   556 1   558 1   569 4   572 1   581 8   583 8   593 2   597 4   608 4   611 1   618 4   624 1   633 4   641 4   647 2   650 2   657 2   658 4   662 2   670 9   673 4   680 1   681 2   685 8   690 16   692 2   706 1   716 8   718 8   724 2   728 2   733 12   740 2   744 16   745 16   752 2   755 4   758 12   760 16   764 8   768 4   779 4   784 8   791 8   795 16   808 2   820 1   833 2   856 16   881 4   895 4   900 16   912 4   914 8   920 1   926 8   935 4   945 16   951 4   952 24   957 2   960 8   
240  936     0 18   1 8   3 2   12 1   16 1   17 8   18 8   19 16   22 4   26 1   30 8   39 2   45 8   48 8   51 4   52 20   53 8   55 2   56 8   57 4   62 2   63 1   66 2   72 8   74 8   76 4   85 25   94 2   99 18   100 8   103 8   109 4   113 1   115 16   119 8   125 8   127 1   129 1   131 4   135 1   136 16   141 4   151 4   156 4   157 1   158 2   159 8   168 18   173 1   182 2   191 8   193 16   194 4   200 1   204 1   208 2   209 16   210 2   211 1   213 2   215 12   219 2   225 3   226 2   238 2   242 1   243 2   244 1   245 2   250 16   253 16   254 10   257 4   262 8   264 2   265 9   267 8   270 16   271 2   274 16   275 8   283 8   285 2   287 16   289 1   302 4   315 16   317 2   318 17   320 6   323 2   331 20   334 12   336 1   346 1   347 2   348 6   351 4   352 1   356 24   358 1   359 10   372 1   374 4   385 16   387 4   391 4   392 4   395 4   400 16   401 8   404 8   405 16   409 8   412 1   416 1   426 1   430 16   437 1   445 17   451 1   452 1   457 1   459 1   460 4   463 4   465 1   466 4   471 2   473 6   474 2   478 4   481 2   485 1   486 2   490 2   496 2   499 2   502 2   506 8   511 9   514 4   516 16   517 4   524 4   528 16   533 4   536 2   537 4   539 4   540 16   552 8   562 1   563 2   569 16   578 4   585 16   594 1   596 8   601 4   603 4   605 1   625 2   629 1   632 1   635 1   636 8   640 2   644 4   647 8   649 4   653 2   654 8   657 1   661 9   663 20   666 24   668 16   672 4   676 18   678 1   682 4   686 1   693 8   698 18   705 1   706 4   707 16   712 8   725 2   729 2   730 16   732 20   735 2   737 10   739 2   742 4   749 2   759 16   762 16   767 1   772 8   778 2   785 8   792 10   798 16   804 17   807 4   815 8   816 5   824 4   825 16   826 2   831 1   834 1   837 16   845 6   848 2   853 16   854 2   858 2   871 1   875 16   889 1   898 1   906 4   910 8   917 1   920 4   921 8   925 1   926 16   929 4   933 4   934 4   937 8   946 8   955 4   956 16   957 2   
143  916     7 4   9 16   15 8   19 16   20 4   32 1   40 24   44 4   48 4   58 8   70 5   74 16   75 2   89 1   91 16   92 1   111 4   119 8   120 1   122 8   126 1   131 2   133 4   142 16   145 16   154 4   159 8   163 16   166 4   176 7   180 4   187 16   194 8   224 8   226 16   242 16   250 8   259 1   261 2   268 2   273 4   283 8   294 4   314 16   317 1   318 2   321 1   326 17   327 16   329 16   335 8   343 10   344 16   347 2   352 1   356 16   364 8   372 24   374 6   376 4   379 4   388 1   410 16   431 8   435 1   436 8   441 16   442 16   464 2   470 4   478 2   481 2   482 4   484 4   485 8   486 8   487 1   498 1   504 1   512 1   518 1   530 16   541 16   562 4   568 4   570 8   571 1   572 8   582 4   587 2   593 2   603 1   613 2   623 8   626 2   630 1   636 16   639 1   650 2   657 20   660 4   664 1   665 2   695 2   697 1   702 2   703 8   719 1   723 16   725 16   726 4   743 1   744 5   747 16   758 16   760 2   763 2   764 2   769 1   786 8   787 1   790 4   799 4   806 16   812 16   820 16   837 16   856 1   862 16   867 1   880 8   885 16   886 9   898 4   917 3   921 1   923 2   927 4   928 8   931 8   935 8   940 2   945 4   
170  905     11 2   12 8   16 4   18 17   26 16   30 2   41 8   45 4   48 16   62 4   64 1   66 16   76 8   84 8   91 2   94 1   107 16   109 16   115 1   117 2   128 1   133 4   139 1   143 4   164 18   168 16   170 4   172 4   173 1   174 1   177 4   184 2   187 8   196 16   198 1   199 2   203 1   205 2   209 3   210 2   216 13   224 16   226 1   235 24   236 4   243 4   245 4   249 16   257 2   258 8   260 2   268 2   270 2   276 16   282 2   291 2   293 16   295 4   299 1   313 2   314 2   318 1   329 2   339 1   345 1   351 2   357 8   364 2   369 16   370 2   382 4   392 4   398 2   411 2   414 1   420 16   421 2   427 8   439 1   454 8   464 8   465 8   477 1   497 4   500 1   501 8   505 8   511 4   518 2   523 2   524 16   525 4   528 16   530 16   532 2   550 4   553 16   554 1   570 16   572 16   574 8   583 16   584 2   590 8   599 4   612 4   613 4   617 1   619 3   634 4   635 8   643 16   646 1   657 16   659 1   660 4   661 1   667 8   669 1   676 4   677 4   691 1   696 6   698 4   699 2   705 8   711 16   712 8   722 4   728 1   732 4   733 2   739 4   741 1   747 1   755 1   758 1   773 1   775 8   779 4   799 4   800 16   811 2   833 16   834 2   844 4   848 16   850 16   855 4   861 12   870 1   871 4   879 1   885 12   891 8   893 8   896 2   903 16   907 1   924 2   925 1   929 1   930 16   931 1   932 1   934 18   937 8   942 1   949 4   955 8   
146  896     8 1   19 4   34 1   41 16   43 4   54 16   57 2   58 8   66 1   73 5   85 3   87 2   88 8   90 2   106 20   114 12   116 16   133 4   137 2   141 8   142 8   147 2   151 2   153 1   157 4   164 16   170 16   173 20   174 2   181 2   183 1   188 16   196 2   198 2   203 8   212 2   216 2   220 2   225 16   232 2   242 4   255 8   256 1   265 16   277 4   299 16   306 4   326 10   330 4   342 16   350 2   351 2   363 2   368 8   370 4   377 2   380 8   386 3   387 4   395 4   397 4   398 8   409 2   413 1   415 4   418 4   429 16   431 2   435 20   436 4   442 16   444 16   445 12   452 8   456 8   457 4   465 4   475 16   489 1   490 8   494 1   495 16   506 16   507 16   508 2   526 4   527 2   530 4   534 16   536 8   542 1   543 16   548 2   580 24   582 1   585 4   588 16   607 1   623 4   627 4   628 1   641 8   643 8   652 16   657 1   669 16   685 16   691 16   699 16   709 2   710 2   714 1   720 16   722 1   726 1   749 1   753 1   761 8   766 2   770 4   779 1   791 2   793 16   794 1   803 1   807 2   812 16   814 2   815 17   820 8   825 8   835 8   841 4   846 1   854 16   858 16   863 1   867 6   870 1   889 4   897 8   910 1   915 8   917 2   947 8   954 16   
192  887     0 2   7 8   17 9   20 4   22 4   23 4   35 2   41 4   42 5   43 16   45 8   47 8   48 1   58 8   70 4   73 4   80 1   84 4   95 4   106 16   112 2   132 1   133 16   140 9   143 2   144 16   149 1   150 8   151 2   152 2   156 1   160 6   176 8   180 8   187 8   189 4   193 2   195 2   200 8   202 4   211 1   216 4   217 16   224 8   225 4   230 4   231 8   236 4   239 16   241 16   246 3   247 4   251 4   254 6   256 1   260 8   263 4   271 16   282 2   285 2   299 8   301 8   302 8   309 8   310 1   311 2   317 1   319 10   324 8   327 16   329 1   330 3   338 1   339 2   357 1   361 4   365 8   367 16   370 16   374 4   389 16   391 1   393 8   394 4   398 16   400 16   404 16   405 20   408 1   414 5   420 8   429 2   436 3   438 2   443 16   460 2   461 2   462 16   465 16   469 4   470 8   477 9   479 8   480 2   490 4   494 4   495 4   498 2   508 3   512 8   517 16   519 4   520 4   528 1   549 2   553 8   555 4   558 8   560 4   564 2   570 3   572 2   582 2   592 8   595 9   600 4   608 10   612 1   613 2   614 4   618 16   625 8   634 16   635 1   642 5   650 2   657 20   660 4   667 8   668 4   669 8   670 4   676 5   679 8   682 16   683 1   686 8   693 16   700 2   702 20   705 2   707 8   714 1   717 4   719 2   720 4   734 8   737 2   739 8   747 2   760 16   769 8   772 8   781 8   785 4   789 8   795 20   804 2   812 6   815 8   819 8   822 16   829 16   831 1   835 16   849 2   851 1   855 10   857 16   877 16   885 10   887 4   888 8   907 1   910 16   911 8   922 1   925 2   934 16   935 8   939 8   944 2   
100  893     3 2   5 1   11 16   29 2   31 4   42 2   47 5   50 1   51 17   55 4   57 1   60 2   64 16   71 2   77 16   78 8   85 1   109 1   130 22   140 16   144 8   150 3   181 2   198 6   199 1   206 12   216 8   229 26   238 4   276 9   284 2   286 16   293 16   301 4   308 16   309 1   317 20   325 4   326 3   329 8   342 2   347 2   352 16   356 4   392 1   394 4   401 4   407 3   408 4   427 4   440 8   445 2   448 4   473 16   485 16   492 9   498 1   505 4   510 1   529 2   559 8   562 1   566 4   571 8   575 4   580 16   581 3   591 1   605 2   610 16   623 8   637 2   642 1   645 1   656 10   673 4   674 2   751 24   752 16   755 26   783 2   796 16   801 16   822 4   824 16   834 1   840 16   843 1   845 20   856 3   862 4   863 8   878 4   880 2   885 1   890 2   896 2   899 10   933 16   958 16   
161  884     6 4   7 16   19 12   21 1   29 16   32 16   37 5   41 4   57 16   65 16   73 2   77 4   78 1   82 1   94 2   97 1   99 4   100 8   106 2   114 4   115 4   117 2   124 8   125 4   131 2   138 8   141 8   143 16   164 4   165 16   186 1   187 16   208 16   213 4   218 4   233 8   242 2   259 1   261 4   283 1   286 4   288 8   297 8   299 8   312 1   322 16   329 16   335 16   337 8   338 8   342 1   352 8   356 2   358 2   366 1   368 2   372 2   374 24   383 4   388 2   389 16   409 2   423 1   425 1   428 1   448 1   451 4   457 16   467 20   485 1   495 2   497 10   501 2   502 3   506 8   507 4   531 4   535 16   545 1   549 4   552 2   558 1   565 4   567 1   574 16   578 2   581 2   585 1   594 8   601 1   604 4   613 16   617 16   619 4   625 8   633 8   636 4   637 1   645 1   648 8   649 2   651 4   664 16   666 16   677 8   680 8   693 4   696 4   705 8   709 9   715 3   720 16   727 16   735 1   737 8   738 16   744 16   745 4   748 16   749 2   756 2   760 2   762 2   763 16   764 4   779 8   781 16   783 16   805 16   808 1   810 16   819 1   822 16   823 2   833 2   835 2   836 12   837 4   838 8   841 16   843 4   844 8   850 8   852 20   866 2   868 16   882 4   887 1   895 2   896 16   900 2   910 8   914 1   916 4   919 1   924 4   925 4   932 16   937 2   948 8   949 4   
147  892     14 16   16 16   20 8   23 1   24 2   25 17   29 1   35 16   36 4   44 16   54 1   55 2   67 5   73 8   95 2   96 4   99 8   102 1   110 16   121 8   124 2   125 1   126 8   127 2   128 4   133 8   143 4   153 4   166 1   171 8   173 2   178 1   181 1   184 4   204 2   207 8   211 16   215 8   216 2   233 1   243 8   248 8   249 16   252 4   279 2   284 1   287 8   293 16   302 1   305 4   321 4   324 4   331 1   332 4   348 4   364 8   370 1   379 2   394 1   398 1   402 2   409 16   420 3   424 1   432 8   437 20   438 1   439 1   456 1   459 1   463 9   465 4   467 16   482 4   484 8   513 4   515 8   520 1   525 1   528 4   536 2   537 2   538 2   542 2   543 8   545 2   569 4   575 1   576 10   577 2   583 4   586 18   593 1   604 1   605 4   617 8   624 8   638 16   643 2   648 1   652 16   665 16   677 16   679 8   680 2   681 2   706 1   708 8   713 2   730 4   750 2   759 1   760 16   767 1   773 4   781 1   787 8   801 4   802 2   806 1   807 8   819 16   831 16   834 8   838 8   841 2   846 1   849 4   850 4   857 1   866 8   875 2   882 1   889 8   901 16   902 1   906 2   910 16   911 1   921 8   932 4   933 2   935 2   944 4   945 16   952 1   958 18   
118  910     3 8   20 1   26 8   47 2   51 8   67 8   87 4   113 24   139 8   145 8   153 16   160 2   162 17   163 2   171 4   175 16   181 1   182 4   207 2   225 1   232 4   233 16   241 1   247 4   248 10   252 2   255 2   258 8   262 1   271 2   284 9   298 24   301 1   305 1   331 4   336 4   339 8   340 8   346 16   347 4   349 4   371 1   376 2   386 8   391 18   400 4   407 4   416 16   418 2   423 4   424 16   440 1   450 16   478 4   496 4   501 1   513 2   514 4   527 8   538 13   545 2   548 1   557 4   562 24   567 8   583 1   591 1   603 4   608 2   619 1   623 4   629 8   633 4   646 2   664 4   672 28   676 5   677 1   678 4   694 1   719 10   730 4   740 16   748 8   753 8   756 16   767 8   777 12   791 2   800 8   805 1   824 17   829 16   834 4   837 1   839 2   844 2   857 16   866 1   869 4   873 8   876 2   877 18   886 4   893 1   895 4   896 4   904 8   909 4   915 16   917 2   921 2   923 16   924 16   925 16   938 2   948 1   957 8   
109  894     0 8   25 8   28 8   31 1   32 4   38 18   39 5   42 3   52 8   63 2   69 4   79 8   95 4   100 1   113 8   137 5   150 12   154 8   160 4   163 1   170 2   174 16   178 1   187 8   195 16   196 2   212 16   221 4   225 8   238 2   239 16   241 4   246 16   269 4   285 1   293 2   295 24   313 16   316 8   337 2   339 16   343 2   349 4   363 2   368 1   379 8   384 8   390 16   428 2   432 8   442 16   443 8   464 2   493 8   515 1   516 16   519 4   520 9   524 16   532 2   552 4   564 2   572 10   590 1   602 16   605 12   616 16   618 2   631 1   633 8   640 17   644 4   649 2   664 16   666 2   667 16   685 4   701 5   704 1   710 16   723 16   729 4   735 8   749 8   755 1   767 2   772 1   774 4   778 4   786 1   797 4   802 16   817 4   827 8   833 8   834 16   856 1   859 2   861 4   862 16   870 4   878 8   892 4   895 8   917 8   920 8   921 16   936 6   937 8   
159  908     4 1   5 8   15 4   18 8   32 1   52 1   56 12   61 2   63 20   65 16   68 4   88 8   96 1   109 2   110 16   112 2   117 1   119 16   123 16   133 1   140 16   144 2   145 1   150 16   156 4   161 2   162 4   168 8   188 2   193 2   197 16   222 2   229 9   246 1   247 9   248 18   251 1   255 16   257 8   263 16   268 16   287 4   289 3   291 1   297 1   311 4   312 4   317 2   323 4   326 1   327 4   328 1   340 8   347 2   348 4   355 2   368 8   371 2   373 8   379 16   381 2   383 1   393 2   396 16   407 16   412 16   416 1   421 8   423 20   425 4   431 8   432 8   435 2   452 16   456 2   457 2   459 2   461 4   462 16   471 1   473 1   484 1   486 20   492 8   496 4   500 1   504 2   505 2   529 16   532 8   544 2   549 2   553 16   568 2   572 12   574 4   581 2   587 4   605 2   616 8   620 1   628 4   632 16   633 4   635 4   638 4   639 16   657 3   661 1   667 2   674 4   675 16   679 1   680 2   693 6   694 1   698 16   714 8   715 8   718 2   724 18   727 16   728 2   732 16   734 1   736 2   744 16   753 16   758 16   767 16   778 2   779 2   786 4   793 3   794 16   797 16   804 2   806 4   818 1   821 2   824 4   826 4   831 16   834 16   836 4   837 2   840 2   841 1   857 4   859 4   868 2   892 2   895 2   907 17   912 2   941 4   946 4   948 16   951 16   
156  922     2 3   5 1   14 8   19 2   23 8   25 2   29 8   37 1   39 16   40 1   51 4   55 8   56 8   59 4   67 2   77 4   78 4   81 8   84 2   105 16   109 4   110 8   111 4   112 2   115 4   117 4   137 4   141 8   147 12   159 1   165 2   176 16   177 1   179 8   187 8   190 16   196 4   209 1   214 4   221 8   231 2   235 2   247 8   251 16   256 8   270 8   275 4   281 2   295 2   304 16   308 16   311 1   315 2   319 4   333 4   334 4   338 4   340 8   341 4   347 2   354 16   361 1   367 16   369 8   370 1   377 1   380 8   397 4   414 8   423 16   424 1   429 2   430 8   433 8   444 4   451 4   453 4   459 2   462 16   467 8   479 1   482 8   484 1   488 8   495 1   496 1   498 4   501 1   502 8   503 16   511 8   512 1   521 1   530 1   532 8   542 8   543 2   558 8   573 8   577 4   580 4   588 8   602 4   603 2   607 2   615 10   616 4   617 4   622 4   627 4   646 4   649 16   654 16   669 16   670 8   696 2   723 4   724 24   732 16   738 16   741 16   746 2   764 8   768 4   771 1   773 8   774 2   781 16   783 6   784 2   785 2   793 20   796 1   807 16   812 2   814 4   816 4   845 8   846 2   847 4   857 8   864 8   865 4   866 2   869 16   871 9   894 2   911 4   922 8   923 20   936 1   937 1   945 2   947 2   948 1   954 4   
162  905     6 10   11 1   15 8   16 8   28 16   33 4   39 2   53 16   56 8   57 8   62 2   73 2   78 8   90 16   110 4   122 3   128 17   129 1   133 16   135 8   150 1   170 16   171 8   173 2   175 16   187 1   192 16   197 8   201 2   203 1   222 8   223 2   225 1   230 4   237 4   240 2   242 9   258 1   265 16   281 4   287 16   296 4   299 1   313 8   314 8   317 16   320 4   324 8   334 8   346 4   355 8   362 12   373 16   374 8   377 2   378 8   385 8   386 16   389 2   394 2   396 2   400 16   401 2   405 1   408 8   412 4   420 1   424 4   430 2   447 8   452 16   457 4   467 16   470 2   482 4   488 16   501 4   504 16   507 16   510 9   513 10   515 1   523 1   524 1   528 2   539 1   540 8   541 16   542 8   544 1   547 8   550 8   553 2   557 2   558 8   563 8   571 2   572 16   573 1   595 2   604 2   608 8   611 16   615 8   619 4   620 8   636 1   648 1   649 1   673 3   674 1   676 8   697 1   698 3   700 2   707 5   713 12   719 4   735 2   737 1   738 1   747 8   750 8   762 1   767 1   771 8   774 1   778 8   783 1   791 16   792 1   797 8   799 16   801 16   803 16   810 16   813 16   821 2   827 8   831 8   832 8   846 8   860 10   861 1   862 8   866 1   874 8   877 16   883 8   886 18   901 16   904 8   909 16   913 2   914 16   918 8   920 4   933 6   935 4   939 16   942 2   949 2   
155  921     13 8   17 16   34 12   42 2   57 8   59 8   67 2   77 4   80 1   88 4   89 8   90 1   99 1   106 2   117 2   118 4   121 1   128 16   129 4   134 4   138 4   140 8   141 24   142 2   143 4   151 1   157 1   182 12   191 8   192 1   198 1   200 16   205 8   207 4   208 16   209 1   217 1   218 8   222 8   223 1   224 1   240 16   241 4   247 8   265 1   267 16   269 4   277 8   278 8   288 2   290 1   296 8   297 1   304 4   307 1   312 8   313 2   322 8   324 8   329 4   330 16   340 20   345 4   346 16   365 8   370 24   376 4   394 1   395 4   398 8   399 1   410 1   418 8   423 1   425 20   427 8   443 2   447 8   456 16   457 1   460 2   464 4   479 1   489 8   491 1   495 2   497 16   499 2   502 8   522 16   527 16   537 4   543 4   551 16   552 8   564 3   566 4   567 4   568 1   572 8   575 2   576 16   578 1   593 16   605 8   610 4   617 16   619 1   622 2   623 24   636 8   662 2   667 8   670 16   671 8   686 8   689 16   691 1   695 4   700 16   711 16   748 2   751 4   754 1   759 8   762 8   764 16   765 17   768 24   775 2   782 8   785 8   788 8   794 16   804 4   806 2   831 2   833 8   837 4   844 16   861 16   863 16   865 4   870 26   876 2   882 1   886 1   888 2   890 16   898 2   906 2   925 8   945 4   946 2   949 5   
150  892     0 4   4 16   5 8   9 1   17 16   23 1   24 1   32 1   34 16   37 4   39 2   41 18   44 3   62 1   65 4   85 16   98 2   101 8   115 2   118 2   122 8   135 5   136 2   137 24   144 2   150 8   157 4   167 8   168 16   175 4   176 16   178 1   181 2   182 8   187 4   190 8   196 8   198 4   204 16   206 8   210 16   213 4   234 4   245 2   248 2   250 2   257 8   262 1   269 6   274 1   284 1   288 2   301 4   303 8   308 20   330 2   336 16   345 8   349 16   359 16   365 1   381 4   408 4   414 4   427 1   437 1   457 2   476 8   488 16   494 2   510 2   513 1   516 1   530 9   531 4   535 2   545 16   546 1   548 4   550 8   563 1   570 1   576 16   578 8   580 8   581 8   583 2   589 4   591 1   599 16   609 8   612 8   618 1   626 8   628 1   636 16   638 1   642 1   654 24   661 16   662 16   671 8   672 1   680 3   688 2   689 1   692 4   693 16   703 4   720 2   723 16   726 1   732 16   734 4   771 2   775 16   777 16   781 4   787 4   794 16   799 8   805 2   806 8   809 8   818 8   826 4   828 24   829 2   830 5   831 8   836 16   837 4   841 8   844 1   845 16   852 2   877 4   880 2   892 16   893 1   896 4   910 16   919 4   922 1   928 4   929 1   934 1   935 10   939 8   944 22   
146  917     3 4   11 4   19 2   25 2   38 16   42 1   51 4   56 2   75 4   78 16   98 2   112 4   116 2   127 2   133 1   140 4   152 16   167 16   175 8   177 16   181 8   195 8   207 2   224 4   234 20   269 1   274 8   276 8   280 2   286 4   295 16   297 1   299 8   306 2   309 1   318 8   321 8   324 2   325 2   330 8   331 2   336 2   337 2   349 16   351 8   353 16   356 2   365 1   366 1   369 4   377 16   381 16   386 8   389 1   400 16   406 8   407 8   411 16   412 2   416 8   426 1   427 4   429 16   435 1   440 8   443 16   449 6   450 4   452 8   461 16   468 4   477 16   478 2   489 8   498 4   509 8   537 8   540 16   548 2   551 8   552 2   554 2   574 1   582 2   584 2   599 16   603 4   610 4   619 1   629 1   639 6   662 16   666 1   681 20   684 8   686 2   692 16   694 1   709 4   711 8   719 1   720 16   723 4   736 10   749 2   750 2   752 2   755 16   757 2   762 4   767 2   769 4   772 2   808 2   809 8   812 8   818 2   820 4   821 2   822 4   824 12   825 2   826 4   833 8   839 8   854 4   862 1   864 16   866 16   869 8   873 8   877 1   891 4   896 16   899 2   917 2   920 2   921 4   922 16   923 4   930 8   947 2   949 16   952 4   953 4   959 4   
159  926     2 2   9 8   19 2   22 1   23 1   26 1   28 8   37 8   47 1   48 4   55 8   56 24   69 8   73 4   74 8   93 16   95 8   97 1   104 4   109 10   117 6   120 16   129 4   130 1   141 16   143 17   145 4   146 8   158 1   164 4   166 8   176 4   190 16   193 16   199 2   209 1   219 16   227 2   228 3   229 4   234 2   244 1   249 8   262 16   263 16   270 8   277 1   288 8   292 5   321 2   324 2   332 16   333 16   335 4   341 8   345 17   346 8   350 18   356 4   361 9   368 1   372 1   376 2   400 1   413 16   425 1   426 4   429 1   434 8   440 16   444 2   458 4   466 2   470 3   472 2   480 4   489 16   504 1   507 8   531 2   536 4   537 1   538 16   540 1   544 2   552 2   578 8   583 16   588 2   594 8   598 9   607 8   610 1   611 9   614 8   626 8   627 4   634 16   639 8   641 4   650 2   661 8   667 20   670 16   673 16   675 4   676 8   680 12   684 2   685 8   694 16   701 16   703 8   706 4   707 20   715 4   717 4   719 8   724 2   727 1   734 2   739 16   744 4   746 4   750 4   764 16   767 16   776 17   789 8   790 4   791 16   796 8   797 10   802 1   811 2   820 2   830 4   837 2   839 4   845 2   850 8   852 5   859 1   869 4   871 4   872 1   875 16   880 2   895 1   910 5   916 1   917 16   928 8   935 4   938 8   941 2   944 8   951 4   959 1   
155  895     1 16   2 18   7 2   12 16   17 8   29 4   32 2   39 4   40 4   41 16   42 1   44 1   62 4   68 2   72 1   91 28   96 2   97 8   98 2   122 4   128 8   132 4   134 8   142 16   146 4   155 12   159 8   167 16   168 1   170 18   171 2   173 8   185 2   187 4   194 16   200 1   202 16   209 9   214 1   217 2   222 1   223 1   230 2   231 1   233 2   260 2   265 16   270 8   283 2   285 4   288 4   303 2   325 24   330 4   333 2   334 8   339 4   340 2   342 2   346 2   347 1   351 1   358 1   370 12   379 4   380 4   383 2   393 8   394 1   395 2   408 4   410 1   411 4   437 4   454 16   467 16   471 2   483 16   489 4   497 8   501 9   511 2   514 8   515 8   523 4   530 8   550 8   556 1   569 16   572 8   574 4   578 1   579 24   586 8   588 24   593 16   597 17   620 4   624 1   626 4   630 8   631 8   635 8   648 4   649 1   664 3   680 4   684 4   686 4   689 2   690 5   694 8   695 2   698 1   713 4   715 17   717 16   720 4   723 2   724 2   726 8   735 1   742 2   744 5   755 1   759 2   760 1   761 4   764 2   770 2   772 4   801 1   802 2   805 1   811 16   841 8   844 3   848 8   854 4   857 16   859 8   860 4   862 8   869 16   871 8   876 1   889 16   894 16   895 1   907 2   915 1   923 8   936 8   944 4   953 8   
152  923     0 2   1 4   3 8   4 2   12 8   21 2   25 1   31 8   33 8   35 3   38 4   39 4   40 1   45 1   57 4   65 10   72 16   74 1   76 8   77 4   80 16   81 4   88 8   98 1   108 8   121 4   124 16   125 1   126 2   131 16   137 1   142 2   143 4   144 16   155 2   156 2   164 8   168 1   172 4   176 16   192 20   197 1   199 2   200 1   211 1   214 1   223 1   224 16   225 16   227 4   236 16   245 16   248 16   254 4   278 2   286 16   288 2   312 1   314 8   323 8   337 16   368 16   372 8   397 1   400 3   403 2   406 2   407 2   413 8   415 16   428 1   440 4   446 4   454 16   463 8   466 5   469 1   473 1   487 4   488 4   502 2   503 16   505 1   507 8   516 1   520 8   521 17   528 2   534 1   535 2   560 2   571 8   579 2   585 8   600 8   608 2   609 2   611 16   613 6   622 4   629 12   638 1   641 2   643 8   658 8   665 5   668 2   670 4   671 1   687 16   697 4   707 4   712 1   718 16   724 1   730 8   732 16   736 8   740 4   750 4   753 1   763 2   783 2   784 2   785 1   788 4   826 8   830 2   837 4   838 1   840 16   842 16   847 8   849 1   853 16   865 16   866 4   876 1   879 8   880 4   884 2   889 1   895 4   913 18   914 16   919 8   923 12   927 8   929 8   934 1   937 1   944 8   
162  911     1 8   24 16   29 1   31 8   45 1   52 16   55 1   59 16   69 4   84 2   96 4   104 8   106 8   111 16   130 2   134 8   136 4   140 16   141 1   142 1   150 16   155 1   157 8   166 2   170 16   178 2   181 16   199 4   204 8   205 8   207 1   216 1   232 8   236 4   242 2   251 4   256 4   272 4   281 4   286 16   287 4   307 16   309 16   310 1   312 1   315 2   323 4   324 1   325 1   327 4   332 16   342 2   347 16   349 4   355 16   358 20   359 16   365 2   368 1   370 1   374 8   375 8   387 16   393 4   394 1   410 1   413 8   415 2   430 16   431 1   433 4   438 16   441 4   453 4   455 16   463 4   464 2   475 8   477 2   479 16   486 8   490 1   496 1   499 4   501 4   504 1   515 4   524 2   530 16   540 1   551 10   558 8   562 4   573 4   576 2   579 16   580 16   594 8   597 16   600 8   606 2   611 4   614 4   616 4   618 1   636 4   637 16   639 16   642 8   643 1   644 2   647 12   660 2   668 16   669 1   672 2   675 16   680 4   686 4   694 8   700 2   701 4   710 16   736 16   749 4   763 8   769 8   772 16   773 6   778 16   781 1   785 8   789 2   795 4   797 8   803 16   806 4   819 1   835 8   841 2   851 16   854 8   868 4   875 1   876 16   883 1   886 16   895 2   902 1   904 16   907 16   910 4   913 8   916 17   926 1   944 8   946 1   947 1   948 10   952 8   955 2   960 1   
147  881     13 4   20 8   21 6   25 2   28 8   32 2   39 16   42 16   47 1   55 1   60 9   69 4   73 1   78 2   90 2   91 24   98 4   112 4   113 8   116 16   118 2   137 1   139 8   153 2   164 4   166 1   170 16   174 4   175 8   176 8   180 1   181 1   183 1   200 24   203 5   216 8   222 2   223 4   225 16   226 1   230 1   236 1   238 16   243 8   244 16   245 18   252 4   255 4   285 4   287 4   298 8   307 1   309 4   313 1   318 17   320 1   321 1   337 1   348 2   351 2   360 8   385 16   387 2   392 4   402 8   405 16   410 8   411 8   419 4   426 2   443 16   446 16   449 16   450 16   456 8   473 4   476 1   478 16   486 8   491 16   493 17   497 8   502 2   503 4   507 2   520 10   543 6   544 16   550 10   557 1   559 4   562 4   565 2   568 4   573 4   586 1   587 16   597 4   628 16   636 1   638 1   640 8   643 11   651 1   664 4   668 8   679 24   715 8   717 2   723 16   724 1   728 2   729 4   730 1   743 2   750 2   756 1   759 4   765 4   767 2   782 2   784 16   790 8   793 2   796 2   797 4   799 4   803 8   807 1   811 8   815 5   830 4   836 4   841 4   842 8   880 16   893 4   895 1   897 4   903 2   919 1   922 8   934 2   935 2   937 2   951 8   959 8   
157  891     6 1   11 2   23 8   29 1   36 1   43 16   49 8   57 16   65 4   67 16   81 4   89 1   100 8   101 4   102 8   107 8   114 16   131 1   132 8   134 1   137 8   138 8   156 2   162 8   163 16   177 4   188 2   199 8   203 4   206 20   211 2   214 16   218 16   222 16   227 4   249 8   254 16   261 2   264 1   268 1   272 17   280 1   284 16   287 2   290 1   297 16   303 16   308 16   327 8   330 2   333 9   344 4   352 4   367 2   372 8   383 8   386 16   410 2   412 4   414 18   423 2   427 8   437 2   440 4   446 2   448 16   452 6   456 1   461 4   469 16   471 2   481 16   485 16   492 4   502 1   508 16   509 2   516 4   521 4   529 10   532 1   534 4   536 4   542 1   544 4   549 8   557 16   559 8   563 16   567 16   569 4   571 4   579 1   587 8   591 1   592 2   597 4   599 4   602 1   605 8   619 4   620 2   622 4   627 2   629 2   632 4   643 16   651 8   653 8   666 1   669 16   671 1   672 1   688 16   699 1   703 2   708 2   710 8   716 10   742 2   744 8   753 4   755 2   761 4   765 16   768 1   770 2   778 2   787 8   793 2   797 16   798 1   806 1   807 2   809 8   810 1   811 4   817 8   831 2   845 1   851 9   858 4   864 2   873 5   874 4   883 24   888 1   891 2   894 8   895 1   897 1   905 10   914 2   922 16   933 1   942 16   944 16   
152  915     2 1   4 2   5 8   10 16   12 16   27 2   31 8   32 8   33 8   61 2   64 2   84 8   87 16   101 8   106 1   111 8   130 8   131 1   132 3   134 16   143 16   145 1   149 1   161 4   170 2   172 2   180 4   185 8   189 4   191 18   192 2   200 8   202 2   214 4   216 16   224 9   227 2   232 4   234 16   251 16   252 8   258 6   268 24   271 2   278 16   281 16   284 4   299 18   301 8   306 1   313 2   317 1   321 4   327 9   340 8   346 4   359 1   360 16   367 2   387 16   395 8   396 17   411 16   416 4   427 1   428 16   436 4   439 8   447 8   449 16   456 16   461 2   463 8   471 2   474 16   476 2   481 1   491 8   494 16   495 4   499 2   501 3   506 16   508 4   512 1   529 16   544 4   558 8   564 1   568 4   578 16   583 1   588 16   596 2   598 16   600 1   606 8   611 1   618 1   631 2   646 8   648 2   658 8   672 8   677 2   678 9   680 16   685 1   686 16   703 8   711 4   721 4   723 1   725 2   735 6   738 16   740 1   750 16   759 4   761 4   771 8   773 1   792 1   797 16   811 16   813 8   815 4   816 4   821 8   822 1   824 8   827 1   835 4   839 1   841 2   853 18   856 2   864 2   878 4   889 1   891 4   895 16   898 2   899 8   904 2   922 2   931 16   942 8   947 4   948 4   951 8   953 2   
162  921     3 16   7 16   12 8   13 6   28 16   29 16   35 1   39 16   40 4   47 8   50 2   54 16   65 1   68 8   70 16   73 1   87 4   88 8   89 2   91 1   102 4   113 8   114 8   122 16   123 1   126 2   135 1   142 1   149 8   161 16   177 2   186 2   197 16   201 16   209 4   215 16   233 16   235 2   239 8   253 1   257 4   273 2   280 20   284 2   286 4   290 2   294 2   300 1   303 2   310 4   311 4   313 2   333 8   335 1   341 16   344 8   352 8   354 16   355 4   358 2   362 16   366 1   368 1   369 1   376 2   378 1   384 8   388 4   389 2   394 1   399 1   403 1   415 3   423 4   424 8   433 1   439 16   443 1   464 8   466 2   468 1   469 4   473 1   488 4   493 2   499 2   504 24   507 4   524 10   527 1   529 2   530 4   539 8   541 4   542 16   546 8   556 4   566 1   576 16   590 20   594 16   601 4   610 4   613 16   616 4   618 2   623 4   658 17   670 16   671 4   673 8   675 5   680 16   686 8   694 16   697 4   698 8   711 2   716 2   721 4   724 4   727 4   734 8   735 8   745 8   747 2   749 2   757 4   758 8   768 16   769 8   789 8   799 8   803 2   812 4   819 1   821 2   824 4   825 1   831 16   832 4   839 1   847 4   864 4   871 16   875 2   890 4   891 8   896 1   907 4   915 6   919 16   924 4   928 4   931 4   932 16   933 18   940 1   946 2   951 2   952 16   959 1   
162  910     7 8   15 2   17 2   20 2   30 1   36 8   44 1   46 16   64 1   69 16   84 16   87 8   90 16   91 4   92 16   100 8   103 24   110 1   115 2   118 2   128 4   132 4   137 9   153 4   156 4   159 1   205 16   211 4   212 8   222 16   234 8   237 4   246 9   248 16   253 1   262 8   271 2   286 20   289 2   292 19   299 2   303 8   306 8   310 1   312 4   321 8   327 16   333 9   338 1   340 1   343 8   350 2   353 8   354 16   362 4   378 1   379 6   396 8   398 16   404 4   414 16   415 1   416 8   418 1   433 1   438 1   446 1   448 8   450 2   461 8   462 1   464 2   469 1   476 2   477 4   481 8   483 4   487 4   489 16   499 12   505 2   518 2   520 10   535 8   544 1   545 2   570 2   571 16   577 2   581 8   599 16   604 8   607 8   608 6   610 17   615 2   618 1   623 4   627 8   639 16   650 2   661 1   662 8   666 2   667 5   668 2   670 2   673 2   678 1   679 16   688 1   691 2   692 2   695 1   702 2   707 1   711 1   720 1   721 8   727 1   728 16   736 4   756 2   758 16   765 8   767 1   772 2   782 8   783 8   790 16   793 4   794 8   799 4   803 2   806 4   815 1   830 18   834 4   839 4   841 4   843 8   852 8   856 2   860 16   863 8   880 2   889 4   890 2   895 16   898 16   900 1   904 8   905 1   915 8   922 1   928 8   929 2   930 4   940 8   943 8   959 8   960 16   
151  885     0 2   3 4   11 4   18 8   22 4   37 24   38 24   47 4   61 16   68 4   70 16   78 1   81 8   89 4   95 1   96 8   97 4   100 16   104 1   107 16   120 4   123 2   124 1   129 16   135 2   142 8   145 8   150 4   151 8   163 8   171 4   174 4   182 1   188 2   203 2   215 8   221 8   234 8   235 1   237 16   239 2   248 1   251 1   255 16   263 2   295 2   298 2   299 16   301 1   317 8   330 16   337 8   340 2   341 4   356 8   359 20   361 1   363 4   366 8   367 1   370 1   371 1   372 1   387 16   391 16   392 1   405 1   412 8   415 4   416 1   421 2   423 17   426 16   428 1   429 4   436 1   437 4   445 1   450 20   457 24   473 16   474 16   478 4   480 4   487 8   489 4   490 16   494 16   498 1   504 1   511 2   522 4   523 16   530 8   536 6   546 1   547 8   548 2   563 4   565 16   577 4   581 1   588 8   594 2   620 16   629 2   636 16   649 16   650 1   654 4   658 4   660 1   668 8   669 8   674 16   684 8   690 2   708 1   710 16   718 2   725 16   737 8   745 1   746 4   764 16   781 2   795 4   796 4   798 4   811 8   818 10   836 1   839 8   851 16   855 8   875 2   877 8   881 2   892 8   894 4   895 2   900 4   910 2   922 4   926 16   939 8   941 4   942 2   944 4   953 1   956 16   
161  885     15 4   17 16   19 4   22 16   32 1   39 4   46 2   49 5   56 16   80 16   81 1   91 17   92 4   103 2   109 5   124 1   125 3   135 10   140 16   143 16   144 3   151 4   155 4   156 4   171 4   183 2   187 5   205 8   208 1   213 4   214 2   221 2   227 8   233 16   237 12   239 1   242 1   258 1   259 16   270 4   284 8   286 16   289 1   302 16   311 12   314 4   317 16   321 16   328 2   329 4   349 2   352 9   353 16   357 16   362 16   365 16   366 16   367 24   380 16   393 8   401 1   411 4   412 4   416 1   417 17   418 8   422 3   423 4   427 4   428 4   434 8   439 16   452 16   454 2   458 1   459 8   472 4   489 1   491 1   499 16   500 1   506 20   517 4   519 4   523 16   528 16   532 8   534 2   537 1   541 16   547 2   571 2   572 16   576 1   599 16   604 24   605 1   607 16   614 8   620 2   623 2   624 2   627 8   637 2   641 6   644 8   648 16   655 8   662 2   664 4   678 8   680 17   682 2   685 4   686 16   697 16   709 2   713 12   714 2   721 26   728 16   733 2   735 8   737 1   740 8   748 16   752 16   755 1   758 2   776 1   781 16   782 8   788 8   790 1   793 2   804 8   813 16   826 8   828 10   839 2   855 16   860 8   868 16   888 16   889 8   893 8   894 2   897 4   903 8   915 8   917 8   919 1   922 4   928 2   930 8   938 8   940 2   947 2   950 2   951 16   960 16   
76  836     1 1   14 1   28 4   39 16   42 1   43 10   53 16   73 2   75 2   77 1   93 4   102 16   109 1   124 16   130 2   134 8   156 4   158 8   167 16   179 1   192 1   197 2   219 8   222 1   232 2   236 1   251 8   253 5   256 1   260 2   319 11   333 4   348 4   353 16   357 4   377 16   395 16   405 4   423 8   424 16   433 8   440 8   465 4   471 16   502 8   510 2   520 1   541 16   553 1   565 2   571 16   572 1   574 8   579 2   592 4   596 4   601 1   690 3   698 8   703 6   717 18   718 1   750 2   767 4   777 2   783 2   792 3   797 8   808 2   816 2   840 2   848 8   863 2   885 4   900 8   923 2   
148  894     0 16   1 16   2 2   3 8   5 8   7 1   15 10   46 8   52 6   53 8   57 8   66 2   84 6   86 2   88 6   97 2   101 16   112 8   114 8   125 16   131 1   134 16   137 5   139 16   143 1   144 4   146 16   175 8   176 16   182 16   184 1   188 9   200 2   210 4   215 8   216 1   220 4   223 16   242 12   245 16   247 1   249 2   256 2   264 4   271 8   273 4   279 8   291 2   294 16   296 1   298 1   327 2   331 16   357 1   358 1   359 16   365 4   372 2   373 4   374 8   379 16   395 20   396 16   400 2   405 16   408 4   411 16   417 2   427 16   430 4   437 2   438 16   439 1   451 2   454 16   459 10   466 1   488 1   490 2   492 2   496 16   508 2   525 8   533 4   537 8   539 8   545 2   569 8   583 1   585 2   589 4   596 4   604 16   614 4   619 1   624 8   634 4   637 4   649 8   651 8   659 4   661 1   666 8   675 5   677 16   685 20   687 2   694 1   728 16   735 4   739 1   740 8   741 16   746 8   748 8   758 4   766 8   772 4   773 1   776 8   780 4   789 2   792 8   796 1   798 1   809 8   811 2   819 8   823 8   825 8   841 2   844 4   859 1   865 8   873 1   879 1   884 1   895 4   906 2   908 1   910 4   914 8   916 8   929 2   937 16   939 16   941 2   960 4   
136  900     20 1   21 16   26 8   27 4   28 8   29 2   46 8   58 4   59 1   64 4   71 16   77 8   78 1   80 10   90 4   104 2   108 1   120 1   127 1   137 1   146 2   151 5   159 2   164 8   171 4   174 4   184 1   188 4   190 10   199 8   203 16   214 16   217 18   234 16   239 24   241 16   247 16   249 2   273 2   282 16   286 8   287 2   295 4   296 16   305 2   306 12   316 1   345 4   370 8   371 1   383 4   386 12   399 8   407 16   409 8   410 16   412 5   416 2   420 16   421 4   422 2   463 8   470 4   482 1   484 4   486 1   494 2   498 2   517 8   518 4   519 1   540 1   558 16   582 18   590 1   603 1   610 2   617 2   618 16   622 4   634 2   638 8   641 4   644 1   650 4   655 2   657 4   661 2   670 1   674 1   685 1   686 8   691 4   699 8   702 9   719 4   725 1   727 16   734 1   742 2   746 2   748 4   758 8   759 2   761 16   766 4   770 16   771 2   775 4   780 2   791 8   792 16   794 24   797 1   800 16   806 8   809 2   810 16   819 4   834 8   844 8   849 16   850 17   863 5   868 16   876 4   895 4   906 16   912 2   915 4   917 3   919 1   924 8   925 4   927 2   943 2   
159  923     2 8   6 18   8 4   9 12   10 4   11 10   16 18   20 1   30 4   31 1   35 2   37 2   46 4   52 4   53 4   60 8   66 2   77 4   78 4   79 8   85 8   86 2   107 1   110 8   116 16   117 16   123 16   124 16   141 8   144 4   153 16   155 1   164 16   173 4   175 16   181 16   195 1   201 4   209 10   211 8   215 1   220 2   221 16   223 2   237 2   240 8   254 8   257 8   264 2   267 2   278 2   290 9   298 1   303 2   304 1   311 4   312 4   313 8   314 1   322 8   323 8   328 2   333 2   334 8   338 16   346 1   349 8   351 2   358 8   369 4   386 4   391 20   392 4   393 16   411 4   425 4   429 17   431 4   436 2   446 4   447 1   449 4   454 8   455 16   461 8   462 4   476 1   482 8   487 16   489 8   506 2   515 16   516 6   523 16   534 1   536 1   537 4   541 8   549 2   570 2   577 1   578 4   586 8   599 16   603 8   619 4   621 4   622 2   625 4   642 16   644 16   655 2   669 18   685 4   687 16   701 4   702 16   705 1   707 16   714 2   722 2   724 2   728 16   735 16   736 1   737 2   738 16   739 1   741 16   742 1   750 4   776 8   783 1   810 1   811 8   819 4   822 8   824 1   826 1   838 8   839 4   840 8   844 16   846 4   855 8   861 1   865 16   868 1   876 16   896 1   898 16   913 4   924 8   933 1   940 6   945 8   946 1   948 8   951 8   
133  921     5 4   11 1   16 16   21 2   23 8   28 8   43 8   44 2   60 8   69 1   79 16   85 16   87 16   88 1   96 8   98 16   99 1   115 2   122 16   127 1   132 16   141 9   147 8   150 4   162 4   166 2   172 1   173 16   189 8   193 1   213 8   221 16   224 4   241 2   250 8   272 16   274 1   278 1   289 1   323 1   327 1   351 4   353 1   363 2   367 8   375 8   377 2   380 16   390 2   399 16   413 17   417 2   424 1   427 1   434 18   435 16   452 8   456 2   461 16   465 4   470 16   474 2   484 4   496 2   505 2   518 16   527 16   530 3   534 8   537 16   547 2   555 8   560 1   562 4   578 8   579 3   589 8   594 8   605 1   607 4   624 5   633 8   637 2   640 1   642 1   647 4   648 8   653 1   657 8   666 1   673 16   690 2   695 1   709 16   715 2   729 16   734 24   738 1   741 2   747 16   751 2   754 4   757 4   764 1   779 4   780 2   803 4   816 4   818 16   821 2   823 1   837 8   839 16   842 4   845 1   848 2   851 2   858 16   880 1   885 4   889 4   911 1   915 16   921 4   922 5   923 8   927 4   943 8   945 16   954 24   955 4   958 2   959 2   
154  927     3 16   4 17   6 16   7 8   19 1   25 16   29 2   34 4   45 8   50 16   54 8   56 2   59 2   69 1   78 1   87 2   93 8   96 16   107 8   113 17   121 16   122 4   123 4   128 1   129 1   136 1   139 4   147 8   156 1   158 4   165 8   167 8   168 8   172 4   181 4   183 16   186 4   193 2   218 2   221 4   222 16   225 2   252 8   260 1   266 8   268 16   275 16   277 16   285 8   286 16   301 1   307 6   310 16   329 16   339 8   346 4   358 8   366 9   382 16   389 16   393 4   405 1   406 8   415 2   416 4   426 1   442 16   445 1   452 2   462 4   465 10   473 1   474 16   477 16   480 8   482 8   496 16   509 2   524 8   527 2   531 16   544 1   553 2   556 4   558 16   560 4   569 2   576 1   581 4   584 4   593 16   594 1   597 4   600 16   601 10   604 10   606 16   630 1   633 8   637 2   638 8   654 4   658 2   664 2   667 4   675 8   676 4   677 8   679 16   682 2   687 2   703 8   713 4   722 1   725 16   726 1   729 16   736 4   737 4   740 2   742 16   745 1   748 2   767 2   777 8   780 16   793 8   794 4   797 4   804 8   815 8   816 4   858 16   866 2   868 16   869 8   873 2   880 2   888 1   891 20   892 2   899 4   902 2   905 16   915 1   917 1   924 4   928 1   929 2   935 8   949 8   953 4   957 2   959 17   
165  899     3 2   7 4   9 2   31 1   47 2   52 8   53 4   63 8   64 2   70 16   74 2   80 2   82 2   88 1   114 1   116 4   118 16   124 4   130 4   131 8   139 4   141 4   155 4   160 1   179 16   182 8   191 4   192 16   198 16   205 1   208 24   213 4   220 8   221 8   226 2   227 2   228 1   237 2   238 2   245 4   246 17   250 16   260 8   265 4   267 8   268 16   271 2   274 8   285 8   287 20   288 1   315 5   316 9   318 1   319 1   320 16   324 16   326 4   334 5   336 2   348 4   351 1   352 1   361 1   364 16   365 1   369 2   380 8   397 16   399 16   401 4   405 4   406 8   413 4   415 1   416 1   418 4   423 6   424 4   432 16   439 2   440 1   445 4   477 8   480 16   481 4   482 2   484 2   488 16   507 16   510 20   516 4   518 1   526 16   531 16   533 16   538 2   539 8   542 8   545 2   547 2   554 8   560 2   565 2   583 1   587 2   588 1   593 4   599 4   604 8   608 2   613 1   617 16   620 1   626 4   627 2   629 2   632 1   635 2   636 1   640 4   641 1   646 1   647 8   649 2   671 8   675 1   676 8   693 8   694 2   701 10   702 16   703 4   729 2   731 8   734 9   743 8   746 4   747 16   754 2   759 8   762 1   767 12   774 24   779 4   785 16   787 16   823 2   830 4   832 4   834 16   836 16   844 16   854 1   861 4   862 1   867 4   892 4   898 8   904 4   908 4   920 16   923 2   935 4   955 1   
152  919     3 4   8 16   27 1   34 4   39 16   40 4   45 1   47 2   48 8   51 2   69 1   82 3   95 16   104 1   110 10   111 16   113 12   127 1   130 4   132 1   136 1   147 1   150 8   155 1   164 1   168 8   172 16   182 2   184 2   192 16   205 8   206 1   210 1   226 17   231 16   238 1   241 1   263 2   264 4   270 4   283 8   289 2   302 8   316 4   320 2   323 16   339 8   341 10   342 16   344 4   349 8   350 2   353 8   363 2   374 1   375 1   403 12   407 1   416 16   418 1   422 4   437 8   441 1   446 4   450 2   452 9   455 1   464 2   477 16   482 2   486 1   490 1   496 1   499 1   500 4   504 2   507 8   518 16   530 4   531 8   532 16   534 20   539 16   541 8   543 2   546 8   555 8   557 8   564 1   572 1   578 16   595 8   610 1   612 1   619 2   624 4   631 8   640 10   644 16   647 16   648 4   658 8   664 4   676 4   677 1   679 8   684 6   689 8   698 8   704 1   711 2   714 2   715 23   730 16   732 8   733 2   737 4   738 16   747 1   749 6   751 16   754 4   756 1   760 2   765 8   774 17   779 1   783 1   784 4   789 2   794 2   807 1   808 16   819 1   825 8   834 16   847 2   866 4   874 16   878 16   889 2   895 1   901 8   916 4   918 8   928 4   935 8   942 8   944 2   949 8   954 8   958 2   
175  931     7 2   21 1   23 16   26 1   29 2   32 16   34 8   38 2   39 16   44 4   45 4   51 8   68 2   70 2   71 2   73 2   76 4   85 2   93 4   97 16   103 1   104 8   107 8   113 16   122 16   124 1   145 1   150 8   154 1   158 2   167 10   170 8   171 4   174 16   177 4   179 8   180 2   185 8   187 4   197 17   201 17   206 1   208 6   211 16   218 17   224 16   242 16   243 8   278 4   289 1   290 16   293 2   294 2   298 8   305 2   306 4   307 16   311 1   317 4   318 1   323 1   337 1   339 4   344 2   348 1   351 16   360 2   376 16   378 8   379 18   381 9   385 18   386 8   392 8   394 2   399 2   401 8   402 8   409 1   412 8   437 16   446 8   448 2   454 16   456 2   474 16   476 4   481 8   486 16   495 4   507 8   512 16   514 8   522 2   524 16   530 8   532 16   535 16   543 4   548 8   550 6   551 4   555 1   562 1   563 16   566 4   567 8   575 8   579 2   580 16   584 2   595 2   596 4   602 1   612 2   618 8   620 1   648 2   649 4   655 8   659 8   660 2   672 1   676 4   678 2   681 2   686 4   687 4   693 1   694 16   706 4   719 2   720 8   725 4   730 4   731 8   732 8   734 4   739 2   743 24   760 16   763 8   770 1   771 2   772 1   774 8   775 1   777 8   781 8   788 2   794 4   802 28   808 4   828 1   862 11   863 4   866 16   868 2   875 17   882 2   890 1   893 1   897 5   898 2   907 4   909 16   915 16   919 2   933 1   936 8   937 1   938 8   946 12   955 1   959 1   
153  916     2 4   16 2   27 8   42 16   55 16   56 8   67 8   70 2   73 8   75 5   97 4   99 8   100 1   101 2   113 1   120 16   136 2   148 4   152 4   158 1   163 8   177 6   178 4   188 8   189 16   190 8   214 1   218 10   223 2   234 8   241 2   255 4   269 16   277 8   284 2   285 8   287 1   290 8   296 2   302 16   309 8   317 2   326 1   328 2   340 24   353 2   362 8   366 1   367 4   375 1   376 4   386 8   389 1   394 8   395 8   412 2   435 8   437 8   447 3   448 1   453 4   462 1   465 1   469 16   476 9   479 1   484 4   491 8   493 1   498 8   500 16   516 4   519 12   526 1   531 16   538 8   540 8   555 4   558 1   568 4   573 16   579 4   585 2   587 2   590 16   598 16   599 1   600 16   603 1   604 4   612 4   613 16   632 8   645 16   652 16   657 8   669 2   676 8   684 1   692 4   694 1   698 1   705 8   710 2   713 8   714 16   715 4   723 4   728 4   741 8   742 2   745 16   751 2   756 4   761 4   762 8   770 16   779 4   786 16   799 8   811 4   812 16   813 4   817 2   819 16   838 8   841 2   850 8   856 5   871 2   873 4   875 2   880 5   881 1   882 9   884 2   885 16   887 9   889 8   890 8   892 4   893 1   898 4   900 16   910 2   918 2   919 1   920 4   922 8   925 2   932 4   939 4   949 2   
157  904     2 4   11 16   13 8   16 2   26 1   30 4   38 16   48 16   49 8   51 1   53 2   54 8   57 1   58 2   67 2   73 8   79 16   82 8   117 1   119 1   124 1   131 2   160 1   166 1   168 16   183 1   184 8   186 4   200 2   210 16   223 8   224 4   225 2   227 2   231 8   244 2   245 4   250 2   255 1   256 16   264 2   284 16   287 8   289 8   292 1   297 8   305 4   313 16   315 1   319 16   320 2   327 16   336 2   344 1   351 8   355 1   357 16   363 2   366 1   371 2   376 1   377 2   382 1   386 9   387 16   389 16   390 8   395 8   397 2   398 2   402 8   414 4   418 1   421 1   430 16   431 4   434 4   440 16   446 8   478 1   481 1   483 2   485 3   487 2   488 1   501 1   502 2   503 4   509 16   511 1   539 2   541 8   554 4   559 16   565 8   567 14   573 2   574 16   577 16   588 4   590 16   600 16   605 24   630 1   637 2   641 16   645 2   660 2   664 8   670 1   681 1   693 1   697 4   703 4   706 8   707 4   713 16   719 2   720 2   724 1   725 2   728 16   729 1   738 2   739 8   746 4   747 4   757 1   769 1   788 8   801 4   804 4   810 16   816 6   817 4   820 4   829 2   830 8   848 1   849 1   852 4   855 4   869 16   872 2   879 1   889 1   893 1   897 2   898 16   905 1   917 16   919 2   925 2   938 3   940 8   942 1   946 1   
170  916     2 8   3 6   7 16   13 20   29 4   35 4   44 4   45 8   49 16   50 2   52 2   56 4   62 1   63 12   65 2   66 8   70 8   77 16   80 2   83 2   90 16   92 2   94 1   100 4   106 2   113 8   115 4   119 8   125 2   126 2   127 16   134 8   141 16   154 2   155 4   162 8   163 9   170 1   175 2   177 1   184 1   186 16   206 4   211 1   213 16   216 2   230 17   233 4   245 2   246 8   247 2   262 1   266 16   269 2   280 1   281 2   286 3   289 2   312 1   313 4   316 2   320 8   324 8   338 2   349 2   368 8   373 8   377 4   380 8   388 16   390 1   398 2   400 2   403 17   410 10   416 4   421 16   427 1   450 8   454 16   464 2   470 1   475 16   489 2   492 8   493 24   498 1   508 1   516 16   517 4   526 2   530 1   544 8   549 4   559 8   568 1   569 4   574 1   593 16   596 16   598 1   605 16   608 1   618 4   627 4   634 4   647 16   648 1   654 4   655 1   662 4   670 18   672 1   675 17   682 8   686 3   688 16   691 10   707 1   710 2   712 3   717 10   719 4   722 16   725 4   727 1   729 4   741 4   743 16   744 16   747 16   748 1   752 8   753 8   758 8   770 1   776 2   778 2   780 2   783 1   785 4   798 16   800 2   802 16   813 16   815 4   822 1   827 1   829 4   844 8   847 4   850 1   854 16   857 4   878 16   885 16   890 6   893 8   899 18   902 1   904 2   913 2   924 4   925 16   928 2   937 2   941 8   947 4   957 4   959 2   
151  898     5 1   17 8   24 1   34 1   36 16   49 8   51 16   63 16   71 1   95 2   106 16   111 2   118 8   119 1   136 1   145 13   149 16   151 2   153 16   158 16   160 8   168 2   178 2   182 16   184 8   189 2   198 8   200 9   212 4   219 4   226 1   229 4   230 1   232 1   233 8   240 8   243 16   255 16   269 4   276 8   280 12   285 2   290 4   292 20   295 1   297 1   305 1   328 2   329 4   332 16   368 4   370 16   392 1   394 1   409 4   410 16   414 1   427 16   437 1   441 2   445 16   448 1   449 8   453 2   454 4   458 2   468 1   483 16   484 2   486 2   488 16   494 16   499 4   505 4   510 2   512 8   523 8   538 8   542 4   548 16   550 4   552 16   559 4   565 4   572 10   576 9   584 1   593 5   599 8   607 16   614 1   622 8   624 16   626 1   645 1   657 1   667 2   668 16   677 4   682 4   685 16   688 8   693 16   700 4   704 2   705 1   714 12   719 1   725 7   732 2   740 1   754 4   755 8   764 1   768 4   770 8   775 2   781 16   787 2   801 4   802 2   804 1   808 2   817 8   820 8   823 2   830 4   838 1   844 1   847 16   861 4   869 1   872 4   888 1   889 1   893 2   903 8   904 16   905 1   911 8   916 8   919 4   924 9   925 1   928 4   933 5   940 16   953 1   957 2   959 1   960 16   
148  912     8 8   20 1   27 8   29 1   33 8   34 2   45 16   52 16   53 8   59 1   63 4   72 1   76 1   112 1   117 8   119 16   123 2   130 2   139 16   142 8   146 3   155 16   157 1   160 8   165 8   167 1   168 1   173 8   176 2   182 20   185 8   204 1   210 8   217 4   223 1   231 1   233 8   236 2   253 8   254 24   276 16   278 4   296 8   305 8   309 2   310 1   315 8   318 8   334 4   337 4   338 16   348 24   351 16   362 8   367 1   371 24   377 16   379 1   398 1   402 4   403 16   404 16   407 16   408 4   420 8   429 16   430 4   434 4   450 4   455 8   473 4   483 2   486 16   489 16   491 4   497 4   505 6   508 16   509 16   519 2   523 1   524 1   529 8   531 17   535 2   538 4   541 8   547 16   555 26   557 16   569 1   576 8   577 16   578 4   584 4   592 4   597 2   610 16   612 8   616 9   626 16   627 1   634 16   636 8   643 8   650 16   656 2   661 2   677 2   684 12   698 16   699 1   702 8   726 2   733 4   735 16   750 1   759 1   767 2   772 4   786 8   799 8   811 8   819 2   822 8   825 2   834 2   844 16   855 4   859 2   861 8   863 12   867 16   870 2   879 4   887 2   893 8   896 4   902 2   906 1   912 8   929 16   934 2   937 2   944 16   946 5   949 8   956 4   
203  929     1 1   3 16   4 16   5 1   7 2   21 16   31 8   32 8   33 4   36 8   41 4   44 5   48 2   52 16   72 12   76 1   80 8   87 1   91 4   97 2   100 20   101 2   104 1   110 16   116 4   117 1   125 2   127 16   142 1   148 8   149 8   151 18   157 1   159 16   161 1   162 1   164 1   175 1   177 8   182 1   185 8   189 16   190 20   204 16   207 4   208 2   212 8   221 8   224 16   235 2   239 2   241 5   245 8   251 4   253 12   258 4   259 1   267 8   270 16   295 8   300 8   309 10   310 2   314 2   315 1   320 4   321 4   332 1   340 2   344 16   358 16   360 3   362 4   363 8   368 1   371 8   379 2   380 1   382 2   387 8   393 24   398 4   399 1   400 4   413 2   426 2   428 8   429 4   438 8   446 2   450 1   451 9   461 16   462 2   466 1   477 2   478 16   492 16   493 16   494 1   501 16   504 24   516 1   520 4   530 8   531 8   536 16   540 16   545 1   552 9   553 20   557 2   563 2   564 2   574 1   578 1   584 1   585 2   587 1   592 2   601 18   602 4   608 4   611 17   612 6   622 4   623 6   627 1   628 1   639 4   644 3   646 16   654 1   664 1   666 2   675 4   676 1   679 2   681 16   695 16   700 16   701 12   703 4   708 1   709 1   713 4   722 16   724 4   725 8   727 4   729 16   731 4   732 4   735 8   736 4   737 16   742 8   748 12   754 16   756 2   758 2   759 8   760 4   761 24   763 2   771 4   774 4   778 16   787 16   789 18   794 1   798 8   805 2   806 8   823 1   831 2   833 16   834 8   847 2   853 2   854 4   855 16   866 8   868 16   878 1   892 1   900 2   907 1   908 5   909 2   911 1   914 16   915 1   917 16   924 16   928 1   933 8   935 16   940 16   946 2   950 1   952 1   957 2   
157  893     9 4   12 2   13 1   15 16   17 16   20 1   38 16   46 8   65 8   72 8   76 16   82 1   94 8   98 8   103 16   119 8   124 2   144 8   152 2   153 4   157 1   162 4   165 2   167 1   171 16   172 16   177 4   178 6   208 18   215 8   235 4   243 1   246 17   255 8   259 6   265 16   271 16   273 1   284 4   294 8   301 16   302 4   311 8   321 2   330 1   334 1   335 2   338 8   359 12   361 8   372 8   381 1   382 8   383 2   398 16   404 8   412 2   414 4   425 1   426 4   428 20   432 8   440 1   445 4   446 4   454 2   457 1   464 16   471 8   472 8   486 1   493 16   507 1   512 16   520 8   521 1   526 16   534 1   535 4   536 2   538 2   546 9   560 1   563 1   564 16   576 20   577 2   579 4   582 4   583 4   584 16   590 4   594 3   597 4   606 1   614 4   621 4   625 8   631 16   634 4   640 8   645 1   650 8   652 1   653 2   658 16   663 2   665 16   670 8   674 2   693 2   697 2   700 1   705 8   724 8   730 16   735 1   739 4   747 4   762 2   763 8   770 16   772 8   777 1   782 2   787 2   789 2   793 2   802 4   805 1   814 2   816 2   819 1   830 1   839 16   840 16   848 4   865 16   866 2   873 2   874 4   876 16   883 4   888 2   890 8   896 1   898 1   901 4   904 2   909 8   925 8   926 2   931 8   932 4   939 4   957 5   960 4   
146  893     3 2   8 1   12 1   21 1   30 8   31 8   35 1   37 2   47 16   57 16   58 4   61 8   66 16   69 8   80 2   81 16   83 16   87 8   90 4   97 1   105 1   106 4   122 4   132 16   135 4   151 16   156 16   162 24   184 1   192 1   234 20   248 4   253 3   261 16   263 1   275 16   283 16   298 2   301 4   314 16   317 8   323 16   325 2   328 2   330 4   340 2   341 8   342 2   346 8   348 18   349 4   351 4   357 8   364 4   368 4   371 1   375 8   377 16   384 2   389 16   395 2   401 4   403 16   413 8   419 4   427 16   438 16   442 4   443 4   448 2   450 8   451 4   454 1   457 20   458 16   465 4   469 4   471 4   477 4   485 4   519 20   525 2   526 1   533 2   536 17   537 8   541 16   544 8   546 2   547 4   552 1   565 1   566 17   569 16   573 2   600 2   604 20   629 8   631 8   636 4   646 6   658 18   659 16   666 1   677 4   684 16   687 4   701 1   709 16   715 8   725 16   757 1   761 4   765 16   770 1   771 16   783 1   792 4   794 8   796 5   806 8   807 4   810 2   811 1   818 2   830 1   834 2   843 5   846 16   849 8   861 1   878 4   887 8   894 8   895 6   903 1   906 4   920 1   928 1   932 4   934 16   941 8   943 4   945 4   953 24   960 8   
150  901     1 4   3 2   11 1   13 8   39 2   44 2   60 2   66 1   72 16   77 4   80 1   82 16   87 4   88 4   93 8   94 2   99 4   124 2   133 16   134 8   140 8   145 2   147 2   148 16   154 1   157 2   158 8   163 1   165 8   173 1   185 4   186 2   191 16   193 2   197 16   199 5   205 16   209 8   213 16   228 16   250 4   254 8   261 8   264 17   265 8   280 1   285 4   288 8   309 2   319 4   327 8   330 8   338 2   346 4   348 2   353 2   362 2   365 8   373 6   378 6   379 2   394 4   395 16   405 2   414 2   425 5   439 16   452 1   454 16   467 1   468 16   477 1   478 1   485 16   492 4   501 1   511 16   514 16   525 8   535 16   545 4   564 8   565 1   571 16   575 2   576 4   590 8   594 2   615 1   616 2   617 16   626 16   634 2   636 8   641 4   646 1   650 1   653 2   655 16   659 4   674 1   686 4   687 2   688 8   691 16   703 2   704 1   711 1   716 1   724 8   725 2   731 4   732 8   733 4   737 1   746 4   753 8   757 16   760 16   765 17   766 8   774 10   778 16   784 4   800 8   819 8   826 16   834 20   842 2   844 4   845 16   852 16   856 4   858 2   862 16   865 10   866 2   879 8   889 8   890 2   892 2   897 16   910 1   918 1   919 8   930 2   931 2   934 16   941 2   952 1   
163  923     8 2   16 10   20 16   30 16   32 1   50 16   54 2   56 8   60 4   63 1   83 2   93 1   94 1   98 5   101 1   110 16   116 4   127 8   129 8   131 4   133 12   144 18   145 4   146 2   149 8   153 1   155 16   161 4   169 4   173 4   175 1   176 16   183 1   186 8   187 8   192 2   203 16   205 16   208 2   210 16   212 4   217 8   219 16   225 16   227 5   237 2   240 1   248 1   253 4   266 4   268 1   279 1   284 1   285 1   294 4   297 2   308 4   309 1   311 1   315 1   316 1   326 1   329 2   336 1   341 9   343 16   347 4   355 1   356 1   365 2   366 8   369 4   375 1   387 14   396 1   397 4   400 8   410 16   411 8   422 4   428 24   446 8   450 1   459 4   463 16   473 8   474 4   476 8   493 2   512 4   513 1   515 4   516 5   526 2   527 16   536 4   549 4   558 1   563 1   565 4   568 8   592 2   600 8   602 16   616 4   631 8   634 8   638 1   645 1   647 2   649 2   653 4   659 2   660 4   670 8   676 8   683 2   692 16   701 4   714 4   716 16   718 16   723 2   726 1   732 16   741 16   751 2   754 2   758 4   759 1   760 8   764 4   766 2   767 4   779 4   781 8   785 16   790 1   797 3   799 1   812 4   836 1   847 2   852 1   861 2   875 8   877 2   878 1   879 2   885 1   886 1   889 4   900 24   908 4   911 4   919 4   928 4   931 8   934 8   936 4   942 8   943 4   950 1   
159  924     11 16   14 10   20 8   22 6   27 2   31 4   32 4   34 1   35 16   37 8   57 4   59 16   67 18   69 16   70 16   74 16   87 2   105 20   106 16   116 13   117 5   127 1   132 16   140 4   145 2   159 16   167 1   169 12   170 8   186 4   194 4   208 8   226 2   233 24   236 4   251 2   257 8   262 16   263 17   267 4   294 8   297 2   299 4   301 16   308 4   332 16   334 1   354 2   359 4   363 16   368 4   372 16   387 8   397 18   403 5   404 10   409 16   414 1   415 4   422 8   440 1   446 1   454 2   457 16   463 2   472 8   484 2   487 8   488 8   491 2   492 5   493 1   497 4   501 1   516 2   519 16   524 1   525 4   529 16   539 8   548 8   565 2   566 4   581 8   585 4   586 16   587 16   596 4   597 4   599 1   602 2   605 4   611 1   625 8   632 1   637 8   638 8   642 4   650 4   658 4   671 4   672 4   683 16   689 8   690 12   699 2   702 16   703 4   715 8   716 1   717 16   722 8   724 3   726 4   735 24   742 4   749 2   752 4   758 1   761 4   762 8   769 1   772 4   775 9   784 2   788 2   795 1   796 2   799 16   801 8   805 8   809 1   810 8   814 4   820 16   826 2   831 8   833 4   834 16   836 8   840 8   843 16   844 4   850 1   871 1   876 16   880 1   887 16   889 2   895 2   908 2   910 1   914 1   920 4   926 1   932 8   937 8   943 2   944 2   
143  866     0 1   3 4   22 4   25 2   29 28   38 4   50 8   56 4   57 4   65 3   72 8   84 4   89 8   93 2   100 1   106 8   110 16   117 12   119 1   143 1   158 4   166 9   171 4   175 1   176 16   186 8   190 2   195 4   198 16   199 2   207 4   210 1   219 16   229 1   235 2   236 2   248 8   257 1   266 16   271 4   277 1   280 8   297 4   304 8   317 6   318 16   324 2   331 16   335 8   341 2   349 4   357 1   362 4   380 8   383 1   390 4   392 4   393 16   416 16   418 1   423 16   424 16   425 4   428 1   437 16   449 2   454 16   455 2   462 1   466 8   469 8   476 16   492 2   495 2   498 4   500 1   501 2   505 8   511 4   520 4   527 4   532 1   533 1   537 4   549 4   569 16   571 1   577 4   587 2   594 16   600 1   619 4   621 4   623 16   626 2   629 9   630 4   635 1   641 1   642 16   643 4   645 10   650 8   657 1   672 3   679 2   680 4   681 13   691 2   700 2   706 1   707 1   732 8   736 4   742 2   746 5   756 1   759 2   762 4   777 1   792 8   793 8   802 1   819 1   826 2   831 2   832 8   839 1   840 2   841 8   843 4   844 18   864 16   886 16   905 16   908 16   913 4   915 4   916 8   917 13   919 4   920 2   949 12   
134  917     7 8   13 3   16 8   22 16   26 16   32 17   34 4   40 8   49 1   51 4   68 2   71 4   74 10   78 1   80 17   92 4   96 8   101 6   108 24   110 8   123 1   129 4   131 8   149 1   159 12   171 8   173 6   177 8   193 8   202 8   215 2   216 4   217 16   233 4   253 8   264 2   268 1   271 2   275 16   289 1   295 2   301 4   304 16   313 16   319 8   337 8   345 4   356 10   357 4   360 8   366 2   369 8   378 4   382 4   384 1   385 4   389 4   396 8   411 1   431 16   434 8   438 1   464 4   473 2   476 12   496 16   504 2   514 2   522 16   525 16   536 1   539 2   541 17   543 8   544 16   551 2   558 1   563 2   570 1   577 3   578 9   580 8   584 2   588 8   608 1   611 8   618 2   629 1   634 2   635 2   643 10   648 16   653 1   655 16   670 4   682 16   684 8   688 1   695 16   696 16   698 4   709 16   715 17   720 8   724 4   729 16   739 12   745 5   747 4   754 4   767 16   772 7   776 9   778 8   780 16   798 8   803 4   809 1   814 2   825 16   851 27   852 16   855 16   859 1   864 4   873 2   879 2   885 8   889 8   905 8   922 4   929 16   958 8   959 16   
166  904     0 2   7 16   18 8   19 5   20 16   22 4   26 17   30 8   31 4   34 1   52 4   59 1   66 2   68 3   75 8   76 16   88 2   92 8   97 8   120 1   123 16   126 1   133 1   139 4   140 2   145 16   147 8   151 1   153 2   154 1   157 2   169 1   177 2   183 8   193 4   198 8   200 10   202 8   216 1   218 2   221 2   225 2   227 4   242 16   248 8   249 4   250 16   261 16   267 2   269 1   273 8   274 4   275 16   279 1   280 1   283 4   289 4   294 8   297 16   299 4   312 1   317 2   333 8   338 1   357 1   370 4   377 8   378 2   387 4   392 1   405 16   406 3   416 1   417 4   418 8   419 2   431 1   434 2   438 1   458 16   460 8   472 2   473 1   474 1   481 1   483 4   489 17   493 2   501 16   511 2   513 2   528 16   538 8   557 1   565 4   566 4   567 4   569 2   573 2   576 8   577 1   581 16   583 2   587 8   588 4   591 8   607 2   614 2   615 2   616 2   619 16   621 1   635 16   636 4   638 8   640 18   644 1   650 2   661 16   683 2   685 4   686 1   690 4   693 5   695 1   699 2   700 1   714 4   716 2   717 1   724 4   726 2   751 2   754 2   757 8   759 8   767 7   769 1   772 2   776 4   784 2   788 4   793 16   797 1   809 4   812 8   814 16   818 4   822 16   830 1   837 8   841 4   843 8   845 5   864 1   866 2   871 2   874 16   881 16   896 4   902 1   912 8   918 16   922 2   943 2   950 1   
145  907     5 16   9 1   13 16   15 16   17 2   22 4   24 17   41 8   47 1   48 16   72 4   78 16   80 1   83 16   85 8   88 1   95 1   96 1   97 16   110 2   112 2   115 16   117 1   118 2   123 6   126 8   136 1   137 8   150 9   161 8   179 8   184 2   191 8   198 1   207 2   213 4   222 2   227 2   232 2   239 5   241 1   244 4   248 2   252 1   256 1   261 1   264 1   273 16   284 8   285 4   286 2   291 4   294 16   295 1   317 2   319 16   320 16   325 1   339 1   341 4   346 1   360 8   371 8   373 1   380 2   384 4   414 2   424 2   430 16   432 3   447 5   468 8   495 16   497 4   505 4   510 4   518 4   533 16   548 1   552 4   568 1   574 4   576 16   581 16   592 2   600 16   604 24   607 8   626 4   627 1   629 16   643 8   646 8   650 4   651 8   666 1   672 8   679 2   683 2   688 2   697 2   706 16   711 4   713 1   715 4   718 4   729 4   743 8   748 2   749 2   756 16   758 2   763 2   765 2   767 16   772 4   774 8   783 3   787 16   792 16   794 16   810 24   811 1   812 4   814 1   815 16   816 1   825 1   835 1   856 8   857 17   870 16   883 8   885 16   905 1   909 8   920 4   925 4   929 2   939 2   941 2   948 16   952 8   955 17   956 8   
162  926     7 16   8 3   10 2   12 17   19 1   20 4   35 2   42 8   47 2   62 1   63 4   66 1   67 8   72 8   75 8   76 1   78 16   79 2   83 16   88 8   89 4   94 1   95 4   103 4   115 8   117 8   134 4   144 16   150 8   154 16   164 8   167 16   181 16   183 2   186 1   189 2   191 2   202 4   205 1   218 16   227 16   233 8   234 8   254 8   265 4   268 16   290 4   294 8   298 2   299 8   305 1   307 16   309 16   317 2   327 8   330 16   333 4   336 8   346 4   347 8   350 8   355 6   365 4   380 4   392 2   396 16   400 24   403 2   406 2   424 4   425 2   430 4   445 8   451 8   452 2   458 2   479 4   482 8   484 1   488 16   497 16   523 8   525 4   526 16   528 8   532 16   537 2   538 1   540 8   546 1   547 1   549 16   551 2   568 8   570 16   572 1   583 1   597 2   598 20   605 8   607 4   610 2   621 8   624 8   627 4   647 16   649 4   651 5   656 4   665 1   670 8   679 16   692 16   699 4   708 2   716 8   727 1   730 16   739 16   744 8   749 16   750 2   754 1   756 8   761 1   768 2   775 8   791 4   796 1   797 3   798 1   812 2   813 2   815 16   825 4   831 4   834 8   835 2   836 16   841 1   844 2   845 1   853 2   860 4   867 16   873 1   875 16   878 1   897 4   903 10   907 2   908 8   919 2   921 1   923 4   934 16   935 2   941 2   944 4   945 1   959 4   960 1   
The following result corresponding the SNR point : 4 dB.
154  926     9 1   14 16   23 2   24 2   29 1   30 1   42 8   47 1   50 1   52 8   62 8   69 4   75 8   80 16   91 18   96 16   102 5   118 3   119 8   125 2   137 16   143 1   145 16   153 4   160 10   168 4   169 1   170 5   179 16   184 1   190 16   200 2   201 4   202 2   217 2   227 16   230 12   231 2   232 8   238 8   239 1   252 2   261 4   269 4   270 2   282 1   288 1   289 4   290 4   292 4   294 1   302 8   325 1   336 1   337 16   344 2   345 1   350 3   356 9   361 17   369 1   374 2   380 2   389 16   390 1   399 8   412 16   414 16   416 7   419 16   425 1   431 8   436 10   438 4   459 9   460 16   486 2   490 10   493 8   508 1   512 4   517 16   523 4   529 1   533 2   539 4   552 2   560 1   578 8   583 1   589 4   590 2   596 2   604 4   605 4   608 2   617 2   619 1   620 4   621 8   629 2   630 4   634 16   635 16   637 16   653 1   656 8   672 20   679 16   681 16   687 4   691 2   693 1   706 1   709 16   722 8   727 8   728 4   742 4   748 1   749 8   752 8   757 8   764 9   767 2   777 1   780 1   784 1   789 2   799 12   802 16   805 4   807 8   823 8   827 4   832 1   839 8   841 2   843 4   846 1   851 1   852 20   863 1   864 24   876 16   884 1   895 2   899 2   911 16   931 8   940 8   946 2   952 2   953 8   
185  927     0 4   5 2   11 4   15 16   33 16   34 1   37 16   47 1   51 2   56 2   61 4   66 8   68 2   73 1   80 2   81 2   89 8   100 1   102 8   107 8   108 8   109 1   121 1   127 4   132 1   135 16   140 16   141 1   143 17   147 8   150 2   154 8   161 8   165 2   173 16   175 5   184 24   189 1   198 16   209 8   210 8   216 4   217 1   221 2   222 2   225 8   234 2   250 8   251 1   254 24   268 8   271 1   273 16   276 4   283 1   286 4   295 8   297 4   300 2   303 16   310 16   318 2   320 18   326 16   327 2   342 8   343 2   352 4   356 1   360 8   364 1   380 16   381 2   390 8   399 16   401 2   406 8   410 8   412 16   418 4   423 18   430 2   448 8   458 4   461 17   463 2   469 2   470 2   483 4   486 16   495 8   496 20   497 16   498 2   508 8   511 24   516 9   523 4   524 16   526 2   530 24   532 8   538 16   539 16   542 1   544 2   547 16   556 4   558 2   559 8   562 6   565 8   569 4   571 1   575 4   578 1   593 1   605 4   606 1   609 4   626 4   629 4   630 2   636 4   640 4   644 4   649 1   650 16   653 16   654 2   662 4   669 4   685 4   687 1   688 2   694 1   700 2   706 2   712 1   714 1   717 1   721 2   722 24   733 5   736 2   774 4   784 16   795 16   798 16   799 4   805 4   810 8   815 1   822 1   824 4   834 1   835 8   838 16   841 8   842 17   845 8   860 16   873 1   879 10   882 16   883 4   895 16   896 16   899 20   900 16   904 16   906 8   908 8   909 4   912 16   918 2   919 16   933 2   935 2   938 16   945 1   947 1   949 1   951 8   958 8   
170  934     4 16   8 1   11 16   14 4   15 16   17 8   19 2   21 8   26 19   58 2   65 16   67 4   74 16   76 4   79 1   85 8   90 8   110 1   113 4   120 8   122 4   133 16   135 8   139 8   146 8   147 16   149 8   151 4   152 16   155 4   159 8   162 16   163 8   164 16   167 8   179 2   183 16   194 4   196 8   199 2   204 2   206 16   214 1   229 8   235 8   240 4   241 16   247 1   253 2   260 2   267 2   273 8   278 1   283 1   284 2   291 1   295 8   298 8   310 8   321 2   330 1   338 16   340 4   350 1   354 4   358 16   369 16   371 1   373 8   376 1   386 1   405 2   409 1   427 4   437 18   449 8   450 2   463 8   467 8   470 1   478 2   482 1   485 4   486 1   489 6   502 4   506 1   519 1   522 4   524 2   526 3   528 1   540 2   541 4   545 4   546 1   552 4   553 1   556 1   566 8   567 16   569 2   595 16   596 8   601 4   602 12   611 16   614 1   630 2   636 4   645 8   647 16   654 8   664 2   668 4   674 16   678 8   685 2   687 1   690 16   691 4   694 1   698 4   703 2   704 1   709 16   713 16   721 1   729 2   730 16   733 4   748 8   764 1   765 16   767 8   770 2   774 8   781 1   783 8   786 8   792 16   797 2   807 2   809 1   816 1   820 4   825 1   837 1   839 4   844 4   847 20   855 2   857 8   860 8   861 1   866 8   868 16   871 8   877 2   880 1   895 2   903 1   905 2   910 4   912 4   916 8   918 2   922 2   950 8   953 16   
156  920     4 8   20 4   29 1   37 2   38 8   39 2   41 4   45 4   48 1   59 20   62 3   71 8   84 4   87 8   91 3   98 8   109 1   124 1   134 2   145 18   146 16   151 4   155 4   167 1   168 8   182 1   184 8   190 4   195 4   202 8   204 4   211 1   213 16   214 1   229 4   236 8   240 2   243 17   251 1   259 2   260 2   261 4   264 2   268 1   273 16   285 8   289 9   302 4   309 8   311 8   317 16   319 16   321 8   325 4   340 1   344 16   348 1   352 4   353 1   358 8   362 4   363 4   368 18   371 4   380 16   384 2   385 1   388 2   390 4   392 4   400 8   414 24   427 4   429 8   438 8   442 16   452 2   455 16   461 4   463 16   465 4   470 4   473 1   480 2   486 17   489 4   492 8   493 2   497 4   498 16   501 4   511 8   513 4   529 2   533 6   535 8   536 8   553 16   556 2   574 4   581 16   591 20   605 4   614 2   617 2   620 2   621 8   623 8   628 2   636 1   639 8   641 16   653 1   655 8   656 1   670 2   675 2   685 16   686 2   702 2   726 2   735 16   739 20   743 16   750 8   770 1   775 2   779 1   782 4   785 8   788 2   799 8   807 8   811 8   813 8   830 20   831 10   834 16   859 4   874 2   878 4   880 4   884 4   890 2   899 8   904 16   905 2   912 2   916 1   922 8   938 8   939 8   941 1   947 4   951 8   959 4   
165  927     3 16   4 2   18 4   22 4   30 1   37 8   39 4   44 16   51 8   60 4   72 2   76 1   77 16   87 8   102 4   103 2   109 8   112 5   113 4   118 1   132 5   133 1   138 2   154 2   157 8   160 2   164 1   165 3   173 8   178 4   180 2   185 4   188 8   202 4   204 2   226 1   230 2   242 2   250 5   254 8   255 2   264 4   270 2   278 4   302 16   304 16   306 2   308 3   320 2   329 4   332 2   341 16   352 16   367 2   368 16   371 8   372 16   373 1   374 4   379 4   381 8   394 16   411 2   413 2   419 4   422 8   429 8   432 4   438 8   441 16   442 2   453 2   454 8   458 12   469 1   474 1   486 8   492 16   493 1   494 4   497 2   502 16   509 8   524 2   535 2   541 2   544 1   549 3   557 1   567 2   570 2   573 3   577 10   580 4   582 16   583 4   585 5   588 2   590 8   592 2   599 8   613 16   627 4   629 4   630 4   659 2   662 2   663 16   664 1   671 19   676 8   684 4   694 2   696 2   701 16   703 4   706 8   709 16   710 2   712 1   714 16   719 3   724 1   728 4   729 8   730 2   734 16   740 2   743 17   744 17   745 4   748 1   755 8   769 16   770 8   773 2   785 8   787 4   792 2   793 1   802 8   810 12   820 1   830 5   832 2   833 2   846 2   851 4   859 16   860 16   861 4   878 16   889 16   891 12   904 4   908 24   909 1   910 2   919 1   923 16   936 2   948 16   949 4   956 4   957 2   
165  925     4 4   27 1   31 16   33 1   34 1   41 1   53 4   56 1   57 4   68 1   77 2   82 8   86 2   87 4   89 2   92 4   99 16   104 2   107 4   108 1   115 16   122 1   123 4   137 2   139 8   145 4   147 8   150 1   152 2   160 8   161 8   170 4   172 1   175 8   176 4   177 2   182 2   184 2   199 4   200 4   203 4   230 2   232 2   251 4   262 4   267 4   277 1   284 1   285 17   288 2   289 8   290 2   292 5   298 8   312 1   326 1   328 8   329 4   331 4   333 1   334 8   339 8   343 4   346 2   368 16   378 4   380 16   381 2   386 4   402 16   406 4   423 1   424 4   429 16   436 4   445 16   452 1   454 8   457 16   459 16   464 2   483 4   490 2   493 2   498 10   499 4   505 4   511 8   519 2   523 16   524 1   528 1   536 2   555 16   558 8   559 4   560 4   563 12   564 2   576 2   582 16   585 1   596 8   601 4   608 2   616 16   631 4   632 2   633 4   636 2   646 8   651 8   657 2   659 1   660 1   661 2   666 4   687 18   689 16   692 4   709 1   714 16   721 2   722 16   726 1   736 4   741 8   746 8   747 2   757 2   763 2   767 8   768 8   771 8   789 4   791 8   806 4   812 4   817 2   827 2   830 8   836 8   837 4   839 1   845 2   854 1   861 4   863 2   866 16   881 4   886 1   887 16   888 4   891 8   892 8   897 8   900 1   904 1   910 16   915 2   921 8   924 2   931 2   951 2   953 4   
165  931     5 8   6 1   19 8   27 8   29 8   42 2   47 16   50 2   53 1   60 1   65 2   75 16   88 8   90 18   92 1   99 16   106 10   108 2   109 4   111 16   119 8   122 1   123 4   132 2   134 1   151 1   152 2   154 8   159 8   160 8   162 4   165 8   170 16   173 2   176 4   180 2   195 4   199 1   212 1   217 8   218 2   219 1   221 16   233 4   236 2   241 8   245 2   248 2   254 8   255 1   260 1   267 2   290 1   292 8   309 2   313 16   315 16   317 2   326 9   340 2   344 1   345 16   359 8   366 2   368 4   369 8   388 4   390 4   391 4   392 1   394 2   398 2   399 16   402 8   409 8   411 4   424 16   428 2   432 4   443 16   446 8   451 16   456 8   457 4   459 8   469 2   470 1   472 8   482 8   494 1   496 16   498 16   500 8   504 8   507 16   509 8   513 8   527 1   532 1   538 1   542 16   547 12   554 8   556 2   563 8   565 8   576 8   577 8   580 2   581 8   587 4   591 16   607 9   613 4   617 1   624 12   626 17   634 4   665 16   667 16   668 4   679 1   683 8   688 2   690 16   699 8   706 1   714 2   717 8   718 1   721 1   730 1   732 1   738 8   752 2   754 8   755 16   757 8   769 4   773 1   784 4   788 8   789 8   795 8   800 1   811 1   813 8   818 2   834 12   842 2   843 4   852 4   859 2   868 1   870 16   871 8   880 1   882 16   886 8   887 1   931 8   935 2   941 2   945 2   947 4   
162  929     0 4   3 16   5 16   16 2   23 1   30 16   32 8   36 1   44 16   47 16   63 9   75 1   77 2   82 1   83 8   84 3   109 4   110 1   139 1   146 1   156 6   161 1   165 2   177 12   182 2   193 16   194 4   195 16   196 8   199 8   201 2   204 1   210 16   216 16   221 1   223 2   226 4   230 8   232 2   233 8   246 16   250 16   252 1   254 1   264 16   271 1   272 16   279 8   283 16   284 8   285 8   287 10   295 16   298 4   300 8   304 2   309 1   310 16   315 2   318 16   319 8   328 4   334 4   347 8   353 16   359 8   366 1   371 1   372 8   374 8   386 2   393 2   402 8   405 4   410 1   424 8   429 16   436 16   439 1   448 4   459 16   460 16   467 18   496 4   514 16   519 1   526 4   547 1   554 4   556 4   566 8   568 4   570 8   582 1   586 1   591 3   599 2   613 16   617 1   620 8   621 8   625 4   627 16   631 16   632 8   650 1   652 4   658 1   664 16   668 2   671 1   674 16   690 1   703 2   704 16   710 4   726 2   732 2   738 16   746 8   749 16   753 1   754 4   756 17   757 16   769 16   770 2   771 8   774 4   784 4   794 16   802 4   805 16   814 16   815 1   816 8   818 1   819 2   823 4   855 1   863 4   868 8   869 4   882 1   884 16   900 16   901 2   903 16   909 1   911 8   914 1   915 4   917 24   925 4   929 1   936 8   939 4   943 16   952 4   953 2   957 5   958 2   
133  908     5 5   29 3   35 2   40 6   42 4   45 8   54 16   60 4   65 6   71 16   76 4   77 2   78 1   87 24   96 16   97 4   107 1   108 3   114 4   116 6   127 2   128 8   137 1   141 1   155 9   156 2   157 8   160 10   161 1   172 1   179 4   191 10   198 8   209 4   213 2   241 4   244 10   252 1   253 8   255 5   256 4   257 1   268 4   284 3   299 1   307 8   344 16   348 8   350 17   353 1   358 4   362 4   373 4   382 3   384 8   390 16   391 16   404 1   426 2   434 8   435 8   444 4   463 8   465 16   467 2   469 2   476 4   481 2   488 8   491 16   499 8   502 2   513 4   517 4   519 4   524 1   533 9   555 12   566 8   575 1   579 8   581 8   586 16   587 2   597 8   599 17   618 8   683 16   692 8   719 4   726 1   730 2   732 2   733 4   771 20   774 1   777 1   782 1   783 4   785 4   787 8   788 8   794 8   804 16   812 4   818 4   823 2   831 5   832 8   836 16   848 16   850 1   851 1   860 1   869 8   870 2   871 1   874 8   876 2   877 8   882 16   883 2   885 20   886 2   893 1   898 2   917 16   920 5   926 5   935 10   952 8   953 1   959 8   
192  925     1 4   4 16   8 1   26 2   30 8   37 16   52 16   56 8   57 2   58 4   67 2   74 4   75 2   97 8   99 2   100 8   104 2   107 1   108 2   116 2   119 8   122 8   126 16   129 4   138 16   144 1   154 8   160 4   164 1   165 16   168 20   169 4   176 8   177 1   183 2   193 2   202 25   206 16   213 16   218 2   230 16   235 16   237 4   240 8   253 1   254 2   255 1   258 4   260 8   261 14   267 1   274 16   282 2   291 2   294 16   298 1   301 8   305 18   307 1   308 1   310 3   311 8   315 4   319 4   329 2   333 1   339 2   340 12   342 16   369 1   383 16   388 4   391 8   392 1   393 16   399 10   407 4   409 8   412 1   413 8   416 8   417 8   420 5   421 1   425 16   430 1   439 16   453 4   463 2   466 1   469 8   472 16   477 8   478 1   480 4   482 4   483 8   485 1   489 16   491 1   492 8   496 8   497 2   498 17   507 16   511 4   516 8   519 9   520 2   522 2   527 4   529 2   530 2   533 1   538 1   545 8   553 4   555 12   556 1   558 16   561 8   562 2   578 16   582 8   609 2   610 1   613 4   618 3   629 1   630 1   635 16   638 16   644 2   647 2   653 8   654 1   655 18   670 1   673 2   685 16   692 16   696 2   698 9   713 16   715 1   717 1   727 2   734 8   737 4   741 2   755 16   760 2   762 8   763 1   765 8   771 8   782 8   790 8   792 16   793 1   796 2   801 9   803 8   811 2   813 16   814 3   817 16   826 8   832 1   836 8   839 1   840 16   851 1   852 4   856 16   858 16   864 4   873 8   880 2   893 16   901 2   903 16   905 1   906 16   912 16   917 1   921 8   931 4   942 24   948 16   952 16   954 16   
97  866     8 16   15 1   18 16   33 1   50 1   63 1   68 4   71 4   90 18   102 5   107 4   112 16   124 16   131 2   147 4   172 4   176 4   177 2   180 1   185 1   188 1   210 4   228 4   238 24   262 1   263 8   270 1   273 8   279 4   287 8   310 2   317 9   320 20   323 12   327 8   328 6   333 16   352 8   373 4   377 17   388 24   395 16   418 4   429 1   437 8   442 2   468 8   479 4   514 5   520 2   528 4   541 2   542 2   551 16   560 2   561 2   566 16   580 4   604 2   610 8   616 1   621 16   625 8   629 16   633 4   647 16   668 8   678 4   681 12   685 1   692 5   728 9   734 4   749 16   758 8   766 8   770 24   779 7   790 8   791 8   802 16   806 16   807 4   817 5   818 1   822 2   834 4   845 8   862 4   868 1   873 16   895 1   898 4   909 12   926 1   931 8   957 8   
170  928     4 1   7 2   14 4   17 8   19 3   22 16   40 8   45 16   47 16   48 2   58 1   60 1   63 8   68 8   75 24   82 16   86 18   87 2   88 8   89 16   98 2   106 16   109 8   120 2   124 1   129 1   158 8   160 20   171 4   172 4   176 8   178 1   188 8   191 1   198 16   201 4   213 2   233 2   243 16   261 2   262 1   264 2   272 4   273 4   276 4   285 1   286 2   290 8   292 1   293 8   306 4   312 4   316 8   320 4   338 1   366 8   371 8   373 4   374 4   375 8   376 16   378 2   379 2   385 16   401 4   409 16   410 4   414 2   418 8   419 2   425 16   430 4   436 4   441 4   455 16   462 16   472 8   477 2   481 1   486 1   495 2   498 8   501 16   510 8   512 16   513 1   514 8   515 4   526 9   534 8   537 8   540 8   543 2   546 8   552 1   553 8   564 3   571 20   572 1   575 8   576 1   584 12   590 1   593 2   596 2   602 8   605 12   610 1   617 8   619 4   620 1   624 8   625 1   636 8   639 16   643 16   646 8   648 2   650 2   651 1   652 4   663 1   665 8   667 2   683 1   691 1   693 2   733 16   736 1   749 2   754 1   765 2   771 8   774 4   784 11   794 8   796 1   799 17   800 4   801 16   804 8   830 1   839 8   841 2   843 1   844 4   849 2   858 2   859 8   864 24   871 4   875 2   886 1   889 5   890 1   895 2   904 8   906 2   913 2   915 16   920 4   922 1   925 2   935 2   937 16   940 2   942 8   947 2   957 16   959 1   
162  915     1 2   6 1   11 4   14 1   25 4   30 4   33 16   37 4   39 8   47 16   56 8   60 8   63 16   66 1   71 4   78 4   79 20   82 4   86 2   102 16   106 8   114 8   118 4   130 2   131 2   133 8   136 6   140 16   149 16   150 20   163 12   168 8   174 9   182 8   184 2   192 10   193 16   200 8   203 16   204 12   216 4   219 2   231 4   240 8   241 18   249 4   263 8   264 1   271 1   274 2   287 4   289 8   290 1   292 4   303 4   304 2   310 2   316 4   324 2   332 4   334 8   341 2   342 8   344 1   348 28   355 16   365 2   368 1   386 1   389 4   392 4   402 8   408 16   420 4   423 8   424 8   443 16   447 20   462 8   466 4   473 16   486 1   493 17   496 2   501 2   521 8   522 16   524 4   530 2   535 1   548 10   551 4   563 4   573 2   575 2   587 4   598 1   601 1   616 16   618 16   620 8   629 8   633 4   638 2   642 5   649 16   653 1   655 4   661 1   663 9   670 1   677 2   685 5   687 1   695 16   703 16   720 1   725 1   727 4   729 8   736 1   741 16   742 16   754 8   756 16   767 8   772 2   774 16   788 4   790 8   795 8   815 8   822 8   824 16   837 1   840 8   842 8   848 8   854 1   857 12   860 2   870 2   872 1   873 16   876 2   880 1   881 1   885 16   900 4   902 1   903 16   908 2   909 8   927 2   928 8   931 4   937 1   941 8   942 8   949 16   951 8   959 2   
147  926     18 4   24 8   27 20   32 8   38 2   54 17   55 8   60 1   65 8   79 8   84 1   97 16   105 16   112 1   115 1   118 16   124 2   128 5   130 8   133 2   146 16   149 8   156 8   163 16   172 1   187 2   199 16   209 16   228 2   254 16   264 2   267 8   274 16   284 16   293 2   295 16   298 16   301 2   306 1   314 1   315 9   317 1   323 16   324 2   329 1   335 8   337 16   348 8   356 2   358 1   369 4   387 16   391 8   393 2   395 2   406 1   421 3   422 8   425 8   426 16   432 1   447 1   448 20   450 2   452 18   465 8   476 16   493 10   497 2   505 8   509 4   512 16   515 2   516 16   517 4   525 16   526 1   531 1   535 4   536 16   539 16   553 2   554 2   558 8   562 2   565 12   569 4   573 16   575 1   576 2   577 18   578 2   586 2   590 18   593 8   599 4   605 16   616 8   631 8   644 4   647 2   650 1   654 16   655 12   656 8   657 16   658 4   676 4   680 4   691 2   696 1   699 4   704 4   725 2   739 4   748 4   752 16   757 4   759 8   766 2   767 1   778 16   779 8   784 4   789 8   795 8   804 24   805 16   808 8   809 16   812 2   817 16   818 1   819 8   842 2   851 2   862 1   878 2   882 8   883 4   887 1   900 2   923 1   926 4   928 2   936 8   942 4   
194  911     14 1   15 2   20 4   27 16   31 8   34 8   37 2   40 2   49 16   52 2   53 8   55 2   57 1   58 6   59 8   64 16   68 4   70 24   83 18   85 2   94 4   99 2   104 4   105 16   108 8   113 8   121 2   124 2   130 16   135 4   157 2   160 2   163 1   164 16   167 2   168 1   183 1   184 2   188 1   193 2   196 2   202 8   203 2   213 8   215 1   218 16   219 8   220 8   221 4   222 16   223 2   227 1   231 4   246 4   249 16   254 8   259 2   260 1   261 4   263 2   264 4   285 8   295 1   309 1   312 4   313 20   320 4   326 4   329 8   334 16   341 4   342 8   343 8   344 4   348 4   351 16   360 2   365 4   371 2   374 4   375 2   376 8   382 2   389 2   393 16   397 4   402 4   403 1   404 2   405 8   407 16   414 1   427 16   432 8   438 8   440 16   441 24   452 4   454 2   458 10   461 2   471 1   473 2   481 2   488 4   489 16   499 8   500 16   506 1   510 9   515 4   518 8   519 2   524 1   535 16   539 4   547 9   548 4   568 1   572 8   583 1   590 2   598 8   605 8   612 8   618 8   627 4   629 1   647 1   655 1   657 4   663 2   670 4   672 16   691 2   693 1   701 8   704 2   707 16   709 1   710 13   716 1   718 4   722 16   732 4   733 1   736 2   745 4   747 16   750 1   756 4   760 2   768 8   779 1   782 16   788 8   792 4   793 8   794 8   798 2   799 4   810 8   821 16   824 16   825 8   830 16   831 1   836 8   838 2   844 8   845 4   848 1   849 2   853 8   854 16   866 16   867 4   872 2   876 16   885 1   890 4   891 2   892 4   901 16   902 4   908 1   928 12   929 2   932 8   934 4   945 24   947 4   954 8   958 5   
151  907     13 8   14 1   18 4   19 16   20 16   27 1   37 2   38 4   39 2   43 2   48 8   54 4   61 8   67 16   70 8   84 16   91 16   92 8   96 2   105 1   109 16   111 12   129 1   132 8   134 4   146 4   147 16   151 24   158 2   173 16   182 4   185 4   190 4   191 1   192 4   197 4   203 1   204 16   212 1   217 1   223 4   225 8   234 2   239 8   243 1   251 2   253 8   254 16   263 2   264 4   268 4   273 2   277 8   284 2   286 8   288 1   299 2   310 8   311 1   314 16   320 4   324 8   326 2   334 20   338 1   341 1   343 20   347 8   359 1   364 16   368 1   376 16   385 4   388 2   389 2   390 8   406 2   407 16   424 16   436 8   448 16   464 1   467 8   473 8   475 8   477 16   481 16   489 9   498 16   509 2   515 4   525 16   545 8   552 16   569 8   582 16   595 4   598 1   607 8   613 1   623 8   629 1   630 4   641 4   642 16   655 4   658 8   666 10   669 8   671 1   680 4   682 8   683 2   687 8   695 4   699 16   700 2   701 8   703 8   721 16   726 2   733 2   738 1   739 8   742 8   743 8   744 8   745 2   751 1   783 1   786 8   810 4   820 2   837 1   847 17   861 8   862 1   875 2   881 4   885 4   889 16   891 1   910 4   924 1   925 8   933 8   936 1   943 4   950 6   954 8   958 2   
146  906     14 16   31 11   35 1   48 18   62 16   69 16   89 1   91 2   99 8   102 2   107 5   112 4   118 4   128 16   133 16   137 2   139 2   141 16   149 8   157 4   158 4   160 2   173 16   176 8   179 8   180 1   182 4   183 6   191 1   196 16   204 8   205 8   206 4   207 8   219 1   222 16   240 4   244 8   247 2   249 18   260 8   284 16   290 8   294 8   318 4   327 4   328 1   334 1   337 2   340 16   343 12   344 16   351 2   354 3   374 16   376 4   386 22   399 2   404 8   416 8   419 8   424 1   429 2   440 16   443 16   447 8   448 16   458 8   460 8   471 1   477 1   490 4   492 4   498 16   500 4   501 16   505 16   508 9   513 16   521 4   524 16   535 4   552 2   553 4   564 16   572 8   593 4   599 2   613 2   617 1   618 1   620 8   622 16   633 8   642 20   659 20   660 16   668 16   669 8   672 16   692 4   712 2   713 24   714 8   725 9   726 4   732 1   739 4   748 4   751 8   753 16   757 4   761 8   771 4   780 9   792 2   806 3   808 4   818 1   825 4   826 4   833 16   843 12   852 16   856 4   859 16   860 16   863 4   867 8   878 8   884 16   889 1   895 16   904 3   912 16   917 16   927 4   931 4   933 2   936 16   940 8   942 2   945 8   946 4   947 4   951 8   
136  901     7 8   13 8   15 16   27 2   29 8   39 8   46 2   48 2   55 2   56 4   58 1   64 2   66 2   71 1   82 16   83 8   94 1   102 2   106 1   113 16   121 16   122 4   129 8   138 4   139 3   153 1   167 1   168 16   175 16   203 8   217 16   223 16   229 4   242 6   245 4   249 4   251 16   253 4   261 4   262 2   268 8   277 1   298 2   303 8   305 1   315 2   330 16   334 1   358 1   362 4   363 1   368 1   373 24   377 1   379 4   382 16   390 4   393 8   395 16   412 1   422 8   430 16   432 4   440 2   445 4   452 1   456 8   463 8   470 1   477 8   479 2   482 16   485 4   491 16   493 1   503 1   504 2   509 2   522 1   530 2   531 4   572 1   586 16   590 16   604 8   609 4   650 1   656 12   668 8   674 2   678 16   690 1   702 16   703 2   715 5   720 1   721 8   723 2   729 16   730 8   731 16   735 2   736 1   765 3   772 2   780 2   783 8   785 16   790 8   791 8   816 1   820 4   830 1   834 16   836 16   846 8   848 4   851 4   864 1   871 4   880 16   882 2   884 4   890 8   893 1   895 2   897 1   899 1   902 16   904 3   905 2   908 8   915 16   918 1   958 4   959 8   
173  939     9 1   13 4   20 16   37 2   48 4   70 8   73 4   84 4   85 8   92 16   94 4   95 1   104 4   109 2   115 2   122 4   125 1   130 2   131 8   133 8   144 1   145 8   154 16   157 4   166 8   168 16   179 2   180 4   185 18   186 16   191 2   198 4   199 8   209 8   221 4   234 8   243 2   246 16   255 4   259 4   265 1   279 16   281 8   283 1   285 18   287 3   294 4   296 16   307 24   313 4   316 16   317 4   323 4   327 4   333 2   335 1   342 2   346 12   348 16   351 1   356 2   362 8   366 2   367 2   377 8   383 2   396 8   404 1   408 1   413 8   415 16   419 1   428 4   445 18   449 8   450 1   458 16   465 16   470 8   476 1   483 2   487 2   491 4   492 1   495 8   497 1   500 8   507 2   508 4   520 8   521 2   522 2   526 1   527 8   533 16   542 8   559 2   561 2   564 1   566 16   567 4   576 1   583 1   591 12   605 8   616 8   625 4   627 1   631 1   633 16   637 2   638 1   642 17   647 16   662 4   666 9   675 4   676 6   678 4   681 1   683 1   685 4   691 2   695 2   698 4   700 16   709 8   711 16   725 4   727 8   728 2   734 20   741 2   747 2   749 2   756 1   759 4   760 4   769 5   770 2   778 2   790 4   791 2   794 2   795 4   802 1   808 16   810 2   820 2   821 8   822 4   827 1   833 4   844 8   846 1   855 20   857 1   882 4   889 8   905 5   910 2   912 4   922 8   933 1   938 8   939 1   945 8   947 16   948 16   950 1   953 8   955 8   956 16   
290  935     0 16   2 1   3 16   6 8   8 4   11 8   15 16   17 16   19 2   21 2   22 2   24 4   31 22   34 16   35 4   46 1   47 4   49 4   55 1   60 4   61 9   64 8   65 8   74 8   77 2   79 2   87 8   90 16   95 1   105 2   106 2   110 8   118 4   119 1   120 8   124 8   125 4   129 8   131 4   133 4   140 16   141 7   142 9   146 4   153 4   155 10   166 2   171 1   181 2   184 2   203 4   204 4   206 4   209 16   211 2   214 16   215 8   216 4   219 4   222 2   223 4   224 8   230 16   237 16   239 16   240 24   241 4   244 2   246 12   247 1   248 16   253 10   265 1   266 4   267 4   269 1   270 20   271 4   276 4   277 16   281 2   285 8   286 12   290 4   291 4   292 4   294 16   296 8   297 6   301 4   311 4   318 1   321 4   322 9   323 8   324 16   327 8   328 8   331 18   339 8   341 16   343 16   344 8   345 1   349 4   350 1   354 1   374 4   376 16   380 4   397 5   399 1   402 8   405 2   427 9   435 2   436 2   438 8   447 2   448 2   450 4   453 2   454 4   455 16   459 16   464 8   467 16   472 4   475 1   476 1   478 2   479 4   480 16   484 4   485 8   493 1   495 2   498 6   501 2   505 1   507 16   510 8   511 2   513 4   514 16   515 8   523 2   526 4   528 1   529 1   535 4   537 6   549 2   554 2   565 8   567 2   569 6   570 3   572 3   575 4   576 8   577 20   583 2   585 16   587 24   592 2   594 16   596 16   597 16   599 8   602 16   607 8   613 16   617 2   619 5   620 22   623 16   624 2   630 8   632 1   637 4   638 16   639 8   640 2   642 4   647 1   649 10   650 2   652 8   658 24   661 9   668 24   669 6   671 2   672 16   673 1   675 20   677 1   680 8   683 1   688 2   691 4   694 4   697 6   698 1   700 16   701 4   704 2   707 8   709 2   714 1   718 4   722 8   732 4   733 1   734 16   735 1   740 2   741 2   742 16   743 2   745 4   746 16   752 4   754 18   755 16   756 4   762 2   771 16   775 8   777 1   788 1   789 4   793 2   796 17   799 12   800 2   801 4   807 1   809 2   810 2   811 2   813 8   822 4   826 4   829 2   835 2   836 16   838 1   843 2   844 1   846 2   847 1   848 4   851 16   852 2   856 4   859 4   863 16   864 16   865 2   867 2   868 3   873 4   874 2   875 28   888 2   892 1   896 1   898 12   903 4   905 16   906 4   908 16   912 2   921 4   922 1   923 24   927 8   928 9   933 8   934 16   938 8   943 8   945 8   946 16   947 3   949 4   952 16   954 1   
138  923     0 12   3 4   17 1   33 1   35 1   38 16   43 8   47 8   48 8   50 8   73 4   84 17   90 2   91 8   98 16   107 16   109 2   110 2   119 2   121 2   123 16   124 4   128 4   137 2   139 2   143 8   144 16   145 2   147 16   186 16   193 2   201 16   209 2   220 16   236 4   250 2   257 16   258 2   263 4   271 16   281 4   285 4   295 4   299 1   301 2   307 2   318 2   325 8   332 1   338 2   339 1   355 2   363 4   368 4   398 8   407 16   414 4   424 16   427 18   430 8   448 2   450 10   451 8   453 2   465 8   473 4   477 1   483 2   489 4   492 4   495 16   496 16   507 2   511 8   512 16   528 16   535 2   536 1   537 8   542 8   567 1   571 1   573 8   574 4   575 2   604 8   607 4   617 8   618 1   647 1   651 1   661 2   663 4   672 2   680 1   682 1   687 1   688 18   689 1   690 9   696 8   700 4   711 2   714 1   727 4   730 1   736 16   739 4   741 8   753 16   757 4   758 4   761 4   773 2   785 16   800 2   801 4   802 1   805 8   813 16   815 16   823 2   827 1   833 16   851 4   864 4   867 2   873 4   877 1   879 1   880 16   887 24   889 8   914 2   918 16   924 16   927 1   958 4   
163  904     1 16   3 16   7 8   22 4   26 4   27 16   29 16   32 8   53 2   58 16   62 8   67 4   75 1   77 1   81 8   97 1   99 16   101 2   104 1   106 1   109 1   110 2   118 16   121 1   127 2   134 8   138 2   141 16   146 2   153 8   156 4   173 4   186 4   193 4   197 1   202 4   203 2   207 1   210 8   213 2   215 2   216 16   219 2   223 4   224 4   225 16   237 2   266 2   269 18   273 1   277 8   287 24   290 8   304 4   307 1   309 1   311 2   312 2   314 16   317 1   320 16   333 2   335 4   346 11   351 2   370 8   375 4   376 4   378 16   389 4   395 2   401 16   419 4   429 8   435 8   436 1   438 4   458 4   464 1   469 1   472 2   475 1   479 16   480 1   513 1   515 8   517 2   521 2   524 16   528 2   532 2   541 16   543 16   544 16   550 2   557 2   561 2   562 8   564 4   570 16   572 4   588 16   601 2   602 4   605 1   610 24   652 1   658 4   663 4   664 18   667 2   669 1   670 16   673 2   683 16   691 12   704 16   706 4   729 5   731 16   741 4   744 1   750 1   754 8   760 2   764 2   768 8   773 2   783 1   788 16   789 1   794 2   799 4   802 2   807 16   814 16   820 8   827 2   833 2   843 16   848 1   850 1   853 16   859 2   869 2   873 16   874 2   879 2   880 16   881 8   886 2   887 1   900 1   907 18   911 10   913 16   915 8   922 16   926 2   931 8   939 4   940 2   955 6   
1  30     688 8   
154  916     8 16   9 1   14 1   32 5   38 16   43 4   51 16   56 4   64 2   68 1   80 2   83 16   86 16   88 16   93 8   97 4   108 16   115 4   123 2   139 8   141 12   159 4   162 16   166 16   171 2   177 16   179 8   183 2   198 8   201 16   214 2   217 4   219 2   221 4   223 8   231 16   233 4   234 20   235 4   236 8   240 4   249 24   252 16   254 16   264 8   266 16   275 8   282 12   286 24   292 9   294 1   298 24   305 2   306 2   311 1   312 1   314 8   315 16   324 2   332 1   336 2   343 8   353 2   379 8   392 16   404 1   407 1   417 4   431 2   436 4   438 4   449 2   454 16   455 2   457 16   460 1   468 8   475 1   484 8   485 2   486 4   498 4   500 4   503 2   505 16   517 1   529 4   530 1   546 2   548 2   563 17   566 2   572 1   575 1   580 16   581 8   592 16   596 1   607 1   625 4   626 16   627 12   631 1   636 1   637 8   660 16   662 4   667 16   675 8   680 2   681 16   690 20   693 18   711 1   714 16   717 1   723 8   732 4   734 8   743 1   750 1   755 16   764 2   765 16   768 2   769 2   771 1   773 8   775 16   789 16   790 2   792 4   793 1   809 2   815 4   821 8   836 16   846 1   848 2   855 2   864 16   875 4   876 1   882 8   899 1   903 2   928 3   935 1   937 4   938 16   954 16   957 8   959 8   960 16   
148  908     22 2   24 8   35 4   38 2   48 8   49 20   64 1   69 16   75 4   78 21   89 2   97 10   108 1   110 1   111 2   119 2   120 4   123 16   131 8   135 4   138 1   150 2   151 2   158 4   170 2   176 8   177 1   178 6   179 4   182 2   185 8   194 2   197 16   220 18   228 16   230 16   238 2   241 1   245 16   256 16   257 4   260 8   269 16   281 1   283 16   304 1   305 2   314 2   322 8   324 3   328 2   332 4   335 4   336 1   343 8   350 4   351 2   357 4   374 1   379 16   389 2   406 1   411 1   425 2   427 1   440 16   441 8   449 24   453 20   465 2   477 8   478 16   485 2   496 16   498 1   507 8   510 16   515 4   528 8   530 16   540 4   541 1   542 16   550 2   570 4   581 8   585 2   588 2   606 1   612 2   613 2   617 1   644 8   657 1   661 8   662 4   663 4   673 6   677 16   678 3   690 2   697 4   704 4   710 4   720 1   722 1   728 4   733 16   744 8   746 4   750 2   754 6   758 4   761 1   763 2   767 4   769 18   770 8   775 1   785 1   789 8   790 4   798 1   810 20   814 1   825 2   827 16   828 4   832 20   841 1   850 1   857 4   858 18   864 2   870 2   872 16   894 1   896 20   900 8   910 4   917 4   930 1   932 1   934 2   936 16   946 2   948 4   960 4   
225  919     6 16   14 12   15 8   25 4   27 2   28 8   29 19   45 8   47 16   48 16   49 1   53 4   59 1   64 2   72 4   82 2   85 6   87 1   88 2   97 1   101 16   109 2   112 4   113 8   115 16   117 2   118 1   122 2   127 6   128 6   133 4   136 2   140 1   142 1   143 12   145 8   149 1   157 16   161 8   162 8   163 4   174 16   175 1   177 8   184 1   188 4   189 4   201 8   207 2   211 9   212 4   215 24   216 6   219 4   231 12   237 12   241 4   251 20   255 2   260 4   266 16   274 1   282 1   283 2   285 8   286 1   291 16   292 10   293 8   295 8   296 2   302 1   309 8   310 16   311 18   316 8   318 1   323 8   324 2   328 2   332 16   334 2   335 4   338 17   340 4   342 2   345 1   352 16   359 4   361 1   362 16   363 2   367 4   373 16   375 8   377 1   394 19   396 2   400 8   402 4   412 8   420 16   421 2   423 4   424 4   433 2   434 16   442 1   453 4   455 16   460 16   470 1   472 5   481 4   482 16   483 8   487 4   491 2   492 1   496 8   499 16   501 1   506 16   509 5   510 8   515 8   530 4   537 16   542 1   552 16   554 1   555 2   563 1   564 8   565 1   566 4   587 8   589 2   593 8   597 8   601 8   605 4   609 9   618 16   620 2   632 4   633 2   634 8   639 1   643 8   647 16   651 1   655 17   678 1   682 2   683 2   686 16   689 4   692 2   694 16   695 16   704 8   706 8   708 8   711 2   713 4   717 8   723 16   724 1   725 16   732 1   733 8   741 4   742 4   750 4   752 2   753 8   757 8   762 8   773 2   777 1   779 16   780 8   781 1   785 2   786 4   793 8   795 8   796 1   798 4   799 16   806 4   809 8   812 9   822 16   830 1   833 4   835 2   841 1   844 4   846 1   857 17   864 1   868 1   870 2   871 6   872 1   873 18   878 16   882 16   886 8   894 2   895 16   897 4   898 2   899 2   922 1   930 6   944 4   946 16   947 1   950 2   956 16   959 4   960 16   
154  920     2 4   25 1   27 10   28 8   31 1   34 4   48 2   80 2   88 4   93 16   100 16   109 2   118 1   127 8   133 1   134 16   136 2   143 1   146 2   154 16   165 16   176 8   180 8   181 2   186 8   194 17   202 16   205 8   219 2   222 16   224 16   230 8   233 4   236 4   249 1   251 1   257 18   260 16   261 2   263 9   268 1   275 8   279 2   281 2   311 16   325 1   333 8   334 4   344 1   348 1   351 8   354 8   366 4   383 4   384 4   388 4   391 16   392 4   399 10   401 2   404 8   407 2   410 4   414 2   420 2   424 2   442 1   446 4   448 4   449 17   457 8   472 2   477 9   480 16   488 1   489 6   494 24   495 1   498 4   507 16   512 8   514 4   521 4   522 4   527 16   530 1   533 1   548 2   549 6   554 9   560 16   563 1   566 16   570 4   579 1   581 4   586 4   595 4   596 8   610 4   611 18   615 12   616 3   617 14   619 2   636 1   639 10   646 16   652 2   657 4   671 4   672 16   679 4   682 2   684 16   687 8   703 4   720 8   725 2   730 1   731 2   734 16   755 8   756 4   770 8   775 7   786 9   805 16   806 5   807 2   810 16   819 1   820 2   833 4   844 4   845 4   860 4   868 8   869 4   879 8   880 16   884 20   886 16   891 2   909 1   912 4   922 2   924 4   931 2   933 16   940 5   942 6   946 8   947 16   
139  918     3 8   4 2   5 16   7 4   22 4   27 3   36 16   37 1   43 8   59 1   60 16   71 16   74 8   80 1   82 8   83 1   86 16   87 16   88 2   94 16   96 1   100 8   117 8   129 16   130 1   134 1   136 4   139 2   145 2   161 2   165 5   169 8   176 1   181 1   182 16   188 8   189 16   192 16   231 1   238 5   243 1   258 16   260 2   264 1   267 10   268 8   273 8   279 1   284 1   293 2   295 10   296 2   301 8   305 4   308 16   325 16   328 2   329 1   330 4   349 16   351 2   363 1   370 8   383 16   386 17   404 8   406 2   430 24   437 3   451 16   454 1   457 9   463 2   464 1   470 8   471 16   475 4   484 8   501 4   506 8   513 1   514 4   516 8   523 8   537 8   550 4   574 2   576 10   588 10   606 16   622 4   623 20   626 4   630 4   640 17   645 1   652 16   656 6   677 1   683 4   691 8   696 8   698 4   710 1   718 16   719 1   720 16   725 16   728 8   746 2   758 16   763 1   767 1   768 1   773 2   779 12   789 4   792 1   807 16   809 2   810 1   841 8   845 20   847 2   853 1   854 8   857 16   860 6   869 8   874 3   881 17   892 1   915 4   935 4   936 4   943 4   945 8   946 16   951 16   
187  921     4 16   12 2   18 1   23 1   39 16   40 2   56 1   59 2   63 4   70 8   73 4   75 16   76 2   84 2   87 16   90 6   96 4   104 2   107 12   108 8   116 4   124 16   125 1   131 16   140 5   142 12   150 4   151 16   154 10   165 4   170 16   177 8   185 1   186 16   196 8   197 2   210 8   211 1   217 4   235 1   238 2   241 2   242 4   249 8   252 2   253 1   255 1   259 10   260 16   261 16   269 2   273 16   279 2   287 4   290 4   306 8   307 8   318 1   320 1   321 8   328 8   335 16   338 8   340 4   341 4   343 4   363 2   365 2   376 2   378 3   384 18   387 20   388 4   400 8   403 8   413 4   414 8   420 16   429 2   434 2   436 2   437 16   438 18   447 1   448 4   449 8   454 2   455 8   460 8   462 16   466 8   467 16   470 16   472 16   474 8   487 4   500 8   514 1   516 8   520 2   521 11   523 1   527 8   528 2   533 2   535 8   542 8   543 1   544 1   549 16   556 1   559 8   582 4   583 2   586 16   587 8   597 8   601 8   612 2   613 8   615 4   620 2   621 1   630 16   637 16   640 8   645 8   650 24   652 8   655 2   663 4   664 2   666 1   667 2   671 8   684 16   686 4   690 2   692 4   695 1   699 8   704 2   706 4   709 4   718 4   720 16   723 2   724 10   726 1   743 2   746 2   755 4   762 1   763 16   768 16   769 16   785 1   787 4   788 16   791 2   797 4   800 1   809 4   810 8   812 16   816 8   834 1   835 8   836 8   846 1   847 16   848 8   853 16   854 16   855 16   856 16   857 10   860 10   870 16   897 1   900 8   905 2   912 16   918 4   929 4   932 1   945 3   
162  925     4 3   8 16   9 16   16 8   22 8   23 2   25 4   31 8   33 8   36 1   39 8   41 16   42 4   47 1   51 4   54 2   65 4   67 4   75 12   76 8   79 18   87 12   91 4   102 16   107 2   119 4   122 10   151 4   159 1   167 16   170 16   177 8   180 1   186 16   189 16   199 8   202 8   204 2   206 6   222 16   225 1   226 2   231 4   254 4   255 8   261 16   267 1   269 2   276 8   284 1   287 1   292 16   295 16   305 16   316 24   324 4   327 16   338 2   343 1   344 16   355 6   357 16   360 16   362 4   364 2   373 1   381 4   384 4   389 2   391 1   397 4   411 7   414 1   417 16   432 16   445 4   448 4   453 2   483 24   488 1   495 2   499 8   501 17   512 4   514 2   522 16   528 8   532 8   536 2   552 1   556 16   557 16   562 16   564 16   565 1   568 2   574 4   589 4   593 1   594 2   595 4   599 16   605 2   610 4   632 4   641 8   651 16   653 2   663 4   664 16   669 8   682 1   684 1   688 4   691 5   693 2   699 1   703 2   716 4   719 2   731 2   736 2   738 4   754 16   756 4   760 16   770 8   772 16   778 2   791 16   793 9   818 16   821 2   829 8   830 4   831 16   832 2   837 16   847 1   852 16   864 1   865 2   866 8   879 16   889 4   890 1   892 1   893 4   894 1   897 16   903 2   905 4   907 1   908 16   913 16   930 8   933 16   941 4   942 4   951 16   955 16   958 1   
155  930     9 8   10 8   11 8   21 4   22 16   25 1   40 16   41 2   56 8   62 1   63 12   65 8   76 2   80 1   82 4   96 16   98 16   100 2   102 8   107 4   121 2   122 9   126 8   135 8   150 8   154 4   173 1   175 2   178 8   187 4   191 4   198 4   202 1   212 8   216 8   222 16   223 16   226 1   249 16   253 1   258 4   262 4   264 2   266 4   267 8   271 8   275 8   286 3   292 16   294 2   302 16   304 16   310 2   330 2   334 4   336 2   338 2   357 4   359 16   368 16   369 2   370 4   372 4   373 2   376 16   387 8   389 8   393 16   394 1   396 16   400 1   403 16   407 8   408 4   409 8   410 16   434 1   435 1   439 4   441 1   446 8   448 2   450 16   453 8   456 8   459 16   465 8   466 4   469 16   474 8   475 16   482 1   484 2   485 16   488 16   502 20   503 4   504 8   505 24   522 4   528 8   555 1   556 2   565 2   580 2   585 16   594 8   595 4   596 1   598 8   599 5   601 2   605 4   607 8   608 4   613 8   640 16   643 1   657 16   668 16   673 8   690 16   694 2   700 16   709 16   722 1   724 4   726 8   730 1   731 2   733 1   735 1   740 21   756 16   758 1   769 8   770 24   781 2   785 2   791 2   796 1   800 2   811 8   845 16   856 4   863 6   864 16   869 1   904 4   915 4   919 8   925 2   940 2   956 4   960 4   
168  924     2 16   7 4   10 2   11 8   19 4   20 9   23 16   37 8   40 4   53 16   56 4   57 2   66 8   73 4   80 10   82 4   91 4   110 4   115 8   125 1   128 4   132 16   142 1   148 1   151 9   155 4   158 16   162 1   164 4   167 2   183 1   191 4   199 16   207 8   208 2   214 2   245 2   260 2   262 24   272 12   280 8   281 1   282 8   284 2   285 4   286 16   289 8   291 8   301 8   302 8   311 1   314 2   316 2   323 2   324 4   331 2   340 2   349 8   350 20   353 16   354 1   358 2   359 16   370 2   377 16   379 1   384 1   388 1   390 16   396 2   400 8   401 4   409 16   415 17   417 8   421 1   423 2   424 1   446 8   458 1   459 2   465 3   471 9   486 16   487 16   492 8   499 12   500 4   501 16   504 2   523 2   525 1   531 2   534 2   535 1   545 1   553 4   561 2   564 16   567 8   574 4   575 2   579 16   586 16   588 2   591 20   592 6   594 8   597 16   604 8   622 8   626 4   631 1   644 8   654 8   658 1   662 2   666 2   667 16   671 2   673 2   675 2   678 6   683 16   686 1   687 1   690 8   699 2   703 16   711 2   719 4   726 2   729 2   740 4   743 4   748 1   753 16   757 8   760 2   769 1   770 4   786 16   798 16   803 1   805 16   828 1   830 8   847 4   860 8   863 16   868 4   870 8   871 8   886 4   901 4   911 8   913 2   919 2   920 2   927 2   928 16   929 16   931 2   933 8   939 2   943 4   946 1   951 16   
146  902     4 2   5 16   8 2   17 1   27 16   48 16   49 1   50 4   53 16   73 4   78 1   83 3   84 16   103 5   120 8   122 8   130 4   144 2   150 4   159 16   162 4   165 8   166 4   175 8   180 2   183 2   184 20   187 1   191 2   195 4   211 2   219 1   225 8   237 8   242 16   245 2   247 8   258 1   260 1   261 16   269 9   270 6   275 1   276 4   279 4   288 4   291 4   293 1   299 4   312 4   319 6   328 2   333 2   341 4   342 1   359 12   362 17   368 4   370 16   371 1   376 16   378 4   384 4   385 16   399 1   406 4   408 1   410 4   434 16   439 16   442 16   450 2   459 16   461 1   462 4   467 4   474 8   478 8   480 4   489 16   492 18   504 16   522 1   526 4   532 1   534 4   535 2   550 8   571 4   575 2   583 8   588 2   590 1   592 1   593 8   619 1   621 1   625 8   630 1   640 17   658 4   659 1   688 8   695 1   698 16   699 16   700 1   706 4   707 8   724 16   737 2   742 1   746 4   751 1   755 8   765 16   767 16   768 1   772 16   777 8   790 2   796 2   798 8   803 4   824 4   837 16   838 1   840 16   854 1   870 2   874 1   880 2   881 1   884 1   893 16   905 1   925 1   928 1   929 1   941 8   945 2   947 2   949 1   952 2   953 8   956 4   
140  883     0 4   14 16   16 1   23 8   45 2   50 4   58 4   63 4   73 8   78 1   80 2   86 5   91 4   94 1   107 16   110 2   118 16   128 1   133 4   135 2   161 8   165 8   167 4   171 16   200 1   209 1   213 4   223 16   224 8   247 4   252 1   259 16   263 2   275 8   283 8   286 16   291 4   292 4   296 4   305 2   307 1   316 4   352 8   353 2   357 1   370 8   373 4   374 4   378 2   379 16   380 2   381 8   399 8   401 8   402 4   413 2   417 2   422 8   424 8   425 1   436 1   437 1   444 1   449 1   468 16   470 4   483 2   484 2   507 16   517 1   530 2   552 3   557 2   558 3   560 2   562 16   567 2   572 2   575 10   590 1   597 16   603 2   604 4   606 2   607 2   613 2   633 8   635 2   642 2   644 1   645 2   648 4   656 1   668 2   674 4   682 1   687 2   698 4   709 2   715 1   726 1   728 1   733 8   751 16   753 1   759 16   761 4   762 2   768 1   775 16   788 4   789 1   798 2   801 8   811 2   815 1   822 1   827 16   828 18   831 1   835 8   872 2   874 12   877 4   887 6   890 8   897 5   898 8   903 16   904 1   912 16   914 8   922 2   924 1   925 24   928 20   929 2   931 8   945 1   948 4   
129  913     1 2   9 2   14 4   17 4   21 4   23 1   24 8   27 4   28 4   36 18   38 16   44 1   46 4   47 1   54 8   56 16   71 8   76 8   91 4   98 16   107 1   116 1   120 18   125 16   137 24   143 1   150 4   184 2   191 8   199 1   201 8   203 16   207 2   212 8   217 2   220 4   223 20   224 1   226 4   233 16   236 16   250 2   270 4   281 16   283 16   285 16   286 1   290 4   299 16   307 4   315 16   322 16   325 1   326 16   328 2   333 1   341 8   344 2   350 8   352 16   355 4   361 4   366 1   379 8   383 16   391 2   398 4   408 8   415 8   416 4   420 16   423 1   428 1   452 4   454 1   467 1   478 16   482 8   486 2   491 16   493 1   497 2   503 4   514 1   530 8   538 16   574 16   595 2   596 5   615 16   626 4   630 4   634 1   650 1   651 2   660 2   662 8   674 24   682 1   685 8   689 9   707 16   714 8   717 4   741 4   744 16   745 16   746 2   761 4   767 4   795 1   801 2   807 8   808 12   812 1   835 16   840 2   859 4   867 1   878 16   884 8   890 2   908 1   928 16   934 8   944 16   946 8   955 4   957 2   
129  917     0 16   8 2   24 8   25 4   38 2   55 2   56 8   69 2   73 16   78 16   81 1   84 4   86 24   102 1   105 16   108 2   113 1   119 4   135 1   137 8   150 16   151 4   160 1   172 18   177 1   201 5   202 4   205 8   209 16   211 2   221 4   223 8   227 3   240 8   257 1   258 4   262 16   264 1   265 8   271 4   285 4   291 8   303 8   315 4   329 8   334 6   348 4   368 4   370 16   378 8   384 8   387 8   388 1   395 2   402 2   407 4   415 1   417 2   418 8   437 1   457 17   462 1   464 2   467 4   477 16   496 8   503 1   510 10   531 8   533 8   534 1   540 9   546 8   558 16   570 1   586 16   604 16   605 8   615 1   620 16   621 8   646 2   648 16   656 8   664 4   665 24   671 8   683 8   684 3   686 20   688 2   691 8   693 2   708 1   710 3   712 16   716 2   755 8   772 4   774 2   778 16   781 1   786 4   792 8   795 8   804 16   805 8   817 1   825 4   829 16   834 16   838 4   852 1   864 8   875 2   876 1   881 8   884 2   885 2   917 16   919 1   922 16   927 1   928 8   936 1   945 8   955 9   957 4   960 4   
65  817     37 1   42 8   44 16   47 10   96 2   110 1   134 1   136 2   148 20   161 16   167 8   202 16   212 8   233 4   250 2   254 8   262 16   290 2   302 1   319 4   349 24   352 1   372 4   375 4   387 5   405 16   410 24   422 1   435 18   446 2   450 8   455 8   532 2   539 1   549 16   569 8   575 8   609 1   633 16   635 8   638 1   661 8   672 4   676 5   714 8   715 20   735 16   771 8   778 16   788 1   793 12   809 1   824 2   830 10   834 4   837 4   855 16   856 9   857 4   859 2   866 4   872 1   918 4   956 2   960 8   
152  923     0 3   4 4   13 4   17 8   25 4   27 2   30 8   31 1   32 4   44 8   52 16   60 3   63 16   65 2   68 8   73 3   76 8   80 2   83 16   92 4   105 16   117 2   136 8   140 8   150 4   153 8   155 16   168 16   180 2   182 2   183 4   189 8   191 1   193 1   209 16   210 16   211 8   216 1   221 1   223 8   224 1   226 8   239 16   240 16   241 16   245 16   268 4   281 8   285 3   286 4   303 1   306 20   309 1   317 4   324 2   326 24   330 16   341 16   347 4   364 8   368 4   370 16   371 3   378 1   382 8   388 16   391 2   404 1   414 2   416 1   418 4   430 5   433 1   438 16   439 8   443 4   445 1   446 2   460 4   467 1   485 4   487 8   491 1   495 4   496 2   497 8   508 1   518 4   522 1   524 4   527 2   533 2   538 8   539 4   541 8   563 1   566 4   575 16   576 2   586 4   589 4   595 4   623 4   629 2   638 4   642 4   649 8   650 1   654 5   666 4   670 2   676 2   680 16   689 2   691 8   692 16   697 8   700 16   713 8   715 18   722 16   724 1   743 4   752 8   768 8   785 2   786 9   801 1   820 1   826 16   829 8   831 16   840 2   841 2   853 8   854 2   858 4   869 1   888 1   889 8   891 2   901 1   912 24   913 2   916 4   923 1   928 1   929 1   930 4   943 1   946 8   955 16   
121  895     5 4   19 1   20 16   31 4   38 1   39 1   41 4   42 2   47 1   52 1   54 4   57 16   78 8   85 16   86 4   91 8   93 18   103 2   104 8   107 12   113 2   119 12   141 9   153 1   155 18   176 8   178 8   179 4   191 2   192 2   197 16   200 1   207 1   208 4   209 5   239 1   243 4   263 3   266 8   269 16   283 4   286 1   299 4   315 20   326 16   329 2   333 2   347 16   357 1   367 2   368 2   372 4   387 8   396 5   416 2   437 16   440 4   449 2   453 2   460 1   463 16   470 2   471 2   490 4   499 8   526 8   541 16   550 16   555 16   556 16   568 8   578 4   580 2   581 16   594 4   596 16   597 16   600 2   604 8   616 16   622 1   624 16   633 8   635 12   648 2   654 16   659 2   662 2   677 4   680 4   688 20   690 17   697 4   705 2   708 4   714 6   726 1   730 2   744 2   746 4   763 1   782 1   790 1   796 2   815 8   830 1   837 2   847 2   848 1   849 16   856 4   857 1   858 4   873 4   889 2   907 16   912 1   945 2   948 16   950 3   959 2   
188  924     3 2   4 8   7 1   8 4   11 10   12 1   26 4   40 4   42 1   43 1   45 4   48 1   57 4   59 16   61 8   63 8   68 1   76 16   77 16   80 4   90 2   94 8   95 1   97 16   114 1   125 1   138 18   157 1   158 16   161 2   168 4   169 1   171 2   177 4   187 20   197 16   198 2   205 16   208 4   209 2   210 16   216 4   218 2   224 1   227 1   229 2   233 8   240 1   243 8   245 4   260 16   267 8   270 8   275 16   282 16   288 8   292 4   294 1   306 1   311 8   312 8   319 16   323 8   328 16   332 4   334 2   349 8   352 2   369 2   372 1   373 2   380 1   388 1   391 2   392 4   400 8   402 2   408 4   410 8   431 1   432 9   436 20   440 16   441 16   449 8   457 4   459 1   461 16   468 4   476 4   482 2   493 2   509 1   510 2   514 2   516 4   526 1   537 8   539 12   542 8   547 16   552 8   553 1   559 1   561 2   563 4   566 8   570 16   577 4   583 4   588 8   591 16   592 8   596 1   598 16   602 1   609 4   620 16   635 16   642 4   647 4   652 1   653 16   665 17   670 4   671 16   675 16   676 1   680 4   691 2   697 8   698 4   703 16   711 2   713 9   714 8   718 2   728 1   733 2   741 1   742 1   744 16   746 4   751 5   759 16   766 1   772 4   778 16   799 4   803 4   808 1   812 4   815 4   818 8   820 16   821 16   823 16   826 2   827 4   831 4   837 2   845 8   850 1   854 8   857 2   858 1   861 2   862 4   864 1   867 16   872 1   889 2   892 4   896 16   900 16   910 2   917 4   919 4   922 16   924 8   926 6   933 16   938 8   943 8   946 4   952 8   954 22   960 3   
139  893     9 1   14 4   15 8   20 16   26 16   27 2   33 1   35 5   41 8   45 4   51 4   53 8   62 2   85 16   94 2   110 16   113 16   117 16   131 2   134 16   138 2   141 4   142 16   144 2   150 4   171 2   207 2   210 8   218 4   231 1   237 2   241 4   254 1   258 2   274 1   276 16   279 2   286 2   288 2   290 8   300 8   308 16   318 16   331 1   335 4   339 4   343 2   347 1   352 4   358 2   360 16   362 14   376 2   379 2   386 16   395 4   397 2   398 16   402 24   406 1   419 16   429 1   430 2   435 4   444 8   447 1   463 8   464 2   472 16   477 8   480 8   488 1   503 8   510 1   517 1   521 16   522 4   527 8   538 4   546 1   549 1   552 8   553 2   554 1   558 10   566 1   572 1   579 2   580 4   590 8   591 2   592 2   596 16   611 1   621 1   625 16   626 8   645 4   682 2   685 16   690 8   695 2   715 4   725 2   737 8   739 4   740 1   741 8   744 4   753 2   756 16   763 6   776 4   786 1   795 16   810 8   812 8   819 4   831 8   849 2   853 4   854 16   856 4   865 16   870 4   871 18   876 1   880 8   893 9   896 4   899 4   900 2   902 1   908 16   915 4   923 16   936 20   951 8   958 1   
154  910     6 8   11 16   12 4   15 16   19 2   27 4   33 16   37 1   50 4   52 1   62 1   76 16   83 4   85 8   96 1   97 16   112 1   115 2   120 16   128 8   132 4   138 16   140 16   149 17   154 16   156 8   165 2   170 8   178 4   198 8   199 10   200 8   202 4   205 8   209 1   214 1   218 1   220 16   229 1   231 16   234 2   237 1   240 4   252 8   255 16   267 2   274 4   285 8   287 1   288 4   292 4   297 8   299 10   303 1   318 16   330 16   333 1   343 2   345 8   346 8   347 8   365 3   374 2   377 1   378 16   393 1   398 1   410 2   431 1   442 1   444 1   445 2   447 4   469 4   472 8   487 8   496 2   508 4   513 1   519 8   528 8   532 2   545 16   547 2   551 16   571 4   577 16   582 1   585 8   594 2   595 2   596 4   600 2   601 16   604 8   609 8   610 4   611 2   617 1   620 2   631 16   635 16   637 2   643 16   648 8   652 2   658 1   691 5   695 17   697 2   703 4   704 8   706 8   709 8   713 8   722 4   728 4   733 16   736 4   743 1   750 3   759 1   761 4   762 4   779 8   786 4   790 10   792 16   821 4   838 3   841 8   850 6   852 4   858 8   871 17   874 16   875 2   879 16   885 4   887 16   895 8   899 8   900 4   908 16   912 2   913 4   922 2   925 16   930 1   934 16   938 1   940 1   945 4   949 2   
192  925     3 24   4 8   7 17   10 8   22 1   28 4   34 1   40 1   45 8   72 2   79 1   80 1   83 2   86 24   92 16   93 20   97 5   108 1   112 8   119 16   129 4   134 2   139 2   141 2   143 2   146 4   155 8   156 4   167 4   173 16   175 4   176 4   177 20   178 1   181 4   183 1   189 8   194 1   196 4   202 1   203 18   207 8   211 17   216 2   218 4   219 4   220 24   221 16   224 20   225 8   227 4   229 4   231 8   234 2   235 8   236 1   239 8   270 4   274 16   276 1   286 17   297 16   311 8   313 8   315 2   321 1   333 4   340 16   351 2   357 1   362 1   367 2   374 2   376 16   378 4   395 16   396 8   400 4   405 16   406 1   411 4   416 2   425 2   427 16   432 1   439 8   442 4   459 8   460 2   465 4   469 16   486 1   496 16   500 1   509 4   511 18   521 16   522 1   528 16   531 16   532 4   534 8   541 16   542 8   545 4   546 1   548 4   551 1   560 4   564 8   565 6   566 16   568 1   575 24   587 16   596 2   599 8   601 4   602 16   610 16   612 1   613 2   624 4   638 1   641 8   648 1   657 1   658 4   660 2   664 8   668 1   669 4   670 2   676 2   679 4   683 1   684 16   693 3   696 1   698 17   709 16   716 8   722 2   723 1   724 4   728 8   737 16   743 16   753 6   757 1   758 8   759 1   763 2   771 4   777 1   783 2   786 12   789 4   796 2   816 2   817 16   827 1   828 8   833 1   846 2   848 16   850 1   852 16   863 4   870 4   874 2   875 8   883 2   884 8   888 8   889 8   894 2   895 4   900 3   906 8   908 16   910 12   914 8   915 4   922 4   924 13   926 2   945 4   951 8   955 1   958 8   960 8   
187  925     2 2   7 4   10 4   12 16   14 8   17 8   20 16   21 8   23 2   26 2   36 1   42 4   43 8   45 4   48 1   53 1   66 10   71 8   81 8   83 2   95 16   103 16   104 1   109 8   110 1   111 4   112 2   130 1   136 2   139 10   140 1   147 16   152 2   162 8   169 16   176 8   181 20   188 2   193 4   197 4   198 1   200 4   202 4   204 8   214 9   215 1   217 16   222 1   225 12   231 6   240 1   244 8   248 16   252 2   272 1   273 4   275 4   276 1   280 4   288 4   295 4   302 4   303 1   305 16   306 2   307 4   314 2   319 16   329 16   333 4   335 8   344 1   346 1   348 8   354 4   375 2   384 1   390 16   396 16   402 8   405 4   410 16   418 2   422 16   424 4   428 2   436 16   438 8   456 16   458 8   461 2   465 2   482 1   499 2   502 8   505 8   511 3   513 16   516 1   520 1   523 16   526 1   531 2   535 2   544 16   548 4   552 8   554 1   563 2   578 16   579 16   583 2   603 8   615 16   620 16   625 4   632 1   638 16   643 16   652 8   658 8   665 4   666 4   669 8   680 1   681 4   690 1   697 16   701 4   714 1   715 16   717 8   720 16   722 17   724 1   725 16   728 2   730 12   733 16   736 2   741 16   746 16   753 8   754 4   756 1   758 2   764 16   765 1   782 8   789 1   795 4   805 1   809 16   811 4   812 4   814 1   816 4   820 3   823 16   824 12   825 8   828 8   830 2   847 1   853 4   858 16   859 2   860 8   868 2   872 18   877 16   881 16   886 2   888 18   914 8   916 8   917 4   919 2   923 2   935 16   938 4   941 8   949 16   951 4   953 1   957 4   958 4   
136  923     1 8   19 4   32 3   36 1   43 1   49 4   50 2   52 8   53 1   57 2   62 8   67 4   72 4   90 8   101 4   106 8   128 2   130 16   134 1   147 4   148 8   152 2   160 16   163 16   190 8   194 6   199 16   218 1   229 4   231 8   244 8   245 4   247 8   255 4   277 8   279 4   280 2   281 2   294 8   301 1   307 1   308 1   318 1   319 1   322 16   334 16   338 4   342 20   348 8   358 4   365 4   368 4   373 4   378 2   398 4   410 2   419 8   420 4   440 16   451 4   453 1   459 8   460 24   467 16   476 2   480 8   484 8   494 9   495 8   504 16   506 16   523 8   524 8   527 4   529 1   530 4   534 4   535 4   539 2   553 24   564 8   565 4   570 16   576 1   585 4   589 4   590 2   596 2   597 4   607 4   631 4   632 8   636 8   640 8   659 16   670 1   676 16   677 2   680 8   686 2   689 1   695 4   710 16   717 4   723 8   728 16   740 16   751 16   754 16   755 2   756 2   759 8   770 4   772 1   775 2   780 8   788 8   794 4   827 16   836 16   860 2   873 16   877 4   885 1   892 2   895 2   897 1   901 17   908 8   914 16   922 8   927 16   936 4   942 1   948 8   952 4   
161  904     4 1   10 2   12 2   16 2   23 4   27 8   29 2   43 16   48 1   67 4   68 2   76 8   82 16   87 10   90 2   107 16   109 9   112 8   116 2   117 1   118 2   119 1   122 16   124 20   127 8   146 4   147 4   157 4   171 18   176 4   178 2   195 2   200 2   202 16   204 2   205 4   215 16   218 1   219 2   224 1   225 16   229 8   231 1   253 1   264 4   274 1   275 1   279 2   290 2   294 8   306 1   320 12   333 2   344 4   385 8   389 3   419 2   421 8   422 1   424 8   425 16   429 2   431 2   441 8   448 4   450 4   452 6   454 1   456 8   460 2   461 8   467 16   471 2   483 4   489 16   520 4   522 4   524 4   525 19   532 2   533 2   534 4   535 16   537 8   551 4   561 1   562 4   563 1   564 8   565 4   569 2   581 5   585 8   597 4   601 4   607 16   610 8   613 8   625 2   638 4   640 2   645 8   646 2   653 9   656 1   658 1   663 8   664 2   667 2   674 8   675 1   677 2   689 8   700 4   704 4   706 8   709 4   716 2   736 4   749 4   751 4   756 8   759 2   760 4   762 8   763 1   767 4   770 8   789 16   794 17   796 16   807 16   808 2   814 2   818 1   822 8   825 4   830 8   835 2   838 8   843 4   846 4   862 8   864 2   869 4   878 8   884 8   892 2   894 16   897 8   901 2   905 1   923 16   928 4   933 16   940 2   941 16   947 2   950 16   952 1   957 2   
126  905     1 1   18 4   21 4   24 1   49 16   50 2   51 8   62 2   72 1   85 16   87 17   88 16   92 2   100 1   103 1   114 4   117 1   119 1   125 1   143 8   149 8   152 2   156 1   161 16   162 16   171 8   202 8   203 8   211 24   216 1   218 1   222 2   229 16   240 16   243 10   251 8   256 16   266 1   268 18   273 2   278 10   280 1   281 16   283 4   289 1   290 16   296 16   302 1   313 8   329 16   340 4   343 16   346 2   358 18   361 2   388 4   418 2   419 5   426 10   428 2   429 16   440 16   459 6   464 2   465 4   474 2   475 2   500 17   505 4   512 8   514 9   523 2   541 1   544 2   554 16   561 1   563 2   565 1   568 2   570 4   572 1   574 16   590 4   595 1   603 8   607 4   608 4   613 9   614 2   628 8   631 2   638 4   650 4   661 8   663 20   666 4   695 16   700 1   702 2   708 16   716 1   722 4   731 8   738 3   740 2   746 2   749 2   751 2   753 5   754 1   778 16   779 8   781 1   788 24   819 16   870 4   883 8   885 8   897 4   904 4   905 1   914 4   921 1   931 4   944 12   953 18   
166  928     5 12   14 16   19 2   20 2   25 16   41 1   43 16   50 9   59 1   62 4   67 8   93 5   96 24   103 8   104 16   105 8   110 8   112 4   142 2   144 4   145 2   149 16   166 1   167 16   173 4   176 16   182 8   188 17   196 4   204 2   206 1   214 2   217 1   225 2   228 8   234 8   241 16   243 2   252 2   261 1   265 18   267 1   282 1   284 2   286 4   299 16   302 4   311 24   312 4   316 8   340 16   349 1   350 4   351 1   358 1   365 1   367 8   372 9   378 16   396 8   400 16   402 8   404 4   406 4   408 1   416 8   418 2   432 1   433 1   435 8   439 16   443 16   444 16   445 8   447 8   449 16   451 1   452 4   455 16   456 2   461 4   463 8   478 8   479 16   482 2   500 2   505 16   510 4   517 1   524 8   525 2   540 8   544 5   545 16   549 4   564 8   569 18   575 2   576 8   591 16   599 4   612 16   615 1   620 8   631 1   648 24   650 1   651 2   652 16   658 2   665 4   669 2   683 2   687 16   688 9   699 1   701 4   709 1   719 1   727 16   730 4   731 16   732 2   739 16   742 1   744 8   746 8   748 5   761 8   762 16   763 16   765 16   778 2   781 1   785 4   795 16   798 8   808 18   810 16   816 16   833 1   835 1   836 4   838 8   843 2   845 1   849 1   853 8   866 4   873 2   874 8   875 2   889 1   891 1   893 4   896 2   901 16   906 8   908 8   920 1   924 8   929 1   932 16   937 16   944 10   955 8   
93  883     10 1   26 12   43 1   45 8   53 20   66 18   69 9   72 1   83 8   104 16   117 8   138 2   141 4   148 16   152 8   171 8   176 2   192 4   195 4   200 2   206 2   208 8   229 2   236 8   238 2   256 4   269 12   270 8   272 16   303 17   308 16   320 2   323 8   324 1   328 2   329 4   365 8   369 8   377 4   394 5   397 2   400 8   405 4   440 2   444 8   445 1   452 2   461 4   468 16   475 20   498 8   499 1   502 1   510 2   524 16   529 16   531 1   552 4   554 1   558 16   593 9   599 16   603 4   605 16   615 8   618 2   621 16   630 10   632 2   635 3   663 2   665 6   670 4   683 1   687 4   707 18   727 16   743 8   752 18   755 2   805 1   812 2   815 12   822 16   823 16   849 2   853 8   876 1   889 4   924 2   933 5   942 8   959 16   
172  915     2 8   14 1   24 8   25 2   26 16   45 4   47 1   51 5   61 2   67 4   70 4   82 2   85 1   88 8   91 8   111 8   113 2   121 24   137 1   140 16   154 4   164 2   167 1   168 8   178 1   181 2   189 4   190 1   197 16   202 8   204 4   208 2   221 8   226 5   227 1   232 1   234 2   248 4   250 4   254 16   266 20   268 4   274 16   281 1   282 4   285 16   286 1   287 4   291 16   294 8   296 16   301 4   303 1   307 2   316 16   319 16   322 8   328 2   336 4   343 2   352 4   361 2   362 2   365 4   378 2   387 2   394 16   395 16   412 1   414 12   415 1   418 16   424 4   435 2   437 1   438 17   455 8   457 16   460 24   476 4   483 16   494 1   498 8   503 6   505 4   508 2   510 16   511 4   512 1   519 1   525 2   530 12   551 16   554 1   555 1   556 2   559 2   572 4   575 17   577 16   579 2   582 1   589 4   595 4   597 4   604 1   606 2   611 4   620 1   622 16   634 2   639 24   645 16   656 1   658 2   677 18   678 4   680 16   690 1   704 2   706 16   707 8   709 8   719 2   722 4   725 8   727 8   736 1   741 1   744 2   752 2   755 4   756 16   758 8   764 2   765 16   772 4   775 24   787 1   790 10   800 4   815 2   816 8   827 8   831 1   833 18   836 2   838 8   843 1   849 1   851 1   860 8   862 2   866 6   869 5   875 8   881 2   895 8   898 2   901 8   909 10   910 4   913 2   914 2   917 5   920 2   921 4   923 16   938 8   939 12   945 4   950 16   
167  913     4 4   17 16   18 16   24 4   26 3   35 16   39 8   40 13   55 8   59 17   69 1   77 16   84 2   87 4   89 16   92 4   93 1   102 8   104 2   105 1   112 16   114 8   115 8   120 1   122 8   125 4   126 2   132 16   133 8   141 10   142 16   143 16   147 1   150 4   154 16   155 4   159 2   161 7   166 16   168 4   174 2   179 16   180 18   182 24   184 8   188 8   218 1   225 16   231 8   238 2   260 16   270 8   271 3   272 16   277 3   279 2   282 1   288 2   289 16   298 20   300 5   316 4   329 1   342 29   357 4   374 8   377 16   379 8   402 4   421 2   432 4   434 4   447 4   448 6   456 11   461 2   462 16   483 8   491 16   492 8   496 1   505 1   529 2   530 2   550 8   552 8   557 8   560 8   568 8   571 4   577 16   580 16   595 1   606 16   608 2   615 16   622 4   629 2   631 3   632 2   635 4   638 8   640 8   641 4   642 2   643 16   645 16   646 8   655 4   656 1   668 1   675 2   688 1   692 4   693 24   697 4   701 2   702 1   710 8   714 4   715 8   724 16   725 8   726 2   729 1   730 3   738 4   744 4   750 18   752 4   758 1   761 1   768 10   776 2   777 4   779 8   781 8   794 2   797 18   799 16   805 4   806 1   807 16   810 4   821 16   824 4   827 8   851 8   853 1   860 12   868 4   881 1   886 4   892 1   894 1   909 4   916 8   918 8   919 8   924 2   925 16   927 8   938 1   942 8   944 16   945 16   951 8   
132  899     1 1   12 8   17 8   19 8   30 8   32 1   47 17   52 4   61 16   67 2   83 16   84 16   92 8   100 8   102 20   104 4   108 4   112 2   126 16   131 16   147 16   153 2   164 2   168 4   173 8   181 8   187 1   195 1   209 1   224 8   231 16   246 2   260 4   269 20   272 8   280 2   294 4   302 16   303 2   304 8   308 8   316 2   318 2   320 1   322 4   329 1   339 8   340 4   341 16   352 4   355 5   358 8   373 2   374 16   377 2   383 2   387 2   388 1   395 1   399 16   421 4   422 8   429 8   430 2   449 16   458 4   464 4   469 2   470 8   478 1   507 16   511 2   514 20   529 2   536 1   537 4   542 1   558 12   581 2   587 9   604 1   607 2   611 4   618 4   619 8   620 1   625 8   626 1   627 2   631 4   634 4   635 2   636 8   651 4   657 1   660 8   664 8   675 1   686 8   688 8   689 8   704 2   710 10   715 16   755 4   760 4   766 8   779 24   794 1   805 16   815 18   819 16   824 8   826 4   833 16   834 16   836 5   856 10   861 8   865 8   873 16   874 1   877 2   884 4   887 1   889 1   895 1   940 4   944 8   949 16   953 8   955 4   
142  915     9 1   17 1   22 4   28 8   37 8   38 16   49 16   63 8   73 8   79 16   84 8   90 2   99 2   105 16   110 8   115 16   117 1   119 4   122 16   123 4   127 8   129 8   140 2   142 8   158 16   159 2   176 2   185 8   192 1   198 11   206 16   207 1   216 2   220 8   226 8   237 24   247 2   250 16   256 4   258 4   261 2   272 2   280 2   284 8   289 2   304 19   317 8   320 1   344 1   350 16   351 1   356 2   361 1   363 2   365 8   369 4   370 16   374 1   391 2   392 1   399 8   403 4   404 2   409 2   427 8   434 4   437 6   451 2   452 5   459 4   476 2   502 2   513 8   518 2   521 1   524 16   530 2   535 4   543 8   547 2   548 2   550 16   561 4   565 2   568 2   570 16   589 4   590 1   591 8   597 4   598 1   600 8   602 1   604 16   620 2   630 8   631 2   644 8   647 8   660 8   674 8   679 4   680 8   684 2   702 8   703 18   710 3   744 8   755 4   761 1   763 1   765 4   774 10   777 2   778 2   779 2   789 1   792 16   805 4   807 8   809 1   824 8   825 1   829 2   833 2   841 16   846 2   853 2   860 8   862 1   870 16   871 8   872 1   894 1   910 1   913 17   924 2   927 4   935 8   938 2   948 8   960 4   
151  904     0 1   16 8   20 8   25 1   30 1   47 2   56 8   60 8   65 4   81 16   85 2   86 1   94 1   98 9   102 8   109 4   115 8   116 8   120 1   125 16   128 2   141 1   148 3   154 8   159 1   162 1   181 8   191 8   206 4   208 5   213 8   221 1   228 16   234 2   240 1   247 4   259 1   265 1   268 4   276 4   280 1   285 1   294 2   295 2   305 16   312 17   314 4   325 4   338 16   341 2   343 8   347 16   366 2   367 1   369 16   385 1   391 4   395 8   404 16   408 6   412 1   415 10   417 1   421 2   422 16   426 8   431 20   457 8   461 16   471 2   474 16   486 4   494 8   501 16   502 2   509 8   514 1   521 2   527 16   538 1   541 2   543 8   544 4   545 8   550 8   562 16   573 16   581 16   583 2   585 8   586 3   590 16   592 1   606 4   608 8   618 16   622 2   627 4   630 4   635 4   659 8   666 2   672 4   676 5   677 1   691 4   696 24   706 1   726 1   730 1   732 1   738 1   750 16   758 16   767 12   779 4   783 4   789 4   803 4   806 16   811 8   816 16   834 4   836 16   840 4   841 8   850 2   853 16   857 16   859 4   862 1   864 2   869 8   874 4   895 12   904 2   906 1   909 8   910 16   915 2   917 4   922 1   923 8   924 8   926 1   930 4   938 4   940 2   949 1   950 2   958 8   
157  915     22 8   25 8   34 16   53 1   59 16   81 16   86 8   88 4   90 1   92 1   96 1   97 2   100 16   102 16   104 16   116 1   125 16   131 1   143 1   144 2   147 8   149 8   150 4   159 3   163 1   164 16   175 16   181 2   182 4   184 2   209 1   212 1   221 9   238 1   243 1   244 2   252 2   269 16   272 1   283 4   284 17   286 16   295 1   303 1   309 16   311 8   321 4   324 8   336 16   338 24   344 1   355 2   366 2   369 8   377 1   381 16   394 16   396 8   397 4   400 16   422 2   427 8   428 1   443 4   447 5   449 16   452 16   453 9   460 1   467 2   469 1   474 4   477 1   493 8   501 4   507 4   510 4   513 16   519 8   521 1   534 6   535 4   538 2   554 2   555 2   560 1   563 5   571 1   576 8   578 8   594 1   597 16   602 16   605 1   606 8   624 1   630 4   635 9   636 4   637 9   638 16   650 5   667 4   670 16   671 1   672 8   680 2   681 1   684 16   699 2   718 16   719 4   720 16   728 2   734 2   738 2   742 4   748 4   755 4   756 8   763 1   764 4   766 8   767 1   769 2   773 8   778 4   792 8   796 8   799 16   805 1   808 4   813 8   816 16   818 18   820 4   823 8   824 8   829 4   836 2   861 4   865 2   867 2   878 4   884 8   885 8   886 20   891 16   898 16   913 16   918 2   939 4   949 1   950 8   953 4   954 4   955 4   
133  912     1 16   5 16   9 1   14 1   25 4   47 8   50 8   53 2   71 1   79 16   81 16   86 8   101 4   107 8   118 2   123 4   132 8   133 1   136 16   147 8   152 8   158 16   162 8   171 5   184 4   187 16   192 10   196 9   201 4   219 2   225 2   231 9   244 16   254 8   256 8   285 4   296 16   304 4   307 16   316 2   346 4   363 16   374 1   376 16   379 16   385 16   394 6   395 2   402 16   404 4   406 2   418 20   437 2   443 16   445 4   448 16   452 1   461 2   478 2   481 16   483 16   485 5   508 2   513 2   516 8   520 8   526 8   528 16   542 8   543 2   552 16   558 8   569 16   576 4   582 4   588 1   592 4   610 2   614 16   630 4   652 8   655 16   658 2   659 2   665 16   669 2   682 1   688 16   691 10   692 1   697 2   704 20   707 16   708 2   710 16   728 4   738 20   741 1   744 4   747 16   760 1   764 2   767 4   772 8   773 16   781 8   783 1   790 6   791 4   793 2   803 16   806 1   827 1   847 2   851 16   853 4   857 8   859 10   862 1   863 1   864 4   886 1   887 16   897 2   902 2   907 2   915 1   918 4   919 4   922 16   929 8   935 1   956 4   
99  895     6 16   39 1   68 24   80 8   87 2   96 1   99 1   110 2   124 1   125 3   135 8   141 1   146 2   151 1   154 1   156 22   157 9   158 1   169 2   170 16   174 1   183 4   210 1   225 2   227 1   236 4   273 2   283 1   304 1   307 17   325 1   335 8   368 20   376 16   381 2   388 1   399 8   419 12   428 2   429 1   434 4   437 1   451 8   468 16   480 4   481 17   489 1   508 9   513 4   520 1   530 16   539 4   540 16   546 1   577 2   579 4   586 24   612 1   634 2   636 12   638 4   640 1   648 12   657 8   666 2   673 4   679 1   680 1   683 8   684 8   685 3   722 16   723 3   726 8   735 16   744 8   759 2   770 2   771 24   774 8   779 8   780 16   784 4   794 8   838 8   839 16   851 8   856 24   866 2   868 8   881 4   890 9   908 4   911 2   919 4   920 2   933 2   938 4   950 1   
166  927     2 8   12 16   15 1   19 2   21 2   23 1   39 16   59 1   66 16   70 16   79 4   84 1   88 8   89 8   99 1   102 3   103 6   111 1   113 1   117 4   127 2   129 9   131 20   136 4   151 8   162 8   168 8   188 1   193 4   205 16   210 9   214 8   215 8   222 1   230 8   237 24   241 4   244 1   249 16   255 2   256 16   262 1   265 2   276 4   283 17   284 8   286 16   290 4   299 8   304 2   310 4   315 8   330 4   334 28   338 16   340 2   349 4   354 4   358 16   366 4   370 2   374 8   375 4   393 4   395 8   396 1   397 8   401 2   403 1   412 4   414 8   422 8   425 1   437 2   443 8   452 18   455 1   460 2   466 16   468 16   483 5   486 1   493 2   499 5   503 2   511 1   518 10   520 6   525 1   528 1   541 20   548 2   552 1   557 8   570 8   571 8   577 2   579 4   580 16   581 4   583 4   593 4   596 8   598 16   599 8   607 1   611 8   619 16   622 20   625 1   626 4   627 1   630 8   634 13   645 4   650 16   662 17   665 1   673 1   676 4   685 4   686 16   690 9   691 10   700 16   709 1   713 16   714 2   727 8   735 9   742 1   744 1   748 8   755 16   760 4   761 1   771 1   782 24   784 2   786 2   796 1   821 8   826 16   829 8   830 5   835 8   841 4   843 1   847 2   856 2   867 2   869 9   874 24   879 4   884 16   889 16   893 1   907 2   915 2   938 4   940 16   943 2   947 8   953 8   958 2   960 8   
204  922     2 1   8 1   13 4   20 8   32 24   37 1   38 3   42 2   49 8   53 1   54 8   58 4   67 16   70 4   74 10   82 1   83 8   86 1   91 2   95 8   100 1   103 12   105 16   108 1   115 16   116 2   120 8   125 2   126 10   128 16   129 1   134 8   138 16   139 2   142 8   148 4   157 2   162 8   175 8   176 1   180 4   195 8   196 16   201 8   203 20   211 8   221 4   225 2   229 8   230 1   236 2   251 1   255 4   258 8   262 4   267 2   269 8   274 16   275 16   276 4   279 16   282 4   301 2   302 4   303 12   305 2   306 12   313 4   321 1   335 8   338 16   340 1   342 1   352 8   354 1   360 2   365 1   367 2   370 2   373 2   376 2   380 4   382 2   383 2   384 1   387 4   395 2   402 2   407 16   408 4   409 1   410 2   418 4   422 16   437 2   441 2   452 10   454 2   457 1   458 16   464 1   466 16   471 2   478 1   485 8   491 8   495 8   498 4   499 8   501 1   514 2   532 16   539 1   542 8   549 4   551 2   553 4   554 1   556 1   557 8   558 16   569 2   577 2   579 16   586 16   592 16   597 4   601 1   607 8   611 2   613 1   614 2   621 2   625 1   626 16   628 2   643 1   644 8   648 17   653 2   657 1   664 8   668 1   669 8   672 2   677 16   680 20   682 4   686 18   687 1   695 1   697 4   706 2   707 16   715 16   717 16   719 8   723 7   725 4   727 16   728 8   737 2   745 1   748 1   753 8   761 2   767 8   770 1   772 16   774 2   783 16   790 8   795 1   802 16   810 8   820 1   837 16   840 16   841 8   843 8   846 16   855 8   859 4   861 4   866 4   883 16   884 16   885 12   890 1   891 6   892 4   895 4   897 1   905 9   907 1   912 1   914 22   915 8   917 1   920 2   931 2   946 16   951 4   959 16   
163  910     7 2   8 16   22 8   27 2   44 2   48 8   49 4   69 8   81 12   88 6   91 8   96 2   102 2   105 24   107 1   109 8   115 24   129 1   131 2   139 8   140 8   143 4   146 2   153 5   158 1   164 2   167 8   174 12   176 8   187 2   189 16   192 8   196 8   200 2   201 5   215 1   220 16   224 1   226 2   234 6   236 8   238 20   239 8   241 17   250 2   261 8   264 8   275 4   278 1   280 16   284 8   295 1   301 4   315 4   324 1   331 4   339 16   350 16   351 4   354 16   363 8   369 4   375 2   384 4   388 17   391 16   394 2   398 2   401 4   409 16   415 1   424 4   429 4   433 8   441 16   443 4   446 3   447 1   457 8   467 2   480 6   484 1   489 4   495 1   509 16   514 16   515 2   519 4   528 8   542 4   545 26   548 2   564 5   574 1   575 1   577 8   595 4   601 18   608 8   610 4   617 4   620 4   623 12   642 8   647 1   652 4   657 1   668 4   669 1   674 8   680 1   686 8   690 16   701 4   704 4   708 12   710 4   715 18   722 16   723 1   724 8   735 4   746 8   748 8   751 2   769 4   777 1   788 8   792 20   801 2   818 1   819 1   822 9   824 4   826 2   832 8   834 16   848 16   852 8   853 2   857 1   868 12   874 2   876 8   899 2   900 1   902 2   904 3   906 1   912 16   913 8   914 2   915 16   916 4   920 2   931 9   933 8   940 8   950 8   952 16   954 16   955 8   958 10   
155  915     2 8   4 16   6 2   17 1   20 8   22 4   25 1   31 2   35 17   68 8   69 4   71 8   73 16   80 1   89 2   93 2   99 16   101 16   104 8   105 12   111 1   114 4   127 8   128 10   129 2   132 16   133 2   139 2   140 2   142 1   151 4   154 8   155 2   158 1   160 4   165 8   180 4   187 4   191 8   193 1   201 16   205 4   209 2   213 4   214 8   224 2   231 8   232 2   235 8   252 4   268 16   271 2   273 24   275 2   283 3   286 16   288 8   290 2   292 16   302 3   317 2   321 4   332 16   333 8   338 2   348 8   352 16   362 2   364 4   387 4   390 4   396 24   400 4   401 2   404 4   411 4   422 16   456 17   460 4   467 1   485 1   491 8   499 6   500 1   512 4   532 2   538 8   550 16   556 8   558 8   565 16   566 16   574 2   575 8   582 1   603 1   620 1   622 2   626 4   631 16   636 16   637 16   640 1   647 2   657 6   670 16   671 4   679 4   692 4   693 4   696 16   697 4   703 4   705 1   708 16   709 16   711 1   716 16   722 8   732 4   741 2   753 8   755 10   763 2   770 8   784 4   785 4   787 16   790 4   791 2   797 4   802 1   804 16   805 1   840 2   852 16   863 4   867 16   868 1   883 1   886 4   888 2   889 2   899 8   921 1   924 2   934 16   939 16   940 20   941 8   943 16   947 1   953 9   954 1   958 1   
181  925     6 1   24 8   27 2   28 8   39 16   53 2   58 4   60 16   64 4   66 8   71 1   72 1   84 16   87 4   92 1   93 6   95 16   100 16   102 16   104 2   111 16   112 16   115 1   120 2   123 2   124 2   126 4   130 8   131 8   140 1   157 16   160 16   171 2   176 16   181 20   187 16   193 8   205 8   213 1   215 4   218 12   219 4   224 8   226 1   227 4   232 1   236 1   238 2   241 2   247 16   254 8   255 12   256 1   257 16   265 4   277 4   283 24   291 4   294 16   303 1   306 2   309 16   312 2   315 16   319 8   324 2   327 8   332 4   337 8   338 8   360 8   364 8   365 4   367 24   373 2   379 8   386 4   393 16   394 2   397 2   407 1   424 17   425 1   435 1   440 18   451 8   455 16   456 8   457 8   473 4   475 16   479 16   480 4   487 1   488 8   492 2   497 4   507 16   508 16   509 2   528 16   533 2   539 1   544 4   552 4   564 16   566 16   568 1   571 4   572 16   573 1   578 16   581 1   588 8   597 4   599 1   617 8   621 1   622 4   626 1   627 2   628 16   629 2   631 1   649 16   653 8   658 3   659 16   664 4   669 1   672 4   674 16   676 2   681 1   686 8   692 8   696 1   708 16   718 3   722 16   725 2   727 16   729 1   755 2   760 4   763 1   768 8   774 1   780 4   790 16   791 2   794 8   795 16   817 2   823 2   824 4   830 16   838 16   840 16   842 1   847 4   855 4   863 1   869 8   881 4   887 16   897 2   898 16   901 4   908 4   912 4   915 8   926 2   928 8   939 16   942 8   945 1   950 2   952 1   955 4   957 2   
133  911     11 16   13 5   16 4   20 1   22 2   45 1   47 1   49 4   62 4   65 1   68 2   106 10   109 4   115 8   137 8   139 1   144 5   149 8   159 17   167 16   171 16   177 1   190 4   197 8   199 17   208 1   209 16   223 8   246 8   287 2   309 8   312 16   318 2   323 16   333 2   338 4   339 4   342 1   345 4   346 1   354 16   356 4   357 16   358 8   370 2   373 4   380 4   387 4   390 8   392 16   393 16   396 8   397 1   403 16   404 2   409 2   420 2   426 4   430 4   433 8   442 1   466 8   470 1   474 8   479 16   482 2   504 4   512 4   517 4   525 4   526 26   528 2   532 4   537 1   541 9   558 16   560 4   564 16   574 2   581 16   590 10   597 4   598 2   616 2   618 16   624 2   626 9   634 9   643 2   649 1   654 4   667 4   681 1   683 4   698 2   705 4   716 8   724 8   726 2   732 1   746 6   752 16   753 4   769 8   770 16   771 2   781 8   783 1   787 1   800 1   801 2   802 1   807 16   820 1   822 4   833 1   847 8   849 2   869 8   882 16   894 16   900 8   911 1   918 16   921 4   925 16   930 4   941 1   948 2   956 1   958 4   959 16   960 4   
183  919     0 10   1 24   8 16   9 1   19 2   39 1   48 1   49 8   52 4   54 5   61 8   62 16   64 4   65 16   68 16   81 8   82 2   83 1   91 20   101 8   103 4   115 1   126 3   129 2   132 16   146 16   152 8   154 4   165 10   168 16   169 1   177 4   183 4   184 4   185 8   194 16   197 4   199 2   200 8   201 1   212 2   213 8   214 2   215 2   219 16   224 8   228 8   229 4   233 1   248 16   258 16   265 16   278 1   282 16   288 1   291 16   292 2   298 16   303 1   315 8   319 16   323 2   331 2   340 2   341 8   342 9   343 8   350 16   359 2   374 4   384 8   390 1   394 16   397 2   404 4   408 2   413 4   416 1   418 17   425 10   430 16   439 1   440 8   444 16   448 16   449 4   457 8   467 1   469 2   477 2   479 2   483 4   484 16   485 4   488 1   490 4   494 16   495 8   499 2   504 24   509 2   514 8   522 8   523 1   541 16   567 16   568 2   569 4   575 16   583 8   589 16   592 8   593 16   598 10   599 8   608 2   622 4   624 4   625 24   632 2   634 2   646 8   650 10   651 4   652 16   661 4   665 1   666 2   671 16   689 8   692 8   702 8   704 8   707 4   708 4   709 8   710 8   711 8   721 3   726 1   727 4   740 2   745 2   747 4   751 8   758 16   761 16   766 1   769 2   771 8   782 2   796 8   800 2   805 16   809 1   810 2   811 8   819 2   825 9   826 4   832 2   852 2   854 8   858 4   876 8   877 8   880 16   886 16   887 1   893 4   897 4   902 16   912 2   916 16   920 1   922 2   929 2   933 1   936 1   942 2   944 4   947 4   959 2   
163  921     6 1   17 16   22 1   24 8   28 8   31 2   45 2   53 5   56 1   64 2   66 9   76 4   78 2   80 2   82 8   89 8   91 8   104 5   105 8   106 8   108 4   110 8   112 2   125 2   126 8   139 8   141 2   142 8   146 8   149 8   150 6   151 16   152 4   156 2   159 20   164 16   169 8   192 2   199 4   219 16   221 4   230 8   232 16   237 8   238 1   243 2   250 1   251 2   252 8   253 1   256 8   260 8   261 1   270 2   274 4   297 8   298 8   301 1   309 1   330 2   370 2   371 16   374 8   388 5   391 2   395 16   399 2   403 4   413 2   415 8   420 4   428 8   438 25   442 7   443 16   447 4   450 8   454 16   463 16   467 2   468 1   471 4   482 8   486 8   490 16   507 2   520 2   525 4   542 8   545 16   547 16   548 2   549 1   556 4   559 2   569 8   581 2   588 16   589 8   594 9   599 16   608 2   610 8   624 12   627 22   631 8   632 8   649 2   651 18   671 4   672 16   679 2   694 8   695 8   697 2   702 16   706 10   711 8   712 6   726 16   728 2   733 4   738 2   739 1   750 2   762 1   775 16   778 16   780 4   785 4   786 2   795 1   797 8   803 16   807 8   814 8   817 8   826 1   833 16   837 4   846 8   848 16   851 2   852 16   858 16   860 4   875 16   878 2   896 1   901 4   902 8   916 6   918 16   923 18   927 16   930 1   932 8   934 16   943 4   949 1   950 2   956 1   957 16   
146  907     0 8   5 8   11 4   19 17   35 6   42 18   51 10   52 2   53 3   55 1   59 8   70 16   75 8   82 8   100 8   108 4   109 4   113 4   125 4   133 1   134 2   135 2   138 1   157 4   160 4   165 8   177 4   180 1   186 4   198 1   205 8   208 12   219 4   222 8   226 10   233 24   237 1   251 2   255 1   256 16   257 2   259 1   272 8   278 4   298 16   309 8   316 2   319 8   325 16   327 10   330 4   342 16   344 16   345 4   353 8   362 4   367 2   382 16   395 8   397 4   412 8   415 16   437 2   439 16   443 4   445 18   450 4   454 4   465 9   475 1   476 4   483 4   484 4   494 8   501 8   548 4   553 2   567 4   580 1   585 4   589 6   596 16   598 4   601 8   604 8   606 5   610 1   621 24   648 8   655 4   658 1   659 16   662 10   663 16   666 1   689 1   694 8   700 4   701 8   702 2   706 16   708 8   709 2   717 4   724 1   728 4   740 2   765 16   789 4   793 1   794 16   796 8   804 8   809 8   811 2   815 8   817 8   822 16   829 2   832 16   838 2   842 1   850 4   875 16   878 1   880 1   885 8   889 1   890 4   895 16   897 4   901 16   907 8   908 8   909 16   911 2   912 1   915 8   916 8   923 8   931 17   937 16   943 16   944 4   945 1   947 16   
128  891     0 1   23 16   24 18   28 4   31 2   49 1   57 2   74 4   79 8   95 9   100 1   103 2   104 1   108 4   111 1   113 1   115 8   135 20   138 4   144 17   152 4   153 8   154 1   157 4   178 1   183 6   187 8   191 1   195 8   196 26   201 1   212 16   213 4   215 5   225 8   237 16   239 2   244 2   255 4   264 4   267 8   270 1   278 4   287 12   300 1   310 16   311 16   326 1   333 16   334 2   339 1   345 4   354 4   361 8   367 1   386 16   391 2   394 2   397 4   411 1   414 2   417 2   418 1   421 4   424 16   434 16   436 2   437 4   461 4   466 8   471 3   477 2   496 1   507 2   511 16   513 4   527 2   542 8   554 4   564 4   570 16   575 2   579 4   586 16   592 8   608 1   610 8   611 4   616 5   628 8   635 4   636 16   638 16   640 1   652 4   653 8   661 18   664 8   694 8   698 8   703 16   707 1   717 4   728 8   741 4   742 3   752 8   753 2   758 8   761 1   764 2   781 2   810 1   815 2   824 8   827 2   856 5   859 1   864 2   869 1   878 16   879 1   891 4   896 2   912 4   928 1   946 17   948 16   
124  891     4 9   5 1   7 16   9 2   20 1   34 3   40 1   55 1   76 16   97 4   100 16   102 16   103 10   110 4   122 2   126 2   135 2   138 4   139 16   144 8   145 1   161 8   162 1   164 5   173 4   190 4   192 2   208 8   228 1   231 8   235 2   239 8   241 16   258 12   273 2   278 2   292 8   294 16   309 1   319 4   339 17   344 16   359 8   361 16   373 2   382 8   383 2   387 2   411 1   412 20   413 2   422 20   423 1   428 8   433 24   434 16   436 16   445 8   451 1   463 24   465 16   469 4   473 8   492 2   493 1   501 1   505 16   507 1   511 1   521 8   526 16   533 17   544 16   556 2   560 16   563 8   566 8   579 1   586 16   587 1   593 8   601 2   603 16   609 2   618 4   625 4   637 8   642 1   643 2   647 4   693 1   720 1   728 9   736 1   741 8   756 8   761 16   766 1   769 1   773 8   781 16   785 4   786 1   795 4   800 8   808 8   816 2   818 2   835 1   849 16   852 4   856 3   859 4   861 1   867 2   876 8   884 8   892 16   897 2   903 16   906 4   934 2   950 18   951 8   
195  938     1 8   9 8   14 1   18 1   28 4   30 16   43 16   70 1   73 4   76 8   81 1   84 6   85 8   89 1   90 16   91 8   94 4   99 1   101 16   108 5   111 16   114 8   120 4   121 18   123 8   129 4   135 5   138 4   148 10   176 2   181 8   183 1   185 16   187 4   191 4   195 1   196 2   203 1   204 16   206 1   220 2   225 4   226 16   230 4   233 2   235 1   237 1   248 16   251 17   256 8   257 3   267 2   269 1   272 1   273 16   275 2   282 2   296 16   306 2   307 8   308 4   317 16   323 6   325 16   327 16   336 8   343 4   362 1   367 2   369 1   372 24   375 10   379 2   386 16   394 8   396 16   402 4   407 4   410 8   415 18   422 16   431 1   432 4   446 2   447 16   454 1   455 4   459 16   472 2   473 16   478 1   488 8   496 1   500 16   512 8   513 1   520 4   535 3   542 2   552 16   555 4   556 16   569 16   571 2   572 1   574 2   578 16   591 8   595 16   602 1   604 8   606 1   607 16   611 4   615 8   620 4   631 4   633 16   634 8   640 4   650 8   654 4   662 4   671 1   672 3   673 16   677 2   678 2   684 8   687 4   691 8   695 4   698 2   699 2   705 2   709 1   711 8   716 2   717 16   719 16   720 1   729 1   730 1   738 16   740 1   747 20   753 16   756 8   758 4   762 4   763 4   782 4   786 8   788 8   791 4   797 1   801 4   808 8   810 8   816 1   817 16   819 16   822 2   824 8   826 1   829 4   833 20   838 1   839 1   841 1   848 4   850 2   871 4   873 4   874 1   884 4   890 2   893 1   906 25   910 2   913 8   915 8   916 8   927 8   928 2   929 4   932 4   934 3   937 4   943 4   947 16   948 4   951 8   952 16   957 2   
142  907     4 12   6 19   9 8   20 2   27 8   31 4   35 1   39 4   42 1   44 4   47 2   48 16   52 3   53 4   54 4   61 2   66 16   75 1   85 2   110 20   116 2   117 2   119 16   121 8   144 1   146 1   155 8   157 4   161 8   163 16   169 1   177 1   184 8   192 16   203 16   211 8   217 4   219 4   232 2   244 8   263 1   270 12   286 1   288 8   289 8   313 1   325 4   329 2   344 18   345 4   346 8   348 8   349 1   355 16   365 16   375 1   376 1   384 16   410 16   427 4   431 4   433 16   440 8   446 4   448 2   449 8   455 1   460 16   479 8   480 1   481 2   484 16   488 2   493 2   499 8   505 1   510 8   515 16   520 1   530 8   535 2   548 16   562 2   571 8   572 8   577 4   578 8   582 2   594 8   602 8   603 16   604 16   616 4   622 1   627 4   644 4   647 5   649 16   653 1   656 16   660 8   671 16   674 1   678 2   681 4   694 8   701 8   720 16   723 8   736 2   749 2   750 8   753 4   757 1   759 2   761 16   762 8   768 8   787 4   793 8   794 4   797 6   804 1   816 8   824 2   827 1   836 16   840 1   842 1   861 8   863 1   866 17   868 8   881 2   882 16   889 4   890 2   906 2   918 16   920 4   924 1   930 16   
127  899     3 8   6 4   18 4   32 8   35 8   36 1   38 4   39 2   68 2   70 1   72 4   73 2   86 2   87 2   101 8   103 2   117 1   130 10   143 4   153 2   158 2   164 4   173 1   185 16   203 16   207 4   211 4   234 8   241 2   256 4   260 16   268 4   270 16   273 2   274 2   276 8   286 16   299 6   300 16   310 2   312 4   319 16   325 8   335 1   339 2   343 2   349 4   358 4   360 4   367 16   378 9   382 4   385 24   430 16   435 4   437 1   448 4   449 8   452 24   465 8   466 1   483 4   485 16   491 8   492 8   502 1   507 16   509 2   523 8   533 4   536 1   537 3   540 2   541 16   543 1   563 4   600 16   604 1   607 2   619 16   628 1   635 4   656 4   666 16   679 8   688 1   703 4   714 16   729 4   733 16   763 8   765 1   768 8   773 24   774 2   776 8   779 9   783 12   789 1   796 5   802 16   811 1   819 4   823 2   824 8   825 2   829 1   830 4   839 1   851 16   854 3   862 1   864 16   868 12   872 2   881 4   885 8   895 16   904 2   908 16   914 8   917 2   923 16   930 4   939 4   943 2   948 16   
178  917     7 1   9 1   11 16   18 16   21 1   25 8   27 4   55 1   65 16   73 8   81 4   91 5   93 12   106 16   107 1   138 2   139 16   141 8   146 4   148 1   149 8   155 2   160 2   163 8   178 2   188 4   189 8   190 1   191 1   203 4   204 4   215 4   216 1   222 1   223 16   230 4   232 5   236 1   238 8   239 2   240 8   255 4   256 24   265 4   271 12   273 1   285 16   290 2   301 4   302 1   303 8   310 16   312 8   314 16   318 8   320 4   328 10   338 8   345 16   346 1   347 2   356 1   359 2   364 4   368 8   370 4   376 4   382 3   387 2   389 1   394 2   397 16   403 4   410 16   414 2   419 1   424 2   425 8   431 4   435 16   436 5   437 4   441 1   444 1   460 8   463 1   470 17   490 8   504 8   506 2   518 4   530 4   532 1   535 9   540 16   554 4   561 2   567 8   571 4   573 2   577 8   591 1   593 4   598 4   599 2   600 4   603 2   613 1   614 4   615 24   617 17   621 1   626 8   635 16   638 5   639 16   640 4   641 8   644 8   651 1   654 4   659 16   661 2   675 2   676 4   678 4   682 2   684 2   685 2   686 8   687 8   696 20   701 16   709 2   716 1   722 24   729 2   732 2   735 2   736 4   741 2   743 1   752 1   753 8   761 16   762 1   763 2   766 10   767 2   770 4   773 16   774 16   781 4   788 2   792 2   795 2   796 2   798 4   809 1   824 1   840 2   855 1   860 16   862 16   863 2   870 4   875 12   877 8   889 1   904 18   907 1   929 2   932 8   936 1   937 1   938 16   940 4   947 2   
174  902     4 8   7 2   9 16   17 2   22 16   39 8   51 16   56 2   65 16   66 8   69 4   82 8   88 4   89 2   91 16   106 2   109 8   111 4   112 1   118 24   130 1   137 2   154 2   162 16   173 2   174 4   189 12   206 8   212 2   213 8   225 1   226 2   227 10   231 1   235 2   236 4   237 1   238 8   240 4   241 16   244 8   245 16   250 8   255 8   258 1   261 2   263 2   276 8   288 4   290 1   294 4   295 2   298 2   323 8   325 8   328 8   329 2   333 4   337 2   339 2   366 4   376 16   382 8   383 1   395 1   417 1   420 4   427 8   428 12   431 4   436 16   444 4   451 2   453 9   456 2   459 4   460 1   464 2   472 16   477 16   481 20   485 8   486 8   489 16   491 16   494 8   497 4   499 4   500 16   501 8   504 1   505 4   511 1   512 2   513 4   516 8   521 1   522 1   536 16   541 1   543 4   550 2   557 4   558 1   559 16   560 8   563 2   568 2   574 8   577 2   578 20   582 1   608 6   613 2   614 2   615 4   627 8   631 8   637 1   638 2   648 4   649 16   674 2   683 16   687 16   689 2   692 8   694 2   700 8   702 16   703 4   709 1   715 8   728 1   731 2   739 2   752 4   754 4   759 1   760 16   769 4   771 1   780 1   784 2   796 8   802 1   806 2   821 1   822 1   829 4   830 1   833 1   850 1   854 1   863 8   865 1   867 1   875 9   877 4   884 16   885 4   888 8   890 4   897 1   916 1   920 8   928 2   934 1   936 8   945 11   951 16   952 1   954 8   955 8   
146  904     7 16   17 4   19 8   25 16   40 1   42 16   50 16   56 8   75 5   79 8   84 1   87 2   101 16   106 16   109 1   110 16   123 1   127 4   131 16   135 1   144 8   156 16   168 4   186 2   188 4   192 1   193 8   207 10   222 2   230 16   233 2   234 16   240 4   242 1   246 4   252 2   262 4   278 16   289 2   304 6   308 8   313 1   317 8   325 8   326 1   332 1   333 1   334 10   356 18   363 2   380 8   398 8   401 16   412 4   416 1   417 16   425 4   426 2   430 16   433 16   437 8   459 8   462 16   466 8   470 8   472 16   478 16   494 4   504 4   506 8   510 18   521 16   534 18   537 4   546 8   548 16   549 4   560 16   575 4   580 4   589 2   595 4   596 4   603 16   611 8   617 2   620 1   624 4   625 8   630 4   637 2   638 6   653 2   654 16   656 8   667 4   677 8   682 1   686 16   688 16   704 16   708 16   712 8   713 16   724 4   733 1   735 1   740 16   742 8   747 4   749 2   752 2   754 8   755 4   756 8   768 16   786 2   792 16   798 4   816 2   817 2   818 8   820 9   822 16   842 4   856 1   860 2   867 16   874 2   884 4   893 16   894 8   902 2   905 16   907 8   909 16   910 8   918 1   925 8   926 16   934 8   936 16   946 8   952 8   953 8   960 8   
147  922     8 4   27 4   30 2   40 4   50 1   73 2   75 16   79 8   82 1   83 2   84 24   86 16   91 24   95 16   110 2   124 16   127 2   140 4   145 1   147 4   161 16   165 16   177 8   180 16   181 16   184 8   191 4   192 24   197 4   199 2   204 1   205 2   210 16   217 16   230 4   238 16   253 1   256 16   259 8   261 16   263 1   271 16   274 8   288 8   300 4   302 16   303 8   304 8   317 4   332 8   335 4   350 1   355 4   360 16   372 1   374 8   384 1   386 1   394 4   410 1   413 16   424 4   430 16   440 16   441 8   443 16   447 4   450 16   460 8   468 8   477 1   478 4   488 2   493 4   512 16   520 16   524 6   532 2   536 1   539 4   549 8   554 8   570 8   582 1   584 2   594 1   602 16   609 2   610 16   611 16   613 16   618 8   620 8   627 8   642 16   644 1   666 4   670 16   671 10   672 8   680 8   698 4   701 2   715 4   724 2   729 2   735 8   740 16   743 2   757 16   764 1   765 22   784 12   787 8   790 8   805 1   808 18   820 4   825 2   827 2   833 2   841 4   842 16   853 8   859 2   870 8   872 4   875 1   880 16   882 16   883 1   898 4   899 17   905 4   914 16   917 4   920 4   921 8   922 1   924 4   926 4   932 8   937 1   938 4   950 1   955 1   956 4   
150  920     2 4   8 1   15 4   18 1   35 8   39 4   52 16   54 8   58 8   62 16   71 2   72 8   75 17   84 1   89 1   97 2   100 8   106 8   112 16   120 8   132 8   148 2   173 4   184 24   186 8   190 14   194 2   201 2   202 16   210 16   219 1   227 4   228 18   239 8   253 1   268 16   275 8   282 2   283 2   285 4   296 1   308 10   317 8   336 1   341 16   353 16   361 1   362 16   364 16   371 2   380 1   392 4   408 1   411 16   413 4   414 4   429 2   431 4   432 4   433 8   437 4   447 5   451 20   457 4   474 2   484 16   496 16   499 1   500 4   503 1   505 8   506 8   509 4   513 8   516 4   540 4   542 4   544 16   546 1   556 2   558 4   560 2   571 2   573 1   576 1   577 1   585 16   586 1   587 16   590 4   592 16   597 1   603 2   604 4   618 1   622 4   625 8   630 8   633 2   637 1   642 8   664 4   683 1   692 1   711 4   723 1   724 8   736 4   742 1   751 2   752 4   756 4   759 8   761 20   762 16   764 6   769 8   771 8   775 16   776 5   778 1   787 2   792 16   795 8   796 2   799 1   809 2   824 2   829 4   832 4   835 4   844 8   857 4   867 16   870 8   871 8   877 8   885 8   886 2   888 1   897 8   919 1   924 4   937 3   938 8   940 8   947 8   948 16   950 16   958 3   
129  906     9 4   16 4   20 1   27 4   38 16   46 10   49 16   53 16   56 2   71 2   74 2   80 8   94 2   107 1   111 1   121 4   124 4   125 2   134 4   136 8   151 3   154 16   157 8   162 16   173 1   177 1   207 1   212 16   217 16   228 4   232 2   233 4   239 1   242 2   258 16   259 8   269 4   275 4   287 4   298 8   299 9   309 19   317 16   339 4   340 4   348 2   366 8   374 1   381 4   384 1   387 8   394 2   402 8   403 24   408 8   411 8   430 24   440 2   442 8   449 4   467 8   477 4   497 2   498 8   500 4   508 4   509 4   513 16   520 8   522 2   523 16   527 8   538 8   543 1   547 2   550 2   554 8   567 1   570 1   574 8   580 8   582 2   590 18   600 2   617 16   619 4   622 4   633 8   635 16   645 2   647 1   655 4   660 16   661 8   675 8   685 12   686 1   688 16   690 1   699 4   702 16   708 16   713 1   721 1   724 2   728 4   733 16   747 2   748 1   757 2   769 4   772 5   774 16   776 16   780 16   786 8   829 1   832 8   833 1   842 10   845 8   863 4   867 1   877 4   886 2   890 16   901 2   920 2   939 2   
163  921     4 8   9 1   15 4   19 16   21 4   23 12   26 16   33 8   38 1   40 4   41 1   42 16   47 16   49 1   53 8   69 16   78 1   81 16   85 2   87 8   88 2   90 16   93 1   109 2   119 2   127 2   133 8   134 12   140 1   145 2   160 8   172 3   173 16   176 2   181 4   182 1   186 16   188 4   189 16   206 4   212 8   219 2   220 8   238 2   244 16   249 16   254 8   255 2   260 8   267 1   279 2   290 4   307 1   315 8   316 1   317 2   321 4   323 16   325 2   349 1   351 4   358 1   378 2   381 4   386 16   391 4   407 19   412 8   413 4   419 8   424 1   426 2   433 1   444 16   450 1   455 1   461 1   470 5   501 4   504 1   513 1   520 4   524 4   538 8   553 1   554 2   557 16   561 4   562 1   565 4   566 4   579 2   595 5   606 1   614 8   627 4   632 16   645 2   655 8   661 4   670 4   682 1   684 1   692 4   696 8   701 16   706 1   715 4   720 4   723 18   728 4   737 8   739 24   743 1   750 1   757 8   759 16   761 2   763 1   766 4   778 4   779 9   783 2   788 16   795 2   803 2   804 16   809 4   810 2   811 2   812 16   814 1   815 1   823 16   826 2   831 2   838 1   841 2   844 6   846 4   854 4   858 4   860 4   865 4   871 4   872 1   877 1   881 1   883 8   884 8   888 8   892 2   893 8   897 8   910 1   913 2   915 16   917 8   920 4   924 16   930 4   936 16   953 1   
162  911     0 16   1 8   23 4   34 16   38 1   39 4   45 6   46 4   51 16   55 16   62 2   69 1   76 4   77 1   78 4   86 16   89 8   93 4   95 1   104 2   105 1   108 16   112 4   115 3   116 1   120 4   121 1   128 8   129 2   137 16   167 16   175 16   178 4   181 4   186 1   192 16   202 8   203 4   215 4   217 16   218 8   224 2   229 2   244 20   253 3   264 8   267 4   277 12   279 8   284 8   285 16   292 8   294 8   307 10   315 8   323 9   326 2   329 16   337 2   347 1   353 4   358 8   360 16   366 8   368 5   369 16   370 4   374 4   379 8   380 4   382 2   383 16   388 4   397 4   398 16   401 16   407 16   413 1   414 1   419 1   422 1   424 4   435 4   437 2   438 8   455 16   462 8   463 1   465 10   476 8   479 16   480 1   489 16   500 8   501 17   502 16   507 16   516 4   534 8   538 2   546 1   561 1   562 16   579 16   583 4   587 20   593 8   594 1   596 8   603 8   609 1   617 8   620 4   635 16   641 8   649 2   650 8   653 2   666 8   682 4   685 4   687 2   692 8   698 2   699 2   709 4   712 8   717 4   735 4   739 4   745 4   765 8   770 1   778 8   800 8   807 16   809 8   813 8   817 2   819 1   822 16   827 2   830 8   840 8   853 1   862 16   873 16   880 16   881 2   886 8   900 1   912 2   917 2   919 8   921 2   931 16   934 2   935 8   942 8   947 1   948 4   949 16   
122  910     1 8   17 8   22 4   36 1   38 8   42 4   46 4   51 10   53 4   54 1   56 4   68 16   70 1   71 2   74 16   78 8   79 4   82 4   84 20   89 8   94 2   104 2   108 16   116 16   133 4   134 3   142 1   143 1   161 1   165 16   169 8   173 4   182 1   185 5   189 17   201 16   205 4   209 13   235 2   249 16   251 2   253 2   255 4   256 16   278 4   281 17   282 2   289 16   298 2   304 2   317 4   322 4   328 5   334 4   357 16   364 2   365 1   374 18   377 1   391 2   396 8   398 2   405 2   409 24   424 16   440 8   442 1   445 2   450 16   486 24   496 1   511 1   521 2   522 17   523 8   528 1   533 2   544 8   547 8   559 8   576 8   578 1   604 2   626 1   629 18   636 18   641 4   645 4   647 2   658 9   661 16   681 4   685 4   712 4   716 1   719 4   725 8   745 4   751 4   759 1   768 4   784 8   797 2   810 2   814 16   825 1   843 1   849 17   850 4   871 8   873 16   875 1   880 3   883 8   888 16   893 1   901 16   912 1   923 4   948 17   955 2   957 8   
200  923     2 2   4 8   5 1   6 8   8 8   12 1   20 8   25 2   26 1   34 16   45 4   50 4   51 8   53 16   55 8   66 8   69 1   71 4   72 17   73 24   77 1   79 1   84 8   85 2   92 2   95 24   99 16   104 4   121 8   130 8   131 12   132 16   135 1   137 16   141 2   146 16   149 9   150 1   152 16   157 16   169 16   179 8   180 2   181 8   182 16   187 16   192 16   193 2   198 4   202 12   208 2   212 8   215 16   216 18   217 1   222 1   224 8   225 4   230 4   236 16   237 8   242 4   243 8   246 4   262 2   263 4   276 2   277 28   292 2   296 4   301 8   309 1   316 16   325 1   326 4   327 16   330 1   331 2   333 2   334 1   338 4   339 8   345 8   357 2   361 8   375 1   376 16   377 8   387 8   388 16   404 24   411 1   423 1   426 24   438 12   458 8   461 1   466 2   468 1   472 1   473 1   477 4   482 8   484 1   485 2   487 2   489 8   497 2   498 1   502 8   507 1   510 4   512 16   518 8   521 4   524 1   532 16   538 8   550 5   552 16   564 16   568 1   578 1   582 16   584 8   602 4   610 2   612 8   616 2   648 2   652 2   664 8   665 2   666 8   670 16   673 2   674 2   679 4   683 3   689 2   691 16   697 16   700 1   702 1   709 4   712 8   723 16   726 1   727 4   728 4   733 10   735 1   748 4   751 16   761 16   762 16   765 1   768 1   774 1   788 1   794 16   796 16   797 16   798 17   800 18   801 1   805 8   808 2   820 16   823 2   829 1   834 1   840 2   848 4   853 4   856 2   859 8   866 1   868 4   871 8   875 16   877 4   882 2   883 2   884 8   888 9   893 16   894 16   895 1   906 8   907 6   917 1   922 4   928 16   930 2   932 4   938 16   947 4   948 1   951 4   
136  931     16 16   23 8   24 16   25 8   28 4   45 1   50 8   53 16   58 2   60 1   65 4   69 6   95 8   100 2   103 16   105 8   130 16   131 4   136 24   138 16   144 4   155 16   156 4   179 2   180 2   216 18   219 1   224 8   227 4   237 1   241 4   248 1   255 4   269 18   273 2   280 16   287 2   289 3   291 8   300 8   303 2   311 2   314 2   318 4   321 1   324 8   335 2   345 16   354 8   365 1   378 2   379 8   380 8   393 17   401 8   414 8   418 1   421 1   430 16   437 2   442 4   446 1   449 4   460 10   470 8   472 2   473 2   476 1   479 2   480 2   491 4   510 2   514 1   528 4   531 2   538 16   539 8   542 1   563 2   564 8   569 8   583 16   584 18   585 16   588 1   611 4   631 8   632 2   638 2   639 16   642 8   647 4   658 16   659 8   671 16   683 4   685 2   687 1   688 1   691 16   701 8   705 8   715 2   717 16   741 4   758 4   768 8   787 4   788 8   797 16   800 1   807 16   813 16   820 2   821 8   822 16   831 8   836 8   840 1   844 4   845 4   846 8   851 8   853 8   854 1   855 1   857 20   867 1   889 8   904 1   912 1   915 1   916 8   923 2   932 16   944 16   
125  900     3 2   9 1   43 8   52 2   53 1   57 8   61 4   63 4   83 8   90 4   98 16   99 4   102 4   118 2   123 8   124 1   130 2   144 12   152 16   169 2   172 16   177 16   179 4   188 4   196 2   197 16   203 1   209 16   215 12   221 2   229 4   239 8   258 16   274 17   282 8   292 2   295 4   296 2   300 16   302 1   311 2   316 1   323 8   335 8   358 2   359 2   369 2   371 2   375 20   378 1   391 4   397 2   398 4   400 1   428 4   435 8   439 8   441 4   464 2   467 8   482 18   493 1   497 8   503 16   509 2   521 4   523 4   525 4   526 16   547 8   551 1   560 1   563 16   565 24   567 16   594 1   602 16   606 2   612 16   620 16   627 8   630 4   649 4   659 1   666 2   668 8   680 20   687 1   690 2   692 8   696 2   725 4   734 4   735 18   736 4   740 16   756 1   763 16   774 1   780 2   792 2   800 8   804 1   805 8   812 16   817 16   819 2   832 20   847 2   849 1   855 2   857 16   866 16   868 2   887 4   894 2   909 1   918 4   920 12   924 2   929 1   938 1   941 1   952 8   957 4   
138  909     18 2   23 8   27 2   30 20   31 4   33 1   34 4   35 8   59 16   68 16   70 4   77 8   82 10   104 16   105 8   131 16   133 8   136 2   151 4   152 2   156 8   158 4   169 8   175 2   183 1   193 1   196 16   207 8   218 1   225 1   228 4   233 4   243 1   257 8   262 8   267 2   279 2   302 16   303 1   329 8   338 10   343 4   351 16   353 2   354 3   358 1   365 2   367 16   382 3   384 4   385 4   398 1   404 8   414 8   422 2   452 16   460 2   468 2   479 4   481 12   486 4   487 16   491 16   493 2   494 16   495 8   499 4   504 4   511 16   513 16   526 4   530 2   536 1   548 2   549 4   555 16   567 1   571 2   577 8   580 8   591 16   592 1   604 2   620 8   621 8   631 6   634 2   662 8   663 4   667 3   673 16   676 16   677 8   690 8   692 1   708 1   711 1   718 4   724 4   739 4   742 2   757 16   760 2   780 2   785 8   786 4   787 8   796 1   799 2   803 1   817 9   828 2   829 17   832 4   833 16   834 1   837 3   838 8   839 24   840 8   845 16   848 8   854 8   855 8   860 8   882 4   893 4   896 20   904 8   921 16   924 4   926 1   930 16   937 8   946 2   949 8   954 1   957 2   
145  905     2 5   14 16   16 16   31 5   37 1   40 4   42 6   61 16   63 2   64 8   76 1   81 2   82 4   94 1   104 10   113 2   123 2   124 8   128 2   129 8   137 2   143 8   155 16   158 1   162 4   168 2   172 18   181 2   192 8   197 8   202 4   203 16   209 4   216 4   217 1   237 1   241 1   243 4   245 2   263 4   265 16   268 8   279 8   280 1   281 4   283 16   284 1   286 1   288 8   298 16   300 8   309 2   323 1   336 16   340 6   343 8   350 20   353 8   358 20   373 1   401 16   416 5   426 1   428 1   442 8   452 2   454 4   457 8   462 3   464 8   479 1   483 1   499 16   507 2   509 16   514 9   518 4   532 4   535 20   547 1   555 8   556 1   568 1   571 4   581 16   585 1   595 9   597 3   607 16   614 4   632 2   634 24   636 1   642 8   645 16   654 4   656 1   657 8   685 2   686 16   699 1   702 4   704 4   707 1   709 10   728 16   749 1   754 1   755 17   758 8   761 16   763 4   764 4   769 2   772 2   774 4   775 2   780 2   781 4   783 1   786 4   787 16   793 8   804 16   807 4   808 16   811 8   819 1   822 12   837 1   838 1   853 2   862 8   864 2   870 1   882 4   890 6   895 2   918 16   924 16   930 4   938 16   946 6   948 2   958 16   
157  918     5 4   8 8   10 4   19 24   25 4   37 12   43 1   46 2   54 2   63 1   65 8   86 24   92 16   94 16   98 8   100 1   101 4   110 4   113 8   116 6   121 16   123 20   129 16   137 2   138 6   142 8   147 2   151 2   166 8   167 8   168 8   170 1   171 16   172 17   173 4   174 2   175 2   176 1   182 2   192 1   195 16   196 4   198 8   203 1   217 8   224 1   229 8   230 16   232 4   254 2   259 8   262 24   265 2   268 16   273 4   281 1   283 2   291 8   292 1   296 8   303 1   306 16   312 2   313 2   314 2   325 8   344 4   350 1   351 10   353 16   354 1   355 16   357 1   358 8   359 8   370 16   373 16   381 1   395 2   397 4   404 16   421 2   424 1   429 4   434 4   442 1   457 1   460 9   465 2   467 16   472 4   493 1   500 16   511 8   538 4   541 8   542 2   543 2   545 4   548 8   550 16   556 1   560 8   563 16   570 2   576 8   577 8   589 16   590 1   604 8   616 2   637 8   642 8   646 4   650 16   651 4   653 16   659 1   667 1   673 16   680 1   698 2   703 2   711 2   722 2   742 8   760 16   772 1   773 4   791 4   792 3   794 2   798 1   804 8   806 2   813 16   827 8   840 4   843 1   848 2   855 8   862 4   863 2   866 16   871 4   876 4   903 1   904 4   911 8   915 16   920 4   925 8   930 4   940 8   942 4   945 2   947 4   
121  899     2 1   3 16   17 16   27 6   36 8   48 4   67 4   69 3   74 4   83 1   85 16   91 8   94 5   96 18   104 16   121 4   132 8   138 12   139 1   149 1   156 16   167 2   170 4   180 2   195 8   199 8   234 2   243 1   261 16   280 16   292 2   294 16   297 8   313 16   323 4   329 2   331 4   332 4   334 2   335 6   371 4   379 16   386 2   397 2   399 18   400 6   405 5   416 16   417 8   423 1   437 8   452 1   478 3   481 8   482 16   491 2   502 16   514 4   527 2   539 4   546 1   548 2   549 20   550 1   553 16   561 8   562 4   587 2   592 8   601 17   606 16   609 2   619 4   622 2   624 2   626 2   632 2   633 1   634 4   635 4   641 16   652 8   657 1   664 8   674 17   681 1   689 1   693 16   698 8   711 16   721 4   723 2   727 4   732 2   738 2   739 8   745 8   751 2   756 8   758 1   785 8   799 1   807 2   820 2   826 16   848 8   858 8   869 2   872 1   875 1   883 2   888 8   895 16   896 16   900 2   908 1   924 16   926 16   932 2   949 8   956 1   
177  923     0 2   2 8   12 8   23 1   25 2   38 8   41 16   42 1   44 4   46 2   56 16   70 18   75 1   77 2   78 4   84 4   102 8   114 8   119 2   130 2   132 1   136 4   137 4   139 2   140 4   143 16   145 16   146 8   155 2   156 2   174 4   176 8   180 17   196 1   208 8   215 1   225 2   226 8   247 2   248 1   257 8   271 8   272 6   275 2   293 16   295 2   302 1   308 4   316 2   324 1   329 1   336 9   339 9   344 16   350 1   354 16   367 16   368 12   373 16   382 1   396 4   398 20   400 16   404 2   405 16   412 4   418 2   423 4   438 8   454 16   459 1   460 8   472 1   479 16   480 1   486 1   492 2   496 4   498 1   503 4   523 4   524 1   530 16   534 8   536 4   538 2   540 2   541 2   543 8   550 16   558 16   567 8   572 16   575 1   578 1   580 17   586 1   588 8   589 8   591 16   598 2   600 4   604 4   611 4   612 16   627 1   635 8   639 1   640 1   641 8   645 5   647 1   649 16   656 2   659 16   661 1   665 10   670 1   671 1   672 8   676 2   678 4   686 2   696 4   701 8   703 12   723 16   727 16   731 2   734 1   736 16   738 8   753 2   758 16   760 1   762 3   764 2   771 4   783 8   792 2   801 2   802 16   807 4   814 1   818 8   821 1   822 1   825 2   827 4   833 8   840 1   842 8   844 2   855 8   857 4   859 1   863 8   868 1   880 8   890 1   893 16   894 8   896 2   909 2   913 1   917 16   918 8   924 1   926 4   931 1   934 2   939 2   949 8   950 4   951 8   953 4   955 2   
168  917     4 8   14 16   17 2   21 1   25 10   26 16   30 8   34 2   45 4   46 8   53 2   57 16   68 16   73 2   76 1   86 4   89 2   96 2   98 2   104 16   114 16   129 2   138 2   150 3   156 2   157 1   164 1   172 8   176 4   177 8   180 1   186 8   189 3   191 8   196 2   197 11   200 16   217 1   218 6   221 12   222 16   236 4   238 1   249 16   256 2   258 2   267 1   268 4   297 1   299 4   302 1   304 12   318 16   328 8   330 9   335 16   342 2   348 10   351 16   358 2   367 8   370 16   380 1   389 8   393 8   394 8   414 8   416 1   426 1   435 4   437 1   441 17   442 8   445 8   447 5   449 1   451 8   468 1   471 2   480 4   487 4   490 2   494 1   500 4   503 2   507 2   515 12   517 1   519 4   524 2   531 4   539 8   547 8   550 1   553 2   559 8   564 8   569 1   578 2   589 8   590 2   593 1   615 4   624 12   637 16   643 16   651 16   657 3   661 4   668 1   670 1   673 1   682 19   689 1   698 20   711 4   712 1   713 8   714 8   724 4   727 12   728 8   731 10   732 4   733 1   741 10   744 4   749 1   750 1   751 4   764 4   767 16   768 3   783 4   789 4   792 16   793 5   795 2   799 1   803 8   806 8   809 8   817 1   819 16   822 1   825 4   833 4   835 4   839 4   852 2   856 2   862 1   869 16   871 1   874 20   875 1   876 8   885 4   893 1   894 24   916 2   925 1   926 1   927 16   947 16   952 1   954 18   960 4   
146  918     2 8   9 2   10 1   20 2   24 1   27 4   40 2   41 4   44 5   49 6   68 2   77 16   78 8   91 8   100 2   111 4   122 12   124 8   128 8   150 2   161 4   167 8   176 4   180 4   191 4   203 5   204 16   210 16   211 16   220 8   228 3   229 5   231 16   233 8   234 8   263 2   267 2   269 1   277 4   279 4   283 4   304 1   310 2   313 8   318 4   320 1   328 2   332 16   342 1   343 4   357 18   363 4   380 8   381 4   383 2   399 1   400 8   410 16   421 24   423 4   430 16   434 2   441 4   453 4   462 16   473 16   482 8   484 2   492 4   499 2   503 4   509 16   513 8   522 2   523 16   531 2   535 4   565 4   567 16   571 1   572 1   573 8   576 4   580 8   582 2   595 6   607 4   617 2   618 2   619 2   621 4   643 4   648 16   650 4   652 4   655 2   668 4   676 1   680 4   682 1   687 1   710 1   734 2   735 2   736 2   743 16   745 20   746 2   748 8   766 16   768 8   771 24   778 2   786 2   794 2   809 16   820 2   825 1   831 1   836 17   841 1   845 16   853 4   854 4   857 8   868 16   875 16   876 5   878 4   883 16   886 10   887 16   888 8   898 4   899 4   900 4   903 4   912 8   922 16   927 4   933 8   934 4   937 8   940 8   942 2   949 4   
182  933     0 9   2 1   10 8   14 4   22 4   24 2   25 16   34 4   40 8   47 4   63 16   70 4   72 4   76 6   77 2   84 2   86 16   96 4   97 16   120 1   123 8   127 4   131 4   132 16   139 2   140 1   144 2   146 6   147 16   148 4   157 1   177 4   178 2   179 5   181 4   184 2   189 1   197 2   198 1   204 1   205 8   207 2   217 4   219 4   232 2   249 1   268 1   273 4   285 2   286 8   306 4   309 20   315 16   318 8   319 16   320 16   339 1   344 3   349 8   354 2   356 1   358 16   359 4   360 9   367 8   368 1   372 4   373 18   377 8   383 1   389 16   390 4   392 16   398 16   404 1   420 4   424 16   434 8   436 16   442 1   449 8   454 8   469 2   476 4   477 4   480 1   481 16   491 1   494 4   500 8   502 16   508 16   510 10   512 8   516 1   517 8   519 8   522 6   525 8   533 2   534 8   538 12   542 8   546 8   558 8   570 8   575 1   578 1   585 2   591 1   594 2   603 16   619 16   621 2   624 8   627 8   629 1   630 1   631 4   635 16   641 8   647 1   654 4   656 16   657 16   658 2   660 16   662 6   670 6   671 4   677 4   680 1   684 10   685 2   690 4   700 1   713 1   714 8   715 2   721 24   728 16   752 2   754 2   760 16   767 8   773 16   779 8   782 16   790 1   797 26   804 16   818 16   820 2   822 16   824 24   829 4   839 4   840 16   841 2   845 1   852 8   864 2   867 17   868 16   872 4   873 4   879 4   882 4   884 8   885 16   887 16   894 18   897 16   905 16   907 2   908 4   912 1   939 6   947 16   948 16   949 4   957 8   
145  899     1 8   15 2   16 16   22 2   27 8   31 16   32 4   42 1   62 8   64 12   65 8   66 8   67 2   68 8   74 8   85 2   92 1   110 4   125 1   126 4   133 1   138 8   151 1   153 16   167 1   174 1   180 16   187 16   200 8   201 16   207 2   210 16   213 8   215 1   217 8   218 1   219 16   221 1   228 16   234 2   243 16   255 16   258 16   267 5   269 2   271 8   279 16   283 4   291 8   298 2   307 16   337 16   342 1   343 16   347 2   351 2   359 1   360 2   363 12   366 4   369 2   382 2   384 23   390 16   401 8   405 2   409 6   410 1   420 16   426 9   429 8   431 4   433 3   441 2   462 16   474 8   477 2   488 1   494 1   502 4   517 4   520 20   527 2   532 16   534 16   536 16   547 8   560 7   572 1   587 4   588 16   590 4   601 8   622 1   627 8   649 17   653 8   655 8   658 16   667 1   682 2   685 2   694 4   703 28   704 8   708 12   711 8   719 8   724 8   733 2   735 16   738 4   741 1   747 8   750 4   752 4   753 2   757 1   758 6   764 8   774 1   786 4   805 16   819 16   823 2   828 8   836 8   837 4   839 2   841 8   846 1   851 2   858 2   866 4   871 4   873 1   874 2   875 8   896 8   903 4   905 2   932 2   943 1   948 4   956 2   
100  895     6 2   16 4   23 1   32 8   47 1   50 1   61 4   65 2   77 1   90 20   98 1   124 8   133 4   149 4   155 1   161 16   171 12   173 1   183 2   189 6   197 2   205 2   214 4   229 6   230 16   263 2   273 1   278 1   292 8   299 2   302 8   310 4   313 8   321 1   360 8   367 16   374 16   375 4   383 8   411 5   423 2   442 8   446 1   447 2   451 2   459 1   462 8   479 16   489 8   510 2   520 2   521 12   540 1   542 8   543 8   551 8   556 1   583 4   592 17   594 5   596 8   599 8   600 1   624 8   634 1   638 4   668 4   679 3   680 1   688 2   693 4   705 4   712 9   715 1   723 8   725 9   730 2   741 2   766 8   767 8   790 9   835 8   845 1   847 1   848 16   867 8   869 4   874 4   895 8   907 8   909 16   910 16   915 10   927 16   929 16   931 6   942 9   948 4   955 6   960 20   
136  921     6 11   15 17   25 14   26 9   29 5   31 10   34 1   35 16   39 6   46 6   65 1   72 8   77 26   80 24   82 31   84 4   86 1   88 4   94 9   96 2   101 2   102 8   109 1   119 26   124 1   131 8   140 1   147 1   152 20   156 3   163 6   178 2   183 18   186 10   207 8   229 28   230 2   233 17   244 24   268 8   269 3   284 25   300 12   301 1   303 1   305 8   306 1   307 17   317 10   336 8   340 4   352 4   356 3   371 16   376 18   379 5   380 5   383 2   407 16   410 17   412 3   413 1   420 26   436 2   438 18   442 6   452 2   453 5   455 1   460 1   472 2   474 2   479 5   486 2   490 17   494 21   507 8   510 8   512 12   515 9   519 16   531 16   535 2   544 1   554 18   562 6   571 23   581 1   582 8   587 24   592 16   599 8   600 10   608 4   615 2   621 27   650 22   651 2   665 20   667 26   676 3   679 12   685 2   688 2   706 2   710 8   715 4   721 4   724 2   729 22   730 16   757 14   766 16   769 1   772 1   780 16   784 2   791 6   802 24   813 8   818 19   828 6   829 3   833 1   837 5   846 16   871 16   884 12   887 16   891 3   896 4   908 1   937 9   949 17   950 20   954 8   
178  937     7 8   15 2   16 1   19 4   24 2   28 1   31 2   36 2   39 8   44 16   56 1   57 2   61 8   62 1   63 16   72 4   77 1   82 4   91 16   95 8   97 4   107 8   115 19   120 8   125 16   142 8   145 2   150 4   151 16   156 4   168 16   173 2   175 4   176 6   183 4   185 16   186 16   190 8   199 4   203 2   204 1   205 12   215 2   217 4   220 1   225 1   226 3   232 3   237 18   241 4   244 5   249 1   257 1   258 8   259 8   264 2   267 4   281 1   285 16   292 16   294 16   299 2   300 4   305 1   310 2   317 8   321 10   324 9   328 4   330 16   335 4   344 8   358 1   363 16   370 4   372 2   376 8   377 4   378 4   383 3   390 16   392 2   412 4   419 4   425 16   430 16   438 2   439 16   451 2   463 4   464 8   469 2   476 1   477 4   480 17   482 4   483 1   489 2   491 2   492 1   494 4   517 16   522 4   525 2   530 1   534 4   536 8   542 16   549 8   559 8   561 8   565 8   571 4   572 2   574 16   580 2   592 8   595 4   598 4   604 16   614 4   618 2   623 8   627 1   628 16   633 8   644 2   646 8   647 2   652 2   658 8   661 8   663 3   669 1   676 16   680 2   684 8   695 2   700 2   715 1   724 2   727 8   733 4   736 20   738 2   745 1   747 4   755 16   762 16   766 8   774 8   779 24   781 10   790 4   791 16   793 1   794 5   795 4   819 1   821 1   826 1   833 1   842 4   851 16   876 16   885 16   887 4   890 2   897 16   905 12   929 2   930 1   931 2   936 20   944 1   946 3   950 8   960 2   
227  930     1 16   8 8   12 8   16 18   19 8   23 8   25 1   31 2   33 4   34 1   36 2   42 2   44 16   46 4   47 5   48 1   54 1   56 2   57 2   58 5   59 4   66 16   69 16   70 8   72 8   73 4   76 1   81 5   84 2   87 18   92 16   93 16   104 1   115 1   118 12   124 4   132 4   133 8   139 1   141 1   144 5   145 8   148 8   152 1   154 4   156 1   159 8   166 8   169 16   172 2   173 1   175 4   180 4   206 2   210 8   225 16   231 8   233 8   234 2   238 16   240 4   248 16   249 2   252 16   263 4   264 1   268 16   269 3   278 16   287 8   291 2   293 16   297 24   298 8   299 4   302 16   304 1   307 2   308 16   309 2   311 2   312 8   314 2   319 16   324 2   335 2   340 16   348 8   353 6   359 2   361 5   367 2   368 4   370 4   381 16   385 16   399 8   414 2   419 8   420 1   421 16   436 4   440 18   443 2   446 8   452 4   454 20   457 2   458 1   471 16   479 2   480 4   492 2   499 2   504 2   506 4   515 1   516 5   519 10   523 12   525 1   531 4   532 4   536 16   540 8   547 16   552 10   568 16   572 24   578 1   583 4   585 16   590 1   595 1   597 8   615 8   617 1   630 16   634 2   638 2   639 2   641 4   643 16   645 1   650 1   665 8   666 16   670 4   671 1   674 8   679 8   681 4   683 16   685 2   688 16   699 1   702 4   714 4   715 9   718 8   720 20   723 8   726 16   730 16   732 4   734 24   737 8   742 4   746 4   748 1   754 2   755 16   756 1   758 8   765 1   767 16   771 1   773 16   777 2   782 4   786 16   787 18   792 4   797 12   806 8   809 1   814 1   820 4   830 1   831 8   834 2   835 8   837 16   840 20   841 2   843 4   846 16   847 2   855 1   856 2   863 8   867 16   870 8   871 1   876 2   879 20   884 8   887 1   892 4   903 2   905 8   910 4   911 2   919 2   925 2   927 8   929 2   932 1   934 8   937 8   938 8   942 2   949 2   950 8   951 8   953 8   955 1   
143  892     2 6   8 16   12 16   19 16   24 16   50 16   52 4   53 2   59 6   61 2   70 1   82 8   83 2   85 8   96 3   108 1   113 4   114 1   115 4   116 2   120 9   129 8   135 4   138 4   140 4   149 3   158 1   163 16   164 4   177 1   178 2   180 2   185 9   213 4   220 3   221 1   231 8   235 8   257 8   259 4   266 2   271 4   274 16   275 16   283 4   284 16   289 16   297 8   299 16   302 4   304 16   313 8   322 8   332 1   334 2   343 4   349 16   353 8   354 4   359 2   364 4   368 1   381 5   384 8   394 16   396 1   416 4   418 2   429 16   443 18   449 1   450 16   457 2   461 3   470 4   473 8   476 1   481 16   482 16   490 16   497 8   521 1   526 1   531 4   544 16   555 2   563 16   564 20   567 16   569 2   573 2   576 4   578 1   590 1   592 16   604 16   606 2   629 8   632 1   643 4   653 4   672 8   679 4   681 8   694 8   697 4   698 16   703 1   711 4   713 16   721 2   740 2   742 1   763 1   776 5   781 10   792 2   807 1   814 8   818 16   823 16   844 10   847 20   852 8   853 4   856 4   862 2   876 2   893 16   896 1   911 16   913 5   916 4   917 2   919 1   922 4   925 4   929 8   931 1   940 2   948 2   950 16   960 2   
139  898     1 1   3 8   12 16   18 1   19 8   28 2   31 16   43 18   51 16   53 4   61 8   65 1   69 2   84 16   88 2   97 16   103 1   105 2   109 16   121 2   154 8   163 4   168 16   201 1   202 4   223 2   229 2   248 8   254 4   257 2   261 24   266 2   270 4   278 4   282 4   285 4   290 12   316 24   320 1   334 2   355 16   364 4   367 2   375 1   389 16   392 4   396 10   407 8   424 4   426 16   432 2   440 16   443 2   444 4   451 4   474 4   478 4   480 4   492 9   497 16   499 2   501 4   518 16   526 6   528 16   537 4   544 1   558 16   560 16   562 2   564 4   570 16   589 8   591 16   604 4   606 4   611 20   612 2   619 4   628 1   631 8   642 4   648 6   649 2   651 4   652 2   660 8   661 16   670 8   674 1   680 16   683 1   693 16   694 4   698 16   711 5   715 2   721 16   732 4   746 2   754 1   762 8   763 4   765 4   772 4   774 1   775 8   777 2   779 16   782 8   783 2   787 4   792 1   814 4   828 16   832 16   836 24   844 6   855 16   859 4   865 8   866 16   869 2   872 4   881 2   882 1   892 16   893 16   899 2   900 8   901 4   902 16   920 16   934 4   938 1   949 8   954 1   955 2   956 2   
182  932     13 2   15 4   17 16   33 1   38 9   41 2   43 4   44 8   51 8   52 8   56 16   68 1   69 10   75 1   78 4   90 1   91 4   92 8   97 16   98 16   99 1   114 1   125 16   132 8   144 16   147 4   159 16   162 4   163 4   165 4   169 1   170 16   176 1   178 8   181 6   189 1   205 2   208 2   210 4   217 16   218 1   226 16   232 2   238 2   239 9   256 12   261 1   269 1   270 2   280 1   281 4   283 4   287 16   295 16   299 2   300 17   314 8   323 2   331 1   334 2   339 8   341 2   343 16   344 8   348 2   352 2   353 3   360 4   372 16   373 8   375 4   377 2   394 18   397 8   398 2   405 8   408 3   415 2   419 1   424 16   426 18   430 8   434 1   435 4   441 4   453 2   454 1   466 16   473 2   482 2   495 1   509 8   514 8   519 16   533 8   537 4   544 1   545 1   549 1   554 2   556 8   560 4   562 4   563 2   567 4   574 4   576 2   577 4   582 1   585 2   591 16   592 4   595 2   597 16   601 16   613 2   616 2   619 1   622 16   628 8   630 1   632 2   634 2   638 8   653 8   658 4   659 8   660 4   672 2   692 16   693 8   702 8   709 16   711 8   712 2   714 2   735 8   737 16   740 8   744 4   750 5   752 4   756 2   758 16   766 1   767 8   777 1   784 1   785 16   787 4   798 12   802 1   808 16   813 12   814 4   817 2   818 8   820 1   822 2   826 16   834 24   843 16   845 2   850 3   858 16   862 4   875 16   876 8   877 1   897 4   903 4   906 16   908 8   909 8   914 4   915 8   922 2   935 8   937 8   938 2   946 1   953 1   
225  922     6 4   9 8   10 8   13 17   21 2   26 1   31 8   34 1   35 8   37 18   45 1   47 4   53 8   61 16   66 8   67 16   69 1   78 3   80 2   81 17   87 8   88 2   90 4   91 4   93 4   99 4   100 8   102 4   110 8   115 4   117 16   122 1   123 1   127 4   130 8   136 8   140 16   144 16   160 26   174 2   178 2   183 16   187 16   191 2   193 16   194 16   206 8   217 1   218 16   223 4   226 2   231 2   233 2   238 4   241 9   246 4   248 8   260 10   262 4   268 4   274 8   275 4   276 16   277 8   280 8   281 2   284 2   295 4   297 4   299 2   303 16   315 4   319 17   321 4   323 16   326 16   329 8   332 4   337 8   338 16   352 4   353 2   354 2   362 16   368 4   369 16   370 1   374 1   377 2   381 16   385 8   391 4   392 4   398 8   399 4   400 16   403 16   404 20   405 8   411 2   418 16   425 2   429 16   433 2   439 4   440 8   443 18   444 2   450 16   453 24   459 17   462 1   470 2   471 4   475 8   476 4   487 4   488 16   491 2   493 16   498 2   499 1   502 16   504 2   507 8   508 16   513 4   517 8   519 4   520 1   537 8   539 4   554 2   561 16   566 16   567 8   573 2   575 16   577 2   580 8   586 8   602 6   613 8   619 2   620 16   622 1   625 8   631 4   632 8   635 2   637 1   638 8   640 2   653 8   668 8   673 8   686 2   687 4   693 16   700 16   707 4   710 16   716 4   721 1   727 1   729 2   738 16   742 8   743 18   756 10   759 4   760 4   763 1   764 8   765 4   766 2   770 1   775 16   776 16   779 4   782 16   789 4   794 1   797 4   798 12   808 2   826 4   832 2   833 1   842 3   843 2   846 4   849 8   851 8   854 26   857 16   859 4   866 2   868 2   872 2   874 16   875 8   876 4   877 2   879 1   882 4   885 4   886 4   888 1   889 2   894 16   896 4   905 1   910 1   916 1   923 17   924 2   926 16   927 16   929 4   930 8   931 1   932 4   935 8   957 2   
The following result corresponding the SNR point : 4.25 dB.
129  915     0 8   1 16   10 2   19 8   28 4   46 16   49 2   55 8   62 8   85 2   90 2   91 8   99 4   118 8   129 1   137 1   143 16   163 4   165 16   188 16   198 1   209 1   216 4   231 1   236 8   254 8   255 16   258 16   259 4   261 4   265 1   267 1   284 2   291 2   298 16   303 2   305 2   307 16   308 2   329 18   333 1   344 2   348 1   360 8   369 16   370 2   371 2   373 2   376 2   377 8   381 1   387 1   401 8   405 1   408 16   411 4   422 2   426 4   427 2   430 8   432 8   451 2   452 16   456 1   466 2   478 4   486 4   491 16   493 8   500 8   501 8   509 8   513 16   523 4   528 4   537 1   541 16   542 1   575 2   576 8   584 16   588 4   608 16   613 24   618 8   621 1   622 1   627 10   634 16   638 5   653 8   662 6   663 16   675 4   678 1   682 16   691 16   698 1   709 1   717 8   740 4   774 8   776 4   783 1   789 4   797 9   802 1   823 4   829 16   861 16   871 2   873 8   882 4   886 20   890 4   892 8   906 4   909 12   910 16   919 3   920 3   923 4   927 1   928 16   930 2   939 4   940 4   952 16   958 16   
155  920     1 16   6 1   13 16   23 8   28 1   32 8   37 8   44 4   48 2   51 2   72 6   74 8   76 16   94 8   96 2   103 8   113 8   114 2   115 4   137 4   147 1   150 1   151 2   186 2   191 1   194 4   195 8   201 16   207 8   218 4   219 4   220 1   221 2   223 4   224 2   226 8   228 16   229 9   236 1   240 4   243 1   250 2   254 16   262 2   265 4   270 16   281 2   285 8   289 8   300 20   301 2   303 4   305 2   317 2   332 2   334 2   335 8   343 2   350 16   354 4   366 2   367 16   370 4   371 8   374 2   375 16   380 8   396 17   399 8   400 16   402 2   404 5   408 17   409 1   413 6   421 2   422 4   431 1   433 1   448 8   451 4   454 4   457 2   470 16   479 4   483 17   495 8   509 2   521 1   525 1   527 1   528 2   532 17   536 8   546 16   548 8   556 20   582 16   603 12   611 16   620 16   624 1   631 16   639 8   640 1   644 2   647 3   651 16   661 16   662 4   673 2   678 16   693 8   700 8   705 12   709 1   717 8   719 4   720 4   731 4   734 4   740 1   754 2   768 4   771 1   772 4   781 4   782 2   783 8   786 1   787 8   802 4   806 1   811 8   822 1   834 8   840 8   848 8   857 8   859 1   865 2   876 18   888 2   890 4   898 14   905 16   912 1   925 1   933 16   935 1   948 8   953 16   954 8   955 26   959 16   
174  929     1 2   7 1   8 16   14 2   15 8   32 8   41 1   43 4   51 2   52 4   53 16   54 16   61 1   66 2   72 16   77 4   92 8   97 16   98 8   102 8   105 8   113 4   116 8   122 2   126 2   131 1   133 16   136 8   138 4   139 1   145 2   146 4   148 16   159 16   160 1   165 16   168 2   186 8   187 2   188 4   190 1   197 1   203 4   209 8   215 2   232 1   243 16   249 16   251 2   258 1   265 16   276 16   279 8   283 1   285 1   290 8   291 8   296 4   302 2   303 2   305 4   306 2   322 4   325 2   327 4   332 1   339 8   341 4   345 1   346 6   349 4   357 2   362 2   376 4   377 16   382 2   383 16   388 2   391 4   398 1   400 16   401 8   410 1   412 2   414 2   419 4   424 16   430 8   446 16   455 1   463 4   465 4   466 4   477 16   480 8   481 4   482 16   505 1   513 2   518 2   522 1   525 8   529 2   539 4   547 8   557 1   563 8   566 4   572 20   582 2   584 17   586 9   587 1   597 4   601 4   617 2   626 1   627 2   633 4   634 1   635 8   656 24   657 20   659 8   667 6   668 6   669 8   670 16   676 8   681 2   682 16   685 1   692 1   701 5   702 8   716 8   730 2   747 10   748 8   752 8   760 8   767 8   770 1   781 8   791 2   793 8   795 4   799 4   801 6   802 1   810 2   812 8   821 1   824 8   826 1   827 16   831 1   848 2   852 2   857 8   858 1   872 1   873 2   876 1   884 2   900 1   905 1   923 4   932 1   938 8   942 2   946 2   948 16   956 4   
169  918     15 4   22 9   23 4   34 1   48 4   63 9   66 1   68 16   74 1   91 2   97 4   98 2   101 16   105 1   106 1   112 12   120 4   125 8   138 12   161 2   169 4   186 1   196 16   199 4   202 2   213 16   220 8   222 2   231 2   236 8   237 1   239 2   240 1   242 8   246 1   250 2   254 1   259 4   261 4   274 2   275 8   277 16   287 6   289 16   290 16   291 16   296 8   311 2   321 8   326 4   344 2   351 16   355 8   368 8   373 16   376 1   379 16   387 8   389 17   391 1   394 8   395 4   402 4   403 4   405 1   413 1   419 16   428 1   434 8   435 16   440 8   442 1   444 4   461 1   462 4   467 1   474 9   475 8   484 10   498 8   508 2   511 16   514 16   521 1   527 16   528 2   543 1   546 4   548 8   555 16   560 8   561 1   563 16   567 1   568 2   569 2   578 2   582 8   584 16   585 1   586 2   589 2   596 16   598 2   605 16   606 2   618 16   621 1   647 1   663 1   664 8   665 16   672 8   677 8   679 16   683 16   686 2   692 16   695 1   696 1   697 2   698 4   708 12   709 5   712 16   714 2   717 2   721 16   734 4   743 16   744 1   752 4   755 4   756 16   758 9   770 3   779 8   782 4   787 4   789 16   790 16   797 2   800 16   803 16   809 10   837 1   838 16   848 16   853 2   855 16   860 1   871 8   872 8   873 2   875 1   877 4   880 8   890 1   892 1   900 4   908 12   912 8   915 8   916 4   924 2   926 4   936 8   938 16   954 4   
168  923     0 1   8 8   10 1   18 4   25 1   29 8   32 8   33 8   34 4   38 2   58 8   62 2   66 8   70 8   71 2   77 8   78 4   84 9   92 10   111 8   114 2   119 8   121 16   123 2   131 8   133 1   134 1   139 24   143 8   148 8   150 8   152 1   154 8   160 8   163 4   177 1   180 16   182 16   198 1   203 1   206 1   217 16   218 16   226 2   229 16   230 2   240 16   244 16   247 4   249 16   262 8   274 16   282 4   291 1   308 2   312 2   320 3   341 4   342 10   346 16   348 1   358 1   363 8   368 2   369 1   376 8   377 4   391 8   403 16   404 4   409 4   411 1   416 8   429 8   431 1   434 2   447 8   450 1   459 16   469 8   482 2   498 2   517 2   522 4   529 1   534 16   541 8   543 2   544 16   547 24   552 4   565 8   566 2   574 4   575 4   580 1   581 8   585 16   592 1   597 4   603 16   613 4   617 16   618 8   619 16   622 8   625 8   627 2   630 4   632 2   635 2   653 1   655 8   658 2   667 4   671 8   675 1   683 4   684 1   686 16   688 2   699 16   701 18   702 2   708 2   714 8   718 16   722 4   730 1   739 4   755 4   756 16   758 4   759 4   770 16   774 16   777 1   780 16   791 18   793 4   802 2   803 2   807 8   818 2   821 2   822 4   829 2   837 4   839 8   850 8   851 18   857 6   876 2   880 1   881 1   887 4   899 16   912 2   914 2   916 2   926 2   933 8   939 4   945 16   951 16   953 2   957 1   960 1   
173  934     0 8   2 16   4 4   16 4   21 4   24 2   25 16   28 8   30 4   36 4   38 16   47 1   52 4   53 1   68 16   81 2   83 16   84 2   88 1   100 2   102 9   109 4   117 16   118 8   126 16   131 16   142 16   144 4   145 8   148 2   159 1   169 16   171 2   186 2   200 1   204 4   205 8   206 16   208 4   224 16   263 4   267 2   280 8   296 1   300 8   306 4   326 8   327 16   332 1   336 16   340 16   352 2   353 2   358 4   361 18   372 2   375 2   382 20   384 1   386 4   390 1   391 4   405 8   407 2   415 4   426 16   427 2   428 16   437 2   438 2   442 4   448 16   450 8   451 1   452 2   455 4   467 18   476 16   490 2   502 2   512 16   513 16   514 2   515 8   523 16   527 2   530 1   531 4   532 2   539 1   541 8   543 18   545 1   553 16   559 1   561 4   568 2   581 1   584 4   588 4   615 24   621 16   632 6   639 16   650 24   651 8   654 4   660 4   667 4   676 8   677 16   684 4   688 1   693 8   703 8   704 8   705 16   706 4   707 16   718 6   720 1   721 16   731 4   733 16   734 1   738 4   746 4   747 8   752 2   754 2   760 1   764 1   766 8   767 1   773 16   774 2   775 1   789 2   795 8   798 5   801 2   809 16   812 4   813 1   814 16   821 16   825 2   831 4   834 1   842 16   845 1   857 16   859 4   862 4   865 8   871 16   886 5   890 16   893 8   903 8   911 16   914 2   918 20   920 2   921 8   923 16   932 8   935 8   936 8   937 4   943 16   956 4   959 8   
150  923     3 3   6 16   15 2   24 8   26 2   28 9   31 1   33 2   36 8   46 8   68 1   74 16   82 5   89 16   98 8   107 1   117 3   118 8   120 4   127 8   137 4   149 4   152 1   157 12   166 4   170 2   172 4   179 2   183 2   193 1   203 1   214 24   232 2   239 2   244 4   248 16   250 1   252 2   264 16   269 4   278 4   282 2   290 8   294 16   298 1   300 2   304 6   311 4   313 2   315 2   324 4   334 16   344 2   349 2   361 4   369 18   376 5   386 1   390 16   395 16   397 1   398 16   399 16   402 1   403 4   407 2   408 4   412 8   413 4   414 1   421 17   430 16   452 8   468 16   471 2   477 8   486 16   488 16   490 8   495 8   496 8   505 16   508 1   511 2   531 1   548 16   553 4   555 5   557 2   567 8   572 1   583 2   587 16   592 2   604 8   610 2   614 8   616 8   617 16   623 16   628 2   629 2   639 4   640 16   656 4   663 8   667 1   673 1   678 1   683 2   695 6   700 8   704 16   713 1   717 1   719 4   737 16   743 8   754 2   762 8   764 8   769 8   775 8   783 1   794 1   796 16   802 4   803 2   805 1   809 2   818 1   826 18   833 4   836 16   841 2   855 8   865 16   884 1   887 16   888 16   889 8   907 2   913 16   923 2   938 2   940 4   949 8   951 8   953 8   959 8   
213  924     8 4   15 2   23 4   26 4   28 4   40 2   44 8   45 4   58 1   59 8   62 10   64 16   66 1   67 4   80 2   92 2   93 1   98 8   99 1   101 8   109 4   122 4   130 2   135 17   136 8   144 1   147 8   150 2   155 5   161 2   166 8   167 1   168 1   169 4   171 4   177 6   196 4   197 8   198 16   199 4   200 12   203 2   205 16   206 6   207 4   211 6   214 16   229 8   230 17   234 1   236 16   238 4   242 16   247 1   254 2   259 1   265 4   272 1   281 4   283 16   284 8   289 2   298 2   300 16   303 1   305 6   309 2   318 2   323 16   325 4   326 2   328 16   329 17   331 2   335 4   336 8   339 4   341 2   348 8   352 16   353 8   356 16   364 2   368 4   369 4   375 4   381 2   386 1   403 2   413 4   416 1   417 8   422 3   426 1   433 1   434 4   439 8   443 4   445 2   448 2   450 2   455 2   466 8   467 4   470 1   482 4   488 8   494 2   503 2   504 8   506 4   510 4   513 2   518 24   521 8   522 16   523 1   534 16   539 4   540 4   544 4   560 1   570 1   572 1   575 16   584 16   589 2   594 16   595 8   596 4   598 16   603 1   605 1   610 16   614 8   615 4   617 2   619 16   622 6   627 2   629 1   631 4   633 9   635 1   645 8   649 1   655 2   657 16   658 2   661 4   670 16   679 17   690 1   697 8   699 19   710 4   713 4   714 8   717 8   725 2   726 4   727 4   731 20   734 4   739 24   740 6   741 8   753 16   760 16   765 16   767 2   774 1   775 1   779 2   780 1   783 2   790 8   799 16   800 4   801 4   807 16   810 2   811 5   816 2   819 4   828 2   829 1   841 2   842 2   843 6   857 4   863 1   871 4   880 16   898 1   904 1   905 4   907 16   909 4   915 4   919 16   925 8   927 8   928 1   931 20   933 2   936 16   937 8   940 4   942 16   944 2   954 8   955 8   
155  913     3 1   8 2   10 8   14 1   44 8   46 1   57 16   58 16   67 16   86 4   93 16   94 2   101 8   105 16   107 16   113 8   123 16   135 8   140 16   141 16   142 9   144 2   156 16   158 17   169 8   173 8   179 16   196 4   197 8   199 3   201 4   206 2   214 1   217 1   218 16   222 8   224 2   234 16   235 4   236 2   244 10   246 16   262 2   264 12   268 2   270 16   273 4   274 4   276 8   307 8   308 4   312 1   333 8   334 2   336 9   339 16   341 4   346 8   360 16   365 1   367 16   375 16   383 4   388 1   390 4   391 2   397 16   407 2   416 2   420 2   422 1   431 2   433 16   434 8   435 16   451 4   453 16   457 8   472 16   473 4   476 16   480 2   486 16   497 16   504 16   510 20   520 8   523 1   528 24   533 1   552 8   558 2   559 4   566 4   569 2   584 2   590 8   592 8   593 24   598 16   607 8   621 9   630 1   634 1   638 9   639 1   640 2   651 8   663 2   670 2   676 1   682 1   683 8   689 16   704 8   717 8   722 1   725 2   727 8   728 16   740 1   741 8   753 1   758 16   781 2   784 1   787 1   789 16   798 8   799 16   803 2   808 16   822 4   831 16   837 2   838 1   846 8   847 16   854 4   858 5   873 16   879 16   883 3   885 2   899 8   900 4   903 4   910 16   917 8   919 16   923 2   924 16   940 2   943 4   944 4   
146  912     6 8   12 8   14 2   17 1   25 18   36 4   39 16   47 1   57 16   61 1   63 8   87 16   88 16   90 16   109 4   111 2   117 2   119 2   124 1   131 8   145 4   147 1   149 1   154 2   159 2   163 2   165 1   166 1   167 1   183 16   192 1   195 2   196 2   202 16   206 2   209 4   212 8   215 8   227 2   230 4   244 1   250 1   252 8   258 17   266 8   270 16   271 8   272 20   288 1   290 2   308 18   315 8   317 3   321 16   336 20   337 2   342 8   344 4   348 2   352 1   361 8   369 16   372 16   374 8   377 8   378 4   385 1   396 8   397 4   400 9   403 1   413 1   417 1   427 16   436 4   457 2   467 10   480 1   482 4   493 16   496 4   503 16   511 1   513 11   517 16   527 1   528 2   530 1   550 1   552 2   566 2   567 2   575 16   577 2   591 16   603 1   614 1   620 2   628 1   632 16   641 1   643 3   644 8   669 6   674 8   683 1   690 2   699 8   713 18   716 4   717 16   737 8   745 2   751 1   770 16   780 4   782 16   784 8   785 16   790 4   793 1   821 1   825 16   831 1   837 1   841 16   849 2   856 1   857 4   858 16   859 16   877 4   884 8   902 1   904 4   914 4   918 16   936 8   937 16   938 18   939 1   941 1   942 4   944 2   948 16   960 5   
132  907     1 2   5 8   6 16   12 6   54 8   81 8   87 1   98 8   101 1   115 2   117 2   123 4   127 4   130 6   135 2   142 8   160 4   169 20   177 16   192 2   210 8   217 4   221 16   228 8   234 2   241 4   252 4   254 16   256 17   259 4   290 16   295 4   296 16   297 12   306 8   308 16   318 4   327 5   337 1   355 4   365 2   366 4   372 1   384 4   389 2   391 8   402 16   407 16   408 2   410 16   414 1   416 4   417 16   418 8   433 2   439 4   441 16   450 1   458 4   467 2   468 1   472 2   475 2   481 16   487 1   488 2   492 24   501 2   505 1   515 8   520 1   522 16   527 1   536 1   542 2   543 8   549 24   553 8   559 20   566 16   571 16   573 16   588 2   589 2   597 1   598 8   605 2   614 1   620 8   624 16   635 8   642 4   647 2   650 8   656 1   657 16   667 4   669 2   696 2   699 16   729 4   731 6   748 4   754 1   758 16   761 8   765 4   770 8   774 8   783 1   796 1   797 8   802 4   805 1   822 10   825 1   832 1   833 2   839 8   843 8   849 8   879 2   882 8   900 2   905 2   926 4   927 2   929 2   937 8   949 2   954 2   960 8   
135  902     6 2   9 2   13 2   19 4   21 16   31 16   33 16   35 4   41 8   42 16   46 4   53 8   55 1   59 16   67 16   70 9   81 16   86 8   88 16   98 8   114 16   116 4   120 20   121 2   129 4   133 4   143 4   144 2   145 12   146 2   147 16   156 8   157 4   164 8   168 8   184 1   196 2   199 1   204 2   220 16   223 2   224 2   225 4   262 5   281 4   282 8   290 1   292 1   303 8   307 16   314 8   315 8   316 16   324 8   325 8   328 16   332 2   359 12   366 2   399 8   403 1   404 2   407 4   408 8   409 4   444 1   452 4   453 20   454 8   468 1   473 2   477 4   480 2   483 16   485 8   500 16   513 2   517 1   521 8   526 16   536 4   552 8   558 16   559 1   567 2   569 2   596 8   597 16   602 1   605 20   608 16   610 8   613 4   614 1   621 2   627 1   632 2   640 16   656 10   670 20   679 8   686 2   696 16   705 1   719 8   727 1   739 4   755 16   757 16   758 1   765 2   768 16   782 8   788 1   803 16   811 1   822 8   828 8   832 4   839 9   840 4   863 2   870 16   873 2   877 16   880 8   881 4   885 16   932 8   938 8   939 2   940 4   944 2   945 1   947 4   
